INDEX,YEAR,MN,DT,MAX,MIN,AW,RF,EVP,DRNRF(mnts),SSH,TS,N,FFF,D,TOCSQ,DU,RA,DZ,SN,SL,HA,TH,DS,FG,GA,T,G,DUR,T,G,DUR,T,G,DUR,T,G,DUR,
43295,2015,01,01,29.5,19.8,01,7.6,5.6,177,390,,,,,,,1,1,0,0,0,0,0,0,0,6,2,177,5,2,090,,,,,,
43295,2015,01,02,29.1,17.6,02,1.4,2.9,95,306,,,,,,,0,0,0,0,0,0,0,0,0,1,2,390,,,,,,,,,
43295,2015,01,03,29.2,18.7,02,0.0,3.6,0,366,,,,,,,0,0,0,0,0,0,0,0,0,2,3,150,1,2,215,,,,,,
43295,2015,01,04,28.3,19.0,02,0.0,4.1,0,378,,,,,,,0,0,0,0,0,0,0,0,0,2,3,130,1,2,290,,,,,,
43295,2015,01,05,28.8,18.4,02,0.0,5.2,0,474,,,,,,,0,0,0,0,0,0,0,0,0,1,2,260,,,,,,,,,
43295,2015,01,06,28.1,18.6,01,0.0,3.4,0,486,,,,,,,0,0,0,0,0,0,0,0,0,1,1,540,,,,,,,,,
43295,2015,01,07,27.0,17.4,01,0.0,4.5,0,330,,,,,,,0,0,0,0,0,0,0,0,0,2,2,060,1,2,270,,,,,,
43295,2015,01,08,28.6,17.6,01,0.0,4.2,0,414,,,,,,,0,0,0,0,0,0,0,0,0,2,3,160,1,1,330,,,,,,
43295,2015,01,09,27.6,17.6,01,0.0,5.2,0,210,,,,,,,0,0,0,0,0,0,0,1,0,4,3,070,2,3,080,1,2,125,,,
43295,2015,01,10,27.4,16.5,01,0.0,3.3,0,282,,,,,,,0,0,0,0,0,0,0,1,0,4,3,068,2,1,112,1,1,420,,,
43295,2015,01,11,28.3,12.7,01,0.0,2.5,0,528,,,,,,,0,0,0,0,0,0,0,0,0,1,3,240,,,,,,,,,
43295,2015,01,12,28.6,14.0,01,0.0,3.0,0,564,,,,,,,0,0,0,0,0,0,0,0,0,2,2,085,1,2,275,,,,,,
43295,2015,01,13,26.7,13.7,01,0.0,3.7,0,540,,,,,,,0,0,0,0,0,0,0,1,0,4,2,040,2,2,070,1,2,280,,,
43295,2015,01,14,27.1,13.7,01,0.0,3.3,0,534,,,,,,,0,0,0,0,0,0,0,1,0,4,3,100,2,2,060,1,2,180,,,
43295,2015,01,15,27.1,14.4,01,0.0,4.4,0,486,,,,,,,0,0,0,0,0,0,0,0,0,1,2,330,,,,,,,,,
43295,2015,01,16,27.1,15.7,01,0.0,4.1,0,528,,,,,,,0,0,0,0,0,0,0,0,0,2,2,090,1,2,240,,,,,,
43295,2015,01,17,28.3,17.3,02,0.0,5.4,0,510,,,,,,,0,0,0,0,0,0,0,0,0,1,1,555,,,,,,,,,
43295,2015,01,18,27.9,15.9,01,0.0,3.5,0,360,,,,,,,0,0,0,0,0,0,0,0,0,1,2,450,,,,,,,,,
43295,2015,01,19,28.2,15.4,02,0.0,3.9,0,420,,,,,,,0,0,0,0,0,0,0,0,0,1,2,300,,,,,,,,,
43295,2015,01,20,28.2,15.6,02,0.0,4.0,0,504,,,,,,,0,0,0,0,0,0,0,0,0,1,2,300,,,,,,,,,
43295,2015,01,21,27.4,15.5,02,0.0,4.5,0,432,,,,,,,0,0,0,0,0,0,0,0,0,1,2,505,,,,,,,,,
43295,2015,01,22,27.1,14.4,02,0.0,3.5,0,408,,,,,,,0,0,0,0,0,0,0,0,0,1,1,600,,,,,,,,,
43295,2015,01,23,29.2,17.3,02,0.0,6.5,0,522,,,,,,,0,0,0,0,0,0,0,0,0,1,2,240,,,,,,,,,
43295,2015,01,24,28.7,18.0,03,0.0,4.3,0,444,,,,,,,0,0,0,0,0,0,0,0,0,1,1,515,,,,,,,,,
43295,2015,01,25,26.1,18.0,02,0.0,4.7,0,234,,,,,,,0,0,0,0,0,0,0,0,0,1,2,370,,,,,,,,,
43295,2015,01,26,29.4,15.2,02,0.0,4.8,0,552,,,,,,,0,0,0,0,0,0,0,0,0,1,2,285,,,,,,,,,
43295,2015,01,27,28.4,15.2,02,0.0,4.9,0,540,,,,,,,0,0,0,0,0,0,0,0,0,1,2,285,,,,,,,,,
43295,2015,01,28,27.9,17.2,03,0.0,4.5,0,558,,,,,,,0,0,0,0,0,0,0,0,0,2,2,090,1,1,375,,,,,,
43295,2015,01,29,28.2,17.3,02,0.0,5.0,0,312,,,,,,,0,0,0,0,0,0,0,0,0,1,3,180,,,,,,,,,
43295,2015,01,30,28.4,18.0,01,0.0,5.5,50,336,,,,,,,0,1,0,0,0,0,0,0,0,5,3,050,2,3,075,1,1,390,,,
43295,2015,01,31,28.2,16.6,01,0.0,4.8,5,258,,,,,,,0,0,0,0,0,0,0,0,0,1,1,435,,,,,,,,,
43295,2015,02,01,30.2,16.2,02,0.0,5.0,0,558,,,,,,,0,0,0,0,0,0,0,0,0,1,1,525,,,,,,,,,
43295,2015,02,02,29.3,16.4,02,0.0,4.5,0,528,,,,,,,0,0,0,0,0,0,0,0,0,2,3,090,1,2,210,,,,,,
43295,2015,02,03,27.7,15.0,03,0.0,4.8,0,432,,,,,,,0,0,0,0,0,0,0,0,0,1,1,585,,,,,,,,,
43295,2015,02,04,28.6,15.0,02,0.0,5.5,0,558,,,,,,,0,0,0,0,0,0,0,0,0,2,3,055,1,1,520,,,,,,
43295,2015,02,05,28.4,16.2,02,0.0,3.7,0,491,,,,,,,0,0,0,0,0,0,0,0,0,1,1,450,,,,,,,,,
43295,2015,02,06,29.4,15.9,02,0.0,5.6,0,491,,,,,,,0,0,0,0,0,0,0,0,0,1,2,315,,,,,,,,,
43295,2015,02,07,30.2,16.3,02,0.0,5.6,0,576,,,,,,,0,0,0,0,0,0,0,0,0,1,2,350,,,,,,,,,
43295,2015,02,08,30.2,15.7,02,0.0,5.4,0,528,,,,,,,0,0,0,0,0,0,0,0,0,1,2,340,,,,,,,,,
43295,2015,02,09,30.6,15.5,02,0.0,5.4,0,552,,,,,,,0,0,0,0,0,0,0,0,0,2,2,105,1,2,225,,,,,,
43295,2015,02,10,30.1,14.4,02,0.0,4.8,0,540,,,,,,,0,0,0,0,0,0,0,0,0,1,2,320,,,,,,,,,
43295,2015,02,11,28.7,15.8,01,0.0,5.2,0,534,,,,,,,0,0,0,0,0,0,0,0,0,1,2,270,,,,,,,,,
43295,2015,02,12,30.6,18.2,02,0.0,5.5,0,564,,,,,,,0,0,0,0,0,0,0,0,0,1,2,210,,,,,,,,,
43295,2015,02,13,31.1,17.7,02,0.0,5.9,0,516,,,,,,,0,0,0,0,0,0,0,0,0,2,3,050,1,2,240,,,,,,
43295,2015,02,14,32.0,17.9,01,0.0,5.5,0,486,,,,,,,0,0,0,0,0,0,0,0,0,,,,,,,,,,,,
43295,2015,02,15,32.7,16.5,01,0.0,6.2,0,540,,,,,,,0,0,0,0,0,0,0,0,0,1,2,270,,,,,,,,,
43295,2015,02,16,33.0,17.4,01,0.0,5.0,0,564,,,,,,,0,0,0,0,0,0,0,0,0,1,2,210,,,,,,,,,
43295,2015,02,17,32.6,16.7,02,0.0,5.2,0,546,,,,,,,0,0,0,0,0,0,0,0,0,1,2,220,,,,,,,,,
43295,2015,02,18,32.4,17.0,01,0.0,6.0,0,570,,,,,,,0,0,0,0,0,0,0,0,0,1,3,195,,,,,,,,,
43295,2015,02,19,33.1,18.6,02,0.0,6.2,0,558,,,,,,,0,0,0,0,0,0,0,0,0,1,3,150,,,,,,,,,
43295,2015,02,20,32.1,16.9,02,0.0,6.0,0,491,,,,,,,0,0,0,0,0,0,0,0,0,,,,,,,,,,,,
43295,2015,02,21,31.7,17.3,02,0.0,6.0,0,546,,,,,,,0,0,0,0,0,0,0,0,0,,,,,,,,,,,,
43295,2015,02,22,31.0,17.1,02,0.0,5.5,0,546,,,,,,,0,0,0,0,0,0,0,0,0,,,,,,,,,,,,
43295,2015,02,23,31.2,16.1,02,0.0,5.7,0,546,,,,,,,0,0,0,0,0,0,0,0,0,,,,,,,,,,,,
43295,2015,02,24,30.9,15.8,02,0.0,5.5,0,570,,,,,,,0,0,0,0,0,0,0,0,0,,,,,,,,,,,,
43295,2015,02,25,31.6,17.0,02,0.0,5.2,0,606,,,,,,,0,0,0,0,0,0,0,0,0,,,,,,,,,,,,
43295,2015,02,26,32.4,17.2,01,0.0,6.0,0,504,,,,,,,0,0,0,0,0,0,0,0,0,,,,,,,,,,,,
43295,2015,02,27,33.5,20.1,03,0.0,6.2,0,522,,,,,,,0,0,0,0,0,0,0,0,0,,,,,,,,,,,,
43295,2015,02,28,33.6,21.4,03,0.0,6.0,0,491,,,,,,,1,1,0,0,0,1,0,0,0,9,7,055,6,7,055,5,6,095,0,7,180
43295,2015,03,01,32.4,20.8,04,1.0,4.8,120,306,,,,,,,1,1,0,0,0,0,0,0,0,,,,,,,,,,,,
43295,2015,03,02,32.6,21.4,03,0.1,5.9,70,324,,,,,,,0,0,0,0,0,0,0,0,0,0,7,310,,,,,,,,,
43295,2015,03,03,32.4,19.9,02,22.2,6.3,238,312,,,,,,,1,1,0,0,0,1,0,0,0,9,3,020,6,3,220,5,2,178,0,8,015
43295,2015,03,04,28.4,19.9,01,13.8,3.6,40,72,,,,,,,1,1,0,0,0,0,0,0,0,6,1,025,5,1,020,0,6,220,,,
43295,2015,03,05,31.7,20.2,02,0.0,5.8,0,354,,,,,,,0,0,0,0,0,0,0,0,0,,,,,,,,,,,,
43295,2015,03,06,32.2,21.4,03,0.0,6.8,0,540,,,,,,,1,0,0,0,0,1,0,0,0,9,5,012,6,5,010,0,7,130,,,
43295,2015,03,07,31.2,20.6,03,0.6,5.8,10,288,,,,,,,0,0,0,0,0,0,0,0,0,,,,,,,,,,,,
43295,2015,03,08,31.4,20.1,03,0.0,5.0,0,438,,,,,,,0,0,0,0,0,0,0,0,0,,,,,,,,,,,,
43295,2015,03,09,31.5,19.6,03,0.0,5.5,0,420,,,,,,,0,0,0,0,0,0,0,0,0,,,,,,,,,,,,
43295,2015,03,10,30.8,19.5,02,0.0,5.9,0,480,,,,,,,0,0,0,0,0,0,0,0,0,,,,,,,,,,,,
43295,2015,03,11,31.7,16.7,02,0.0,5.8,0,534,,,,,,,0,0,0,0,0,0,0,0,0,1,3,195,,,,,,,,,
43295,2015,03,12,30.8,18.6,02,0.0,6.0,0,491,,,,,,,0,0,0,0,0,0,0,0,0,,,,,,,,,,,,
43295,2015,03,13,30.2,18.6,02,0.0,6.0,0,510,,,,,,,0,0,0,0,0,0,0,0,0,1,2,210,,,,,,,,,
43295,2015,03,14,31.2,18.4,03,0.0,6.7,0,528,,,,,,,0,0,0,0,0,0,0,0,0,1,2,075,,,,,,,,,
43295,2015,03,15,32.7,20.4,03,0.0,6.2,0,516,,,,,,,0,0,0,0,0,0,0,0,0,,,,,,,,,,,,
43295,2015,03,16,32.1,19.9,03,0.0,7.0,0,462,,,,,,,0,0,0,0,0,0,0,0,0,,,,,,,,,,,,
43295,2015,03,17,32.5,18.7,02,0.0,6.2,0,498,,,,,,,0,0,0,0,0,0,0,0,0,,,,,,,,,,,,
43295,2015,03,18,33.4,18.5,02,0.0,6.5,0,528,,,,,,,0,0,0,0,0,0,0,0,0,,,,,,,,,,,,
43295,2015,03,19,35.1,19.7,01,0.0,6.3,0,510,,,,,,,0,0,0,0,0,0,0,0,0,,,,,,,,,,,,
43295,2015,03,20,34.0,19.5,02,0.0,5.0,0,480,,,,,,,0,0,0,0,0,0,0,0,0,,,,,,,,,,,,
43295,2015,03,21,34.7,19.6,01,0.0,6.7,0,534,,,,,,,0,0,0,0,0,0,0,0,0,,,,,,,,,,,,
43295,2015,03,22,34.4,19.3,01,0.0,6.2,0,558,,,,,,,0,0,0,0,0,0,0,0,0,,,,,,,,,,,,
43295,2015,03,23,35.8,22.4,02,0.0,6.7,0,528,,,,,,,0,0,0,0,0,0,0,0,0,1,2,240,,,,,,,,,
43295,2015,03,24,35.3,23.0,02,0.0,6.5,0,408,,,,,,,0,0,0,0,0,0,0,0,0,1,3,225,,,,,,,,,
43295,2015,03,25,35.8,22.3,02,0.0,5.4,0,432,,,,,,,0,0,0,0,0,0,0,0,0,1,3,225,,,,,,,,,
43295,2015,03,26,34.5,21.0,02,0.0,6.3,0,438,,,,,,,0,0,0,0,0,0,0,0,0,1,3,225,,,,,,,,,
43295,2015,03,27,33.8,19.9,03,0.0,6.2,0,486,,,,,,,0,0,0,0,0,0,0,0,0,1,3,258,,,,,,,,,
43295,2015,03,28,34.5,20.1,02,0.0,7.0,0,450,,,,,,,0,0,0,0,0,0,0,0,0,,,,,,,,,,,,
43295,2015,03,29,33.9,20.2,02,0.0,6.5,0,510,,,,,,,0,0,0,0,0,0,0,0,0,,,,,,,,,,,,
43295,2015,03,30,34.6,21.3,03,0.0,6.5,0,474,,,,,,,0,0,0,0,0,0,0,0,0,,,,,,,,,,,,
43295,2015,03,31,33.8,22.3,02,0.0,6.7,0,480,,,,,,,1,1,0,0,0,0,0,0,0,6,8,045,5,7,080,1,3,180,,,
43295,2015,04,01,33.0,21.6,02,1.2,5.7,20,258,,,,,,,0,0,0,0,0,0,0,0,0,,,,,,,,,,,,
43295,2015,04,02,33.4,22.4,03,0.0,6.8,0,336,,,,,,,0,0,0,0,0,0,0,0,0,,,,,,,,,,,,
43295,2015,04,03,35.1,22.8,04,0.0,7.5,0,438,,,,,,,0,1,0,0,0,0,0,0,0,5,7,003,0,7,250,,,,,,
43295,2015,04,04,34.8,23.0,03,0.0,6.5,0,366,,,,,,,0,0,0,0,0,0,0,0,0,,,,,,,,,,,,
43295,2015,04,05,36.1,25.4,02,0.0,7.0,0,360,,,,,,,0,1,0,0,0,0,0,0,0,5,7,002,0,7,150,,,,,,
43295,2015,04,06,36.5,24.8,03,0.0,7.2,2,450,,,,,,,0,0,0,0,0,0,0,0,0,,,,,,,,,,,,
43295,2015,04,07,35.4,22.7,04,0.0,6.0,0,414,,,,,,,0,0,0,0,0,0,0,0,0,,,,,,,,,,,,
43295,2015,04,08,35.5,24.1,03,0.0,8.0,0,378,,,,,,,0,0,0,0,0,0,0,0,0,,,,,,,,,,,,
43295,2015,04,09,34.3,23.0,03,0.0,7.0,0,348,,,,,,,0,0,0,0,0,0,0,0,0,,,,,,,,,,,,
43295,2015,04,10,35.0,23.9,03,0.0,7.0,0,516,,,,,,,0,0,0,0,0,0,0,0,0,,,,,,,,,,,,
43295,2015,04,11,35.0,23.2,03,0.0,6.5,0,462,,,,,,,0,1,0,0,0,1,0,0,0,9,7,170,6,8,050,0,6,210,,,
43295,2015,04,12,34.4,20.3,02,32.0,6.0,250,234,,,,,,,1,1,0,0,0,0,0,0,0,6,5,085,5,4,313,0,7,170,,,
43295,2015,04,13,29.0,19.2,03,5.6,3.0,175,156,,,,,,,1,1,0,0,0,1,0,0,0,9,6,125,6,6,110,5,6,010,0,6,190
43295,2015,04,14,28.3,18.1,02,11.6,4.4,120,192,,,,,,,1,0,0,0,0,1,0,0,0,9,7,045,6,7,055,0,7,300,,,
43295,2015,04,15,30.5,19.9,02,8.6,4.1,65,384,,,,,,,1,0,0,0,0,0,0,0,0,6,7,095,0,1,425,,,,,,
43295,2015,04,16,29.3,18.8,01,19.0,3.5,80,348,,,,,,,1,1,0,0,0,0,0,0,0,6,1,109,5,1,075,1,2,110,0,8,060
43295,2015,04,17,30.5,19.3,02,4.4,4.8,165,414,,,,,,,1,1,0,0,0,1,0,0,0,9,1,038,6,1,069,5,1,149,0,1,530
43295,2015,04,18,30.5,19.9,02,8.2,4.3,50,462,,,,,,,0,0,0,0,0,0,0,0,0,0,7,120,,,,,,,,,
43295,2015,04,19,31.3,21.4,01,0.0,6.0,0,540,,,,,,,0,0,0,0,0,0,0,0,0,,,,,,,,,,,,
43295,2015,04,20,32.3,20.2,02,0.0,5.8,0,600,,,,,,,0,0,0,0,0,0,0,0,0,,,,,,,,,,,,
43295,2015,04,21,31.7,21.7,02,0.0,5.7,0,245,,,,,,,0,0,0,0,0,1,0,0,0,9,6,038,0,7,285,,,,,,
43295,2015,04,22,32.3,22.9,03,0.0,6.2,0,522,,,,,,,0,1,0,0,0,1,0,0,0,9,7,040,5,7,252,0,7,215,,,
43295,2015,04,23,33.5,23.1,03,0.0,6.3,0,390,,,,,,,1,0,0,0,0,0,1,0,0,9,7,087,6,7,104,0,6,320,,,
43295,2015,04,24,31.9,18.6,03,53.4,5.3,70,228,,,,,,,1,1,0,0,0,0,0,0,0,6,8,065,5,8,015,0,8,105,,,
43295,2015,04,25,33.4,19.9,02,35.6,4.7,60,474,01,1,033,4,,,1,1,0,0,0,1,0,0,0,9,6,095,6,6,230,5,1,015,0,1,425
43295,2015,04,26,31.3,19.2,02,35.9,6.9,230,396,,,,,,,1,0,0,0,0,1,0,0,0,9,6,020,6,6,095,,,,,,
43295,2015,04,27,30.8,20.8,01,5.0,5.3,40,468,,,,,,,0,0,0,0,0,0,0,0,0,,,,,,,,,,,,
43295,2015,04,28,31.1,22.4,03,0.0,5.6,0,522,,,,,,,1,0,0,0,0,1,0,0,0,9,6,020,6,6,033,,,,,,
43295,2015,04,29,32.6,22.6,03,0.0,6.8,0,372,,,,,,,1,1,0,0,0,1,0,0,0,9,5,218,6,5,120,5,8,010,0,5,498
43295,2015,04,30,33.0,20.4,03,6.0,5.1,125,360,,,,,,,1,1,0,0,0,1,0,0,0,9,6,349,6,1,354,5,1,090,0,1,597
43295,2015,05,01,33.4,20.1,03,9.7,5.7,215,438,,,,,,,0,0,0,0,0,0,0,0,0,0,7,180,,,,,,,,,
43295,2015,05,02,33.8,22.1,03,0.0,5.7,0,552,,,,,,,1,1,0,0,0,1,0,0,0,9,6,195,6,6,210,5,8,039,0,6,405
43295,2015,05,03,33.3,20.0,04,12.1,3.3,100,450,,,,,,,0,1,0,0,0,0,0,0,0,5,1,010,,,,,,,,,
43295,2015,05,04,32.0,22.5,02,0.0,5.8,0,456,,,,,,,0,1,0,0,0,0,0,0,0,5,5,003,0,7,085,,,,,,
43295,2015,05,05,31.1,22.1,02,0.0,6.0,3,294,,,,,,,0,0,0,0,0,0,0,0,0,,,,,,,,,,,,
43295,2015,05,06,31.5,22.7,02,0.0,5.7,0,438,,,,,,,0,0,0,0,0,0,0,0,0,0,7,270,,,,,,,,,
43295,2015,05,07,30.7,22.2,02,0.0,6.8,0,0,,,,,,,0,0,0,0,0,0,0,0,0,0,7,240,,,,,,,,,
43295,2015,05,08,31.7,22.2,03,0.0,5.2,0,306,,,,,,,0,0,0,0,0,0,0,0,0,0,7,265,,,,,,,,,
43295,2015,05,09,33.4,22.3,03,0.0,6.5,0,510,,,,,,,0,0,0,0,0,0,0,0,0,,,,,,,,,,,,
43295,2015,05,10,33.1,23.7,03,0.0,6.5,0,234,,,,,,,0,0,0,0,0,0,0,0,0,,,,,,,,,,,,
43295,2015,05,11,31.2,23.5,02,0.0,5.0,5,78,,,,,,,0,1,0,0,0,0,0,0,0,5,3,075,0,7,190,,,,,,
43295,2015,05,12,31.5,22.2,03,0.0,6.3,5,48,,,,,,,1,1,0,0,0,0,0,0,0,6,6,100,5,4,193,0,7,250,,,
43295,2015,05,13,32.0,21.9,01,2.6,4.6,195,138,,,,,,,0,1,0,0,0,0,0,0,0,5,2,098,,,,,,,,,
43295,2015,05,14,28.5,21.6,01,0.2,5.0,8,12,,,,,,,0,1,0,0,0,0,0,0,0,5,3,040,,,,,,,,,
43295,2015,05,15,29.6,22.2,02,0.0,6.0,0,114,,,,,,,1,1,0,0,0,0,0,0,0,6,6,058,5,6,005,,,,,,
43295,2015,05,16,31.2,22.5,02,0.6,5.1,30,252,,,,,,,1,1,0,0,0,1,0,0,0,9,5,420,6,5,510,5,8,110,0,7,245
43295,2015,05,17,30.1,20.3,02,66.4,4.4,490,120,,,,,,,1,1,0,0,0,1,0,0,0,9,7,080,6,6,160,5,7,030,0,6,350
43295,2015,05,18,29.6,19.7,04,15.8,5.8,145,264,,,,,,,1,1,0,0,0,1,0,0,0,0,7,225,,,,,,,,,
43295,2015,05,19,31.2,21.4,02,0.0,6.0,0,342,,,,,,,1,1,0,0,0,1,0,0,0,9,6,268,6,6,247,5,7,030,0,6,360
43295,2015,05,20,32.0,19.1,04,39.2,4.7,224,534,,,,,,,1,1,0,0,0,0,0,0,0,6,1,010,5,1,005,0,1,020,,,
43295,2015,05,21,33.0,22.5,06,0.0,6.0,0,491,,,,,,,0,0,0,0,0,0,0,0,0,,,,,,,,,,,,
43295,2015,05,22,32.8,22.8,07,0.0,6.0,0,480,,,,,,,0,0,0,0,0,0,0,0,0,,,,,,,,,,,,
43295,2015,05,23,32.0,22.5,07,0.0,6.1,0,312,,,,,,,0,0,0,0,0,0,0,0,0,0,7,095,,,,,,,,,
43295,2015,05,24,31.1,22.5,06,0.0,5.9,0,150,,,,,,,0,0,0,0,0,0,0,0,0,,,,,,,,,,,,
43295,2015,05,25,33.3,22.3,06,0.0,6.4,0,486,,,,,,,0,0,0,0,0,0,0,0,0,,,,,,,,,,,,
43295,2015,05,26,33.0,22.3,06,0.0,6.0,0,474,,,,,,,0,0,0,0,0,0,0,0,0,,,,,,,,,,,,
43295,2015,05,27,32.2,22.9,06,0.0,7.0,0,270,,,,,,,1,0,0,0,0,1,0,0,0,9,5,085,6,5,025,0,7,300,,,
43295,2015,05,28,29.8,19.0,05,13.2,4.7,142,114,,,,,,,1,1,0,0,0,1,0,0,0,9,1,215,6,1,165,5,1,055,0,1,180
43295,2015,05,29,28.2,21.2,03,0.6,5.4,10,54,,,,,,,1,0,0,0,0,1,0,0,0,9,6,168,6,6,130,0,7,300,,,
43295,2015,05,30,32.4,19.5,05,18.0,7.0,128,426,,,,,,,0,0,0,0,0,0,0,0,0,0,1,010,,,,,,,,,
43295,2015,06,01,32.5,19.3,05,24.2,,245,426,,,,,,,0,0,0,0,0,0,0,0,0,,,,,,,,,,,,
43295,2015,06,02,31.0,20.7,04,0.0,,0,96,,,,,,,0,0,0,0,0,0,0,0,0,,,,,,,,,,,,
43295,2015,06,03,28.6,21.2,03,0.2,,5,78,,,,,,,0,0,0,0,0,0,0,0,0,,,,,,,,,,,,
43295,2015,06,04,30.5,21.1,03,4.6,,25,282,,,,,,,0,0,0,0,0,0,0,0,0,,,,,,,,,,,,
43295,2015,06,05,29.4,20.2,02,7.0,,70,156,,,,,,,0,0,0,0,0,0,0,0,0,,,,,,,,,,,,
43295,2015,06,06,30.6,20.6,04,0.0,,0,318,,,,,,,0,0,0,0,0,0,0,0,0,,,,,,,,,,,,
43295,2015,06,07,32.0,21.6,05,0.0,,0,348,,,,,,,0,0,0,0,0,0,0,0,0,,,,,,,,,,,,
43295,2015,06,08,31.2,21.3,07,0.0,,0,558,,,,,,,0,0,0,0,0,0,0,0,0,,,,,,,,,,,,
43295,2015,06,09,31.2,21.2,06,0.6,,10,462,,,,,,,0,0,0,0,0,0,0,0,0,,,,,,,,,,,,
43295,2015,06,10,30.7,21.1,06,3.7,,45,390,,,,,,,0,0,0,0,0,0,0,0,0,,,,,,,,,,,,
43295,2015,06,11,32.0,21.2,05,6.8,,135,378,,,,,,,0,0,0,0,0,0,0,0,0,,,,,,,,,,,,
43295,2015,06,12,31.4,20.8,06,1.0,,15,384,,,,,,,0,0,0,0,0,0,0,0,0,,,,,,,,,,,,
43295,2015,06,13,28.9,20.5,05,0.4,,8,12,,,,,,,0,0,0,0,0,0,0,0,0,,,,,,,,,,,,
43295,2015,06,14,29.7,20.1,06,18.6,,130,312,,,,,,,0,0,0,0,0,0,0,0,0,,,,,,,,,,,,
43295,2015,06,15,27.2,19.5,13,5.0,,20,36,,,,,,,0,0,0,0,0,0,0,0,0,,,,,,,,,,,,
43295,2015,06,16,29.0,21.0,06,0.7,,25,90,,,,,,,0,0,0,0,0,0,0,0,0,,,,,,,,,,,,
43295,2015,06,17,28.3,20.4,06,0.0,,5,60,,,,,,,0,0,0,0,0,0,0,0,0,,,,,,,,,,,,
43295,2015,06,18,27.2,20.1,07,1.2,,20,0,,,,,,,0,0,0,0,0,0,0,0,0,,,,,,,,,,,,
43295,2015,06,19,27.4,21.2,07,0.0,,5,66,,,,,,,0,0,0,0,0,0,0,0,0,,,,,,,,,,,,
43295,2015,06,20,26.4,20.8,07,1.8,,25,0,,,,,,,0,0,0,0,0,0,0,0,0,,,,,,,,,,,,
43295,2015,06,21,28.3,20.6,08,0.6,,20,48,,,,,,,0,0,0,0,0,0,0,0,0,,,,,,,,,,,,
43295,2015,06,22,25.7,20.8,08,2.6,,20,0,,,,,,,0,0,0,0,0,0,0,0,0,,,,,,,,,,,,
43295,2015,06,23,28.7,20.5,09,0.0,,10,216,,,,,,,0,0,0,0,0,0,0,0,0,,,,,,,,,,,,
43295,2015,06,24,28.2,21.0,10,3.2,,24,24,,,,,,,0,0,0,0,0,0,0,0,0,,,,,,,,,,,,
43295,2015,06,25,30.3,21.1,09,0.2,,30,450,,,,,,,0,0,0,0,0,0,0,0,0,,,,,,,,,,,,
43295,2015,06,26,30.6,21.6,09,0.5,,13,354,,,,,,,0,0,0,0,0,0,0,0,0,,,,,,,,,,,,
43295,2015,06,27,27.4,20.4,08,0.0,,0,6,,,,,,,0,0,0,0,0,0,0,0,0,,,,,,,,,,,,
43295,2015,06,28,29.0,21.0,08,0.0,,0,102,,,,,,,0,0,0,0,0,0,0,0,0,,,,,,,,,,,,
43295,2015,06,29,30.4,20.6,07,0.0,,0,402,,,,,,,0,0,0,0,0,0,0,0,0,,,,,,,,,,,,
43295,2015,06,30,32.0,20.4,05,2.4,,70,384,,,,,,,0,0,0,0,0,0,0,0,0,,,,,,,,,,,,
43295,2015,07,01,30.7,20.6,06,0.0,7.0,0,432,,,,,,,0,1,0,0,0,0,0,0,0,5,5,010,,,,,,,,,
43295,2015,07,02,30.3,20.4,06,0.0,6.0,5,354,,,,,,,1,0,0,0,0,0,0,0,0,6,6,015,1,2,180,,,,,,
43295,2015,07,03,29.7,20.4,06,0.0,5.7,5,306,,,,,,,1,1,0,0,0,0,0,0,0,6,6,020,5,6,005,,,,,,
43295,2015,07,04,30.2,20.8,05,0.6,6.4,,222,,,,,,,0,1,0,0,0,0,0,0,0,5,4,010,,,,,,,,,
43295,2015,07,05,30.6,20.7,05,0.0,5.0,5,324,,,,,,,0,0,0,0,0,0,0,0,0,,,,,,,,,,,,
43295,2015,07,06,31.2,20.6,06,0.0,6.4,0,420,,,,,,,0,0,0,0,0,0,0,0,0,,,,,,,,,,,,
43295,2015,07,07,30.7,19.3,07,0.0,5.2,0,438,,,,,,,1,1,0,0,0,0,0,0,0,6,6,012,5,6,005,,,,,,
43295,2015,07,08,30.6,20.2,07,2.9,4.8,10,444,,,,,,,0,1,0,0,0,0,0,0,0,5,6,030,,,,,,,,,
43295,2015,07,09,30.2,20.6,06,0.0,5.5,5,360,,,,,,,1,1,0,0,0,0,0,0,0,6,6,020,5,7,005,,,,,,
43295,2015,07,10,29.2,21.1,06,7.3,4.7,20,312,,,,,,,1,1,0,0,0,0,0,0,0,6,6,160,5,2,290,,,,,,
43295,2015,07,11,28.8,20.2,05,17.6,3.1,85,54,,,,,,,1,1,0,0,0,0,0,0,0,6,7,015,5,4,085,,,,,,
43295,2015,07,12,28.2,19.7,06,3.5,4.0,10,102,,,,,,,0,0,0,0,0,0,0,0,0,,,,,,,,,,,,
43295,2015,07,13,31.3,20.8,06,0.0,5.0,0,491,,,,,,,0,0,0,0,0,0,0,0,0,,,,,,,,,,,,
43295,2015,07,14,31.6,21.4,04,0.0,5.9,0,468,,,,,,,0,1,0,0,0,0,0,0,0,5,7,005,,,,,,,,,
43295,2015,07,15,30.0,21.7,05,0.1,6.9,5,144,,,,,,,0,1,0,0,0,0,0,0,0,5,6,010,,,,,,,,,
43295,2015,07,16,28.6,20.2,06,0.0,5.5,5,84,,,,,,,1,1,0,0,0,0,0,0,0,6,6,030,5,6,035,,,,,,
43295,2015,07,17,30.3,20.4,06,9.3,5.6,15,282,,,,,,,1,1,0,0,0,0,0,0,0,6,7,004,5,6,010,,,,,,
43295,2015,07,18,28.0,20.7,06,0.6,4.2,10,36,,,,,,,1,1,0,0,0,0,0,0,0,6,5,085,5,6,053,,,,,,
43295,2015,07,19,28.1,20.6,06,12.3,6.5,80,18,,,,,,,1,1,0,0,0,0,0,0,0,6,5,010,5,5,140,,,,,,
43295,2015,07,20,26.5,18.8,07,2.0,3.8,10,6,,,,,,,1,1,0,0,0,0,0,0,0,6,6,200,5,6,070,,,,,,
43295,2015,07,21,29.0,20.1,05,26.1,4.0,,240,,,,,,,1,1,0,0,0,1,0,0,0,9,6,012,6,6,068,5,6,085,,,
43295,2015,07,22,27.6,20.1,05,7.4,3.7,,78,,,,,,,1,1,0,0,0,0,0,0,0,6,7,055,5,3,075,,,,,,
43295,2015,07,23,29.1,20.0,06,3.4,4.9,,312,,,,,,,0,1,0,0,0,0,0,0,0,5,2,077,,,,,,,,,
43295,2015,07,24,28.9,20.4,07,0.0,4.8,,245,,,,,,,0,0,0,0,0,0,0,0,0,,,,,,,,,,,,
43295,2015,07,25,28.1,20.1,06,0.0,5.0,,144,,,,,,,1,1,0,0,0,0,0,0,0,6,5,020,5,5,040,,,,,,
43295,2015,07,26,27.8,20.4,05,1.0,5.5,10,78,,,,,,,1,1,0,0,0,0,0,0,0,6,6,003,5,2,053,,,,,,
43295,2015,07,27,27.7,20.5,06,0.0,5.2,,18,,,,,,,0,1,0,0,0,0,0,0,0,5,3,110,,,,,,,,,
43295,2015,07,28,28.0,20.0,06,0.0,6.1,,126,,,,,,,0,0,0,0,0,0,0,0,0,,,,,,,,,,,,
43295,2015,07,29,28.9,19.8,05,0.0,5.8,0,306,,,,,,,0,0,0,0,0,0,0,0,0,,,,,,,,,,,,
43295,2015,07,30,30.0,20.1,05,0.0,6.0,0,306,,,,,,,0,1,0,0,0,0,0,0,0,5,7,005,,,,,,,,,
43295,2015,07,31,29.6,20.0,05,0.0,5.6,5,252,,,,,,,1,1,0,0,0,1,0,0,0,9,6,065,6,6,017,5,6,045,,,
43295,2015,08,01,29.9,20.6,05,0.3,5.9,10,258,,,,,,,1,1,0,0,0,1,0,0,0,9,7,045,6,7,170,5,6,185,,,
43295,2015,08,02,30.3,20.6,05,3.0,5.0,285,342,,,,,,,0,0,0,0,0,0,0,0,0,,,,,,,,,,,,
43295,2015,08,03,28.8,21.0,04,0.0,5.0,0,48,,,,,,,0,1,0,0,0,0,0,0,0,5,7,005,,,,,,,,,
43295,2015,08,04,28.6,20.6,05,0.0,5.5,5,54,,,,,,,1,0,0,0,0,0,0,0,0,6,6,043,,,,,,,,,
43295,2015,08,05,29.0,19.8,05,14.0,4.1,40,228,,,,,,,1,1,0,0,0,1,0,0,0,9,6,015,6,6,037,5,6,018,,,
43295,2015,08,06,29.7,19.5,05,2.9,5.6,15,372,,,,,,,1,1,0,0,0,0,0,0,0,6,7,020,5,6,005,,,,,,
43295,2015,08,07,29.3,20.3,05,0.2,5.7,10,245,,,,,,,1,1,0,0,0,1,0,0,0,9,6,025,6,5,040,5,5,090,,,
43295,2015,08,08,28.7,20.1,04,6.2,5.5,50,240,,,,,,,0,0,0,0,0,0,0,0,0,,,,,,,,,,,,
43295,2015,08,09,28.5,20.6,05,0.0,5.2,0,288,,,,,,,1,1,0,0,0,0,0,0,0,6,7,050,5,4,090,,,,,,
43295,2015,08,10,27.6,20.3,03,1.8,3.5,70,90,,,,,,,1,1,0,0,0,0,0,0,0,6,6,040,5,5,034,,,,,,
43295,2015,08,11,27.4,20.1,03,2.8,0.8,30,30,,,,,,,1,1,0,0,0,1,0,0,0,9,6,100,6,6,200,5,4,020,0,6,210
43295,2015,08,12,29.0,20.0,03,20.3,4.0,115,270,,,,,,,0,1,0,0,0,0,0,0,0,5,5,030,,,,,,,,,
43295,2015,08,13,26.4,20.0,04,0.0,3.6,10,30,,,,,,,1,1,0,0,0,0,0,0,0,6,6,012,5,5,010,,,,,,
43295,2015,08,14,27.6,20.7,04,0.0,3.8,5,96,,,,,,,0,0,0,0,0,0,0,0,0,,,,,,,,,,,,
43295,2015,08,15,29.4,20.5,04,0.0,5.5,0,300,,,,,,,0,0,0,0,0,0,0,0,0,,,,,,,,,,,,
43295,2015,08,16,31.1,22.0,04,0.0,6.5,0,576,,,,,,,1,1,0,0,0,1,0,0,0,9,7,025,6,7,140,5,6,105,0,7,040
43295,2015,08,17,29.3,20.2,04,27.3,4.0,480,36,,,,,,,1,1,0,0,0,1,0,0,0,9,1,255,6,1,305,5,2,060,0,7,105
43295,2015,08,18,29.6,21.3,01,0.0,5.0,0,245,,,,,,,0,0,0,0,0,0,0,0,0,0,8,120,,,,,,,,,
43295,2015,08,19,30.8,22.3,02,0.0,6.7,0,510,,,,,,,1,1,0,0,0,0,0,0,0,6,6,009,5,6,018,,,,,,
43295,2015,08,20,31.2,22.4,03,0.8,6.9,10,438,,,,,,,1,1,0,0,0,1,0,0,0,9,6,072,6,7,100,5,6,075,,,
43295,2015,08,21,31.6,21.7,04,0.8,5.4,60,378,,,,,,,1,1,0,0,0,1,0,0,0,9,7,130,6,6,305,5,8,050,0,6,210
43295,2015,08,22,28.4,20.8,04,18.4,4.9,335,84,,,,,,,1,1,0,0,0,1,0,0,0,9,6,015,6,5,065,5,1,255,,,
43295,2015,08,23,27.0,20.4,04,4.0,5.0,63,24,,,,,,,0,1,0,0,0,0,0,0,0,5,1,055,,,,,,,,,
43295,2015,08,24,29.1,19.9,05,0.0,5.9,5,384,,,,,,,0,0,0,0,0,0,0,0,0,,,,,,,,,,,,
43295,2015,08,25,28.6,19.7,04,0.0,5.0,0,384,,,,,,,0,0,0,0,0,0,0,0,0,,,,,,,,,,,,
43295,2015,08,26,29.6,19.6,05,0.0,5.8,0,540,,,,,,,1,1,0,0,0,0,0,0,0,6,6,062,5,6,017,,,,,,
43295,2015,08,27,30.1,20.3,05,1.7,6.6,165,390,,,,,,,1,1,0,0,0,0,0,0,0,6,1,155,5,1,265,,,,,,
43295,2015,08,28,26.4,19.4,05,5.5,4.0,35,0,,,,,,,0,0,0,0,0,0,0,0,0,,,,,,,,,,,,
43295,2015,08,29,27.6,19.6,05,0.0,4.5,0,282,,,,,,,0,0,0,0,0,0,0,0,0,,,,,,,,,,,,
43295,2015,08,30,29.3,21.1,05,0.0,5.5,0,420,,,,,,,0,0,0,0,0,0,0,0,0,,,,,,,,,,,,
43295,2015,08,31,29.4,20.8,05,0.0,6.0,0,48,,,,,,,1,0,0,0,0,0,0,0,0,6,8,030,,,,,,,,,
43295,2015,09,01,29.7,21.1,03,0.4,5.8,5,444,,,,,,,0,0,0,0,0,0,0,0,0,,,,,,,,,,,,
43295,2015,09,02,31.0,21.6,03,0.0,6.0,0,474,,,,,,,0,0,0,0,0,0,0,0,0,,,,,,,,,,,,
43295,2015,09,03,30.7,22.0,02,0.0,6.5,0,186,,,,,,,1,1,0,0,0,0,0,0,0,6,8,025,5,7,095,1,2,180,,,
43295,2015,09,04,31.7,21.3,02,1.2,6.0,60,204,,,,,,,1,1,0,0,0,1,0,0,0,9,7,165,6,1,165,5,6,023,0,7,320
43295,2015,09,05,31.7,20.2,02,24.4,5.4,62,390,,,,,,,0,0,0,0,0,1,0,0,0,9,6,030,0,7,255,,,,,,
43295,2015,09,06,30.5,21.3,02,0.2,5.5,45,258,,,,,,,1,1,0,0,0,1,0,0,0,9,7,105,6,7,232,5,1,045,0,1,430
43295,2015,09,07,30.8,20.0,04,37.1,4.5,330,372,,,,,,,1,1,0,0,0,1,0,0,0,9,6,040,6,1,520,5,1,280,0,1,240
43295,2015,09,08,28.5,19.8,04,36.6,3.2,445,132,,,,,,,1,1,0,0,0,0,0,0,0,6,1,060,5,1,195,,,,,,
43295,2015,09,09,27.6,20.5,06,0.0,4.0,15,210,,,,,,,0,0,0,0,0,0,0,0,0,,,,,,,,,,,,
43295,2015,09,10,26.3,19.6,05,0.0,3.4,0,0,,,,,,,1,1,0,0,0,0,0,0,0,6,8,155,5,7,070,,,,,,
43295,2015,09,11,27.0,19.4,04,3.3,4.0,235,150,,,,,,,0,1,0,0,0,0,0,0,0,5,1,120,,,,,,,,,
43295,2015,09,12,27.4,20.0,04,0.0,4.7,0,48,,,,,,,0,0,0,0,0,0,0,0,0,,,,,,,,,,,,
43295,2015,09,13,28.4,19.3,04,0.0,6.0,0,240,,,,,,,1,1,0,0,0,0,0,0,0,6,7,048,5,6,132,,,,,,
43295,2015,09,14,29.7,19.4,05,5.3,4.8,90,426,,,,,,,0,0,0,0,0,0,0,0,0,1,3,150,,,,,,,,,
43295,2015,09,15,28.0,19.3,06,0.0,5.5,0,294,,,,,,,0,0,0,0,0,0,0,0,0,1,2,195,,,,,,,,,
43295,2015,09,16,27.3,19.8,07,0.0,5.0,0,78,,,,,,,0,0,0,0,0,0,0,0,0,,,,,,,,,,,,
43295,2015,09,17,28.6,20.1,06,0.0,5.4,0,294,,,,,,,0,0,0,0,0,0,0,0,0,,,,,,,,,,,,
43295,2015,09,18,27.0,19.1,05,0.0,5.7,0,0,,,,,,,1,1,0,0,0,0,0,0,0,6,6,010,5,5,095,,,,,,
43295,2015,09,19,29.0,20.2,05,0.4,5.0,5,372,,,,,,,0,1,0,0,0,0,0,0,0,5,7,003,1,2,210,,,,,,
43295,2015,09,20,29.4,20.9,05,0.0,5.5,3,156,,,,,,,1,1,0,0,0,0,0,0,0,6,6,030,5,5,120,0,7,150,1,3,180
43295,2015,09,21,29.0,19.2,04,7.2,4.2,150,186,,,,,,,0,0,0,0,0,0,0,0,0,1,3,180,,,,,,,,,
43295,2015,09,22,29.4,20.7,02,0.0,4.3,0,330,,,,,,,0,0,0,0,0,0,0,0,0,1,3,150,,,,,,,,,
43295,2015,09,23,31.0,20.7,02,1.1,5.5,20,546,,,,,,,1,1,0,0,0,0,0,0,0,6,2,050,5,2,040,0,2,090,,,
43295,2015,09,24,31.0,22.9,01,0.0,6.3,0,180,,,,,,,1,1,0,0,0,1,0,0,0,9,6,135,6,6,165,5,6,065,0,7,350
43295,2015,09,25,33.2,18.7,02,18.8,5.3,120,348,,,,,,,1,1,0,0,0,0,0,0,0,6,1,065,5,1,115,0,1,260,,,
43295,2015,09,26,30.3,20.0,02,9.2,4.2,100,300,,,,,,,1,1,0,0,0,1,0,0,0,9,1,013,6,1,140,5,1,290,1,3,180
43295,2015,09,27,28.7,20.6,02,0.5,5.0,,126,,,,,,,1,1,0,0,0,1,0,0,0,9,6,320,6,7,270,5,7,040,,,
43295,2015,09,28,31.6,19.7,02,34.8,5.8,330,414,,,,,,,1,1,0,0,0,0,0,0,0,6,2,170,5,2,050,0,7,280,,,
43295,2015,09,29,29.7,20.6,01,8.5,5.8,,245,,,,,,,1,1,0,0,0,0,0,0,0,6,6,010,5,6,012,,,,,,
43295,2015,09,30,29.7,21.3,01,0.8,6.1,10,222,,,,,,,1,1,0,0,0,0,0,0,0,6,6,025,5,6,075,1,3,140,,,
43295,2015,10,01,29.3,21.0,01,0.4,4.0,15,245,,,,,,,0,0,0,0,0,0,0,0,0,,,,,,,,,,,,
43295,2015,10,02,30.0,21.7,02,2.6,5.1,60,354,,,,,,,1,1,0,0,0,0,0,0,0,6,2,042,5,3,180,0,2,220,,,
43295,2015,10,03,29.8,21.3,04,0.3,5.1,10,204,,,,,,,1,1,0,0,0,0,0,0,0,6,8,050,5,8,010,,,,,,
43295,2015,10,04,29.6,21.3,03,3.2,4.6,,306,,,,,,,1,1,0,0,0,1,0,0,0,9,6,385,6,6,350,5,8,050,0,6,065
43295,2015,10,05,29.0,20.0,03,10.9,4.0,260,264,,,,,,,1,1,0,0,0,0,0,0,0,6,6,158,5,1,187,0,1,330,,,
43295,2015,10,06,26.8,19.5,03,4.7,3.6,200,30,,,,,,,1,0,0,0,0,1,0,0,0,9,8,015,6,7,115,0,7,315,,,
43295,2015,10,07,28.5,20.3,03,6.7,4.4,100,198,,,,,,,1,1,0,0,0,0,0,0,0,6,1,080,5,1,120,0,1,210,,,
43295,2015,10,08,30.2,20.9,04,4.2,3.1,25,468,,,,,,,0,0,0,0,0,0,0,0,0,,,,,,,,,,,,
43295,2015,10,09,28.8,20.6,06,0.0,5.5,0,324,,,,,,,0,0,0,0,0,0,0,0,0,,,,,,,,,,,,
43295,2015,10,10,29.4,20.5,06,0.0,5.0,0,234,,,,,,,0,0,0,0,0,0,0,0,0,,,,,,,,,,,,
43295,2015,10,11,29.5,21.3,04,0.0,4.7,0,90,,,,,,,1,1,0,0,0,0,0,0,0,6,5,143,5,5,050,0,1,180,,,
43295,2015,10,12,29.4,20.4,01,8.0,5.0,55,192,,,,,,,0,0,0,0,0,0,0,0,0,,,,,,,,,,,,
43295,2015,10,13,29.2,21.3,00,0.0,5.5,0,150,,,,,,,0,0,0,0,0,0,0,0,0,,,,,,,,,,,,
43295,2015,10,14,31.0,19.6,01,0.0,6.0,0,414,,,,,,,0,0,0,0,0,0,0,0,0,,,,,,,,,,,,
43295,2015,10,15,32.1,19.7,01,0.0,6.3,0,516,,,,,,,0,0,0,0,0,0,0,0,0,,,,,,,,,,,,
43295,2015,10,16,31.5,20.2,00,0.0,4.7,0,,,,,,,,0,0,0,0,0,0,0,0,0,1,3,140,,,,,,,,,
43295,2015,10,17,31.4,21.0,01,0.0,6.0,0,498,,,,,,,0,0,0,0,0,0,0,0,0,2,3,150,1,2,090,,,,,,
43295,2015,10,18,31.3,20.6,01,0.0,6.0,0,462,,,,,,,0,0,0,0,0,0,0,0,0,,,,,,,,,,,,
43295,2015,10,19,31.8,20.6,01,0.0,6.8,0,498,,,,,,,0,0,0,0,0,0,0,0,0,1,3,130,,,,,,,,,
43295,2015,10,20,31.4,21.5,01,0.0,5.6,0,498,,,,,,,0,0,0,0,0,0,0,0,0,1,3,345,,,,,,,,,
43295,2015,10,21,31.0,21.1,01,0.0,5.5,0,420,,,,,,,0,0,0,0,0,0,0,0,0,1,2,180,,,,,,,,,
43295,2015,10,22,30.6,20.0,01,0.0,6.1,0,384,,,,,,,0,0,0,0,0,0,0,0,0,1,2,300,,,,,,,,,
43295,2015,10,23,31.2,18.4,01,0.0,5.8,0,540,,,,,,,0,0,0,0,0,0,0,0,0,1,2,180,,,,,,,,,
43295,2015,10,24,31.0,19.7,01,0.0,6.7,0,582,,,,,,,0,0,0,0,0,0,0,0,0,1,2,300,,,,,,,,,
43295,2015,10,25,31.8,17.8,01,0.0,7.0,0,552,,,,,,,0,0,0,0,0,0,0,0,0,1,2,300,,,,,,,,,
43295,2015,10,26,29.8,20.0,01,0.0,6.0,0,486,,,,,,,0,0,0,0,0,0,0,0,0,,,,,,,,,,,,
43295,2015,10,27,29.6,20.6,01,0.0,6.0,0,420,,,,,,,0,1,0,0,0,0,0,0,0,5,8,025,1,2,180,,,,,,
43295,2015,10,28,29.4,20.6,00,0.0,5.1,5,270,,,,,,,1,1,0,0,0,1,0,0,0,9,7,020,6,5,065,5,7,015,0,7,225
43295,2015,10,29,30.5,19.7,01,6.0,6.0,25,318,,,,,,,0,0,0,0,0,0,0,0,0,1,2,180,,,,,,,,,
43295,2015,10,30,29.6,20.5,01,0.0,6.1,0,450,,,,,,,0,0,0,0,0,0,0,0,0,,,,,,,,,,,,
43295,2015,10,31,30.8,20.6,00,0.0,6.2,0,522,,,,,,,0,0,0,0,0,0,0,0,0,,,,,,,,,,,,
43295,2015,11,01,29.5,21.7,01,0.0,4.7,0,354,,,,,,,1,1,0,0,0,0,0,0,0,6,5,035,5,8,010,1,3,170,0,8,110
43295,2015,11,02,27.8,21.2,01,1.4,5.4,35,96,,,,,,,1,1,0,0,0,1,0,0,0,9,6,072,6,6,114,5,1,102,1,2,180
43295,2015,11,03,30.9,19.5,01,95.3,4.1,410,210,,,,,,,1,1,0,0,0,1,0,0,0,9,1,230,6,1,470,5,2,220,0,1,030
43295,2015,11,04,27.1,20.2,01,7.2,5.4,190,138,,,,,,,1,1,0,0,0,1,0,0,0,9,6,060,6,6,210,5,6,025,,,
43295,2015,11,05,28.7,19.6,00,33.4,4.5,140,276,,,,,,,0,0,0,0,0,0,0,0,0,,,,,,,,,,,,
43295,2015,11,06,27.6,20.1,00,0.0,5.2,0,342,,,,,,,0,0,0,0,0,0,0,0,0,1,2,195,,,,,,,,,
43295,2015,11,07,29.2,20.1,00,0.0,5.7,0,468,,,,,,,0,0,0,0,0,0,0,0,0,,,,,,,,,,,,
43295,2015,11,08,28.5,19.3,00,0.0,5.1,0,450,,,,,,,0,0,0,0,0,0,0,0,0,1,2,130,,,,,,,,,
43295,2015,11,09,27.3,20.5,02,0.0,4.6,10,78,,,,,,,1,1,0,0,0,0,0,0,0,6,4,710,5,3,230,1,2,010,,,
43295,2015,11,10,21.5,18.2,,45.6,3.0,990,0,,,,,,,1,1,0,0,0,0,0,0,0,6,1,895,5,1,495,0,1,155,,,
43295,2015,11,11,20.4,18.8,05,21.1,3.7,965,0,,,,,,,1,1,0,0,0,0,0,0,0,6,1,630,5,3,135,,,,,,
43295,2015,11,12,22.3,19.7,01,2.9,3.3,90,0,,,,,,,1,1,0,0,0,0,0,0,0,6,2,315,5,2,110,,,,,,
43295,2015,11,13,24.6,17.0,01,14.2,3.9,220,30,,,,,,,1,1,0,0,0,0,0,0,0,6,1,025,5,2,085,,,,,,
43295,2015,11,14,22.5,16.1,00,0.1,4.0,10,0,,,,,,,0,0,0,0,0,0,0,0,0,,,,,,,,,,,,
43295,2015,11,15,24.8,18.7,01,0.0,4.0,10,0,,,,,,,1,1,0,0,0,0,0,0,0,6,4,210,5,3,360,1,2,195,,,
43295,2015,11,16,20.9,17.1,02,8.8,2.8,100,0,,,,,,,1,1,0,0,0,0,0,0,0,6,3,330,5,2,330,,,,,,
43295,2015,11,17,21.7,18.2,03,10.9,2.3,,0,,,,,,,1,1,0,0,0,0,0,0,0,6,1,410,5,1,400,,,,,,
43295,2015,11,18,21.5,18.9,03,1.1,2.2,50,0,,,,,,,1,1,0,0,0,0,0,0,0,6,8,040,5,3,657,1,3,053,,,
43295,2015,11,19,23.2,19.5,01,14.4,1.8,390,0,,,,,,,1,1,0,0,0,0,0,0,0,6,1,225,5,1,255,1,7,180,,,
43295,2015,11,20,24.6,20.4,01,0.4,4.5,,72,,,,,,,1,1,0,0,0,0,0,0,0,6,6,275,5,6,030,1,1,590,0,7,120
43295,2015,11,21,26.4,19.6,02,14.3,3.0,167,132,,,,,,,0,1,0,0,0,0,0,0,0,5,3,035,,,,,,,,,
43295,2015,11,22,25.5,20.0,01,1.1,3.1,15,150,,,,,,,1,1,0,0,0,0,0,0,0,6,2,175,5,2,315,1,2,270,,,
43295,2015,11,23,24.4,18.9,01,5.3,2.8,170,54,,,,,,,1,1,0,0,0,0,0,0,0,6,1,213,5,1,482,,,,,,
43295,2015,11,24,25.1,18.4,01,15.7,3.5,369,84,,,,,,,1,1,0,0,0,0,0,0,0,6,1,210,5,1,270,,,,,,
43295,2015,11,25,25.4,17.5,01,0.0,4.1,0,36,,,,,,,0,0,0,0,0,0,0,0,0,,,,,,,,,,,,
43295,2015,11,26,27.5,17.7,01,0.0,4.6,0,245,,,,,,,0,1,0,0,0,0,0,0,0,5,6,013,1,2,120,,,,,,
43295,2015,11,27,28.0,19.7,00,0.0,4.9,10,312,,,,,,,0,0,0,0,0,0,0,0,0,1,8,070,,,,,,,,,
43295,2015,11,28,28.9,16.4,01,0.0,4.9,0,486,,,,,,,0,0,0,0,0,0,0,0,0,1,3,130,,,,,,,,,
43295,2015,11,29,29.3,17.4,01,0.0,5.4,0,96,,,,,,,1,1,0,0,0,0,0,0,0,6,6,115,5,6,235,1,3,230,,,
43295,2015,11,30,25.2,19.7,01,3.2,3.6,80,96,,,,,,,1,1,0,0,0,0,0,0,0,6,1,015,5,1,300,,,,,,
43295,2015,12,01,26.3,19.4,01,0.2,5.0,10,48,,,,,,,1,1,0,0,0,0,0,0,0,6,7,005,5,6,040,1,2,180,,,
43295,2015,12,02,23.8,19.6,01,1.0,5.6,135,0,,,,,,,1,1,0,0,0,0,0,0,0,6,1,085,5,1,297,,,,,,
43295,2015,12,03,23.9,18.9,01,2.9,3.7,180,30,,,,,,,0,1,0,0,0,0,0,0,0,5,5,205,,,,,,,,,
43295,2015,12,04,24.9,18.0,01,0.4,3.2,10,138,,,,,,,0,0,0,0,0,0,0,0,0,1,3,110,,,,,,,,,
43295,2015,12,05,27.8,17.9,02,0.0,4.7,0,396,,,,,,,0,0,0,0,0,0,0,0,0,,,,,,,,,,,,
43295,2015,12,06,27.1,18.4,01,0.0,4.8,0,360,,,,,,,0,0,0,0,0,0,0,0,0,1,2,180,,,,,,,,,
43295,2015,12,07,27.3,17.5,01,0.0,3.4,0,156,,,,,,,0,0,0,0,0,0,0,0,0,1,3,165,,,,,,,,,
43295,2015,12,08,28.7,17.0,01,0.0,4.6,0,402,,,,,,,0,0,0,0,0,0,0,0,0,,,,,,,,,,,,
43295,2015,12,09,28.2,18.4,01,0.0,4.0,0,222,,,,,,,1,1,0,0,0,0,0,0,0,6,4,025,5,3,255,,,,,,
43295,2015,12,10,25.8,20.1,01,0.6,5.0,45,132,,,,,,,0,1,0,0,0,0,0,0,0,5,1,079,,,,,,,,,
43295,2015,12,11,24.3,18.6,01,0.0,4.4,0,18,,,,,,,0,0,0,0,0,0,0,0,0,1,2,250,,,,,,,,,
43295,2015,12,12,28.7,20.0,01,0.0,4.8,0,384,,,,,,,0,0,0,0,0,0,0,0,0,1,2,180,,,,,,,,,
43295,2015,12,13,30.2,20.6,01,0.0,6.2,0,198,,,,,,,0,0,0,0,0,0,0,0,0,,,,,,,,,,,,
43295,2015,12,14,30.9,19.6,01,0.0,6.5,0,491,,,,,,,0,0,0,0,0,0,0,0,0,1,3,195,,,,,,,,,
43295,2015,12,15,29.9,20.0,02,0.0,6.3,0,198,,,,,,,0,0,0,0,0,0,0,0,0,1,2,240,,,,,,,,,
43295,2015,12,16,29.8,19.0,01,0.0,5.6,0,408,,,,,,,0,0,0,0,0,0,0,0,0,1,2,180,,,,,,,,,
43295,2015,12,17,30.3,16.4,02,0.0,5.3,0,324,,,,,,,0,0,0,0,0,0,0,0,0,2,3,060,1,2,395,,,,,,
43295,2015,12,18,28.6,17.4,02,0.0,5.0,0,528,,,,,,,0,0,0,0,0,0,0,0,0,,,,,,,,,,,,
43295,2015,12,19,26.7,18.9,02,0.0,5.0,0,336,,,,,,,0,0,0,0,0,0,0,0,0,1,3,140,,,,,,,,,
43295,2015,12,20,28.2,18.8,02,0.0,4.8,0,456,,,,,,,0,0,0,0,0,0,0,0,0,,,,,,,,,,,,
43295,2015,12,21,28.4,18.3,02,0.0,4.6,0,402,,,,,,,0,0,0,0,0,0,0,0,0,,,,,,,,,,,,
43295,2015,12,22,28.8,16.8,01,0.0,5.0,0,396,,,,,,,0,0,0,0,0,0,0,0,0,1,3,180,,,,,,,,,
43295,2015,12,23,29.2,17.9,01,0.0,4.9,0,504,,,,,,,0,0,0,0,0,0,0,0,0,1,3,180,,,,,,,,,
43295,2015,12,24,28.0,17.3,01,0.0,5.0,0,438,,,,,,,0,0,0,0,0,0,0,0,0,1,2,210,,,,,,,,,
43295,2015,12,25,29.3,16.3,01,0.0,4.8,0,438,,,,,,,0,0,0,0,0,0,0,0,0,1,2,290,,,,,,,,,
43295,2015,12,26,28.2,18.2,01,0.0,4.4,0,491,,,,,,,0,0,0,0,0,0,0,0,0,2,2,170,1,1,460,,,,,,
43295,2015,12,27,27.7,17.9,01,0.0,4.8,0,378,,,,,,,0,0,0,0,0,0,0,0,0,2,3,150,1,2,150,,,,,,
43295,2015,12,28,26.2,17.2,01,0.0,4.8,0,84,,,,,,,0,0,0,0,0,0,0,0,0,2,3,160,1,2,140,,,,,,
43295,2015,12,29,27.4,15.4,01,0.0,5.0,0,414,,,,,,,0,0,0,0,0,0,0,0,0,,,,,,,,,,,,
43295,2015,12,30,29.3,14.2,01,0.0,5.1,0,528,,,,,,,0,0,0,0,0,0,0,0,0,,,,,,,,,,,,
43295,2015,12,31,29.4,14.5,01,0.0,4.8,0,552,,,,,,,0,0,0,0,0,0,0,0,0,1,1,480,,,,,,,,,
43295,2016,01,01,28.4,15.7,01,0.0,4.2,0,564,,,,,,,0,0,0,0,0,0,0,0,0,2,2,140,1,2,100,,,,,,
43295,2016,01,02,26.7,12.9,01,0.0,4.7,0,318,,,,,,,0,0,0,0,0,0,0,0,0,1,2,225,,,,,,,,,
43295,2016,01,03,28.3,13.7,01,0.0,5.2,0,540,,,,,,,0,0,0,0,0,0,0,0,0,1,1,630,,,,,,,,,
43295,2016,01,04,29.0,15.2,01,0.0,6.6,0,546,,,,,,,0,0,0,0,0,0,0,0,0,1,1,420,,,,,,,,,
43295,2016,01,05,28.4,14.7,01,0.0,5.9,0,546,,,,,,,0,0,0,0,0,0,0,0,0,2,2,075,1,2,165,,,,,,
43295,2016,01,06,28.4,15.4,01,0.0,6.5,0,491,,,,,,,0,0,0,0,0,0,0,0,0,2,2,130,1,2,135,,,,,,
43295,2016,01,07,28.7,17.0,01,0.0,5.3,0,480,,,,,,,0,0,0,0,0,0,0,0,0,1,3,405,,,,,,,,,
43295,2016,01,08,27.6,16.2,01,0.0,5.0,0,306,,,,,,,0,0,0,0,0,0,0,0,0,1,1,630,,,,,,,,,
43295,2016,01,09,26.5,15.1,01,0.0,4.6,0,306,,,,,,,0,0,0,0,0,0,0,1,0,4,3,040,2,3,065,1,2,135,,,
43295,2016,01,10,28.4,15.3,01,0.0,7.0,0,480,,,,,,,0,0,0,0,0,0,0,0,0,2,3,130,1,2,110,,,,,,
43295,2016,01,11,28.1,15.0,01,0.0,5.0,0,540,,,,,,,0,0,0,0,0,0,0,0,0,,,,,,,,,,,,
43295,2016,01,12,27.7,15.2,01,0.0,4.8,0,558,,,,,,,0,0,0,0,0,0,0,0,0,2,3,045,1,2,195,,,,,,
43295,2016,01,13,28.5,15.7,01,0.0,4.9,0,486,,,,,,,0,0,0,0,0,0,0,0,0,1,3,210,,,,,,,,,
43295,2016,01,14,27.2,15.0,01,0.0,5.0,0,204,,,,,,,0,0,0,0,0,0,0,0,0,1,3,300,,,,,,,,,
43295,2016,01,15,28.2,15.2,02,0.0,5.6,0,540,,,,,,,0,0,0,0,0,0,0,0,0,1,3,270,,,,,,,,,
43295,2016,01,16,27.5,15.4,01,0.0,5.0,0,504,,,,,,,0,0,0,0,0,0,0,1,0,4,3,080,2,3,160,1,1,300,,,
43295,2016,01,17,28.7,16.0,01,0.0,5.0,0,288,,,,,,,0,0,0,0,0,0,0,0,0,1,3,320,,,,,,,,,
43295,2016,01,18,29.0,16.2,01,0.0,5.1,0,330,,,,,,,1,1,0,0,0,0,0,0,0,6,8,016,5,8,104,2,2,120,1,2,300
43295,2016,01,19,28.4,17.8,02,0.4,4.6,12,300,,,,,,,1,0,0,0,0,0,0,0,0,6,1,014,5,1,046,1,2,300,,,
43295,2016,01,20,25.9,19.9,01,0.4,4.4,,0,,,,,,,1,1,0,0,0,0,0,0,0,6,3,075,5,2,130,1,2,430,,,
43295,2016,01,21,25.6,19.0,01,4.4,4.4,,0,,,,,,,0,0,0,0,0,0,0,0,0,2,3,120,1,3,210,,,,,,
43295,2016,01,22,28.7,18.2,01,0.0,4.3,0,168,,,,,,,0,0,0,0,0,0,0,0,0,1,3,340,,,,,,,,,
43295,2016,01,23,25.3,18.5,01,0.0,4.8,0,0,,,,,,,0,0,0,0,0,0,0,0,0,1,1,600,,,,,,,,,
43295,2016,01,24,26.5,18.5,02,0.0,4.8,0,294,,,,,,,0,0,0,0,0,0,0,0,0,1,2,400,,,,,,,,,
43295,2016,01,25,29.2,18.5,02,0.0,4.2,0,294,,,,,,,0,0,0,0,0,0,0,0,0,1,2,300,,,,,,,,,
43295,2016,01,26,28.9,18.9,02,0.0,5.3,0,270,,,,,,,0,0,0,0,0,0,0,0,0,,,,,,,,,,,,
43295,2016,01,27,29.3,19.0,01,0.0,5.2,0,258,,,,,,,0,0,0,0,0,0,0,0,0,2,3,050,1,2,700,,,,,,
43295,2016,01,28,29.6,17.7,01,0.0,4.8,0,54,,,,,,,0,0,0,0,0,0,0,0,0,1,2,240,,,,,,,,,
43295,2016,01,29,31.6,17.9,01,0.0,5.5,0,504,,,,,,,0,0,0,0,0,0,0,0,0,1,2,240,,,,,,,,,
43295,2016,01,30,30.7,17.1,01,0.0,6.0,0,491,,,,,,,0,0,0,0,0,0,0,0,0,1,3,210,,,,,,,,,
43295,2016,01,31,30.1,16.4,01,0.0,6.0,0,552,,,,,,,0,0,0,0,0,0,0,1,0,4,3,030,2,2,020,1,2,280,,,
43295,2016,02,01,31.4,16.4,01,0.0,6.6,0,534,,,,,,,0,0,0,0,0,0,0,0,0,,,,,,,,,,,,
43295,2016,02,02,31.9,16.3,01,0.0,5.2,0,474,,,,,,,0,0,0,0,0,0,0,0,0,,,,,,,,,,,,
43295,2016,02,03,32.2,16.2,00,0.0,6.0,0,552,,,,,,,0,0,0,0,0,0,0,0,0,1,2,300,,,,,,,,,
43295,2016,02,04,31.2,17.3,01,0.0,5.5,0,372,,,,,,,0,0,0,0,0,0,0,0,0,,,,,,,,,,,,
43295,2016,02,05,30.7,16.7,00,0.0,5.8,0,540,,,,,,,0,0,0,0,0,0,0,0,0,2,3,030,1,2,190,,,,,,
43295,2016,02,06,29.8,16.6,01,0.0,5.0,0,528,,,,,,,0,0,0,0,0,0,0,0,0,1,2,270,,,,,,,,,
43295,2016,02,07,30.4,18.2,02,0.0,5.5,0,498,,,,,,,0,0,0,0,0,0,0,0,0,2,3,125,1,2,035,,,,,,
43295,2016,02,08,30.5,19.2,01,0.0,6.2,0,282,,,,,,,0,0,0,0,0,0,0,0,0,1,2,310,,,,,,,,,
43295,2016,02,09,31.7,18.6,01,0.0,6.0,0,462,,,,,,,0,0,0,0,0,0,0,0,0,1,2,315,,,,,,,,,
43295,2016,02,10,31.6,18.3,01,0.0,5.8,0,414,,,,,,,0,0,0,0,0,0,0,0,0,1,3,270,,,,,,,,,
43295,2016,02,11,31.8,19.8,01,0.0,6.0,0,432,,,,,,,0,0,0,0,0,0,0,0,0,1,2,270,,,,,,,,,
43295,2016,02,12,32.4,19.6,02,0.0,5.0,0,360,,,,,,,0,0,0,0,0,0,0,0,0,1,3,270,,,,,,,,,
43295,2016,02,13,31.9,19.5,01,0.0,5.8,0,312,,,,,,,0,0,0,0,0,0,0,0,0,2,3,060,1,3,270,,,,,,
43295,2016,02,14,32.1,19.0,01,0.0,6.1,0,402,,,,,,,0,0,0,0,0,0,0,0,0,1,3,270,,,,,,,,,
43295,2016,02,15,31.2,17.3,01,0.0,6.2,0,510,,,,,,,0,0,0,0,0,0,0,0,0,1,3,240,,,,,,,,,
43295,2016,02,16,29.8,18.7,03,0.0,6.5,0,576,,,,,,,0,0,0,0,0,0,0,0,0,,,,,,,,,,,,
43295,2016,02,17,31.1,18.4,02,0.0,6.3,0,564,,,,,,,0,0,0,0,0,0,0,0,0,,,,,,,,,,,,
43295,2016,02,18,30.5,19.3,02,0.0,5.8,0,390,,,,,,,0,0,0,0,0,0,0,0,0,,,,,,,,,,,,
43295,2016,02,19,29.4,18.0,02,0.0,5.5,0,432,,,,,,,0,0,0,0,0,0,0,0,0,,,,,,,,,,,,
43295,2016,02,20,31.9,19.6,02,0.0,5.7,0,564,,,,,,,0,0,0,0,0,0,0,0,0,,,,,,,,,,,,
43295,2016,02,21,33.2,20.2,01,0.0,,0,491,,,,,,,0,0,0,0,0,0,0,0,0,1,3,060,,,,,,,,,
43295,2016,02,22,34.6,21.1,01,0.0,6.2,0,546,,,,,,,0,0,0,0,0,0,0,0,0,,,,,,,,,,,,
43295,2016,02,23,35.5,18.9,01,0.0,6.5,0,546,,,,,,,0,0,0,0,0,0,0,0,0,1,2,180,,,,,,,,,
43295,2016,02,24,34.2,20.5,02,0.0,6.2,0,552,,,,,,,0,0,0,0,0,0,0,0,0,1,3,195,,,,,,,,,
43295,2016,02,25,33.4,22.3,02,0.0,5.7,0,450,,,,,,,0,0,0,0,0,0,0,0,0,,,,,,,,,,,,
43295,2016,02,26,33.5,20.5,02,0.0,6.0,0,324,,,,,,,0,0,0,0,0,0,0,0,0,1,2,180,,,,,,,,,
43295,2016,02,27,31.3,18.7,02,0.0,6.0,0,510,,,,,,,0,0,0,0,0,0,0,0,0,,,,,,,,,,,,
43295,2016,02,28,31.8,19.9,02,0.0,6.6,0,504,,,,,,,0,0,0,0,0,0,0,0,0,,,,,,,,,,,,
43295,2016,02,29,31.2,19.7,01,0.0,6.0,0,294,,,,,,,0,0,0,0,0,0,0,0,0,1,2,180,,,,,,,,,
43295,2016,03,01,30.7,18.9,01,0.0,5.7,0,180,,,,,,,0,0,0,0,0,0,0,0,0,,,,,,,,,,,,
43295,2016,03,02,31.5,19.7,01,0.0,5.4,0,378,,,,,,,0,0,0,0,0,0,0,0,0,,,,,,,,,,,,
43295,2016,03,03,30.8,19.6,01,0.0,6.4,0,156,,,,,,,0,0,0,0,0,0,0,0,0,1,2,240,,,,,,,,,
43295,2016,03,04,32.8,18.4,01,0.0,6.3,0,534,,,,,,,0,0,0,0,0,0,0,0,0,1,2,240,,,,,,,,,
43295,2016,03,05,34.0,18.8,01,0.0,7.0,0,450,,,,,,,0,0,0,0,0,0,0,0,0,1,2,220,,,,,,,,,
43295,2016,03,06,33.4,18.7,01,0.0,6.9,0,504,,,,,,,0,0,0,0,0,0,0,0,0,1,2,270,,,,,,,,,
43295,2016,03,07,33.4,18.7,01,0.0,6.6,0,510,,,,,,,0,0,0,0,0,0,0,0,0,1,2,150,,,,,,,,,
43295,2016,03,08,33.2,18.8,01,0.0,7.0,0,491,,,,,,,0,0,0,0,0,0,0,0,0,1,3,180,,,,,,,,,
43295,2016,03,09,34.3,19.5,01,0.0,7.0,0,462,,,,,,,0,0,0,0,0,0,0,0,0,,,,,,,,,,,,
43295,2016,03,10,34.9,20.6,01,0.0,6.0,0,522,,,,,,,0,0,0,0,0,0,0,0,0,,,,,,,,,,,,
43295,2016,03,11,34.3,21.1,00,0.0,6.0,0,180,,,,,,,0,0,0,0,0,0,0,0,0,,,,,,,,,,,,
43295,2016,03,12,35.2,22.5,01,0.0,7.0,0,491,,,,,,,0,0,0,0,0,0,0,0,0,,,,,,,,,,,,
43295,2016,03,13,35.2,22.7,03,0.0,6.5,0,420,,,,,,,1,1,0,0,0,1,0,0,0,9,6,040,6,6,031,5,6,006,,,
43295,2016,03,14,34.3,24.4,01,0.4,6.1,15,138,,,,,,,0,1,0,0,0,0,0,0,0,5,7,070,,,,,,,,,
43295,2016,03,15,34.4,24.5,01,0.0,6.5,10,96,,,,,,,1,1,0,0,0,1,0,0,0,,,,,,,,,,,,
43295,2016,03,16,33.6,21.6,02,12.8,4.8,40,245,,,,,,,1,1,0,0,0,1,0,0,0,9,8,030,6,8,050,5,8,045,0,8,125
43295,2016,03,17,34.2,22.9,01,6.7,5.2,60,438,,,,,,,0,1,0,0,0,1,0,0,0,9,7,015,5,7,010,,,,,,
43295,2016,03,18,34.0,23.9,01,0.0,6.5,10,414,,,,,,,0,0,0,0,0,0,0,0,0,1,3,165,,,,,,,,,
43295,2016,03,19,35.2,23.3,01,0.0,6.0,0,456,,,,,,,0,0,0,0,0,0,0,0,0,,,,,,,,,,,,
43295,2016,03,20,35.4,23.5,01,0.0,6.4,0,498,,,,,,,0,0,0,0,0,0,0,0,0,,,,,,,,,,,,
43295,2016,03,21,36.0,24.7,01,0.0,6.5,0,450,,,,,,,0,0,0,0,0,0,0,0,0,,,,,,,,,,,,
43295,2016,03,22,35.7,24.2,02,0.0,7.2,0,372,,,,,,,0,0,0,0,0,0,0,0,0,,,,,,,,,,,,
43295,2016,03,23,36.3,24.3,02,0.0,6.7,0,420,,,,,,,0,0,0,0,0,0,0,0,0,,,,,,,,,,,,
43295,2016,03,24,35.8,24.4,01,0.0,7.2,0,390,,,,,,,0,0,0,0,0,0,0,0,0,,,,,,,,,,,,
43295,2016,03,25,35.8,22.8,01,0.0,6.4,0,456,,,,,,,0,0,0,0,0,0,0,0,0,,,,,,,,,,,,
43295,2016,03,26,35.0,21.2,01,0.0,6.0,0,486,,,,,,,0,0,0,0,0,0,0,0,0,,,,,,,,,,,,
43295,2016,03,27,35.1,20.7,01,0.0,6.8,0,462,,,,,,,0,0,0,0,0,0,0,0,0,,,,,,,,,,,,
43295,2016,03,28,36.0,21.2,01,0.0,6.8,0,546,,,,,,,0,0,0,0,0,0,0,0,0,,,,,,,,,,,,
43295,2016,03,29,35.4,21.2,01,0.0,6.4,0,468,,,,,,,0,0,0,0,0,0,0,0,0,,,,,,,,,,,,
43295,2016,03,30,34.4,22.6,01,0.0,6.6,0,456,,,,,,,0,0,0,0,0,0,0,0,0,,,,,,,,,,,,
43295,2016,03,31,35.0,23.0,01,0.0,6.7,0,438,,,,,,,0,0,0,0,0,0,0,0,0,,,,,,,,,,,,
43295,2016,04,01,34.8,23.2,01,0.0,6.9,0,402,,,,,,,0,0,0,0,0,0,0,0,0,,,,,,,,,,,,
43295,2016,04,02,35.3,23.5,01,0.0,7.0,0,444,,,,,,,0,0,0,0,0,0,0,0,0,,,,,,,,,,,,
43295,2016,04,03,35.5,23.8,01,0.0,7.0,0,402,,,,,,,0,0,0,0,0,0,0,0,0,,,,,,,,,,,,
43295,2016,04,04,36.0,23.8,01,0.0,7.0,0,450,,,,,,,0,0,0,0,0,0,0,0,0,,,,,,,,,,,,
43295,2016,04,05,36.5,23.3,01,0.0,7.0,0,491,,,,,,,0,0,0,0,0,0,0,0,0,,,,,,,,,,,,
43295,2016,04,06,36.7,23.2,01,0.0,7.3,0,534,,,,,,,0,0,0,0,0,0,0,0,0,,,,,,,,,,,,
43295,2016,04,07,35.4,24.3,01,0.0,7.4,0,426,,,,,,,0,0,0,0,0,0,0,0,0,,,,,,,,,,,,
43295,2016,04,08,36.3,23.1,01,4.8,5.3,75,396,,,,,,,1,1,0,0,0,0,0,0,0,6,2,080,5,2,095,0,1,235,,,
43295,2016,04,09,35.3,24.5,01,0.0,6.5,0,414,,,,,,,0,0,0,0,0,0,0,0,0,,,,,,,,,,,,
43295,2016,04,10,33.4,23.8,01,0.0,6.1,0,192,,,,,,,0,0,0,0,0,0,0,0,0,,,,,,,,,,,,
43295,2016,04,11,34.6,24.0,01,0.0,6.7,0,336,,,,,,,0,0,0,0,0,0,0,0,0,,,,,,,,,,,,
43295,2016,04,12,36.4,24.4,01,0.0,7.0,0,420,,,,,,,0,0,0,0,0,0,0,0,0,,,,,,,,,,,,
43295,2016,04,13,37.2,25.1,03,0.0,7.2,0,420,,,,,,,0,0,0,0,0,0,0,0,0,,,,,,,,,,,,
43295,2016,04,14,37.0,25.4,02,0.0,8.1,0,420,,,,,,,0,0,0,0,0,0,0,0,0,1,8,050,,,,,,,,,
43295,2016,04,15,37.4,25.8,02,0.0,8.0,0,378,,,,,,,0,0,0,0,0,0,0,0,0,,,,,,,,,,,,
43295,2016,04,16,37.5,25.2,02,0.0,8.1,0,378,,,,,,,0,0,0,0,0,0,0,0,0,,,,,,,,,,,,
43295,2016,04,17,36.9,24.3,02,0.0,7.2,0,420,,,,,,,0,0,0,0,0,0,0,0,0,,,,,,,,,,,,
43295,2016,04,18,37.8,24.8,01,0.0,7.1,0,528,,,,,,,0,0,0,0,0,0,0,0,0,,,,,,,,,,,,
43295,2016,04,19,36.6,24.6,01,0.0,6.5,0,480,,,,,,,0,0,0,0,0,0,0,0,0,,,,,,,,,,,,
43295,2016,04,20,36.8,24.8,01,0.0,7.0,0,486,,,,,,,0,0,0,0,0,0,0,0,0,,,,,,,,,,,,
43295,2016,04,21,37.0,24.3,02,0.0,7.6,0,534,,,,,,,0,0,0,0,0,0,0,0,0,,,,,,,,,,,,
43295,2016,04,22,37.4,24.4,03,0.0,6.5,0,504,,,,,,,0,1,0,0,0,0,0,0,0,5,8,010,,,,,,,,,
43295,2016,04,23,36.5,25.4,02,0.0,6.4,10,444,,,,,,,0,0,0,0,0,0,0,0,0,,,,,,,,,,,,
43295,2016,04,24,38.0,23.6,03,0.0,6.8,0,546,,,,,,,0,0,0,0,0,0,0,0,0,,,,,,,,,,,,
43295,2016,04,25,39.2,24.8,02,0.0,7.3,0,552,,,,,,,1,1,0,0,0,1,0,0,0,9,6,240,6,6,100,5,6,040,0,7,210
43295,2016,04,26,37.1,22.8,00,20.5,5.5,90,432,,,,,,,0,0,0,0,0,0,0,0,0,,,,,,,,,,,,
43295,2016,04,27,35.4,23.4,01,0.0,6.2,0,480,,,,,,,0,0,0,0,0,0,0,0,0,,,,,,,,,,,,
43295,2016,04,28,36.2,24.5,01,0.0,6.5,0,606,,,,,,,0,0,0,0,0,0,0,0,0,,,,,,,,,,,,
43295,2016,04,29,36.7,24.5,01,0.0,6.5,0,612,,,,,,,0,0,0,0,0,0,0,0,0,,,,,,,,,,,,
43295,2016,04,30,37.0,24.4,01,0.0,7.2,0,606,,,,,,,0,0,0,0,0,0,0,0,0,,,,,,,,,,,,
43295,2016,05,01,36.6,24.5,02,0.0,6.8,0,570,,,,,,,0,0,0,0,0,0,0,0,0,,,,,,,,,,,,
43295,2016,05,02,37.3,24.7,02,0.0,7.7,0,570,,,,,,,1,1,0,0,0,1,0,0,0,9,6,047,6,6,003,5,6,009,0,7,085
43295,2016,05,03,36.6,24.5,00,0.0,3.8,0,408,,,,,,,0,0,0,0,0,0,0,0,0,,,,,,,,,,,,
43295,2016,05,04,36.2,25.5,01,0.0,7.5,0,462,,,,,,,0,0,0,0,0,0,0,0,0,,,,,,,,,,,,
43295,2016,05,05,36.6,24.9,00,0.0,6.7,0,378,,,,,,,1,1,0,0,0,1,0,0,0,9,5,350,6,6,105,5,5,005,0,7,100
43295,2016,05,06,35.5,22.2,01,1.8,6.5,60,348,,,,,,,1,1,0,0,0,1,0,0,0,9,6,330,6,6,353,5,6,014,0,6,300
43295,2016,05,07,34.6,21.0,01,46.6,3.0,30,354,,,,,,,0,1,0,0,0,0,0,0,0,5,7,030,0,7,240,,,,,,
43295,2016,05,08,33.7,23.3,00,0.0,5.5,0,522,,,,,,,1,1,0,0,0,1,0,0,0,9,6,345,6,6,110,5,6,035,0,1,120
43295,2016,05,09,34.0,21.0,00,4.7,4.8,0,491,,,,,,,0,0,0,0,0,0,0,0,0,,,,,,,,,,,,
43295,2016,05,10,34.0,23.1,00,0.0,6.0,0,558,,,,,,,0,1,0,0,0,0,0,0,0,5,6,007,,,,,,,,,
43295,2016,05,11,34.0,22.7,00,0.0,6.3,0,504,,,,,,,0,0,0,0,0,0,0,0,0,,,,,,,,,,,,
43295,2016,05,12,26.6,21.4,00,0.0,6.8,,252,,,,,,,1,1,0,0,0,0,0,0,0,6,6,035,5,6,130,0,7,150,,,
43295,2016,05,13,34.6,22.3,00,1.8,2.3,,330,,,,,,,1,0,0,0,0,0,0,0,0,5,7,010,0,7,020,,,,,,
43295,2016,05,14,34.6,23.5,,0.0,5.5,10,414,,,,,,,0,1,0,0,0,0,0,0,0,5,6,028,,,,,,,,,
43295,2016,05,15,35.1,24.6,00,0.0,6.5,0,474,,,,,,,0,0,0,0,0,0,0,0,0,,,,,,,,,,,,
43295,2016,05,16,34.5,23.8,,0.0,6.6,0,444,,,,,,,0,0,0,0,0,0,0,0,0,,,,,,,,,,,,
43295,2016,05,17,30.7,24.2,,0.0,6.5,0,0,,,,,,,1,1,0,0,0,0,0,0,0,6,7,009,5,8,069,,,,,,
43295,2016,05,18,28.3,22.8,,0.0,3.4,,0,,,,,,,1,1,0,0,0,1,0,0,0,9,6,143,6,4,152,5,4,070,0,7,090
43295,2016,05,19,27.6,20.1,06,30.2,4.8,312,0,,,,,,,1,1,0,0,0,0,0,0,0,6,1,065,5,1,085,0,8,020,,,
43295,2016,05,20,30.0,19.6,03,34.2,5.1,,0,,,,,,,1,1,0,0,0,1,0,0,0,9,1,020,6,1,100,5,1,025,,,
43295,2016,05,21,30.6,21.9,07,0.0,5.0,0,156,,,,,,,0,0,0,0,0,0,0,0,0,,,,,,,,,,,,
43295,2016,05,22,33.0,21.9,06,0.0,5.5,0,384,,,,,,,0,0,0,0,0,0,0,0,0,,,,,,,,,,,,
43295,2016,05,23,33.3,22.7,03,0.0,6.1,0,534,,,,,,,0,0,0,0,0,0,0,0,0,,,,,,,,,,,,
43295,2016,05,24,34.1,22.7,06,0.0,,0,504,,,,,,,1,1,0,0,0,0,0,0,0,6,8,010,5,8,100,0,8,180,,,
43295,2016,05,25,34.0,22.8,06,0.0,6.4,110,540,,,,,,,0,0,0,0,0,0,0,0,0,0,1,030,,,,,,,,,
43295,2016,05,26,33.2,22.2,06,0.0,6.6,0,510,,,,,,,0,0,0,0,0,0,0,0,0,,,,,,,,,,,,
43295,2016,05,27,33.8,23.5,05,0.0,6.3,0,534,,,,,,,0,0,0,0,0,0,0,0,0,6,7,025,5,7,020,,,,,,
43295,2016,05,28,32.6,22.3,05,6.7,5.3,38,54,,,,,,,1,1,0,0,0,1,0,0,0,9,7,292,5,7,027,5,7,048,0,7,022
43295,2016,05,29,33.2,19.9,06,14.6,3.8,,510,,,,,,,1,1,0,0,0,1,0,0,0,9,1,080,6,1,170,5,1,325,0,1,300
43295,2016,05,30,28.4,21.7,03,0.0,5.0,0,0,,,,,,,0,1,0,0,0,0,0,0,0,5,1,015,0,8,230,,,,,,
43295,2016,05,31,31.2,22.2,05,0.0,6.0,0,,,,,,,,0,0,0,0,0,0,0,0,0,,,,,,,,,,,,
43295,2016,06,01,31.0,22.4,05,0.0,5.0,0,306,,,,,,,0,1,0,0,0,1,0,0,0,9,6,340,6,7,220,,,,,,
43295,2016,06,02,33.3,21.0,05,20.3,4.9,200,444,,,,,,,0,0,0,0,0,1,0,0,0,9,1,060,0,1,060,,,,,,
43295,2016,06,03,27.8,21.9,05,0.0,5.3,0,384,,,,,,,1,1,0,0,0,1,0,0,0,9,8,090,6,8,120,5,7,110,0,7,250
43295,2016,06,04,31.7,20.6,04,4.6,4.5,70,384,,,,,,,0,0,0,0,0,0,0,0,0,,,,,,,,,,,,
43295,2016,06,05,30.4,21.7,04,0.0,4.7,0,72,,,,,,,1,1,0,0,0,0,0,0,0,6,6,030,5,6,095,,,,,,
43295,2016,06,06,30.8,21.7,05,6.8,4.2,80,180,,,,,,,1,1,0,0,0,1,0,0,0,9,8,045,6,7,090,5,7,060,0,8,095
43295,2016,06,07,31.4,21.6,05,47.7,5.7,90,462,,,,,,,0,1,0,0,0,0,0,0,0,5,8,015,,,,,,,,,
43295,2016,06,08,30.9,22.6,05,0.0,5.8,0,150,,,,,,,1,1,0,0,0,0,0,0,0,6,6,150,5,6,195,,,,,,
43295,2016,06,09,30.4,21.4,05,5.0,3.4,105,156,,,,,,,0,1,0,0,0,0,0,0,0,5,1,206,,,,,,,,,
43295,2016,06,10,30.2,21.7,07,0.0,5.5,0,318,,,,,,,1,1,0,0,0,0,0,0,0,6,6,021,5,4,159,,,,,,
43295,2016,06,11,27.4,21.0,07,0.6,4.8,17,84,,,,,,,1,1,0,0,0,0,0,0,0,6,7,010,5,5,008,,,,,,
43295,2016,06,12,29.6,20.8,06,0.5,5.2,5,282,,,,,,,1,1,0,0,0,0,0,0,0,6,6,005,5,6,010,,,,,,
43295,2016,06,13,29.6,20.7,06,1.0,3.8,10,348,,,,,,,1,1,0,0,0,0,0,0,0,6,4,156,5,4,124,,,,,,
43295,2016,06,14,26.2,20.1,05,15.7,3.3,115,102,,,,,,,1,1,0,0,0,0,0,0,0,6,6,015,5,6,040,,,,,,
43295,2016,06,15,28.2,20.8,05,1.0,3.2,40,330,,,,,,,1,1,0,0,0,0,0,0,0,6,7,050,5,7,020,,,,,,
43295,2016,06,16,29.9,20.2,06,14.0,4.8,65,336,,,,,,,1,1,0,0,0,0,0,0,0,6,7,035,5,7,030,,,,,,
43295,2016,06,17,29.4,20.9,05,11.6,5.1,58,306,,,,,,,0,0,0,0,0,0,0,0,0,,,,,,,,,,,,
43295,2016,06,18,28.8,21.0,05,0.0,5.2,0,12,,,,,,,0,1,0,0,0,0,0,0,0,5,8,015,,,,,,,,,
43295,2016,06,19,28.2,20.8,05,1.2,5.5,20,66,,,,,,,1,1,0,0,0,0,0,0,0,6,1,103,5,1,140,,,,,,
43295,2016,06,20,29.9,20.0,05,1.3,4.6,60,150,,,,,,,1,1,0,0,0,0,0,0,0,6,2,045,5,2,060,,,,,,
43295,2016,06,21,28.5,20.4,07,3.2,5.4,65,102,,,,,,,1,1,0,0,0,0,0,0,0,6,2,058,5,2,292,,,,,,
43295,2016,06,22,25.9,20.0,06,0.3,4.1,20,12,,,,,,,1,1,0,0,0,0,0,0,0,6,6,132,5,1,296,,,,,,
43295,2016,06,23,27.6,19.8,05,25.0,,320,204,,,,,,,1,1,0,0,0,0,0,0,0,6,3,076,5,1,354,,,,,,
43295,2016,06,24,25.7,19.4,06,2.1,4.5,,30,,,,,,,1,1,0,0,0,0,0,0,0,6,6,090,5,6,075,,,,,,
43295,2016,06,25,27.5,19.3,06,8.9,4.6,90,192,,,,,,,1,1,0,0,0,0,0,0,0,6,6,097,5,5,123,,,,,,
43295,2016,06,26,25.3,19.7,06,2.6,3.0,55,6,,,,,,,0,1,0,0,0,0,0,0,0,5,6,005,,,,,,,,,
43295,2016,06,27,28.2,20.8,06,0.0,2.9,0,156,,,,,,,0,1,0,0,0,1,0,0,0,9,5,034,5,2,205,,,,,,
43295,2016,06,28,27.2,20.6,06,8.7,3.9,30,72,,,,,,,1,1,0,0,0,1,0,0,0,6,4,125,5,2,350,,,,,,
43295,2016,06,29,26.3,20.3,07,4.6,3.5,555,0,,,,,,,1,1,0,0,0,1,0,0,0,6,1,150,5,1,380,,,,,,
43295,2016,06,30,24.7,20.2,07,4.9,4.0,330,0,,,,,,,0,1,0,0,0,1,0,0,0,5,1,320,,,,,,,,,
43295,2016,07,01,25.6,20.2,07,0.0,4.0,25,0,,,,,,,1,0,0,0,0,0,0,0,0,6,6,030,,,,,,,,,
43295,2016,07,02,28.2,19.9,09,0.7,4.9,7,174,,,,,,,0,0,0,0,0,0,0,0,0,,,,,,,,,,,,
43295,2016,07,03,28.8,20.2,09,0.0,4.5,0,384,,,,,,,0,0,0,0,0,0,0,0,0,,,,,,,,,,,,
43295,2016,07,04,27.6,20.6,08,0.0,4.8,0,60,,,,,,,0,1,0,0,0,0,0,0,0,5,7,155,,,,,,,,,
43295,2016,07,05,28.0,20.8,08,0.2,4.1,15,24,,,,,,,0,1,0,0,0,0,0,0,0,5,1,180,,,,,,,,,
43295,2016,07,06,27.2,20.8,08,0.0,4.5,3,0,,,,,,,1,1,0,0,0,0,0,0,0,6,5,052,5,3,036,,,,,,
43295,2016,07,07,26.5,20.3,07,7.2,4.7,110,6,,,,,,,0,1,0,0,0,0,0,0,0,5,6,015,,,,,,,,,
43295,2016,07,08,27.4,20.6,07,0.0,5.0,40,84,,,,,,,0,1,0,0,0,0,0,0,0,5,2,219,,,,,,,,,
43295,2016,07,09,26.4,20.5,09,0.0,4.9,49,36,,,,,,,1,1,0,0,0,0,0,0,0,6,3,008,5,3,172,,,,,,
43295,2016,07,10,25.4,20.1,09,1.5,3.0,45,24,,,,,,,1,1,0,0,0,0,0,0,0,6,3,010,5,3,243,,,,,,
43295,2016,07,11,27.2,20.4,10,0.0,4.5,5,24,,,,,,,1,1,0,0,0,0,0,0,0,6,8,025,5,5,035,,,,,,
43295,2016,07,12,27.6,20.5,10,1.0,5.0,6,156,,,,,,,0,1,0,0,0,0,0,0,0,5,4,035,,,,,,,,,
43295,2016,07,13,28.1,20.1,09,0.0,5.1,35,234,,,,,,,0,0,0,0,0,0,0,0,0,,,,,,,,,,,,
43295,2016,07,14,28.5,20.2,07,0.0,4.5,0,300,,,,,,,0,0,0,0,0,0,0,0,0,0,7,140,,,,,,,,,
43295,2016,07,15,30.7,21.8,05,0.0,5.7,5,438,,,,,,,1,1,0,0,0,0,0,0,0,6,7,030,5,3,105,0,7,100,,,
43295,2016,07,16,29.8,20.6,03,2.5,7.6,35,138,,,,,,,0,0,0,0,0,1,0,0,0,9,8,085,0,7,255,,,,,,
43295,2016,07,17,30.1,20.5,03,11.3,4.9,90,228,,,,,,,1,0,0,0,0,1,0,0,0,9,1,210,6,1,180,0,1,255,,,
43295,2016,07,18,28.1,21.0,05,0.2,4.8,100,42,,,,,,,1,1,0,0,0,0,0,0,0,6,1,015,5,1,085,,,,,,
43295,2016,07,19,28.3,20.0,05,0.0,5.0,50,180,,,,,,,1,1,0,0,0,0,0,0,0,6,1,030,5,1,045,,,,,,
43295,2016,07,20,28.4,20.1,06,3.4,4.8,12,192,,,,,,,1,1,0,0,0,1,0,0,0,9,6,046,6,6,103,5,5,021,,,
43295,2016,07,21,27.7,19.6,06,23.0,4.6,165,162,,,,,,,1,1,0,0,0,0,0,0,0,6,7,060,5,5,205,,,,,,
43295,2016,07,22,27.2,19.5,07,8.0,5.5,105,144,,,,,,,1,1,0,0,0,0,0,0,0,6,6,030,5,6,045,,,,,,
43295,2016,07,23,24.5,19.6,06,0.4,4.5,30,0,,,,,,,1,1,0,0,0,0,0,0,0,6,7,025,5,7,047,,,,,,
43295,2016,07,24,26.4,20.4,06,0.5,2.7,44,132,,,,,,,0,1,0,0,0,0,0,0,0,5,7,115,,,,,,,,,
43295,2016,07,25,27.6,20.4,05,0.0,5.3,20,24,,,,,,,1,1,0,0,0,1,0,0,0,9,7,110,6,7,008,5,7,250,0,7,160
43295,2016,07,26,30.3,20.1,05,32.6,5.1,630,396,,,,,,,1,1,0,0,0,0,0,0,0,6,1,155,5,1,741,0,7,295,,,
43295,2016,07,27,29.1,20.7,03,25.0,4.8,215,222,,,,,,,1,1,0,0,0,0,0,0,0,6,1,255,5,3,030,0,6,195,,,
43295,2016,07,28,29.4,19.4,04,38.0,4.9,235,342,,,,,,,1,1,0,0,0,1,0,0,0,9,8,135,6,1,135,5,1,095,0,7,240
43295,2016,07,29,27.6,19.8,04,41.8,1.6,635,108,,,,,,,1,1,0,0,0,1,0,0,0,9,1,090,6,1,490,5,3,400,,,
43295,2016,07,30,23.2,20.5,05,1.6,3.0,405,0,,,,,,,1,1,0,0,0,1,0,0,0,9,5,030,6,5,250,5,1,175,,,
43295,2016,07,31,25.7,19.4,06,10.5,4.3,270,120,,,,,,,1,1,0,0,0,0,0,0,0,6,2,135,5,2,015,,,,,,
43295,2016,08,01,27.0,19.8,08,0.0,6.8,0,120,,,,,,,1,1,0,0,0,0,0,0,0,6,6,005,5,5,105,,,,,,
43295,2016,08,02,25.7,19.3,09,0.0,6.5,15,120,,,,,,,0,0,0,0,0,0,0,0,0,,,,,,,,,,,,
43295,2016,08,03,27.6,19.1,10,0.0,4.0,0,270,,,,,,,0,1,0,0,0,0,0,0,0,5,4,025,,,,,,,,,
43295,2016,08,04,25.6,19.4,09,0.0,4.4,20,0,,,,,,,0,0,0,0,0,0,0,0,0,,,,,,,,,,,,
43295,2016,08,05,26.2,19.7,09,0.0,4.2,0,168,,,,,,,1,1,0,0,0,0,0,0,0,6,6,003,5,6,022,,,,,,
43295,2016,08,06,28.1,19.6,09,0.0,5.6,10,204,,,,,,,0,0,0,0,0,0,0,0,0,,,,,,,,,,,,
43295,2016,08,07,28.3,20.0,09,0.0,4.0,0,222,,,,,,,0,1,0,0,0,0,0,0,0,5,7,005,,,,,,,,,
43295,2016,08,08,28.2,20.0,08,0.0,4.2,5,252,,,,,,,1,1,0,0,0,0,0,0,0,6,7,005,5,7,015,,,,,,
43295,2016,08,09,27.8,20.5,07,0.1,4.2,10,174,,,,,,,0,0,0,0,0,0,0,0,0,,,,,,,,,,,,
43295,2016,08,10,29.3,20.2,07,0.0,5.9,0,408,,,,,,,0,0,0,0,0,0,0,0,0,,,,,,,,,,,,
43295,2016,08,11,29.5,19.7,07,0.0,4.5,0,438,,,,,,,0,0,0,0,0,0,0,0,0,,,,,,,,,,,,
43295,2016,08,12,29.4,20.8,06,0.0,4.2,0,384,,,,,,,1,1,0,0,0,0,0,0,0,6,6,035,5,6,020,,,,,,
43295,2016,08,13,29.0,20.6,06,6.4,7.6,45,180,,,,,,,1,1,0,0,0,0,0,0,0,6,6,009,5,6,018,,,,,,
43295,2016,08,14,28.2,20.0,06,0.0,5.3,30,270,,,,,,,1,1,0,0,0,0,0,0,0,6,6,085,5,4,165,,,,,,
43295,2016,08,15,28.8,19.5,06,4.2,4.3,140,210,,,,,,,1,1,0,0,0,0,0,0,0,6,6,020,5,6,030,,,,,,
43295,2016,08,16,29.2,20.2,08,1.6,2.6,30,438,,,,,,,1,1,0,0,0,0,0,0,0,6,6,015,5,1,075,,,,,,
43295,2016,08,17,27.9,19.9,07,7.5,6.5,30,276,,,,,,,1,1,0,0,0,0,0,0,0,6,6,010,5,6,010,,,,,,
43295,2016,08,18,28.2,20.1,06,0.2,5.4,10,216,,,,,,,1,0,0,0,0,0,0,0,0,6,6,015,,,,,,,,,
43295,2016,08,19,29.0,20.3,06,0.3,5.9,15,384,,,,,,,1,1,0,0,0,0,0,0,0,6,6,005,5,6,030,,,,,,
43295,2016,08,20,30.2,20.4,05,0.0,5.0,20,414,,,,,,,1,1,0,0,0,0,0,0,0,6,7,023,5,7,232,,,,,,
43295,2016,08,21,30.1,20.4,05,1.7,3.2,50,576,,,,,,,1,1,0,0,0,0,0,0,0,6,7,065,5,7,105,,,,,,
43295,2016,08,22,30.6,21.3,05,4.3,5.6,105,510,,,,,,,1,0,0,0,0,0,0,0,0,6,7,040,,,,,,,,,
43295,2016,08,23,30.0,20.9,05,6.6,5.5,,360,,,,,,,1,0,0,0,0,0,0,0,0,6,6,010,,,,,,,,,
43295,2016,08,24,30.6,20.8,03,0.8,5.0,15,360,,,,,,,1,1,0,0,0,0,0,0,0,6,8,020,5,3,173,,,,,,
43295,2016,08,25,29.3,21.0,06,0.0,6.5,30,294,,,,,,,1,1,0,0,0,0,0,0,0,6,7,031,5,7,065,,,,,,
43295,2016,08,26,27.6,19.9,05,15.2,5.1,50,12,,,,,,,0,1,0,0,0,0,0,0,0,5,5,040,,,,,,,,,
43295,2016,08,27,28.7,21.2,06,0.2,4.4,30,84,,,,,,,1,1,0,0,0,0,0,0,0,6,5,010,5,5,090,,,,,,
43295,2016,08,28,28.1,20.8,06,0.0,6.5,30,0,,,,,,,0,0,0,0,0,0,0,0,0,,,,,,,,,,,,
43295,2016,08,29,27.4,20.9,06,0.0,5.0,0,84,,,,,,,1,0,0,0,0,0,0,0,0,6,5,005,,,,,,,,,
43295,2016,08,30,27.2,21.0,06,0.2,5.6,5,54,,,,,,,1,1,0,0,0,0,0,0,0,6,8,110,5,2,200,,,,,,
43295,2016,08,31,27.2,20.5,05,33.5,3.9,435,66,,,,,,,1,1,0,0,0,1,0,0,0,6,1,260,5,1,150,0,8,120,9,8,070
43295,2016,09,01,26.2,20.0,05,2.8,4.2,75,312,,,,,,,1,1,0,0,0,0,0,0,0,6,1,015,5,1,135,,,,,,
43295,2016,09,02,26.6,21.0,06,0.0,5.0,0,102,,,,,,,1,0,0,0,0,0,0,0,0,6,6,005,,,,,,,,,
43295,2016,09,03,26.7,20.4,07,0.0,5.0,5,12,,,,,,,0,0,0,0,0,0,0,0,0,,,,,,,,,,,,
43295,2016,09,04,28.0,20.2,05,0.0,5.2,0,186,,,,,,,1,1,0,0,0,0,0,0,0,6,6,025,5,6,055,,,,,,
43295,2016,09,05,26.8,19.3,05,2.7,5.0,80,12,,,,,,,0,0,0,0,0,0,0,0,0,,,,,,,,,,,,
43295,2016,09,06,26.8,19.5,06,0.0,4.9,0,72,,,,,,,1,0,0,0,0,0,0,0,0,6,6,010,,,,,,,,,
43295,2016,09,07,27.0,18.8,06,0.4,4.9,3,174,,,,,,,0,0,0,0,0,0,0,0,0,,,,,,,,,,,,
43295,2016,09,08,28.6,19.3,06,0.0,0.5,0,534,,,,,,,0,0,0,0,0,0,0,0,0,,,,,,,,,,,,
43295,2016,09,09,29.4,20.2,04,0.0,5.0,0,468,,,,,,,0,0,0,0,0,0,0,0,0,,,,,,,,,,,,
43295,2016,09,10,28.8,20.9,04,1.4,5.2,70,342,,,,,,,1,1,0,0,0,0,0,0,0,6,1,055,5,1,260,,,,,,
43295,2016,09,11,29.7,20.0,05,10.5,5.2,60,408,,,,,,,0,1,0,0,0,0,0,0,0,5,8,040,,,,,,,,,
43295,2016,09,12,27.6,20.5,05,1.0,5.0,60,12,,,,,,,1,1,0,0,0,0,0,0,0,6,1,020,5,1,125,,,,,,
43295,2016,09,13,26.2,20.5,05,0.0,4.0,0,0,,,,,,,0,0,0,0,0,0,0,0,0,,,,,,,,,,,,
43295,2016,09,14,27.8,20.4,05,0.0,5.5,0,96,,,,,,,1,1,0,0,0,0,0,0,0,6,7,030,5,7,040,,,,,,
43295,2016,09,15,28.6,20.5,06,0.5,5.2,20,84,,,,,,,1,1,0,0,0,0,0,0,0,6,6,061,5,2,143,,,,,,
43295,2016,09,16,28.5,20.3,07,5.2,4.1,160,252,,,,,,,0,1,0,0,0,0,0,0,0,5,6,045,,,,,,,,,
43295,2016,09,17,27.7,20.2,08,0.0,4.4,30,186,,,,,,,0,1,0,0,0,0,0,0,0,5,2,032,,,,,,,,,
43295,2016,09,18,27.2,18.8,07,0.0,5.7,0,30,,,,,,,0,0,0,0,0,0,0,0,0,,,,,,,,,,,,
43295,2016,09,19,28.8,19.8,07,0.0,5.3,0,426,,,,,,,0,0,0,0,0,0,0,0,0,,,,,,,,,,,,
43295,2016,09,20,30.6,19.7,07,0.0,5.0,0,504,,,,,,,0,1,0,0,0,0,0,0,0,5,7,012,,,,,,,,,
43295,2016,09,21,27.4,20.5,07,0.2,4.9,160,0,,,,,,,1,1,0,0,0,0,0,0,0,6,2,060,5,2,320,,,,,,
43295,2016,09,22,27.0,19.7,07,0.6,5.6,12,0,,,,,,,1,1,0,0,0,0,0,0,0,6,1,025,5,1,420,,,,,,
43295,2016,09,23,28.5,20.1,08,0.0,5.9,60,174,,,,,,,1,1,0,0,0,0,0,0,0,6,6,025,5,6,060,,,,,,
43295,2016,09,24,25.2,19.6,06,4.0,2.8,138,12,,,,,,,1,1,0,0,0,0,0,0,0,6,1,100,5,1,740,,,,,,
43295,2016,09,25,25.8,19.8,07,0.2,4.2,30,0,,,,,,,0,1,0,0,0,0,0,0,0,5,3,175,,,,,,,,,
43295,2016,09,26,27.3,20.5,06,0.0,4.8,175,72,,,,,,,0,1,0,0,0,0,0,0,0,5,2,065,,,,,,,,,
43295,2016,09,27,28.6,20.8,05,0.0,5.6,0,126,,,,,,,1,1,0,0,0,0,0,0,0,6,6,030,5,6,020,,,,,,
43295,2016,09,28,29.3,21.6,05,3.7,5.3,45,114,,,,,,,0,0,0,0,0,0,0,0,0,,,,,,,,,,,,
43295,2016,09,29,29.4,21.4,05,0.0,5.6,0,78,,,,,,,0,0,0,0,0,0,0,0,0,0,7,138,,,,,,,,,
43295,2016,09,30,29.4,20.5,05,0.0,5.7,0,120,,,,,,,0,0,0,0,0,0,0,0,0,,,,,,,,,,,,
43295,2016,10,01,29.7,19.6,06,0.0,5.8,0,324,,,,,,,0,0,0,0,0,0,0,0,0,,,,,,,,,,,,
43295,2016,10,02,28.5,18.8,05,0.0,5.8,0,222,,,,,,,0,0,0,0,0,0,0,0,0,,,,,,,,,,,,
43295,2016,10,03,30.1,20.3,04,0.0,5.8,0,486,,,,,,,0,0,0,0,0,0,0,0,0,1,2,300,,,,,,,,,
43295,2016,10,04,32.0,20.5,04,0.0,6.8,0,558,,,,,,,0,0,0,0,0,0,0,0,0,,,,,,,,,,,,
43295,2016,10,05,30.7,20.5,05,0.0,6.2,0,510,,,,,,,0,0,0,0,0,0,0,0,0,1,2,195,,,,,,,,,
43295,2016,10,06,30.8,20.4,05,0.0,6.2,0,564,,,,,,,0,0,0,0,0,0,0,0,0,,,,,,,,,,,,
43295,2016,10,07,31.6,19.7,05,0.0,6.0,0,552,,,,,,,0,0,0,0,0,0,0,0,0,,,,,,,,,,,,
43295,2016,10,08,30.6,19.8,06,0.0,5.9,0,420,,,,,,,0,0,0,0,0,0,0,0,0,,,,,,,,,,,,
43295,2016,10,09,31.4,19.6,07,0.0,6.3,0,432,,,,,,,1,1,0,0,0,0,0,0,0,6,7,028,5,7,047,,,,,,
43295,2016,10,10,30.4,19.4,07,1.2,5.0,45,288,,,,,,,0,0,0,0,0,0,0,0,0,,,,,,,,,,,,
43295,2016,10,11,28.0,20.0,06,0.0,5.0,0,245,,,,,,,1,1,0,0,0,0,0,0,0,6,8,110,5,7,067,,,,,,
43295,2016,10,12,31.8,20.3,04,7.8,5.0,148,330,,,,,,,1,1,0,0,0,0,0,0,0,6,8,020,5,8,065,,,,,,
43295,2016,10,13,29.3,20.1,03,2.5,6.2,100,60,,,,,,,1,1,0,0,0,0,0,0,0,6,2,150,5,1,130,1,3,165,,,
43295,2016,10,14,28.3,21.0,01,0.0,5.0,0,54,,,,,,,0,0,0,0,0,0,0,0,0,,,,,,,,,,,,
43295,2016,10,15,30.6,19.4,02,0.0,5.8,0,414,,,,,,,0,0,0,0,0,0,0,0,0,,,,,,,,,,,,
43295,2016,10,16,30.1,18.6,02,0.0,6.7,0,570,,,,,,,0,0,0,0,0,0,0,0,0,1,2,120,,,,,,,,,
43295,2016,10,17,31.2,18.4,02,0.0,6.5,0,564,,,,,,,0,0,0,0,0,0,0,0,0,,,,,,,,,,,,
43295,2016,10,18,31.0,18.6,02,0.0,5.5,0,528,,,,,,,0,0,0,0,0,0,0,0,0,,,,,,,,,,,,
43295,2016,10,19,31.2,18.7,02,0.0,5.0,0,528,,,,,,,0,0,0,0,0,0,0,0,0,1,1,360,,,,,,,,,
43295,2016,10,20,31.1,19.1,02,0.0,2.3,0,486,,,,,,,0,0,0,0,0,0,0,0,0,1,3,210,,,,,,,,,
43295,2016,10,21,31.2,19.1,02,0.0,6.3,0,426,,,,,,,0,0,0,0,0,0,0,0,0,1,3,220,,,,,,,,,
43295,2016,10,22,31.2,19.5,02,0.0,6.6,0,,,,,,,,0,0,0,0,0,0,0,0,0,,,,,,,,,,,,
43295,2016,10,23,31.2,18.6,02,0.0,5.6,0,468,,,,,,,0,0,0,0,0,0,0,0,0,1,2,075,,,,,,,,,
43295,2016,10,24,29.2,17.7,02,0.0,5.7,0,108,,,,,,,0,0,0,0,0,0,0,0,0,1,3,230,,,,,,,,,
43295,2016,10,25,31.3,19.8,02,0.0,6.5,0,414,,,,,,,0,0,0,0,0,0,0,0,0,1,3,230,,,,,,,,,
43295,2016,10,26,31.0,18.4,02,0.0,4.4,0,330,,,,,,,0,0,0,0,0,0,0,0,0,,,,,,,,,,,,
43295,2016,10,27,30.8,19.4,02,0.0,6.8,0,,,,,,,,0,0,0,0,0,0,0,0,0,1,2,180,,,,,,,,,
43295,2016,10,28,31.0,18.6,03,0.0,6.2,0,510,,,,,,,0,0,0,0,0,0,0,0,0,1,2,161,,,,,,,,,
43295,2016,10,29,31.6,18.7,02,0.0,6.7,0,,,,,,,,0,0,0,0,0,0,0,0,0,1,3,200,,,,,,,,,
43295,2016,10,30,32.0,21.0,02,0.0,6.5,0,,,,,,,,0,0,0,0,0,0,0,0,0,,,,,,,,,,,,
43295,2016,10,31,30.7,20.1,03,0.0,5.8,,222,,,,,,,0,1,0,0,0,0,0,0,0,5,7,005,1,3,,,,,,,
43295,2016,11,01,30.6,20.8,03,0.0,6.0,0,294,,,,,,,1,1,0,0,0,0,0,0,0,6,5,092,5,7,045,,,,,,
43295,2016,11,02,29.1,20.1,03,1.5,3.3,,342,,,,,,,0,0,0,0,0,0,0,0,0,1,3,600,,,,,,,,,
43295,2016,11,03,29.0,20.9,03,0.0,,0,252,,,,,,,0,0,0,0,0,0,0,0,0,,,,,,,,,,,,
43295,2016,11,04,31.6,20.0,03,0.0,6.3,0,498,,,,,,,0,0,0,0,0,0,0,0,0,1,1,300,,,,,,,,,
43295,2016,11,05,31.6,19.1,03,0.0,6.4,0,414,,,,,,,0,0,0,0,0,0,0,0,0,1,2,250,,,,,,,,,
43295,2016,11,06,31.2,18.1,04,0.0,5.9,0,468,,,,,,,0,0,0,0,0,0,0,0,0,,,,,,,,,,,,
43295,2016,11,07,31.5,18.7,03,0.0,5.2,0,474,,,,,,,0,0,0,0,0,0,0,0,0,,,,,,,,,,,,
43295,2016,11,08,30.6,18.8,03,0.0,6.3,0,414,,,,,,,0,0,0,0,0,0,0,0,0,1,1,300,,,,,,,,,
43295,2016,11,09,30.3,17.7,03,0.0,5.7,0,480,,,,,,,0,0,0,0,0,0,0,0,0,1,1,315,,,,,,,,,
43295,2016,11,10,29.3,17.0,03,0.0,6.0,0,474,,,,,,,0,0,0,0,0,0,0,0,0,1,1,325,,,,,,,,,
43295,2016,11,11,30.3,17.0,02,0.0,5.8,0,491,,,,,,,0,0,0,0,0,0,0,0,0,1,1,330,,,,,,,,,
43295,2016,11,12,29.6,17.8,02,0.0,6.4,0,450,,,,,,,0,0,0,0,0,0,0,0,0,1,1,330,1,2,160,,,,,,
43295,2016,11,13,30.5,20.2,03,0.0,5.4,0,324,,,,,,,0,0,0,0,0,0,0,0,0,,,,,,,,,,,,
43295,2016,11,14,30.9,20.4,04,0.0,4.3,0,264,,,,,,,0,0,0,0,0,0,0,0,0,1,2,340,,,,,,,,,
43295,2016,11,15,30.1,20.3,03,0.0,5.5,0,168,,,,,,,0,0,0,0,0,0,0,0,0,,,,,,,,,,,,
43295,2016,11,16,30.4,19.6,03,0.0,6.3,0,426,,,,,,,0,0,0,0,0,0,0,0,0,,,,,,,,,,,,
43295,2016,11,17,31.4,20.2,04,0.0,5.7,0,450,,,,,,,0,0,0,0,0,0,0,0,0,1,3,540,,,,,,,,,
43295,2016,11,18,29.7,19.1,04,0.0,5.5,0,222,,,,,,,0,0,0,0,0,0,0,0,0,,,,,,,,,,,,
43295,2016,11,19,29.7,18.2,03,0.0,5.6,0,408,,,,,,,0,0,0,0,0,0,0,0,0,,,,,,,,,,,,
43295,2016,11,20,29.7,18.4,03,0.0,5.7,0,438,,,,,,,0,0,0,0,0,0,0,0,0,1,1,470,,,,,,,,,
43295,2016,11,21,30.5,18.1,02,0.0,6.3,0,414,,,,,,,0,0,0,0,0,0,0,0,0,,,,,,,,,,,,
43295,2016,11,22,31.0,16.6,03,0.0,6.5,0,204,,,,,,,0,0,0,0,0,0,0,0,0,1,1,340,,,,,,,,,
43295,2016,11,23,31.9,16.5,02,0.0,5.6,0,528,,,,,,,0,0,0,0,0,0,0,0,0,1,2,075,,,,,,,,,
43295,2016,11,24,31.8,16.1,03,0.0,5.5,0,546,,,,,,,0,0,0,0,0,0,0,0,0,,,,,,,,,,,,
43295,2016,11,25,30.7,16.2,03,0.0,6.5,0,522,,,,,,,0,0,0,0,0,0,0,0,0,,,,,,,,,,,,
43295,2016,11,26,31.5,15.9,02,0.0,6.2,0,552,,,,,,,0,0,0,0,0,0,0,0,0,,,,,,,,,,,,
43295,2016,11,27,31.5,15.0,02,0.0,5.8,0,468,,,,,,,0,0,0,0,0,0,0,0,0,,,,,,,,,,,,
43295,2016,11,28,32.5,14.2,02,0.0,7.0,0,414,,,,,,,0,0,0,0,0,0,0,0,0,,,,,,,,,,,,
43295,2016,11,29,33.0,15.6,02,0.0,6.0,0,312,,,,,,,0,0,0,0,0,0,0,0,0,,,,,,,,,,,,
43295,2016,11,30,29.9,16.7,02,0.0,5.1,0,,,,,,,,0,0,0,0,0,0,0,0,0,,,,,,,,,,,,
43295,2016,12,01,30.0,17.6,02,0.0,5.6,0,216,,,,,,,1,1,0,0,0,0,0,0,0,6,6,042,5,6,286,,,,,,
43295,2016,12,02,26.9,18.0,03,5.2,4.0,95,72,,,,,,,1,1,0,0,0,0,0,0,0,6,6,200,5,1,765,,,,,,
43295,2016,12,03,26.9,18.9,04,4.4,4.0,205,84,,,,,,,0,1,0,0,0,0,0,0,0,5,1,220,1,8,110,,,,,,
43295,2016,12,04,24.6,19.0,04,0.0,4.5,0,54,,,,,,,0,1,0,0,0,0,0,0,0,5,7,010,1,1,360,,,,,,
43295,2016,12,05,29.0,19.6,03,0.0,5.0,10,414,,,,,,,0,0,0,0,0,0,0,0,0,,,,,,,,,,,,
43295,2016,12,06,29.4,19.0,03,0.0,4.5,0,522,,,,,,,0,0,0,0,0,0,0,0,0,1,2,275,,,,,,,,,
43295,2016,12,07,28.0,15.0,03,0.0,4.0,0,390,,,,,,,0,0,0,0,0,0,0,0,0,,,,,,,,,,,,
43295,2016,12,08,29.0,18.4,03,0.0,4.0,0,348,,,,,,,0,0,0,0,0,0,0,0,0,1,3,240,,,,,,,,,
43295,2016,12,09,28.9,16.2,02,0.0,6.0,0,378,,,,,,,0,0,0,0,0,0,0,0,0,1,2,070,,,,,,,,,
43295,2016,12,10,30.3,15.5,03,0.0,5.5,0,378,,,,,,,0,0,0,0,0,0,0,0,0,,,,,,,,,,,,
43295,2016,12,11,28.0,12.0,03,0.0,4.6,0,120,,,,,,,0,0,0,0,0,0,0,0,0,1,3,200,,,,,,,,,
43295,2016,12,12,28.4,19.5,04,0.0,5.2,0,378,,,,,,,1,1,0,0,0,0,0,0,0,6,6,280,5,6,102,,,,,,
43295,2016,12,13,25.0,17.7,07,60.8,4.2,897,0,,,,,,,1,1,0,0,0,0,0,0,0,6,1,500,5,1,891,,,,,,
43295,2016,12,14,19.4,18.6,03,4.2,2.1,180,0,,,,,,,0,1,0,0,0,0,0,0,0,5,1,530,,,,,,,,,
43295,2016,12,15,22.4,17.9,03,0.0,3.0,20,0,,,,,,,0,0,0,0,0,0,0,0,0,,,,,,,,,,,,
43295,2016,12,16,27.3,18.4,03,0.0,5.0,0,516,,,,,,,0,1,0,0,0,0,0,0,0,5,4,080,,,,,,,,,
43295,2016,12,17,28.4,18.0,,0.3,,,,,,,,,,1,,,,,,,,,,,,,,,,,,,,
43295,2016,12,18,28.4,16.8,02,0.0,4.8,0,450,,,,,,,0,0,0,0,0,0,0,1,0,4,2,190,2,1,280,1,1,240,,,
43295,2016,12,19,28.9,16.7,02,0.0,4.8,0,486,,,,,,,0,0,0,0,0,0,0,0,0,1,3,220,,,,,,,,,
43295,2016,12,20,29.4,15.6,03,0.0,5.0,0,486,,,,,,,0,0,0,0,0,0,0,0,0,,,,,,,,,,,,
43295,2016,12,21,28.3,17.7,03,0.0,5.5,0,516,,,,,,,0,0,0,0,0,0,0,1,0,4,2,117,2,1,030,1,2,258,,,
43295,2016,12,22,30.4,17.0,02,0.0,4.5,0,498,,,,,,,0,0,0,0,0,0,0,0,0,2,2,130,1,1,330,,,,,,
43295,2016,12,23,31.0,14.0,02,0.0,5.0,0,576,,,,,,,0,0,0,0,0,0,0,0,0,2,2,120,1,3,190,,,,,,
43295,2016,12,24,30.3,14.4,02,0.0,5.0,0,522,,,,,,,0,0,0,0,0,0,0,0,0,2,2,100,1,1,240,,,,,,
43295,2016,12,25,30.5,14.7,02,0.0,4.5,0,552,,,,,,,0,0,0,0,0,0,0,0,0,2,2,140,1,1,310,,,,,,
43295,2016,12,26,29.0,14.8,01,0.0,4.7,0,474,,,,,,,0,0,0,0,0,0,0,0,0,2,2,140,1,1,415,,,,,,
43295,2016,12,27,30.4,14.9,02,0.0,5.0,0,528,,,,,,,0,0,0,0,0,0,0,0,0,2,2,135,1,1,325,,,,,,
43295,2016,12,28,29.8,16.4,03,0.0,4.7,0,558,,,,,,,0,0,0,0,0,0,0,0,0,,,,,,,,,,,,
43295,2016,12,29,28.7,15.5,03,0.0,5.4,0,546,,,,,,,0,0,0,0,0,0,0,1,0,4,1,130,2,1,120,1,1,335,,,
43295,2016,12,30,28.2,14.8,03,0.0,5.4,0,522,,,,,,,0,0,0,0,0,0,0,1,0,4,2,115,2,2,115,1,2,230,,,
43295,2016,12,31,27.5,14.9,03,0.0,5.0,0,426,,,,,,,0,0,0,0,0,0,0,1,0,4,3,040,2,2,295,1,2,325,,,
43295,2017,01,01,27.6,14.6,03,0.0,4.9,0,474,,,,,,,0,0,0,0,0,0,0,0,0,2,2,130,1,1,420,,,,,,
43295,2017,01,02,27.7,17.0,03,0.0,5.2,0,534,,,,,,,0,0,0,0,0,0,0,0,0,2,2,090,1,1,255,,,,,,
43295,2017,01,03,28.3,16.1,02,0.0,5.4,0,426,,,,,,,0,0,0,0,0,0,0,0,0,1,3,045,,,,,,,,,
43295,2017,01,04,29.5,15.8,02,0.0,5.0,0,504,,,,,,,0,0,0,0,0,0,0,0,0,2,2,090,1,1,290,,,,,,
43295,2017,01,05,29.0,15.5,03,0.0,5.4,0,462,,,,,,,0,0,0,0,0,0,0,0,0,2,2,200,1,1,390,,,,,,
43295,2017,01,06,28.6,16.0,03,0.0,5.5,0,491,,,,,,,0,0,0,0,0,0,0,1,0,4,2,075,2,2,175,1,1,080,,,
43295,2017,01,07,29.0,16.0,02,0.0,4.8,0,474,,,,,,,0,0,0,0,0,0,0,0,0,2,2,070,1,1,560,,,,,,
43295,2017,01,08,27.8,16.0,03,0.0,5.0,0,282,,,,,,,0,0,0,0,0,0,0,0,0,2,3,100,1,1,450,,,,,,
43295,2017,01,09,28.5,15.0,03,0.0,5.9,0,414,,,,,,,0,0,0,0,0,0,0,0,0,2,2,155,1,1,285,,,,,,
43295,2017,01,10,28.1,16.0,02,0.0,5.1,0,444,,,,,,,0,0,0,0,0,0,0,0,0,2,2,150,1,1,360,,,,,,
43295,2017,01,11,29.4,16.6,02,0.0,4.8,0,,,,,,,,0,0,0,0,0,0,0,0,0,1,2,330,,,,,,,,,
43295,2017,01,12,29.2,16.4,03,0.0,5.0,0,438,,,,,,,0,0,0,0,0,0,0,0,0,1,1,465,,,,,,,,,
43295,2017,01,13,28.0,16.9,03,0.0,5.7,0,222,,,,,,,0,0,0,0,0,0,0,0,0,2,3,070,1,1,535,,,,,,
43295,2017,01,14,28.3,17.2,04,0.0,5.6,0,294,,,,,,,0,0,0,0,0,0,0,1,0,4,2,060,2,1,050,1,1,430,,,
43295,2017,01,15,27.2,15.5,04,0.0,5.0,0,354,,,,,,,0,0,0,0,0,0,0,0,0,1,2,420,,,,,,,,,
43295,2017,01,16,27.6,15.7,03,0.0,5.3,0,491,,,,,,,0,0,0,0,0,0,0,0,0,2,2,215,1,3,150,,,,,,
43295,2017,01,17,28.0,15.4,03,0.0,5.6,0,491,,,,,,,0,0,0,0,0,0,0,0,0,2,2,155,1,1,310,,,,,,
43295,2017,01,18,28.9,14.4,04,0.0,4.9,0,510,,,,,,,0,0,0,0,0,0,0,0,0,2,2,110,1,1,245,,,,,,
43295,2017,01,19,28.2,15.8,04,0.0,5.2,0,,,,,,,,0,0,0,0,0,0,0,0,0,2,2,060,1,1,375,,,,,,
43295,2017,01,20,27.6,15.3,04,0.0,5.6,0,420,,,,,,,0,0,0,0,0,0,0,0,0,2,2,110,1,1,410,,,,,,
43295,2017,01,21,28.9,19.1,04,0.0,5.9,0,456,,,,,,,0,0,0,0,0,0,0,0,0,5,5,002,2,2,160,1,1,390,,,
43295,2017,01,22,25.2,16.8,04,0.0,4.5,2,72,,,,,,,0,0,0,0,0,0,0,0,0,1,2,210,,,,,,,,,
43295,2017,01,23,30.3,15.9,04,0.0,5.9,0,528,,,,,,,0,0,0,0,0,0,0,0,0,1,2,105,,,,,,,,,
43295,2017,01,24,29.5,16.0,04,0.0,5.0,0,342,,,,,,,0,0,0,0,0,0,0,0,0,1,2,255,,,,,,,,,
43295,2017,01,25,30.3,16.7,05,0.0,5.6,0,552,,,,,,,0,0,0,0,0,0,0,0,0,2,2,080,1,1,415,,,,,,
43295,2017,01,26,29.2,18.3,04,0.0,5.5,2,324,,,,,,,0,1,0,0,0,0,0,0,0,5,2,182,2,2,060,1,2,330,,,
43295,2017,01,27,26.0,19.7,03,0.2,3.3,45,12,,,,,,,0,1,0,0,0,0,0,0,0,5,5,002,1,1,480,,,,,,
43295,2017,01,28,24.9,20.0,04,0.0,5.0,2,0,,,,,,,0,1,0,0,0,0,0,0,0,1,1,510,,,,,,,,,
43295,2017,01,29,27.5,19.2,04,0.0,5.8,0,204,,,,,,,0,0,0,0,0,0,0,0,0,1,2,360,,,,,,,,,
43295,2017,01,30,30.0,17.9,03,0.0,5.0,0,396,,,,,,,0,0,0,0,0,0,0,0,0,1,2,240,,,,,,,,,
43295,2017,01,31,31.7,18.2,03,0.0,4.0,0,546,,,,,,,0,0,0,0,0,0,0,0,0,1,2,210,,,,,,,,,
43295,2017,02,01,32.0,16.0,03,0.0,5.0,0,504,,,,,,,0,0,0,0,0,0,0,0,0,1,2,225,,,,,,,,,
43295,2017,02,02,31.5,16.4,04,0.0,6.3,0,576,,,,,,,0,0,0,0,0,0,0,0,0,1,2,200,,,,,,,,,
43295,2017,02,03,31.7,16.7,04,0.0,6.0,0,564,,,,,,,0,0,0,0,0,0,0,0,0,1,2,210,,,,,,,,,
43295,2017,02,04,30.0,16.6,03,0.0,5.2,0,546,,,,,,,0,0,0,0,0,0,0,0,0,1,1,350,,,,,,,,,
43295,2017,02,05,29.3,15.9,04,0.0,5.0,0,510,,,,,,,0,0,0,0,0,0,0,0,0,1,2,265,,,,,,,,,
43295,2017,02,06,30.7,16.0,03,0.0,5.5,0,540,,,,,,,0,0,0,0,0,0,0,0,0,2,3,090,1,2,240,,,,,,
43295,2017,02,07,30.9,16.1,02,0.0,5.6,0,522,,,,,,,0,0,0,0,0,0,0,0,0,2,2,115,1,1,170,,,,,,
43295,2017,02,08,32.2,16.6,03,0.0,4.5,0,528,,,,,,,0,0,0,0,0,0,0,0,0,1,2,190,,,,,,,,,
43295,2017,02,09,32.0,15.8,03,0.0,5.8,0,510,,,,,,,0,0,0,0,0,0,0,0,0,1,2,225,,,,,,,,,
43295,2017,02,10,32.1,15.5,03,0.0,5.1,0,558,,,,,,,0,0,0,0,0,0,0,0,0,1,3,105,,,,,,,,,
43295,2017,02,11,32.6,16.1,04,0.0,5.7,0,522,,,,,,,0,0,0,0,0,0,0,0,0,2,2,130,1,1,190,,,,,,
43295,2017,02,12,31.0,15.2,04,0.0,4.6,0,558,,,,,,,0,0,0,0,0,0,0,1,0,4,3,095,2,3,025,1,1,510,,,
43295,2017,02,13,29.6,15.8,04,0.0,5.5,0,480,,,,,,,0,0,0,0,0,0,0,0,0,1,1,420,,,,,,,,,
43295,2017,02,14,28.8,17.4,04,0.0,5.7,0,558,,,,,,,0,0,0,0,0,0,0,0,0,1,3,255,,,,,,,,,
43295,2017,02,15,28.6,17.3,04,0.0,5.0,0,354,,,,,,,0,0,0,0,0,0,0,0,0,1,2,110,,,,,,,,,
43295,2017,02,16,29.8,16.1,04,0.0,5.0,0,552,,,,,,,0,0,0,0,0,0,0,0,0,2,3,045,1,1,500,,,,,,
43295,2017,02,17,29.5,15.9,05,0.0,,0,516,,,,,,,0,0,0,0,0,0,0,0,0,1,3,095,,,,,,,,,
43295,2017,02,18,29.3,16.4,04,0.0,,0,522,,,,,,,0,0,0,0,0,0,0,0,0,1,2,345,,,,,,,,,
43295,2017,02,19,31.2,16.8,03,0.0,5.7,0,540,,,,,,,0,0,0,0,0,0,0,0,0,2,2,075,1,1,375,,,,,,
43295,2017,02,20,31.8,17.7,02,0.0,5.2,0,318,,,,,,,0,0,0,0,0,0,0,0,0,2,2,130,0,1,250,,,,,,
43295,2017,02,21,33.4,19.3,03,0.0,5.4,0,210,,,,,,,0,0,0,0,0,0,0,0,0,1,2,480,,,,,,,,,
43295,2017,02,22,34.5,19.2,02,0.0,6.0,0,510,,,,,,,0,0,0,0,0,0,0,0,0,1,2,240,,,,,,,,,
43295,2017,02,23,35.2,19.2,02,0.0,5.9,0,504,,,,,,,0,0,0,0,0,0,0,0,0,2,2,045,1,1,230,,,,,,
43295,2017,02,24,35.0,19.7,03,0.0,6.0,0,546,,,,,,,0,0,0,0,0,0,0,0,0,1,2,210,,,,,,,,,
43295,2017,02,25,35.5,14.9,03,0.0,5.0,0,534,,,,,,,0,0,0,0,0,0,0,0,0,1,2,300,,,,,,,,,
43295,2017,02,26,34.9,20.0,03,0.0,5.8,0,570,,,,,,,0,0,0,0,0,0,0,0,0,1,2,180,,,,,,,,,
43295,2017,02,27,33.3,19.1,04,0.0,5.5,0,498,,,,,,,0,0,0,0,0,0,0,0,0,2,1,120,1,1,200,,,,,,
43295,2017,02,28,31.0,17.4,04,0.0,,0,174,,,,,,,0,0,0,0,0,0,0,0,0,2,3,060,1,2,060,,,,,,
43295,2017,03,01,32.5,16.9,04,0.0,,0,522,,,,,,,0,0,0,0,0,0,0,0,0,,,,,,,,,,,,
43295,2017,03,02,32.0,15.7,04,0.0,,0,312,,,,,,,0,0,0,0,0,0,0,0,0,,,,,,,,,,,,
43295,2017,03,03,31.6,18.2,03,0.0,,0,264,,,,,,,0,0,0,0,0,0,0,0,0,,,,,,,,,,,,
43295,2017,03,04,33.2,20.7,04,0.0,,0,540,,,,,,,0,0,0,0,0,0,0,0,0,,,,,,,,,,,,
43295,2017,03,05,32.8,21.5,03,0.0,,0,390,,,,,,,0,1,0,0,0,0,0,0,0,5,6,005,1,1,360,0,7,090,,,
43295,2017,03,06,34.5,23.8,03,0.0,,5,414,,,,,,,1,1,0,0,0,1,0,0,0,9,7,040,6,7,090,5,8,025,0,5,300
43295,2017,03,07,33.1,21.5,03,8.4,,115,162,,,,,,,1,1,0,0,0,1,0,0,0,9,7,200,6,7,200,0,1,310,,,
43295,2017,03,08,33.8,21.1,03,36.8,,165,456,,,,,,,0,1,0,0,0,0,0,0,0,5,1,160,0,1,180,,,,,,
43295,2017,03,09,31.6,21.2,02,0.0,,0,252,,,,,,,0,0,0,0,0,0,0,0,0,,,,,,,,,,,,
43295,2017,03,10,33.6,21.9,04,0.0,,0,528,,,,,,,0,0,0,0,0,0,0,0,0,,,,,,,,,,,,
43295,2017,03,11,33.5,21.0,04,0.0,,10,450,,,,,,,0,0,0,0,0,0,0,0,0,,,,,,,,,,,,
43295,2017,03,12,33.7,21.0,04,0.0,,0,522,,,,,,,0,0,0,0,0,0,0,0,0,,,,,,,,,,,,
43295,2017,03,13,34.3,22.2,03,0.0,,0,510,,,,,,,1,1,0,0,0,0,0,0,0,6,7,050,5,7,020,0,7,300,,,
43295,2017,03,14,34.0,22.0,03,2.6,,35,522,,,,,,,0,1,0,0,0,0,0,0,0,5,4,015,0,1,170,,,,,,
43295,2017,03,15,30.4,20.8,04,0.0,,10,360,,,,,,,0,0,0,0,0,0,0,0,0,,,,,,,,,,,,
43295,2017,03,16,30.7,20.3,04,0.0,,0,402,,,,,,,0,0,0,0,0,0,0,0,0,,,,,,,,,,,,
43295,2017,03,17,32.1,21.0,02,0.0,,0,324,,,,,,,0,0,0,0,0,0,0,0,0,,,,,,,,,,,,
43295,2017,03,18,33.8,21.9,04,0.0,,0,474,,,,,,,0,0,0,0,0,0,0,0,0,,,,,,,,,,,,
43295,2017,03,19,35.0,22.4,04,0.0,,0,522,,,,,,,0,0,0,0,0,0,0,0,0,,,,,,,,,,,,
43295,2017,03,20,36.0,23.2,04,0.0,,0,498,,,,,,,0,0,0,0,0,0,0,0,0,,,,,,,,,,,,
43295,2017,03,21,34.8,22.4,04,0.0,,0,408,,,,,,,0,0,0,0,0,0,0,0,0,,,,,,,,,,,,
43295,2017,03,22,33.6,21.0,03,0.0,,0,396,,,,,,,0,0,0,0,0,0,0,0,0,,,,,,,,,,,,
43295,2017,03,23,34.0,20.6,03,0.0,,0,456,,,,,,,0,0,0,0,0,0,0,0,0,,,,,,,,,,,,
43295,2017,03,24,34.7,20.6,02,0.0,,0,564,,,,,,,0,0,0,0,0,0,0,0,0,,,,,,,,,,,,
43295,2017,03,25,35.6,20.6,03,0.0,,0,576,,,,,,,0,0,0,0,0,0,0,0,0,,,,,,,,,,,,
43295,2017,03,26,37.2,21.6,03,0.0,,0,582,,,,,,,0,0,0,0,0,0,0,0,0,,,,,,,,,,,,
43295,2017,03,27,36.1,21.2,03,0.0,,0,486,,,,,,,0,0,0,0,0,0,0,0,0,,,,,,,,,,,,
43295,2017,03,28,35.3,22.0,03,0.0,,0,594,,,,,,,0,0,0,0,0,0,0,0,0,,,,,,,,,,,,
43295,2017,03,29,36.0,22.4,03,0.0,,0,510,,,,,,,0,0,0,0,0,0,0,0,0,,,,,,,,,,,,
43295,2017,03,30,35.9,23.0,04,0.0,,0,498,,,,,,,0,0,0,0,0,0,0,0,0,,,,,,,,,,,,
43295,2017,03,31,35.4,22.1,03,0.0,,0,546,,,,,,,0,0,0,0,0,0,0,0,0,,,,,,,,,,,,
43295,2017,04,01,35.8,22.5,03,0.0,,0,564,,,,,,,0,0,0,0,0,0,0,0,0,,,,,,,,,,,,
43295,2017,04,02,36.3,21.9,04,0.0,,0,546,,,,,,,0,0,0,0,0,0,0,0,0,,,,,,,,,,,,
43295,2017,04,03,35.6,23.5,04,0.0,,0,480,,,,,,,0,0,0,0,0,0,0,0,0,,,,,,,,,,,,
43295,2017,04,04,35.5,24.0,03,0.0,,0,450,,,,,,,0,1,0,0,0,0,0,0,0,5,7,010,,,,,,,,,
43295,2017,04,05,36.1,22.8,04,0.0,,10,438,,,,,,,1,1,0,0,0,1,0,0,0,9,6,100,6,6,100,5,8,025,1,2,120
43295,2017,04,06,35.5,22.4,04,3.6,,60,438,,,,,,,1,1,0,0,0,1,0,0,0,9,8,110,6,8,110,5,7,105,0,1,540
43295,2017,04,07,35.5,22.5,04,0.6,,40,480,,,,,,,0,0,0,0,0,0,0,0,0,0,1,030,,,,,,,,,
43295,2017,04,08,35.5,24.5,02,0.0,,0,444,,,,,,,0,0,0,0,0,0,0,0,0,,,,,,,,,,,,
43295,2017,04,09,36.5,24.4,04,0.0,,0,516,,,,,,,0,0,0,0,0,0,0,0,0,,,,,,,,,,,,
43295,2017,04,10,36.0,23.4,04,0.0,,0,510,,,,,,,1,1,0,0,0,0,0,0,0,6,6,015,5,6,015,1,3,060,,,
43295,2017,04,11,35.6,23.5,03,0.0,,15,396,,,,,,,0,0,0,0,0,0,0,0,0,,,,,,,,,,,,
43295,2017,04,12,36.0,24.0,03,0.0,,0,312,,,,,,,0,0,0,0,0,0,0,0,0,,,,,,,,,,,,
43295,2017,04,13,37.0,24.0,03,0.0,,0,510,,,,,,,0,0,0,0,0,0,0,0,0,1,2,130,,,,,,,,,
43295,2017,04,14,36.5,23.2,03,0.0,,0,408,,,,,,,0,0,0,0,0,0,0,0,0,,,,,,,,,,,,
43295,2017,04,15,35.6,22.6,04,0.0,,0,366,,,,,,,0,0,0,0,0,0,0,0,0,,,,,,,,,,,,
43295,2017,04,16,36.8,23.2,04,0.0,,0,432,,,,,,,1,0,0,0,0,1,0,0,0,9,6,032,6,6,035,,,,,,
43295,2017,04,17,36.2,22.2,05,3.5,,15,438,,,,,,,1,1,0,0,0,1,0,0,0,9,6,027,6,6,020,5,6,015,,,
43295,2017,04,18,35.0,20.6,05,12.6,,40,330,,,,,,,0,1,0,0,0,0,0,0,0,5,8,110,0,7,240,,,,,,
43295,2017,04,19,35.6,23.4,05,0.0,,5,444,,,,,,,1,1,0,0,0,0,0,0,0,6,7,005,5,6,022,,,,,,
43295,2017,04,20,35.7,23.9,05,0.3,,5,414,,,,,,,1,1,0,0,0,1,0,0,0,9,6,075,6,6,085,5,7,010,0,7,150
43295,2017,04,21,35.2,21.7,05,1.0,,48,360,,,,,,,0,0,0,0,0,0,0,0,0,1,2,150,,,,,,,,,
43295,2017,04,22,33.6,22.8,05,0.0,,,378,,,,,,,0,0,0,0,0,0,0,0,0,,,,,,,,,,,,
43295,2017,04,23,35.0,23.6,05,0.0,,0,450,,,,,,,0,0,0,0,0,0,0,0,0,,,,,,,,,,,,
43295,2017,04,24,36.4,22.9,04,0.0,,0,414,,,,,,,0,0,0,0,0,0,0,0,0,,,,,,,,,,,,
43295,2017,04,25,37.0,23.7,04,0.0,,0,491,,,,,,,1,1,0,0,0,1,0,0,0,9,6,195,6,6,195,5,7,075,1,2,120
43295,2017,04,26,37.0,22.5,04,1.1,,115,372,,,,,,,1,0,0,0,0,1,0,0,0,9,1,030,6,1,030,,,,,,
43295,2017,04,27,35.6,24.0,03,0.0,,0,420,,,,,,,0,0,0,0,0,0,0,0,0,,,,,,,,,,,,
43295,2017,04,28,38.9,24.4,03,0.0,,0,354,,,,,,,1,1,0,0,0,1,0,0,0,9,7,120,6,7,120,5,7,055,0,7,195
43295,2017,04,29,35.3,22.5,04,1.2,,70,456,,,,,,,1,1,0,0,0,1,0,0,0,9,6,180,6,6,120,5,6,105,1,2,120
43295,2017,04,30,35.6,20.1,03,6.0,,270,474,,,,,,,0,0,0,0,0,0,0,0,0,,,,,,,,,,,,
43295,2017,05,01,35.6,20.5,03,1.3,,70,534,,,,,,,1,1,0,0,0,1,0,0,0,9,2,235,6,2,155,5,8,075,0,1,480
43295,2017,05,02,35.1,22.3,04,0.0,,10,360,,,,,,,0,0,0,0,0,0,0,0,0,,,,,,,,,,,,
43295,2017,05,03,34.2,23.3,03,0.0,,0,450,,,,,,,0,0,0,0,0,0,0,0,0,,,,,,,,,,,,
43295,2017,05,04,33.7,23.4,03,0.0,,0,366,,,,,,,0,0,0,0,0,0,0,0,0,,,,,,,,,,,,
43295,2017,05,05,35.9,24.4,03,0.0,,0,510,,,,,,,0,0,0,0,0,0,0,0,0,,,,,,,,,,,,
43295,2017,05,06,36.0,24.2,04,0.0,,0,450,,,,,,,1,1,0,0,0,1,0,0,0,9,6,110,5,6,003,0,7,290,,,
43295,2017,05,07,35.8,23.2,04,0.0,,2,432,,,,,,,1,1,0,0,0,1,0,0,0,9,6,395,6,6,115,5,6,055,,,
43295,2017,05,08,37.0,20.8,05,1.6,,145,432,,,,,,,1,0,0,0,0,1,0,0,0,9,1,090,6,1,040,,,,,,
43295,2017,05,09,33.2,23.1,04,0.0,,0,198,,,,,,,0,1,0,0,0,0,0,0,0,5,6,120,0,7,150,,,,,,
43295,2017,05,10,33.2,21.5,04,0.0,,10,240,,,,,,,1,0,0,0,0,1,0,0,0,9,7,315,6,8,010,0,7,350,,,
43295,2017,05,11,34.4,22.0,04,0.0,,5,426,,,,,,,0,0,0,0,0,1,0,0,0,9,1,190,0,1,420,,,,,,
43295,2017,05,12,32.5,23.0,04,0.0,,0,258,,,,,,,0,0,0,0,0,0,0,0,0,,,,,,,,,,,,
43295,2017,05,13,33.0,23.8,03,0.0,,0,228,,,,,,,0,0,0,0,0,0,0,0,0,,,,,,,,,,,,
43295,2017,05,14,33.8,23.8,04,0.0,,0,138,,,,,,,1,0,0,0,0,1,0,0,0,9,6,190,6,6,070,0,6,230,,,
43295,2017,05,15,35.0,21.8,05,2.6,,20,420,,,,,,,0,0,0,0,0,1,0,0,0,9,7,180,1,2,180,0,7,330,,,
43295,2017,05,16,33.5,23.5,05,0.0,,0,570,,,,,,,0,0,0,0,0,1,0,0,0,9,7,035,0,7,190,,,,,,
43295,2017,05,17,36.4,22.6,06,0.0,,0,426,,,,,,,1,0,0,0,0,1,0,0,0,,,,,,,,,,,,
43295,2017,05,18,34.5,21.5,05,9.8,,,,,,,,,,1,1,0,0,0,1,0,0,0,9,6,460,6,7,330,5,2,020,0,1,620
43295,2017,05,19,35.5,19.4,06,20.0,,365,456,,,,,,,1,0,0,0,0,1,0,0,0,9,1,190,6,1,190,0,1,210,,,
43295,2017,05,20,32.7,21.8,05,0.0,,10,252,,,,,,,1,0,0,0,0,1,0,0,0,9,7,200,6,2,210,0,7,290,,,
43295,2017,05,21,35.1,19.9,05,40.8,,305,330,,,,,,,1,0,0,0,0,1,0,0,0,9,1,205,6,1,120,0,1,370,,,
43295,2017,05,22,32.0,22.3,04,0.0,6.0,0,90,,,,,,,1,0,0,0,0,1,0,0,0,9,8,110,6,8,110,0,7,250,,,
43295,2017,05,23,32.0,19.4,05,28.8,5.1,270,186,,,,,,,1,0,0,0,0,1,0,0,0,9,1,120,6,1,160,0,1,230,,,
43295,2017,05,24,33.5,20.5,04,13.0,5.0,35,426,,,,,,,1,0,0,0,0,1,0,0,0,9,1,135,6,1,170,0,1,460,,,
43295,2017,05,25,34.0,21.9,06,0.1,5.0,30,498,,,,,,,0,0,0,0,0,0,0,0,0,0,1,195,,,,,,,,,
43295,2017,05,26,33.3,23.7,07,0.0,7.0,0,264,,,,,,,1,0,0,0,0,1,0,0,0,9,7,260,6,7,105,0,7,300,,,
43295,2017,05,27,33.1,20.0,06,83.4,3.7,415,456,,,,,,,1,1,0,0,0,1,0,0,0,9,1,385,6,1,600,5,3,110,0,1,180
43295,2017,05,28,30.0,20.0,05,39.9,3.2,,114,,,,,,,0,0,0,0,0,0,0,0,0,0,1,010,,,,,,,,,
43295,2017,05,29,29.7,21.3,07,0.0,5.2,0,294,,,,,,,0,0,0,0,0,0,0,0,0,,,,,,,,,,,,
43295,2017,05,30,30.4,21.4,07,0.0,5.0,0,426,,,,,,,1,1,0,0,0,0,0,0,0,6,7,070,5,6,020,0,7,120,,,
43295,2017,05,31,31.2,20.8,07,0.6,5.0,18,522,,,,,,,0,0,0,0,0,0,0,0,0,,,,,,,,,,,,
43295,2017,06,01,29.7,20.8,07,0.0,6.0,0,588,,,,,,,0,0,0,0,0,0,0,0,0,,,,,,,,,,,,
43295,2017,06,02,32.1,21.8,06,0.0,4.0,0,594,,,,,,,0,0,0,0,0,0,0,0,0,,,,,,,,,,,,
43295,2017,06,03,32.4,22.2,08,0.0,6.5,0,594,,,,,,,0,0,0,0,0,0,0,0,0,,,,,,,,,,,,
43295,2017,06,04,32.2,20.7,08,0.0,6.0,0,438,,,,,,,0,0,0,0,0,0,0,0,0,,,,,,,,,,,,
43295,2017,06,05,32.0,21.7,06,0.0,5.0,0,570,,,,,,,0,1,0,0,0,1,0,0,0,9,6,030,5,7,100,0,7,195,,,
43295,2017,06,06,32.0,21.8,06,0.0,4.5,10,528,,,,,,,0,0,0,0,0,0,0,0,0,,,,,,,,,,,,
43295,2017,06,07,31.2,22.4,07,0.0,6.0,12,162,,,,,,,1,1,0,0,0,0,0,0,0,6,6,035,5,1,120,,,,,,
43295,2017,06,08,28.4,21.5,07,0.7,3.1,70,0,,,,,,,0,0,0,0,0,0,0,0,0,,,,,,,,,,,,
43295,2017,06,09,29.6,21.1,06,0.0,3.6,0,114,,,,,,,1,1,0,0,0,1,0,0,0,9,6,030,6,6,065,5,5,080,,,
43295,2017,06,10,28.1,20.7,07,8.7,3.5,70,180,,,,,,,0,1,0,0,0,0,0,0,0,5,5,010,,,,,,,,,
43295,2017,06,11,27.9,20.8,08,0.0,5.0,5,48,,,,,,,1,0,0,0,0,0,0,0,0,6,5,070,,,,,,,,,
43295,2017,06,12,28.3,20.2,10,1.8,3.0,315,90,,,,,,,1,1,0,0,0,0,0,0,0,6,1,095,5,1,891,,,,,,
43295,2017,06,13,25.2,20.4,08,1.1,3.5,60,0,,,,,,,1,1,0,0,0,0,0,0,0,6,6,015,5,1,130,,,,,,
43295,2017,06,14,28.9,22.0,07,1.1,2.9,10,120,,,,,,,0,0,0,0,0,0,0,0,0,,,,,,,,,,,,
43295,2017,06,15,31.2,21.5,07,0.0,4.5,0,504,,,,,,,0,0,0,0,0,0,0,0,0,,,,,,,,,,,,
43295,2017,06,16,29.5,21.3,07,0.0,4.0,0,132,,,,,,,1,1,0,0,0,1,0,0,0,9,5,080,6,5,050,5,5,090,,,
43295,2017,06,17,28.4,20.8,05,7.8,2.9,115,54,,,,,,,0,0,0,0,0,0,0,0,0,,,,,,,,,,,,
43295,2017,06,18,26.2,20.2,06,0.0,4.0,0,0,,,,,,,1,1,0,0,0,0,0,0,0,6,7,140,5,6,155,,,,,,
43295,2017,06,19,29.0,20.0,05,3.6,5.5,48,222,,,,,,,1,1,0,0,0,0,0,0,0,6,7,070,5,5,025,0,7,280,,,
43295,2017,06,20,28.0,21.0,05,0.1,5.0,35,0,,,,,,,0,1,0,0,0,0,0,0,0,5,6,030,,,,,,,,,
43295,2017,06,21,28.8,20.8,06,0.2,4.0,10,90,,,,,,,0,1,0,0,0,0,0,0,0,5,6,005,,,,,,,,,
43295,2017,06,22,29.5,20.5,07,0.0,5.8,5,402,,,,,,,0,0,0,0,0,0,0,0,0,,,,,,,,,,,,
43295,2017,06,23,29.8,20.0,07,0.0,7.0,0,312,,,,,,,0,1,0,0,0,0,0,0,0,5,6,020,0,7,030,,,,,,
43295,2017,06,24,30.5,21.0,08,0.0,5.0,5,408,,,,,,,0,0,0,0,0,0,0,0,0,,,,,,,,,,,,
43295,2017,06,25,29.4,20.6,09,0.0,5.0,0,252,,,,,,,1,0,0,0,0,0,0,0,0,6,5,015,,,,,,,,,
43295,2017,06,26,29.0,20.4,10,0.0,5.0,15,132,,,,,,,0,1,0,0,0,0,0,0,0,5,5,065,,,,,,,,,
43295,2017,06,27,27.9,20.4,09,0.0,6.0,10,54,,,,,,,0,1,0,0,0,0,0,0,0,5,5,115,,,,,,,,,
43295,2017,06,28,29.8,20.3,09,0.0,4.0,5,222,,,,,,,1,0,0,0,0,0,0,0,0,6,7,015,,,,,,,,,
43295,2017,06,29,29.1,20.4,08,0.0,4.0,10,138,,,,,,,0,1,0,0,0,0,0,0,0,5,1,030,,,,,,,,,
43295,2017,06,30,29.0,20.8,08,0.0,5.0,0,102,,,,,,,0,1,0,0,0,0,0,0,0,5,6,005,,,,,,,,,
43295,2017,07,01,28.7,19.3,07,0.0,6.0,5,108,,,,,,,0,1,0,0,0,0,0,0,0,5,7,005,,,,,,,,,
43295,2017,07,02,29.5,20.5,08,0.0,5.0,5,138,,,,,,,0,0,0,0,0,0,0,0,0,,,,,,,,,,,,
43295,2017,07,03,29.9,20.9,07,0.0,5.0,0,204,,,,,,,1,1,0,0,0,0,0,0,0,6,7,120,5,7,165,,,,,,
43295,2017,07,04,28.7,20.4,07,7.6,4.6,75,114,,,,,,,1,1,0,0,0,0,0,0,0,6,7,035,5,7,025,,,,,,
43295,2017,07,05,27.6,20.0,06,0.8,4.0,10,24,,,,,,,1,1,0,0,0,1,0,0,0,9,6,020,6,6,115,5,3,100,0,7,120
43295,2017,07,06,29.2,20.2,06,6.0,3.5,25,216,,,,,,,1,1,0,0,0,0,0,0,0,6,7,035,5,7,035,,,,,,
43295,2017,07,07,29.3,20.5,05,6.2,5.0,45,288,,,,,,,1,1,0,0,0,0,0,0,0,6,5,030,5,5,245,0,7,160,,,
43295,2017,07,08,27.4,20.4,05,2.6,4.0,15,78,,,,,,,0,0,0,0,0,0,0,0,0,,,,,,,,,,,,
43295,2017,07,09,26.1,20.2,05,0.0,6.0,0,0,,,,,,,0,0,0,0,0,0,0,0,0,,,,,,,,,,,,
43295,2017,07,10,30.3,20.5,06,0.0,5.0,0,276,,,,,,,0,0,0,0,0,0,0,0,0,,,,,,,,,,,,
43295,2017,07,11,30.0,20.8,06,0.0,4.5,0,384,,,,,,,0,1,0,0,0,0,0,0,0,5,7,030,,,,,,,,,
43295,2017,07,12,29.5,21.0,07,0.0,5.0,5,78,,,,,,,1,1,0,0,0,1,0,0,0,9,6,015,6,6,015,5,6,015,,,
43295,2017,07,13,28.5,20.0,06,1.6,6.0,5,18,,,,,,,0,0,0,0,0,0,0,0,0,,,,,,,,,,,,
43295,2017,07,14,26.9,20.0,08,0.0,3.5,0,36,,,,,,,0,1,0,0,0,0,0,0,0,5,6,035,,,,,,,,,
43295,2017,07,15,27.2,20.2,07,0.0,3.8,5,108,,,,,,,0,1,0,0,0,0,0,0,0,5,5,210,,,,,,,,,
43295,2017,07,16,24.7,19.7,07,0.0,4.8,5,0,,,,,,,1,1,0,0,0,0,0,0,0,6,6,010,5,4,045,,,,,,
43295,2017,07,17,28.8,20.0,08,0.0,6.0,5,198,,,,,,,0,0,0,0,0,0,0,0,0,,,,,,,,,,,,
43295,2017,07,18,28.3,20.7,09,0.0,4.5,5,42,,,,,,,1,1,0,0,0,0,0,0,0,5,3,138,,,,,,,,,
43295,2017,07,19,26.6,20.6,09,0.0,3.4,5,42,,,,,,,1,1,0,0,0,0,0,0,0,6,5,140,5,2,116,,,,,,
43295,2017,07,20,26.6,20.6,09,9.4,2.4,75,102,,,,,,,1,1,0,0,0,0,0,0,0,6,4,025,5,2,045,,,,,,
43295,2017,07,21,28.7,19.7,09,0.8,7.8,15,288,,,,,,,0,1,0,0,0,0,0,0,0,5,6,060,,,,,,,,,
43295,2017,07,22,28.7,20.0,08,0.0,3.0,5,312,,,,,,,0,1,0,0,0,0,0,0,0,5,3,010,1,3,110,,,,,,
43295,2017,07,23,30.5,20.5,07,0.0,3.8,0,300,,,,,,,0,0,0,0,0,0,0,0,0,,,,,,,,,,,,
43295,2017,07,24,30.3,20.2,08,0.0,3.8,0,336,,,,,,,0,1,0,0,0,0,0,0,0,5,6,002,,,,,,,,,
43295,2017,07,25,30.3,20.5,07,0.0,6.1,5,390,,,,,,,0,1,0,0,0,0,0,0,0,5,7,014,,,,,,,,,
43295,2017,07,26,30.5,20.5,07,0.0,4.5,5,300,,,,,,,0,0,0,0,0,0,0,0,0,,,,,,,,,,,,
43295,2017,07,27,29.8,20.5,07,0.0,4.5,0,450,,,,,,,1,1,0,0,0,1,0,0,0,9,7,070,6,7,135,5,8,015,0,7,150
43295,2017,07,28,31.1,21.0,07,12.0,6.0,70,480,,,,,,,1,1,0,0,0,0,0,0,0,6,7,075,5,7,060,,,,,,
43295,2017,07,29,31.3,20.6,06,10.7,6.7,105,491,,,,,,,0,1,0,0,0,0,0,0,0,5,7,015,,,,,,,,,
43295,2017,07,30,30.7,21.3,06,0.0,4.5,5,402,,,,,,,1,1,0,0,0,1,0,0,0,9,7,015,6,7,100,5,8,100,1,3,210
43295,2017,07,31,30.7,22.0,05,1.3,4.2,105,60,,,,,,,1,0,0,0,0,0,0,0,0,6,8,140,0,8,145,,,,,,
43295,2017,08,01,30.5,21.4,04,8.4,6.4,145,186,,,,,,,1,1,0,0,0,0,0,0,0,6,1,230,5,1,220,0,1,210,,,
43295,2017,08,02,31.5,21.6,05,1.8,6.0,450,486,,,,,,,1,1,0,0,0,0,0,0,0,6,1,070,5,1,110,0,7,025,,,
43295,2017,08,03,31.2,20.3,07,0.0,5.5,5,378,,,,,,,0,1,0,0,0,0,0,0,0,5,5,021,,,,,,,,,
43295,2017,08,04,29.5,20.3,07,0.0,4.3,5,294,,,,,,,0,1,0,0,0,0,0,0,0,5,2,340,,,,,,,,,
43295,2017,08,05,27.5,21.3,07,0.0,6.6,5,60,,,,,,,0,1,0,0,0,0,0,0,0,5,3,020,,,,,,,,,
43295,2017,08,06,29.5,21.3,06,0.0,6.1,5,12,,,,,,,0,1,0,0,0,0,0,0,0,5,4,020,,,,,,,,,
43295,2017,08,07,30.2,21.2,06,0.0,5.0,5,324,,,,,,,0,0,0,0,0,0,0,0,0,1,2,150,,,,,,,,,
43295,2017,08,08,31.2,22.0,05,0.0,5.3,0,504,,,,,,,1,1,0,0,0,0,0,0,0,6,8,010,5,8,075,,,,,,
43295,2017,08,09,31.3,21.9,05,1.0,5.0,60,324,,,,,,,1,1,0,0,0,0,0,0,0,6,5,140,5,1,100,,,,,,
43295,2017,08,10,27.4,20.7,04,12.0,4.5,615,0,,,,,,,1,1,0,0,0,0,0,0,0,6,2,120,5,1,455,0,7,120,,,
43295,2017,08,11,28.0,21.6,03,4.0,4.8,57,102,,,,,,,1,1,0,0,0,1,0,0,0,9,7,070,6,7,105,5,7,050,1,3,210
43295,2017,08,12,28.2,20.5,04,16.5,3.5,415,126,,,,,,,1,1,0,0,0,0,0,0,0,6,2,065,5,1,325,,,,,,
43295,2017,08,13,27.6,20.9,05,0.1,3.6,20,138,,,,,,,0,1,0,0,0,0,0,0,0,5,3,070,1,3,180,,,,,,
43295,2017,08,14,26.2,21.6,03,0.0,5.5,5,0,,,,,,,0,1,0,0,0,0,0,0,0,5,6,058,,,,,,,,,
43295,2017,08,15,28.3,19.2,03,128.7,4.5,289,192,,,,,,,1,1,0,0,0,1,0,0,0,,,,,,,,,,,,
43295,2017,08,16,27.4,20.0,04,30.4,3.6,845,120,,,,,,,1,1,0,0,0,1,0,0,0,9,7,080,6,7,080,5,1,585,0,1,180
43295,2017,08,17,28.5,20.5,05,26.4,4.3,330,336,,,,,,,1,1,0,0,0,0,0,0,0,6,7,193,5,1,407,1,1,450,,,
43295,2017,08,18,27.2,20.4,05,7.8,4.0,250,54,,,,,,,1,1,0,0,0,0,0,0,0,6,1,120,5,1,270,0,1,170,,,
43295,2017,08,19,28.9,20.3,06,5.4,4.5,105,258,,,,,,,1,1,0,0,0,0,0,0,0,6,6,195,5,6,040,1,3,150,,,
43295,2017,08,20,28.6,20.3,06,1.5,3.3,230,378,,,,,,,1,1,0,0,0,0,0,0,0,6,5,090,5,4,150,,,,,,
43295,2017,08,21,26.8,20.3,07,3.2,30.0,420,48,,,,,,,0,1,0,0,0,0,0,0,0,5,1,184,0,1,120,,,,,,
43295,2017,08,22,28.0,21.1,07,0.0,5.0,4,336,,,,,,,1,1,0,0,0,1,0,0,0,9,7,110,6,7,170,5,8,045,0,7,320
43295,2017,08,23,28.0,20.6,05,11.0,4.5,165,234,,,,,,,1,1,0,0,0,1,0,0,0,9,7,110,6,7,130,5,7,195,0,7,330
43295,2017,08,24,28.6,20.6,05,42.4,5.6,335,408,,,,,,,1,1,0,0,0,1,0,0,0,9,7,180,6,7,270,5,4,030,0,7,390
43295,2017,08,25,26.8,20.5,05,31.7,4.6,330,0,,,,,,,1,1,0,0,0,0,0,0,0,6,1,210,5,1,480,0,1,020,,,
43295,2017,08,26,25.7,20.8,06,0.2,4.7,180,0,,,,,,,0,1,0,0,0,0,0,0,0,5,4,065,,,,,,,,,
43295,2017,08,27,28.5,21.0,07,0.2,4.5,25,276,,,,,,,1,1,0,0,0,0,0,0,0,6,5,275,5,3,470,,,,,,
43295,2017,08,28,26.5,20.5,07,2.6,5.0,610,84,,,,,,,0,1,0,0,0,0,0,0,0,5,7,007,,,,,,,,,
43295,2017,08,29,26.2,20.5,09,0.0,4.2,7,0,,,,,,,0,1,0,0,0,0,0,0,0,5,6,030,,,,,,,,,
43295,2017,08,30,26.6,21.1,08,0.0,4.8,30,18,,,,,,,0,1,0,0,0,0,0,0,0,5,7,015,0,7,080,,,,,,
43295,2017,08,31,28.5,21.3,05,0.0,5.0,5,216,,,,,,,1,1,0,0,0,1,0,0,0,9,8,020,6,8,075,5,3,010,,,
43295,2017,09,01,30.6,19.8,04,72.0,5.0,255,348,,,,,,,1,1,0,0,0,1,0,0,0,9,1,020,6,1,120,5,1,120,,,
43295,2017,09,02,27.8,20.8,03,33.1,5.3,290,42,,,,,,,1,1,0,0,0,1,0,0,0,9,1,170,6,1,515,5,5,135,0,1,290
43295,2017,09,03,27.3,19.9,03,21.8,1.8,,72,,,,,,,1,1,0,0,0,1,0,0,0,6,1,055,5,5,290,0,7,050,,,
43295,2017,09,04,27.3,18.7,02,56.8,2.4,245,210,,,,,,,1,1,0,0,0,1,0,0,0,9,1,150,6,1,215,5,2,125,0,1,270
43295,2017,09,05,30.2,21.3,03,2.6,5.0,,342,,,,,,,1,1,0,0,0,0,0,0,0,6,2,045,5,2,090,0,7,300,,,
43295,2017,09,06,29.8,19.8,04,15.4,5.0,255,522,,,,,,,1,1,0,0,0,1,0,0,0,9,1,260,6,1,415,5,2,125,0,1,350
43295,2017,09,07,27.6,21.3,02,6.6,5.4,,156,,,,,,,1,1,0,0,0,1,0,0,0,9,6,040,6,6,040,5,2,090,1,3,270
43295,2017,09,08,29.3,21.3,03,1.3,5.0,60,174,,,,,,,1,1,0,0,0,1,0,0,0,9,7,160,6,1,280,5,1,020,1,2,165
43295,2017,09,09,28.2,20.0,02,68.4,3.6,200,132,,,,,,,1,1,0,0,0,0,0,0,0,6,7,025,5,7,080,0,7,250,,,
43295,2017,09,10,28.0,20.3,03,66.1,5.0,300,174,,,,,,,1,1,0,0,0,1,0,0,0,9,1,130,6,1,315,5,2,045,0,1,350
43295,2017,09,11,27.8,21.9,03,0.0,6.0,0,162,,,,,,,0,0,0,0,0,0,0,0,0,,,,,,,,,,,,
43295,2017,09,12,28.5,22.1,04,0.0,5.5,0,402,,,,,,,0,0,0,0,0,0,0,0,0,0,7,120,,,,,,,,,
43295,2017,09,13,31.0,22.2,04,0.0,5.0,0,570,,,,,,,0,0,0,0,0,0,0,0,0,,,,,,,,,,,,
43295,2017,09,14,30.6,22.0,04,0.0,6.0,0,468,,,,,,,1,1,0,0,0,0,0,0,0,6,7,205,5,7,030,0,7,030,7,7,001
43295,2017,09,15,31.1,21.0,06,2.4,6.0,290,420,,,,,,,0,1,0,0,0,0,0,0,0,5,2,025,,,,,,,,,
43295,2017,09,16,27.5,20.8,06,0.0,5.7,0,60,,,,,,,1,1,0,0,0,0,0,0,0,6,6,010,5,6,030,,,,,,
43295,2017,09,17,29.4,20.8,08,17.2,3.0,40,300,,,,,,,1,1,0,0,0,0,0,0,0,6,3,301,5,2,365,,,,,,
43295,2017,09,18,24.6,19.3,08,12.9,1.9,539,18,,,,,,,0,1,0,0,0,0,0,0,0,5,1,065,,,,,,,,,
43295,2017,09,19,26.8,20.4,08,0.0,4.3,65,222,,,,,,,0,1,0,0,0,0,0,0,0,5,3,020,,,,,,,,,
43295,2017,09,20,27.7,19.4,09,0.0,4.5,5,366,,,,,,,0,0,0,0,0,0,0,0,0,1,2,150,,,,,,,,,
43295,2017,09,21,28.5,19.3,08,0.0,5.0,0,540,,,,,,,0,1,0,0,0,0,0,0,0,5,7,010,,,,,,,,,
43295,2017,09,22,27.3,20.5,06,0.0,4.3,10,300,,,,,,,0,1,0,0,0,0,0,0,0,5,8,060,1,3,060,,,,,,
43295,2017,09,23,28.4,20.6,04,0.0,7.0,5,324,,,,,,,1,1,0,0,0,0,0,0,0,6,6,005,5,6,080,,,,,,
43295,2017,09,24,30.5,22.2,03,0.1,5.6,40,456,,,,,,,0,1,0,0,0,0,0,0,0,5,5,010,1,2,180,0,8,120,,,
43295,2017,09,25,29.0,19.4,04,54.3,5.0,280,168,,,,,,,1,1,0,0,0,1,0,0,0,9,1,110,6,1,310,5,1,170,1,1,270
43295,2017,09,26,26.4,20.8,04,9.2,3.2,90,66,,,,,,,1,1,0,0,0,1,0,0,0,9,8,075,6,8,045,5,8,005,0,8,080
43295,2017,09,27,28.1,20.0,03,55.8,5.8,560,54,,,,,,,1,1,0,0,0,1,0,0,0,9,1,330,6,1,335,5,2,595,0,1,360
43295,2017,09,28,26.8,20.6,03,1.9,4.5,285,90,,,,,,,0,1,0,0,0,0,0,0,0,5,2,260,1,3,180,,,,,,
43295,2017,09,29,26.2,20.3,05,0.6,4.5,100,72,,,,,,,1,1,0,0,0,0,0,0,0,6,7,125,5,1,385,,,,,,
43295,2017,09,30,27.0,20.4,04,15.3,3.8,275,150,,,,,,,1,1,0,0,0,0,0,0,0,6,7,125,5,1,261,,,,,,
43295,2017,10,01,26.0,21.3,03,0.4,3.9,65,0,,,,,,,1,1,0,0,0,1,0,0,0,9,7,240,6,7,300,5,7,015,1,2,330
43295,2017,10,02,28.4,19.4,04,46.0,4.5,430,228,,,,,,,0,1,0,0,0,1,0,0,0,9,1,180,6,1,270,1,2,180,0,1,210
43295,2017,10,03,27.2,20.6,04,0.0,5.0,0,144,,,,,,,0,0,0,0,0,0,0,0,0,1,2,150,0,8,110,,,,,,
43295,2017,10,04,29.3,22.1,04,0.0,5.0,5,522,,,,,,,1,1,0,0,0,1,0,0,0,9,2,315,6,6,300,5,3,140,1,1,290
43295,2017,10,05,29.3,20.1,04,18.6,4.9,300,312,,,,,,,1,1,0,0,0,1,0,0,0,9,5,320,6,5,365,5,8,020,1,2,120
43295,2017,10,06,27.0,20.8,03,76.6,4.0,345,60,,,,,,,1,1,0,0,0,1,0,0,0,9,7,100,6,6,160,5,6,170,2,3,140
43295,2017,10,07,29.0,21.2,02,14.5,4.5,160,222,,,,,,,1,1,0,0,0,1,0,0,0,9,6,015,6,6,040,5,5,015,1,2,225
43295,2017,10,08,28.8,21.3,03,48.2,5.0,165,240,,,,,,,1,1,0,0,0,1,0,0,0,9,2,150,6,2,205,5,2,230,2,3,090
43295,2017,10,09,29.0,21.5,04,1.2,4.6,55,312,,,,,,,1,1,0,0,0,1,0,0,0,9,8,070,6,8,120,5,1,395,1,3,180
43295,2017,10,10,29.3,19.6,04,9.1,4.8,150,324,,,,,,,1,1,0,0,0,0,0,0,0,6,1,045,5,1,030,1,2,140,0,8,120
43295,2017,10,11,29.0,20.2,03,5.3,3.7,50,294,,,,,,,1,1,0,0,0,1,0,0,0,9,1,305,6,2,340,5,1,285,0,1,780
43295,2017,10,12,30.7,20.5,03,22.4,4.3,475,270,,,,,,,1,1,0,0,0,0,0,0,0,6,1,490,5,2,055,1,2,195,0,1,570
43295,2017,10,13,27.5,20.5,03,68.0,4.9,485,0,,,,,,,0,0,0,0,0,0,0,0,0,,,,,,,,,,,,
43295,2017,10,14,27.6,20.7,03,34.0,5.0,370,84,,,,,,,0,0,0,0,0,0,0,0,0,,,,,,,,,,,,
43295,2017,10,15,25.0,19.6,04,40.5,4.0,,90,,,,,,,0,0,0,0,0,0,0,0,0,,,,,,,,,,,,
43295,2017,10,16,26.0,19.8,05,0.0,4.3,,84,,,,,,,0,1,0,0,0,0,0,0,0,5,5,015,1,2,240,,,,,,
43295,2017,10,17,24.5,20.9,04,0.0,4.5,,,,,,,,,0,0,0,0,0,0,0,0,0,,,,,,,,,,,,
43295,2017,10,18,27.0,21.0,02,0.0,5.5,0,30,,,,,,,0,1,0,0,0,0,0,0,0,5,4,015,2,2,210,1,1,440,,,
43295,2017,10,19,27.6,20.1,03,0.0,5.0,0,114,,,,,,,0,0,0,0,0,0,0,0,0,2,1,420,1,3,160,,,,,,
43295,2017,10,20,29.8,20.4,03,0.0,5.4,0,474,,,,,,,0,0,0,0,0,0,0,0,0,2,3,100,1,1,365,,,,,,
43295,2017,10,21,30.6,20.4,03,0.0,6.0,0,390,,,,,,,0,0,0,0,0,0,0,0,0,1,3,150,,,,,,,,,
43295,2017,10,22,30.5,20.4,04,0.0,5.0,0,396,,,,,,,0,0,0,0,0,0,0,0,0,1,2,180,,,,,,,,,
43295,2017,10,23,30.5,19.2,03,0.0,5.0,0,540,,,,,,,0,0,0,0,0,0,0,0,0,,,,,,,,,,,,
43295,2017,10,24,31.0,18.4,02,0.0,5.2,0,588,,,,,,,0,0,0,0,0,0,0,0,0,1,2,150,,,,,,,,,
43295,2017,10,25,31.3,20.8,01,0.0,6.2,0,438,,,,,,,0,0,0,0,0,0,0,0,0,1,3,150,,,,,,,,,
43295,2017,10,26,29.6,21.4,03,0.0,5.7,0,420,,,,,,,0,1,0,0,0,0,0,0,0,5,5,006,,,,,,,,,
43295,2017,10,27,28.2,20.2,02,0.0,6.0,6,306,,,,,,,0,0,0,0,0,0,0,0,0,,,,,,,,,,,,
43295,2017,10,28,30.0,19.8,03,0.0,5.0,,420,,,,,,,0,0,0,0,0,0,0,0,0,,,,,,,,,,,,
43295,2017,10,29,28.8,20.3,03,0.0,6.6,0,450,,,,,,,0,0,0,0,0,0,0,0,0,,,,,,,,,,,,
43295,2017,10,30,29.6,19.3,03,0.0,5.5,0,480,,,,,,,0,1,0,0,0,0,0,0,0,5,5,005,1,2,300,,,,,,
43295,2017,10,31,26.7,19.4,04,0.0,4.5,5,228,,,,,,,0,0,0,0,0,0,0,0,0,1,2,150,,,,,,,,,
43295,2017,11,01,25.0,19.9,03,0.0,4.4,10,108,,,,,,,1,1,0,0,0,0,0,0,0,6,4,035,5,3,045,,,,,,
43295,2017,11,02,24.8,18.8,03,0.3,3.6,35,0,,,,,,,0,0,0,0,0,0,0,0,0,,,,,,,,,,,,
43295,2017,11,03,27.8,19.3,03,0.0,6.3,0,354,,,,,,,0,0,0,0,0,0,0,0,0,,,,,,,,,,,,
43295,2017,11,04,28.0,20.2,03,0.0,5.0,0,156,,,,,,,1,1,0,0,0,0,0,0,0,6,8,022,5,5,105,1,2,220,,,
43295,2017,11,05,25.6,19.3,03,2.0,20.8,22,72,,,,,,,1,1,0,0,0,0,0,0,0,6,1,185,5,1,308,1,3,150,,,
43295,2017,11,06,25.4,19.7,03,3.4,1.1,50,54,,,,,,,1,1,0,0,0,0,0,0,0,6,2,087,5,1,100,1,3,180,,,
43295,2017,11,07,25.6,19.7,03,1.5,2.3,52,174,,,,,,,1,1,0,0,0,0,0,0,0,6,5,075,5,4,050,,,,,,
43295,2017,11,08,26.0,18.3,02,13.4,4.0,120,102,,,,,,,0,0,0,0,0,0,0,0,0,1,2,210,,,,,,,,,
43295,2017,11,09,26.5,18.6,02,0.0,4.4,,294,,,,,,,0,0,0,0,0,0,0,0,0,2,1,120,1,1,390,,,,,,
43295,2017,11,10,27.8,17.9,02,0.0,5.6,0,522,,,,,,,0,0,0,0,0,0,0,0,0,1,2,180,,,,,,,,,
43295,2017,11,11,28.6,18.7,02,0.0,5.5,0,426,,,,,,,0,0,0,0,0,0,0,0,0,2,2,120,1,1,540,,,,,,
43295,2017,11,12,24.7,15.8,02,0.0,5.5,0,30,,,,,,,0,0,0,0,0,0,0,0,0,1,2,210,,,,,,,,,
43295,2017,11,13,28.2,19.3,02,0.0,6.0,,312,,,,,,,0,0,0,0,0,0,0,0,0,2,3,040,1,2,210,,,,,,
43295,2017,11,14,29.1,19.4,02,0.0,5.9,0,318,,,,,,,0,0,0,0,0,0,0,0,0,,,,,,,,,,,,
43295,2017,11,15,28.4,21.0,02,0.0,3.5,0,228,,,,,,,0,0,0,0,0,0,0,0,0,1,3,120,,,,,,,,,
43295,2017,11,16,29.2,19.6,03,0.0,5.2,0,234,,,,,,,0,1,0,0,0,0,0,0,0,5,8,017,1,2,150,,,,,,
43295,2017,11,17,29.2,21.3,02,0.0,4.8,5,198,,,,,,,0,0,0,0,0,0,0,0,0,1,2,330,,,,,,,,,
43295,2017,11,18,29.6,20.9,02,0.0,6.1,0,78,,,,,,,0,0,0,0,0,0,0,0,0,,,,,,,,,,,,
43295,2017,11,19,30.0,20.5,03,0.0,5.5,0,252,,,,,,,0,0,0,0,0,0,0,0,0,1,1,450,,,,,,,,,
43295,2017,11,20,29.0,20.7,02,0.0,5.5,0,426,,,,,,,0,0,0,0,0,0,0,0,0,2,1,360,1,3,090,,,,,,
43295,2017,11,21,29.6,20.2,03,0.0,4.8,,444,,,,,,,0,0,0,0,0,0,0,0,0,1,2,225,,,,,,,,,
43295,2017,11,22,29.1,19.5,03,0.0,7.0,0,444,,,,,,,0,0,0,0,0,0,0,0,0,2,1,480,1,3,045,,,,,,
43295,2017,11,23,29.3,18.1,03,0.0,5.0,0,491,,,,,,,0,0,0,0,0,0,0,0,0,2,2,240,1,1,330,,,,,,
43295,2017,11,24,29.7,18.7,02,0.0,5.0,0,468,,,,,,,0,0,0,0,0,0,0,0,0,2,1,450,1,3,090,,,,,,
43295,2017,11,25,30.0,20.5,03,0.0,5.0,,378,,,,,,,0,0,0,0,0,0,0,1,0,4,3,070,2,2,185,1,1,225,,,
43295,2017,11,26,28.0,17.4,03,0.0,4.8,0,222,,,,,,,0,0,0,0,0,0,0,0,0,2,2,180,1,3,060,,,,,,
43295,2017,11,27,26.8,19.2,03,0.0,4.5,0,144,,,,,,,0,0,0,0,0,0,0,0,0,2,2,120,1,1,435,,,,,,
43295,2017,11,28,27.0,18.2,02,0.0,4.5,0,228,,,,,,,0,0,0,0,0,0,0,0,0,2,1,270,1,1,240,,,,,,
43295,2017,11,29,29.6,18.3,03,0.0,5.0,0,491,,,,,,,0,0,0,0,0,0,0,1,0,4,2,060,2,1,385,,,,,,
43295,2017,11,30,27.6,19.3,04,0.0,4.6,5,384,,,,,,,0,0,0,0,0,0,0,0,0,,,,,,,,,,,,
43295,2017,12,01,24.7,19.6,04,10.7,2.6,,12,,,,,,,1,1,0,0,0,0,0,0,0,6,1,800,5,3,425,,,,,,
43295,2017,12,02,21.0,18.2,05,4.0,4.0,,0,,,,,,,0,1,0,0,0,0,0,0,0,5,1,060,2,1,420,1,3,120,,,
43295,2017,12,03,22.8,18.3,04,0.0,4.3,5,36,,,,,,,0,0,0,0,0,0,0,0,0,1,1,570,,,,,,,,,
43295,2017,12,04,24.3,18.4,03,0.0,5.0,0,180,,,,,,,0,0,0,0,0,0,0,0,0,2,1,420,1,1,310,,,,,,
43295,2017,12,05,25.9,19.0,03,0.0,5.0,0,222,,,,,,,0,0,0,0,0,0,0,0,0,2,2,210,1,2,300,,,,,,
43295,2017,12,06,27.4,19.0,02,0.0,4.8,0,174,,,,,,,0,0,0,0,0,0,0,0,0,2,1,240,1,1,270,,,,,,
43295,2017,12,07,29.2,19.7,02,0.0,5.0,,372,,,,,,,0,0,0,0,0,0,0,0,0,2,2,125,1,2,190,,,,,,
43295,2017,12,08,29.1,15.9,02,0.0,5.7,0,306,,,,,,,0,0,0,0,0,0,0,0,0,1,2,240,,,,,,,,,
43295,2017,12,09,30.8,16.8,01,0.0,5.0,0,552,,,,,,,0,0,0,0,0,0,0,1,0,4,2,100,2,2,075,1,1,215,,,
43295,2017,12,10,29.8,17.7,01,0.0,5.6,0,522,,,,,,,0,0,0,0,0,0,0,0,0,2,1,270,1,1,360,,,,,,
43295,2017,12,11,29.5,17.1,01,0.0,5.2,,491,,,,,,,0,0,0,0,0,0,0,0,0,2,2,210,1,1,315,,,,,,
43295,2017,12,12,30.0,18.6,01,0.0,5.7,0,408,,,,,,,0,1,0,0,0,0,0,0,0,5,6,010,1,2,300,,,,,,
43295,2017,12,13,28.1,19.8,02,0.0,5.2,0,240,,,,,,,0,0,0,0,0,0,0,1,0,4,3,105,2,2,085,1,2,230,,,
43295,2017,12,14,27.5,18.4,02,0.0,5.1,0,90,,,,,,,0,0,0,0,0,0,0,0,0,2,1,270,1,1,240,,,,,,
43295,2017,12,15,29.3,17.1,03,0.0,5.2,,432,,,,,,,0,0,0,0,0,0,0,0,0,2,2,180,1,1,305,,,,,,
43295,2017,12,16,28.4,17.5,03,0.0,4.5,0,491,,,,,,,0,0,0,0,0,0,0,0,0,2,2,240,1,1,360,,,,,,
43295,2017,12,17,26.7,17.0,04,0.0,4.3,0,408,,,,,,,0,0,0,0,0,0,0,0,0,1,1,480,,,,,,,,,
43295,2017,12,18,26.7,16.0,04,0.0,4.8,0,522,,,,,,,0,0,0,0,0,0,0,1,0,4,2,090,2,2,150,1,1,390,,,
43295,2017,12,19,25.8,15.3,03,0.0,4.8,,528,,,,,,,0,0,0,0,0,0,0,0,0,2,2,115,1,1,470,,,,,,
43295,2017,12,20,27.3,17.3,04,0.0,5.0,0,384,,,,,,,0,0,0,0,0,0,0,0,0,2,2,180,1,1,300,,,,,,
43295,2017,12,21,28.8,16.0,03,0.0,4.5,0,540,,,,,,,0,0,0,0,0,0,0,0,0,2,1,090,1,1,360,,,,,,
43295,2017,12,22,28.3,16.8,05,0.0,5.0,0,480,,,,,,,0,0,0,0,0,0,0,0,0,1,2,270,,,,,,,,,
43295,2017,12,23,28.2,17.4,03,0.0,5.0,,522,,,,,,,0,0,0,0,0,0,0,1,0,4,2,090,2,2,195,1,1,255,,,
43295,2017,12,24,27.3,15.0,03,0.0,5.1,0,426,,,,,,,0,0,0,0,0,0,0,0,0,1,1,480,,,,,,,,,
43295,2017,12,25,28.5,16.6,02,0.0,4.0,,114,,,,,,,0,0,0,0,0,0,0,0,0,1,1,450,,,,,,,,,
43295,2017,12,26,25.5,16.2,02,0.0,4.6,0,180,,,,,,,0,0,0,0,0,0,0,1,0,4,2,090,2,1,290,1,1,220,,,
43295,2017,12,27,29.2,15.5,03,0.0,4.8,,528,,,,,,,0,0,0,0,0,0,0,0,0,2,1,360,1,1,495,,,,,,
43295,2017,12,28,28.1,15.2,03,0.0,5.1,0,426,,,,,,,0,0,0,0,0,0,0,0,0,2,1,360,1,1,240,,,,,,
43295,2017,12,29,26.2,14.2,03,0.0,5.0,0,522,,,,,,,0,0,0,0,0,0,0,0,0,2,2,140,1,1,400,,,,,,
43295,2017,12,30,27.3,15.3,03,0.0,5.0,0,528,,,,,,,0,0,0,0,0,0,0,0,0,2,2,120,1,1,280,,,,,,
43295,2017,12,31,26.9,16.1,03,0.0,4.3,0,474,,,,,,,0,0,0,0,0,0,0,0,0,2,2,090,1,1,405,,,,,,
43295,2018,01,01,28.4,16.6,02,0.0,5.0,0,510,,,,,,,0,0,0,0,0,0,0,0,0,1,2,210,,,,,,,,,
43295,2018,01,02,28.9,17.8,02,0.0,4.8,0,426,,,,,,,0,0,0,0,0,0,0,0,0,2,2,240,1,1,270,,,,,,
43295,2018,01,03,29.0,18.4,03,0.0,5.0,0,414,,,,,,,0,0,0,0,0,0,0,0,0,2,1,285,1,1,225,,,,,,
43295,2018,01,04,27.6,17.0,02,0.0,4.8,,252,,,,,,,0,0,0,0,0,0,0,0,0,2,2,090,1,2,210,,,,,,
43295,2018,01,05,28.3,15.5,03,0.0,4.9,0,378,,,,,,,0,0,0,0,0,0,0,0,0,1,2,400,,,,,,,,,
43295,2018,01,06,27.2,14.7,02,0.0,5.0,,450,,,,,,,0,0,0,0,0,0,0,0,0,2,2,140,1,1,250,,,,,,
43295,2018,01,07,27.2,15.2,03,0.0,4.8,0,432,,,,,,,0,0,0,0,0,0,0,0,0,1,1,390,,,,,,,,,
43295,2018,01,08,27.2,14.8,03,0.0,4.8,,426,,,,,,,0,0,0,0,0,0,0,0,0,1,2,360,,,,,,,,,
43295,2018,01,09,26.6,15.5,04,0.0,5.0,,414,,,,,,,0,0,0,0,0,0,0,0,0,1,1,540,,,,,,,,,
43295,2018,01,10,27.1,18.2,03,0.0,4.8,0,396,,,,,,,0,0,0,0,0,0,0,0,0,2,2,270,1,1,330,,,,,,
43295,2018,01,11,28.3,17.3,03,0.0,5.0,0,366,,,,,,,0,0,0,0,0,0,0,0,0,2,1,060,1,1,480,,,,,,
43295,2018,01,12,29.4,18.7,04,0.0,4.8,0,426,,,,,,,0,0,0,0,0,0,0,0,0,2,2,100,1,2,185,,,,,,
43295,2018,01,13,29.2,17.6,02,0.0,5.5,0,252,,,,,,,0,0,0,0,0,0,0,0,0,1,2,270,,,,,,,,,
43295,2018,01,14,31.0,16.3,02,0.0,4.0,0,468,,,,,,,0,0,0,0,0,0,0,1,0,4,2,120,2,2,210,1,1,270,,,
43295,2018,01,15,30.7,16.3,03,0.0,5.0,0,540,,,,,,,0,0,0,0,0,0,0,0,0,2,2,120,1,1,300,,,,,,
43295,2018,01,16,30.5,17.1,03,0.0,5.2,,540,,,,,,,0,0,0,0,0,0,0,0,0,2,2,130,1,2,300,,,,,,
43295,2018,01,17,29.9,16.8,03,0.0,5.2,0,336,,,,,,,0,0,0,0,0,0,0,0,0,1,2,450,,,,,,,,,
43295,2018,01,18,28.6,15.3,03,0.0,5.0,0,402,,,,,,,0,0,0,0,0,0,0,0,0,2,3,060,1,2,180,,,,,,
43295,2018,01,19,28.7,14.3,03,0.0,5.0,0,528,,,,,,,0,0,0,0,0,0,0,0,0,,,,,,,,,,,,
43295,2018,01,20,28.0,14.2,03,0.0,4.9,,534,,,,,,,0,0,0,0,0,0,0,0,0,2,2,100,1,2,230,,,,,,
43295,2018,01,21,28.5,14.3,03,0.0,5.0,0,546,,,,,,,0,0,0,0,0,0,0,0,0,1,2,210,,,,,,,,,
43295,2018,01,22,29.0,14.4,03,0.0,4.8,0,510,,,,,,,0,0,0,0,0,0,0,1,0,4,2,120,2,2,180,1,1,265,,,
43295,2018,01,23,28.8,15.3,03,0.0,5.5,0,468,,,,,,,0,0,0,0,0,0,0,1,0,4,3,075,2,2,135,1,1,150,,,
43295,2018,01,24,29.7,17.2,02,0.0,5.4,,522,,,,,,,0,0,0,0,0,0,0,0,0,2,3,110,1,2,170,,,,,,
43295,2018,01,25,29.1,17.1,02,0.0,5.0,0,150,,,,,,,0,0,0,0,0,0,0,0,0,1,2,360,,,,,,,,,
43295,2018,01,26,29.8,16.2,02,0.0,5.2,0,468,,,,,,,0,0,0,0,0,0,0,0,0,1,2,360,,,,,,,,,
43295,2018,01,27,29.0,16.0,03,0.0,5.0,0,474,,,,,,,0,0,0,0,0,0,0,0,0,1,2,120,,,,,,,,,
43295,2018,01,28,28.2,16.6,03,0.0,4.9,0,408,,,,,,,0,0,0,0,0,0,0,0,0,2,3,040,1,1,410,,,,,,
43295,2018,01,29,29.2,16.0,04,0.0,5.0,0,450,,,,,,,0,0,0,0,0,0,0,0,0,,,,,,,,,,,,
43295,2018,01,30,29.5,15.7,04,0.0,4.8,0,534,,,,,,,0,0,0,0,0,0,0,1,0,4,2,140,2,2,170,1,1,230,,,
43295,2018,01,31,29.2,15.0,03,0.0,4.8,0,504,,,,,,,0,0,0,0,0,0,0,0,0,1,2,180,,,,,,,,,
43295,2018,02,01,29.6,13.2,03,0.0,4.0,,540,,,,,,,0,0,0,0,0,0,0,0,0,,,,,,,,,,,,
43295,2018,02,02,30.4,15.9,03,0.0,5.0,0,552,,,,,,,0,0,0,0,0,0,0,0,0,,,,,,,,,,,,
43295,2018,02,03,30.1,15.8,04,0.0,5.0,0,570,,,,,,,0,0,0,0,0,0,0,0,0,,,,,,,,,,,,
43295,2018,02,04,29.4,13.4,03,0.0,5.3,0,570,,,,,,,0,0,0,0,0,0,0,0,0,,,,,,,,,,,,
43295,2018,02,05,30.0,13.7,03,0.0,5.0,0,576,,,,,,,0,0,0,0,0,0,0,0,0,,,,,,,,,,,,
43295,2018,02,06,30.7,18.0,03,0.0,5.0,0,522,,,,,,,0,0,0,0,0,0,0,0,0,,,,,,,,,,,,
43295,2018,02,07,32.3,20.2,03,0.0,5.4,0,468,,,,,,,1,1,0,0,0,0,0,0,0,6,6,020,5,6,060,1,2,280,0,7,160
43295,2018,02,08,30.0,19.2,03,0.4,5.0,25,0,,,,,,,1,0,0,0,0,0,0,0,0,6,6,011,,,,,,,,,
43295,2018,02,09,29.7,19.7,02,0.4,5.7,,120,,,,,,,1,1,0,0,0,1,0,0,0,9,7,160,6,7,160,5,8,100,0,7,290
43295,2018,02,10,31.6,19.7,02,1.4,5.0,160,210,,,,,,,0,0,0,0,0,0,0,0,0,1,3,240,,,,,,,,,
43295,2018,02,11,30.7,17.7,03,1.4,5.5,0,330,,,,,,,0,0,0,0,0,0,0,0,0,2,2,250,1,1,140,,,,,,
43295,2018,02,12,30.8,18.0,05,1.4,5.0,0,444,,,,,,,0,0,0,0,0,0,0,0,0,2,2,120,1,1,180,,,,,,
43295,2018,02,13,30.2,18.5,04,1.4,5.8,0,486,,,,,,,0,0,0,0,0,0,0,0,0,2,3,080,1,1,370,,,,,,
43295,2018,02,14,29.9,17.9,04,1.4,5.0,0,414,,,,,,,0,0,0,0,0,0,0,0,0,1,1,360,,,,,,,,,
43295,2018,02,15,30.7,17.4,04,1.4,5.0,0,474,,,,,,,0,0,0,0,0,0,0,0,0,1,2,390,,,,,,,,,
43295,2018,02,16,31.0,17.6,04,1.4,5.2,0,462,,,,,,,0,0,0,0,0,0,0,0,0,1,2,210,,,,,,,,,
43295,2018,02,17,31.3,17.5,03,1.4,5.8,0,582,,,,,,,0,0,0,0,0,0,0,0,0,1,2,120,,,,,,,,,
43295,2018,02,18,31.9,17.7,02,0.0,5.0,0,486,,,,,,,0,0,0,0,0,0,0,0,0,,,,,,,,,,,,
43295,2018,02,19,32.1,16.8,04,0.0,4.5,0,540,,,,,,,0,0,0,0,0,0,0,0,0,1,2,180,,,,,,,,,
43295,2018,02,20,32.2,17.4,04,0.0,5.2,0,582,,,,,,,0,0,0,0,0,0,0,0,0,,,,,,,,,,,,
43295,2018,02,21,31.5,17.5,05,0.0,6.0,0,570,,,,,,,0,0,0,0,0,0,0,0,0,,,,,,,,,,,,
43295,2018,02,22,31.5,17.8,03,0.0,5.5,0,522,,,,,,,0,0,0,0,0,0,0,0,0,,,,,,,,,,,,
43295,2018,02,23,32.4,18.4,04,0.0,6.0,0,546,,,,,,,0,0,0,0,0,0,0,0,0,,,,,,,,,,,,
43295,2018,02,24,31.2,15.6,04,0.0,6.5,0,576,,,,,,,0,0,0,0,0,0,0,0,0,,,,,,,,,,,,
43295,2018,02,25,31.2,17.3,05,0.0,6.0,0,558,,,,,,,0,0,0,0,0,0,0,0,0,1,2,180,,,,,,,,,
43295,2018,02,26,32.0,17.8,04,0.0,5.0,0,558,,,,,,,0,0,0,0,0,0,0,0,0,,,,,,,,,,,,
43295,2018,02,27,32.7,18.2,03,0.0,6.1,0,588,,,,,,,0,0,0,0,0,0,0,0,0,,,,,,,,,,,,
43295,2018,02,28,33.0,16.7,04,0.0,5.7,0,582,,,,,,,0,0,0,0,0,0,0,0,0,,,,,,,,,,,,
43295,2018,03,01,33.2,18.2,04,0.0,6.7,0,576,,,,,,,0,0,0,0,0,0,0,0,0,,,,,,,,,,,,
43295,2018,03,02,32.5,18.3,03,0.0,6.2,0,528,,,,,,,0,0,0,0,0,0,0,0,0,,,,,,,,,,,,
43295,2018,03,03,33.2,17.5,04,0.0,6.0,0,546,,,,,,,0,0,0,0,0,0,0,0,0,,,,,,,,,,,,
43295,2018,03,04,34.4,18.3,03,0.0,6.3,0,564,,,,,,,0,0,0,0,0,0,0,0,0,,,,,,,,,,,,
43295,2018,03,05,34.0,18.3,03,0.0,6.6,0,546,,,,,,,0,0,0,0,0,0,0,0,0,,,,,,,,,,,,
43295,2018,03,06,34.4,17.5,03,0.0,11.0,0,540,,,,,,,0,0,0,0,0,0,0,0,0,,,,,,,,,,,,
43295,2018,03,07,34.6,16.5,03,0.0,6.5,0,576,,,,,,,0,0,0,0,0,0,0,0,0,,,,,,,,,,,,
43295,2018,03,08,33.5,18.5,04,0.0,5.5,0,558,,,,,,,0,0,0,0,0,0,0,0,0,,,,,,,,,,,,
43295,2018,03,09,33.3,17.8,03,0.0,8.2,0,474,,,,,,,0,0,0,0,0,0,0,0,0,,,,,,,,,,,,
43295,2018,03,10,33.5,18.5,03,0.0,6.5,0,462,,,,,,,0,0,0,0,0,0,0,0,0,,,,,,,,,,,,
43295,2018,03,11,32.7,19.7,03,0.0,6.8,0,372,,,,,,,0,0,0,0,0,0,0,0,0,,,,,,,,,,,,
43295,2018,03,12,33.8,19.5,04,0.0,6.1,0,468,,,,,,,0,0,0,0,0,0,0,0,0,,,,,,,,,,,,
43295,2018,03,13,32.5,20.1,04,0.0,6.5,0,498,,,,,,,0,1,0,0,0,0,0,0,0,5,7,013,,,,,,,,,
43295,2018,03,14,31.6,22.4,04,0.0,7.0,5,462,,,,,,,0,1,0,0,0,0,0,0,0,5,8,110,,,,,,,,,
43295,2018,03,15,32.1,22.7,04,0.0,6.5,5,330,,,,,,,1,1,0,0,0,1,0,0,0,9,6,072,6,6,085,5,6,148,0,6,338
43295,2018,03,16,32.5,20.9,03,5.8,6.8,60,384,,,,,,,1,1,0,0,0,1,0,0,0,9,7,130,6,7,130,5,7,095,0,7,345
43295,2018,03,17,32.0,18.9,03,38.4,4.4,155,360,,,,,,,1,1,0,0,0,1,0,0,0,9,1,040,6,1,040,5,7,020,0,1,085
43295,2018,03,18,29.1,20.3,03,0.0,6.5,20,276,,,,,,,0,0,0,0,0,0,0,0,0,0,7,060,,,,,,,,,
43295,2018,03,19,30.5,18.7,03,0.0,6.0,0,438,,,,,,,0,0,0,0,0,0,0,0,0,,,,,,,,,,,,
43295,2018,03,20,31.9,19.5,02,0.0,5.5,0,546,,,,,,,0,0,0,0,0,0,0,0,0,1,2,090,,,,,,,,,
43295,2018,03,21,33.7,21.4,03,0.0,6.1,0,540,,,,,,,0,0,0,0,0,0,0,0,0,,,,,,,,,,,,
43295,2018,03,22,34.1,22.6,04,0.0,6.5,0,426,,,,,,,0,0,0,0,0,0,0,0,0,,,,,,,,,,,,
43295,2018,03,23,34.0,22.3,03,0.0,7.5,0,438,,,,,,,0,0,0,0,0,0,0,0,0,,,,,,,,,,,,
43295,2018,03,24,35.1,23.7,03,0.0,7.0,0,534,,,,,,,0,0,0,0,0,0,0,0,0,,,,,,,,,,,,
43295,2018,03,25,33.2,21.7,03,0.0,5.5,0,336,,,,,,,0,0,0,0,0,0,0,0,0,,,,,,,,,,,,
43295,2018,03,26,34.1,20.8,03,0.0,5.5,0,522,,,,,,,0,0,0,0,0,0,0,0,0,,,,,,,,,,,,
43295,2018,03,27,34.4,21.5,03,0.0,6.8,0,462,,,,,,,0,0,0,0,0,0,0,0,0,,,,,,,,,,,,
43295,2018,03,28,34.4,22.3,02,0.0,5.7,0,456,,,,,,,0,0,0,0,0,0,0,0,0,,,,,,,,,,,,
43295,2018,03,29,33.9,22.7,04,0.0,4.8,0,414,,,,,,,0,1,0,0,0,1,0,0,0,9,7,020,5,7,040,1,2,240,0,7,080
43295,2018,03,30,34.0,23.4,04,0.0,6.0,5,306,,,,,,,1,1,0,0,0,1,0,0,0,9,6,130,6,6,132,5,8,025,1,6,290
43295,2018,03,31,34.8,21.2,03,3.4,6.0,70,336,,,,,,,1,1,0,0,0,1,0,0,0,9,6,005,6,1,030,5,6,045,1,2,240
43295,2018,04,01,33.2,21.2,01,0.0,,20,414,,,,,,,0,0,0,0,0,0,0,0,0,,,,,,,,,,,,
43295,2018,04,02,33.5,23.1,01,0.0,3.8,0,456,,,,,,,1,1,0,0,0,1,0,0,0,9,6,140,7,6,001,6,6,090,5,6,090
43295,2018,04,03,33.1,19.8,01,13.8,4.6,80,342,,,,,,,0,0,0,0,0,0,0,0,0,,,,,,,,,,,,
43295,2018,04,04,31.5,21.4,00,0.0,5.5,0,414,,,,,,,0,0,0,0,0,0,0,0,0,1,2,240,,,,,,,,,
43295,2018,04,05,32.7,21.0,01,0.0,5.8,0,522,,,,,,,0,0,0,0,0,0,0,0,0,,,,,,,,,,,,
43295,2018,04,06,33.2,21.3,02,0.0,6.0,0,438,,,,,,,0,0,0,0,0,0,0,0,0,1,2,250,,,,,,,,,
43295,2018,04,07,33.5,21.6,02,0.0,7.0,0,426,,,,,,,0,0,0,0,0,0,0,0,0,,,,,,,,,,,,
43295,2018,04,08,32.6,21.0,03,0.0,5.0,0,402,,,,,,,0,0,0,0,0,0,0,0,0,,,,,,,,,,,,
43295,2018,04,09,32.7,21.0,04,0.0,5.3,0,534,,,,,,,0,0,0,0,0,0,0,0,0,,,,,,,,,,,,
43295,2018,04,10,32.4,20.7,03,0.0,5.0,0,564,,,,,,,0,0,0,0,0,0,0,0,0,,,,,,,,,,,,
43295,2018,04,11,32.2,21.8,04,0.0,7.0,0,510,,,,,,,0,0,0,0,0,0,0,0,0,,,,,,,,,,,,
43295,2018,04,12,33.2,21.9,03,0.0,5.0,0,516,,,,,,,0,0,0,0,0,0,0,0,0,,,,,,,,,,,,
43295,2018,04,13,33.5,21.7,03,0.0,5.8,0,510,,,,,,,0,0,0,0,0,0,0,0,0,,,,,,,,,,,,
43295,2018,04,14,33.4,23.1,03,0.0,5.0,0,270,,,,,,,0,0,0,0,0,0,0,0,0,,,,,,,,,,,,
43295,2018,04,15,34.6,23.9,03,0.0,7.5,0,444,,,,,,,0,0,0,0,0,0,0,0,0,,,,,,,,,,,,
43295,2018,04,16,33.7,22.6,03,0.0,6.0,0,462,,,,,,,1,0,0,0,0,1,0,0,0,9,7,105,6,7,050,0,7,120,,,
43295,2018,04,17,34.6,22.3,02,11.8,4.3,50,402,,,,,,,0,0,0,0,0,0,0,0,0,,,,,,,,,,,,
43295,2018,04,18,34.1,23.5,01,11.8,5.9,0,468,,,,,,,0,0,0,0,0,0,0,0,0,,,,,,,,,,,,
43295,2018,04,19,34.8,23.9,03,11.8,7.5,0,504,,,,,,,1,0,0,0,0,1,0,0,0,9,7,025,6,7,020,0,7,060,,,
43295,2018,04,20,34.0,23.0,04,1.1,5.9,55,150,,,,,,,1,1,0,0,0,1,0,0,0,9,6,035,6,6,035,5,6,075,,,
43295,2018,04,21,34.8,22.2,02,16.8,3.6,55,276,,,,,,,1,1,0,0,0,0,0,0,0,6,6,005,5,3,020,,,,,,
43295,2018,04,22,34.8,23.5,03,0.0,5.7,10,348,,,,,,,1,1,0,0,0,1,0,0,0,9,6,040,6,6,025,5,6,010,,,
43295,2018,04,23,33.8,22.0,03,4.7,4.2,20,372,,,,,,,0,0,0,0,0,0,0,0,0,,,,,,,,,,,,
43295,2018,04,24,34.2,23.6,03,0.0,5.5,0,426,,,,,,,1,1,0,0,0,1,0,0,0,9,5,060,6,5,040,5,7,095,0,8,040
43295,2018,04,25,34.0,22.2,03,3.8,3.8,25,360,,,,,,,1,1,0,0,0,0,0,0,0,6,6,030,5,6,010,,,,,,
43295,2018,04,26,33.9,22.8,03,0.6,5.6,10,491,,,,,,,1,1,0,0,0,0,0,0,0,6,8,015,5,6,027,,,,,,
43295,2018,04,27,34.7,22.0,03,0.5,7.1,20,408,,,,,,,0,0,0,0,0,0,0,0,0,,,,,,,,,,,,
43295,2018,04,28,34.2,22.5,03,0.0,5.5,0,498,,,,,,,0,0,0,0,0,0,0,0,0,,,,,,,,,,,,
43295,2018,04,29,34.0,23.8,02,0.0,6.0,0,438,,,,,,,0,1,0,0,0,0,0,0,0,5,8,045,0,8,090,,,,,,
43295,2018,04,30,34.9,23.2,03,0.3,5.7,5,498,,,,,,,1,0,0,0,0,1,0,0,0,9,6,080,6,6,005,0,7,135,,,
43295,2018,05,01,35.2,21.4,05,5.7,6.8,50,390,,,,,,,1,1,0,0,0,1,0,0,0,9,3,055,6,3,045,5,3,015,,,
43295,2018,05,02,32.8,21.3,04,0.0,5.9,5,204,,,,,,,1,1,0,0,0,1,0,0,0,9,6,025,6,6,010,5,6,010,,,
43295,2018,05,03,34.0,22.2,04,0.8,7.3,10,288,,,,,,,1,0,0,0,0,1,0,0,0,9,7,185,6,7,215,0,7,030,,,
43295,2018,05,04,33.7,19.3,03,15.3,6.3,330,234,,,,,,,1,1,0,0,0,0,0,0,0,6,1,140,5,1,010,,,,,,
43295,2018,05,05,32.0,22.0,02,0.0,5.8,0,462,,,,,,,0,0,0,0,0,0,0,0,0,,,,,,,,,,,,
43295,2018,05,06,32.2,22.7,02,0.0,5.9,0,342,,,,,,,0,0,0,0,0,0,0,0,0,,,,,,,,,,,,
43295,2018,05,07,33.5,23.4,04,0.0,5.5,0,348,,,,,,,0,0,0,0,0,0,0,0,0,,,,,,,,,,,,
43295,2018,05,08,33.5,23.4,03,0.0,5.2,0,396,,,,,,,1,1,0,0,0,1,0,0,0,9,6,055,6,6,017,5,7,090,,,
43295,2018,05,09,32.8,21.8,04,0.0,7.2,5,120,,,,,,,0,0,0,0,0,0,0,0,0,,,,,,,,,,,,
43295,2018,05,10,32.0,22.5,04,0.0,5.6,0,168,,,,,,,1,1,0,0,0,1,0,0,0,9,7,065,6,7,085,5,6,255,,,
43295,2018,05,11,34.0,19.4,03,49.5,4.5,85,282,,,,,,,1,1,0,0,0,1,0,0,0,9,6,090,6,6,075,5,6,275,0,6,210
43295,2018,05,12,32.2,19.8,03,34.2,6.7,120,456,,,,,,,0,0,0,0,0,1,0,0,0,9,7,030,0,7,210,,,,,,
43295,2018,05,13,32.0,21.6,03,0.0,6.6,0,456,,,,,,,1,1,0,0,0,1,0,0,0,9,5,025,6,5,045,5,5,035,0,7,100
43295,2018,05,14,32.0,21.0,02,17.9,2.6,100,336,,,,,,,1,1,0,0,0,1,0,0,0,9,5,075,6,5,075,5,6,060,,,
43295,2018,05,15,31.4,20.6,03,16.4,5.8,130,240,,,,,,,1,1,0,0,0,1,0,0,0,9,6,305,6,6,160,5,6,200,0,7,285
43295,2018,05,16,32.4,20.7,02,4.4,8.8,140,312,,,,,,,0,0,0,0,0,0,0,0,0,,,,,,,,,,,,
43295,2018,05,17,31.0,21.9,02,0.0,5.2,0,258,,,,,,,0,0,0,0,0,0,0,0,0,0,7,120,,,,,,,,,
43295,2018,05,18,32.1,22.3,03,0.0,8.2,0,306,,,,,,,1,1,0,0,0,1,0,0,0,9,6,025,6,6,025,5,6,040,,,
43295,2018,05,19,30.8,21.4,03,6.8,4.8,15,,,,,,,,1,1,0,0,0,1,0,0,0,9,8,065,6,8,065,5,8,040,0,7,100
43295,2018,05,20,32.4,20.5,04,8.6,8.1,110,222,,,,,,,1,1,0,0,0,1,0,0,0,9,7,315,6,1,115,5,1,030,,,
43295,2018,05,21,32.4,21.6,03,0.0,4.8,5,336,,,,,,,1,1,0,0,0,1,0,0,0,9,6,250,6,7,090,5,7,075,0,7,295
43295,2018,05,22,30.6,20.5,04,9.4,4.8,95,72,,,,,,,0,0,0,0,0,0,0,0,0,,,,,,,,,,,,
43295,2018,05,23,31.6,22.5,02,0.0,6.2,0,72,,,,,,,1,1,0,0,0,1,0,0,0,9,5,135,6,5,050,5,5,025,,,
43295,2018,05,24,31.9,20.3,03,24.9,,35,258,,,,,,,0,0,0,0,0,0,0,0,0,,,,,,,,,,,,
43295,2018,05,25,32.0,22.1,03,0.0,7.0,0,245,,,,,,,1,1,0,0,0,1,0,0,0,9,5,640,6,5,520,5,5,130,0,7,330
43295,2018,05,26,29.7,21.1,03,32.9,4.6,465,78,,,,,,,1,1,0,0,0,1,0,0,0,9,6,025,6,6,025,5,7,020,,,
43295,2018,05,27,30.8,22.0,02,2.5,5.9,10,180,,,,,,,0,1,0,0,0,1,0,0,0,9,6,120,5,6,010,,,,,,
43295,2018,05,28,32.0,22.3,03,0.0,6.0,,486,,,,,,,0,0,0,0,0,0,0,0,0,,,,,,,,,,,,
43295,2018,05,29,32.2,22.4,05,0.0,7.0,0,390,,,,,,,0,0,0,0,0,0,0,0,0,,,,,,,,,,,,
43295,2018,05,30,30.5,22.1,07,0.0,6.0,0,594,,,,,,,1,0,0,0,0,1,0,0,0,9,7,115,6,7,275,0,8,100,,,
43295,2018,05,31,29.7,20.9,05,10.5,5.6,205,78,,,,,,,0,0,0,0,0,0,0,0,0,,,,,,,,,,,,
43295,2018,06,01,30.3,22.8,04,0.0,5.0,0,240,,,,,,,1,1,0,0,0,1,0,0,0,9,7,020,6,6,080,5,6,152,0,7,180
43295,2018,06,02,31.0,20.9,03,1.6,3.6,170,18,,,,,,,1,1,0,0,0,1,0,0,0,9,5,090,6,5,080,5,5,235,0,7,300
43295,2018,06,03,29.5,20.8,03,19.5,,90,276,,,,,,,1,1,0,0,0,1,0,0,0,9,6,070,6,6,070,5,1,100,,,
43295,2018,06,04,30.4,21.0,04,6.2,4.8,80,258,,,,,,,0,1,0,0,0,0,0,0,0,5,7,035,,,,,,,,,
43295,2018,06,05,28.8,21.2,05,0.0,5.7,5,156,,,,,,,1,0,0,0,0,0,0,0,0,6,6,015,,,,,,,,,
43295,2018,06,06,29.7,21.9,05,0.0,5.0,15,378,,,,,,,0,1,0,0,0,0,0,0,0,5,6,005,,,,,,,,,
43295,2018,06,07,30.1,21.7,07,0.0,4.8,5,504,,,,,,,0,1,0,0,0,0,0,0,0,5,7,020,,,,,,,,,
43295,2018,06,08,29.0,21.5,09,0.0,5.0,5,84,,,,,,,1,1,0,0,0,0,0,0,0,6,7,025,5,3,550,,,,,,
43295,2018,06,09,25.8,20.8,08,3.8,3.9,137,0,,,,,,,1,1,0,0,0,0,0,0,0,6,6,015,5,4,370,,,,,,
43295,2018,06,10,24.5,20.5,07,1.2,1.4,75,0,,,,,,,1,1,0,0,0,0,0,0,0,6,6,015,5,3,250,,,,,,
43295,2018,06,11,25.9,21.0,07,2.1,2.1,165,24,,,,,,,0,1,0,0,0,0,0,0,0,5,7,035,,,,,,,,,
43295,2018,06,12,26.5,21.0,,0.0,5.0,5,0,,,,,,,0,0,0,0,0,0,0,0,0,,,,,,,,,,,,
43295,2018,06,13,28.3,20.8,,0.0,5.0,0,18,,,,,,,1,0,0,0,0,0,0,0,0,6,5,025,,,,,,,,,
43295,2018,06,14,27.9,21.0,06,3.6,4.7,25,84,,,,,,,1,1,0,0,0,0,0,0,0,6,5,060,5,5,015,,,,,,
43295,2018,06,15,27.5,20.5,06,4.2,5.4,75,54,,,,,,,1,1,0,0,0,1,0,0,0,9,7,060,6,7,173,5,7,095,0,7,063
43295,2018,06,16,31.0,20.1,05,16.2,4.9,275,384,,,,,,,1,1,0,0,0,1,0,0,0,9,6,050,6,6,055,5,7,020,,,
43295,2018,06,17,30.0,20.9,04,11.0,0.5,55,450,,,,,,,1,1,0,0,0,1,0,0,0,9,6,030,6,6,047,5,6,005,,,
43295,2018,06,18,28.7,20.3,07,3.3,3.0,45,318,,,,,,,1,1,0,0,0,1,0,0,0,6,6,010,5,6,005,,,,,,
43295,2018,06,19,28.9,20.1,08,0.2,4.7,15,510,,,,,,,0,0,0,0,0,0,0,0,0,,,,,,,,,,,,
43295,2018,06,20,29.1,20.7,09,0.0,4.5,5,444,,,,,,,0,1,0,0,0,0,0,0,0,5,3,005,,,,,,,,,
43295,2018,06,21,28.0,20.9,09,0.0,6.1,0,210,,,,,,,0,1,0,0,0,0,0,0,0,5,6,020,,,,,,,,,
43295,2018,06,22,28.0,19.7,07,0.0,6.0,5,108,,,,,,,1,1,0,0,0,0,0,0,0,6,6,018,5,6,092,,,,,,
43295,2018,06,23,28.0,20.3,06,1.2,5.3,113,210,,,,,,,1,1,0,0,0,0,0,0,0,6,2,116,5,2,194,,,,,,
43295,2018,06,24,27.8,19.7,05,12.2,0.6,165,144,,,,,,,0,1,0,0,0,0,0,0,0,5,2,025,,,,,,,,,
43295,2018,06,25,27.8,20.1,07,0.0,5.8,0,132,,,,,,,0,1,0,0,0,0,0,0,0,5,7,008,,,,,,,,,
43295,2018,06,26,29.1,20.2,08,0.0,5.6,8,216,,,,,,,0,0,0,0,0,0,0,0,0,,,,,,,,,,,,
43295,2018,06,27,28.0,20.1,21,0.0,5.2,0,306,,,,,,,1,1,0,0,0,0,0,0,0,6,5,025,5,5,032,,,,,,
43295,2018,06,28,26.2,20.0,07,5.2,,40,0,,,,,,,0,1,0,0,0,0,0,0,0,5,2,010,,,,,,,,,
43295,2018,06,29,25.2,20.1,06,0.0,4.0,5,0,,,,,,,0,1,0,0,0,0,0,0,0,5,7,025,,,,,,,,,
43295,2018,06,30,27.7,19.5,05,0.0,5.2,5,54,,,,,,,0,0,0,0,0,0,0,0,0,,,,,,,,,,,,
43295,2018,07,17,,,,1.5,,,,,,,,,,1,,,,,,,,,,,,,,,,,,,,
43295,2018,07,19,,,,0.0,,,,,,,,,,0,,,,,,,,,,,,,,,,,,,,
43295,2018,07,29,,,,11.9,,,,,,,,,,1,,,,,,,,,,,,,,,,,,,,
43295,2018,08,01,27.3,19.4,,5.4,,,,,,,,,,1,,,,,,,,,,,,,,,,,,,,
43295,2018,08,02,28.6,18.7,,15.0,,,,,,,,,,1,,,,,,,,,,,,,,,,,,,,
43295,2018,08,03,28.8,19.0,,0.0,,,,,,,,,,0,,,,,,,,,,,,,,,,,,,,
43295,2018,08,04,27.8,20.1,,2.5,,,,,,,,,,1,,,,,,,,,,,,,,,,,,,,
43295,2018,08,05,28.1,20.3,,,,,,,,,,,,,,,,,,,,,,,,,,,,,,,,
43295,2018,08,06,27.7,20.2,,0.5,,,,,,,,,,1,,,,,,,,,,,,,,,,,,,,
43295,2018,08,07,25.4,19.7,,11.4,,,,,,,,,,1,,,,,,,,,,,,,,,,,,,,
43295,2018,08,08,26.0,20.0,,3.6,,,,,,,,,,1,,,,,,,,,,,,,,,,,,,,
43295,2018,08,09,28.2,20.2,,8.8,,,,,,,,,,1,,,,,,,,,,,,,,,,,,,,
43295,2018,08,10,26.5,20.5,,0.0,,,,,,,,,,0,,,,,,,,,,,,,,,,,,,,
43295,2018,08,11,25.6,20.0,,1.8,,,,,,,,,,1,,,,,,,,,,,,,,,,,,,,
43295,2018,08,12,24.6,20.2,,2.2,,,,,,,,,,1,,,,,,,,,,,,,,,,,,,,
43295,2018,08,13,24.8,19.4,,3.2,,,,,,,,,,1,,,,,,,,,,,,,,,,,,,,
43295,2018,08,14,25.7,19.6,,,,,,,,,,,,,,,,,,,,,,,,,,,,,,,,
43295,2018,08,15,25.7,20.1,,6.4,,,,,,,,,,1,,,,,,,,,,,,,,,,,,,,
43295,2018,08,16,25.5,20.2,,10.6,,,,,,,,,,1,,,,,,,,,,,,,,,,,,,,
43295,2018,08,17,27.5,20.3,,0.6,,,,,,,,,,1,,,,,,,,,,,,,,,,,,,,
43295,2018,08,18,27.4,20.0,,0.0,,,,,,,,,,0,,,,,,,,,,,,,,,,,,,,
43295,2018,08,19,26.5,20.2,,0.0,,,,,,,,,,0,,,,,,,,,,,,,,,,,,,,
43295,2018,08,20,26.5,20.2,,0.0,,,,,,,,,,0,,,,,,,,,,,,,,,,,,,,
43295,2018,08,21,28.2,19.7,,0.0,,,,,,,,,,0,,,,,,,,,,,,,,,,,,,,
43295,2018,08,22,28.0,19.7,,0.0,,,,,,,,,,0,,,,,,,,,,,,,,,,,,,,
43295,2018,08,23,28.8,20.5,,0.1,,,,,,,,,,1,,,,,,,,,,,,,,,,,,,,
43295,2018,08,24,27.4,19.9,,3.2,,,,,,,,,,1,,,,,,,,,,,,,,,,,,,,
43295,2018,08,25,28.5,19.8,,41.6,,,,,,,,,,1,,,,,,,,,,,,,,,,,,,,
43295,2018,08,26,28.3,20.3,,0.0,,,,,,,,,,0,,,,,,,,,,,,,,,,,,,,
43295,2018,08,27,26.2,19.5,,8.3,,,,,,,,,,1,,,,,,,,,,,,,,,,,,,,
43295,2018,08,28,27.2,19.6,,0.5,,,,,,,,,,1,,,,,,,,,,,,,,,,,,,,
43295,2018,08,29,28.2,20.0,,8.5,,,,,,,,,,1,,,,,,,,,,,,,,,,,,,,
43295,2018,08,30,28.8,20.3,,3.0,,,,,,,,,,1,,,,,,,,,,,,,,,,,,,,
43295,2018,08,31,28.3,20.3,,19.7,,,,,,,,,,1,,,,,,,,,,,,,,,,,,,,
43295,2018,09,01,28.3,20.0,05,0.0,5.0,5,150,,,,,,,1,1,0,0,0,0,0,0,0,6,7,020,5,7,140,,,,,,
43295,2018,09,02,28.2,20.3,05,0.2,5.0,15,198,,,,,,,0,0,0,0,0,0,0,0,0,,,,,,,,,,,,
43295,2018,09,03,29.3,19.7,06,0.0,5.0,0,396,,,,,,,0,0,0,0,0,0,0,0,0,,,,,,,,,,,,
43295,2018,09,04,29.8,19.7,05,0.0,5.5,0,510,,,,,,,0,0,0,0,0,0,0,0,0,,,,,,,,,,,,
43295,2018,09,05,29.9,20.4,05,0.0,5.5,0,540,,,,,,,0,0,0,0,0,0,0,0,0,,,,,,,,,,,,
43295,2018,09,06,29.2,19.9,06,0.0,5.4,0,450,,,,,,,0,1,0,0,0,0,0,0,0,5,7,010,0,7,085,,,,,,
43295,2018,09,07,29.2,20.3,06,0.0,5.2,5,408,,,,,,,0,1,0,0,0,0,0,0,0,5,7,013,,,,,,,,,
43295,2018,09,08,29.1,20.1,06,0.0,5.3,5,582,,,,,,,0,1,0,0,0,0,0,0,0,5,8,020,,,,,,,,,
43295,2018,09,09,29.0,20.5,05,0.0,5.0,5,498,,,,,,,0,0,0,0,0,0,0,0,0,,,,,,,,,,,,
43295,2018,09,10,31.1,21.6,03,0.0,5.7,0,480,,,,,,,0,0,0,0,0,0,0,0,0,,,,,,,,,,,,
43295,2018,09,11,26.4,21.7,02,0.0,5.0,5,42,,,,,,,1,1,0,0,0,1,0,0,0,9,6,020,6,6,006,5,2,025,1,3,110
43295,2018,09,12,31.2,20.9,03,0.0,4.8,5,336,,,,,,,0,0,0,0,0,0,0,0,0,,,,,,,,,,,,
43295,2018,09,13,31.6,22.3,02,0.0,5.7,0,378,,,,,,,1,1,0,0,0,1,0,0,0,9,6,035,6,7,020,5,5,090,0,7,310
43295,2018,09,14,30.3,22.2,02,0.2,5.7,15,282,,,,,,,1,1,0,0,0,1,0,0,0,9,6,405,6,6,392,5,1,155,,,
43295,2018,09,15,31.7,20.1,02,43.8,3.8,470,318,,,,,,,1,1,0,0,0,1,0,0,0,9,1,215,6,1,235,5,1,290,0,6,410
43295,2018,09,16,30.3,20.5,04,16.1,4.5,110,384,,,,,,,1,1,0,0,0,1,0,0,0,9,5,195,6,5,200,5,5,055,1,2,210
43295,2018,09,17,28.9,20.0,03,30.4,3.6,450,168,,,,,,,1,1,0,0,0,1,0,0,0,9,1,115,6,1,290,5,2,030,,,
43295,2018,09,18,28.3,20.3,05,10.5,2.7,30,132,,,,,,,0,0,0,0,0,0,0,0,0,,,,,,,,,,,,
43295,2018,09,19,28.2,20.3,06,0.0,4.5,0,276,,,,,,,0,0,0,0,0,0,0,0,0,,,,,,,,,,,,
43295,2018,09,20,29.1,19.5,05,0.0,5.2,0,240,,,,,,,1,1,0,0,0,1,0,0,0,9,6,150,6,5,150,5,5,185,,,
43295,2018,09,21,28.4,20.5,04,13.6,3.1,65,270,,,,,,,0,0,0,0,0,0,0,0,0,1,2,180,,,,,,,,,
43295,2018,09,22,28.2,18.4,05,0.0,5.4,0,78,,,,,,,0,0,0,0,0,0,0,0,0,,,,,,,,,,,,
43295,2018,09,23,29.0,21.4,03,0.0,5.7,0,552,,,,,,,1,1,0,0,0,1,0,0,0,9,6,069,6,6,075,5,4,173,1,2,180
43295,2018,09,24,28.9,18.9,02,53.1,4.2,190,186,,,,,,,1,1,0,0,0,1,0,0,0,9,1,240,6,1,395,5,1,350,0,1,640
43295,2018,09,25,28.7,19.3,02,25.4,4.4,225,258,,,,,,,1,1,0,0,0,1,0,0,0,9,1,140,6,1,140,5,3,260,1,2,120
43295,2018,09,26,29.7,20.4,02,0.3,5.8,20,234,,,,,,,1,1,0,0,0,1,0,0,0,9,7,130,6,7,130,5,7,085,0,1,445
43295,2018,09,27,30.3,19.9,02,32.2,4.2,240,270,,,,,,,1,1,0,0,0,1,0,0,0,9,6,125,6,2,135,5,2,050,1,2,120
43295,2018,09,28,28.6,21.3,01,1.3,5.5,55,210,,,,,,,1,1,0,0,0,0,0,0,0,6,2,090,5,2,037,1,3,090,0,7,120
43295,2018,09,29,29.9,21.4,02,4.2,4.2,60,384,,,,,,,1,1,0,0,0,0,0,0,0,6,1,080,5,1,020,,,,,,
43295,2018,09,30,30.2,21.8,02,0.0,5.5,5,462,,,,,,,1,1,0,0,0,0,0,0,0,6,6,020,5,2,120,1,2,180,,,
43295,2018,10,01,30.3,21.6,,0.3,,,,,,,,,,1,,,,,,,,,,,,,,,,,,,,
43295,2018,10,02,30.4,21.3,,0.0,,,,,,,,,,0,,,,,,,,,,,,,,,,,,,,
43295,2018,10,03,30.6,21.6,,0.3,,,,,,,,,,1,,,,,,,,,,,,,,,,,,,,
43295,2018,10,04,24.7,21.0,,27.8,,,,,,,,,,1,,,,,,,,,,,,,,,,,,,,
43295,2018,10,05,26.4,20.6,,10.1,,,,,,,,,,1,,,,,,,,,,,,,,,,,,,,
43295,2018,10,06,26.7,20.4,,2.5,,,,,,,,,,1,,,,,,,,,,,,,,,,,,,,
43295,2018,10,07,29.1,20.2,,7.9,,,,,,,,,,1,,,,,,,,,,,,,,,,,,,,
43295,2018,10,08,29.5,20.8,,0.0,,,,,,,,,,0,,,,,,,,,,,,,,,,,,,,
43295,2018,10,09,30.0,20.6,,4.2,,,,,,,,,,1,,,,,,,,,,,,,,,,,,,,
43295,2018,10,10,30.0,20.4,,0.0,,,,,,,,,,0,,,,,,,,,,,,,,,,,,,,
43295,2018,10,11,31.0,20.5,,0.0,,,,,,,,,,0,,,,,,,,,,,,,,,,,,,,
43295,2018,10,12,31.5,20.8,,0.0,,,,,,,,,,0,,,,,,,,,,,,,,,,,,,,
43295,2018,10,13,30.3,20.4,,0.0,,,,,,,,,,0,,,,,,,,,,,,,,,,,,,,
43295,2018,10,14,29.8,21.6,,0.0,,,,,,,,,,0,,,,,,,,,,,,,,,,,,,,
43295,2018,10,15,27.8,20.0,,3.8,,,,,,,,,,1,,,,,,,,,,,,,,,,,,,,
43295,2018,10,16,29.3,20.7,,5.0,,,,,,,,,,1,,,,,,,,,,,,,,,,,,,,
43295,2018,10,17,28.5,20.5,,0.0,,,,,,,,,,0,,,,,,,,,,,,,,,,,,,,
43295,2018,10,18,28.7,18.9,,48.7,,,,,,,,,,1,,,,,,,,,,,,,,,,,,,,
43295,2018,10,19,29.3,20.2,,1.1,,,,,,,,,,1,,,,,,,,,,,,,,,,,,,,
43295,2018,10,20,29.0,19.7,,0.0,,,,,,,,,,0,,,,,,,,,,,,,,,,,,,,
43295,2018,10,21,27.5,19.7,,0.0,,,,,,,,,,0,,,,,,,,,,,,,,,,,,,,
43295,2018,10,22,29.4,17.4,,0.0,,,,,,,,,,0,,,,,,,,,,,,,,,,,,,,
43295,2018,10,23,30.2,17.4,,0.0,,,,,,,,,,0,,,,,,,,,,,,,,,,,,,,
43295,2018,10,24,30.2,17.7,,0.0,,,,,,,,,,0,,,,,,,,,,,,,,,,,,,,
43295,2018,10,25,29.7,18.2,,0.0,,,,,,,,,,0,,,,,,,,,,,,,,,,,,,,
43295,2018,10,26,29.3,18.2,,0.0,,,,,,,,,,0,,,,,,,,,,,,,,,,,,,,
43295,2018,10,27,29.5,18.2,,0.0,,,,,,,,,,0,,,,,,,,,,,,,,,,,,,,
43295,2018,10,28,29.6,16.7,,0.0,,,,,,,,,,0,,,,,,,,,,,,,,,,,,,,
43295,2018,10,29,29.8,16.8,,0.0,,,,,,,,,,0,,,,,,,,,,,,,,,,,,,,
43295,2018,10,30,30.1,16.6,,0.0,,,,,,,,,,0,,,,,,,,,,,,,,,,,,,,
43295,2018,10,31,30.4,19.7,,0.0,,,,,,,,,,0,,,,,,,,,,,,,,,,,,,,
43295,2018,11,01,30.3,20.0,,0.0,,,,,,,,,,0,,,,,,,,,,,,,,,,,,,,
43295,2018,11,02,27.7,19.8,,0.0,,,,,,,,,,0,,,,,,,,,,,,,,,,,,,,
43295,2018,11,03,28.1,20.5,,0.6,,,,,,,,,,1,,,,,,,,,,,,,,,,,,,,
43295,2018,11,04,28.3,18.8,,4.6,,,,,,,,,,1,,,,,,,,,,,,,,,,,,,,
43295,2018,11,05,29.6,19.7,,0.0,,,,,,,,,,0,,,,,,,,,,,,,,,,,,,,
43295,2018,11,06,30.0,19.8,,0.0,,,,,,,,,,0,,,,,,,,,,,,,,,,,,,,
43295,2018,11,07,29.6,18.7,,0.0,,,,,,,,,,0,,,,,,,,,,,,,,,,,,,,
43295,2018,11,08,29.0,16.0,,0.0,,,,,,,,,,0,,,,,,,,,,,,,,,,,,,,
43295,2018,11,09,30.1,17.5,,0.0,,,,,,,,,,0,,,,,,,,,,,,,,,,,,,,
43295,2018,11,10,30.4,17.9,,0.0,,,,,,,,,,0,,,,,,,,,,,,,,,,,,,,
43295,2018,11,11,30.3,18.2,,0.0,,,,,,,,,,0,,,,,,,,,,,,,,,,,,,,
43295,2018,11,12,30.0,17.4,,0.0,,,,,,,,,,0,,,,,,,,,,,,,,,,,,,,
43295,2018,11,13,30.5,16.2,,0.0,,,,,,,,,,0,,,,,,,,,,,,,,,,,,,,
43295,2018,11,14,31.0,14.8,,0.0,,,,,,,,,,0,,,,,,,,,,,,,,,,,,,,
43295,2018,11,15,28.6,16.5,,0.0,,,,,,,,,,0,,,,,,,,,,,,,,,,,,,,
43295,2018,11,16,25.8,19.7,,0.8,,,,,,,,,,1,,,,,,,,,,,,,,,,,,,,
43295,2018,11,17,30.2,19.2,,0.1,,,,,,,,,,1,,,,,,,,,,,,,,,,,,,,
43295,2018,11,18,29.5,20.6,,0.0,,,,,,,,,,0,,,,,,,,,,,,,,,,,,,,
43295,2018,11,19,30.0,20.3,,0.0,,,,,,,,,,0,,,,,,,,,,,,,,,,,,,,
43295,2018,11,20,30.8,19.7,,0.0,,,,,,,,,,0,,,,,,,,,,,,,,,,,,,,
43295,2018,11,21,26.6,20.0,,0.0,,,,,,,,,,0,,,,,,,,,,,,,,,,,,,,
43295,2018,11,22,24.8,20.0,,0.0,,,,,,,,,,0,,,,,,,,,,,,,,,,,,,,
43295,2018,11,23,25.0,19.6,,0.5,,,,,,,,,,1,,,,,,,,,,,,,,,,,,,,
43295,2018,11,24,27.0,19.0,,13.0,,,,,,,,,,1,,,,,,,,,,,,,,,,,,,,
43295,2018,11,25,28.8,19.2,,0.0,,,,,,,,,,0,,,,,,,,,,,,,,,,,,,,
43295,2018,11,26,29.0,18.1,,0.0,,,,,,,,,,0,,,,,,,,,,,,,,,,,,,,
43295,2018,11,27,27.2,16.3,,0.0,,,,,,,,,,0,,,,,,,,,,,,,,,,,,,,
43295,2018,11,28,28.8,15.5,,0.0,,,,,,,,,,0,,,,,,,,,,,,,,,,,,,,
43295,2018,11,29,27.6,18.3,,0.0,,,,,,,,,,0,,,,,,,,,,,,,,,,,,,,
43295,2018,11,30,29.5,18.6,,0.0,,,,,,,,,,0,,,,,,,,,,,,,,,,,,,,
43295,2018,12,01,28.3,18.3,,0.0,,,,,,,,,,0,,,,,,,,,,,,,,,,,,,,
43295,2018,12,02,28.8,15.6,,0.0,,,,,,,,,,0,,,,,,,,,,,,,,,,,,,,
43295,2018,12,03,27.2,18.2,,0.0,,,,,,,,,,0,,,,,,,,,,,,,,,,,,,,
43295,2018,12,04,26.0,19.1,,0.0,,,,,,,,,,0,,,,,,,,,,,,,,,,,,,,
43295,2018,12,05,28.3,19.5,,4.9,,,,,,,,,,1,,,,,,,,,,,,,,,,,,,,
43295,2018,12,06,29.3,20.0,,0.0,,,,,,,,,,0,,,,,,,,,,,,,,,,,,,,
43295,2018,12,07,28.2,18.3,,0.0,,,,,,,,,,0,,,,,,,,,,,,,,,,,,,,
43295,2018,12,08,28.2,17.7,,0.0,,,,,,,,,,0,,,,,,,,,,,,,,,,,,,,
43295,2018,12,09,30.2,17.6,,0.0,,,,,,,,,,0,,,,,,,,,,,,,,,,,,,,
43295,2018,12,10,29.3,18.3,,0.0,,,,,,,,,,0,,,,,,,,,,,,,,,,,,,,
43295,2018,12,11,28.5,17.7,,0.0,,,,,,,,,,0,,,,,,,,,,,,,,,,,,,,
43295,2018,12,12,29.9,18.5,,0.0,,,,,,,,,,0,,,,,,,,,,,,,,,,,,,,
43295,2018,12,13,27.5,18.7,,0.0,,,,,,,,,,0,,,,,,,,,,,,,,,,,,,,
43295,2018,12,14,28.9,17.7,,0.0,,,,,,,,,,0,,,,,,,,,,,,,,,,,,,,
43295,2018,12,15,28.0,17.7,,0.0,,,,,,,,,,0,,,,,,,,,,,,,,,,,,,,
43295,2018,12,16,25.0,16.6,,0.0,,,,,,,,,,0,,,,,,,,,,,,,,,,,,,,
43295,2018,12,17,25.5,15.5,,0.0,,,,,,,,,,0,,,,,,,,,,,,,,,,,,,,
43295,2018,12,18,28.5,13.7,,0.0,,,,,,,,,,0,,,,,,,,,,,,,,,,,,,,
43295,2018,12,19,27.7,16.0,,0.0,,,,,,,,,,0,,,,,,,,,,,,,,,,,,,,
43295,2018,12,20,28.4,17.7,,0.0,,,,,,,,,,0,,,,,,,,,,,,,,,,,,,,
43295,2018,12,21,28.8,18.1,,0.0,,,,,,,,,,0,,,,,,,,,,,,,,,,,,,,
43295,2018,12,22,29.6,18.2,,0.0,,,,,,,,,,0,,,,,,,,,,,,,,,,,,,,
43295,2018,12,23,29.0,20.1,,0.0,,,,,,,,,,0,,,,,,,,,,,,,,,,,,,,
43295,2018,12,24,29.1,18.3,,0.0,,,,,,,,,,0,,,,,,,,,,,,,,,,,,,,
43295,2018,12,25,30.2,18.4,,0.0,,,,,,,,,,0,,,,,,,,,,,,,,,,,,,,
43295,2018,12,26,31.4,17.7,,0.0,,,,,,,,,,0,,,,,,,,,,,,,,,,,,,,
43295,2018,12,27,29.6,19.0,,0.0,,,,,,,,,,0,,,,,,,,,,,,,,,,,,,,
43295,2018,12,28,27.8,18.7,,0.0,,,,,,,,,,0,,,,,,,,,,,,,,,,,,,,
43295,2018,12,29,26.6,19.1,,11.3,,,,,,,,,,1,,,,,,,,,,,,,,,,,,,,
43295,2018,12,30,26.3,17.2,,0.0,,,,,,,,,,0,,,,,,,,,,,,,,,,,,,,
43295,2018,12,31,27.4,15.8,,0.0,,,,,,,,,,0,,,,,,,,,,,,,,,,,,,,
43295,2019,01,02,27.4,,,,,,,,,,,,,,,,,,,,,,,,,,,,,,,,,
43295,2019,01,05,,13.6,,0.0,,,,,,,,,,0,,,,,,,,,,,,,,,,,,,,
43295,2019,01,15,29.5,,,,,,,,,,,,,,,,,,,,,,,,,,,,,,,,,
43295,2019,02,10,,19.1,,58.0,,,,,,,,,,1,,,,,,,,,,,,,,,,,,,,
43295,2019,02,25,,17.2,,0.0,,,,,,,,,,0,,,,,,,,,,,,,,,,,,,,
43295,2019,03,01,33.5,21.3,,0.0,,,,,,,,,,0,,,,,,,,,,,,,,,,,,,,
43295,2019,03,02,32.1,21.7,,0.0,,,,,,,,,,0,,,,,,,,,,,,,,,,,,,,
43295,2019,03,03,31.5,20.5,,0.0,,,,,,,,,,0,,,,,,,,,,,,,,,,,,,,
43295,2019,03,04,34.3,21.0,,0.0,,,,,,,,,,0,,,,,,,,,,,,,,,,,,,,
43295,2019,03,05,34.3,23.1,,0.0,,,,,,,,,,0,,,,,,,,,,,,,,,,,,,,
43295,2019,03,06,35.7,22.7,,0.0,,,,,,,,,,0,,,,,,,,,,,,,,,,,,,,
43295,2019,03,07,37.0,20.5,,0.0,,,,,,,,,,0,,,,,,,,,,,,,,,,,,,,
43295,2019,03,08,35.9,21.8,,0.0,,,,,,,,,,0,,,,,,,,,,,,,,,,,,,,
43295,2019,03,09,34.0,22.5,,0.0,,,,,,,,,,0,,,,,,,,,,,,,,,,,,,,
43295,2019,03,10,34.1,22.8,,0.0,,,,,,,,,,0,,,,,,,,,,,,,,,,,,,,
43295,2019,03,11,34.6,23.1,,0.0,,,,,,,,,,0,,,,,,,,,,,,,,,,,,,,
43295,2019,03,12,34.0,21.5,,0.0,,,,,,,,,,0,,,,,,,,,,,,,,,,,,,,
43295,2019,03,13,33.8,19.7,,0.0,,,,,,,,,,0,,,,,,,,,,,,,,,,,,,,
43295,2019,03,14,34.3,19.7,,0.0,,,,,,,,,,0,,,,,,,,,,,,,,,,,,,,
43295,2019,03,15,34.1,20.2,,0.0,,,,,,,,,,0,,,,,,,,,,,,,,,,,,,,
43295,2019,03,16,33.3,19.0,,0.0,,,,,,,,,,0,,,,,,,,,,,,,,,,,,,,
43295,2019,03,17,34.3,18.7,,0.0,,,,,,,,,,0,,,,,,,,,,,,,,,,,,,,
43295,2019,03,18,34.2,20.4,,0.0,,,,,,,,,,0,,,,,,,,,,,,,,,,,,,,
43295,2019,03,19,35.0,21.2,,0.0,,,,,,,,,,0,,,,,,,,,,,,,,,,,,,,
43295,2019,03,20,34.3,23.0,,0.0,,,,,,,,,,0,,,,,,,,,,,,,,,,,,,,
43295,2019,03,21,35.0,22.7,,0.0,,,,,,,,,,0,,,,,,,,,,,,,,,,,,,,
43295,2019,03,22,35.0,21.8,,0.0,,,,,,,,,,0,,,,,,,,,,,,,,,,,,,,
43295,2019,03,23,35.3,22.5,,0.0,,,,,,,,,,0,,,,,,,,,,,,,,,,,,,,
43295,2019,03,24,35.5,23.7,,0.0,,,,,,,,,,0,,,,,,,,,,,,,,,,,,,,
43295,2019,03,25,35.4,22.8,,0.0,,,,,,,,,,0,,,,,,,,,,,,,,,,,,,,
43295,2019,03,26,35.0,21.5,,0.0,,,,,,,,,,0,,,,,,,,,,,,,,,,,,,,
43295,2019,03,27,35.4,22.6,,0.0,,,,,,,,,,0,,,,,,,,,,,,,,,,,,,,
43295,2019,03,28,36.2,21.4,,0.0,,,,,,,,,,0,,,,,,,,,,,,,,,,,,,,
43295,2019,03,29,35.2,23.2,,0.0,,,,,,,,,,0,,,,,,,,,,,,,,,,,,,,
43295,2019,03,30,35.3,23.4,,0.0,,,,,,,,,,0,,,,,,,,,,,,,,,,,,,,
43295,2019,03,31,35.6,22.7,,0.0,,,,,,,,,,0,,,,,,,,,,,,,,,,,,,,
43295,2019,04,01,36.0,22.9,,0.0,,,,,,,,,,0,,,,,,,,,,,,,,,,,,,,
43295,2019,04,02,34.6,23.6,,0.0,,,,,,,,,,0,,,,,,,,,,,,,,,,,,,,
43295,2019,04,03,36.2,22.2,,0.0,,,,,,,,,,0,,,,,,,,,,,,,,,,,,,,
43295,2019,04,04,35.2,23.0,,0.0,,,,,,,,,,0,,,,,,,,,,,,,,,,,,,,
43295,2019,04,05,35.4,23.0,,0.0,,,,,,,,,,0,,,,,,,,,,,,,,,,,,,,
43295,2019,04,06,35.4,23.4,,0.0,,,,,,,,,,0,,,,,,,,,,,,,,,,,,,,
43295,2019,04,07,36.4,24.0,,0.0,,,,,,,,,,0,,,,,,,,,,,,,,,,,,,,
43295,2019,04,08,35.6,24.0,,0.0,,,,,,,,,,0,,,,,,,,,,,,,,,,,,,,
43295,2019,04,09,35.4,22.8,,1.6,,,,,,,,,,1,,,,,,,,,,,,,,,,,,,,
43295,2019,04,10,36.0,22.8,,1.0,,,,,,,,,,1,,,,,,,,,,,,,,,,,,,,
43295,2019,04,11,35.4,24.2,,0.0,,,,,,,,,,0,,,,,,,,,,,,,,,,,,,,
43295,2019,04,12,36.6,23.6,,0.0,,,,,,,,,,0,,,,,,,,,,,,,,,,,,,,
43295,2019,04,13,36.0,24.6,,0.0,,,,,,,,,,0,,,,,,,,,,,,,,,,,,,,
43295,2019,04,14,36.2,24.2,,0.0,,,,,,,,,,0,,,,,,,,,,,,,,,,,,,,
43295,2019,04,15,36.2,24.0,,0.0,,,,,,,,,,0,,,,,,,,,,,,,,,,,,,,
43295,2019,04,16,36.4,23.6,,0.0,,,,,,,,,,0,,,,,,,,,,,,,,,,,,,,
43295,2019,04,17,36.0,24.8,,0.0,,,,,,,,,,0,,,,,,,,,,,,,,,,,,,,
43295,2019,04,18,35.6,21.6,,4.5,,,,,,,,,,1,,,,,,,,,,,,,,,,,,,,
43295,2019,04,19,33.2,21.4,,10.4,,,,,,,,,,1,,,,,,,,,,,,,,,,,,,,
43295,2019,04,20,34.2,22.4,,0.3,,,,,,,,,,1,,,,,,,,,,,,,,,,,,,,
43295,2019,04,21,34.2,21.6,,0.0,,,,,,,,,,0,,,,,,,,,,,,,,,,,,,,
43295,2019,04,22,35.0,23.6,,0.0,,,,,,,,,,0,,,,,,,,,,,,,,,,,,,,
43295,2019,04,23,34.2,23.2,,0.0,,,,,,,,,,0,,,,,,,,,,,,,,,,,,,,
43295,2019,04,24,34.4,23.0,,0.0,,,,,,,,,,0,,,,,,,,,,,,,,,,,,,,
43295,2019,04,25,35.6,22.8,,0.0,,,,,,,,,,0,,,,,,,,,,,,,,,,,,,,
43295,2019,04,26,36.6,23.5,,0.0,,,,,,,,,,0,,,,,,,,,,,,,,,,,,,,
43295,2019,04,27,37.0,24.4,,0.0,,,,,,,,,,0,,,,,,,,,,,,,,,,,,,,
43295,2019,04,28,32.8,24.9,,0.0,,,,,,,,,,0,,,,,,,,,,,,,,,,,,,,
43295,2019,04,29,35.0,24.0,,0.0,,,,,,,,,,0,,,,,,,,,,,,,,,,,,,,
43295,2019,04,30,35.6,23.0,,0.0,,,,,,,,,,0,,,,,,,,,,,,,,,,,,,,
43295,2019,05,01,30.1,20.5,,37.8,,,,,,,,,,1,,,,,,,,,,,,,,,,,,,,
43295,2019,05,02,33.4,22.0,,0.0,,,,,,,,,,0,,,,,,,,,,,,,,,,,,,,
43295,2019,05,03,33.6,21.4,,0.0,,,,,,,,,,0,,,,,,,,,,,,,,,,,,,,
43295,2019,05,04,33.6,22.0,,0.0,,,,,,,,,,0,,,,,,,,,,,,,,,,,,,,
43295,2019,05,05,35.5,22.4,,0.0,,,,,,,,,,0,,,,,,,,,,,,,,,,,,,,
43295,2019,05,06,36.2,24.0,,0.0,,,,,,,,,,0,,,,,,,,,,,,,,,,,,,,
43295,2019,05,07,33.6,24.4,,0.0,,,,,,,,,,0,,,,,,,,,,,,,,,,,,,,
43295,2019,05,08,32.1,20.6,,14.9,,,,,,,,,,1,,,,,,,,,,,,,,,,,,,,
43295,2019,05,09,33.0,23.2,,0.0,,,,,,,,,,0,,,,,,,,,,,,,,,,,,,,
43295,2019,05,10,35.7,23.2,,0.0,,,,,,,,,,0,,,,,,,,,,,,,,,,,,,,
43295,2019,05,11,35.2,24.6,,0.0,,,,,,,,,,0,,,,,,,,,,,,,,,,,,,,
43295,2019,05,12,35.0,24.4,,2.4,,,,,,,,,,1,,,,,,,,,,,,,,,,,,,,
43295,2019,05,13,35.0,21.7,,0.0,,,,,,,,,,0,,,,,,,,,,,,,,,,,,,,
43295,2019,05,14,34.8,21.8,,0.0,,,,,,,,,,0,,,,,,,,,,,,,,,,,,,,
43295,2019,05,15,34.6,22.2,,0.0,,,,,,,,,,0,,,,,,,,,,,,,,,,,,,,
43295,2019,05,16,33.6,21.3,,7.7,,,,,,,,,,1,,,,,,,,,,,,,,,,,,,,
43295,2019,05,17,33.6,22.8,,0.0,,,,,,,,,,0,,,,,,,,,,,,,,,,,,,,
43295,2019,05,18,34.0,21.4,,17.4,,,,,,,,,,1,,,,,,,,,,,,,,,,,,,,
43295,2019,05,19,34.8,23.8,,0.0,,,,,,,,,,0,,,,,,,,,,,,,,,,,,,,
43295,2019,05,20,34.4,24.4,,0.0,,,,,,,,,,0,,,,,,,,,,,,,,,,,,,,
43295,2019,05,21,34.8,24.0,,0.0,,,,,,,,,,0,,,,,,,,,,,,,,,,,,,,
43295,2019,05,22,34.6,24.2,,0.0,,,,,,,,,,0,,,,,,,,,,,,,,,,,,,,
43295,2019,05,23,34.0,22.6,,5.0,,,,,,,,,,1,,,,,,,,,,,,,,,,,,,,
43295,2019,05,24,33.5,22.4,,3.2,,,,,,,,,,1,,,,,,,,,,,,,,,,,,,,
43295,2019,05,25,32.8,21.6,,2.0,,,,,,,,,,1,,,,,,,,,,,,,,,,,,,,
43295,2019,05,26,33.8,19.4,,27.2,,,,,,,,,,1,,,,,,,,,,,,,,,,,,,,
43295,2019,05,27,34.2,20.0,,37.4,,,,,,,,,,1,,,,,,,,,,,,,,,,,,,,
43295,2019,05,28,33.6,24.0,,0.0,,,,,,,,,,0,,,,,,,,,,,,,,,,,,,,
43295,2019,05,29,34.0,23.0,,0.3,,,,,,,,,,1,,,,,,,,,,,,,,,,,,,,
43295,2019,05,30,33.3,24.0,,0.0,,,,,,,,,,0,,,,,,,,,,,,,,,,,,,,
43295,2019,05,31,33.2,22.6,,0.0,,,,,,,,,,0,,,,,,,,,,,,,,,,,,,,
43295,2019,06,01,33.0,21.0,,,,,,,,,,,,,,,,,,,,,,,,,,,,,,,,
43295,2019,06,02,32.9,23.7,,0.0,,,,,,,,,,0,,,,,,,,,,,,,,,,,,,,
43295,2019,06,03,29.8,21.2,,8.0,,,,,,,,,,1,,,,,,,,,,,,,,,,,,,,
43295,2019,06,04,31.8,22.1,,0.0,,,,,,,,,,0,,,,,,,,,,,,,,,,,,,,
43295,2019,06,05,32.4,23.4,,0.0,,,,,,,,,,0,,,,,,,,,,,,,,,,,,,,
43295,2019,06,06,32.0,20.6,,32.9,,,,,,,,,,1,,,,,,,,,,,,,,,,,,,,
43295,2019,06,07,31.5,20.6,,20.4,,,,,,,,,,1,,,,,,,,,,,,,,,,,,,,
43295,2019,06,08,30.7,22.5,,0.0,,,,,,,,,,0,,,,,,,,,,,,,,,,,,,,
43295,2019,06,09,33.6,22.3,,0.0,,,,,,,,,,0,,,,,,,,,,,,,,,,,,,,
43295,2019,06,10,30.0,22.0,,0.0,,,,,,,,,,0,,,,,,,,,,,,,,,,,,,,
43295,2019,06,11,30.0,21.0,,0.0,,,,,,,,,,0,,,,,,,,,,,,,,,,,,,,
43295,2019,06,12,29.4,21.6,,0.0,,,,,,,,,,0,,,,,,,,,,,,,,,,,,,,
43295,2019,06,13,29.3,22.0,,0.0,,,,,,,,,,0,,,,,,,,,,,,,,,,,,,,
43295,2019,06,14,31.0,22.0,,0.0,,,,,,,,,,0,,,,,,,,,,,,,,,,,,,,
43295,2019,06,15,31.7,21.2,,0.5,,,,,,,,,,1,,,,,,,,,,,,,,,,,,,,
43295,2019,06,16,32.2,21.5,,0.0,,,,,,,,,,0,,,,,,,,,,,,,,,,,,,,
43295,2019,06,17,32.4,21.6,,0.0,,,,,,,,,,0,,,,,,,,,,,,,,,,,,,,
43295,2019,06,18,31.2,22.6,,0.0,,,,,,,,,,0,,,,,,,,,,,,,,,,,,,,
43295,2019,06,19,32.3,21.5,,0.0,,,,,,,,,,0,,,,,,,,,,,,,,,,,,,,
43295,2019,06,20,30.6,22.2,,1.2,,,,,,,,,,1,,,,,,,,,,,,,,,,,,,,
43295,2019,06,21,29.4,20.7,,0.0,,,,,,,,,,0,,,,,,,,,,,,,,,,,,,,
43295,2019,06,22,29.4,21.2,,0.0,,,,,,,,,,0,,,,,,,,,,,,,,,,,,,,
43295,2019,06,23,29.2,21.6,,0.0,,,,,,,,,,0,,,,,,,,,,,,,,,,,,,,
43295,2019,06,24,29.7,21.0,,12.8,,,,,,,,,,1,,,,,,,,,,,,,,,,,,,,
43295,2019,06,25,29.8,21.4,,0.3,,,,,,,,,,1,,,,,,,,,,,,,,,,,,,,
43295,2019,06,26,28.0,21.6,,0.0,,,,,,,,,,0,,,,,,,,,,,,,,,,,,,,
43295,2019,06,27,31.0,21.6,,0.0,,,,,,,,,,0,,,,,,,,,,,,,,,,,,,,
43295,2019,06,28,31.2,21.0,,4.8,,,,,,,,,,1,,,,,,,,,,,,,,,,,,,,
43295,2019,06,29,30.6,,,,,,,,,,,,,,,,,,,,,,,,,,,,,,,,,
43295,2019,06,30,29.8,21.6,,0.0,,,,,,,,,,0,,,,,,,,,,,,,,,,,,,,
43295,2019,07,01,30.5,21.0,,0.0,,,,,,,,,,0,,,,,,,,,,,,,,,,,,,,
43295,2019,07,02,30.8,21.5,,0.0,,,,,,,,,,0,,,,,,,,,,,,,,,,,,,,
43295,2019,07,03,30.8,21.4,,0.0,,,,,,,,,,0,,,,,,,,,,,,,,,,,,,,
43295,2019,07,04,30.3,21.6,,0.0,,,,,,,,,,0,,,,,,,,,,,,,,,,,,,,
43295,2019,07,05,29.0,21.3,,1.5,,,,,,,,,,1,,,,,,,,,,,,,,,,,,,,
43295,2019,07,06,28.6,20.7,,5.8,,,,,,,,,,1,,,,,,,,,,,,,,,,,,,,
43295,2019,07,07,29.2,20.7,,1.2,,,,,,,,,,1,,,,,,,,,,,,,,,,,,,,
43295,2019,07,08,29.5,20.6,,0.0,,,,,,,,,,0,,,,,,,,,,,,,,,,,,,,
43295,2019,07,09,29.6,20.0,,0.0,,,,,,,,,,0,,,,,,,,,,,,,,,,,,,,
43295,2019,07,10,29.4,21.1,,0.0,,,,,,,,,,0,,,,,,,,,,,,,,,,,,,,
43295,2019,07,11,29.2,20.2,,0.0,,,,,,,,,,0,,,,,,,,,,,,,,,,,,,,
43295,2019,07,12,31.2,20.8,,0.0,,,,,,,,,,0,,,,,,,,,,,,,,,,,,,,
43295,2019,07,13,30.8,21.0,,0.0,,,,,,,,,,0,,,,,,,,,,,,,,,,,,,,
43295,2019,07,14,30.8,21.3,,1.0,,,,,,,,,,1,,,,,,,,,,,,,,,,,,,,
43295,2019,07,15,30.4,21.4,,0.2,,,,,,,,,,1,,,,,,,,,,,,,,,,,,,,
43295,2019,07,16,30.3,21.0,,2.8,,,,,,,,,,1,,,,,,,,,,,,,,,,,,,,
43295,2019,07,17,29.3,21.0,,3.0,,,,,,,,,,1,,,,,,,,,,,,,,,,,,,,
43295,2019,07,18,28.4,21.4,,40.3,,,,,,,,,,1,,,,,,,,,,,,,,,,,,,,
43295,2019,07,19,28.4,21.6,,1.0,,,,,,,,,,1,,,,,,,,,,,,,,,,,,,,
43295,2019,07,20,27.7,20.6,,1.3,,,,,,,,,,1,,,,,,,,,,,,,,,,,,,,
43295,2019,07,21,27.6,20.6,,0.0,,,,,,,,,,0,,,,,,,,,,,,,,,,,,,,
43295,2019,07,22,26.0,20.4,,3.2,,,,,,,,,,1,,,,,,,,,,,,,,,,,,,,
43295,2019,07,23,25.8,19.2,,14.0,,,,,,,,,,1,,,,,,,,,,,,,,,,,,,,
43295,2019,07,24,29.5,20.0,,0.2,,,,,,,,,,1,,,,,,,,,,,,,,,,,,,,
43295,2019,07,25,28.5,21.3,,1.1,,,,,,,,,,1,,,,,,,,,,,,,,,,,,,,
43295,2019,07,26,26.6,20.6,,11.2,,,,,,,,,,1,,,,,,,,,,,,,,,,,,,,
43295,2019,07,27,29.0,20.4,,0.0,,,,,,,,,,0,,,,,,,,,,,,,,,,,,,,
43295,2019,07,28,28.2,20.6,,0.0,,,,,,,,,,0,,,,,,,,,,,,,,,,,,,,
43295,2019,07,29,27.6,20.8,,0.1,,,,,,,,,,1,,,,,,,,,,,,,,,,,,,,
43295,2019,07,30,27.0,20.1,,0.0,,,,,,,,,,0,,,,,,,,,,,,,,,,,,,,
43295,2019,07,31,29.9,19.8,,0.0,,,,,,,,,,0,,,,,,,,,,,,,,,,,,,,
43295,2019,08,01,30.4,20.4,,0.0,,,,,,,,,,0,,,,,,,,,,,,,,,,,,,,
43295,2019,08,02,27.0,20.5,,0.0,,,,,,,,,,0,,,,,,,,,,,,,,,,,,,,
43295,2019,08,03,28.8,20.8,,0.0,,,,,,,,,,0,,,,,,,,,,,,,,,,,,,,
43295,2019,08,04,27.9,21.0,,0.0,,,,,,,,,,0,,,,,,,,,,,,,,,,,,,,
43295,2019,08,05,25.6,20.6,,2.4,,,,,,,,,,1,,,,,,,,,,,,,,,,,,,,
43295,2019,08,06,25.4,20.0,,2.8,,,,,,,,,,1,,,,,,,,,,,,,,,,,,,,
43295,2019,08,07,25.2,20.1,,2.0,,,,,,,,,,1,,,,,,,,,,,,,,,,,,,,
43295,2019,08,08,24.7,20.8,,2.7,,,,,,,,,,1,,,,,,,,,,,,,,,,,,,,
43295,2019,08,09,25.3,20.4,,21.2,,,,,,,,,,1,,,,,,,,,,,,,,,,,,,,
43295,2019,08,10,25.8,19.8,,0.8,,,,,,,,,,1,,,,,,,,,,,,,,,,,,,,
43295,2019,08,11,27.5,20.0,,0.0,,,,,,,,,,0,,,,,,,,,,,,,,,,,,,,
43295,2019,08,12,27.6,20.2,,6.1,,,,,,,,,,1,,,,,,,,,,,,,,,,,,,,
43295,2019,08,13,27.4,20.5,,19.0,,,,,,,,,,1,,,,,,,,,,,,,,,,,,,,
43295,2019,08,14,28.4,20.7,,0.2,,,,,,,,,,1,,,,,,,,,,,,,,,,,,,,
43295,2019,08,15,27.6,20.5,,9.2,,,,,,,,,,1,,,,,,,,,,,,,,,,,,,,
43295,2019,08,16,28.6,21.2,,0.0,,,,,,,,,,0,,,,,,,,,,,,,,,,,,,,
43295,2019,08,17,24.8,20.0,,3.1,,,,,,,,,,1,,,,,,,,,,,,,,,,,,,,
43295,2019,08,18,23.7,20.6,,24.1,,,,,,,,,,1,,,,,,,,,,,,,,,,,,,,
43295,2019,08,19,29.0,20.4,,11.7,,,,,,,,,,1,,,,,,,,,,,,,,,,,,,,
43295,2019,08,20,26.4,20.1,,17.6,,,,,,,,,,1,,,,,,,,,,,,,,,,,,,,
43295,2019,08,21,27.3,20.8,,16.7,,,,,,,,,,1,,,,,,,,,,,,,,,,,,,,
43295,2019,08,22,27.5,20.7,,0.0,,,,,,,,,,0,,,,,,,,,,,,,,,,,,,,
43295,2019,08,23,,20.3,,5.4,,,,,,,,,,1,,,,,,,,,,,,,,,,,,,,
43295,2019,08,24,26.9,20.0,,1.6,,,,,,,,,,1,,,,,,,,,,,,,,,,,,,,
43295,2019,08,25,28.3,20.0,,0.0,,,,,,,,,,0,,,,,,,,,,,,,,,,,,,,
43295,2019,08,26,27.8,20.0,,0.0,,,,,,,,,,0,,,,,,,,,,,,,,,,,,,,
43295,2019,08,27,29.0,20.4,,0.2,,,,,,,,,,1,,,,,,,,,,,,,,,,,,,,
43295,2019,08,28,29.0,20.0,07,0.0,,,,,,,,,,0,0,0,0,0,0,0,0,0,,,,,,,,,,,,
43295,2019,08,29,29.0,,,,,,,,,,,,,,,,,,,,,,,,,,,,,,,,,
43295,2019,08,30,,20.6,,0.0,,,,,,,,,,0,,,,,,,,,,,,,,,,,,,,
43295,2019,08,31,,20.6,,0.0,,,,,,,,,,0,,,,,,,,,,,,,,,,,,,,
43295,2019,09,01,26.4,20.5,07,0.0,4.8,5,0,00,,,,,,1,0,0,0,0,0,0,0,0,5,4,027,,,,,,,,,
43295,2019,09,02,26.9,20.3,07,0.0,4.8,15,0,00,,,,,,0,0,0,0,0,0,0,0,0,,,,,,,,,,,,
43295,2019,09,05,25.8,20.4,,0.0,4.5,,,,,,,,,0,1,0,0,0,0,0,0,0,5,1,010,,,,,,,,,
43295,2019,09,06,,20.4,,0.4,,,,,,,,,,1,,,,,,,,,,,,,,,,,,,,
43295,2019,09,09,27.5,21.0,,0.2,5.2,,42,,,,,,,0,0,0,0,0,0,0,0,0,,,,,,,,,,,,
43295,2019,09,10,27.9,20.6,,0.0,50.0,,,,,,,,,0,0,0,0,0,0,0,0,0,,,,,,,,,,,,
43295,2019,09,11,28.0,21.3,05,0.0,5.5,0,294,,,,,,,0,0,0,0,0,0,0,0,0,,,,,,,,,,,,
43295,2019,09,12,27.7,21.0,03,0.1,60.0,5,0,,,,,,,1,1,0,0,0,0,0,0,0,6,8,005,5,8,015,1,2,250,,,
43295,2019,09,13,29.8,21.0,,0.4,50.0,,,,,,,,,0,0,0,0,0,0,0,0,0,,,,,,,,,,,,
43295,2019,09,14,30.2,21.2,,,48.0,,,,,,,,,0,0,0,0,0,0,0,0,0,,,,,,,,,,,,
43295,2019,09,15,30.7,21.3,06,0.0,5.5,5,456,,,,,,,0,1,0,0,0,0,0,0,0,,,,,,,,,,,,
43295,2019,09,16,29.5,21.0,,0.2,32.2,225,0,,,,,,,0,1,1,0,0,0,0,0,0,,,,,,,,,,,,
43295,2019,09,17,28.8,20.2,,30.8,14.8,,102,,,,,,,1,1,0,0,0,0,0,0,0,,,,,,,,,,,,
43295,2019,09,18,26.2,21.6,,0.4,46.0,,0,,,,,,,0,1,0,0,0,0,0,0,0,,,,,,,,,,,,
43295,2019,09,19,27.3,21.2,04,0.2,4.5,30,54,,,,,,,0,1,0,0,0,0,0,0,0,,,,,,,,,,,,
43295,2019,09,20,29.0,20.6,,1.9,47.0,5,192,,,,,,,0,0,0,0,0,0,0,0,0,,,,,,,,,,,,
43295,2019,09,21,28.3,21.2,06,0.0,28.0,,,,,,,,,0,0,0,0,0,0,0,0,0,,,,,,,,,,,,
43295,2019,09,22,30.8,21.2,03,7.9,,,,,,,,,,1,0,0,0,0,0,0,0,0,,,,,,,,,,,,
43295,2019,09,23,27.0,20.6,02,12.9,92.0,,,,,,,,,1,0,0,0,0,0,0,0,0,,,,,,,,,,,,
43295,2019,09,24,28.7,19.7,,29.6,,130,180,,,,,,,1,1,0,0,0,0,0,0,0,,,,,,,,,,,,
43295,2019,09,25,28.8,21.0,,23.6,6.1,,,,,,,,,1,1,0,0,0,0,0,0,0,,,,,,,,,,,,
43295,2019,09,26,27.9,20.2,,1.7,32.2,,,,,,,,,0,0,0,0,0,0,0,0,0,,,,,,,,,,,,
43295,2019,09,27,28.5,21.0,04,0.0,5.5,0,342,,,,,,,0,0,0,0,0,0,0,0,0,,,,,,,,,,,,
43295,2019,09,28,29.1,21.1,,6.0,,20,240,,,,,,,0,0,0,0,0,0,0,0,0,,,,,,,,,,,,
43295,2019,09,29,30.0,21.1,,0.0,5.0,,546,,,,,,,0,0,0,0,0,0,0,0,0,,,,,,,,,,,,
43295,2019,09,30,30.2,21.4,,0.0,50.0,,,,,,,,,0,0,0,0,0,0,0,1,0,,,,,,,,,,,,
43295,2019,10,01,30.3,21.4,04,0.0,6.0,0,510,,,,,,,0,0,0,0,0,0,0,0,0,,,,,,,,,,,,
43295,2019,10,02,29.1,18.6,,22.4,19.0,170,264,,,,,,,1,1,0,0,0,1,0,0,0,,,,,,,,,,,,
43295,2019,10,03,30.4,19.2,,7.8,5.3,235,378,,,,,,,1,0,0,0,0,0,0,0,0,6,1,030,,,,,,,,,
43295,2019,10,04,28.3,19.6,02,2.2,5.2,70,336,,,,,,,0,1,0,0,0,0,0,0,0,5,6,035,,,,,,,,,
43295,2019,10,05,28.7,19.9,,8.7,,,,,,,,,,1,,,,,,,,,,,,,,,,,,,,
43295,2019,10,06,28.6,20.6,,0.4,63.0,,,,,,,,,0,0,0,0,0,0,0,0,0,,,,,,,,,,,,
43295,2019,10,07,29.6,21.2,,0.0,61.0,,,,,,,,,0,1,0,0,0,1,0,0,0,9,6,050,5,3,057,2,3,070,0,2,090
43295,2019,10,08,30.1,20.4,,0.0,,,,,,,,,,0,,,,,,,,,,,,,,,,,,,,
43295,2019,10,09,30.0,,,5.6,,,,,,,,,,1,,,,,,,,,,,,,,,,,,,,
43295,2019,10,10,30.0,20.7,,0.0,,,,,,,,,,0,,,,,,,,,,,,,,,,,,,,
43295,2019,10,11,29.6,21.8,,0.0,,,,,,,,,,0,,,,,,,,,,,,,,,,,,,,
43295,2019,10,12,29.8,21.5,,0.6,,,,,,,,,,1,,,,,,,,,,,,,,,,,,,,
43295,2019,10,13,29.6,21.6,,0.0,,,,,,,,,,0,,,,,,,,,,,,,,,,,,,,
43295,2019,10,14,30.7,21.6,,0.0,,,,,,,,,,0,,,,,,,,,,,,,,,,,,,,
43295,2019,10,15,30.0,21.6,,0.0,,,,,,,,,,0,,,,,,,,,,,,,,,,,,,,
43295,2019,10,16,28.4,21.6,,0.0,,,,,,,,,,0,,,,,,,,,,,,,,,,,,,,
43295,2019,10,17,26.6,20.8,,0.0,,,,,,,,,,0,,,,,,,,,,,,,,,,,,,,
43295,2019,10,18,27.6,20.2,,3.8,,,,,,,,,,1,,,,,,,,,,,,,,,,,,,,
43295,2019,10,19,27.9,20.2,,9.0,,,,,,,,,,1,,,,,,,,,,,,,,,,,,,,
43295,2019,10,20,28.6,21.0,,0.0,,,,,,,,,,0,,,,,,,,,,,,,,,,,,,,
43295,2019,10,21,27.1,20.6,,7.8,,,,,,,,,,1,,,,,,,,,,,,,,,,,,,,
43295,2019,10,23,27.6,19.8,,13.2,,,,,,,,,,1,,,,,,,,,,,,,,,,,,,,
43295,2019,10,24,26.7,20.0,,0.0,,,,,,,,,,0,,,,,,,,,,,,,,,,,,,,
43295,2019,10,25,26.0,20.2,,0.0,,,,,,,,,,0,,,,,,,,,,,,,,,,,,,,
43295,2019,10,26,26.0,19.0,,6.2,40.0,1165,78,,,,,,,1,0,0,0,0,0,0,0,0,6,7,030,,,,,,,,,
43295,2019,10,27,27.4,19.4,,3.0,,,,,,,,,,1,,,,,,,,,,,,,,,,,,,,
43295,2019,10,28,27.6,19.4,,37.4,,,,,,,,,,1,,,,,,,,,,,,,,,,,,,,
43295,2019,10,29,27.6,20.0,,,5.7,,,,,,,,,1,1,0,0,0,0,0,0,0,6,5,025,5,5,025,,,,,,
43295,2019,10,30,25.6,19.7,,4.5,,,,,,,,,,1,,,,,,,,,,,,,,,,,,,,
43295,2019,10,31,26.0,19.7,,6.9,,,,,,,,,,1,,,,,,,,,,,,,,,,,,,,
43295,2019,11,01,26.0,18.0,04,0.3,42.0,,,,,,,,,1,1,0,0,0,0,0,0,0,6,8,005,5,8,075,,,,,,
43295,2019,11,02,29.6,21.0,,0.0,,,,,,,,,,0,,,,,,,,,,,,,,,,,,,,
43295,2019,11,03,29.8,21.0,,0.0,,,,,,,,,,0,,,,,,,,,,,,,,,,,,,,
43295,2019,11,04,30.8,19.2,,0.0,,,,,,,,,,0,,,,,,,,,,,,,,,,,,,,
43295,2019,11,05,30.4,18.2,,0.0,,,,,,,,,,0,,,,,,,,,,,,,,,,,,,,
43295,2019,11,06,30.9,19.2,,0.0,,,,,,,,,,0,,,,,,,,,,,,,,,,,,,,
43295,2019,11,07,30.3,19.4,,0.0,,,,,,,,,,0,,,,,,,,,,,,,,,,,,,,
43295,2019,11,08,29.2,21.0,,2.9,,,,,,,,,,1,,,,,,,,,,,,,,,,,,,,
43295,2019,11,09,29.2,21.3,02,2.0,,,,,,,,,,0,0,0,0,0,0,0,0,0,2,2,130,,,,,,,,,
43295,2019,11,10,29.8,20.4,,49.6,,,,,,,,,,1,,,,,,,,,,,,,,,,,,,,
43295,2019,11,11,28.6,20.8,,0.0,,,,,,,,,,0,,,,,,,,,,,,,,,,,,,,
43295,2019,11,12,28.6,18.8,03,0.0,6.0,0,366,,,,,,,0,0,0,0,0,0,0,0,0,,,,,,,,,,,,
43295,2019,11,13,28.8,18.5,,0.0,,,,,,,,,,0,,,,,,,,,,,,,,,,,,,,
43295,2019,11,14,26.8,18.8,,0.0,,,,,,,,,,0,,,,,,,,,,,,,,,,,,,,
43295,2019,11,15,26.9,19.5,,2.8,,,,,,,,,,1,,,,,,,,,,,,,,,,,,,,
43295,2019,11,16,29.2,20.4,,0.4,,,,,,,,,,1,,,,,,,,,,,,,,,,,,,,
43295,2019,11,17,29.6,19.5,,0.0,,,,,,,,,,0,,,,,,,,,,,,,,,,,,,,
43295,2019,11,18,29.4,19.5,,0.0,,,,,,,,,,0,,,,,,,,,,,,,,,,,,,,
43295,2019,11,19,29.8,19.8,,0.0,,,,,,,,,,0,,,,,,,,,,,,,,,,,,,,
43295,2019,11,20,27.6,20.6,,0.0,,,,,,,,,,0,,,,,,,,,,,,,,,,,,,,
43295,2019,11,21,27.6,20.4,03,11.1,2.0,,245,,,,,,,0,0,0,0,0,0,0,0,0,6,6,028,2,2,130,,,,,,
43295,2019,11,22,20.5,19.8,02,0.0,45.0,,,,,,,,,0,0,0,0,0,0,0,0,0,,,,,,,,,,,,
43295,2019,11,23,27.0,17.3,02,0.0,48.0,,258,,,,,,,0,0,0,0,0,0,0,0,0,2,2,085,1,3,095,,,,,,
43295,2019,11,24,29.2,18.2,03,0.0,4.0,,,,,,,,,0,0,0,0,0,0,0,0,0,,,,,,,,,,,,
43295,2019,11,25,28.5,18.6,02,0.0,60.0,,,,,,,,,0,0,0,0,0,0,0,0,0,2,2,265,1,2,065,,,,,,
43295,2019,11,26,27.3,16.7,03,0.0,5.5,0,228,,,,,,,0,0,0,0,0,0,0,0,0,2,2,190,,,,,,,,,
43295,2019,11,27,28.3,20.0,04,0.2,54.0,150,540,,,,,,,0,0,0,0,0,0,0,0,0,2,2,080,,,,,,,,,
43295,2019,11,28,25.0,19.2,03,0.0,4.3,,36,,,,,,,0,0,0,0,0,0,0,0,0,5,4,039,1,2,115,,,,,,
43295,2019,11,29,28.4,19.4,03,0.0,2.5,,,,,,,,,0,1,0,0,0,0,0,0,0,5,4,005,2,2,180,,,,,,
43295,2019,11,30,27.0,18.7,03,1.6,4.6,,,,,,,,,1,1,0,0,0,0,0,0,0,6,8,020,5,4,290,,,,,,
43295,2019,12,01,24.6,20.1,03,1.9,0.0,10,30,,,,,,,1,1,0,0,0,0,0,0,0,6,3,135,5,3,270,,,,,,
43295,2019,12,02,23.3,19.9,03,6.9,80.0,,,,,,,,,0,1,0,0,0,0,0,0,0,5,1,183,,,,,,,,,
43295,2019,12,03,24.5,19.4,04,0.5,4.0,,0,,,,,,,0,1,0,0,0,0,0,0,0,5,5,110,1,2,210,,,,,,
43295,2019,12,04,24.4,18.9,04,0.0,5.5,,,,,,,,,0,1,0,0,0,0,0,0,0,5,5,005,1,3,060,,,,,,
43295,2019,12,05,26.0,18.0,04,0.0,5.0,,,,,,,,,0,0,0,0,0,0,0,0,0,1,2,210,,,,,,,,,
43295,2019,12,06,25.4,18.4,03,0.0,5.2,,,,,,,,,0,0,0,0,0,0,0,0,0,1,8,120,,,,,,,,,
43295,2019,12,07,24.5,15.8,03,,50.0,,,,,,,,,1,1,0,0,0,0,0,0,0,6,6,037,5,6,240,2,2,220,,,
43295,2019,12,08,24.9,17.8,03,0.6,54.0,10,174,,,,,,,0,1,0,0,0,0,0,0,0,5,4,020,2,2,280,,,,,,
43295,2019,12,09,23.8,17.0,03,0.0,4.9,,54,,,,,,,0,0,0,0,0,0,0,0,0,2,2,150,,,,,,,,,
43295,2019,12,10,26.4,17.9,03,0.0,4.9,,,,,,,,,0,0,0,0,0,0,0,0,0,,,,,,,,,,,,
43295,2019,12,11,26.2,16.5,03,0.0,52.0,,,,,,,,,0,0,0,0,0,0,0,0,0,2,2,210,1,3,100,,,,,,
43295,2019,12,12,27.8,16.8,02,0.0,45.0,,0,,,,,,,0,0,0,0,0,0,0,0,0,,,,,,,,,,,,
43295,2019,12,13,28.2,17.4,03,0.0,5.0,0,384,,,,,,,0,0,0,0,0,0,0,0,0,2,2,170,,,,,,,,,
43295,2019,12,14,28.8,20.0,04,0.0,5.7,,,,,,,,,1,1,0,0,0,0,0,0,0,6,7,055,5,2,220,,,,,,
43295,2019,12,15,25.5,17.6,04,2.7,60.0,,96,,,,,,,0,0,0,0,0,0,0,0,0,1,2,180,,,,,,,,,
43295,2019,12,16,26.7,17.4,03,0.0,,,0,,,,,,,0,0,0,0,0,0,0,0,0,2,2,180,,,,,,,,,
43295,2019,12,17,27.6,18.4,03,0.0,5.0,,,,,,,,,0,0,0,0,0,0,0,0,0,2,2,240,,,,,,,,,
43295,2019,12,18,26.2,17.0,03,0.0,5.5,,,,,,,,,0,0,0,0,0,0,0,0,0,,,,,,,,,,,,
43295,2019,12,19,26.4,18.6,03,,53.0,,,,,,,,,0,0,0,0,0,0,0,0,0,2,2,340,,,,,,,,,
43295,2019,12,20,24.8,16.2,03,0.0,,,,,,,,,,0,0,0,0,0,0,0,0,0,2,1,420,,,,,,,,,
43295,2019,12,22,28.3,18.4,04,0.0,5.5,,,,,,,,,0,0,0,0,0,0,0,0,0,2,1,330,,,,,,,,,
43295,2019,12,23,28.0,18.1,03,,55.0,,,,,,,,,0,0,0,0,0,0,0,0,0,2,2,270,1,1,390,,,,,,
43295,2019,12,24,27.6,18.4,03,0.0,4.8,0,228,,,,,,,0,0,0,0,0,0,0,0,0,2,2,130,,,,,,,,,
43295,2019,12,25,28.6,20.0,03,0.0,4.8,0,228,,,,,,,0,0,0,0,0,0,0,0,0,2,2,265,,,,,,,,,
43295,2019,12,28,29.8,17.6,03,0.0,5.8,0,396,,,,,,,0,0,0,0,0,0,0,0,0,2,2,120,,,,,,,,,
43295,2019,12,29,28.2,16.8,04,0.0,5.0,0,384,,,,,,,0,0,0,0,0,0,0,0,0,2,2,100,,,,,,,,,
43295,2019,12,30,27.6,17.5,,0.0,5.5,,,,,,,,,0,0,0,0,0,0,0,0,0,2,2,240,,,,,,,,,
43295,2019,12,31,28.1,17.5,04,,50.0,,,,,,,,,0,0,0,0,0,0,0,0,0,2,2,240,1,1,180,,,,,,
43295,2020,01,01,27.2,19.2,03,0.0,58.0,,228,,,,,,,0,0,0,0,0,0,0,0,0,,,,,,,,,,,,
43295,2020,01,02,25.2,19.4,03,0.0,4.8,0,96,,,,,,,0,0,0,0,0,0,0,0,0,2,3,190,1,2,280,,,,,,
43295,2020,01,03,28.4,19.4,03,0.0,5.7,,,,,,,,,0,1,0,0,0,0,0,0,0,5,7,002,2,2,240,,,,,,
43295,2020,01,04,30.5,19.3,02,,58.0,,,,,,,,,0,0,0,0,0,0,0,0,0,2,2,240,,,,,,,,,
43295,2020,01,05,30.5,20.4,03,0.0,45.0,,438,,,,,,,0,0,0,0,0,0,0,0,0,2,2,240,,,,,,,,,
43295,2020,01,06,30.8,20.4,03,0.0,5.2,0,354,,,,,,,0,1,0,0,0,0,0,0,0,5,4,004,1,2,120,,,,,,
43295,2020,01,07,26.2,18.8,03,0.0,,,,,,,,,,0,0,0,0,0,0,0,0,0,1,2,120,,,,,,,,,
43295,2020,01,08,28.5,18.2,04,,56.0,,,,,,,,,0,0,0,0,0,0,0,0,0,2,2,210,1,2,090,,,,,,
43295,2020,01,09,29.8,18.0,03,0.0,,,,,,,,,,0,0,0,0,0,0,0,0,0,,,,,,,,,,,,
43295,2020,01,10,30.4,17.8,02,0.0,5.0,0,420,,,,,,,0,0,0,0,0,0,0,0,0,2,2,060,,,,,,,,,
43295,2020,01,11,29.2,15.6,04,0.0,56.0,,,,,,,,,0,0,0,0,0,0,0,0,0,2,2,180,,,,,,,,,
43295,2020,01,12,27.4,15.5,,0.0,,,,,,,,,,0,,,,,,,,,,,,,,,,,,,,
43295,2020,01,13,27.4,17.4,02,0.0,5.8,0,426,,,,,,,0,0,0,0,0,0,0,0,0,2,2,120,,,,,,,,,
43295,2020,01,14,29.0,16.4,02,0.0,4.7,0,318,,,,,,,0,0,0,0,0,0,0,0,0,4,2,055,2,1,215,,,,,,
43295,2020,01,15,29.5,14.4,03,0.0,5.5,,,,,,,,,0,0,0,0,0,0,0,0,0,2,2,180,,,,,,,,,
43295,2020,01,16,29.5,15.3,03,0.0,52.0,,,,,,,,,0,0,0,0,0,0,0,0,0,2,2,200,,,,,,,,,
43295,2020,01,17,28.7,15.8,02,0.0,5.2,0,498,,,,,,,0,0,0,0,0,0,0,0,0,2,2,090,,,,,,,,,
43295,2020,01,18,29.9,18.4,03,0.0,5.2,0,480,,,,,,,0,0,0,0,0,0,0,0,0,2,2,060,1,1,180,,,,,,
43295,2020,01,19,,19.2,,0.0,,,,,,,,,,0,,,,,,,,,,,,,,,,,,,,
43295,2020,01,20,31.0,17.7,,0.0,,,,,,,,,,0,,,,,,,,,,,,,,,,,,,,
43295,2020,01,21,31.0,17.2,,0.0,60.0,,498,,,,,,,0,0,0,0,0,0,0,0,0,,,,,,,,,,,,
43295,2020,01,22,30.2,16.0,04,0.0,5.5,,,,,,,,,0,0,0,0,0,0,0,0,0,2,2,180,,,,,,,,,
43295,2020,01,23,30.1,17.9,04,0.0,5.9,,,,,,,,,0,0,0,0,0,0,0,0,0,,,,,,,,,,,,
43295,2020,01,24,30.4,17.0,04,0.0,60.0,,,,,,,,,0,0,0,0,0,0,0,0,0,2,2,210,,,,,,,,,
43295,2020,01,25,31.4,15.5,03,0.0,55.0,,,,,,,,,0,0,0,0,0,0,0,0,0,2,2,150,,,,,,,,,
43295,2020,01,26,31.7,15.5,02,0.0,5.2,,534,,,,,,,0,0,0,0,0,0,0,0,0,1,2,180,,,,,,,,,
43295,2020,01,27,32.7,15.9,,0.0,5.8,,558,,,,,,,0,0,0,0,0,0,0,0,0,,,,,,,,,,,,
43295,2020,01,28,31.8,19.1,04,0.0,58.0,,,,,,,,,0,0,0,0,0,0,0,0,0,2,2,195,,,,,,,,,
43295,2020,01,29,31.6,18.3,03,0.0,58.0,,,,,,,,,0,0,0,0,0,0,0,0,0,,,,,,,,,,,,
43295,2020,01,30,32.0,17.5,02,0.0,6.2,,456,,,,,,,0,0,0,0,0,0,0,0,0,1,2,180,,,,,,,,,
43295,2020,01,31,33.4,19.0,02,0.0,4.0,,498,,,,,,,0,0,0,0,0,0,0,0,0,,,,,,,,,,,,
43295,2020,02,01,32.8,18.8,04,0.0,55.0,0,,,,,,,,0,0,0,0,0,0,0,0,0,1,3,090,,,,,,,,,
43295,2020,02,02,30.5,17.4,04,,48.0,,,,,,,,,0,0,0,0,0,0,0,0,0,2,2,240,,,,,,,,,
43295,2020,02,03,29.2,17.2,04,0.0,5.0,,462,,,,,,,0,0,0,0,0,0,0,0,0,1,2,180,,,,,,,,,
43295,2020,02,04,31.0,16.0,04,0.0,5.6,,528,,,,,,,0,0,0,0,0,0,0,0,0,,,,,,,,,,,,
43295,2020,02,05,30.4,18.5,04,0.0,,,,,,,,,,0,0,0,0,0,0,0,0,0,,,,,,,,,,,,
43295,2020,02,06,30.4,17.7,03,0.0,56.0,,486,,,,,,,0,0,0,0,0,0,0,0,0,,,,,,,,,,,,
43295,2020,02,07,31.0,18.0,03,,60.0,,486,,,,,,,0,0,0,0,0,0,0,0,0,2,2,240,,,,,,,,,
43295,2020,02,08,30.8,19.0,03,0.0,5.9,,,,,,,,,0,0,0,0,0,0,0,0,0,,,,,,,,,,,,
43295,2020,02,09,31.6,18.2,04,0.0,57.0,,462,,,,,,,0,0,0,0,0,0,0,0,0,,,,,,,,,,,,
43295,2020,02,10,30.4,19.0,04,0.0,54.0,,480,,,,,,,0,0,0,0,0,0,0,0,0,,,,,,,,,,,,
43295,2020,02,11,30.2,16.4,05,0.0,5.2,0,432,,,,,,,0,0,0,0,0,0,0,0,0,,,,,,,,,,,,
43295,2020,02,12,30.4,17.4,05,0.0,55.0,,,,,,,,,0,0,0,0,0,0,0,0,0,,,,,,,,,,,,
43295,2020,02,13,30.0,18.6,04,0.0,55.0,,,,,,,,,0,0,0,0,0,0,0,0,0,2,2,165,,,,,,,,,
43295,2020,02,14,32.2,18.0,03,0.0,5.7,0,558,,,,,,,0,0,0,0,0,0,0,0,0,,,,,,,,,,,,
43295,2020,02,15,32.3,17.6,02,0.0,5.0,0,480,,,,,,,0,0,0,0,0,0,0,0,0,,,,,,,,,,,,
43295,2020,02,16,33.1,17.5,03,0.0,55.0,0,540,,,,,,,0,0,0,0,0,0,0,0,0,,,,,,,,,,,,
43295,2020,02,17,32.6,17.2,04,0.0,54.0,0,570,,,,,,,0,0,0,0,0,0,0,0,0,,,,,,,,,,,,
43295,2020,02,18,32.4,17.0,03,0.0,52.0,,,,,,,,,0,0,0,0,0,0,0,0,0,,,,,,,,,,,,
43295,2020,02,19,32.6,17.6,04,0.0,5.2,0,570,,,,,,,0,0,0,0,0,0,0,0,0,,,,,,,,,,,,
43295,2020,02,20,31.5,16.5,04,0.0,50.0,0,528,,,,,,,0,0,0,0,0,0,0,0,0,1,2,300,,,,,,,,,
43295,2020,02,21,32.6,16.6,04,0.0,55.0,0,564,,,,,,,0,0,0,0,0,0,0,0,0,1,2,270,,,,,,,,,
43295,2020,02,22,32.2,18.4,04,,55.0,,,,,,,,,0,0,0,0,0,0,0,0,0,,,,,,,,,,,,
43295,2020,02,23,31.4,18.0,04,0.0,5.6,0,552,,,,,,,0,0,0,0,0,0,0,0,0,2,2,100,,,,,,,,,
43295,2020,02,24,31.0,18.6,04,0.0,56.0,,,,,,,,,0,0,0,0,0,0,0,0,0,2,2,120,,,,,,,,,
43295,2020,02,25,29.6,18.0,03,0.0,48.0,0,245,,,,,,,0,0,0,0,0,0,0,0,0,1,2,285,,,,,,,,,
43295,2020,02,26,32.5,19.5,03,0.0,55.0,,,,,,,,,0,0,0,0,0,0,0,0,0,1,2,210,,,,,,,,,
43295,2020,02,27,32.4,20.4,03,0.0,5.5,0,486,,,,,,,0,0,0,0,0,0,0,0,0,1,3,140,,,,,,,,,
43295,2020,02,28,31.6,19.2,03,0.0,5.5,0,384,,,,,,,0,0,0,0,0,0,0,0,0,,,,,,,,,,,,
43295,2020,02,29,30.9,19.5,04,0.0,5.0,0,414,,,,,,,0,0,0,0,0,0,0,0,0,1,2,210,,,,,,,,,
43295,2020,03,01,32.8,20.2,04,0.0,58.0,0,480,,,,,,,0,0,0,0,0,0,0,0,0,,,,,,,,,,,,
43295,2020,03,02,32.3,20.4,03,0.0,,,,,,,,,,0,1,0,0,0,0,0,0,0,5,6,010,,,,,,,,,
43295,2020,03,03,30.6,20.0,02,0.0,57.0,10,54,,,,,,,1,1,0,0,0,0,0,0,0,6,8,090,5,8,020,,,,,,
43295,2020,03,04,33.0,22.2,03,0.9,6.0,,24,,,,,,,1,0,0,0,0,0,0,0,0,6,1,020,2,2,085,0,,,,,
43295,2020,03,05,32.4,21.6,03,0.0,48.0,,312,,,,,,,0,0,0,0,0,0,0,0,0,,,,,,,,,,,,
43295,2020,03,06,33.4,22.4,04,0.0,54.0,0,432,,,,,,,1,1,0,0,0,0,0,0,0,6,8,035,5,8,015,,,,,,
43295,2020,03,07,33.4,22.3,03,0.9,59.0,30,408,,,,,,,0,1,0,0,0,0,0,0,0,5,4,060,,,,,,,,,
43295,2020,03,08,32.3,22.4,03,,,,,,,,,,,0,0,0,0,0,0,0,0,0,1,2,160,,,,,,,,,
43295,2020,03,09,33.3,21.6,03,0.0,48.0,,,,,,,,,0,0,0,0,0,0,0,0,0,,,,,,,,,,,,
43295,2020,03,10,32.9,22.4,03,0.0,5.2,0,384,,,,,,,0,0,0,0,0,0,0,0,0,,,,,,,,,,,,
43295,2020,03,11,34.0,22.2,03,0.0,60.0,0,420,,,,,,,0,0,0,0,0,0,0,0,0,,,,,,,,,,,,
43295,2020,03,12,33.6,22.1,03,0.0,5.2,,,,,,,,,0,0,0,0,0,0,0,0,0,1,2,105,,,,,,,,,
43295,2020,03,13,34.4,21.0,03,0.0,48.0,,,,,,,,,0,0,0,0,0,0,0,0,0,,,,,,,,,,,,
43295,2020,03,14,33.8,20.4,03,0.0,5.2,,,,,,,,,0,0,0,0,0,0,0,0,0,,,,,,,,,,,,
43295,2020,03,16,34.5,20.2,04,0.0,5.2,,,,,,,,,0,0,0,0,0,0,0,0,0,1,2,132,,,,,,,,,
43295,2020,03,17,34.2,20.2,04,0.0,56.0,,,,,,,,,0,0,0,0,0,0,0,0,0,,,,,,,,,,,,
43295,2020,03,18,33.8,19.4,05,0.0,5.4,0,576,,,,,,,0,0,0,0,0,0,0,0,0,,,,,,,,,,,,
43295,2020,03,19,35.2,20.9,03,0.0,60.0,0,612,,,,,,,0,0,0,0,0,0,0,0,0,,,,,,,,,,,,
43295,2020,03,20,35.2,23.3,04,0.0,5.5,,,,,,,,,1,1,0,0,0,1,0,0,0,9,6,200,6,6,020,5,6,010,,,
43295,2020,03,21,34.1,22.0,03,1.7,48.0,,216,,,,,,,0,0,0,0,0,0,0,0,0,,,,,,,,,,,,
43295,2020,03,22,35.4,22.8,03,0.0,5.8,25,491,,,,,,,1,0,0,0,0,0,0,0,0,6,1,025,,,,,,,,,
43295,2020,03,23,34.4,23.4,03,0.0,58.0,0,498,,,,,,,1,0,0,0,0,1,0,0,0,9,6,150,6,6,150,,,,,,
43295,2020,03,24,33.4,20.8,02,14.9,9.2,110,336,,,,,,,0,0,0,0,0,0,0,0,0,2,2,090,,,,,,,,,
43295,2020,03,25,34.7,21.0,03,0.0,,,,,,,,,,0,0,0,0,0,0,0,0,0,,,,,,,,,,,,
43295,2020,03,26,32.8,20.6,03,0.0,5.8,0,210,,,,,,,0,0,0,0,0,0,0,0,0,,,,,,,,,,,,
43295,2020,03,27,33.8,19.6,03,0.0,30.0,0,534,,,,,,,0,0,0,0,0,0,0,0,0,,,,,,,,,,,,
43295,2020,03,28,34.0,19.2,03,0.0,,,,,,,,,,0,0,0,0,0,0,0,0,0,,,,,,,,,,,,
43295,2020,03,29,35.2,19.4,02,0.0,,,,,,,,,,0,0,0,0,0,0,0,0,0,,,,,,,,,,,,
43295,2020,03,30,35.6,21.4,03,0.0,5.8,0,456,,,,,,,0,0,0,0,0,0,0,0,0,,,,,,,,,,,,
43295,2020,03,31,36.1,19.6,03,0.0,63.0,0,588,,,,,,,0,0,0,0,0,0,0,0,0,,,,,,,,,,,,
43295,2020,04,01,35.4,21.0,03,0.0,,,,,,,,,,0,0,0,0,0,0,0,0,0,,,,,,,,,,,,
43295,2020,04,02,36.0,22.0,03,0.0,56.0,0,0,,,,,,,0,0,0,0,0,0,0,0,0,,,,,,,,,,,,
43295,2020,04,03,35.8,23.0,03,0.0,6.8,0,546,,,,,,,0,0,0,0,0,0,0,0,0,,,,,,,,,,,,
43295,2020,04,04,35.6,22.1,03,0.0,,,,,,,,,,0,0,0,0,0,0,0,0,0,,,,,,,,,,,,
43295,2020,04,05,36.0,22.3,,0.0,,,,,,,,,,0,1,0,0,0,0,0,0,0,5,8,015,,,,,,,,,
43295,2020,04,06,36.4,23.6,03,0.0,56.0,5,456,,,,,,,1,1,0,0,0,1,0,0,0,9,7,301,6,7,200,5,7,034,0,7,225
43295,2020,04,07,35.6,21.0,03,30.2,12.0,,402,,,,,,,0,0,0,0,0,0,0,0,0,,,,,,,,,,,,
43295,2020,04,08,30.2,21.0,03,0.0,48.0,0,0,,,,,,,1,1,0,0,0,1,0,0,0,9,8,045,6,8,002,5,8,010,0,8,105
43295,2020,04,09,33.7,22.5,03,0.0,,,,,,,,,,1,1,0,0,0,1,0,0,0,9,6,052,6,6,238,5,8,060,1,1,300
43295,2020,04,10,33.4,18.6,,33.2,12.0,,,,,,,,,0,1,0,0,0,0,0,0,0,5,1,090,,,,,,,,,
43295,2020,04,11,30.6,21.0,03,0.0,5.8,0,245,,,,,,,0,0,0,0,0,0,0,0,0,2,2,090,,,,,,,,,
43295,2020,04,12,32.2,20.5,02,0.0,58.0,0,516,,,,,,,0,0,0,0,0,0,0,0,0,,,,,,,,,,,,
43295,2020,04,13,33.7,20.5,02,0.0,,,,,,,,,,0,0,0,0,0,0,0,0,0,,,,,,,,,,,,
43295,2020,04,14,34.8,19.6,02,0.0,56.0,,,,,,,,,0,0,0,0,0,0,0,0,0,,,,,,,,,,,,
43295,2020,04,15,34.6,20.8,03,0.0,6.3,0,540,,,,,,,0,0,0,0,0,0,0,0,0,,,,,,,,,,,,
43295,2020,04,17,34.9,23.5,03,0.0,,,,,,,,,,0,0,0,0,0,0,0,0,0,2,2,270,,,,,,,,,
43295,2020,04,18,35.2,23.8,03,0.0,56.0,0,420,,,,,,,0,0,0,0,0,0,0,0,0,,,,,,,,,,,,
43295,2020,04,19,34.4,24.0,03,0.0,6.5,0,444,,,,,,,0,0,0,0,0,0,0,0,0,,,,,,,,,,,,
43295,2020,04,20,34.3,22.6,03,0.0,55.0,0,552,,,,,,,0,0,0,0,0,0,0,0,0,,,,,,,,,,,,
43295,2020,04,21,34.2,22.3,03,0.0,,,,,,,,,,0,0,0,0,0,0,0,0,0,,,,,,,,,,,,
43295,2020,04,22,34.6,24.6,03,0.0,62.0,0,576,,,,,,,0,0,0,0,0,0,0,0,0,,,,,,,,,,,,
43295,2020,04,23,35.4,23.4,04,0.0,6.8,0,528,,,,,,,1,1,0,0,0,1,0,0,0,9,7,150,6,7,150,5,6,013,,,
43295,2020,04,24,36.0,20.5,03,23.2,9.0,158,486,,,,,,,1,1,0,0,0,1,0,0,0,9,3,075,6,1,185,5,1,040,0,3,080
43295,2020,04,25,30.8,22.7,03,0.0,,,,,,,,,,0,1,0,0,0,1,0,0,0,9,5,135,5,7,025,1,2,090,,,
43295,2020,04,26,32.0,22.6,03,0.0,60.0,,174,,,,,,,0,1,0,0,0,1,0,0,0,9,5,020,5,5,003,,,,,,
43295,2020,04,27,31.6,22.4,04,0.0,5.8,,258,,,,,,,1,1,0,0,0,1,0,0,0,9,5,010,6,4,014,5,4,015,,,
43295,2020,04,28,32.4,23.0,02,2.8,0.0,27,48,,,,,,,0,1,0,0,0,0,0,0,0,5,7,032,,,,,,,,,
43295,2020,04,29,34.0,19.6,03,30.7,,,,,,,,,,1,1,0,0,0,1,0,0,0,9,2,177,6,2,216,5,3,010,0,2,150
43295,2020,04,30,25.8,21.0,01,1.0,62.0,10,0,,,,,,,0,0,0,0,0,0,0,0,0,,,,,,,,,,,,
43295,2020,05,01,32.8,23.0,02,0.0,6.8,0,564,,,,,,,0,0,0,0,0,0,0,0,0,,,,,,,,,,,,
43295,2020,05,02,33.6,23.7,03,0.0,5.8,0,468,,,,,,,0,0,0,0,0,0,0,0,0,,,,,,,,,,,,
43295,2020,05,03,33.4,23.2,02,0.0,6.7,0,432,,,,,,,1,1,0,0,0,1,0,0,0,9,7,065,6,7,005,5,7,005,,,
43295,2020,05,04,33.8,23.0,02,0.6,7.4,10,366,,,,,,,0,0,0,0,0,0,0,0,0,,,,,,,,,,,,
43295,2020,05,05,34.8,23.4,02,0.0,6.4,0,456,,,,,,,0,0,0,0,0,0,0,0,0,,,,,,,,,,,,
43295,2020,05,06,34.3,23.6,03,0.0,5.6,0,396,,,,,,,1,1,0,0,0,1,0,0,0,9,7,010,6,7,050,5,7,080,,,
43295,2020,05,07,33.6,23.1,02,1.6,5.5,50,318,,,,,,,1,1,0,0,0,0,0,0,0,6,7,010,5,7,075,,,,,,
43295,2020,05,08,32.5,23.4,02,0.3,6.2,20,24,,,,,,,0,1,0,0,0,0,0,0,0,5,7,005,0,7,270,,,,,,
43295,2020,05,09,33.4,23.8,02,0.0,7.1,0,30,,,,,,,0,0,0,0,0,0,0,0,0,0,1,090,,,,,,,,,
43295,2020,05,10,35.2,24.0,03,0.0,6.3,0,504,,,,,,,0,0,0,0,0,0,0,0,0,,,,,,,,,,,,
43295,2020,05,11,35.3,23.6,03,0.0,6.5,0,516,,,,,,,0,0,0,0,0,0,0,0,0,,,,,,,,,,,,
43295,2020,05,12,34.0,23.4,02,0.0,6.2,0,438,,,,,,,0,0,0,0,0,0,0,0,0,,,,,,,,,,,,
43295,2020,05,13,33.8,22.4,02,0.0,6.8,0,240,,,,,,,0,0,0,0,0,0,0,0,0,,,,,,,,,,,,
43295,2020,05,14,33.8,23.7,03,0.0,5.6,0,396,,,,,,,0,1,0,0,0,0,0,0,0,5,6,008,,,,,,,,,
43295,2020,05,15,34.9,24.0,02,0.0,6.0,5,498,,,,,,,0,0,0,0,0,0,0,0,0,,,,,,,,,,,,
43295,2020,05,16,35.2,24.0,03,0.0,7.2,0,360,,,,,,,0,0,0,0,0,0,0,0,0,,,,,,,,,,,,
43295,2020,05,17,33.4,24.6,02,0.0,6.8,0,24,,,,,,,1,0,0,0,0,1,0,0,0,9,7,070,6,8,035,0,7,090,,,
43295,2020,05,18,35.6,21.2,05,11.2,4.5,100,432,,,,,,,1,0,0,0,0,1,0,0,0,9,1,075,6,1,060,,,,,,
43295,2020,05,19,31.4,22.6,07,0.0,5.3,0,204,,,,,,,0,0,0,0,0,0,0,0,0,,,,,,,,,,,,
43295,2020,05,20,32.2,21.8,07,0.0,5.2,0,180,,,,,,,0,0,0,0,0,0,0,0,0,,,,,,,,,,,,
43295,2020,05,21,33.2,22.0,06,0.0,6.2,0,222,,,,,,,0,1,0,0,0,0,0,0,0,5,8,005,,,,,,,,,
43295,2020,05,22,34.3,22.1,05,0.0,5.0,5,456,,,,,,,0,0,0,0,0,0,0,0,0,,,,,,,,,,,,
43295,2020,05,23,35.3,22.9,05,0.0,5.5,0,258,,,,,,,1,1,0,0,0,0,0,0,0,6,6,015,5,5,005,,,,,,
43295,2020,05,24,35.6,23.3,05,0.0,5.2,5,245,,,,,,,1,1,0,0,0,1,0,0,0,9,5,280,6,6,062,5,6,010,,,
43295,2020,05,25,34.4,22.0,04,35.4,4.8,70,408,,,,,,,0,1,0,0,0,0,0,0,0,5,6,005,0,1,030,,,,,,
43295,2020,05,26,33.4,21.9,03,0.0,5.7,5,402,,,,,,,1,1,0,0,0,1,0,0,0,9,6,355,6,6,091,5,6,010,0,6,360
43295,2020,05,27,32.9,20.9,04,30.9,4.4,130,522,01,2,025,3,2040,02,1,1,0,0,0,1,0,0,0,9,6,285,6,6,175,5,8,060,0,1,240
43295,2020,05,28,32.6,20.8,04,19.8,5.4,170,300,,,,,,,1,1,0,0,0,1,0,0,0,9,7,175,6,7,076,5,7,140,0,7,185
43295,2020,05,29,32.4,20.6,04,4.2,6.0,145,372,,,,,,,1,1,0,0,0,1,0,0,0,9,1,355,6,6,350,5,1,015,,,
43295,2020,05,30,32.6,20.2,04,24.4,2.6,350,354,,,,,,,1,1,0,0,0,1,0,0,0,9,7,020,6,1,070,5,3,065,0,7,147
43295,2020,05,31,31.1,22.4,02,0.2,5.0,5,264,01,2,043,1,1845,02,0,0,0,0,0,0,0,0,0,,,,,,,,,,,,
43295,2020,06,01,32.8,22.4,04,0.0,5.0,216,378,,,,,,,1,0,0,0,0,1,0,0,0,9,6,200,6,6,002,,,,,,
43295,2020,06,02,32.0,22.0,05,0.0,5.8,2,378,,,,,,,0,1,0,0,0,0,0,0,0,5,6,002,,,,,,,,,
43295,2020,06,03,28.8,21.2,06,0.0,5.3,0,48,,,,,,,0,1,0,0,0,0,0,0,0,5,6,005,,,,,,,,,
43295,2020,06,04,29.4,21.8,07,0.0,5.2,0,300,,,,,,,0,1,0,0,0,0,0,0,0,5,1,011,,,,,,,,,
43295,2020,06,05,29.3,21.6,05,0.0,6.0,0,294,,,,,,,1,0,0,0,0,0,0,0,0,6,7,005,,,,,,,,,
43295,2020,06,06,31.4,21.6,05,0.0,7.0,5,594,,,,,,,1,0,0,0,0,0,0,0,0,9,6,115,6,5,145,5,6,140,0,6,090
43295,2020,06,07,30.4,20.8,04,20.2,4.4,405,354,,,,,,,0,0,0,0,0,0,0,0,0,,,,,,,,,,,,
43295,2020,06,08,29.4,21.2,05,0.0,2.0,0,156,,,,,,,0,1,0,0,0,0,0,0,0,5,7,024,,,,,,,,,
43295,2020,06,09,32.5,21.6,05,0.0,5.5,0,491,,,,,,,0,0,0,0,0,0,0,0,0,,,,,,,,,,,,
43295,2020,06,10,30.0,21.6,05,0.0,5.8,0,42,,,,,,,1,0,0,0,0,0,0,0,0,6,5,025,,,,,,,,,
43295,2020,06,11,30.5,21.5,06,1.0,1.0,118,144,,,,,,,1,1,0,0,0,0,0,0,0,6,6,200,5,3,240,,,,,,
43295,2020,06,12,27.6,19.8,06,20.6,15.1,0,0,,,,,,,0,1,0,0,0,0,0,0,0,5,6,005,,,,,,,,,
43295,2020,06,13,26.8,20.0,07,0.0,5.3,0,0,,,,,,,1,1,0,0,0,0,0,0,0,6,5,034,5,5,065,,,,,,
43295,2020,06,14,27.8,21.0,06,1.8,0.5,30,216,,,,,,,1,1,0,0,0,0,0,0,0,6,5,008,5,4,004,,,,,,
43295,2020,06,15,28.9,21.2,08,0.0,6.0,0,252,,,,,,,0,1,0,0,0,0,0,0,0,5,7,030,,,,,,,,,
43295,2020,06,16,29.0,21.6,07,0.0,5.2,0,180,,,,,,,0,1,0,0,0,0,0,0,0,5,7,008,2,3,225,,,,,,
43295,2020,06,17,28.0,21.4,07,0.0,5.5,103,0,,,,,,,1,1,0,0,0,0,0,0,0,6,8,060,5,4,043,2,3,180,,,
43295,2020,06,18,27.2,20.6,07,0.0,5.8,45,0,,,,,,,0,1,0,0,0,0,0,0,0,5,1,030,,,,,,,,,
43295,2020,06,19,27.0,20.7,06,0.0,5.7,25,0,,,,,,,0,1,0,0,0,0,0,0,0,5,5,002,,,,,,,,,
43295,2020,06,20,29.6,21.2,05,0.0,5.0,55,270,,,,,,,0,1,0,0,0,0,0,0,0,5,7,055,,,,,,,,,
43295,2020,06,21,30.3,21.1,07,0.0,6.0,20,198,,,,,,,1,1,0,0,0,0,0,0,0,6,7,005,5,7,015,,,,,,
43295,2020,06,22,28.4,21.0,06,0.2,5.5,20,12,,,,,,,1,1,0,0,0,0,0,0,0,6,6,045,5,6,080,,,,,,
43295,2020,06,23,29.5,20.6,06,2.4,4.2,5,216,,,,,,,0,1,0,0,0,0,0,0,0,5,8,005,,,,,,,,,
43295,2020,06,24,30.4,21.4,05,4.6,4.0,515,258,,,,,,,1,1,0,0,0,1,0,0,0,9,6,240,6,1,363,5,1,152,,,
43295,2020,06,25,31.4,20.8,04,22.0,15.0,761,348,,,,,,,1,0,0,0,0,1,0,0,0,9,6,460,6,6,285,,,,,,
43295,2020,06,26,30.4,20.4,03,39.6,35.0,595,245,,,,,,,1,0,0,0,0,1,0,0,0,9,1,060,6,1,055,,,,,,
43295,2020,06,27,29.2,21.0,04,0.0,5.0,0,174,,,,,,,0,0,0,0,0,0,0,0,0,,,,,,,,,,,,
43295,2020,06,29,30.0,22.1,03,0.0,6.5,0,168,,,,,,,0,0,0,0,0,0,0,0,0,,,,,,,,,,,,
43295,2020,06,30,28.8,21.4,04,1.2,4.2,168,48,,,,,,,1,1,0,0,0,0,0,0,0,6,2,118,5,1,050,,,,,,
43295,2020,07,01,29.4,21.2,05,0.0,3.5,,0,,,,,,,0,0,0,0,0,0,0,0,0,,,,,,,,,,,,
43295,2020,07,02,28.4,21.4,06,0.0,35.0,0,192,,,,,,,1,1,0,0,0,0,0,0,0,6,6,080,5,5,315,,,,,,
43295,2020,07,03,,20.8,,11.3,,,,,,,,,,1,,,,,,,,,,,,,,,,,,,,
43295,2020,07,04,28.4,20.0,,8.4,,,12,,,,,,,0,1,0,0,0,0,0,0,0,5,5,015,,,,,,,,,
43295,2020,07,05,27.2,21.0,06,0.0,35.0,,0,,,,,,,1,1,0,0,0,0,0,0,0,6,6,015,5,5,045,,,,,,
43295,2020,07,06,27.6,20.6,06,0.6,1.3,,30,,,,,,,0,0,0,0,0,0,0,0,0,,,,,,,,,,,,
43295,2020,07,07,27.0,20.8,06,0.0,58.0,0,0,,,,,,,1,1,0,0,0,0,0,0,0,6,5,073,5,6,005,,,,,,
43295,2020,07,08,28.6,20.6,06,7.4,0.5,,150,,,,,,,1,1,0,0,0,1,0,0,0,9,7,060,6,7,330,5,6,080,,,
43295,2020,07,09,28.8,20.2,,24.3,,,,,,,,,,1,,,,,,,,,,,,,,,,,,,,
43295,2020,07,10,26.9,20.6,,29.1,,,,,,,,,,1,,,,,,,,,,,,,,,,,,,,
43295,2020,07,11,29.4,21.0,,0.4,,,,,,,,,,1,,,,,,,,,,,,,,,,,,,,
43295,2020,07,12,29.3,21.0,,0.2,,,,,,,,,,1,,,,,,,,,,,,,,,,,,,,
43295,2020,07,13,29.3,21.5,05,0.0,2.8,,,,,,,,,0,1,0,0,0,0,0,0,0,5,7,030,,,,,,,,,
43295,2020,07,14,26.2,21.4,,0.0,,,,,,,,,,0,,,,,,,,,,,,,,,,,,,,
43295,2020,07,15,26.0,21.3,,0.0,,,,,,,,,,0,,,,,,,,,,,,,,,,,,,,
43295,2020,07,16,25.2,20.6,,6.7,,,,,,,,,,1,,,,,,,,,,,,,,,,,,,,
43295,2020,07,17,25.4,20.4,,11.0,,,,,,,,,,1,,,,,,,,,,,,,,,,,,,,
43295,2020,07,18,27.3,20.9,,0.0,,,,,,,,,,0,,,,,,,,,,,,,,,,,,,,
43295,2020,07,19,29.6,21.4,,0.8,,,,,,,,,,1,,,,,,,,,,,,,,,,,,,,
43295,2020,07,20,29.6,21.0,,11.1,,,,,,,,,,1,,,,,,,,,,,,,,,,,,,,
43295,2020,07,21,30.4,19.0,,24.2,,,,,,,,,,1,,,,,,,,,,,,,,,,,,,,
43295,2020,07,22,30.4,22.0,02,0.0,,,,,,,,,,0,0,0,0,0,0,0,0,0,,,,,,,,,,,,
43295,2020,07,23,30.8,22.5,,0.0,,,,,,,,,,0,,,,,,,,,,,,,,,,,,,,
43295,2020,07,24,27.2,21.5,,4.4,,,,,,,,,,1,,,,,,,,,,,,,,,,,,,,
43295,2020,07,25,29.4,20.5,,0.0,,,,,,,,,,0,,,,,,,,,,,,,,,,,,,,
43295,2020,07,26,27.6,20.4,,4.0,,,,,,,,,,1,,,,,,,,,,,,,,,,,,,,
43295,2020,07,27,29.0,20.4,,0.0,,,,,,,,,,0,,,,,,,,,,,,,,,,,,,,
43295,2020,07,28,29.5,20.6,,2.2,,,,,,,,,,1,,,,,,,,,,,,,,,,,,,,
43295,2020,07,29,26.6,21.2,,7.9,,,,,,,,,,1,,,,,,,,,,,,,,,,,,,,
43295,2020,07,30,26.0,20.2,03,1.2,,,,,,,,,,1,1,0,0,0,0,0,0,0,6,7,070,5,2,090,,,,,,
43295,2020,07,31,28.6,21.4,04,4.0,40.0,,132,,,,,,,1,1,0,0,0,0,0,0,0,6,8,035,5,1,214,0,8,175,,,
43295,2020,08,01,28.0,20.4,,2.0,,,,,,,,,,1,,,,,,,,,,,,,,,,,,,,
43295,2020,08,02,28.0,20.8,06,3.2,1.2,32,0,,,,,,,1,1,0,0,0,0,0,0,0,6,7,055,5,7,195,,,,,,
43295,2020,08,03,27.8,20.4,07,2.5,35.0,,288,,,,,,,0,1,0,0,0,0,0,0,0,5,1,215,,,,,,,,,
43295,2020,08,04,24.4,21.0,,1.4,,,,,,,,,,1,,,,,,,,,,,,,,,,,,,,
43295,2020,08,05,25.6,19.8,,1.7,,,,,,,,,,1,,,,,,,,,,,,,,,,,,,,
43295,2020,08,06,27.8,20.8,,2.9,,,,,,,,,,1,,,,,,,,,,,,,,,,,,,,
43295,2020,08,07,27.8,21.4,07,1.3,48.0,,60,,,,,,,1,1,0,0,0,0,0,0,0,6,6,025,5,1,085,,,,,,
43295,2020,08,08,,21.3,,0.0,,,,,,,,,,0,,,,,,,,,,,,,,,,,,,,
43295,2020,08,09,26.0,20.2,,2.3,,,,,,,,,,1,,,,,,,,,,,,,,,,,,,,
43295,2020,08,10,26.0,19.5,06,12.2,2.2,,,,,,,,,1,1,0,0,0,0,0,0,0,6,1,060,5,1,160,,,,,,
43295,2020,08,11,24.4,20.6,05,0.0,22.0,,0,,,,,,,0,0,0,0,0,0,0,0,0,6,6,065,5,1,105,,,,,,
43295,2020,08,12,28.0,20.6,05,5.0,50.0,,84,,,,,,,0,0,0,0,0,0,0,0,0,,,,,,,,,,,,
43295,2020,08,13,26.6,20.6,06,0.0,5.2,,,,,,,,,0,0,0,0,0,0,0,0,0,,,,,,,,,,,,
43295,2020,08,14,28.0,20.2,06,0.0,5.0,,,,,,,,,0,0,0,0,0,0,0,0,0,,,,,,,,,,,,
43295,2020,08,15,25.4,20.4,06,0.0,,,0,,,,,,,0,0,0,0,0,0,0,0,0,,,,,,,,,,,,
43295,2020,08,16,25.6,20.0,06,0.0,20.0,,0,,,,,,,0,1,0,0,0,0,0,0,0,5,5,225,,,,,,,,,
43295,2020,08,17,23.1,20.2,06,0.2,,,,,,,,,,1,1,0,0,0,0,0,0,0,6,1,015,5,1,225,,,,,,
43295,2020,08,18,26.2,20.6,05,1.1,3.1,,,,,,,,,0,1,0,0,0,0,0,0,0,5,5,010,,,,,,,,,
43295,2020,08,19,26.4,20.4,05,0.0,63.0,,120,,,,,,,0,0,0,0,0,0,0,0,0,,,,,,,,,,,,
43295,2020,08,20,26.8,20.6,05,0.0,55.0,,6,,,,,,,0,1,0,0,0,0,0,0,0,5,6,005,,,,,,,,,
43295,2020,08,21,25.8,20.9,05,0.0,,,,,,,,,,0,0,0,0,0,0,0,0,0,,,,,,,,,,,,
43295,2020,08,22,28.0,20.6,05,0.0,58.0,,78,,,,,,,1,1,0,0,0,0,0,0,0,6,7,045,5,7,020,,,,,,
43295,2020,08,23,29.2,21.0,04,15.4,20.0,,222,,,,,,,0,1,0,0,0,0,0,0,0,5,7,050,,,,,,,,,
43295,2020,08,24,28.4,20.9,,2.1,,,,,,,,,,1,,,,,,,,,,,,,,,,,,,,
43295,2020,08,25,30.2,20.5,,0.0,,,,,,,,,,0,,,,,,,,,,,,,,,,,,,,
43295,2020,08,26,30.0,22.0,,0.0,,,,,,,,,,0,,,,,,,,,,,,,,,,,,,,
43295,2020,08,27,29.0,21.2,,0.0,,,,,,,,,,0,,,,,,,,,,,,,,,,,,,,
43295,2020,08,28,30.8,20.4,,0.0,,,,,,,,,,0,,,,,,,,,,,,,,,,,,,,
43295,2020,08,29,31.0,20.8,,0.0,,,,,,,,,,0,,,,,,,,,,,,,,,,,,,,
43295,2020,08,30,31.0,21.6,05,0.0,58.0,,522,,,,,,,0,0,0,0,0,0,0,0,0,,,,,,,,,,,,
43295,2020,08,31,31.6,19.4,04,22.6,28.0,300,570,,,,,,,1,1,0,0,0,1,0,0,0,9,1,116,6,1,260,5,8,035,0,1,500
43295,2020,09,01,29.8,20.0,04,18.7,50.0,,288,,,,,,,1,1,0,0,0,0,0,0,0,6,2,215,5,1,010,0,1,330,,,
43295,2020,09,02,28.4,20.6,03,2.1,6.1,,126,,,,,,,1,1,0,0,0,1,0,0,0,9,5,040,6,5,075,5,1,484,,,
43295,2020,09,03,27.0,20.5,02,29.8,2.4,,,,,,,,,1,1,0,0,0,0,0,0,0,6,1,137,5,1,214,,,,,,
43295,2020,09,05,29.2,22.4,02,0.0,58.0,,,,,,,,,0,1,0,0,0,0,0,0,0,5,6,005,,,,,,,,,
43295,2020,09,06,29.2,22.2,02,0.0,4.8,,78,,,,,,,0,1,0,0,0,0,0,0,0,5,6,007,,,,,,,,,
43295,2020,09,07,30.5,20.5,04,0.0,30.0,,,,,,,,,1,1,0,0,0,0,0,0,0,6,7,055,5,6,122,,,,,,
43295,2020,09,08,29.8,21.2,05,2.0,6.0,,486,,,,,,,1,1,0,0,0,1,0,0,0,9,7,060,6,1,160,5,1,194,0,8,120
43295,2020,09,09,30.2,20.7,03,61.0,,,282,,,,,,,1,1,0,0,0,1,0,0,0,9,1,573,6,1,600,5,2,060,0,6,305
43295,2020,09,10,30.6,20.4,05,63.2,56.6,,180,,,,,,,0,1,0,0,0,0,0,0,0,5,1,260,,,,,,,,,
43295,2020,09,11,27.6,19.9,07,0.0,50.0,,,,,,,,,1,1,0,0,0,0,0,0,0,6,5,005,5,5,183,,,,,,
43295,2020,09,12,25.8,20.2,07,1.2,50.0,95,18,,,,,,,1,1,0,0,0,0,0,0,0,6,1,165,5,1,540,,,,,,
43295,2020,09,13,25.5,19.7,05,17.6,5.0,,6,,,,,,,1,1,0,0,0,0,0,0,0,6,5,027,5,1,045,,,,,,
43295,2020,09,14,25.4,20.4,05,1.0,5.0,,0,,,,,,,0,1,0,0,0,0,0,0,0,5,1,030,,,,,,,,,
43295,2020,09,15,26.5,20.2,05,0.0,48.0,,0,,,,,,,1,1,0,0,0,0,0,0,0,6,7,015,5,7,040,,,,,,
43295,2020,09,16,26.2,20.2,05,0.2,53.0,15,102,,,,,,,0,1,0,0,0,0,0,0,0,5,6,008,,,,,,,,,
43295,2020,09,17,27.0,21.0,05,0.0,5.6,,,,,,,,,1,1,0,0,0,0,0,0,0,6,7,025,5,7,110,,,,,,
43295,2020,09,18,28.2,21.0,05,0.2,5.8,,180,,,,,,,0,1,0,0,0,0,0,0,0,5,2,040,,,,,,,,,
43295,2020,09,19,28.4,20.9,07,0.0,50.0,,204,,,,,,,1,1,0,0,0,0,0,0,0,6,6,107,5,6,031,,,,,,
43295,2020,09,20,25.8,20.0,06,20.8,35.0,,,,,,,,,1,1,0,0,0,0,0,0,0,6,2,080,5,1,625,,,,,,
43295,2020,09,21,22.1,19.0,07,11.4,52.0,45,0,,,,,,,0,1,0,0,0,0,0,0,0,5,5,045,,,,,,,,,
43295,2020,09,22,26.6,20.0,08,0.1,5.3,,126,,,,,,,0,1,0,0,0,0,0,0,0,5,6,085,,,,,,,,,
43295,2020,09,23,25.5,18.6,07,0.0,47.0,,,,,,,,,0,0,0,0,0,0,0,0,0,,,,,,,,,,,,
43295,2020,09,24,27.6,20.0,05,0.0,45.0,,372,,,,,,,0,0,0,0,0,0,0,0,0,,,,,,,,,,,,
43295,2020,09,25,27.4,20.9,04,0.0,48.0,,228,,,,,,,1,1,0,0,0,0,0,0,0,6,7,080,5,7,180,,,,,,
43295,2020,09,26,29.6,20.6,05,3.1,2.0,420,378,,,,,,,1,1,0,0,0,0,0,0,0,6,1,185,5,1,132,,,,,,
43295,2020,09,27,25.8,20.5,04,0.0,48.0,,0,,,,,,,0,0,0,0,0,0,0,0,0,,,,,,,,,,,,
43295,2020,09,28,27.0,20.6,03,0.0,45.0,,66,,,,,,,1,1,0,0,0,0,0,0,0,6,5,020,5,5,120,,,,,,
43295,2020,09,29,28.1,21.6,03,0.3,4.8,,132,,,,,,,1,1,0,0,0,1,0,0,0,9,5,405,6,5,040,5,8,150,0,8,120
43295,2020,09,30,27.8,19.0,03,54.4,,875,84,,,,,,,1,1,0,0,0,0,0,0,0,6,1,250,5,2,030,0,1,050,,,
43295,2020,10,01,26.2,19.5,05,0.0,60.0,,,,,,,,,0,0,0,0,0,0,0,0,0,,,,,,,,,,,,
43295,2020,10,02,28.0,21.0,04,0.0,58.0,,408,,,,,,,0,1,0,0,0,0,0,0,0,5,2,018,,,,,,,,,
43295,2020,10,03,29.6,21.0,04,0.4,4.0,40,312,,,,,,,1,0,0,0,0,0,0,0,0,6,1,030,,,,,,,,,
43295,2020,10,04,28.4,20.0,05,0.0,5.7,0,216,,,,,,,0,1,0,0,0,0,0,0,0,5,6,035,,,,,,,,,
43295,2020,10,05,26.8,19.0,05,0.2,40.0,,42,,,,,,,0,0,0,0,0,0,0,0,0,,,,,,,,,,,,
43295,2020,10,06,28.2,20.2,04,0.0,58.0,0,294,,,,,,,0,0,0,0,0,0,0,0,0,2,2,135,,,,,,,,,
43295,2020,10,07,30.4,21.9,,0.0,,,,,,,,,,0,,,,,,,,,,,,,,,,,,,,
43295,2020,10,08,30.4,21.6,03,0.0,6.3,0,408,,,,,,,0,1,0,0,0,0,0,0,0,5,8,003,,,,,,,,,
43295,2020,10,09,30.0,22.0,,0.0,,,,,,,,,,0,,,,,,,,,,,,,,,,,,,,
43295,2020,10,10,30.0,18.6,03,23.7,14.0,,186,,,,,,,1,1,0,0,0,1,0,0,0,9,7,085,6,1,405,5,2,095,,,
43295,2020,10,11,24.2,20.5,,51.0,,,,,,,,,,1,,,,,,,,,,,,,,,,,,,,
43295,2020,10,12,24.2,20.0,04,3.0,0.4,305,0,,,,,,,1,1,0,0,0,0,0,0,0,6,6,090,5,4,080,,,,,,
43295,2020,10,13,25.4,20.2,05,4.6,6.0,,60,,,,,,,1,1,0,0,0,0,0,0,0,6,3,110,5,1,170,,,,,,
43295,2020,10,14,23.0,19.8,06,0.6,26.0,25,0,,,,,,,0,1,0,0,0,0,0,0,0,5,6,030,,,,,,,,,
43295,2020,10,15,26.8,19.2,,0.0,,,,,,,,,,0,,,,,,,,,,,,,,,,,,,,
43295,2020,10,16,26.8,19.2,06,0.0,5.3,23,258,,,,,,,0,0,0,0,0,0,0,0,0,,,,,,,,,,,,
43295,2020,10,17,28.0,20.0,,0.0,,,,,,,,,,0,,,,,,,,,,,,,,,,,,,,
43295,2020,10,18,28.0,20.8,02,0.2,52.0,40,108,,,,,,,0,1,0,0,0,0,0,0,0,5,7,048,2,2,200,,,,,,
43295,2020,10,19,26.6,21.0,,1.9,,,,,,,,,,1,,,,,,,,,,,,,,,,,,,,
43295,2020,10,20,26.6,21.8,02,3.7,4.2,115,0,,,,,,,1,1,0,0,0,1,0,0,0,9,7,135,6,7,045,5,4,083,0,7,155
43295,2020,10,21,26.2,20.4,03,67.0,6.0,505,0,,,,,,,1,1,0,0,0,1,0,0,0,9,1,125,6,1,210,5,1,215,0,7,120
43295,2020,10,22,27.5,20.8,,5.4,,,,,,,,,,1,,,,,,,,,,,,,,,,,,,,
43295,2020,10,23,27.0,20.2,,17.6,,,,,,,,,,1,,,,,,,,,,,,,,,,,,,,
43295,2020,10,24,27.0,17.0,04,17.2,,330,162,,,,,,,0,1,0,0,0,0,0,0,0,5,1,060,,,,,,,,,
43295,2020,10,25,27.0,20.2,02,0.0,55.0,0,36,,,,,,,1,1,0,0,0,0,0,0,0,6,7,055,5,7,030,,,,,,
43295,2020,10,26,29.4,19.4,01,7.8,43.0,,312,,,,,,,0,1,0,0,0,0,0,0,0,5,3,010,2,2,120,,,,,,
43295,2020,10,27,29.6,19.0,,0.0,,,,,,,,,,0,,,,,,,,,,,,,,,,,,,,
43295,2020,10,28,29.6,19.0,01,0.0,5.6,0,480,,,,,,,0,0,0,0,0,0,0,0,0,2,2,080,,,,,,,,,
43295,2020,10,29,27.0,18.2,,0.0,,,,,,,,,,0,,,,,,,,,,,,,,,,,,,,
43295,2020,10,30,27.0,17.8,02,0.0,50.0,,210,,,,,,,0,0,0,0,0,0,0,0,0,2,2,120,,,,,,,,,
43295,2020,10,31,30.0,18.5,,0.0,,,,,,,,,,0,,,,,,,,,,,,,,,,,,,,
43295,2020,11,01,30.0,19.0,01,0.0,5.8,4,420,,,,,,,1,1,0,0,0,0,0,0,0,6,8,005,5,8,075,,,,,,
43295,2020,11,02,31.5,20.4,01,0.2,5.8,0,420,,,,,,,0,0,0,0,0,0,0,0,0,2,2,210,,,,,,,,,
43295,2020,11,03,29.0,19.8,01,0.0,6.3,0,162,,,,,,,0,0,0,0,0,0,0,0,0,2,2,150,,,,,,,,,
43295,2020,11,04,29.9,20.5,02,0.0,5.0,0,414,,,,,,,0,0,0,0,0,0,0,0,0,2,2,200,,,,,,,,,
43295,2020,11,05,28.8,21.0,02,0.0,6.0,0,198,,,,,,,1,0,0,0,0,1,0,0,0,9,6,310,6,6,428,2,2,120,0,7,325
43295,2020,11,07,29.2,20.2,03,0.0,6.0,5,390,,,,,,,0,0,0,0,0,0,0,0,0,2,2,120,,,,,,,,,
43295,2020,11,08,30.2,20.8,03,0.0,5.0,0,528,,,,,,,0,0,0,0,0,0,0,0,0,2,1,285,,,,,,,,,
43295,2020,11,09,27.8,20.4,03,0.0,6.0,0,330,,,,,,,0,0,0,0,0,0,0,0,0,2,2,130,,,,,,,,,
43295,2020,11,10,28.6,16.0,02,0.0,5.8,0,462,,,,,,,0,0,0,0,0,0,0,0,0,2,2,090,,,,,,,,,
43295,2020,11,11,28.7,16.5,02,0.0,6.0,0,504,,,,,,,0,0,0,0,0,0,0,0,0,2,2,170,,,,,,,,,
43295,2020,11,12,28.4,20.4,02,0.0,5.0,0,336,,,,,,,0,1,0,0,0,0,0,0,0,5,6,008,2,2,150,,,,,,
43295,2020,11,13,28.0,20.4,03,0.0,6.0,11,222,,,,,,,1,1,0,0,0,0,0,0,0,6,4,195,5,2,243,2,2,150,,,
43295,2020,11,14,26.0,20.0,02,9.3,2.3,180,66,,,,,,,0,0,0,0,0,0,0,0,0,2,2,290,,,,,,,,,
43295,2020,11,15,28.2,19.1,03,0.0,4.7,0,426,,,,,,,1,1,0,0,0,0,0,0,0,6,6,250,5,6,185,2,2,150,,,
43295,2020,11,16,24.5,20.6,02,9.8,2.3,840,72,,,,,,,1,1,0,0,0,0,0,0,0,6,1,300,5,1,455,,,,,,
43295,2020,11,17,25.0,19.4,02,21.2,4.2,350,0,,,,,,,0,1,0,0,0,0,0,0,0,5,5,013,2,2,180,,,,,,
43295,2020,11,18,26.5,19.2,03,0.0,4.5,13,378,,,,,,,0,0,0,0,0,0,0,0,0,2,2,060,,,,,,,,,
43295,2020,11,19,28.3,20.0,04,0.0,5.5,0,420,,,,,,,0,0,0,0,0,0,0,0,0,2,2,120,,,,,,,,,
43295,2020,11,20,28.1,19.0,03,0.0,5.0,0,402,,,,,,,0,0,0,0,0,0,0,0,0,2,2,190,,,,,,,,,
43295,2020,11,21,28.8,17.0,02,0.0,5.3,0,486,,,,,,,0,0,0,0,0,0,0,0,0,2,1,290,,,,,,,,,
43295,2020,11,22,29.6,14.8,02,0.0,5.0,0,498,,,,,,,0,0,0,0,0,0,0,0,0,2,2,170,1,1,120,,,,,,
43295,2020,11,23,28.2,17.4,02,0.0,5.7,0,414,,,,,,,0,0,0,0,0,0,0,0,0,2,2,150,,,,,,,,,
43295,2020,11,24,27.6,18.7,03,0.0,5.7,0,432,,,,,,,0,0,0,0,0,0,0,0,0,2,2,190,,,,,,,,,
43295,2020,11,25,26.6,18.4,03,0.0,4.9,0,186,,,,,,,0,1,0,0,0,0,0,0,0,5,7,153,2,2,180,,,,,,
43295,2020,11,26,23.8,19.6,05,1.8,3.1,0,0,,,,,,,1,1,0,0,0,0,0,0,0,6,3,790,5,2,200,,,,,,
43295,2020,11,27,22.4,17.8,03,13.2,0.4,,0,,,,,,,1,1,0,0,0,0,0,0,0,6,1,060,5,1,255,2,1,290,,,
43295,2020,11,28,23.7,17.0,03,0.2,4.3,,228,,,,,,,0,0,0,0,0,0,0,0,0,,,,,,,,,,,,
43295,2020,11,29,25.6,19.0,03,0.0,5.2,0,318,,,,,,,0,1,0,0,0,0,0,0,0,5,6,085,2,2,090,,,,,,
43295,2020,11,30,24.3,19.4,02,0.0,4.5,5,18,,,,,,,0,0,0,0,0,0,0,0,0,,,,,,,,,,,,
43295,2020,12,01,27.0,17.0,02,0.0,5.0,0,372,,,,,,,0,0,0,0,0,0,0,0,0,2,2,080,,,,,,,,,
43295,2020,12,02,26.6,16.6,02,0.0,2.1,0,480,,,,,,,0,0,0,0,0,0,0,0,0,2,2,165,,,,,,,,,
43295,2020,12,03,26.4,18.0,02,2.4,4.4,100,234,,,,,,,1,1,0,0,0,0,0,0,0,6,3,095,5,3,520,,,,,,
43295,2020,12,04,21.6,19.2,03,1.8,2.2,165,0,,,,,,,1,1,0,0,0,0,0,0,0,6,3,045,5,2,110,,,,,,
43295,2020,12,05,23.2,19.4,02,0.8,1.8,50,0,,,,,,,1,1,0,0,0,0,0,0,0,6,5,010,5,5,045,2,2,180,,,
43295,2020,12,06,24.0,18.5,03,1.3,3.3,55,96,,,,,,,1,1,0,0,0,0,0,0,0,6,6,115,5,4,175,,,,,,
43295,2020,12,07,24.4,19.4,02,7.6,2.9,310,42,,,,,,,1,1,0,0,0,0,0,0,0,6,7,020,5,2,050,,,,,,
43295,2020,12,08,26.2,19.5,03,5.6,5.5,0,245,,,,,,,1,1,0,0,0,0,0,0,0,6,1,190,5,1,323,,,,,,
43295,2020,12,09,25.0,19.4,02,0.7,4.0,0,78,,,,,,,0,1,0,0,0,0,0,0,0,5,1,050,2,2,160,,,,,,
43295,2020,12,10,25.4,16.4,03,0.0,4.8,0,245,,,,,,,0,0,0,0,0,0,0,0,0,2,1,335,,,,,,,,,
43295,2020,12,11,28.4,16.6,03,0.0,5.0,0,491,,,,,,,0,0,0,0,0,0,0,0,0,2,2,140,,,,,,,,,
43295,2020,12,12,29.3,15.4,02,0.0,5.3,0,462,,,,,,,0,0,0,0,0,0,0,0,0,2,2,230,,,,,,,,,
43295,2020,12,13,28.0,17.0,02,0.0,5.5,0,432,,,,,,,0,0,0,0,0,0,0,0,0,2,2,180,,,,,,,,,
43295,2020,12,14,27.5,17.2,02,0.0,5.2,0,384,,,,,,,0,0,0,0,0,0,0,0,0,2,1,315,,,,,,,,,
43295,2020,12,15,27.8,16.4,02,0.0,6.0,0,450,,,,,,,0,0,0,0,0,0,0,0,0,2,2,150,,,,,,,,,
43295,2020,12,16,27.0,18.0,02,0.0,5.8,0,438,,,,,,,0,1,0,0,0,0,0,0,0,5,6,010,2,2,150,,,,,,
43295,2020,12,17,26.8,19.5,02,0.2,5.4,50,228,,,,,,,0,1,0,0,0,0,0,0,0,5,2,050,2,2,180,,,,,,
43295,2020,12,18,25.0,18.4,02,0.2,5.0,0,24,,,,,,,0,0,0,0,0,0,0,0,0,2,2,165,,,,,,,,,
43295,2020,12,19,28.0,17.2,03,0.2,6.0,0,474,,,,,,,0,0,0,0,0,0,0,0,0,2,2,150,1,3,150,,,,,,
43295,2020,12,20,25.6,17.0,03,0.2,4.8,0,126,,,,,,,0,0,0,0,0,0,0,0,0,2,2,150,1,3,150,,,,,,
43295,2020,12,21,25.7,14.5,03,0.2,5.0,0,264,,,,,,,0,0,0,0,0,0,0,0,0,2,1,300,,,,,,,,,
43295,2020,12,22,26.2,14.4,03,0.2,5.0,0,90,,,,,,,0,0,0,0,0,0,0,0,0,2,1,305,,,,,,,,,
43295,2020,12,23,28.8,16.6,03,0.2,5.4,0,414,,,,,,,0,0,0,0,0,0,0,0,0,,,,,,,,,,,,
43295,2020,12,24,27.5,17.4,03,0.0,5.4,0,228,,,,,,,0,0,0,0,0,0,0,0,0,,,,,,,,,,,,
43295,2020,12,25,28.2,17.4,03,0.0,6.0,0,396,,,,,,,0,0,0,0,0,0,0,0,0,2,2,150,,,,,,,,,
43295,2020,12,26,29.0,16.0,02,0.0,5.4,0,396,,,,,,,0,0,0,0,0,0,0,0,0,,,,,,,,,,,,
43295,2020,12,27,28.4,15.2,02,0.0,4.8,0,486,,,,,,,0,0,0,0,0,0,0,0,0,2,1,300,,,,,,,,,
43295,2020,12,28,29.8,16.4,02,0.0,6.0,0,510,,,,,,,0,0,0,0,0,0,0,0,0,2,2,210,,,,,,,,,
43295,2020,12,29,29.8,16.4,02,0.0,5.7,0,414,,,,,,,0,0,0,0,0,0,0,0,0,2,2,150,,,,,,,,,
43295,2020,12,30,29.0,18.4,04,0.0,6.0,0,330,,,,,,,0,0,0,0,0,0,0,0,0,2,1,360,,,,,,,,,
43295,2020,12,31,29.6,20.0,03,0.0,4.7,100,306,,,,,,,0,1,0,0,0,0,0,0,0,5,2,260,,,,,,,,,
43295,2021,01,01,25.3,16.6,03,0.5,49.0,5,30,,,,,,,0,0,0,0,0,0,0,0,0,2,1,090,,,,,,,,,
43295,2021,01,02,26.0,16.6,03,0.0,47.0,0,300,,,,,,,0,1,0,0,0,0,0,0,0,5,7,010,2,2,180,,,,,,
43295,2021,01,03,26.0,18.8,03,0.0,5.0,10,198,,,,,,,0,1,0,0,0,0,0,0,0,5,7,020,2,2,180,,,,,,
43295,2021,01,04,27.6,19.2,04,,47.0,,,,,,,,,0,0,0,0,0,0,0,0,0,5,4,005,2,2,160,,,,,,
43295,2021,01,05,23.2,18.7,02,0.1,45.0,,12,,,,,,,0,0,0,0,0,0,0,0,0,2,2,195,,,,,,,,,
43295,2021,01,06,27.3,20.0,03,0.0,50.0,,96,,,,,,,1,1,0,0,0,0,0,0,0,6,5,185,5,3,502,2,2,150,,,
43295,2021,01,08,24.1,20.0,03,0.6,4.6,15,48,,,,,,,0,1,0,0,0,0,0,0,0,5,4,015,,,,,,,,,
43295,2021,01,09,27.0,20.1,03,0.0,4.5,,210,,,,,,,0,1,0,0,0,0,0,0,0,5,2,065,,,,,,,,,
43295,2021,01,10,24.8,18.6,02,0.0,4.4,,12,,,,,,,0,0,0,0,0,0,0,0,0,2,2,120,,,,,,,,,
43295,2021,01,11,26.9,19.7,02,0.0,54.0,,,,,,,,,0,0,0,0,0,0,0,0,0,2,2,135,,,,,,,,,
43295,2021,01,12,25.4,18.2,02,0.0,3.7,,,,,,,,,0,0,0,0,0,0,0,0,0,,,,,,,,,,,,
43295,2021,01,13,23.4,16.8,02,0.0,4.5,0,0,,,,,,,0,0,0,0,0,0,0,0,0,2,1,300,,,,,,,,,
43295,2021,01,14,27.6,16.4,03,0.5,50.0,,330,,,,,,,0,1,0,0,0,0,0,0,0,5,4,020,2,2,270,,,,,,
43295,2021,01,15,24.5,17.3,,0.0,50.0,,,,,,,,,0,0,0,0,0,0,0,0,0,2,1,270,,,,,,,,,
43295,2021,01,16,27.4,18.1,03,,50.0,,,,,,,,,0,0,0,0,0,0,0,0,0,2,2,240,,,,,,,,,
43295,2021,01,17,29.2,18.2,03,0.0,5.0,,,,,,,,,0,0,0,0,0,0,0,0,0,2,2,235,,,,,,,,,
43295,2021,01,18,29.6,15.5,03,0.0,55.0,,,,,,,,,0,0,0,0,0,0,0,0,0,2,2,135,,,,,,,,,
43295,2021,01,19,28.8,16.1,03,,,,,,,,,,,0,0,0,0,0,0,0,0,0,2,2,205,,,,,,,,,
43295,2021,01,20,28.4,16.0,02,0.0,5.2,0,486,,,,,,,0,0,0,0,0,0,0,0,0,2,2,160,,,,,,,,,
43295,2021,01,21,29.4,17.0,02,0.0,57.0,,,,,,,,,0,0,0,0,0,0,0,0,0,2,2,210,,,,,,,,,
43295,2021,01,22,31.1,20.1,02,0.0,62.0,,,,,,,,,0,0,0,0,0,0,0,0,0,2,2,150,1,2,090,,,,,,
43295,2021,01,23,30.3,18.0,02,,56.0,,,,,,,,,0,0,0,0,0,0,0,0,0,2,2,245,,,,,,,,,
43295,2021,01,24,29.2,17.0,03,0.0,5.7,0,408,,,,,,,0,0,0,0,0,0,0,0,0,2,2,135,,,,,,,,,
43295,2021,01,25,29.5,16.3,02,0.0,5.2,,,,,,,,,0,0,0,0,0,0,0,0,0,2,2,180,,,,,,,,,
43295,2021,01,26,29.4,15.4,02,0.0,50.0,0,486,,,,,,,0,0,0,0,0,0,0,0,0,2,2,150,,,,,,,,,
43295,2021,01,27,30.8,15.4,,0.0,55.0,,510,,,,,,,0,0,0,0,0,0,0,0,0,2,2,225,,,,,,,,,
43295,2021,01,28,30.2,16.0,04,0.0,5.8,0,420,,,,,,,0,0,0,0,0,0,0,0,0,2,2,120,,,,,,,,,
43295,2021,01,29,28.4,18.0,04,0.0,5.7,,,,,,,,,0,0,0,0,0,0,0,0,0,2,2,180,,,,,,,,,
43295,2021,01,30,29.3,17.4,04,0.0,61.0,0,366,,,,,,,0,0,0,0,0,0,0,0,0,2,2,180,1,1,150,,,,,,
43295,2021,01,31,29.8,17.2,04,0.0,60.0,,,,,,,,,0,0,0,0,0,0,0,0,0,2,1,360,,,,,,,,,
43295,2021,02,01,30.1,16.8,04,0.0,5.7,0,390,,,,,,,0,0,0,0,0,0,0,0,0,2,2,135,,,,,,,,,
43295,2021,02,02,29.6,16.8,04,,,,,,,,,,,0,0,0,0,0,0,0,0,0,2,1,270,,,,,,,,,
43295,2021,02,03,28.6,17.9,05,0.0,52.0,,462,,,,,,,0,0,0,0,0,0,0,0,0,2,2,240,,,,,,,,,
43295,2021,02,04,28.4,16.1,04,,52.0,,,,,,,,,0,0,0,0,0,0,0,0,0,2,2,155,,,,,,,,,
43295,2021,02,05,29.4,15.4,04,0.0,6.0,0,468,,,,,,,0,0,0,0,0,0,0,0,0,2,2,130,,,,,,,,,
43295,2021,02,06,30.4,15.6,04,0.0,5.5,,,,,,,,,0,0,0,0,0,0,0,0,0,2,2,135,,,,,,,,,
43295,2021,02,07,30.4,15.0,04,0.0,55.0,0,510,,,,,,,0,0,0,0,0,0,0,0,0,,,,,,,,,,,,
43295,2021,02,08,30.1,16.1,,0.0,53.0,,,,,,,,,0,0,0,0,0,0,0,0,0,,,,,,,,,,,,
43295,2021,02,09,29.8,14.9,04,0.0,65.0,0,540,,,,,,,0,0,0,0,0,0,0,0,0,,,,,,,,,,,,
43295,2021,02,10,28.6,14.4,03,0.0,20.0,,450,,,,,,,0,0,0,0,0,0,0,0,0,2,2,210,,,,,,,,,
43295,2021,02,11,30.5,14.5,03,0.0,50.0,,,,,,,,,0,0,0,0,0,0,0,0,0,2,2,150,,,,,,,,,
43295,2021,02,12,29.7,14.6,03,0.0,60.0,,,,,,,,,0,0,0,0,0,0,0,0,0,2,2,150,,,,,,,,,
43295,2021,02,13,31.4,14.8,03,0.0,,,,,,,,,,0,0,0,0,0,0,0,0,0,2,2,130,,,,,,,,,
43295,2021,02,14,31.0,16.2,02,0.0,55.0,0,516,,,,,,,0,0,0,0,0,0,0,0,0,1,2,120,,,,,,,,,
43295,2021,02,15,31.5,17.9,02,0.0,50.0,,534,,,,,,,0,0,0,0,0,0,0,0,0,2,2,180,,,,,,,,,
43295,2021,02,16,32.0,18.4,03,0.0,52.0,0,491,,,,,,,0,0,0,0,0,0,0,0,0,2,1,260,,,,,,,,,
43295,2021,02,17,31.4,18.4,03,0.0,5.8,0,408,,,,,,,0,0,0,0,0,0,0,0,0,,,,,,,,,,,,
43295,2021,02,18,31.2,18.0,04,0.0,,,,,,,,,,0,0,0,0,0,0,0,0,0,2,2,190,,,,,,,,,
43295,2021,02,19,29.3,18.2,05,0.0,53.0,0,192,,,,,,,1,1,0,0,0,1,0,0,0,9,6,183,6,6,377,5,8,005,2,2,210
43295,2021,02,20,29.4,17.2,04,6.6,36.0,160,150,,,,,,,1,1,0,0,0,1,0,0,0,9,6,020,6,6,030,5,6,045,2,2,255
43295,2021,02,21,27.0,18.4,05,0.5,4.6,90,318,,,,,,,1,1,0,0,0,0,0,0,0,6,5,025,5,1,025,2,2,150,,,
43295,2021,02,22,25.8,18.1,05,3.2,3.5,,,,,,,,,0,0,0,0,0,0,0,0,0,2,2,225,,,,,,,,,
43295,2021,02,23,28.8,18.2,04,0.0,40.0,0,504,,,,,,,0,0,0,0,0,0,0,0,0,2,2,150,,,,,,,,,
43295,2021,02,24,31.1,18.0,,0.0,45.0,,,,,,,,,0,0,0,0,0,0,0,0,0,2,2,218,,,,,,,,,
43295,2021,02,25,31.6,17.4,02,0.0,5.6,0,528,,,,,,,0,0,0,0,0,0,0,0,0,2,2,130,,,,,,,,,
43295,2021,02,26,33.0,18.4,02,0.0,6.0,0,480,,,,,,,0,0,0,0,0,0,0,0,0,2,2,120,,,,,,,,,
43295,2021,02,27,34.1,19.0,02,0.0,6.8,0,510,,,,,,,0,0,0,0,0,0,0,0,0,2,2,150,,,,,,,,,
43295,2021,02,28,33.8,20.0,03,0.0,62.0,,,,,,,,,0,0,0,0,0,0,0,0,0,2,2,185,,,,,,,,,
43295,2021,03,01,33.8,17.4,03,0.0,5.5,,,,,,,,,0,0,0,0,0,0,0,0,0,,,,,,,,,,,,
43295,2021,03,02,33.6,18.4,03,0.0,6.0,,,,,,,,,0,0,0,0,0,0,0,0,0,1,2,080,,,,,,,,,
43295,2021,03,03,32.5,18.2,03,0.0,52.0,,,,,,,,,0,0,0,0,0,0,0,0,0,1,2,120,,,,,,,,,
43295,2021,03,04,32.3,16.5,03,0.0,60.0,,504,,,,,,,0,0,0,0,0,0,0,0,0,1,2,143,,,,,,,,,
43295,2021,03,05,32.0,16.7,04,0.0,5.5,,,,,,,,,0,0,0,0,0,0,0,0,0,,,,,,,,,,,,
43295,2021,03,06,33.4,18.4,03,0.0,60.0,,558,,,,,,,0,0,0,0,0,0,0,0,0,,,,,,,,,,,,
43295,2021,03,07,35.9,17.5,02,0.0,63.0,,516,,,,,,,0,0,0,0,0,0,0,0,0,,,,,,,,,,,,
43295,2021,03,08,33.8,19.0,04,0.0,78.0,0,528,,,,,,,0,0,0,0,0,0,0,0,0,,,,,,,,,,,,
43295,2021,03,09,33.6,21.3,05,,,,,,,,,,,0,0,0,0,0,0,0,0,0,,,,,,,,,,,,
43295,2021,03,10,33.6,19.5,04,0.0,6.0,,,,,,,,,0,0,0,0,0,0,0,0,0,,,,,,,,,,,,
43295,2021,03,11,33.0,20.3,04,0.0,63.0,,,,,,,,,0,0,0,0,0,0,0,0,0,1,2,120,,,,,,,,,
43295,2021,03,12,33.4,19.6,03,0.0,60.0,,528,,,,,,,0,0,0,0,0,0,0,0,0,,,,,,,,,,,,
43295,2021,03,13,32.6,16.7,03,0.0,60.0,,,,,,,,,0,0,0,0,0,0,0,0,0,,,,,,,,,,,,
43295,2021,03,14,33.0,18.6,03,0.0,6.3,,,,,,,,,0,0,0,0,0,0,0,0,0,,,,,,,,,,,,
43295,2021,03,15,33.8,18.0,03,0.0,60.0,,,,,,,,,0,0,0,0,0,0,0,0,0,,,,,,,,,,,,
43295,2021,03,16,34.0,19.8,03,0.0,65.0,0,468,,,,,,,0,0,0,0,0,0,0,0,0,,,,,,,,,,,,
43295,2021,03,17,34.4,19.5,03,0.0,60.0,,,,,,,,,0,0,0,0,0,0,0,0,0,,,,,,,,,,,,
43295,2021,03,18,33.6,19.8,03,0.0,6.3,,,,,,,,,0,0,0,0,0,0,0,0,0,,,,,,,,,,,,
43295,2021,03,19,33.8,22.8,04,0.0,,0,432,,,,,,,0,0,0,0,0,0,0,0,0,,,,,,,,,,,,
43295,2021,03,20,33.8,19.6,03,0.0,60.0,,498,,,,,,,0,0,0,0,0,0,0,0,0,,,,,,,,,,,,
43295,2021,03,21,34.2,19.7,03,0.0,61.0,,,,,,,,,0,0,0,0,0,0,0,0,0,,,,,,,,,,,,
43295,2021,03,22,34.6,18.8,03,0.0,6.5,,,,,,,,,0,0,0,0,0,0,0,0,0,,,,,,,,,,,,
43295,2021,03,23,35.6,25.2,05,0.0,,,,,,,,,,0,0,0,0,0,0,0,0,0,2,3,050,1,2,160,,,,,,
43295,2021,03,24,35.6,20.8,03,0.0,78.0,0,564,,,,,,,0,0,0,0,0,0,0,0,0,,,,,,,,,,,,
43295,2021,03,25,34.5,21.6,03,0.0,73.0,,,,,,,,,0,0,0,0,0,0,0,0,0,,,,,,,,,,,,
43295,2021,03,26,35.1,21.6,03,0.0,7.5,,,,,,,,,0,0,0,0,0,0,0,0,0,,,,,,,,,,,,
43295,2021,03,27,35.7,21.0,03,0.0,70.0,0,498,,,,,,,0,0,0,0,0,0,0,0,0,1,2,220,,,,,,,,,
43295,2021,03,28,35.0,22.5,04,0.0,70.0,,,,,,,,,0,0,0,0,0,0,0,0,0,,,,,,,,,,,,
43295,2021,03,29,34.0,21.7,02,0.0,67.0,,,,,,,,,0,0,0,0,0,0,0,0,0,2,3,030,1,2,090,,,,,,
43295,2021,03,30,35.4,24.1,05,0.0,,,,,,,,,,0,0,0,0,0,0,0,0,0,,,,,,,,,,,,
43295,2021,03,31,35.4,22.4,02,0.0,6.5,,,,,,,,,0,0,0,0,0,0,0,0,0,,,,,,,,,,,,
43295,2021,04,01,37.2,23.1,04,0.0,6.7,0,486,,,,,,,0,0,0,0,0,0,0,0,0,1,2,180,,,,,,,,,
43295,2021,04,02,36.7,21.4,04,0.0,70.0,0,480,,,,,,,0,0,0,0,0,0,0,0,0,,,,,,,,,,,,
43295,2021,04,03,36.8,22.4,04,0.0,75.0,0,540,,,,,,,0,1,0,0,0,0,0,0,0,5,7,030,1,2,140,,,,,,
43295,2021,04,04,35.0,23.0,03,0.0,60.0,30,456,,,,,,,0,1,0,0,0,0,0,0,0,5,7,030,,,,,,,,,
43295,2021,04,05,36.0,22.8,03,0.0,65.0,0,491,,,,,,,0,0,0,0,0,0,0,0,0,2,3,060,1,2,080,,,,,,
43295,2021,04,06,35.3,22.5,03,0.0,60.0,,,,,,,,,0,0,0,0,0,0,0,0,0,,,,,,,,,,,,
43295,2021,04,07,34.8,20.8,03,0.0,6.8,0,384,,,,,,,0,0,0,0,0,0,0,0,0,2,3,060,1,2,150,,,,,,
43295,2021,04,08,35.6,22.6,03,0.0,58.0,,,,,,,,,0,0,0,0,0,0,0,0,0,,,,,,,,,,,,
43295,2021,04,09,35.0,22.0,03,0.0,55.0,0,330,,,,,,,0,0,0,0,0,0,0,0,0,1,2,130,,,,,,,,,
43295,2021,04,10,34.8,21.0,03,0.0,60.0,,,,,,,,,0,0,0,0,0,0,0,0,0,,,,,,,,,,,,
43295,2021,04,11,33.8,21.5,03,0.0,6.1,0,324,,,,,,,0,0,0,0,0,0,0,0,0,1,2,180,,,,,,,,,
43295,2021,04,12,34.4,22.6,03,0.0,65.0,,,,,,,,,0,0,0,0,0,0,0,0,0,2,3,030,1,1,270,,,,,,
43295,2021,04,14,33.4,23.4,03,0.0,64.0,,,,,,,,,1,1,0,0,0,1,0,0,0,9,6,020,6,7,040,5,5,105,0,8,110
43295,2021,04,15,33.2,19.8,03,1.9,4.8,120,72,,,,,,,1,1,0,0,0,1,0,0,0,9,6,010,6,2,050,5,2,075,1,2,180
43295,2021,04,16,32.6,20.8,03,0.3,65.0,20,234,,,,,,,0,0,0,0,0,0,0,0,0,,,,,,,,,,,,
43295,2021,04,17,33.4,22.4,03,0.0,65.0,0,444,,,,,,,0,0,0,0,0,0,0,0,0,,,,,,,,,,,,
43295,2021,04,18,33.4,23.4,02,0.0,7.3,,,,,,,,,0,0,0,0,0,0,0,0,0,,,,,,,,,,,,
43295,2021,04,19,34.3,22.7,04,0.0,6.3,0,372,,,,,,,0,0,0,0,0,0,0,0,0,1,2,180,,,,,,,,,
43295,2021,04,20,34.6,23.4,04,0.0,3.5,0,240,,,,,,,1,1,0,0,0,1,0,0,0,9,7,050,6,6,110,5,7,005,,,
43295,2021,04,21,34.4,22.8,03,0.0,56.0,,264,,,,,,,1,1,0,0,0,1,0,0,0,9,6,290,6,6,100,5,6,025,,,
43295,2021,04,23,32.2,21.0,,21.4,4.5,165,288,,,,,,,1,1,0,0,0,1,0,0,0,9,7,105,6,7,220,5,1,240,,,
43295,2021,04,24,31.7,20.0,03,65.8,38.0,,354,,,,,,,1,1,0,0,0,1,0,0,0,9,6,115,6,1,125,5,7,020,,,
43295,2021,04,25,31.9,21.8,,0.0,50.0,,378,,,,,,,0,0,0,0,0,0,0,0,0,2,2,130,1,2,020,,,,,,
43295,2021,04,26,32.4,23.0,02,0.0,6.0,0,300,,,,,,,0,0,0,0,0,0,0,0,0,2,3,040,1,2,090,,,,,,
43295,2021,04,27,33.6,23.0,02,0.0,6.3,0,468,,,,,,,0,0,0,0,0,0,0,0,0,2,3,080,1,2,170,,,,,,
43295,2021,04,28,33.0,21.5,01,0.0,,,,,,,,,,0,0,0,0,0,0,0,0,0,,,,,,,,,,,,
43295,2021,04,29,34.0,24.8,02,0.0,50.0,0,390,,,,,,,0,0,0,0,0,1,0,0,0,9,5,090,1,2,120,,,,,,
43295,2021,04,30,34.4,21.2,03,0.0,6.0,0,282,,,,,,,1,0,0,0,0,1,0,0,0,9,1,220,6,7,170,0,7,190,,,
43295,2021,05,01,33.4,22.5,02,0.0,58.0,5,264,,,,,,,0,0,0,0,0,0,0,0,0,1,3,180,,,,,,,,,
43295,2021,05,02,32.9,23.4,02,0.0,,,,,,,,,,0,0,0,0,0,0,0,0,0,,,,,,,,,,,,
43295,2021,05,03,33.0,22.7,03,,49.0,,,,,,,,,0,0,0,0,0,0,0,0,0,,,,,,,,,,,,
43295,2021,05,04,32.7,,02,0.0,6.8,0,,,,,,,,1,1,0,0,0,1,0,0,0,9,5,012,6,6,035,5,5,010,,,
43295,2021,05,05,31.8,23.0,02,0.8,1.5,35,245,,,,,,,0,0,0,0,0,0,0,0,0,,,,,,,,,,,,
43295,2021,05,06,33.7,23.9,03,0.0,,,,,,,,,,0,0,0,0,0,0,0,0,0,,,,,,,,,,,,
43295,2021,05,07,33.0,22.6,03,0.0,68.0,0,234,,,,,,,0,0,0,0,0,0,0,0,0,0,7,090,,,,,,,,,
43295,2021,05,08,33.0,23.3,03,,68.0,,,,,,,,,0,0,0,0,0,0,0,0,0,,,,,,,,,,,,
43295,2021,05,09,32.7,22.3,03,0.0,70.0,,372,,,,,,,0,0,0,0,0,0,0,0,0,,,,,,,,,,,,
43295,2021,05,10,34.4,24.5,02,0.0,,,,,,,,,,1,1,0,0,0,1,0,0,0,9,6,045,6,6,030,5,6,005,,,
43295,2021,05,11,33.8,23.4,03,2.1,,,,,,,,,,1,0,0,0,0,1,0,0,0,9,6,120,6,6,005,,,,,,
43295,2021,05,12,33.9,23.5,03,0.0,,,0,,,,,,,1,1,0,0,0,1,0,0,0,9,6,300,6,7,332,5,8,010,0,6,405
43295,2021,05,13,31.9,20.7,01,35.0,,,,01,5,049,3,0027,,1,0,0,0,0,1,0,0,0,9,8,165,6,8,165,0,7,300,,,
43295,2021,05,14,31.9,21.4,02,26.2,,255,396,,,,,,,1,1,0,0,0,1,0,0,0,9,1,020,6,1,020,5,1,070,,,
43295,2021,05,15,32.6,22.2,05,0.0,,,,,,,,,,0,1,0,0,0,0,0,0,0,5,4,150,,,,,,,,,
43295,2021,05,16,28.0,21.4,05,0.0,4.5,165,54,,,,,,,1,1,0,0,0,0,0,0,0,6,4,005,5,2,100,,,,,,
43295,2021,05,17,27.8,21.0,05,0.0,,,,,,,,,,1,0,0,0,0,1,0,0,0,9,6,095,6,6,095,0,6,220,,,
43295,2021,05,18,32.6,21.6,05,0.0,,,,,,,,,,1,1,0,0,0,1,0,0,0,9,6,120,6,6,030,5,6,030,0,7,060
43295,2021,05,19,33.1,21.6,04,0.0,,,,01,7,042,3,1845,,0,0,0,0,0,1,0,0,0,9,6,030,,,,,,,,,
43295,2021,05,20,33.4,22.2,05,0.0,5.5,,594,,,,,,,1,1,0,0,0,1,0,0,0,9,6,015,6,6,088,5,6,172,,,
43295,2021,05,21,30.8,21.6,05,2.7,,,,,,,,,,1,1,0,0,0,1,0,0,0,9,5,109,6,5,130,5,4,407,,,
43295,2021,05,22,28.5,21.0,03,25.3,,,,,,,,,,1,1,0,0,0,1,0,0,0,9,6,060,6,6,030,5,1,240,0,6,160
43295,2021,05,23,29.5,20.9,04,7.4,,,,,,,,,,0,0,0,0,0,0,0,0,0,0,7,290,,,,,,,,,
43295,2021,05,24,30.2,22.0,04,0.0,,,,,,,,,,0,1,0,0,0,0,0,0,0,5,8,065,,,,,,,,,
43295,2021,05,25,31.7,22.0,05,0.0,,,,,,,,,,1,1,0,0,0,1,0,0,0,9,6,160,6,6,115,5,7,105,,,
43295,2021,05,26,30.2,20.4,05,31.0,,,,,,,,,,0,0,0,0,0,0,0,0,0,,,,,,,,,,,,
43295,2021,05,27,30.1,21.2,01,0.0,,0,330,,,,,,,0,0,0,0,0,0,0,0,0,,,,,,,,,,,,
43295,2021,05,28,30.6,20.4,07,0.0,,,,,,,,,,0,0,0,0,0,0,0,0,0,,,,,,,,,,,,
43295,2021,05,29,30.9,21.0,05,0.0,,,,,,,,,,0,0,0,0,0,0,0,0,0,,,,,,,,,,,,
43295,2021,05,30,31.9,20.9,05,0.0,6.3,0,606,,,,,,,0,0,0,0,0,0,0,0,0,,,,,,,,,,,,
43295,2021,05,31,32.1,21.4,06,0.0,,,540,,,,,,,0,0,0,0,0,0,0,0,0,,,,,,,,,,,,
43295,2021,06,01,32.3,21.1,06,0.0,60.0,0,642,,,,,,,0,1,0,0,0,1,0,0,0,9,8,009,5,8,040,0,8,010,,,
43295,2021,06,02,32.0,22.2,04,1.1,6.0,,,,,,,,,0,1,0,0,0,1,0,0,0,9,5,095,5,2,155,0,7,180,,,
43295,2021,06,03,33.7,21.9,03,0.4,,,402,,,,,,,1,1,0,0,0,1,0,0,0,9,6,190,6,6,062,5,1,035,0,1,420
43295,2021,06,04,31.0,21.4,01,52.4,44.0,,120,,,,,,,1,1,0,0,0,1,0,0,0,9,5,235,6,6,255,5,8,140,0,7,290
43295,2021,06,05,31.5,21.2,02,12.6,,395,258,,,,,,,1,1,0,0,0,1,0,0,0,9,5,235,6,6,255,5,8,140,0,7,290
43295,2021,06,06,29.2,20.7,04,4.6,56.0,,,,,,,,,1,0,0,0,0,0,0,0,0,6,7,015,,,,,,,,,
43295,2021,06,07,29.7,22.1,04,0.4,,15,552,,,,,,,0,0,0,0,0,0,0,0,0,,,,,,,,,,,,
43295,2021,06,08,31.0,21.9,04,0.0,6.0,,,,,,,,,0,0,0,0,0,0,0,0,0,,,,,,,,,,,,
43295,2021,06,09,31.1,20.5,05,0.0,55.0,,,,,,,,,1,1,0,0,0,0,0,0,0,6,6,020,5,6,015,,,,,,
43295,2021,06,10,29.5,20.4,05,3.2,,,354,,,,,,,1,1,0,0,0,0,0,0,0,6,6,005,5,6,015,,,,,,
43295,2021,06,11,29.0,20.4,06,0.0,60.0,,,,,,,,,0,0,0,0,0,0,0,0,0,,,,,,,,,,,,
43295,2021,06,12,28.2,20.0,07,0.0,60.0,,,,,,,,,1,1,0,0,0,0,0,0,0,6,5,015,5,5,165,,,,,,
43295,2021,06,13,29.0,20.0,,3.0,5.0,,,,,,,,,1,1,0,0,0,0,0,0,0,6,6,005,5,5,075,,,,,,
43295,2021,06,14,27.6,21.0,06,0.0,,,84,,,,,,,1,1,0,0,0,0,0,0,0,6,5,025,5,3,152,,,,,,
43295,2021,06,15,26.5,20.2,07,4.2,,,,,,,,,,1,1,0,0,0,0,0,0,0,6,2,050,5,1,320,,,,,,
43295,2021,06,16,26.7,20.8,06,0.4,,,,,,,,,,1,1,0,0,0,0,0,0,0,6,5,090,5,5,210,,,,,,
43295,2021,06,17,28.0,20.8,06,5.0,,,192,,,,,,,1,1,0,0,0,0,0,0,0,6,5,030,5,5,090,,,,,,
43295,2021,06,18,28.4,20.4,07,1.2,,,204,,,,,,,0,1,0,0,0,0,0,0,0,5,6,010,,,,,,,,,
43295,2021,06,19,28.0,20.8,07,0.0,,,60,,,,,,,1,0,0,0,0,0,0,0,0,6,6,005,0,8,015,,,,,,
43295,2021,06,20,28.2,20.5,07,0.0,5.0,,,,,,,,,0,0,0,0,0,0,0,0,0,,,,,,,,,,,,
43295,2021,06,21,29.6,20.4,05,0.0,,,438,,,,,,,0,0,0,0,0,0,0,0,0,,,,,,,,,,,,
43295,2021,06,22,30.6,21.0,05,0.0,5.0,,444,,,,,,,0,0,0,0,0,0,0,0,0,,,,,,,,,,,,
43295,2021,06,23,28.4,21.2,02,0.0,,,,,,,,,,1,1,0,0,0,0,0,0,0,6,7,020,5,7,050,,,,,,
43295,2021,06,24,30.5,21.4,04,1.0,60.0,,186,,,,,,,0,1,0,0,0,0,0,0,0,5,1,020,,,,,,,,,
43295,2021,06,25,29.4,20.1,06,0.0,55.0,,108,,,,,,,0,1,0,0,0,0,0,0,0,5,7,005,,,,,,,,,
43295,2021,06,26,29.7,20.5,06,0.0,55.0,,204,,,,,,,1,1,0,0,0,1,0,0,0,9,7,200,6,7,230,5,6,100,,,
43295,2021,06,27,27.2,20.2,05,2.2,5.5,,48,,,,,,,1,1,0,0,0,0,0,0,0,6,8,020,5,8,030,,,,,,
43295,2021,06,28,26.6,20.8,04,0.4,45.0,,120,,,,,,,0,0,0,0,0,0,0,0,0,,,,,,,,,,,,
43295,2021,06,29,27.6,20.9,01,0.0,55.0,,48,,,,,,,0,0,0,0,0,0,0,0,0,,,,,,,,,,,,
43295,2021,06,30,32.6,22.5,04,0.0,5.5,,408,,,,,,,1,0,0,0,0,1,0,0,0,9,8,060,6,8,030,,,,,,
43295,2021,07,01,32.7,23.0,02,2.6,55.0,40,491,,,,,,,1,0,0,0,0,0,0,0,0,6,1,030,,,,,,,,,
43295,2021,07,02,30.0,22.0,04,0.0,50.0,,96,,,,,,,0,0,0,0,0,0,0,0,0,,,,,,,,,,,,
43295,2021,07,03,31.4,21.7,05,0.0,55.0,,432,,,,,,,0,0,0,0,0,0,0,0,0,,,,,,,,,,,,
43295,2021,07,04,31.0,22.4,04,0.0,50.0,,264,,,,,,,1,0,0,0,0,1,0,0,0,9,7,240,6,7,305,,,,,,
43295,2021,07,05,30.8,20.1,04,46.6,46.0,,204,,,,,,,1,1,0,0,0,0,0,0,0,6,1,190,5,3,005,0,8,060,,,
43295,2021,07,06,29.4,20.2,03,1.3,,,378,,,,,,,1,1,0,0,0,1,0,0,0,9,8,035,6,2,010,5,2,010,0,2,140
43295,2021,07,07,30.0,22.3,02,0.0,50.0,,180,,,,,,,0,1,0,0,0,1,0,0,0,9,1,030,5,8,020,0,1,230,,,
43295,2021,07,08,29.4,21.8,04,0.0,40.0,,240,,,,,,,0,1,0,0,0,0,0,0,0,5,7,015,0,8,010,,,,,,
43295,2021,07,09,30.1,22.2,03,0.0,45.0,,288,,,,,,,0,1,0,0,0,1,0,0,0,9,1,070,5,2,130,0,1,270,,,
43295,2021,07,10,29.0,21.3,05,0.2,40.0,,168,,,,,,,0,1,0,0,0,0,0,0,0,5,2,270,,,,,,,,,
43295,2021,07,11,26.8,20.1,07,0.6,40.0,,30,,,,,,,0,0,0,0,0,0,0,0,0,,,,,,,,,,,,
43295,2021,07,12,26.8,20.2,06,0.0,45.0,,24,,,,,,,0,1,0,0,0,0,0,0,0,5,1,007,,,,,,,,,
43295,2021,07,13,27.0,20.4,07,0.0,35.0,,,,,,,,,1,1,0,0,0,0,0,0,0,6,4,075,5,3,110,,,,,,
43295,2021,07,14,25.2,20.5,05,9.2,5.0,,0,,,,,,,1,1,0,0,0,0,0,0,0,6,6,060,5,2,884,0,6,195,,,
43295,2021,07,15,,19.9,,18.8,,,,,,,,,,1,,,,,,,,,,,,,,,,,,,,
43295,2021,07,17,27.0,20.7,04,1.3,3.5,135,108,,,,,,,1,1,0,0,0,0,0,0,0,6,1,245,5,1,060,0,7,025,,,
43295,2021,07,18,28.2,20.0,05,17.8,,660,162,,,,,,,1,1,0,0,0,0,0,0,0,6,1,350,5,3,355,,,,,,
43295,2021,07,19,23.8,20.3,04,4.3,2.7,,0,,,,,,,1,1,0,0,0,0,0,0,0,6,6,060,5,1,460,,,,,,
43295,2021,07,20,27.6,19.7,05,7.0,,40,,,,,,,,0,1,0,0,0,0,0,0,0,5,6,020,,,,,,,,,
43295,2021,07,21,27.8,20.4,07,0.0,4.5,5,312,,,,,,,1,1,0,0,0,0,0,0,0,6,5,060,5,4,370,,,,,,
43295,2021,07,22,24.2,20.1,06,3.2,2.0,,0,,,,,,,1,1,0,0,0,0,0,0,0,6,6,265,5,1,882,,,,,,
43295,2021,07,23,24.7,19.7,07,1.4,0.6,,0,,,,,,,1,1,0,0,0,0,0,0,0,6,5,005,5,2,125,,,,,,
43295,2021,07,24,23.7,20.0,06,0.4,27.0,10,,,,,,,,1,1,0,0,0,1,0,0,0,9,6,015,6,5,230,5,6,105,,,
43295,2021,07,25,28.3,20.6,05,24.4,34.0,80,162,,,,,,,1,1,0,0,0,1,0,0,0,9,7,075,6,5,140,5,5,340,0,7,280
43295,2021,07,26,28.4,20.5,05,59.8,4.8,,245,,,,,,,0,0,0,0,0,0,0,0,0,,,,,,,,,,,,
43295,2021,07,27,28.3,20.1,,0.0,5.5,,126,,,,,,,0,0,0,0,0,0,0,0,0,,,,,,,,,,,,
43295,2021,07,28,27.7,20.0,06,0.0,56.0,,,,,,,,,0,0,0,0,0,0,0,0,0,,,,,,,,,,,,
43295,2021,07,29,28.3,19.8,07,0.0,4.5,0,342,,,,,,,0,1,0,0,0,0,0,0,0,5,5,010,,,,,,,,,
43295,2021,07,30,28.0,19.6,06,0.0,50.0,5,186,,,,,,,0,0,0,0,0,0,0,0,0,,,,,,,,,,,,
43295,2021,07,31,28.7,19.9,06,0.0,5.4,240,234,,,,,,,0,1,0,0,0,0,0,0,0,5,5,004,,,,,,,,,
43295,2021,08,01,28.0,20.7,03,0.0,59.0,5,204,,,,,,,0,1,0,0,0,0,0,0,0,5,5,010,,,,,,,,,
43295,2021,08,02,27.5,19.6,06,0.0,4.3,5,216,,,,,,,0,0,0,0,0,0,0,0,0,,,,,,,,,,,,
43295,2021,08,03,27.8,20.0,06,0.0,55.0,0,252,,,,,,,1,1,0,0,0,0,0,0,0,6,6,020,5,4,040,,,,,,
43295,2021,08,04,29.3,21.0,06,1.0,4.0,,336,,,,,,,1,1,0,0,0,0,0,0,0,6,6,065,5,2,090,,,,,,
43295,2021,08,05,27.6,20.4,05,1.0,42.0,30,48,,,,,,,1,1,0,0,0,0,0,0,0,6,6,070,5,2,755,,,,,,
43295,2021,08,06,28.0,20.5,,5.6,4.1,75,138,,,,,,,1,1,0,0,0,0,0,0,0,6,7,125,5,6,084,,,,,,
43295,2021,08,07,29.4,20.9,04,4.2,32.0,,264,,,,,,,1,1,0,0,0,0,0,0,0,6,7,060,5,6,180,,,,,,
43295,2021,08,08,30.3,20.8,05,1.2,5.2,,528,,,,,,,1,1,0,0,0,0,0,0,0,6,8,020,5,8,012,,,,,,
43295,2021,08,09,30.7,21.7,04,0.6,5.0,,360,,,,,,,1,1,0,0,0,0,0,0,0,6,1,005,5,8,010,,,,,,
43295,2021,08,10,30.7,21.8,04,0.0,5.0,5,491,,,,,,,0,1,0,0,0,0,0,0,0,5,2,090,,,,,,,,,
43295,2021,08,11,27.3,20.8,04,0.0,65.0,20,54,,,,,,,1,1,0,0,0,0,0,0,0,6,5,055,5,5,050,,,,,,
43295,2021,08,12,28.8,21.3,05,1.6,5.1,,174,,,,,,,1,1,0,0,0,0,0,0,0,6,6,055,5,3,150,,,,,,
43295,2021,08,13,27.0,20.0,05,3.8,2.6,,,,,,,,,1,1,0,0,0,0,0,0,0,6,1,035,5,1,060,,,,,,
43295,2021,08,14,27.4,20.3,05,0.0,,,,,,,,,,0,0,0,0,0,0,0,0,0,,,,,,,,,,,,
43295,2021,08,15,28.0,20.0,05,0.0,40.0,0,222,,,,,,,0,1,0,0,0,0,0,0,0,5,7,020,,,,,,,,,
43295,2021,08,16,28.0,20.7,05,0.0,4.8,5,78,,,,,,,1,1,0,0,0,0,0,0,0,6,7,100,5,7,020,,,,,,
43295,2021,08,17,26.5,20.3,04,13.6,35.0,100,0,,,,,,,0,0,0,0,0,0,0,0,0,,,,,,,,,,,,
43295,2021,08,18,26.7,20.8,,0.0,4.5,0,12,,,,,,,1,1,0,0,0,0,0,0,0,6,7,011,5,5,021,,,,,,
43295,2021,08,19,28.4,20.4,05,0.2,52.0,11,210,,,,,,,1,1,0,0,0,1,0,0,0,9,6,050,6,6,180,5,7,190,0,7,030
43295,2021,08,20,28.8,20.8,05,7.0,4.0,,384,,,,,,,0,0,0,0,0,0,0,0,0,1,2,120,,,,,,,,,
43295,2021,08,21,28.6,21.1,03,0.3,4.5,,,,,,,,,1,0,0,0,0,1,0,0,0,9,8,100,6,5,150,5,1,295,0,7,150
43295,2021,08,22,27.7,19.2,02,5.5,2.0,320,48,,,,,,,1,1,0,0,0,0,0,0,0,6,1,130,5,1,295,2,3,060,0,2,120
43295,2021,08,23,27.1,20.5,02,3.1,16.0,65,198,,,,,,,1,1,0,0,0,1,0,0,0,9,7,090,6,7,210,5,1,095,0,1,090
43295,2021,08,24,29.0,20.3,,3.7,3.7,,192,,,,,,,0,0,0,0,0,0,0,0,0,,,,,,,,,,,,
43295,2021,08,25,29.1,20.7,04,1.0,4.3,120,252,,,,,,,0,0,0,0,0,0,0,0,0,6,3,005,5,2,175,,,,,,
43295,2021,08,26,28.8,21.0,04,0.0,5.8,5,234,,,,,,,1,1,0,0,0,1,0,0,0,9,7,167,6,7,132,5,6,218,,,
43295,2021,08,27,30.4,20.5,04,25.0,5.5,215,384,,,,,,,1,1,0,0,0,1,0,0,0,9,6,030,6,1,248,5,2,490,,,
43295,2021,08,28,28.4,20.3,04,11.6,1.6,,156,,,,,,,1,1,0,0,0,0,0,0,0,6,1,123,5,1,377,,,,,,
43295,2021,08,29,25.8,19.2,05,4.0,4.0,20,0,,,,,,,1,1,0,0,0,0,0,0,0,6,1,280,5,1,665,,,,,,
43295,2021,08,30,25.0,19.7,05,3.9,2.8,50,0,,,,,,,1,1,0,0,0,0,0,0,0,6,5,015,5,5,099,,,,,,
43295,2021,08,31,26.6,19.7,04,0.6,36.0,15,126,,,,,,,0,0,0,0,0,0,0,0,0,,,,,,,,,,,,
43295,2021,09,01,29.3,20.9,04,0.0,6.0,,342,,,,,,,1,1,0,0,0,1,0,0,0,9,7,005,6,7,055,5,7,130,0,8,020
43295,2021,09,02,29.4,20.6,04,2.9,,,,,,,,,,1,1,0,0,0,0,0,0,0,6,5,210,5,5,025,,,,,,
43295,2021,09,03,26.7,19.8,04,44.6,2.6,315,42,,,,,,,1,1,0,0,0,0,0,0,0,6,1,120,5,1,280,,,,,,
43295,2021,09,04,26.2,20.4,04,0.1,56.0,,,,,,,,,1,1,0,0,0,0,0,0,0,6,6,120,5,2,110,,,,,,
43295,2021,09,05,26.6,20.2,04,1.2,3.2,,0,,,,,,,1,1,0,0,0,0,0,0,0,6,5,120,5,3,090,,,,,,
43295,2021,09,06,27.2,20.2,,7.8,3.3,,0,,,,,,,1,1,0,0,0,0,0,0,0,6,5,094,5,5,176,0,7,120,,,
43295,2021,09,07,27.0,20.0,06,2.0,3.0,70,174,,,,,,,1,1,0,0,0,0,0,0,0,6,5,070,5,2,030,,,,,,
43295,2021,09,08,26.0,20.5,,0.4,4.0,,72,,,,,,,1,1,0,0,0,0,0,0,0,6,1,020,5,6,015,,,,,,
43295,2021,09,09,27.6,20.0,06,0.5,5.0,0,198,,,,,,,0,0,0,0,0,0,0,0,0,2,2,060,1,2,050,,,,,,
43295,2021,09,10,29.1,20.2,05,0.0,6.0,0,300,,,,,,,0,0,0,0,0,0,0,0,0,,,,,,,,,,,,
43295,2021,09,11,28.4,20.5,06,0.0,4.5,,,,,,,,,0,1,0,0,0,0,0,0,0,5,6,010,,,,,,,,,
43295,2021,09,12,28.5,20.7,06,0.0,50.0,10,372,,,,,,,0,1,0,0,0,0,0,0,0,5,7,007,,,,,,,,,
43295,2021,09,13,28.0,20.9,,0.1,6.1,,312,,,,,,,0,1,0,0,0,0,0,0,0,5,7,009,,,,,,,,,
43295,2021,09,14,28.2,21.2,06,0.0,5.5,5,156,,,,,,,0,0,0,0,0,0,0,0,0,,,,,,,,,,,,
43295,2021,09,15,28.2,20.5,,,53.0,,,,,,,,,1,1,0,0,0,0,0,0,0,6,6,025,5,6,020,,,,,,
43295,2021,09,16,28.7,20.8,05,4.0,40.0,,366,,,,,,,0,0,0,0,0,0,0,0,0,,,,,,,,,,,,
43295,2021,09,17,29.9,21.1,04,0.0,50.0,0,486,,,,,,,1,1,0,0,0,0,0,0,0,6,7,035,5,7,040,,,,,,
43295,2021,09,18,30.9,,03,1.2,50.0,20,,,,,,,,0,0,0,0,0,0,0,0,0,,,,,,,,,,,,
43295,2021,09,19,30.8,22.2,03,0.0,55.0,0,491,,,,,,,1,1,0,0,0,1,0,0,0,9,8,045,6,7,140,0,7,200,,,
43295,2021,09,20,31.3,19.8,02,26.2,52.0,65,318,,,,,,,1,1,0,0,0,1,0,0,0,9,1,335,6,1,450,5,1,145,0,1,220
43295,2021,09,21,28.5,20.3,02,53.4,0.4,,102,,,,,,,1,1,0,0,0,0,0,0,0,6,7,085,5,1,225,0,6,120,,,
43295,2021,09,22,29.7,20.6,04,11.3,43.0,130,378,,,,,,,0,1,0,0,0,0,0,0,0,5,7,005,1,2,180,,,,,,
43295,2021,09,23,28.0,20.6,04,0.0,4.5,,162,,,,,,,0,0,0,0,0,0,0,0,0,,,,,,,,,,,,
43295,2021,09,24,28.2,20.7,05,0.3,58.0,5,300,,,,,,,0,1,0,0,0,0,0,0,0,5,1,010,,,,,,,,,
43295,2021,09,25,28.8,20.8,03,0.6,56.0,15,174,,,,,,,1,1,0,0,0,1,0,0,0,9,7,145,6,1,235,5,1,219,0,7,300
43295,2021,09,26,29.2,20.1,04,12.2,32.0,350,306,,,,,,,1,1,0,0,0,1,0,0,0,9,1,060,6,1,140,5,1,060,0,1,090
43295,2021,09,27,27.0,20.2,04,0.4,5.2,,60,,,,,,,1,1,0,0,0,1,0,0,0,6,6,080,5,7,035,,,,,,
43295,2021,09,28,27.0,20.4,06,10.2,2.7,,66,,,,,,,1,1,0,0,0,0,0,0,0,6,5,030,5,4,005,,,,,,
43295,2021,09,29,26.6,19.4,05,9.1,1.6,,54,,,,,,,0,0,0,0,0,0,0,0,0,,,,,,,,,,,,
43295,2021,09,30,28.0,20.4,04,0.0,4.5,0,462,,,,,,,0,0,0,0,0,0,0,0,0,2,1,270,,,,,,,,,
43295,2021,10,01,28.8,21.7,,0.0,48.0,,,,,,,,,1,1,0,0,0,1,0,0,0,9,6,015,6,6,015,5,6,115,,,
43295,2021,10,02,30.8,21.0,02,0.9,49.0,25,360,,,,,,,0,1,0,0,0,1,0,0,0,9,5,040,5,6,025,2,1,040,1,2,110
43295,2021,10,03,30.0,21.4,03,0.0,5.0,,204,,,,,,,1,1,0,0,0,1,0,0,0,9,6,305,6,6,060,5,5,067,0,7,360
43295,2021,10,04,29.7,20.2,02,63.8,38.0,,288,,,,,,,0,0,0,0,0,1,0,0,0,9,1,060,0,1,060,,,,,,
43295,2021,10,05,30.6,21.4,02,0.0,50.0,,450,,,,,,,1,1,0,0,0,0,0,0,0,6,6,100,5,5,189,2,2,090,1,2,050
43295,2021,10,06,28.0,,02,38.6,46.0,545,156,,,,,,,1,1,0,0,0,0,0,0,0,6,1,480,5,1,250,,,,,,
43295,2021,10,07,25.4,21.0,02,4.2,35.0,,66,,,,,,,0,1,0,0,0,0,0,0,0,5,1,055,0,7,300,,,,,,
43295,2021,10,08,30.6,21.8,,5.9,65.0,,,,,,,,,1,1,0,0,0,1,0,0,0,9,1,030,6,1,135,5,1,335,0,1,630
43295,2021,10,09,27.2,20.8,03,8.4,75.0,,,,,,,,,1,1,0,0,0,1,0,0,0,9,5,115,6,1,170,5,1,225,0,1,180
43295,2021,10,10,24.2,21.1,03,14.5,43.0,200,0,,,,,,,1,1,0,0,0,1,0,0,0,9,6,180,6,5,020,5,5,200,,,
43295,2021,10,11,27.0,21.0,,13.0,4.0,,96,,,,,,,1,1,0,0,0,1,0,0,0,9,7,350,7,5,423,5,4,042,0,7,300
43295,2021,10,12,27.5,20.5,03,31.6,,,96,,,,,,,1,1,0,0,0,1,0,0,0,9,1,060,6,5,140,5,1,385,0,1,360
43295,2021,10,13,27.8,19.7,04,18.3,17.0,200,192,,,,,,,1,1,0,0,0,1,0,0,0,9,8,080,6,1,090,5,1,290,0,1,120
43295,2021,10,14,28.0,20.4,03,27.8,34.0,,186,,,,,,,1,1,0,0,0,0,0,0,0,6,1,060,5,1,065,,,,,,
43295,2021,10,15,29.0,21.5,02,,3.6,,270,,,,,,,1,1,0,0,0,1,0,0,0,9,2,245,6,1,380,5,7,135,2,8,100
43295,2021,10,16,28.3,21.5,01,15.0,24.0,110,36,,,,,,,1,1,0,0,0,1,0,0,0,9,6,250,6,6,250,5,6,095,2,3,570
43295,2021,10,17,28.9,20.6,02,7.4,,,,,,,,,,1,1,0,0,0,0,0,0,0,6,1,125,5,3,165,2,2,250,,,
43295,2021,10,18,25.5,20.8,03,0.8,38.0,10,0,,,,,,,1,1,0,0,0,1,0,0,0,9,6,255,6,6,265,5,5,175,2,8,015
43295,2021,10,19,27.6,20.5,03,15.2,1.7,,204,,,,,,,0,1,0,0,0,0,0,0,0,5,1,017,2,1,405,,,,,,
43295,2021,10,20,28.2,22.0,02,0.0,4.5,,306,,,,,,,1,1,0,0,0,0,0,0,0,6,7,010,5,6,050,,,,,,
43295,2021,10,21,29.3,20.9,01,0.6,41.0,30,222,,,,,,,0,1,0,0,0,0,0,0,0,5,8,020,0,7,300,,,,,,
43295,2021,10,22,30.7,21.8,02,0.3,48.0,20,486,,,,,,,1,1,0,0,0,1,0,0,0,9,8,110,6,8,120,5,1,010,2,2,090
43295,2021,10,23,31.6,20.4,02,17.2,3.2,,432,,,,,,,1,1,0,0,0,1,0,0,0,9,6,140,6,6,005,5,7,075,0,6,360
43295,2021,10,24,30.1,19.2,02,41.8,4.8,,,,,,,,,1,1,0,0,0,1,0,0,0,9,1,160,6,1,160,5,1,053,0,7,120
43295,2021,10,25,29.4,20.9,02,0.0,7.0,,,,,,,,,0,0,0,0,0,0,0,0,0,,,,,,,,,,,,
43295,2021,10,26,28.1,21.0,01,0.0,50.0,0,156,,,,,,,0,0,0,0,0,0,0,0,0,,,,,,,,,,,,
43295,2021,10,27,28.4,20.1,02,0.0,4.5,0,186,,,,,,,0,0,0,0,0,0,0,1,0,4,2,090,2,2,120,1,1,090,,,
43295,2021,10,28,27.1,18.5,01,0.0,4.5,0,234,,,,,,,0,0,0,0,0,0,0,0,0,2,2,120,1,2,060,,,,,,
43295,2021,10,29,28.2,20.2,03,0.0,35.0,0,228,,,,,,,1,1,0,0,0,0,0,0,0,6,6,035,5,5,145,,,,,,
43295,2021,10,30,27.0,20.8,02,1.3,2.5,,18,,,,,,,1,1,0,0,0,0,0,0,0,6,6,010,5,2,015,2,2,090,1,2,090
43295,2021,10,31,28.0,20.3,03,0.3,2.8,,174,,,,,,,1,1,0,0,0,1,0,0,0,9,6,055,6,6,055,5,5,030,,,
43295,2021,11,01,27.8,20.8,03,0.6,3.0,50,258,,,,,,,1,1,0,0,0,0,0,0,0,6,6,025,5,6,040,2,3,060,1,2,060
43295,2021,11,02,27.6,21.6,03,,3.1,,,,,,,,,0,1,0,0,0,0,0,0,0,5,1,170,,,,,,,,,
43295,2021,11,03,26.8,20.2,03,0.0,3.7,,,,,,,,,0,0,0,0,0,0,0,0,0,2,3,170,1,2,080,,,,,,
43295,2021,11,04,26.2,20.2,02,0.0,4.0,0,60,,,,,,,1,1,0,0,0,1,0,0,0,9,7,220,6,7,220,5,6,122,0,7,300
43295,2021,11,05,28.4,19.2,01,55.8,3.8,11,66,,,,,,,1,1,0,0,0,1,0,0,0,9,4,010,6,2,440,5,2,275,0,1,380
43295,2021,11,06,25.0,19.6,01,12.6,34.0,,,,,,,,,0,0,0,0,0,0,0,0,0,,,,,,,,,,,,
43295,2021,11,07,27.4,19.4,02,0.0,4.5,0,318,,,,,,,1,1,0,0,0,0,0,0,0,6,8,005,5,7,120,2,2,180,1,2,066
43295,2021,11,08,24.5,19.8,02,2.0,2.2,,0,,,,,,,1,1,0,0,0,0,0,0,0,6,2,045,5,3,881,2,2,120,1,1,030
43295,2021,11,09,23.0,18.2,01,1.0,20.0,195,0,,,,,,,0,1,0,0,0,0,0,0,0,5,7,052,2,3,480,1,3,030,,,
43295,2021,11,10,26.6,19.2,02,0.0,5.0,,,,,,,,,0,1,0,0,0,0,0,0,0,5,7,270,,,,,,,,,
43295,2021,11,11,24.0,18.0,02,4.2,2.7,,0,,,,,,,1,1,0,0,0,0,0,0,0,6,1,750,5,1,660,,,,,,
43295,2021,11,12,19.8,16.8,,19.0,7.0,,0,,,,,,,1,1,0,0,0,0,0,0,0,6,1,160,5,1,902,2,6,030,,,
43295,2021,11,13,21.8,21.1,,6.7,6.0,30,,,,,,,,1,1,0,0,0,0,0,0,0,6,1,125,5,1,515,2,1,320,1,3,460
43295,2021,11,14,24.3,20.4,01,15.1,,40,0,,,,,,,1,1,0,0,0,0,0,0,0,6,1,085,5,1,255,,,,,,
43295,2021,11,15,25.6,20.7,02,1.0,25.0,10,0,,,,,,,1,1,0,0,0,1,0,0,0,9,6,260,6,6,090,5,8,050,0,6,140
43295,2021,11,16,26.8,18.3,01,52.0,2.0,90,126,,,,,,,1,1,0,0,0,1,0,0,0,9,6,060,6,8,105,5,2,070,0,6,120
43295,2021,11,17,27.6,19.8,02,7.1,31.0,,120,,,,,,,1,1,0,0,0,0,0,0,0,6,1,135,5,3,300,2,3,030,1,2,010
43295,2021,11,18,27.2,20.0,,3.6,16.0,20,198,,,,,,,1,1,0,0,0,0,0,0,0,6,1,590,5,1,510,,,,,,
43295,2021,11,19,21.6,19.8,03,73.4,38.0,250,,,,,,,,1,1,0,0,0,0,0,0,0,6,1,280,5,1,884,1,3,120,,,
43295,2021,11,20,22.6,20.1,02,3.9,20.0,30,,,,,,,,1,1,0,0,0,0,0,0,0,6,5,075,5,2,885,2,8,025,1,8,095
43295,2021,11,21,23.4,19.3,02,2.4,28.0,,,,,,,,,1,1,0,0,0,1,0,1,0,9,8,010,6,6,100,5,1,157,4,1,120
43295,2021,11,22,26.5,20.5,01,5.2,27.0,30,,,,,,,,1,1,0,0,0,0,0,0,0,6,2,030,5,1,020,,,,,,
43295,2021,11,23,27.8,20.1,,0.0,27.0,,,,,,,,,0,0,0,0,0,0,0,0,0,,,,,,,,,,,,
43295,2021,11,24,29.8,20.1,02,0.0,25.0,,,,,,,,,1,1,0,0,0,0,0,0,0,6,6,020,5,3,105,,,,,,
43295,2021,11,25,27.0,19.4,02,11.4,,,294,,,,,,,0,0,0,0,0,0,0,0,0,,,,,,,,,,,,
43295,2021,11,26,27.0,19.1,03,0.0,28.0,,,,,,,,,0,0,0,0,0,0,0,0,0,,,,,,,,,,,,
43295,2021,11,27,24.8,19.5,02,0.0,55.0,,,,,,,,,0,1,0,0,0,0,0,0,0,5,3,102,,,,,,,,,
43295,2021,11,28,23.4,19.5,,0.0,,,0,,,,,,,0,1,0,0,0,0,0,0,0,5,2,090,,,,,,,,,
43295,2021,11,29,22.6,19.5,03,0.0,3.2,5,0,,,,,,,0,1,0,0,0,0,0,0,0,5,3,120,,,,,,,,,
43295,2021,11,30,22.5,19.8,03,0.6,20.0,10,0,,,,,,,0,0,0,0,0,0,0,0,0,,,,,,,,,,,,
43295,2021,12,01,26.4,20.0,03,0.0,55.0,,,,,,,,,0,1,0,0,0,0,0,0,0,5,3,005,,,,,,,,,
43295,2021,12,02,25.4,19.5,03,,53.0,,48,,,,,,,0,0,0,0,0,0,0,0,0,2,2,150,,,,,,,,,
43295,2021,12,03,25.6,20.0,02,0.0,55.0,,,,,,,,,0,1,0,0,0,0,0,0,0,5,6,005,,,,,,,,,
43295,2021,12,04,28.2,21.0,01,,,,162,,,,,,,0,0,0,0,0,0,0,0,0,2,2,150,,,,,,,,,
43295,2021,12,05,28.4,19.8,01,1.0,50.0,20,96,,,,,,,1,1,0,0,0,0,0,0,0,6,2,025,5,1,005,,,,,,
43295,2021,12,06,29.2,19.3,02,0.0,50.0,5,228,,,,,,,0,0,0,0,0,0,0,0,0,,,,,,,,,,,,
43295,2021,12,07,28.2,20.5,01,0.0,45.0,0,36,,,,,,,0,0,0,0,0,0,0,0,0,2,3,060,,,,,,,,,
43295,2021,12,08,28.4,18.6,02,0.0,40.0,0,294,,,,,,,0,0,0,0,0,0,0,0,0,,,,,,,,,,,,
43295,2021,12,09,28.2,20.2,03,0.0,,,,,,,,,,1,1,0,0,0,0,0,0,0,6,7,010,5,6,029,,,,,,
43295,2021,12,10,26.6,18.6,03,1.0,38.0,10,120,,,,,,,0,0,0,0,0,0,0,0,0,,,,,,,,,,,,
43295,2021,12,11,28.4,19.8,03,0.0,45.0,0,384,,,,,,,1,1,0,0,0,0,0,0,0,6,7,020,5,6,060,,,,,,
43295,2021,12,12,26.3,18.4,03,1.2,40.0,25,228,,,,,,,1,1,0,0,0,0,0,0,0,6,6,015,5,5,020,,,,,,
43295,2021,12,13,26.0,19.2,03,0.3,3.3,,,,,,,,,1,1,0,0,0,0,0,0,0,6,4,125,5,4,195,,,,,,
43295,2021,12,14,24.4,18.3,03,2.7,18.0,120,48,,,,,,,0,1,0,0,0,0,0,0,0,5,8,010,2,2,240,1,1,130,,,
43295,2021,12,15,24.4,19.1,03,0.2,17.0,2,24,,,,,,,0,0,0,0,0,0,0,0,0,2,2,120,,,,,,,,,
43295,2021,12,16,24.4,17.2,02,0.0,15.0,0,0,,,,,,,0,0,0,0,0,0,0,0,0,2,2,360,1,1,115,,,,,,
43295,2021,12,17,27.4,16.8,02,0.0,35.0,0,354,,,,,,,0,0,0,0,0,0,0,0,0,2,2,120,1,2,190,,,,,,
43295,2021,12,18,28.6,16.5,02,0.0,40.0,0,360,,,,,,,0,0,0,0,0,0,0,0,0,2,1,300,1,1,300,,,,,,
43295,2021,12,19,27.0,15.6,02,0.0,35.0,0,245,,,,,,,0,0,0,0,0,0,0,0,0,2,2,135,1,3,115,,,,,,
43295,2021,12,20,26.8,14.8,03,0.0,35.0,0,390,,,,,,,0,0,0,0,0,0,0,0,0,2,2,150,1,1,270,,,,,,
43295,2021,12,21,27.2,16.0,02,0.0,35.0,0,342,,,,,,,0,0,0,0,0,0,0,0,0,2,2,240,1,1,240,,,,,,
43295,2021,12,22,27.0,14.2,01,0.0,30.0,0,330,,,,,,,0,0,0,0,0,0,0,0,0,2,1,270,1,1,180,,,,,,
43295,2021,12,23,28.2,16.0,01,0.0,40.0,0,336,,,,,,,0,0,0,0,0,0,0,0,0,2,1,300,1,1,150,,,,,,
43295,2021,12,24,28.2,14.3,01,0.0,45.0,0,360,,,,,,,0,0,0,0,0,0,0,0,0,2,2,240,1,1,330,,,,,,
43295,2021,12,25,30.0,14.7,01,0.0,45.0,0,360,,,,,,,0,0,0,0,0,0,0,0,0,2,2,270,1,1,180,,,,,,
43295,2021,12,26,30.2,15.1,01,0.0,53.0,0,408,,,,,,,0,0,0,0,0,0,0,0,0,2,2,130,1,2,290,,,,,,
43295,2021,12,27,30.2,16.6,02,0.0,45.0,0,360,,,,,,,0,0,0,0,0,0,0,0,0,2,1,300,1,1,270,,,,,,
43295,2021,12,28,28.4,16.3,03,0.0,55.0,0,402,,,,,,,0,0,0,0,0,0,0,0,0,2,2,110,1,1,530,,,,,,
43295,2021,12,29,27.4,15.6,03,0.0,55.0,0,372,,,,,,,0,0,0,0,0,0,0,0,0,2,1,330,1,1,230,,,,,,
43295,2021,12,30,27.6,15.7,03,0.0,45.0,0,384,,,,,,,0,1,0,0,0,0,0,0,0,5,7,005,2,2,060,1,1,420,,,
43295,2021,12,31,26.5,18.9,04,0.0,50.0,5,324,,,,,,,1,1,0,0,0,0,0,0,0,6,5,130,5,5,099,1,2,060,,,
43295,2022,01,01,24.6,18.5,04,3.0,2.7,10,72,,,,,,,0,1,0,0,0,0,0,0,0,5,7,005,1,2,180,,,,,,
43295,2022,01,02,25.6,17.5,04,0.0,3.5,2,162,,,,,,,0,0,0,0,0,0,0,0,0,2,2,120,1,2,180,,,,,,
43295,2022,01,03,27.2,16.3,04,0.0,4.0,0,378,,,,,,,0,0,0,0,0,0,0,0,0,2,2,120,1,2,160,,,,,,
43295,2022,01,04,27.3,16.8,03,0.0,4.5,0,306,,,,,,,0,0,0,0,0,0,0,0,0,1,2,150,,,,,,,,,
43295,2022,01,05,27.2,16.0,03,0.0,5.5,,372,,,,,,,0,0,0,0,0,0,0,0,0,2,2,200,1,2,120,,,,,,
43295,2022,01,06,28.0,16.8,02,0.0,5.0,0,330,,,,,,,0,0,0,0,0,0,0,0,0,2,2,225,1,2,100,,,,,,
43295,2022,01,07,28.4,18.1,03,0.0,5.5,0,384,,,,,,,0,0,0,0,0,0,0,0,0,2,2,150,1,2,180,,,,,,
43295,2022,01,08,28.2,18.4,03,0.0,5.0,0,294,,,,,,,0,0,0,0,0,0,0,0,0,2,3,115,1,2,215,,,,,,
43295,2022,01,09,28.4,18.3,02,0.0,4.5,0,234,,,,,,,0,0,0,0,0,0,0,0,0,2,2,050,1,3,060,,,,,,
43295,2022,01,10,28.2,17.4,02,0.0,,,228,,,,,,,0,0,0,0,0,0,0,0,0,1,2,210,,,,,,,,,
43295,2022,01,11,29.0,16.8,03,,,0,,,,,,,,0,0,0,0,0,0,0,0,0,,,,,,,,,,,,
43295,2022,01,12,30.6,20.0,03,0.0,,,342,,,,,,,0,0,0,0,0,0,0,0,0,1,2,210,,,,,,,,,
43295,2022,01,13,29.4,19.2,03,,,0,354,,,,,,,0,0,0,0,0,0,0,0,0,1,2,150,,,,,,,,,
43295,2022,01,14,29.0,16.5,02,0.0,6.0,0,318,,,,,,,0,0,0,0,0,0,0,0,0,1,2,240,,,,,,,,,
43295,2022,01,15,29.2,17.4,02,0.0,,,,,,,,,,0,0,0,0,0,0,0,0,0,1,2,195,,,,,,,,,
43295,2022,01,16,30.2,19.0,02,0.0,6.3,0,336,,,,,,,0,0,0,0,0,0,0,0,0,1,2,220,,,,,,,,,
43295,2022,01,17,29.2,18.0,04,0.0,,,306,,,,,,,0,0,0,0,0,0,0,0,0,1,2,300,,,,,,,,,
43295,2022,01,18,28.4,16.4,03,0.0,,,318,,,,,,,0,0,0,0,0,0,0,0,0,1,2,210,,,,,,,,,
43295,2022,01,19,27.9,16.6,03,0.0,,,330,,,,,,,0,0,0,0,0,0,0,0,0,2,2,080,1,1,320,,,,,,
43295,2022,01,20,28.6,15.0,01,0.0,5.5,0,366,,,,,,,0,0,0,0,0,0,0,0,0,1,2,150,,,,,,,,,
43295,2022,01,21,30.5,16.6,02,0.0,5.2,0,438,,,,,,,0,0,0,0,0,0,0,0,0,2,2,060,1,2,240,,,,,,
43295,2022,01,22,31.8,17.5,03,0.0,5.2,0,408,,,,,,,0,0,0,0,0,0,0,0,0,2,2,080,1,2,250,,,,,,
43295,2022,01,23,31.2,17.0,02,0.0,5.0,0,426,,,,,,,0,0,0,0,0,0,0,0,0,1,2,330,,,,,,,,,
43295,2022,01,24,31.0,16.5,02,0.0,5.0,0,372,,,,,,,0,0,0,0,0,0,0,0,0,1,2,160,,,,,,,,,
43295,2022,01,25,30.2,16.2,02,,,0,432,,,,,,,0,0,0,0,0,0,0,0,0,1,2,260,,,,,,,,,
43295,2022,01,26,29.0,17.8,02,0.0,5.0,0,204,,,,,,,0,0,0,0,0,0,0,0,0,,,,,,,,,,,,
43295,2022,01,27,28.8,19.8,02,0.0,,,288,,,,,,,0,0,0,0,0,0,0,0,0,2,3,060,1,2,180,,,,,,
43295,2022,01,28,27.2,18.3,04,0.0,5.0,0,24,,,,,,,0,0,0,0,0,0,0,0,0,1,2,170,,,,,,,,,
43295,2022,01,29,26.7,17.6,05,,,0,336,,,,,,,0,0,0,0,0,0,0,0,0,2,2,070,1,1,335,,,,,,
43295,2022,01,30,28.3,18.3,03,0.0,4.5,0,162,,,,,,,0,0,0,0,0,0,0,0,0,1,2,240,,,,,,,,,
43295,2022,01,31,31.6,19.2,02,,,0,468,,,,,,,0,0,0,0,0,0,0,0,0,1,2,230,,,,,,,,,
43295,2022,02,01,30.6,19.5,02,0.0,3.0,0,288,,,,,,,0,0,0,0,0,0,0,0,0,2,3,190,1,2,170,,,,,,
43295,2022,02,02,31.5,17.8,02,,,0,306,,,,,,,0,0,0,0,0,0,0,0,0,2,2,080,1,2,240,,,,,,
43295,2022,02,03,31.3,18.9,02,0.0,5.2,0,348,,,,,,,0,0,0,0,0,0,0,0,0,2,3,120,1,3,090,,,,,,
43295,2022,02,04,29.6,18.2,03,,,0,252,,,,,,,0,0,0,0,0,0,0,0,0,1,2,190,,,,,,,,,
43295,2022,02,05,31.5,17.5,03,0.0,5.2,0,480,,,,,,,0,0,0,0,0,0,0,0,0,2,2,180,1,2,150,,,,,,
43295,2022,02,06,32.5,19.6,03,0.0,5.7,0,498,,,,,,,0,0,0,0,0,0,0,0,0,2,2,090,1,2,250,,,,,,
43295,2022,02,07,29.8,18.9,03,0.0,3.0,0,180,,,,,,,0,0,0,0,0,0,0,0,0,2,2,220,1,2,100,,,,,,
43295,2022,02,08,30.0,17.6,02,0.0,5.2,0,282,,,,,,,0,0,0,0,0,0,0,0,0,1,2,300,,,,,,,,,
43295,2022,02,09,29.5,16.8,03,0.0,5.0,0,180,,,,,,,0,0,0,0,0,0,0,0,0,1,2,260,,,,,,,,,
43295,2022,02,10,30.1,16.2,04,,,0,438,,,,,,,0,0,0,0,0,0,0,0,0,2,2,140,1,2,220,,,,,,
43295,2022,02,11,31.0,15.1,03,0.0,4.5,0,474,,,,,,,0,0,0,0,0,0,0,0,0,1,2,145,,,,,,,,,
43295,2022,02,12,30.5,17.2,05,0.0,5.2,0,552,,,,,,,0,0,0,0,0,0,0,0,0,1,2,090,,,,,,,,,
43295,2022,02,13,30.3,17.6,04,0.0,5.2,0,468,,,,,,,0,0,0,0,0,0,0,0,0,1,2,150,,,,,,,,,
43295,2022,02,14,30.1,17.0,03,,,0,384,,,,,,,0,0,0,0,0,0,0,0,0,,,,,,,,,,,,
43295,2022,02,15,30.0,18.3,03,0.0,5.2,0,390,,,,,,,0,0,0,0,0,0,0,0,0,1,2,190,,,,,,,,,
43295,2022,02,16,29.2,16.8,03,,,0,318,,,,,,,0,0,0,0,0,0,0,0,0,2,2,115,1,2,230,,,,,,
43295,2022,02,17,29.6,18.0,03,0.0,5.2,0,282,,,,,,,0,0,0,0,0,0,0,0,0,1,2,160,,,,,,,,,
43295,2022,02,18,31.0,16.6,04,,,0,456,,,,,,,0,0,0,0,0,0,0,0,0,2,3,080,1,2,130,,,,,,
43295,2022,02,19,30.6,16.0,04,0.0,5.2,0,402,,,,,,,0,0,0,0,0,0,0,0,0,1,2,105,,,,,,,,,
43295,2022,02,20,31.1,16.8,03,,,0,546,,,,,,,0,0,0,0,0,0,0,0,0,2,3,090,1,2,130,,,,,,
43295,2022,02,21,33.1,17.6,02,,,0,540,,,,,,,0,0,0,0,0,0,0,0,0,1,2,240,,,,,,,,,
43295,2022,02,22,33.4,20.0,02,0.0,5.5,0,,,,,,,,0,0,0,0,0,0,0,0,0,1,2,120,,,,,,,,,
43295,2022,02,23,32.0,18.5,04,0.0,5.2,0,,,,,,,,0,0,0,0,0,0,0,0,0,1,3,070,,,,,,,,,
43295,2022,02,24,31.5,17.0,04,,6.0,0,558,,,,,,,0,0,0,0,0,0,0,0,0,1,2,180,,,,,,,,,
43295,2022,02,25,31.2,17.0,03,0.0,5.5,0,552,,,,,,,0,0,0,0,0,0,0,0,0,,,,,,,,,,,,
43295,2022,02,26,33.0,16.0,03,0.0,5.5,0,606,,,,,,,0,0,0,0,0,0,0,0,0,2,2,060,1,2,180,,,,,,
43295,2022,02,27,31.6,17.2,04,,,0,558,,,,,,,0,0,0,0,0,0,0,0,0,1,2,180,,,,,,,,,
43295,2022,02,28,31.4,16.1,03,0.0,5.0,0,600,,,,,,,0,0,0,0,0,0,0,0,0,1,2,120,,,,,,,,,
43295,2022,03,01,32.1,18.4,03,0.0,5.0,0,564,,,,,,,0,0,0,0,0,0,0,0,0,,,,,,,,,,,,
43295,2022,03,02,32.8,17.2,03,0.0,5.5,0,474,,,,,,,0,0,0,0,0,0,0,0,0,1,3,060,,,,,,,,,
43295,2022,03,03,31.8,15.7,03,0.0,5.0,0,450,,,,,,,0,0,0,0,0,0,0,0,0,,,,,,,,,,,,
43295,2022,03,04,31.5,17.6,04,0.0,5.0,0,498,,,,,,,0,0,0,0,0,0,0,0,0,1,2,060,,,,,,,,,
43295,2022,03,05,32.5,18.6,04,0.0,5.5,0,491,,,,,,,0,0,0,0,0,0,0,0,0,,,,,,,,,,,,
43295,2022,03,06,32.1,18.6,03,,2.5,0,504,,,,,,,0,0,0,0,0,0,0,0,0,1,2,060,,,,,,,,,
43295,2022,03,07,30.7,18.7,05,0.0,4.8,0,402,,,,,,,0,1,0,0,0,0,0,0,0,5,3,038,,,,,,,,,
43295,2022,03,08,27.2,18.0,03,0.0,5.0,0,96,,,,,,,0,0,0,0,0,0,0,0,0,2,2,070,1,3,050,,,,,,
43295,2022,03,09,32.3,18.5,04,0.0,5.5,0,498,,,,,,,0,0,0,0,0,0,0,0,0,,,,,,,,,,,,
43295,2022,03,10,33.6,19.4,03,0.0,5.5,0,528,,,,,,,0,0,0,0,0,0,0,0,0,1,2,090,,,,,,,,,
43295,2022,03,11,33.4,19.1,04,0.0,5.8,0,438,,,,,,,0,0,0,0,0,0,0,0,0,,,,,,,,,,,,
43295,2022,03,12,33.5,18.3,03,0.0,5.2,0,552,,,,,,,0,0,0,0,0,0,0,0,0,,,,,,,,,,,,
43295,2022,03,13,33.6,18.6,03,0.0,5.2,,468,,,,,,,0,0,0,0,0,0,0,0,0,1,2,130,,,,,,,,,
43295,2022,03,14,33.3,19.3,03,0.0,6.2,,474,,,,,,,0,0,0,0,0,0,0,0,0,1,3,060,,,,,,,,,
43295,2022,03,15,33.8,20.1,02,0.0,5.5,0,408,,,,,,,0,0,0,0,0,0,0,0,0,0,2,160,,,,,,,,,
43295,2022,03,16,34.6,21.0,03,0.0,5.5,,,,,,,,,0,0,0,0,0,0,0,0,0,1,2,130,,,,,,,,,
43295,2022,03,17,34.5,20.4,02,0.0,6.7,,252,,,,,,,0,0,0,0,0,0,0,0,0,,,,,,,,,,,,
43295,2022,03,18,34.8,21.9,02,0.0,5.5,0,288,,,,,,,0,0,0,0,0,0,0,0,0,1,2,090,,,,,,,,,
43295,2022,03,19,34.8,21.7,03,,6.0,0,245,,,,,,,0,1,0,0,0,0,0,0,0,5,7,035,1,2,240,,,,,,
43295,2022,03,20,34.1,22.5,04,0.0,6.1,,264,,,,,,,1,1,0,0,0,1,0,0,0,9,6,050,6,6,048,5,2,182,2,2,050
43295,2022,03,21,33.2,21.3,04,6.2,7.2,,0,,,,,,,1,1,0,0,0,0,0,0,0,6,6,035,5,6,040,,,,,,
43295,2022,03,22,33.5,21.8,03,7.7,3.7,30,408,,,,,,,1,1,0,0,0,0,0,0,0,6,7,080,5,6,017,,,,,,
43295,2022,03,23,32.0,21.4,01,1.6,,,,,,,,,,0,0,0,0,0,0,0,0,0,,,,,,,,,,,,
43295,2022,03,24,33.6,23.4,03,0.0,,,,,,,,,,0,0,0,0,0,0,0,0,0,,,,,,,,,,,,
43295,2022,03,25,32.6,22.4,03,0.0,5.4,,0,,,,,,,0,0,0,0,0,0,0,0,0,,,,,,,,,,,,
43295,2022,03,26,31.7,22.7,02,0.0,6.2,0,66,,,,,,,0,0,0,0,0,0,0,0,0,2,2,090,,,,,,,,,
43295,2022,03,27,33.1,23.0,02,0.0,5.4,,0,,,,,,,0,0,0,0,0,0,0,0,0,1,2,120,,,,,,,,,
43295,2022,03,28,34.5,23.0,02,0.0,7.0,0,408,,,,,,,0,0,0,0,0,0,0,0,0,,,,,,,,,,,,
43295,2022,03,29,34.7,23.3,03,0.0,7.2,0,240,,,,,,,0,0,0,0,0,0,0,0,0,,,,,,,,,,,,
43295,2022,03,30,35.3,23.2,03,0.0,6.0,0,378,,,,,,,0,0,0,0,0,0,0,0,0,,,,,,,,,,,,
43295,2022,03,31,34.3,22.7,03,0.0,6.3,0,144,,,,,,,0,0,0,0,0,0,0,0,0,1,2,120,,,,,,,,,
43295,2022,04,01,34.6,23.4,03,0.0,6.7,0,384,,,,,,,1,1,0,0,0,0,0,0,0,6,6,075,5,6,030,1,2,060,,,
43295,2022,04,02,34.0,22.0,03,0.2,,,,,,,,,,0,0,0,0,0,0,0,0,0,,,,,,,,,,,,
43295,2022,04,03,34.0,22.4,02,0.0,6.1,0,414,,,,,,,0,0,0,0,0,0,0,0,0,2,2,040,1,3,030,,,,,,
43295,2022,04,04,34.5,22.0,03,0.0,7.3,0,342,,,,,,,0,0,0,0,0,0,0,0,0,,,,,,,,,,,,
43295,2022,04,05,34.6,21.7,03,0.0,7.0,0,420,,,,,,,0,0,0,0,0,0,0,0,0,1,2,180,,,,,,,,,
43295,2022,04,06,34.0,21.9,03,0.0,6.2,0,342,,,,,,,0,0,0,0,0,0,0,0,0,,,,,,,,,,,,
43295,2022,04,07,35.8,22.6,02,0.0,,,,,,,,,,0,0,0,0,0,0,0,0,0,1,2,120,,,,,,,,,
43295,2022,04,08,35.5,22.0,03,0.0,5.8,,,,,,,,,0,0,0,0,0,0,0,0,0,1,2,180,,,,,,,,,
43295,2022,04,09,34.7,23.4,03,0.0,,,,,,,,,,0,0,0,0,0,0,0,0,0,2,2,090,1,2,120,,,,,,
43295,2022,04,10,34.9,23.8,03,0.0,6.0,0,312,,,,,,,0,0,0,0,0,0,0,0,0,,,,,,,,,,,,
43295,2022,04,11,31.7,22.9,02,0.0,5.6,0,60,,,,,,,0,0,0,0,0,0,0,0,0,1,2,060,,,,,,,,,
43295,2022,04,12,35.1,22.6,03,0.0,7.2,0,336,,,,,,,0,0,0,0,0,0,0,0,0,1,2,120,,,,,,,,,
43295,2022,04,13,34.8,23.7,03,0.0,7.0,0,438,,,,,,,1,1,0,0,0,1,0,0,0,9,6,275,6,6,265,5,6,010,1,2,060
43295,2022,04,14,33.7,21.2,02,12.3,3.5,83,300,,,,,,,1,0,0,0,0,1,0,0,0,9,7,150,6,7,245,0,7,150,,,
43295,2022,04,16,33.0,21.9,02,0.0,6.7,20,378,,,,,,,1,0,0,0,0,1,0,0,0,9,7,230,6,7,276,0,8,054,,,
43295,2022,04,17,34.1,20.0,02,51.0,5.0,240,498,,,,,,,1,0,0,0,0,1,0,0,0,9,5,085,6,5,026,0,7,100,,,
43295,2022,04,18,34.1,21.5,03,1.3,5.2,15,300,,,,,,,1,1,0,0,0,1,0,0,0,9,6,270,6,5,254,5,6,016,0,6,400
43295,2022,04,19,31.8,20.0,02,32.8,4.3,208,402,,,,,,,0,0,0,0,0,0,0,0,0,0,7,240,,,,,,,,,
43295,2022,04,20,32.4,21.8,01,,5.7,0,270,,,,,,,0,0,0,0,0,0,0,0,0,0,1,060,,,,,,,,,
43295,2022,04,21,34.1,23.0,02,0.0,7.0,0,456,,,,,,,0,0,0,0,0,0,0,0,0,,,,,,,,,,,,
43295,2022,04,22,34.5,22.7,02,0.0,6.5,0,426,,,,,,,0,0,0,0,0,0,0,0,0,1,2,270,,,,,,,,,
43295,2022,04,23,33.5,22.7,03,0.0,6.2,0,432,,,,,,,0,0,0,0,0,0,0,0,0,,,,,,,,,,,,
43295,2022,04,24,31.2,23.3,02,0.0,6.0,0,132,,,,,,,0,0,0,0,0,0,0,0,0,1,2,240,,,,,,,,,
43295,2022,04,25,34.0,23.2,02,0.0,70.0,,,,,,,,,0,0,0,0,0,0,0,0,0,1,2,120,,,,,,,,,
43295,2022,04,26,34.6,23.4,02,0.0,6.4,0,396,,,,,,,0,0,0,0,0,0,0,0,0,,,,,,,,,,,,
43295,2022,04,27,34.4,23.7,02,0.0,5.7,0,491,,,,,,,0,0,0,0,0,0,0,0,0,,,,,,,,,,,,
43295,2022,04,28,35.0,24.2,03,0.0,67.0,,,,,,,,,0,0,0,0,0,0,0,0,0,,,,,,,,,,,,
43295,2022,04,29,34.7,23.3,03,0.0,6.5,0,438,,,,,,,0,1,0,0,0,0,0,0,0,5,6,005,1,2,080,,,,,,
43295,2022,04,30,36.7,22.7,03,0.0,6.3,5,426,,,,,,,1,1,0,0,0,1,0,0,0,9,8,150,6,8,002,5,8,004,0,7,180
43295,2022,05,01,34.8,23.0,03,0.0,7.2,5,456,,,,,,,1,0,0,0,0,1,0,0,0,9,1,455,6,5,327,0,1,470,,,
43295,2022,05,02,33.9,20.2,03,54.4,7.2,335,372,,,,,,,0,0,0,0,0,0,0,0,0,,,,,,,,,,,,
43295,2022,05,03,32.5,22.4,03,0.0,6.7,0,432,,,,,,,1,0,0,0,0,1,0,0,0,9,7,185,6,7,175,0,7,305,,,
43295,2022,05,04,34.0,20.9,03,9.2,7.0,175,510,,,,,,,1,0,0,0,0,1,0,0,0,9,6,105,6,6,105,0,6,080,,,
43295,2022,05,05,34.2,21.6,02,4.2,5.3,42,462,01,5,061,3,1623,02,1,0,0,0,0,1,0,0,0,9,5,180,7,5,002,6,5,090,1,2,060
43295,2022,05,06,31.2,21.3,02,0.2,5.2,2,342,01,5,061,3,1623,02,1,1,0,0,0,1,0,0,0,9,6,125,7,6,002,6,6,220,5,4,020
43295,2022,05,07,32.4,21.2,02,4.6,,,,,,,,,,0,0,0,0,0,0,0,0,0,9,7,150,6,7,010,,,,,,
43295,2022,05,08,33.5,21.8,03,2.4,5.3,24,330,,,,,,,1,0,0,0,0,1,0,0,0,9,7,220,6,6,230,0,7,255,,,
43295,2022,05,09,33.2,21.9,03,1.7,4.3,50,240,,,,,,,1,1,0,0,0,1,0,0,0,9,7,070,6,7,165,5,7,035,0,7,070
43295,2022,05,10,31.5,20.2,05,22.8,,148,168,,,,,,,1,1,0,0,0,0,0,0,0,6,1,090,5,1,586,,,,,,
43295,2022,05,11,24.3,21.5,05,5.2,2.8,,0,,,,,,,1,1,0,0,0,0,0,0,0,6,1,105,5,2,380,,,,,,
43295,2022,05,12,25.0,19.5,06,5.5,2.0,55,0,,,,,,,1,1,0,0,0,0,0,0,0,6,1,278,5,1,884,,,,,,
43295,2022,05,13,23.0,20.0,05,1.9,2.4,45,0,,,,,,,0,0,0,0,0,0,0,0,0,9,7,195,6,7,190,5,7,055,0,7,120
43295,2022,05,14,26.3,21.9,05,0.0,3.4,5,0,,,,,,,0,0,0,0,0,0,0,0,0,9,7,195,6,7,190,5,7,055,0,7,120
43295,2022,05,15,29.7,20.9,03,20.8,3.6,570,294,,,,,,,1,1,0,0,0,1,0,0,0,9,1,040,6,1,425,5,8,012,,,
43295,2022,05,16,29.5,22.4,03,0.2,5.3,2,294,,,,,,,1,1,0,0,0,1,0,0,0,9,6,200,6,6,310,5,5,154,,,
43295,2022,05,18,27.6,20.2,01,114.6,4.4,706,66,,,,,,,1,1,0,0,0,1,0,0,0,9,1,040,6,1,346,5,1,240,,,
43295,2022,05,19,29.0,21.5,03,0.8,4.6,8,54,,,,,,,1,1,0,0,0,0,0,0,0,6,1,125,5,1,892,,,,,,
43295,2022,05,20,22.4,17.9,05,4.9,3.3,49,0,,,,,,,1,1,0,0,0,0,0,0,0,6,2,125,5,1,145,,,,,,
43295,2022,05,21,27.0,18.8,05,3.7,4.7,95,120,,,,,,,0,1,0,0,0,0,0,0,0,5,6,026,,,,,,,,,
43295,2022,05,22,26.7,20.7,05,0.0,5.6,10,378,,,,,,,0,1,0,0,0,0,0,0,0,5,2,010,,,,,,,,,
43295,2022,05,23,28.5,21.0,05,0.0,5.2,0,174,,,,,,,0,1,0,0,0,0,0,0,0,5,7,004,,,,,,,,,
43295,2022,05,24,30.3,22.1,04,0.0,5.5,0,462,,,,,,,0,0,0,0,0,0,0,0,0,,,,,,,,,,,,
43295,2022,05,25,30.7,22.2,03,0.0,5.6,0,390,,,,,,,0,0,0,0,0,0,0,0,0,,,,,,,,,,,,
43295,2022,05,26,31.1,22.6,02,0.0,5.3,0,,,,,,,,0,1,0,0,0,0,0,0,0,5,7,005,0,7,150,,,,,,
43295,2022,05,27,31.9,21.6,04,0.0,5.6,0,,,,,,,,0,0,0,0,0,0,0,0,0,,,,,,,,,,,,
43295,2022,05,28,31.0,21.2,04,0.0,5.6,0,,,,,,,,0,0,0,0,0,0,0,0,0,,,,,,,,,,,,
43295,2022,05,29,30.6,21.2,04,0.0,5.3,,486,,,,,,,0,0,0,0,0,0,0,0,0,,,,,,,,,,,,
43295,2022,05,30,30.6,21.6,04,0.0,5.1,0,534,,,,,,,1,1,0,0,0,1,0,0,0,9,8,055,6,8,070,5,8,005,0,8,135
43295,2022,06,01,30.4,21.1,04,3.4,4.3,34,312,,,,,,,0,0,0,0,0,0,0,0,0,0,7,280,,,,,,,,,
43295,2022,06,02,29.8,22.0,04,0.0,5.2,0,245,,,,,,,0,0,0,0,0,1,0,0,0,9,7,035,,,,,,,,,
43295,2022,06,03,31.0,21.3,04,0.0,5.2,0,366,,,,,,,1,1,0,0,0,1,0,0,0,9,7,245,6,7,245,5,7,065,0,7,320
43295,2022,06,04,32.2,19.5,04,28.0,5.5,145,360,,,,,,,1,0,0,0,0,1,0,0,0,9,6,180,6,6,180,0,6,370,,,
43295,2022,06,05,33.0,20.6,03,4.4,5.5,44,444,,,,,,,1,0,0,0,0,1,0,0,0,9,7,270,6,7,270,0,1,330,,,
43295,2022,06,06,32.5,19.1,04,32.0,4.8,200,324,,,,,,,1,1,0,0,0,1,0,0,0,9,1,130,6,1,155,5,7,015,0,1,060
43295,2022,06,07,30.6,21.1,03,0.8,4.8,8,300,,,,,,,0,1,0,0,0,0,0,0,0,5,3,027,,,,,,,,,
43295,2022,06,08,29.0,21.2,04,0.0,4.9,0,54,,,,,,,0,0,0,0,0,0,0,0,0,,,,,,,,,,,,
43295,2022,06,09,30.6,21.5,05,0.0,48.0,0,,,,,,,,0,0,0,0,0,0,0,0,0,,,,,,,,,,,,
43295,2022,06,10,30.6,21.1,04,0.0,5.2,0,378,,,,,,,0,0,0,0,0,0,0,0,0,,,,,,,,,,,,
43295,2022,06,11,29.9,20.6,05,0.0,5.2,0,150,,,,,,,0,0,0,0,0,0,0,0,0,,,,,,,,,,,,
43295,2022,06,12,30.4,20.9,05,0.0,5.4,0,366,,,,,,,0,0,0,0,0,0,0,0,0,,,,,,,,,,,,
43295,2022,06,13,30.5,20.6,05,0.0,5.4,0,594,,,,,,,0,0,0,0,0,0,0,0,0,,,,,,,,,,,,
43295,2022,06,14,29.5,20.6,04,0.0,5.2,0,168,,,,,,,1,1,0,0,0,1,0,0,0,9,7,135,6,7,155,5,8,100,0,7,300
43295,2022,06,15,31.9,20.2,03,31.0,5.4,190,522,,,,,,,1,1,0,0,0,0,0,0,0,6,1,180,5,1,190,0,1,160,,,
43295,2022,06,16,28.0,21.3,03,0.0,4.9,0,0,,,,,,,1,1,0,0,0,1,0,0,0,9,8,105,6,8,105,5,8,070,0,7,300
43295,2022,06,17,30.6,19.7,03,38.9,4.6,230,294,,,,,,,1,1,0,0,0,1,0,0,0,9,1,375,6,1,375,5,1,090,0,1,420
43295,2022,06,18,30.5,21.2,02,43.1,4.0,,,,,,,,,1,1,0,0,0,1,0,0,0,9,1,135,6,1,175,5,1,265,0,1,420
43295,2022,06,19,27.2,21.1,03,0.9,3.6,85,126,,,,,,,1,1,0,0,0,1,0,0,0,9,7,195,6,7,195,5,7,125,0,7,320
43295,2022,06,20,29.5,20.7,04,1.6,5.0,16,312,,,,,,,1,1,0,0,0,1,0,0,0,9,8,140,6,8,140,5,6,040,0,1,060
43295,2022,06,21,28.4,20.5,04,14.5,4.6,105,288,,,,,,,0,0,0,0,0,0,0,0,0,,,,,,,,,,,,
43295,2022,06,22,27.8,20.4,05,0.2,4.8,2,144,,,,,,,0,1,0,0,0,0,0,0,0,5,1,055,,,,,,,,,
43295,2022,06,23,25.6,20.4,05,0.0,4.5,0,,,,,,,,0,0,0,0,0,0,0,0,0,,,,,,,,,,,,
43295,2022,06,24,26.2,20.7,05,0.0,4.8,0,0,,,,,,,0,0,0,0,0,0,0,0,0,,,,,,,,,,,,
43295,2022,06,25,28.8,20.5,06,0.0,1.8,0,468,,,,,,,1,1,0,0,0,0,0,0,0,6,5,045,5,5,040,,,,,,
43295,2022,06,26,26.9,20.5,06,3.1,,85,36,,,,,,,0,1,0,0,0,0,0,0,0,5,6,010,,,,,,,,,
43295,2022,06,27,28.3,20.1,06,0.0,4.8,0,270,,,,,,,0,0,0,0,0,0,0,0,0,,,,,,,,,,,,
43295,2022,06,28,28.0,20.2,05,0.0,4.8,0,0,,,,,,,0,1,0,0,0,0,0,0,0,5,7,002,,,,,,,,,
43295,2022,06,29,27.5,21.1,05,0.0,4.8,0,102,,,,,,,1,1,0,0,0,0,0,0,0,6,6,060,5,3,125,0,2,110,,,
43295,2022,06,30,29.5,20.5,04,5.8,,180,336,,,,,,,1,1,0,0,0,0,0,0,0,6,7,070,5,6,143,,,,,,
43295,2022,07,01,27.8,20.5,05,3.5,,248,258,,,,,,,1,1,0,0,0,0,0,0,0,6,6,020,5,2,090,,,,,,
43295,2022,07,02,28.7,20.9,05,0.0,5.0,5,300,,,,,,,0,1,0,0,0,0,0,0,0,5,3,025,,,,,,,,,
43295,2022,07,03,28.5,21.1,,0.0,4.6,0,204,,,,,,,0,1,0,0,0,0,0,0,0,5,3,200,,,,,,,,,
43295,2022,07,04,27.0,20.6,06,0.0,4.6,0,0,,,,,,,0,1,0,0,0,0,0,0,0,5,7,145,,,,,,,,,
43295,2022,07,05,25.8,20.1,06,1.8,4.0,18,0,,,,,,,1,1,0,0,0,0,0,0,0,6,1,055,5,1,380,,,,,,
43295,2022,07,06,26.5,20.6,06,0.2,4.2,2,42,,,,,,,1,1,0,0,0,0,0,0,0,6,3,080,5,3,295,,,,,,
43295,2022,07,07,25.0,20.3,05,1.2,4.4,12,0,,,,,,,1,1,0,0,0,0,0,0,0,6,1,182,5,1,923,,,,,,
43295,2022,07,08,23.7,19.7,05,5.5,2.8,55,0,,,,,,,1,1,0,0,0,0,0,0,0,6,5,110,5,1,595,,,,,,
43295,2022,07,09,25.5,19.8,05,7.3,2.8,,,,,,,,,1,1,0,0,0,0,0,0,0,6,1,205,5,1,705,,,,,,
43295,2022,07,10,25.4,20.0,05,15.4,2.2,114,0,,,,,,,1,1,0,0,0,0,0,0,0,6,3,045,5,1,675,,,,,,
43295,2022,07,11,26.2,20.2,05,0.8,3.1,8,54,,,,,,,1,1,0,0,0,0,0,0,0,6,5,071,5,2,539,,,,,,
43295,2022,07,12,25.6,19.8,05,4.6,4.0,46,0,,,,,,,0,1,0,0,0,0,0,0,0,5,8,017,,,,,,,,,
43295,2022,07,13,27.5,19.7,06,1.1,30.4,11,204,,,,,,,1,1,0,0,0,0,0,0,0,6,2,055,5,1,450,,,,,,
43295,2022,07,14,24.3,19.5,06,1.6,3.6,16,0,,,,,,,1,1,0,0,0,0,0,0,0,6,4,093,5,2,471,,,,,,
43295,2022,07,15,25.0,19.5,06,2.2,3.6,22,72,,,,,,,0,1,0,0,0,0,0,0,0,5,4,135,,,,,,,,,
43295,2022,07,16,25.6,20.1,05,0.4,4.0,4,36,,,,,,,1,1,0,0,0,0,0,0,0,6,6,025,5,3,238,,,,,,
43295,2022,07,17,25.6,20.2,05,4.7,3.5,47,24,,,,,,,1,1,0,0,0,0,0,0,0,6,4,005,5,4,300,,,,,,
43295,2022,07,18,27.5,20.9,04,0.3,1.4,335,30,,,,,,,1,1,0,0,0,0,0,0,0,6,5,005,5,1,145,,,,,,
43295,2022,07,19,25.8,20.1,04,0.2,4.0,2,0,,,,,,,0,0,0,0,0,0,0,0,0,,,,,,,,,,,,
43295,2022,07,20,29.6,21.5,04,0.0,5.7,0,438,,,,,,,1,1,0,0,0,0,0,0,0,6,8,080,5,6,063,,,,,,
43295,2022,07,21,30.8,20.4,03,82.6,,,,,,,,,,1,1,0,0,0,1,0,0,0,9,1,130,6,1,130,5,2,030,0,1,165
43295,2022,07,22,27.9,21.1,04,0.0,5.0,0,,,,,,,,0,1,0,0,0,0,0,0,0,5,4,055,,,,,,,,,
43295,2022,07,23,26.3,20.9,03,0.0,4.6,0,30,,,,,,,0,1,0,0,0,0,0,0,0,5,1,040,,,,,,,,,
43295,2022,07,24,26.7,20.0,04,0.3,4.8,3,,,,,,,,1,1,0,0,0,0,0,0,0,6,7,020,5,7,015,,,,,,
43295,2022,07,25,26.5,20.2,04,0.4,4.8,4,6,,,,,,,0,0,0,0,0,0,0,0,0,,,,,,,,,,,,
43295,2022,07,26,28.5,21.2,03,0.0,5.2,0,306,,,,,,,0,0,0,0,0,0,0,0,0,,,,,,,,,,,,
43295,2022,07,27,27.5,20.8,04,0.8,4.5,8,96,,,,,,,1,1,0,0,0,1,0,0,0,9,6,120,6,2,155,5,3,195,,,
43295,2022,07,28,29.5,20.9,02,3.4,4.2,34,186,,,,,,,1,1,0,0,0,1,0,0,0,9,7,170,6,7,110,5,8,025,0,6,320
43295,2022,07,29,30.2,22.3,01,1.3,5.1,13,384,,,,,,,1,0,0,0,0,1,0,0,0,9,8,095,6,8,010,5,3,060,1,2,060
43295,2022,07,30,30.7,20.3,02,4.1,5.5,41,324,,,,,,,1,1,0,0,0,1,0,0,0,9,1,165,6,1,205,5,8,005,0,7,300
43295,2022,07,31,31.5,20.5,02,48.2,,,,,,,,,,1,1,0,0,0,0,0,0,0,6,1,250,5,1,325,2,6,130,0,1,210
43295,2022,08,01,28.4,20.3,02,14.0,5.2,100,,,,,,,,1,1,0,0,0,1,0,0,0,9,8,155,6,6,265,5,1,222,,,
43295,2022,08,02,30.5,20.1,02,45.7,4.0,297,372,,,,,,,1,1,0,0,0,1,0,0,0,9,1,305,6,1,340,5,1,165,0,1,080
43295,2022,08,03,28.0,19.7,02,63.3,1.8,393,180,,,,,,,1,1,0,0,0,1,0,0,0,9,6,050,6,6,050,5,2,235,,,
43295,2022,08,04,27.5,21.2,01,1.9,2.0,19,102,,,,,,,1,1,0,0,0,0,0,0,0,6,4,113,5,3,597,,,,,,
43295,2022,08,05,23.9,20.0,04,7.8,,790,0,,,,,,,0,1,0,0,0,0,0,0,0,5,1,400,,,,,,,,,
43295,2022,08,06,24.3,19.8,06,2.5,,400,,,,,,,,1,1,0,0,0,0,0,0,0,6,4,085,5,1,500,,,,,,
43295,2022,08,07,24.2,20.2,05,3.7,,,,,,,,,,1,1,0,0,0,0,0,0,0,6,5,060,5,2,500,,,,,,
43295,2022,08,08,24.6,20.2,05,3.1,1.8,31,0,,,,,,,1,1,0,0,0,0,0,0,0,6,4,047,5,1,258,,,,,,
43295,2022,08,09,24.5,19.8,06,2.5,2.0,25,0,,,,,,,1,1,0,0,0,0,0,0,0,6,5,010,5,5,030,,,,,,
43295,2022,08,10,26.1,19.6,06,2.2,4.0,22,18,,,,,,,0,1,0,0,0,0,0,0,0,5,5,020,,,,,,,,,
43295,2022,08,11,26.9,19.7,06,0.1,4.8,1,210,,,,,,,1,1,0,0,0,0,0,0,0,6,4,010,5,4,020,,,,,,
43295,2022,08,12,27.5,20.1,06,1.9,4.8,19,276,,,,,,,1,1,0,0,0,0,0,0,0,6,1,025,5,1,103,,,,,,
43295,2022,08,13,27.1,19.8,05,0.3,32.0,,,,,,,,,1,1,0,0,0,0,0,0,0,6,2,030,5,2,035,,,,,,
43295,2022,08,14,27.6,19.6,05,0.0,4.0,0,264,,,,,,,0,0,0,0,0,0,0,0,0,,,,,,,,,,,,
43295,2022,08,15,26.5,20.1,04,0.0,4.1,0,0,,,,,,,0,0,0,0,0,0,0,0,0,,,,,,,,,,,,
43295,2022,08,16,28.0,20.5,03,0.0,5.4,0,192,,,,,,,0,0,0,0,0,0,0,0,0,,,,,,,,,,,,
43295,2022,08,17,30.0,21.1,03,0.0,5.8,0,,,,,,,,0,0,0,0,0,0,0,0,0,,,,,,,,,,,,
43295,2022,08,18,29.5,21.4,03,0.0,5.7,0,444,,,,,,,0,1,0,0,0,0,0,0,0,5,3,015,,,,,,,,,
43295,2022,08,19,30.0,21.1,04,0.0,5.2,0,,,,,,,,0,0,0,0,0,0,0,0,0,,,,,,,,,,,,
43295,2022,08,20,28.9,20.5,05,0.0,5.9,0,60,,,,,,,1,0,0,0,0,0,0,0,0,6,7,005,,,,,,,,,
43295,2022,08,21,29.1,21.2,04,0.0,5.3,0,48,,,,,,,1,1,0,0,0,1,0,0,0,9,6,019,6,6,092,5,6,002,,,
43295,2022,08,22,28.5,20.7,04,16.4,3.2,94,240,,,,,,,1,1,0,0,0,0,0,0,0,6,5,021,5,6,034,,,,,,
43295,2022,08,23,28.3,20.8,04,7.8,2.0,55,186,,,,,,,0,1,0,0,0,0,0,0,0,5,6,035,,,,,,,,,
43295,2022,08,24,28.7,20.9,04,0.0,4.7,0,216,,,,,,,1,1,0,0,0,0,0,0,0,6,6,215,5,3,181,,,,,,
43295,2022,08,25,27.9,20.1,04,19.0,1.3,396,84,,,,,,,1,1,0,0,0,0,0,0,0,6,7,070,5,8,005,,,,,,
43295,2022,08,26,28.0,20.3,03,41.4,,330,114,,,,,,,1,1,0,0,0,1,0,0,0,9,6,060,6,2,280,5,3,075,,,
43295,2022,08,27,27.2,19.3,03,21.1,1.3,131,120,,,,,,,1,1,0,0,0,1,0,0,0,9,7,160,6,1,535,5,2,090,0,6,360
43295,2022,08,28,27.9,19.2,03,15.1,4.1,111,156,,,,,,,0,1,0,0,0,0,0,0,0,5,1,350,0,1,160,,,,,,
43295,2022,08,29,28.4,21.6,02,0.4,5.2,4,258,,,,,,,1,1,0,0,0,1,0,0,0,9,7,155,6,3,298,5,3,240,0,7,300
43295,2022,08,30,26.3,20.2,01,93.7,1.0,577,0,,,,,,,1,0,0,0,0,1,0,0,0,9,1,155,6,1,155,0,1,180,,,
43295,2022,08,31,28.8,20.0,01,2.6,,,,,,,,,,1,1,0,0,0,1,0,0,0,9,6,090,6,2,085,5,2,005,,,
43295,2022,09,01,28.2,20.5,02,2.9,4.7,29,60,,,,,,,1,1,0,0,0,1,0,0,0,9,6,065,6,6,100,5,5,100,,,
43295,2022,09,02,28.4,20.0,01,11.9,1.8,79,96,,,,,,,0,0,0,0,0,0,0,0,0,,,,,,,,,,,,
43295,2022,09,03,27.4,21.0,01,0.0,5.1,0,216,,,,,,,1,1,0,0,0,1,0,0,0,9,7,165,6,7,180,5,8,015,1,1,300
43295,2022,09,04,30.0,20.4,02,41.0,5.3,250,234,,,,,,,1,1,0,0,0,1,0,0,0,9,7,350,6,7,295,5,1,200,0,6,420
43295,2022,09,05,30.0,19.5,02,131.6,4.1,655,222,,,,,,,1,0,0,0,0,1,0,0,0,9,1,605,6,1,650,0,1,270,,,
43295,2022,09,06,31.0,20.1,02,40.0,4.7,690,366,,,,,,,1,1,0,0,0,1,0,0,0,9,7,210,6,7,250,5,1,220,0,7,325
43295,2022,09,07,29.5,20.7,03,38.8,5.1,710,222,,,,,,,1,1,0,0,0,0,0,0,0,6,7,280,5,1,530,0,1,040,,,
43295,2022,09,08,26.0,19.9,04,3.6,4.8,36,0,,,,,,,1,1,0,0,0,0,0,0,0,6,2,040,5,1,630,,,,,,
43295,2022,09,09,24.5,20.3,04,0.7,2.0,7,0,,,,,,,0,1,0,0,0,0,0,0,0,5,3,095,,,,,,,,,
43295,2022,09,10,27.5,21.0,05,0.0,4.7,0,228,,,,,,,1,1,0,0,0,0,0,0,0,6,4,018,5,2,025,,,,,,
43295,2022,09,11,26.7,20.5,06,0.8,4.8,8,54,,,,,,,1,0,0,0,0,0,0,0,0,6,5,055,,,,,,,,,
43295,2022,09,12,26.8,20.1,06,0.8,5.6,8,66,,,,,,,0,0,0,0,0,0,0,0,0,,,,,,,,,,,,
43295,2022,09,13,28.3,19.6,06,0.0,4.7,0,252,,,,,,,1,1,0,0,0,0,0,0,0,6,7,085,5,4,250,,,,,,
43295,2022,09,14,26.3,20.0,04,3.0,4.4,30,120,,,,,,,0,1,0,0,0,0,0,0,0,5,6,025,,,,,,,,,
43295,2022,09,15,27.8,19.8,04,0.2,5.2,2,336,,,,,,,0,0,0,0,0,0,0,0,0,,,,,,,,,,,,
43295,2022,09,16,27.7,20.0,04,0.0,5.0,0,66,,,,,,,0,0,0,0,0,0,0,0,0,,,,,,,,,,,,
43295,2022,09,17,28.0,20.3,04,0.0,5.1,0,306,,,,,,,0,0,0,0,0,0,0,0,0,,,,,,,,,,,,
43295,2022,09,18,29.5,20.6,04,0.0,5.7,0,432,,,,,,,0,1,0,0,0,0,0,0,0,5,6,020,,,,,,,,,
43295,2022,09,19,29.3,20.5,04,0.2,4.8,2,426,,,,,,,0,0,0,0,0,0,0,0,0,,,,,,,,,,,,
43295,2022,09,20,28.2,19.1,05,0.0,5.0,0,126,,,,,,,0,0,0,0,0,0,0,0,0,,,,,,,,,,,,
43295,2022,09,21,27.9,19.6,04,0.0,5.3,0,240,,,,,,,0,0,0,0,0,0,0,0,0,,,,,,,,,,,,
43295,2022,09,22,28.0,19.1,03,0.0,5.1,0,228,,,,,,,0,0,0,0,0,0,0,0,0,,,,,,,,,,,,
43295,2022,09,23,28.9,19.7,04,0.0,5.7,0,432,,,,,,,0,0,0,0,0,0,0,0,0,,,,,,,,,,,,
43295,2022,09,24,28.9,20.4,05,0.0,5.3,0,84,,,,,,,1,0,0,0,0,0,0,0,0,6,7,070,,,,,,,,,
43295,2022,09,25,28.9,19.6,04,9.6,4.8,70,426,,,,,,,0,0,0,0,0,0,0,0,0,,,,,,,,,,,,
43295,2022,09,26,29.4,21.0,02,0.0,5.7,0,456,,,,,,,1,1,0,0,0,0,0,0,0,6,5,135,5,5,005,,,,,,
43295,2022,09,27,27.1,20.6,02,13.5,2.2,95,108,,,,,,,0,1,0,0,0,0,0,0,0,5,1,160,,,,,,,,,
43295,2022,09,28,27.7,21.1,03,0.0,5.2,0,192,,,,,,,0,1,0,0,0,0,0,0,0,5,7,010,,,,,,,,,
43295,2022,09,29,27.6,20.4,03,0.0,52.0,30,456,,,,,,,0,0,0,0,0,0,0,0,0,,,,,,,,,,,,
43295,2022,09,30,27.2,20.0,03,1.1,5.0,170,0,,,,,,,1,1,0,0,0,0,0,0,0,6,1,170,5,1,140,,,,,,
43295,2022,10,01,25.4,18.7,04,18.2,3.3,610,0,,,,,,,1,1,0,0,0,0,0,0,0,6,1,335,5,1,335,,,,,,
43295,2022,10,02,24.2,18.2,,2.5,3.3,25,0,,,,,,,0,1,0,0,0,0,0,0,0,5,8,050,,,,,,,,,
43295,2022,10,03,26.2,20.2,04,0.0,4.5,0,36,,,,,,,1,1,0,0,0,0,0,0,0,6,6,040,5,5,035,,,,,,
43295,2022,10,04,26.5,20.5,03,0.5,20.0,75,0,,,,,,,0,0,0,0,0,0,0,0,0,,,,,,,,,,,,
43295,2022,10,05,27.5,20.4,03,0.0,50.0,0,0,,,,,,,0,0,0,0,0,0,0,0,0,,,,,,,,,,,,
43295,2022,10,06,27.7,20.7,03,0.0,5.0,0,,,,,,,,0,1,0,0,0,0,0,0,0,5,5,015,,,,,,,,,
43295,2022,10,07,27.0,19.3,04,0.0,4.5,0,,,,,,,,0,0,0,0,0,0,0,0,0,,,,,,,,,,,,
43295,2022,10,08,27.5,20.0,03,0.0,4.5,0,216,,,,,,,0,0,0,0,0,0,0,0,0,,,,,,,,,,,,
43295,2022,10,09,28.0,21.3,02,0.0,5.2,0,108,,,,,,,0,1,0,0,0,1,0,0,0,9,6,070,5,3,325,,,,,,
43295,2022,10,10,26.5,20.8,01,1.7,4.8,17,18,,,,,,,1,1,0,0,0,1,0,0,0,9,7,025,6,6,065,5,1,290,,,
43295,2022,10,11,28.3,21.5,01,28.2,4.0,305,54,,,,,,,1,1,0,0,0,1,0,0,0,9,2,110,6,2,050,5,1,180,0,1,355
43295,2022,10,12,27.7,21.4,02,0.0,5.2,0,144,,,,,,,0,1,0,0,0,0,0,0,0,5,6,008,,,,,,,,,
43295,2022,10,13,28.2,20.6,02,4.1,4.8,41,198,,,,,,,1,1,0,0,0,1,0,0,0,9,6,170,6,2,315,5,2,128,0,1,300
43295,2022,10,14,29.0,20.1,02,66.0,3.3,673,144,,,,,,,1,1,0,0,0,1,0,1,0,9,1,505,4,3,060,6,1,330,5,2,135
43295,2022,10,15,26.9,19.8,01,46.2,,,,,,,,,,1,0,0,0,0,1,0,0,0,9,2,300,6,1,360,5,3,035,0,1,400
43295,2022,10,16,29.0,20.1,02,35.4,4.0,234,0,,,,,,,1,1,0,0,0,1,0,0,0,9,6,220,6,1,287,5,1,297,0,7,300
43295,2022,10,17,26.6,19.7,01,18.8,3.4,409,114,,,,,,,1,1,0,0,0,1,0,0,0,9,1,140,6,1,145,5,1,130,1,2,180
43295,2022,10,18,28.5,20.6,02,0.3,5.1,3,198,,,,,,,1,0,0,0,0,1,0,0,0,9,6,055,6,5,088,0,7,180,,,
43295,2022,10,19,28.5,19.4,01,29.0,5.1,88,192,,,,,,,1,0,0,0,0,1,0,0,0,9,7,185,6,7,185,1,2,105,0,7,185
43295,2022,10,20,30.0,19.4,01,60.5,4.6,365,390,,,,,,,1,1,0,0,0,1,0,0,0,9,1,170,6,1,170,5,1,025,1,3,120
43295,2022,10,21,28.8,20.1,01,0.1,5.0,1,288,,,,,,,0,1,0,0,0,0,0,0,0,5,6,010,1,3,090,,,,,,
43295,2022,10,22,28.0,19.4,02,0.0,,0,150,,,,,,,0,1,0,0,0,0,0,0,0,5,6,005,,,,,,,,,
43295,2022,10,23,27.9,18.1,01,0.1,5.2,1,150,,,,,,,0,0,0,0,0,0,0,0,0,1,2,210,,,,,,,,,
43295,2022,10,24,28.4,17.0,03,0.0,5.0,0,432,,,,,,,0,0,0,0,0,0,0,0,0,,,,,,,,,,,,
43295,2022,10,25,28.0,15.4,03,0.0,4.8,0,570,,,,,,,0,0,0,0,0,0,0,0,0,,,,,,,,,,,,
43295,2022,10,26,29.0,16.3,01,0.0,4.6,0,498,,,,,,,0,0,0,0,0,0,0,0,0,,,,,,,,,,,,
43295,2022,10,27,29.5,15.5,01,0.0,5.1,0,,,,,,,,0,0,0,0,0,0,0,0,0,,,,,,,,,,,,
43295,2022,10,28,29.7,18.7,01,0.0,5.0,0,576,,,,,,,0,1,0,0,0,0,0,0,0,5,7,077,,,,,,,,,
43295,2022,10,29,27.7,19.2,02,0.2,18.0,77,180,,,,,,,0,1,0,0,0,0,0,0,0,5,7,015,2,3,060,1,2,060,,,
43295,2022,10,30,26.9,18.7,02,10.7,4.5,67,,,,,,,,1,1,0,0,0,0,0,0,0,6,1,190,5,1,090,,,,,,
43295,2022,10,31,28.2,19.0,02,0.0,50.0,0,306,,,,,,,0,0,0,0,0,0,0,0,0,1,2,150,,,,,,,,,
43295,2022,11,01,29.3,19.8,02,0.0,5.1,0,366,,,,,,,1,1,0,0,0,0,0,0,0,6,6,165,5,5,080,1,2,135,,,
43295,2022,11,02,26.5,18.8,01,8.3,3.5,165,48,,,,,,,1,1,0,0,0,0,0,0,0,6,5,045,5,5,040,1,2,240,,,
43295,2022,11,03,24.0,19.6,02,3.4,4.5,34,12,,,,,,,1,1,0,0,0,0,0,0,0,6,4,095,5,4,007,,,,,,
43295,2022,11,04,26.0,20.1,01,8.0,4.0,177,66,,,,,,,1,1,0,0,0,0,0,0,0,6,3,015,5,2,075,1,2,095,,,
43295,2022,11,05,27.0,19.4,02,0.0,4.9,0,168,,,,,,,0,1,0,0,0,0,0,0,0,5,5,020,,,,,,,,,
43295,2022,11,06,27.5,19.1,02,0.0,4.8,0,306,,,,,,,1,1,0,0,0,0,0,0,0,6,5,022,5,4,013,,,,,,
43295,2022,11,07,27.8,18.5,01,4.3,5.0,43,186,,,,,,,0,0,0,0,0,0,0,0,0,1,2,190,,,,,,,,,
43295,2022,11,08,29.0,17.9,01,0.0,5.0,0,438,,,,,,,0,0,0,0,0,0,0,0,0,2,2,140,1,3,100,,,,,,
43295,2022,11,09,29.0,18.5,01,0.0,5.0,0,450,,,,,,,0,0,0,0,0,0,0,0,0,,,,,,,,,,,,
43295,2022,11,10,27.8,18.1,01,0.0,4.8,0,240,,,,,,,0,1,0,0,0,0,0,0,0,5,6,005,2,2,140,1,3,100,,,
43295,2022,11,11,28.4,19.6,03,0.0,5.0,5,402,,,,,,,1,1,0,0,0,0,0,0,0,6,4,050,5,3,225,2,3,550,1,2,545
43295,2022,11,12,22.2,19.5,03,0.7,3.0,510,0,,,,,,,1,1,0,0,0,0,0,0,0,6,3,560,5,1,315,2,3,180,,,
43295,2022,11,13,21.6,19.4,02,22.8,2.1,148,0,,,,,,,1,1,0,0,0,0,0,0,0,6,5,100,5,4,010,,,,,,
43295,2022,11,14,23.8,19.0,02,0.2,3.8,115,36,,,,,,,1,1,0,0,0,0,0,0,0,6,7,015,5,6,129,1,2,240,,,
43295,2022,11,15,28.2,18.8,02,0.8,4.6,8,342,,,,,,,0,0,0,0,0,0,0,0,0,1,2,195,,,,,,,,,
43295,2022,11,16,27.0,19.0,02,0.0,5.0,0,192,,,,,,,0,0,0,0,0,0,0,0,0,2,1,285,1,1,175,,,,,,
43295,2022,11,17,28.4,17.6,01,0.0,4.7,0,245,,,,,,,0,0,0,0,0,0,0,0,0,2,1,380,1,1,165,,,,,,
43295,2022,11,18,28.4,15.6,02,0.0,4.5,0,426,,,,,,,0,0,0,0,0,0,0,0,0,1,2,180,,,,,,,,,
43295,2022,11,19,27.8,15.8,01,0.0,5.0,0,288,,,,,,,0,0,0,0,0,0,0,0,0,2,1,240,1,1,180,,,,,,
43295,2022,11,20,27.0,15.4,01,0.0,4.0,0,366,,,,,,,0,0,0,0,0,0,0,0,0,1,1,300,,,,,,,,,
43295,2022,11,21,25.2,13.9,01,0.0,3.8,0,228,,,,,,,0,0,0,0,0,0,0,0,0,1,1,360,,,,,,,,,
43295,2022,11,22,27.2,19.2,02,0.2,2.5,115,36,,,,,,,0,1,0,0,0,0,0,0,0,5,3,208,,,,,,,,,
43295,2022,11,23,24.1,20.3,01,0.0,4.2,113,0,,,,,,,1,1,0,0,0,0,0,0,0,6,6,100,5,2,072,,,,,,
43295,2022,11,24,25.6,20.4,01,3.4,3.4,395,78,,,,,,,1,1,0,0,0,0,0,0,0,6,4,150,5,3,190,,,,,,
43295,2022,11,25,22.8,18.6,02,6.4,3.0,380,372,,,,,,,0,0,0,0,0,0,0,0,0,1,2,225,,,,,,,,,
43295,2022,11,26,27.3,18.8,02,0.0,5.3,0,282,,,,,,,0,0,0,0,0,0,0,0,0,2,2,180,1,1,145,,,,,,
43295,2022,11,27,28.2,20.0,02,0.0,4.5,0,372,,,,,,,0,0,0,0,0,0,0,0,0,2,1,330,1,1,150,,,,,,
43295,2022,11,28,28.0,20.2,01,0.0,5.6,0,234,,,,,,,0,0,0,0,0,0,0,0,0,2,1,360,,,,,,,,,
43295,2022,11,29,28.3,19.8,01,0.0,4.8,0,18,,,,,,,0,0,0,0,0,0,0,0,0,2,1,320,1,1,040,,,,,,
43295,2022,11,30,27.8,17.0,01,0.0,4.5,0,180,,,,,,,0,0,0,0,0,0,0,0,0,2,1,060,,,,,,,,,
43295,2022,12,01,28.1,17.8,01,0.0,,,,,,,,,,0,0,0,0,0,0,0,0,0,2,1,310,1,1,035,,,,,,
43295,2022,12,02,25.5,19.8,02,0.0,46.0,0,90,,,,,,,0,0,0,0,0,0,0,0,0,2,1,420,,,,,,,,,
43295,2022,12,03,28.5,19.4,02,0.0,,,,,,,,,,0,0,0,0,0,0,0,0,0,2,1,330,,,,,,,,,
43295,2022,12,04,29.0,19.5,02,0.0,5.0,0,396,,,,,,,0,0,0,0,0,0,0,0,0,2,1,330,,,,,,,,,
43295,2022,12,05,28.5,18.6,02,0.0,,,245,,,,,,,0,0,0,0,0,0,0,0,0,2,1,300,1,1,060,,,,,,
43295,2022,12,06,27.4,19.7,02,0.0,4.6,0,84,,,,,,,0,0,0,0,0,0,0,0,0,2,1,410,,,,,,,,,
43295,2022,12,07,27.4,17.8,01,0.0,4.6,0,66,,,,,,,0,0,0,0,0,0,0,0,0,2,1,360,1,1,170,,,,,,
43295,2022,12,08,27.4,17.3,01,0.0,4.8,,,,,,,,,0,0,0,0,0,0,0,0,0,1,1,390,,,,,,,,,
43295,2022,12,09,26.0,18.2,04,0.0,,10,54,,,,,,,1,1,0,0,0,0,0,0,0,6,6,090,5,3,480,1,3,180,,,
43295,2022,12,10,21.8,16.8,04,4.3,1.3,375,0,,,,,,,1,1,0,0,0,0,0,0,0,6,3,780,5,1,660,,,,,,
43295,2022,12,11,19.6,17.8,03,41.0,0.5,,,,,,,,,1,1,0,0,0,0,0,0,0,6,1,765,5,3,440,,,,,,
43295,2022,12,12,21.6,19.0,02,20.7,1.2,590,0,,,,,,,1,1,0,0,0,0,0,0,0,6,1,520,5,1,130,,,,,,
43295,2022,12,13,24.0,19.4,02,9.2,,,,,,,,,,1,1,0,0,0,0,0,0,0,6,3,315,5,3,065,,,,,,
43295,2022,12,14,25.4,18.6,03,7.6,,,,,,,,,,1,0,0,0,0,0,0,0,0,6,6,010,,,,,,,,,
43295,2022,12,15,26.2,18.0,02,0.0,5.0,,,,,,,,,0,0,0,0,0,0,0,0,0,2,2,110,,,,,,,,,
43295,2022,12,16,27.6,15.0,02,,,0,,,,,,,,0,0,0,0,0,0,0,0,0,,,,,,,,,,,,
43295,2022,12,17,29.0,15.6,04,0.0,5.0,,,,,,,,,0,0,0,0,0,0,0,0,0,2,2,120,1,1,190,,,,,,
43295,2022,12,18,28.4,18.4,00,0.0,3.0,,,,,,,,,0,0,0,0,0,0,0,0,0,2,2,260,1,3,060,,,,,,
43295,2022,12,19,26.5,17.6,02,0.0,5.0,,,,,,,,,0,0,0,0,0,0,0,0,0,2,2,180,1,1,250,,,,,,
43295,2022,12,20,26.2,16.6,,0.0,5.0,,,,,,,,,0,0,0,0,0,0,0,0,0,2,2,180,1,1,160,,,,,,
43295,2022,12,21,28.3,17.2,02,,,0,,,,,,,,0,0,0,0,0,0,0,0,0,2,2,150,1,1,190,,,,,,
43295,2022,12,22,27.7,14.4,01,0.0,5.0,,,,,,,,,0,0,0,0,0,0,0,0,0,2,3,100,1,1,320,,,,,,
43295,2022,12,23,28.2,15.2,02,0.0,5.0,,,,,,,,,0,0,0,0,0,0,0,0,0,,,,,,,,,,,,
43295,2022,12,24,29.2,18.7,01,0.0,5.0,,,,,,,,,0,0,0,0,0,0,0,0,0,,,,,,,,,,,,
43295,2022,12,25,29.0,18.4,02,0.0,5.0,,,,,,,,,1,1,0,0,0,0,0,0,0,6,7,305,5,4,055,2,1,330,1,1,150
43295,2022,12,26,24.4,19.8,02,3.9,3.0,270,24,,,,,,,0,1,0,0,0,0,0,0,0,5,1,200,1,2,360,,,,,,
43295,2022,12,27,25.4,19.8,03,1.3,,60,48,,,,,,,0,1,0,0,0,0,0,0,0,5,5,050,,,,,,,,,
43295,2022,12,28,23.6,19.1,02,0.0,,50,0,,,,,,,0,0,0,0,0,0,0,0,0,2,1,300,,,,,,,,,
43295,2022,12,29,28.2,18.5,02,0.0,2.0,0,366,,,,,,,0,0,0,0,0,0,0,0,0,2,1,390,,,,,,,,,
43295,2022,12,30,28.4,16.2,01,,,0,,,,,,,,0,0,0,0,0,0,0,0,0,2,3,030,,,,,,,,,
43295,2022,12,31,28.4,16.5,01,0.0,2.0,0,462,,,,,,,0,0,0,0,0,0,0,0,0,2,1,350,1,1,035,,,,,,
43295,2023,01,01,29.0,15.9,01,0.0,5.4,0,462,,,,,,,0,0,0,0,0,0,0,0,0,1,3,105,,,,,,,,,
43295,2023,01,02,29.1,16.1,02,0.0,5.0,0,438,,,,,,,0,0,0,0,0,0,0,0,0,2,3,105,1,1,280,,,,,,
43295,2023,01,03,28.0,16.3,02,0.0,5.2,0,474,,,,,,,0,0,0,0,0,0,0,0,0,2,1,420,,,,,,,,,
43295,2023,01,04,26.8,16.8,02,0.0,6.0,,,,,,,,,0,0,0,0,0,0,0,0,0,2,1,420,,,,,,,,,
43295,2023,01,05,26.3,16.8,03,0.0,6.0,,,,,,,,,0,0,0,0,0,0,0,0,0,2,1,360,,,,,,,,,
43295,2023,01,06,25.0,16.2,03,0.0,1.8,0,186,,,,,,,0,0,0,0,0,0,0,0,0,2,1,420,1,8,040,,,,,,
43295,2023,01,07,26.4,16.3,04,0.0,4.6,0,420,,,,,,,0,0,0,0,0,0,0,0,0,2,1,450,1,1,120,,,,,,
43295,2023,01,08,26.2,17.0,02,0.0,4.5,0,120,,,,,,,0,0,0,0,0,0,0,0,0,2,1,420,1,1,060,,,,,,
43295,2023,01,09,26.4,14.5,01,0.0,5.7,,,,,,,,,0,0,0,0,0,0,0,0,0,2,2,180,,,,,,,,,
43295,2023,01,10,28.0,14.3,02,0.0,5.8,,462,,,,,,,0,0,0,0,0,0,0,0,0,2,1,450,,,,,,,,,
43295,2023,01,11,28.0,13.0,02,0.0,4.6,0,486,,,,,,,0,0,0,0,0,0,0,0,0,2,1,360,,,,,,,,,
43295,2023,01,12,29.0,14.2,01,0.0,5.5,,,,,,,,,0,0,0,0,0,0,0,0,0,2,3,110,1,1,260,,,,,,
43295,2023,01,13,30.1,13.4,01,0.0,5.8,,,,,,,,,0,0,0,0,0,0,0,0,0,2,3,150,,,,,,,,,
43295,2023,01,14,29.6,14.5,01,0.0,6.5,,,,,,,,,0,0,0,0,0,0,0,0,0,2,1,440,1,1,025,,,,,,
43295,2023,01,15,29.8,12.8,01,0.0,3.0,,,,,,,,,0,0,0,0,0,0,0,0,0,2,2,340,1,1,090,,,,,,
43295,2023,01,16,30.9,13.4,02,0.0,5.6,0,468,,,,,,,0,0,0,0,0,0,0,0,0,2,2,180,1,3,135,,,,,,
43295,2023,01,17,30.3,14.7,02,0.0,5.7,0,486,,,,,,,0,0,0,0,0,0,0,0,0,2,2,220,1,3,150,,,,,,
43295,2023,01,18,30.0,14.7,02,0.0,5.6,0,528,,,,,,,0,0,0,0,0,0,0,0,0,2,2,195,1,3,060,,,,,,
43295,2023,01,19,29.5,14.5,02,0.0,4.9,0,462,,,,,,,0,0,0,0,0,0,0,0,0,2,1,310,1,3,030,,,,,,
43295,2023,01,20,29.5,14.0,02,0.0,5.2,0,558,,,,,,,0,0,0,0,0,0,0,0,0,1,8,050,,,,,,,,,
43295,2023,01,21,26.6,16.6,03,0.0,5.9,0,426,,,,,,,0,0,0,0,0,0,0,0,0,2,1,465,1,1,195,,,,,,
43295,2023,01,22,26.4,15.1,02,0.0,5.5,,,,,,,,,0,0,0,0,0,0,0,0,0,2,1,345,,,,,,,,,
43295,2023,01,23,27.5,16.2,03,0.0,5.4,0,498,,,,,,,0,0,0,0,0,0,0,0,0,2,1,310,1,3,045,,,,,,
43295,2023,01,24,24.2,18.5,03,0.0,5.4,,,,,,,,,0,0,0,0,0,0,0,0,0,2,1,430,1,3,060,,,,,,
43295,2023,01,25,26.6,16.3,03,0.0,5.2,0,138,,,,,,,0,0,0,0,0,0,0,0,0,2,2,110,,,,,,,,,
43295,2023,01,26,29.2,15.5,02,0.0,5.2,0,444,,,,,,,0,0,0,0,0,0,0,0,0,2,1,360,1,3,030,,,,,,
43295,2023,01,27,29.6,16.4,02,0.0,5.7,0,534,,,,,,,0,0,0,0,0,0,0,0,0,2,1,315,1,1,060,,,,,,
43295,2023,01,28,29.6,14.7,02,0.0,5.5,,,,,,,,,0,0,0,0,0,0,0,0,0,2,1,330,,,,,,,,,
43295,2023,01,29,29.4,14.4,02,0.0,5.4,,,,,,,,,0,0,0,0,0,0,0,0,0,2,1,330,1,1,030,,,,,,
43295,2023,01,30,29.7,18.0,03,0.0,5.4,0,474,,,,,,,0,0,0,0,0,0,0,0,0,2,1,330,1,3,045,,,,,,
43295,2023,01,31,27.7,18.6,03,0.0,5.4,0,162,,,,,,,0,0,0,0,0,0,0,0,0,1,3,180,,,,,,,,,
43295,2023,02,01,28.8,15.4,01,0.0,5.0,,,,,,,,,0,0,0,0,0,0,0,0,0,2,1,310,,,,,,,,,
43295,2023,02,02,28.9,17.8,03,0.0,5.0,0,222,,,,,,,0,0,0,0,0,0,0,0,0,,,,,,,,,,,,
43295,2023,02,03,26.6,17.2,03,0.0,5.2,0,54,,,,,,,0,0,0,0,0,0,0,0,0,2,2,180,,,,,,,,,
43295,2023,02,04,26.0,18.4,02,0.0,5.0,,,,,,,,,0,0,0,0,0,0,0,0,0,,,,,,,,,,,,
43295,2023,02,05,31.0,17.5,02,0.0,5.2,0,486,,,,,,,0,0,0,0,0,0,0,0,0,1,1,360,,,,,,,,,
43295,2023,02,06,32.2,17.2,03,0.0,5.0,0,498,,,,,,,0,0,0,0,0,0,0,0,0,,,,,,,,,,,,
43295,2023,02,07,31.1,17.5,02,0.0,5.0,,,,,,,,,0,0,0,0,0,0,0,0,0,,,,,,,,,,,,
43295,2023,02,08,31.5,18.1,01,0.0,5.2,,,,,,,,,0,0,0,0,0,0,0,0,0,,,,,,,,,,,,
43295,2023,02,09,31.1,17.5,02,0.0,5.0,0,324,,,,,,,0,0,0,0,0,0,0,0,0,,,,,,,,,,,,
43295,2023,02,10,31.3,17.0,02,0.0,5.2,0,462,,,,,,,0,0,0,0,0,0,0,0,0,,,,,,,,,,,,
43295,2023,02,11,31.0,15.7,02,0.0,5.4,,,,,,,,,0,0,0,0,0,0,0,0,0,,,,,,,,,,,,
43295,2023,02,12,31.9,15.9,01,0.0,5.2,0,366,,,,,,,0,0,0,0,0,0,0,0,0,,,,,,,,,,,,
43295,2023,02,13,33.0,16.2,02,0.0,5.7,,,,,,,,,0,0,0,0,0,0,0,0,0,,1,,,,,,,,,,
43295,2023,02,14,32.4,15.7,02,0.0,5.6,0,510,,,,,,,0,0,0,0,0,0,0,0,0,,,,,,,,,,,,
43295,2023,02,15,31.7,15.8,02,0.0,5.5,,,,,,,,,0,0,0,0,0,0,0,0,0,,,,,,,,,,,,
43295,2023,02,16,32.5,16.1,02,0.0,5.2,0,540,,,,,,,0,0,0,0,0,0,0,0,0,,,,,,,,,,,,
43295,2023,02,17,32.0,16.6,03,0.0,5.2,,,,,,,,,0,0,0,0,0,0,0,0,0,,,,,,,,,,,,
43295,2023,02,18,31.1,17.0,02,0.0,5.0,,,,,,,,,0,0,0,0,0,0,0,0,0,,,,,,,,,,,,
43295,2023,02,19,31.6,17.2,02,0.0,5.0,0,504,,,,,,,0,0,0,0,0,0,0,0,0,,,,,,,,,,,,
43295,2023,02,20,31.6,18.0,02,0.0,5.0,,,,,,,,,0,0,0,0,0,0,0,0,0,,,,,,,,,,,,
43295,2023,02,21,31.2,16.8,02,0.0,5.4,,,,,,,,,0,0,0,0,0,0,0,0,0,,,,,,,,,,,,
43295,2023,02,22,32.3,17.5,02,,,,,,,,,,,0,0,0,0,0,0,0,0,0,,,,,,,,,,,,
43295,2023,02,23,32.3,16.2,03,0.0,5.2,0,474,,,,,,,0,0,0,0,0,0,0,0,0,,,,,,,,,,,,
43295,2023,02,24,31.6,16.5,02,0.0,2.4,0,540,,,,,,,0,0,0,0,0,0,0,0,0,,,,,,,,,,,,
43295,2023,02,25,32.6,15.6,02,0.0,5.5,0,546,,,,,,,0,0,0,0,0,0,0,0,0,,,,,,,,,,,,
43295,2023,02,26,33.2,17.8,03,0.0,,,,,,,,,,0,0,0,0,0,0,0,0,0,,,,,,,,,,,,
43295,2023,02,27,31.3,16.2,03,0.0,5.4,0,390,,,,,,,0,0,0,0,0,0,0,0,0,,,,,,,,,,,,
43295,2023,02,28,30.6,16.0,02,0.0,5.2,0,528,,,,,,,0,0,0,0,0,0,0,0,0,,,,,,,,,,,,
43295,2023,03,01,30.5,18.5,04,0.0,5.4,0,414,,,,,,,0,0,0,0,0,0,0,0,0,,,,,,,,,,,,
43295,2023,03,02,30.9,17.8,03,0.0,5.4,0,432,,,,,,,0,0,0,0,0,0,0,0,0,,,,,,,,,,,,
43295,2023,03,03,30.7,15.4,03,0.0,5.2,0,462,,,,,,,0,0,0,0,0,0,0,0,0,,,,,,,,,,,,
43295,2023,03,04,31.3,16.5,03,0.0,5.2,0,462,,,,,,,0,0,0,0,0,0,0,0,0,,,,,,,,,,,,
43295,2023,03,05,32.4,18.8,03,0.0,5.2,0,486,,,,,,,0,0,0,0,0,0,0,0,0,,,,,,,,,,,,
43295,2023,03,06,32.2,17.3,03,0.0,2.4,0,486,,,,,,,0,0,0,0,0,0,0,0,0,,,,,,,,,,,,
43295,2023,03,07,32.4,16.4,03,0.0,5.2,,498,,,,,,,0,0,0,0,0,0,0,0,0,,,,,,,,,,,,
43295,2023,03,08,31.8,19.1,03,0.0,5.2,0,336,,,,,,,0,0,0,0,0,0,0,0,0,,,,,,,,,,,,
43295,2023,03,09,30.6,18.2,03,0.0,5.8,0,504,,,,,,,0,0,0,0,0,0,0,0,0,,,,,,,,,,,,
43295,2023,03,10,29.6,17.4,02,0.0,5.5,0,66,,,,,,,0,0,0,0,0,0,0,0,0,,,,,,,,,,,,
43295,2023,03,11,30.5,17.0,02,0.0,5.0,0,312,,,,,,,0,0,0,0,0,0,0,0,0,,,,,,,,,,,,
43295,2023,03,12,31.8,17.4,03,0.0,5.0,0,444,,,,,,,0,0,0,0,0,0,0,0,0,,,,,,,,,,,,
43295,2023,03,13,32.5,19.2,04,0.0,5.5,0,504,,,,,,,0,0,0,0,0,0,0,0,0,,,,,,,,,,,,
43295,2023,03,14,32.9,19.1,03,0.0,5.0,0,432,,,,,,,0,0,0,0,0,0,0,0,0,1,1,360,,,,,,,,,
43295,2023,03,15,33.6,19.8,02,0.0,5.5,,,,,,,,,0,0,0,0,0,0,0,0,0,,,,,,,,,,,,
43295,2023,03,16,33.6,21.7,03,0.0,5.0,0,,,,,,,,1,1,0,0,0,0,1,0,0,9,8,025,6,7,055,5,7,205,2,1,330
43295,2023,03,17,33.0,20.0,02,3.4,,,,,,,,,,1,0,0,0,0,0,1,0,0,9,1,185,6,1,105,2,2,375,,,
43295,2023,03,18,31.6,20.0,02,5.3,4.5,35,264,,,,,,,1,1,0,0,0,0,0,0,0,6,7,005,5,7,005,,,,,,
43295,2023,03,19,31.4,21.0,04,0.1,5.0,,,,,,,,,0,0,0,0,0,0,0,0,0,,,,,,,,,,,,
43295,2023,03,20,32.6,21.0,04,0.0,5.8,0,450,,,,,,,0,0,0,0,0,0,0,0,0,,,,,,,,,,,,
43295,2023,03,21,32.3,20.0,03,0.0,5.5,,,,,,,,,0,0,0,0,0,0,0,0,0,,,,,,,,,,,,
43295,2023,03,22,32.9,20.1,02,0.0,5.6,0,491,,,,,,,0,0,0,0,0,0,0,0,0,,,,,,,,,,,,
43295,2023,03,23,33.8,22.0,02,0.0,5.8,0,432,,,,,,,0,0,0,0,0,0,0,0,0,2,2,210,,,,,,,,,
43295,2023,03,24,34.5,22.8,02,0.0,5.8,0,390,,,,,,,0,0,0,0,0,0,0,0,0,,,,,,,,,,,,
43295,2023,03,25,34.5,22.8,03,0.0,5.6,0,438,,,,,,,0,0,0,0,0,0,0,0,0,,,,,,,,,,,,
43295,2023,03,26,32.6,22.5,03,0.0,5.2,,,,,,,,,0,0,0,0,0,0,0,0,0,,,,,,,,,,,,
43295,2023,03,27,33.4,22.1,02,0.2,5.2,15,48,,,,,,,0,1,0,0,0,0,0,0,0,5,1,015,,,,,,,,,
43295,2023,03,28,34.5,21.8,02,0.0,5.0,0,390,,,,,,,0,0,0,0,0,0,0,0,0,,,,,,,,,,,,
43295,2023,03,29,35.5,23.4,02,0.0,5.6,0,450,,,,,,,0,1,0,0,0,0,0,0,0,5,7,012,,,,,,,,,
43295,2023,03,30,34.0,23.1,03,0.0,5.4,12,276,,,,,,,0,1,0,0,0,0,0,0,0,5,7,010,,,,,,,,,
43295,2023,03,31,33.8,22.4,03,0.0,5.6,10,228,,,,,,,0,1,0,0,0,0,0,0,0,5,7,005,,,,,,,,,
43295,2023,04,01,35.0,23.5,02,0.0,5.6,5,390,,,,,,,0,0,0,0,0,0,0,0,0,,,,,,,,,,,,
43295,2023,04,02,34.1,23.3,03,0.0,5.4,0,426,,,,,,,0,0,0,0,0,0,0,0,0,,,,,,,,,,,,
43295,2023,04,03,34.5,22.5,03,0.0,5.4,,,,,,,,,1,1,0,0,0,1,0,0,0,9,8,035,6,8,035,5,8,020,0,7,060
43295,2023,04,04,34.0,22.0,02,1.0,5.4,20,174,,,,,,,0,1,0,0,0,1,0,0,0,9,7,040,5,7,050,,,,,,
43295,2023,04,05,31.2,21.7,02,0.0,5.2,50,150,,,,,,,0,0,0,0,0,0,0,0,0,,,,,,,,,,,,
43295,2023,04,06,34.8,22.7,02,0.0,5.0,0,294,,,,,,,0,1,0,0,0,0,0,0,0,5,6,005,,,,,,,,,
43295,2023,04,07,33.9,22.2,02,0.0,5.0,5,252,,,,,,,0,0,0,0,0,0,0,0,0,,,,,,,,,,,,
43295,2023,04,08,33.0,21.5,03,0.0,5.0,0,462,,,,,,,0,0,0,0,0,0,0,0,0,,,,,,,,,,,,
43295,2023,04,09,33.6,20.5,03,0.0,5.2,0,504,,,,,,,0,0,0,0,0,0,0,0,0,,,,,,,,,,,,
43295,2023,04,10,34.5,21.0,03,0.0,5.0,0,480,,,,,,,0,0,0,0,0,0,0,0,0,,,,,,,,,,,,
43295,2023,04,11,34.3,20.7,03,0.0,5.3,0,540,,,,,,,0,0,0,0,0,0,0,0,0,,,,,,,,,,,,
43295,2023,04,12,35.7,21.4,02,0.0,5.0,0,486,,,,,,,0,0,0,0,0,0,0,0,0,,,,,,,,,,,,
43295,2023,04,13,35.6,20.0,02,0.0,5.0,0,522,,,,,,,0,0,0,0,0,0,0,0,0,,,,,,,,,,,,
43295,2023,04,14,36.4,21.7,03,0.0,5.4,0,516,,,,,,,0,0,0,0,0,0,0,0,0,,,,,,,,,,,,
43295,2023,04,15,36.0,22.3,02,0.0,5.4,0,474,,,,,,,0,0,0,0,0,0,0,0,0,,,,,,,,,,,,
43295,2023,04,16,35.1,19.7,02,,,,,,,,,,,0,0,0,0,0,0,0,0,0,,,,,,,,,,,,
43295,2023,04,17,36.0,20.8,02,0.0,5.0,0,414,,,,,,,0,0,0,0,0,0,0,0,0,,,,,,,,,,,,
43295,2023,04,18,35.4,21.0,02,0.0,6.0,,,,,,,,,0,0,0,0,0,0,0,0,0,,,,,,,,,,,,
43295,2023,04,19,36.5,22.2,02,0.0,5.9,0,528,,,,,,,0,0,0,0,0,0,0,0,0,,,,,,,,,,,,
43295,2023,04,20,36.1,23.6,03,0.0,5.2,0,456,,,,,,,0,0,0,0,0,0,0,0,0,,,,,,,,,,,,
43295,2023,04,21,36.0,23.4,03,,,,,,,,,,,1,1,0,0,0,0,0,0,0,6,7,072,5,7,098,,,,,,
43295,2023,04,22,35.2,22.3,03,6.8,5.3,85,348,,,,,,,0,0,0,0,0,0,0,0,0,,,,,,,,,,,,
43295,2023,04,23,34.8,23.5,02,0.0,5.0,0,312,,,,,,,0,0,0,0,0,0,0,0,0,,,,,,,,,,,,
43295,2023,04,24,35.0,22.5,03,0.0,5.5,,,,,,,,,0,0,0,0,0,0,0,0,0,,,,,,,,,,,,
43295,2023,04,25,34.0,23.0,04,0.0,5.0,0,282,,,,,,,0,0,0,0,0,0,0,0,0,,,,,,,,,,,,
43295,2023,04,26,33.3,23.7,03,0.0,4.8,0,336,,,,,,,0,0,0,0,0,0,0,0,0,,,,,,,,,,,,
43295,2023,04,27,33.0,23.2,03,0.0,4.8,0,,,,,,,,0,0,0,0,0,0,0,0,0,,,,,,,,,,,,
43295,2023,04,28,33.5,22.0,04,,4.8,,342,,,,,,,0,0,0,0,0,0,0,0,0,,,,,,,,,,,,
43295,2023,04,29,34.5,22.2,03,0.0,,,,,,,,,,1,0,0,0,0,1,0,0,0,9,5,195,6,5,100,,,,,,
43295,2023,04,30,31.1,22.5,02,20.4,3.0,50,288,,,,,,,1,1,0,0,0,1,0,0,0,9,1,460,6,1,320,5,6,005,0,7,360
43295,2023,05,01,32.0,21.6,03,26.1,4.7,135,288,,,,,,,1,1,0,0,0,1,0,0,0,9,1,140,6,1,350,5,1,045,0,1,380
43295,2023,05,02,31.0,21.0,02,27.1,4.7,,,,,,,,,1,0,0,0,0,0,0,0,0,6,1,020,,,,,,,,,
43295,2023,05,03,30.4,21.4,03,,4.3,8,264,,,,,,,1,1,0,0,0,0,0,0,0,6,2,130,5,2,105,,,,,,
43295,2023,05,04,29.0,21.2,01,13.6,4.1,215,0,,,,,,,1,1,0,0,0,1,0,0,0,9,1,015,6,1,199,5,2,100,,,
43295,2023,05,05,30.6,20.8,02,40.0,4.8,105,162,,,,,,,0,1,0,0,0,0,0,0,0,5,1,120,,,,,,,,,
43295,2023,05,06,28.4,22.1,02,0.0,4.4,55,108,,,,,,,1,1,0,0,0,1,0,0,0,9,5,035,6,6,129,5,6,080,,,
43295,2023,05,07,29.3,21.1,03,2.6,1.6,26,156,,,,,,,1,1,0,0,0,0,0,0,0,6,3,050,5,3,105,,,,,,
43295,2023,05,08,28.1,21.4,02,5.9,2.9,,,,,,,,,1,1,0,0,0,1,0,0,0,9,6,015,6,1,135,5,1,150,,,
43295,2023,05,09,29.8,20.5,02,4.8,3.8,30,84,,,,,,,1,1,0,0,0,0,0,0,0,6,6,015,5,8,020,,,,,,
43295,2023,05,10,32.5,22.3,02,0.6,3.4,35,510,,,,,,,0,0,0,0,0,0,0,0,0,,,,,,,,,,,,
43295,2023,05,11,33.4,23.6,02,0.0,4.5,0,,,,,,,,1,0,0,0,0,1,0,0,0,9,8,050,6,8,050,,,,,,
43295,2023,05,12,33.4,20.9,03,13.4,12.8,130,384,,,,,,,1,0,0,0,0,1,0,0,0,9,1,060,6,1,080,,,,,,
43295,2023,05,13,32.4,22.6,03,0.0,5.4,0,288,,,,,,,0,0,0,0,0,1,0,0,0,9,7,045,,,,,,,,,
43295,2023,05,14,31.0,22.3,05,0.0,5.2,0,30,,,,,,,0,0,0,0,0,0,0,0,0,,,,,,,,,,,,
43295,2023,05,15,32.8,23.0,04,0.0,5.6,0,432,,,,,,,0,0,0,0,0,0,0,0,0,,,,,,,,,,,,
43295,2023,05,16,33.0,23.0,03,0.0,5.4,0,540,,,,,,,0,0,0,0,0,0,0,0,0,,,,,,,,,,,,
43295,2023,05,17,35.0,23.6,02,0.0,5.0,0,504,,,,,,,0,1,0,0,0,0,0,0,0,5,7,010,,,,,,,,,
43295,2023,05,18,35.5,25.1,02,0.0,6.0,10,366,,,,,,,0,0,0,0,0,0,0,0,0,,,,,,,,,,,,
43295,2023,05,19,35.5,23.5,03,0.0,6.1,0,444,,,,,,,0,1,0,0,0,0,0,0,0,5,7,010,,,,,,,,,
43295,2023,05,20,35.4,23.4,04,0.0,3.2,10,498,,,,,,,1,1,0,0,0,1,0,0,0,9,6,084,6,6,099,5,6,015,,,
43295,2023,05,21,34.4,21.2,02,30.4,5.2,,294,,,,,,,1,0,0,0,1,1,0,0,0,J,6,030,9,6,210,6,6,210,,,
43295,2023,05,22,33.4,21.0,02,31.4,,,366,,,,,,,1,1,0,0,0,1,0,0,0,9,7,180,6,7,175,5,7,020,,,
43295,2023,05,23,32.2,22.0,02,16.3,5.9,,474,,,,,,,1,0,0,0,0,1,0,0,0,9,7,250,6,7,215,,,,,,
43295,2023,05,24,33.2,20.2,03,25.8,3.4,225,432,,,,,,,1,1,0,0,0,1,0,0,0,9,7,100,6,7,020,5,6,040,,,
43295,2023,05,25,32.0,21.5,03,1.4,5.2,25,444,,,,,,,0,0,0,0,0,0,0,0,0,0,7,120,,,,,,,,,
43295,2023,05,26,32.1,22.0,03,0.0,5.2,0,324,,,,,,,0,0,0,0,0,0,0,0,0,,,,,,,,,,,,
43295,2023,05,27,31.9,21.8,04,0.0,5.4,0,462,,,,,,,0,1,0,0,0,0,0,0,0,5,6,012,,,,,,,,,
43295,2023,05,28,32.5,23.1,03,0.0,5.8,12,456,,,,,,,0,0,0,0,0,0,0,0,0,0,7,270,,,,,,,,,
43295,2023,05,29,33.6,23.3,03,0.0,5.3,0,498,,,,,,,1,1,0,0,0,1,0,0,0,9,5,080,6,5,040,5,5,020,,,
43295,2023,05,30,33.3,23.4,02,0.0,5.4,60,252,,,,,,,1,1,0,0,0,1,0,0,0,9,5,365,6,5,380,5,5,070,0,5,080
43295,2023,05,31,31.3,19.6,02,65.2,3.8,290,60,,,,,,,0,0,0,0,0,0,0,0,0,0,7,250,,,,,,,,,
43295,2023,06,01,31.3,,02,0.0,5.2,,,,,,,,,1,0,0,0,0,1,0,0,0,9,8,116,6,8,116,0,8,130,,,
43295,2023,06,02,31.3,22.6,04,0.0,2.8,,,,,,,,,0,0,0,0,0,0,0,0,0,,,,,,,,,,,,
43295,2023,06,03,32.4,23.0,03,0.0,4.5,0,264,,,,,,,0,0,0,0,0,0,0,0,0,,,,,,,,,,,,
43295,2023,06,04,33.4,23.0,04,0.0,5.5,0,372,,,,,,,0,0,0,0,0,0,0,0,0,,,,,,,,,,,,
43295,2023,06,05,30.6,22.5,04,,5.4,0,138,,,,,,,0,0,0,0,0,0,0,0,0,,,,,,,,,,,,
43295,2023,06,06,31.6,22.0,05,0.0,5.8,0,390,,,,,,,1,1,0,0,0,1,0,0,0,9,6,040,6,6,040,5,6,085,0,7,090
43295,2023,06,07,32.2,22.3,03,4.6,,,,,,,,,,1,1,0,0,0,0,0,0,0,6,7,020,5,6,040,,,,,,
43295,2023,06,08,32.0,22.4,04,0.3,5.0,3,324,,,,,,,0,0,0,0,0,0,0,0,0,0,7,120,,,,,,,,,
43295,2023,06,09,32.5,22.1,05,0.0,5.2,0,498,,,,,,,1,1,0,0,0,1,0,0,0,9,7,125,6,6,020,5,6,005,,,
43295,2023,06,10,32.3,21.1,05,1.0,5.4,20,546,,,,,,,0,1,0,0,0,0,0,0,0,5,6,007,,,,,,,,,
43295,2023,06,11,31.0,21.2,05,0.0,5.5,,,,,,,,,1,1,0,0,0,1,0,0,0,9,7,105,6,7,010,5,6,028,,,
43295,2023,06,12,30.8,21.7,04,,,,,,,,,,,1,0,0,0,0,1,0,0,0,9,7,265,6,7,170,0,7,275,,,
43295,2023,06,13,32.6,21.4,04,21.0,1.3,170,372,,,,,,,1,1,0,0,0,0,0,0,0,6,7,020,5,7,010,0,7,020,,,
43295,2023,06,14,31.5,21.6,04,0.0,,,,,,,,,,1,0,0,0,0,1,0,0,0,9,7,040,6,7,030,,,,,,
43295,2023,06,15,32.0,21.9,04,1.9,6.4,15,468,,,,,,,0,0,0,0,0,0,0,0,0,,,,,,,,,,,,
43295,2023,06,16,31.5,21.8,04,0.0,6.5,,546,,,,,,,0,0,0,0,0,0,0,0,0,,,,,,,,,,,,
43295,2023,06,17,32.1,22.0,04,0.0,5.4,0,444,,,,,,,1,0,0,0,0,1,0,0,0,9,7,010,6,7,025,,,,,,
43295,2023,06,18,31.5,22.6,04,1.0,5.0,25,192,,,,,,,0,1,0,0,0,0,0,0,0,5,6,015,,,,,,,,,
43295,2023,06,19,28.4,21.7,04,0.0,5.0,,,,,,,,,1,1,0,0,0,0,0,0,0,6,8,060,5,7,070,,,,,,
43295,2023,06,20,28.2,22.2,02,1.7,4.8,17,0,,,,,,,1,1,0,0,0,1,0,0,0,9,3,050,6,4,080,5,2,430,,,
43295,2023,06,21,24.8,21.6,02,18.9,3.9,270,0,,,,,,,1,1,0,0,0,0,0,0,0,6,6,030,5,5,190,,,,,,
43295,2023,06,22,28.3,21.0,02,2.7,4.5,135,0,,,,,,,1,1,0,0,0,1,0,0,0,9,6,055,6,8,065,5,1,150,0,7,180
43295,2023,06,23,30.7,21.2,03,7.7,,,,,,,,,,1,1,0,0,0,0,0,0,0,6,7,015,5,7,005,,,,,,
43295,2023,06,24,29.1,21.0,04,0.2,4.8,2,108,,,,,,,1,1,0,0,0,0,0,0,0,6,7,020,5,7,015,,,,,,
43295,2023,06,25,27.0,20.9,04,0.6,4.8,15,0,,,,,,,1,1,0,0,0,0,0,0,0,6,7,030,5,7,015,,,,,,
43295,2023,06,26,29.1,21.1,04,6.6,4.8,45,126,,,,,,,0,0,0,0,0,0,0,0,0,,,,,,,,,,,,
43295,2023,06,27,27.6,20.3,04,0.0,5.0,,,,,,,,,1,1,0,0,0,0,0,0,0,6,6,025,5,6,013,,,,,,
43295,2023,06,28,29.4,20.3,05,2.0,6.0,15,186,,,,,,,0,0,0,0,0,0,0,0,0,,,,,,,,,,,,
43295,2023,06,29,28.2,20.6,04,0.0,,0,245,,,,,,,0,0,0,0,0,0,0,0,0,6,6,020,5,5,020,,,,,,
43295,2023,06,30,29.3,21.0,04,1.7,6.3,20,228,,,,,,,0,1,0,0,0,0,0,0,0,5,3,005,,,,,,,,,
43295,2023,07,01,29.9,21.4,05,0.0,5.0,0,330,,,,,,,0,1,0,0,0,1,0,0,0,9,6,030,5,6,005,,,,,,
43295,2023,07,02,30.8,22.0,04,0.0,5.2,0,276,,,,,,,1,1,0,0,0,1,0,0,0,9,6,105,6,6,105,5,7,020,,,
43295,2023,07,03,28.6,21.2,04,18.2,1.3,110,0,,,,,,,1,1,0,0,0,0,0,0,0,6,6,045,5,6,050,,,,,,
43295,2023,07,04,30.1,20.3,05,3.7,4.6,70,330,,,,,,,0,1,0,0,0,0,0,0,0,5,5,140,,,,,,,,,
43295,2023,07,05,27.1,20.2,05,1.3,4.3,,30,,,,,,,0,1,0,0,0,0,0,0,0,5,5,060,,,,,,,,,
43295,2023,07,06,26.6,20.5,06,0.3,4.3,190,42,,,,,,,1,1,0,0,0,0,0,0,0,6,1,040,5,1,115,,,,,,
43295,2023,07,07,26.9,20.6,06,0.3,4.3,5,54,,,,,,,1,1,0,0,0,0,0,0,0,6,6,075,5,5,042,,,,,,
43295,2023,07,08,27.5,20.5,04,7.6,4.8,100,0,,,,,,,1,1,0,0,0,0,0,0,0,6,4,010,5,4,110,,,,,,
43295,2023,07,09,26.5,20.9,04,7.6,4.2,200,0,,,,,,,1,1,0,0,0,0,0,0,0,6,8,055,5,2,170,,,,,,
43295,2023,07,10,27.3,21.2,03,1.1,4.6,,60,,,,,,,1,1,0,0,0,0,0,0,0,6,2,130,5,1,300,,,,,,
43295,2023,07,11,28.5,21.0,02,10.3,4.6,550,36,,,,,,,1,1,0,0,0,1,0,0,0,9,7,045,6,6,060,5,1,232,,,
43295,2023,07,12,27.4,20.3,03,15.3,4.4,70,0,,,,,,,1,1,0,0,0,0,0,0,0,6,6,055,5,5,065,,,,,,
43295,2023,07,13,28.2,20.8,03,11.8,4.6,120,72,,,,,,,1,1,0,0,0,1,0,0,0,9,6,020,6,5,070,5,5,235,,,
43295,2023,07,14,27.2,20.1,,25.0,,,0,,,,,,,1,1,0,0,0,0,0,0,0,6,6,060,5,7,005,,,,,,
43295,2023,07,15,27.5,20.4,04,1.2,5.0,65,198,,,,,,,1,1,0,0,0,0,0,0,0,6,6,020,5,6,020,,,,,,
43295,2023,07,16,29.1,21.4,04,1.6,5.0,15,498,,,,,,,0,1,0,0,0,0,0,0,0,5,6,003,,,,,,,,,
43295,2023,07,17,28.5,21.0,04,0.0,,,,,,,,,,0,0,0,0,0,0,0,0,0,6,7,010,5,7,005,,,,,,
43295,2023,07,18,28.1,20.6,05,0.2,4.6,,30,,,,,,,0,0,0,0,0,0,0,0,0,,,,,,,,,,,,
43295,2023,07,19,28.8,20.8,06,0.0,,0,288,,,,,,,0,1,0,0,0,0,0,0,0,5,6,010,,,,,,,,,
43295,2023,07,20,27.3,20.7,06,0.0,,5,0,,,,,,,0,1,0,0,0,0,0,0,0,5,2,015,,,,,,,,,
43295,2023,07,21,28.7,21.5,07,0.0,5.2,0,168,,,,,,,0,1,0,0,0,0,0,0,0,5,8,010,,,,,,,,,
43295,2023,07,22,28.4,21.4,06,0.0,5.2,0,144,,,,,,,0,1,0,0,0,0,0,0,0,5,4,167,,,,,,,,,
43295,2023,07,23,26.7,20.7,06,0.2,4.8,30,0,,,,,,,1,1,0,0,0,0,0,0,0,6,5,145,5,1,620,,,,,,
43295,2023,07,24,26.6,19.9,04,7.5,4.3,435,0,,,,,,,1,1,0,0,0,0,0,0,0,6,1,250,5,1,300,,,,,,
43295,2023,07,25,24.9,20.2,04,6.5,,,,,,,,,,1,1,0,0,0,0,0,0,0,6,5,160,5,1,575,,,,,,
43295,2023,07,26,24.5,19.4,04,12.3,3.9,83,0,,,,,,,1,1,0,0,0,0,0,0,0,6,5,085,5,1,635,,,,,,
43295,2023,07,27,24.0,18.8,04,6.9,3.9,210,0,,,,,,,1,1,0,0,0,0,0,0,0,6,1,150,5,1,040,,,,,,
43295,2023,07,28,25.8,19.2,04,0.0,4.5,5,30,,,,,,,1,1,0,0,0,0,0,0,0,6,6,025,5,7,035,,,,,,
43295,2023,07,29,28.4,20.1,04,1.8,,,,,,,,,,1,1,0,0,0,0,0,0,0,6,1,075,5,1,110,,,,,,
43295,2023,07,30,26.7,19.8,04,0.6,4.0,,108,,,,,,,0,0,0,0,0,0,0,0,0,,,,,,,,,,,,
43295,2023,07,31,29.2,20.8,05,0.0,5.0,0,438,,,,,,,0,0,0,0,0,0,0,0,0,,,,,,,,,,,,
43295,2023,08,01,29.3,20.8,05,0.0,5.4,0,312,,,,,,,0,1,0,0,0,0,0,0,0,5,3,025,,,,,,,,,
43295,2023,08,02,28.0,19.5,05,0.0,5.2,,,,,,,,,0,0,0,0,0,0,0,0,0,,,,,,,,,,,,
43295,2023,08,03,28.3,20.2,06,0.0,5.5,0,222,,,,,,,0,1,0,0,0,0,0,0,0,5,6,010,,,,,,,,,
43295,2023,08,04,28.7,20.2,05,0.0,4.8,10,318,,,,,,,0,1,0,0,0,0,0,0,0,5,6,005,,,,,,,,,
43295,2023,08,05,30.1,20.4,05,0.0,5.2,5,306,,,,,,,0,1,0,0,0,0,0,0,0,5,8,055,,,,,,,,,
43295,2023,08,06,29.0,21.2,04,0.2,,,,,,,,,,1,1,0,0,0,1,0,0,0,9,7,033,6,7,040,5,1,035,0,7,115
43295,2023,08,07,29.8,20.6,03,2.2,5.0,45,216,,,,,,,0,1,0,0,0,0,0,0,0,5,7,065,,,,,,,,,
43295,2023,08,08,29.5,20.5,04,0.0,5.0,10,318,,,,,,,0,1,0,0,0,0,0,0,0,5,7,065,,,,,,,,,
43295,2023,08,09,28.4,20.8,03,1.2,2.0,30,0,,,,,,,1,1,0,0,0,0,0,0,0,6,8,025,5,8,030,,,,,,
43295,2023,08,10,30.4,21.8,03,0.0,5.0,,,,,,,,,0,0,0,0,0,0,0,0,0,,,,,,,,,,,,
43295,2023,08,11,30.0,22.0,03,0.0,5.0,0,258,,,,,,,0,0,0,0,0,0,0,0,0,,,,,,,,,,,,
43295,2023,08,12,30.4,22.3,03,0.0,5.0,0,252,,,,,,,0,0,0,0,0,0,0,0,0,,,,,,,,,,,,
43295,2023,08,13,31.3,21.0,03,0.0,5.0,,,,,,,,,0,0,0,0,0,0,0,0,0,,,,,,,,,,,,
43295,2023,08,14,30.4,21.5,03,0.4,5.0,4,432,,,,,,,0,0,0,0,0,0,0,0,0,,,,,,,,,,,,
43295,2023,08,15,30.0,21.0,03,0.0,5.0,0,,,,,,,,0,0,0,0,0,0,0,0,0,,,,,,,,,,,,
43295,2023,08,16,31.0,21.0,03,0.0,5.0,,,,,,,,,0,1,0,0,0,0,0,0,0,5,8,005,,,,,,,,,
43295,2023,08,17,31.8,21.8,03,0.0,5.0,,,,,,,,,0,1,0,0,0,0,0,0,0,5,6,010,,,,,,,,,
43295,2023,08,18,31.0,21.2,04,0.0,5.2,,,,,,,,,0,1,0,0,0,0,0,0,0,5,6,003,,,,,,,,,
43295,2023,08,19,29.5,21.1,04,0.0,5.1,3,288,,,,,,,1,1,0,0,0,0,0,0,0,6,6,045,5,3,055,,,,,,
43295,2023,08,20,29.0,20.2,04,8.2,5.0,100,114,,,,,,,0,1,0,0,0,0,0,0,0,5,7,005,,,,,,,,,
43295,2023,08,21,29.5,20.9,04,0.0,5.4,5,312,,,,,,,0,1,0,0,0,0,0,0,0,5,7,,,,,,,,,,
43295,2023,08,22,30.8,21.8,02,0.0,6.2,0,462,,,,,,,0,0,0,0,0,0,0,0,0,,,,,,,,,,,,
43295,2023,08,23,31.0,22.0,02,0.0,5.8,0,282,,,,,,,0,0,0,0,0,0,0,0,0,,,,,,,,,,,,
43295,2023,08,24,31.6,21.6,03,0.0,6.1,5,330,,,,,,,0,1,0,0,0,0,0,0,0,5,1,005,,,,,,,,,
43295,2023,08,25,30.5,20.6,03,0.0,6.0,0,102,,,,,,,0,0,0,0,0,0,0,0,0,,,,,,,,,,,,
43295,2023,08,26,32.2,21.8,03,0.0,6.5,0,420,,,,,,,0,0,0,0,0,0,0,0,0,0,8,060,,,,,,,,,
43295,2023,08,27,31.8,22.2,03,0.0,6.5,0,312,,,,,,,0,1,0,0,0,0,0,0,0,5,6,005,,,,,,,,,
43295,2023,08,28,31.4,21.9,03,0.0,6.2,5,491,,,,,,,0,0,0,0,0,0,0,0,0,,,,,,,,,,,,
43295,2023,08,29,32.6,22.6,03,0.0,6.5,0,444,,,,,,,0,0,0,0,0,0,0,0,0,,,,,,,,,,,,
43295,2023,08,30,30.6,21.9,03,0.0,6.5,0,60,,,,,,,0,0,0,0,0,0,0,0,0,,,,,,,,,,,,
43295,2023,08,31,32.5,22.9,03,0.4,5.4,10,491,,,,,,,1,1,0,0,0,1,0,0,0,9,8,150,6,1,170,5,7,010,,,
43295,2023,09,01,29.4,20.0,,88.9,,,,,,,,,,1,,,,,,,,,,,,,,,,,,,,
43295,2023,09,02,29.6,22.2,,0.0,,,,,,,,,,0,,,,,,,,,,,,,,,,,,,,
43295,2023,09,03,28.1,21.4,,1.9,,,,,,,,,,1,,,,,,,,,,,,,,,,,,,,
43295,2023,09,04,25.6,21.0,,0.2,,,,,,,,,,1,,,,,,,,,,,,,,,,,,,,
43295,2023,09,05,27.4,20.6,,0.0,,,,,,,,,,0,,,,,,,,,,,,,,,,,,,,
43295,2023,09,06,28.5,20.4,,25.2,,,,,,,,,,1,,,,,,,,,,,,,,,,,,,,
43295,2023,09,07,29.0,21.3,,0.0,,,,,,,,,,0,,,,,,,,,,,,,,,,,,,,
43295,2023,09,08,28.5,21.0,,4.4,,,,,,,,,,1,,,,,,,,,,,,,,,,,,,,
43295,2023,09,09,30.5,20.8,,0.0,,,,,,,,,,0,,,,,,,,,,,,,,,,,,,,
43295,2023,09,10,29.5,21.2,,0.0,,,,,,,,,,0,,,,,,,,,,,,,,,,,,,,
43295,2023,09,11,29.5,21.2,04,1.2,4.8,,,,,,,,,0,0,0,0,0,0,0,0,0,,,,,,,,,,,,
43295,2023,09,12,30.3,20.8,,0.0,,,,,,,,,,0,,,,,,,,,,,,,,,,,,,,
43295,2023,09,13,29.3,21.0,,0.0,,,,,,,,,,0,,,,,,,,,,,,,,,,,,,,
43295,2023,09,14,27.7,20.0,,18.7,,,,,,,,,,1,,,,,,,,,,,,,,,,,,,,
43295,2023,09,15,27.8,20.8,,0.0,,,,,,,,,,0,,,,,,,,,,,,,,,,,,,,
43295,2023,10,01,28.1,21.1,06,0.4,4.5,5,156,,,,,,,0,0,0,0,0,0,0,0,0,,,,,,,,,,,,
43295,2023,10,02,29.3,20.2,06,0.0,4.8,0,282,,,,,,,0,0,0,0,0,0,0,0,0,,,,,,,,,,,,
43295,2023,10,03,29.7,20.4,04,0.0,5.0,0,456,,,,,,,0,0,0,0,0,0,0,0,0,,,,,,,,,,,,
43295,2023,10,04,29.8,21.0,03,0.0,5.0,0,462,,,,,,,0,1,0,0,0,0,0,0,0,5,6,005,,,,,,,,,
43295,2023,10,05,30.1,21.7,02,0.0,4.8,5,336,,,,,,,0,0,0,0,0,0,0,0,0,,,,,,,,,,,,
43295,2023,10,06,30.5,21.7,02,0.0,5.0,0,126,,,,,,,0,0,0,0,0,0,0,0,0,,,,,,,,,,,,
43295,2023,10,07,29.8,21.8,02,0.0,4.5,0,192,,,,,,,0,0,0,0,0,0,0,0,0,1,3,163,,,,,,,,,
43295,2023,10,08,29.7,21.9,01,0.0,5.0,0,132,,,,,,,0,0,0,0,0,0,0,0,0,,,,,,,,,,,,
43295,2023,10,09,,21.4,,14.0,,,,,,,,,,1,,,,,,,,,,,,,,,,,,,,
43295,2023,10,10,29.4,20.6,02,66.3,4.2,340,0,,,,,,,1,1,0,0,0,1,0,0,0,9,1,060,6,1,110,5,1,020,0,1,105
43295,2023,10,11,29.6,21.3,02,1.0,4.8,15,6,,,,,,,1,1,0,0,0,1,0,0,0,9,6,055,6,6,080,5,6,015,,,
43295,2023,10,12,28.6,21.0,01,4.5,3.5,45,6,,,,,,,0,0,0,0,0,0,0,0,0,,,,,,,,,,,,
43295,2023,10,13,29.3,19.7,01,0.0,4.6,0,294,,,,,,,0,0,0,0,0,0,0,0,0,1,2,180,,,,,,,,,
43295,2023,10,14,31.0,20.1,01,0.0,4.8,0,498,,,,,,,0,0,0,0,0,0,0,0,0,2,1,310,,,,,,,,,
43295,2023,10,15,31.3,21.6,01,1.0,5.6,90,491,,,,,,,0,0,0,0,0,0,0,0,0,,,,,,,,,,,,
43295,2023,10,16,31.2,21.5,02,0.0,5.0,0,318,,,,,,,0,0,0,0,0,0,0,0,0,1,2,160,,,,,,,,,
43295,2023,10,17,29.2,21.1,02,0.0,4.6,0,270,,,,,,,0,0,0,0,0,0,0,0,0,,,,,,,,,,,,
43295,2023,10,18,30.5,18.6,02,0.0,4.8,0,294,,,,,,,0,0,0,0,0,0,0,0,0,,,,,,,,,,,,
43295,2023,10,19,30.0,19.4,02,0.0,3.5,0,468,,,,,,,0,0,0,0,0,0,0,0,0,,,,,,,,,,,,
43295,2023,10,20,29.5,19.4,02,0.0,4.6,,438,,,,,,,0,0,0,0,0,0,0,0,0,1,2,150,,,,,,,,,
43295,2023,10,21,30.7,20.5,02,0.0,4.5,0,462,,,,,,,0,0,0,0,0,0,0,0,0,2,2,130,1,2,075,,,,,,
43295,2023,10,22,30.2,21.7,02,0.0,5.0,0,396,,,,,,,0,0,0,0,0,0,0,0,0,,,,,,,,,,,,
43295,2023,10,23,31.2,19.6,01,0.0,3.0,0,330,,,,,,,0,0,0,0,0,0,0,0,0,2,2,135,,,,,,,,,
43295,2023,10,24,30.5,17.1,01,0.0,4.0,0,522,,,,,,,0,0,0,0,0,0,0,0,0,,,,,,,,,,,,
43295,2023,10,25,31.6,17.3,01,0.0,4.5,0,576,,,,,,,0,0,0,0,0,0,0,0,0,2,2,120,1,1,270,,,,,,
43295,2023,10,26,31.4,18.4,01,0.0,4.5,0,528,,,,,,,0,0,0,0,0,0,0,0,0,2,2,240,,,,,,,,,
43295,2023,10,27,30.8,19.6,02,0.0,4.5,0,534,,,,,,,0,0,0,0,0,0,0,0,0,2,2,135,1,3,095,,,,,,
43295,2023,10,28,29.3,20.7,03,0.0,4.8,0,498,,,,,,,0,0,0,0,0,0,0,0,0,2,1,065,,,,,,,,,
43295,2023,10,29,29.8,21.4,03,0.0,4.5,0,396,,,,,,,0,0,0,0,0,0,0,0,0,,,,,,,,,,,,
43295,2023,10,30,29.5,20.4,03,0.0,4.5,0,384,,,,,,,1,0,0,0,0,1,0,0,0,9,6,060,6,6,120,2,2,165,1,2,035
43295,2023,11,01,27.2,20.4,02,0.0,4.8,,,,,,,,,0,0,0,0,0,0,0,0,0,2,2,090,1,2,040,,,,,,
43295,2023,11,02,29.2,20.4,02,,45.0,,,,,,,,,0,1,0,0,0,0,0,0,0,5,8,015,2,2,135,1,2,035,,,
43295,2023,11,03,28.5,21.2,02,0.0,4.5,,114,,,,,,,1,1,0,0,0,0,0,0,0,6,6,025,5,6,055,2,2,120,1,2,025
43295,2023,11,04,31.3,20.8,02,2.3,4.5,,438,,,,,,,1,1,0,0,0,1,0,0,0,9,6,060,6,6,090,5,7,270,,,
43295,2023,11,05,29.0,20.8,02,1.7,4.3,17,252,,,,,,,0,1,0,0,0,0,0,0,0,5,1,030,2,2,150,1,2,030,,,
43295,2023,11,06,29.0,21.7,03,,45.0,,360,,,,,,,1,1,0,0,0,1,0,0,0,9,6,295,6,6,245,5,7,025,2,2,090
43295,2023,11,07,28.7,19.1,01,71.2,,,144,,,,,,,1,1,0,0,0,1,0,0,0,9,6,190,6,1,345,5,2,430,2,3,090
43295,2023,11,08,25.6,20.5,01,29.2,3.6,,12,,,,,,,1,1,0,0,0,0,0,0,0,6,2,020,5,2,075,0,7,175,,,
43295,2023,11,09,28.2,20.6,02,0.0,48.0,0,348,,,,,,,0,0,0,0,0,0,0,0,0,,,,,,,,,,,,
43295,2023,11,10,27.6,19.8,02,,40.0,,60,,,,,,,0,0,0,0,0,0,0,0,0,2,2,080,1,2,110,,,,,,
43295,2023,11,11,27.6,18.4,02,0.0,4.8,0,276,,,,,,,0,0,0,0,0,0,0,0,0,2,1,320,1,1,080,,,,,,
43295,2023,11,12,30.0,18.3,02,0.0,4.5,0,534,,,,,,,0,0,0,0,0,0,0,0,0,2,2,160,1,2,030,,,,,,
43295,2023,11,13,28.4,17.5,02,0.0,4.5,0,,,,,,,,0,0,0,0,0,0,0,0,0,2,3,115,1,2,100,,,,,,
43295,2023,11,14,28.2,18.5,03,0.0,4.5,0,276,,,,,,,0,1,0,0,0,0,0,0,0,5,5,118,2,1,540,1,3,050,,,
43295,2023,11,15,24.7,19.4,02,0.0,4.0,,0,,,,,,,0,0,0,0,0,0,0,0,0,2,1,530,1,3,030,,,,,,
43295,2023,11,16,28.4,19.1,02,0.0,4.0,0,432,,,,,,,0,0,0,0,0,0,0,0,0,2,2,240,1,2,045,,,,,,
43295,2023,11,17,29.6,21.0,02,0.0,4.6,,,,,,,,,0,0,0,0,0,0,0,0,0,2,1,320,1,1,025,,,,,,
43295,2023,11,18,29.7,20.2,03,0.0,4.5,0,360,,,,,,,0,0,0,0,0,0,0,0,0,2,2,140,1,1,130,,,,,,
43295,2023,11,19,30.0,19.1,03,0.0,4.6,0,450,,,,,,,0,0,0,0,0,0,0,0,0,2,1,300,1,1,050,,,,,,
43295,2023,11,20,29.9,18.9,03,0.0,4.6,0,510,,,,,,,0,0,0,0,0,0,0,0,0,2,2,180,1,2,060,,,,,,
43295,2023,11,21,29.3,20.4,03,0.0,4.8,0,534,,,,,,,0,0,0,0,0,0,0,0,0,2,2,150,1,2,150,,,,,,
43295,2023,11,22,27.4,21.1,02,0.0,4.3,0,168,,,,,,,1,1,0,0,0,0,0,0,0,6,5,040,5,7,040,1,2,075,,,
43295,2023,11,23,28.3,20.8,02,1.6,4.1,20,132,,,,,,,1,1,0,0,0,0,0,0,0,6,6,030,5,6,005,2,2,180,1,2,050
43295,2023,11,24,28.0,19.9,03,0.6,4.1,30,210,,,,,,,0,1,0,0,0,0,0,0,0,5,6,005,2,2,285,1,4,015,,,
43295,2023,11,25,27.0,20.2,03,0.0,4.3,0,132,,,,,,,0,1,0,0,0,0,0,0,0,5,4,120,2,2,230,1,2,020,,,
43295,2023,11,26,26.7,18.8,03,0.0,4.1,79,156,,,,,,,0,0,0,0,0,0,0,0,0,2,1,315,1,1,035,,,,,,
43295,2023,11,27,27.1,20.2,04,0.0,4.3,0,396,,,,,,,0,0,0,0,0,0,0,0,0,,,,,,,,,,,,
43295,2023,11,28,29.0,20.0,03,0.0,4.3,0,354,,,,,,,0,0,0,0,0,0,0,0,0,2,2,015,1,2,030,,,,,,
43295,2023,11,29,28.2,20.7,02,0.0,4.8,0,264,,,,,,,0,0,0,0,0,0,0,0,0,2,2,230,1,2,020,,,,,,
43295,2023,11,30,28.5,19.7,03,0.0,4.8,0,360,,,,,,,0,1,0,0,0,0,0,0,0,5,7,005,,,,,,,,,
43295,2023,12,01,27.4,19.9,,0.0,,,,,,,,,,0,,,,,,,,,,,,,,,,,,,,
43295,2023,12,02,27.4,18.7,,0.0,,,,,,,,,,0,,,,,,,,,,,,,,,,,,,,
43295,2023,12,03,27.4,20.4,02,0.3,4.6,3,156,,,,,,,0,0,0,0,0,0,0,0,0,6,1,055,5,1,410,2,2,180,,,
43295,2023,12,04,24.5,20.2,03,0.3,3.6,,,,,,,,,0,0,0,0,0,0,0,0,0,,,,,,,,,,,,
43295,2023,12,05,28.2,19.4,,0.0,,,,,,,,,,0,,,,,,,,,,,,,,,,,,,,
43295,2023,12,06,31.2,19.4,,0.0,,,,,,,,,,0,,,,,,,,,,,,,,,,,,,,
43295,2023,12,07,31.2,20.4,01,0.0,4.8,0,330,,,,,,,0,0,0,0,0,0,0,0,0,2,2,200,,,,,,,,,
43295,2023,12,11,29.0,19.5,03,0.0,5.0,0,252,,,,,,,0,0,0,0,0,0,0,0,0,,,,,,,,,,,,
43295,2023,12,12,29.0,19.4,02,0.0,5.0,0,180,,,,,,,0,0,0,0,0,0,0,0,0,,,,,,,,,,,,
43295,2023,12,15,26.4,17.4,03,0.0,4.0,0,438,,,,,,,0,0,0,0,0,0,0,0,0,2,2,200,1,2,015,,,,,,
43295,2023,12,19,23.6,17.7,03,0.0,4.0,,,,,,,,,0,0,0,0,0,0,0,0,0,2,1,450,,,,,,,,,
43295,2023,12,23,29.2,16.3,02,0.0,4.6,0,,,,,,,,0,0,0,0,0,0,0,0,0,2,2,220,1,8,020,,,,,,
43295,2023,12,24,29.0,15.0,02,0.0,4.5,0,438,,,,,,,0,0,0,0,0,0,0,0,0,2,1,500,1,1,060,,,,,,
43295,2024,01,01,27.3,17.0,03,0.0,4.3,0,408,,,,,,,0,0,0,0,0,0,0,0,0,2,1,520,,,,,,,,,
43295,2024,01,02,28.2,18.5,03,0.0,4.3,0,366,,,,,,,0,0,0,0,0,0,0,0,0,2,1,530,1,1,120,,,,,,
43295,2024,01,03,28.2,17.4,03,0.0,4.5,0,252,,,,,,,0,0,0,0,0,0,0,0,0,2,1,300,,,,,,,,,
43295,2024,01,04,25.6,18.8,03,0.0,3.9,,,,,,,,,0,1,0,0,0,0,0,0,0,5,5,030,2,1,300,1,3,030,,,
43295,2024,01,05,25.3,18.9,03,0.0,4.5,,,,,,,,,0,1,0,0,0,0,0,0,0,5,1,035,2,1,385,1,1,125,,,
43295,2024,01,06,28.4,18.5,03,0.0,41.0,0,222,,,,,,,0,0,0,0,0,0,0,0,0,1,1,450,1,4,090,,,,,,
43295,2024,01,07,28.6,18.0,03,0.0,4.5,0,348,,,,,,,0,0,0,0,0,0,0,0,0,2,1,300,,,,,,,,,
43295,2024,01,08,29.6,19.9,04,0.0,4.0,0,372,,,,,,,1,1,0,0,0,0,0,0,0,6,5,030,5,5,165,2,1,410,,,
43295,2024,01,09,23.4,19.3,03,2.0,4.5,,,,,,,,,0,0,0,0,0,0,0,0,0,2,3,210,1,2,165,,,,,,
43295,2024,01,10,25.4,17.5,04,0.0,,,,,,,,,,0,0,0,0,0,0,0,0,0,2,1,540,,,,,,,,,
43295,2024,01,11,26.4,17.4,03,0.0,4.0,0,96,,,,,,,0,0,0,0,0,0,0,0,0,2,1,270,,,,,,,,,
43295,2024,01,12,29.6,16.9,03,0.0,4.0,0,480,,,,,,,0,0,0,0,0,0,0,0,0,2,1,450,,,,,,,,,
43295,2024,01,13,28.4,16.6,03,0.0,,0,504,,,,,,,0,0,0,0,0,0,0,0,0,,,,,,,,,,,,
43295,2024,01,14,28.0,18.0,02,0.0,,,,,,,,,,0,0,0,0,0,0,0,0,0,,,,,,,,,,,,
43295,2024,01,15,29.8,17.0,02,0.0,4.0,0,450,,,,,,,0,0,0,0,0,0,0,0,0,2,1,300,,,,,,,,,
43295,2024,01,16,29.9,17.4,02,0.0,4.0,0,432,,,,,,,0,0,0,0,0,0,0,0,0,2,1,270,,,,,,,,,
43295,2024,01,17,29.1,17.3,02,0.0,4.3,0,432,,,,,,,0,0,0,0,0,0,0,0,0,2,2,210,,,,,,,,,
43295,2024,01,18,29.1,17.1,02,0.0,,,,,,,,,,0,0,0,0,0,0,0,0,0,2,1,480,,,,,,,,,
43295,2024,01,19,29.2,17.0,02,0.0,4.0,,,,,,,,,0,0,0,0,0,0,0,0,0,2,2,290,1,1,030,,,,,,
43295,2024,01,20,29.5,17.8,03,0.0,4.8,0,324,,,,,,,0,0,0,0,0,0,0,0,0,2,1,390,,,,,,,,,
43295,2024,01,21,29.5,17.9,03,0.0,4.6,0,396,,,,,,,0,0,0,0,0,0,0,0,0,2,2,180,1,3,030,,,,,,
43295,2024,01,22,30.5,18.5,02,0.0,47.0,0,438,,,,,,,0,0,0,0,0,0,0,0,0,2,1,570,,,,,,,,,
43295,2024,01,23,30.6,16.3,03,0.0,4.5,0,444,,,,,,,0,0,0,0,0,0,0,0,0,2,1,210,,,,,,,,,
43295,2024,01,24,30.4,17.9,02,0.0,4.8,0,474,,,,,,,0,0,0,0,0,0,0,0,0,2,2,210,,,,,,,,,
43295,2024,01,25,30.0,18.9,03,0.0,4.5,0,318,,,,,,,0,0,0,0,0,0,0,0,0,,,,,,,,,,,,
43295,2024,01,26,29.5,17.5,03,0.0,42.0,0,360,,,,,,,0,0,0,0,0,0,0,0,0,2,1,510,,,,,,,,,
43295,2024,01,27,29.5,16.2,03,0.0,4.5,,,,,,,,,0,0,0,0,0,0,0,0,0,2,2,270,,,,,,,,,
43295,2024,01,28,28.7,17.5,03,0.0,4.6,0,480,,,,,,,0,0,0,0,0,0,0,0,0,2,1,480,,,,,,,,,
43295,2024,01,29,28.5,17.6,03,0.0,4.5,0,468,,,,,,,0,0,0,0,0,0,0,0,0,2,2,240,1,1,030,,,,,,
43295,2024,01,30,29.0,16.3,03,0.0,45.0,0,491,,,,,,,0,0,0,0,0,0,0,0,0,2,1,210,,,,,,,,,
43295,2024,01,31,30.4,16.4,02,0.0,4.5,0,468,,,,,,,0,0,0,0,0,0,0,0,0,2,2,210,1,3,060,,,,,,
43295,2024,02,01,31.6,19.3,02,0.0,5.0,0,474,,,,,,,0,0,0,0,0,0,0,0,0,,,,,,,,,,,,
43295,2024,02,02,31.4,20.1,02,0.0,4.8,0,480,,,,,,,0,0,0,0,0,0,0,0,0,2,1,270,,,,,,,,,
43295,2024,02,03,31.3,20.2,02,0.0,4.5,0,426,,,,,,,0,0,0,0,0,0,0,0,0,2,1,240,1,1,060,,,,,,
43295,2024,02,04,30.6,18.6,03,0.0,4.5,0,282,,,,,,,0,0,0,0,0,0,0,0,0,2,1,240,1,1,040,,,,,,
43295,2024,02,05,31.4,18.3,03,0.0,4.5,0,498,,,,,,,0,0,0,0,0,0,0,0,0,,,,,,,,,,,,
43295,2024,02,06,31.8,18.1,03,0.0,4.8,0,534,,,,,,,0,0,0,0,0,0,0,0,0,2,2,270,,,,,,,,,
43295,2024,02,07,33.1,17.4,03,0.0,4.5,0,534,,,,,,,0,0,0,0,0,0,0,0,0,2,1,300,1,1,030,,,,,,
43295,2024,02,08,34.1,18.4,03,0.0,4.5,0,552,,,,,,,0,0,0,0,0,0,0,0,0,,,,,,,,,,,,
43295,2024,02,09,34.2,18.4,02,0.0,4.5,0,432,,,,,,,0,0,0,0,0,0,0,0,0,2,1,240,,,,,,,,,
43295,2024,02,10,33.2,19.2,03,0.0,4.5,0,540,,,,,,,0,0,0,0,0,0,0,0,0,2,1,240,,,,,,,,,
43295,2024,02,11,31.2,18.0,04,0.0,4.5,0,486,,,,,,,0,0,0,0,0,0,0,0,0,2,1,240,,,,,,,,,
43295,2024,02,12,31.0,16.5,03,0.0,4.5,0,498,,,,,,,0,0,0,0,0,0,0,0,0,2,1,240,,,,,,,,,
43295,2024,02,13,32.0,17.2,04,0.0,5.8,0,,,,,,,,0,0,0,0,0,0,0,0,0,2,1,390,1,1,010,,,,,,
43295,2024,02,14,31.0,18.6,03,0.0,48.0,0,486,,,,,,,0,0,0,0,0,0,0,0,0,2,1,390,,,,,,,,,
43295,2024,02,15,31.2,17.9,03,0.0,4.5,0,491,,,,,,,0,0,0,0,0,0,0,0,0,2,1,360,,,,,,,,,
43295,2024,02,16,31.4,18.2,04,0.0,4.5,0,438,,,,,,,0,0,0,0,0,0,0,0,0,,,,,,,,,,,,
43295,2024,02,17,30.4,17.7,04,0.0,4.5,0,510,,,,,,,0,0,0,0,0,0,0,0,0,2,2,210,1,1,060,,,,,,
43295,2024,02,18,32.0,18.3,03,0.0,48.0,0,558,,,,,,,0,0,0,0,0,0,0,0,0,2,2,300,1,1,120,,,,,,
43295,2024,02,19,32.6,18.4,03,0.0,5.2,0,510,,,,,,,0,0,0,0,0,0,0,0,0,,,,,,,,,,,,
43295,2024,02,20,33.0,19.4,03,0.0,5.0,0,510,,,,,,,0,0,0,0,0,0,0,0,0,,,,,,,,,,,,
43295,2024,02,21,33.0,21.4,03,0.0,5.0,0,522,,,,,,,0,0,0,0,0,0,0,0,0,,,,,,,,,,,,
43295,2024,02,22,32.8,21.8,03,0.0,4.6,0,414,,,,,,,0,0,0,0,0,0,0,0,0,,,,,,,,,,,,
43295,2024,02,23,33.4,21.0,02,0.0,4.5,0,456,,,,,,,0,0,0,0,0,0,0,0,0,,,,,,,,,,,,
43295,2024,02,24,34.5,21.6,02,0.0,5.7,0,498,,,,,,,0,0,0,0,0,0,0,0,0,,,,,,,,,,,,
43295,2024,02,25,32.5,21.0,04,0.0,5.5,0,330,,,,,,,0,0,0,0,0,0,0,0,0,,,,,,,,,,,,
43295,2024,02,26,32.0,19.0,04,0.0,50.0,0,378,,,,,,,0,0,0,0,0,0,0,0,0,,,,,,,,,,,,
43295,2024,02,27,31.2,20.0,05,0.0,4.5,0,522,,,,,,,0,0,0,0,0,0,0,0,0,,,,,,,,,,,,
43295,2024,02,28,31.5,19.0,04,0.0,4.8,,,,,,,,,0,0,0,0,0,0,0,0,0,,,,,,,,,,,,
43295,2024,02,29,33.3,18.1,03,0.0,4.8,0,516,,,,,,,0,0,0,0,0,0,0,0,0,,,,,,,,,,,,
43295,2024,03,01,33.5,18.6,03,0.0,,,,,,,,,,0,0,0,0,0,0,0,0,0,,,,,,,,,,,,
43295,2024,03,02,32.8,19.4,03,0.0,5.2,0,516,,,,,,,0,0,0,0,0,0,0,0,0,,,,,,,,,,,,
43295,2024,03,03,33.1,20.0,03,0.0,5.0,0,360,,,,,,,0,0,0,0,0,0,0,0,0,,,,,,,,,,,,
43295,2024,03,04,33.0,20.3,02,0.0,5.0,0,444,,,,,,,0,0,0,0,0,0,0,0,0,,,,,,,,,,,,
43295,2024,03,05,34.8,20.5,02,0.0,50.0,0,450,,,,,,,0,0,0,0,0,0,0,0,0,,,,,,,,,,,,
43295,2024,03,06,36.0,22.2,03,0.0,,,,,,,,,,0,0,0,0,0,0,0,0,0,,,,,,,,,,,,
43295,2024,03,07,34.5,21.4,02,0.0,5.4,0,438,,,,,,,0,0,0,0,0,0,0,0,0,,,,,,,,,,,,
43295,2024,03,08,34.8,21.5,02,0.0,5.4,0,468,,,,,,,0,0,0,0,0,0,0,0,0,,,,,,,,,,,,
43295,2024,03,09,34.5,23.3,02,0.0,5.4,0,438,,,,,,,0,0,0,0,0,0,0,0,0,,,,,,,,,,,,
43295,2024,03,10,35.1,23.0,03,0.0,5.4,0,294,,,,,,,0,0,0,0,0,0,0,0,0,,,,,,,,,,,,
43295,2024,03,11,34.2,21.6,04,0.0,5.2,0,348,,,,,,,0,0,0,0,0,0,0,0,0,,,,,,,,,,,,
43295,2024,03,12,34.0,21.8,03,0.0,5.1,0,432,,,,,,,0,0,0,0,0,0,0,0,0,,,,,,,,,,,,
43295,2024,03,13,34.6,22.0,03,0.0,5.0,0,408,,,,,,,0,0,0,0,0,0,0,0,0,,,,,,,,,,,,
43295,2024,03,14,34.2,23.5,03,0.0,5.2,0,384,,,,,,,0,0,0,0,0,0,0,0,0,,,,,,,,,,,,
43295,2024,03,15,34.6,24.2,03,0.0,5.4,0,156,,,,,,,0,0,0,0,0,0,0,0,0,,,,,,,,,,,,
43295,2024,03,16,35.1,24.0,03,0.0,5.3,0,288,,,,,,,0,0,0,0,0,0,0,0,0,,,,,,,,,,,,
43295,2024,03,17,34.5,22.1,03,0.0,5.0,0,312,,,,,,,0,0,0,0,0,0,0,0,0,,,,,,,,,,,,
43295,2024,03,18,34.4,22.2,03,0.0,5.2,0,432,,,,,,,0,0,0,0,0,0,0,0,0,,,,,,,,,,,,
43295,2024,03,19,34.1,22.3,03,0.0,5.2,,420,,,,,,,0,0,0,0,0,0,0,0,0,,,,,,,,,,,,
43295,2024,03,20,34.5,21.0,03,0.0,5.1,0,330,,,,,,,0,0,0,0,0,0,0,0,0,,,,,,,,,,,,
43295,2024,03,21,34.6,20.5,04,0.0,5.2,0,396,,,,,,,0,0,0,0,0,0,0,0,0,,,,,,,,,,,,
43295,2024,03,22,32.6,21.2,04,0.0,5.0,0,450,,,,,,,0,0,0,0,0,0,0,0,0,,,,,,,,,,,,
43295,2024,03,23,33.0,21.3,02,0.0,5.0,,324,,,,,,,0,0,0,0,0,0,0,0,0,,,,,,,,,,,,
43295,2024,03,24,34.6,21.2,03,0.0,5.1,0,462,,,,,,,0,0,0,0,0,0,0,0,0,,,,,,,,,,,,
43295,2024,03,25,35.4,21.0,03,0.0,5.6,,,,,,,,,0,0,0,0,0,0,0,0,0,,,,,,,,,,,,
43295,2024,03,26,35.2,21.0,03,0.0,5.0,0,462,,,,,,,0,0,0,0,0,0,0,0,0,,,,,,,,,,,,
43295,2024,03,27,35.6,21.0,03,0.0,5.0,,468,,,,,,,0,0,0,0,0,0,0,0,0,,,,,,,,,,,,
43295,2024,03,28,35.2,22.0,03,0.0,5.2,,,,,,,,,0,0,0,0,0,0,0,0,0,,,,,,,,,,,,
43295,2024,03,29,36.0,23.6,03,0.0,5.7,,,,,,,,,0,0,0,0,0,0,0,0,0,,,,,,,,,,,,
43295,2024,03,30,36.4,23.2,03,0.0,5.0,0,456,,,,,,,0,0,0,0,0,0,0,0,0,,,,,,,,,,,,
43295,2024,03,31,36.6,22.6,03,0.0,5.0,0,480,,,,,,,0,0,0,0,0,0,0,0,0,,,,,,,,,,,,
43295,2024,04,01,35.4,23.4,03,0.0,5.2,0,510,,,,,,,0,0,0,0,0,0,0,0,0,,,,,,,,,,,,
43295,2024,04,02,35.1,24.5,02,0.0,5.8,,,,,,,,,0,0,0,0,0,0,0,0,0,,,,,,,,,,,,
43295,2024,04,03,37.2,24.3,03,0.0,5.1,,,,,,,,,0,0,0,0,0,0,0,0,0,,,,,,,,,,,,
43295,2024,04,04,36.6,22.4,03,0.0,5.3,0,408,,,,,,,0,0,0,0,0,0,0,0,0,,,,,,,,,,,,
43295,2024,04,05,37.0,24.0,03,0.0,5.2,0,480,,,,,,,0,0,0,0,0,0,0,0,0,,,,,,,,,,,,
43295,2024,04,06,37.0,23.6,03,0.0,5.2,0,480,,,,,,,0,0,0,0,0,0,0,0,0,,,,,,,,,,,,
43295,2024,04,07,37.6,24.0,02,0.0,5.0,0,378,,,,,,,0,0,0,0,0,0,0,0,0,,,,,,,,,,,,
43295,2024,04,08,37.2,24.0,03,0.0,5.4,0,480,,,,,,,0,0,0,0,0,0,0,0,0,,,,,,,,,,,,
43295,2024,04,09,37.0,22.5,04,0.0,5.2,0,504,,,,,,,0,0,0,0,0,0,0,0,0,,,,,,,,,,,,
43295,2024,04,10,35.2,22.5,04,0.0,5.2,0,516,,,,,,,0,0,0,0,0,0,0,0,0,,,,,,,,,,,,
43295,2024,04,11,36.0,21.6,03,0.0,5.1,,,,,,,,,0,0,0,0,0,0,0,0,0,,,,,,,,,,,,
43295,2024,04,12,35.8,22.6,04,0.0,5.2,0,516,,,,,,,0,0,0,0,0,0,0,0,0,,,,,,,,,,,,
43295,2024,04,13,34.6,22.5,04,0.0,5.2,0,474,,,,,,,0,0,0,0,0,0,0,0,0,,,,,,,,,,,,
43295,2024,04,14,34.5,22.3,03,0.0,5.1,,,,,,,,,0,0,0,0,0,0,0,0,0,,,,,,,,,,,,
43295,2024,04,15,35.4,22.0,03,0.0,5.3,0,528,,,,,,,0,0,0,0,0,0,0,0,0,,,,,,,,,,,,
43295,2024,04,16,35.9,21.6,04,0.0,5.7,0,516,,,,,,,0,0,0,0,0,0,0,0,0,,,,,,,,,,,,
43295,2024,04,17,36.7,24.5,03,0.0,5.0,0,504,,,,,,,0,0,0,0,0,0,0,0,0,,,,,,,,,,,,
43295,2024,04,18,35.8,24.4,02,0.0,5.2,0,102,,,,,,,0,0,0,0,0,0,0,0,0,,,,,,,,,,,,
43295,2024,04,19,37.2,24.4,03,0.0,5.5,0,438,,,,,,,0,0,0,0,0,0,0,0,0,,,,,,,,,,,,
43295,2024,04,20,36.6,24.2,03,0.0,5.2,0,30,,,,,,,0,0,0,0,0,0,0,0,0,,,,,,,,,,,,
43295,2024,04,21,34.0,24.2,02,0.0,5.0,0,0,,,,,,,0,0,0,0,0,0,0,0,0,,,,,,,,,,,,
43295,2024,04,22,37.4,25.2,03,,5.5,0,450,,,,,,,0,0,0,0,0,0,0,0,0,,,,,,,,,,,,
43295,2024,04,23,37.2,24.8,02,0.0,5.5,0,498,,,,,,,0,0,0,0,0,0,0,0,0,,,,,,,,,,,,
43295,2024,04,24,37.6,23.4,04,,,,,,,,,,,0,0,0,0,0,0,0,0,0,,,,,,,,,,,,
43295,2024,04,25,37.0,24.8,03,0.0,5.2,0,450,,,,,,,0,0,0,0,0,0,0,0,0,,,,,,,,,,,,
43295,2024,04,26,37.4,24.4,03,0.0,5.0,0,264,,,,,,,0,0,0,0,0,0,0,0,0,,,,,,,,,,,,
43295,2024,04,27,37.4,23.4,03,0.0,5.5,0,438,,,,,,,0,0,0,0,0,0,0,0,0,,,,,,,,,,,,
43295,2024,04,28,38.0,23.4,03,0.0,,,,,,,,,,0,0,0,0,0,0,0,0,0,,,,,,,,,,,,
43295,2024,04,29,38.5,25.0,03,0.0,5.0,0,504,,,,,,,0,0,0,0,0,0,0,0,0,,,,,,,,,,,,
43295,2024,04,30,37.8,25.2,02,0.0,5.2,0,504,,,,,,,0,0,0,0,0,0,0,0,0,,,,,,,,,,,,
43295,2024,05,01,38.2,24.8,04,0.0,5.5,0,498,,,,,,,0,0,0,0,0,0,0,0,0,,,,,,,,,,,,
43295,2024,05,02,38.1,25.5,03,0.0,5.2,0,378,,,,,,,0,0,0,0,0,0,0,0,0,,,,,,,,,,,,
43295,2024,05,03,37.0,26.4,,0.0,,,,,,,,,,0,,,,,,,,,,,,,,,,,,,,
43295,2024,05,04,37.0,23.3,03,17.2,4.0,65,228,,,,,,,0,0,0,0,0,0,0,0,0,,,,,,,,,,,,
43295,2024,05,05,37.0,24.1,,0.0,,,,,,,,,,0,,,,,,,,,,,,,,,,,,,,
43295,2024,05,06,36.3,24.2,,0.0,,,,,,,,,,0,,,,,,,,,,,,,,,,,,,,
43295,2024,05,07,33.8,21.3,,19.5,,,,,,,,,,1,,,,,,,,,,,,,,,,,,,,
43295,2024,05,08,34.2,21.2,,,,,,,,,,,,,,,,,,,,,,,,,,,,,,,,
43295,2024,05,09,33.6,20.2,,17.9,,,,,,,,,,1,,,,,,,,,,,,,,,,,,,,
43295,2024,05,10,31.9,21.8,,,,,,,,,,,,,,,,,,,,,,,,,,,,,,,,
43295,2024,05,11,32.6,21.0,,,,,,,,,,,,,,,,,,,,,,,,,,,,,,,,
43295,2024,05,12,32.6,24.0,02,0.0,5.0,,354,,,,,,,0,0,0,0,0,0,0,0,0,9,6,013,5,6,025,,,,,,
43295,2024,05,13,30.4,21.0,,14.4,,,,,,,,,,1,,,,,,,,,,,,,,,,,,,,
43295,2024,05,14,31.4,20.2,,26.0,,,,,,,,,,1,,,,,,,,,,,,,,,,,,,,
43295,2024,05,15,31.8,,,,,,,,,,,,,,,,,,,,,,,,,,,,,,,,,
43295,2024,05,16,31.8,23.2,03,0.0,4.7,,192,,,,,,,0,0,0,0,0,0,0,0,0,5,4,030,,,,,,,,,
43295,2024,05,17,29.2,22.1,,19.1,,,,,,,,,,1,,,,,,,,,,,,,,,,,,,,
43295,2024,05,18,29.3,22.0,,0.0,,,,,,,,,,0,,,,,,,,,,,,,,,,,,,,
43295,2024,05,19,28.6,22.0,,30.3,,,,,,,,,,1,,,,,,,,,,,,,,,,,,,,
43295,2024,05,20,28.6,22.0,01,18.0,3.0,,48,,,,,,,0,0,0,0,0,0,0,0,0,5,8,075,0,7,195,,,,,,
43295,2024,05,21,29.1,21.7,02,2.2,4.7,175,72,,,,,,,0,0,0,0,0,0,0,0,0,6,1,080,5,1,130,,,,,,
43295,2024,05,22,31.8,22.1,,0.0,,,,,,,,,,0,,,,,,,,,,,,,,,,,,,,
43295,2024,05,23,33.4,22.0,,0.2,,,,,,,,,,1,,,,,,,,,,,,,,,,,,,,
43295,2024,05,24,32.0,24.0,,0.0,,,,,,,,,,0,,,,,,,,,,,,,,,,,,,,
43295,2024,05,25,32.0,21.6,03,1.1,4.8,75,12,,,,,,,0,0,0,0,0,0,0,0,0,,,,,,,,,,,,
43295,2024,05,26,30.2,21.6,,0.0,,,,,,,,,,0,,,,,,,,,,,,,,,,,,,,
43295,2024,05,27,31.6,21.9,,0.0,,,,,,,,,,0,,,,,,,,,,,,,,,,,,,,
43295,2024,05,28,31.6,22.4,05,0.0,5.0,0,282,,,,,,,0,0,0,0,0,0,0,0,0,,,,,,,,,,,,
43295,2024,05,29,31.2,22.2,04,0.0,5.0,0,162,,,,,,,0,0,0,0,0,0,0,0,0,,,,,,,,,,,,
43295,2024,05,30,33.0,22.0,,0.0,,,,,,,,,,0,,,,,,,,,,,,,,,,,,,,
43295,2024,05,31,35.4,23.3,,0.0,,,,,,,,,,0,,,,,,,,,,,,,,,,,,,,
43295,2024,06,01,33.8,24.6,,0.0,,,,,,,,,,0,,,,,0,,0,,,,,,,,,,,,,
43295,2024,06,02,31.8,20.4,,29.6,,,,,,,,,,1,,,,,1,,0,,,,,,,,,,,,,
43295,2024,06,03,29.5,19.3,,111.1,,,,,,,,,,1,,,,,1,,0,,,,,,,,,,,,,
43295,2024,06,04,31.4,21.9,,0.0,,,,,,,,,,0,,,,,0,,0,,,,,,,,,,,,,
43295,2024,06,05,31.2,23.0,,0.5,,,,,,,,,,1,,,,,0,,0,,,,,,,,,,,,,
43295,2024,06,06,29.6,21.6,,6.1,,,,,,,,,,1,,,,,0,,0,,,,,,,,,,,,,
43295,2024,06,07,29.0,21.8,,4.7,,,,,,,,,,1,,,,,0,,0,,,,,,,,,,,,,
43295,2024,06,08,29.6,21.4,,14.5,,,,,,,,,,1,,,,,1,,0,,,,,,,,,,,,,
43295,2024,06,09,29.6,20.8,,0.0,,,,,,,,,,0,,,,,0,,0,,,,,,,,,,,,,
43295,2024,06,10,27.1,21.2,,9.0,,,,,,,,,,1,,,,,0,,0,,,,,,,,,,,,,
43295,2024,06,11,29.2,21.6,,3.2,,,,,,,,,,1,,,,,0,,0,,,,,,,,,,,,,
43295,2024,06,12,29.0,21.5,,3.1,,,,,,,,,,1,,,,,0,,0,,,,,,,,,,,,,
43295,2024,06,13,29.6,21.2,,0.0,,,,,,,,,,0,,,,,0,,0,,,,,,,,,,,,,
43295,2024,06,14,29.1,21.0,,4.3,,,,,,,,,,1,,,,,0,,0,,,,,,,,,,,,,
43295,2024,06,15,30.0,21.1,,0.0,,,,,,,,,,0,,,,,0,,0,,,,,,,,,,,,,
43295,2024,06,16,30.1,21.0,,0.0,,,,,,,,,,0,,,,,0,,0,,,,,,,,,,,,,
43295,2024,06,17,30.8,21.5,,0.0,,,,,,,,,,0,,,,,0,,0,,,,,,,,,,,,,
43295,2024,06,18,30.3,22.0,,2.3,,,,,,,,,,1,,,,,0,,0,,,,,,,,,,,,,
43295,2024,06,19,31.0,22.2,,0.4,,,,,,,,,,1,,,,,0,,0,,,,,,,,,,,,,
43295,2024,06,20,30.8,22.0,,0.0,,,,,,,,,,0,,,,,0,,0,,,,,,,,,,,,,
43295,2024,06,21,29.2,20.8,,13.8,,,,,,,,,,1,,,,,0,,0,,,,,,,,,,,,,
43295,2024,06,22,28.6,21.0,,0.0,,,,,,,,,,0,,,,,0,,0,,,,,,,,,,,,,
43295,2024,06,23,30.3,21.2,,0.0,,,,,,,,,,0,,,,,0,,0,,,,,,,,,,,,,
43295,2024,06,24,28.5,20.9,,0.0,,,,,,,,,,0,,,,,0,,0,,,,,,,,,,,,,
43295,2024,06,25,29.9,21.5,,0.0,,,,,,,,,,0,,,,,0,,0,,,,,,,,,,,,,
43295,2024,06,26,27.8,21.5,,0.2,,,,,,,,,,1,,,,,0,,0,,,,,,,,,,,,,
43295,2024,06,27,26.4,21.4,,0.0,,,,,,,,,,0,,,,,0,,0,,,,,,,,,,,,,
43295,2024,06,28,29.7,21.3,,0.1,,,,,,,,,,1,,,,,0,,0,,,,,,,,,,,,,
43295,2024,06,29,29.7,21.1,,1.3,,,,,,,,,,1,,,,,0,,0,,,,,,,,,,,,,
43295,2024,06,30,27.8,21.8,,0.0,,,,,,,,,,0,,,,,0,,0,,,,,,,,,,,,,
43295,2024,07,01,27.4,21.8,,2.9,,,,,,,,,,1,,,,,0,,0,,,,,,,,,,,,,
43295,2024,07,02,28.4,21.3,,2.0,,,,,,,,,,1,,,,,0,,0,,,,,,,,,,,,,
43295,2024,07,03,28.8,21.8,,0.0,,,,,,,,,,0,,,,,0,,0,,,,,,,,,,,,,
43295,2024,07,04,28.6,21.4,,3.0,,,,,,,,,,1,,,,,0,,0,,,,,,,,,,,,,
43295,2024,07,05,29.5,21.4,,0.0,,,,,,,,,,0,,,,,0,,0,,,,,,,,,,,,,
43295,2024,07,06,27.8,20.4,,2.1,,,,,,,,,,1,,,,,0,,0,,,,,,,,,,,,,
43295,2024,07,07,28.8,21.2,,0.0,,,,,,,,,,0,,,,,0,,0,,,,,,,,,,,,,
43295,2024,07,08,26.4,21.0,,3.5,,,,,,,,,,1,,,,,0,,0,,,,,,,,,,,,,
43295,2024,07,09,26.1,19.8,,22.3,,,,,,,,,,1,,,,,1,,0,,,,,,,,,,,,,
43295,2024,07,10,30.2,20.2,,0.0,,,,,,,,,,0,,,,,0,,0,,,,,,,,,,,,,
43295,2024,07,11,29.6,21.5,,0.0,,,,,,,,,,0,,,,,0,,0,,,,,,,,,,,,,
43295,2024,07,12,31.0,21.4,,0.0,,,,,,,,,,0,,,,,0,,0,,,,,,,,,,,,,
43295,2024,07,13,28.0,,,16.3,,,,,,,,,,1,,,,,0,,0,,,,,,,,,,,,,
43295,2024,07,14,26.4,21.5,,0.0,,,,,,,,,,0,,,,,0,,0,,,,,,,,,,,,,
43295,2024,07,15,24.1,,,2.0,,,,,,,,,,1,,,,,0,,0,,,,,,,,,,,,,
43295,2024,07,16,25.7,20.2,,9.4,,,,,,,,,,1,,,,,0,,0,,,,,,,,,,,,,
43295,2024,07,17,27.6,20.0,,0.2,,,,,,,,,,1,,,,,0,,0,,,,,,,,,,,,,
43295,2024,07,18,27.0,21.0,,0.2,,,,,,,,,,1,,,,,0,,0,,,,,,,,,,,,,
43295,2024,07,19,23.8,20.2,,5.0,,,,,,,,,,1,,,,,0,,0,,,,,,,,,,,,,
43295,2024,07,20,26.6,19.8,,3.5,,,,,,,,,,1,,,,,0,,0,,,,,,,,,,,,,
43295,2024,07,21,26.2,20.6,,0.0,,,,,,,,,,0,,,,,0,,0,,,,,,,,,,,,,
43295,2024,07,22,26.5,20.4,,5.4,,,,,,,,,,1,,,,,0,,0,,,,,,,,,,,,,
43295,2024,07,23,27.0,21.0,,0.2,,,,,,,,,,1,,,,,0,,0,,,,,,,,,,,,,
43295,2024,07,24,25.5,20.2,,1.3,,,,,,,,,,1,,,,,0,,0,,,,,,,,,,,,,
43295,2024,07,25,26.0,20.2,,3.6,,,,,,,,,,1,,,,,0,,0,,,,,,,,,,,,,
43295,2024,07,26,26.6,20.3,,0.5,,,,,,,,,,1,,,,,0,,0,,,,,,,,,,,,,
43295,2024,07,27,28.3,20.4,,2.0,,,,,,,,,,1,,,,,0,,0,,,,,,,,,,,,,
43295,2024,07,28,26.0,21.2,,0.0,,,,,,,,,,0,,,,,0,,0,,,,,,,,,,,,,
43295,2024,07,29,28.1,21.0,,0.0,,,,,,,,,,0,,,,,0,,0,,,,,,,,,,,,,
43295,2024,07,30,26.3,21.0,,1.2,,,,,,,,,,1,,,,,0,,0,,,,,,,,,,,,,
43295,2024,07,31,27.2,20.2,,6.4,,,,,,,,,,1,,,,,0,,0,,,,,,,,,,,,,
43295,2024,10,01,32.0,22.0,,0.0,,,,,,,,,,0,,,,,0,,0,,,,,,,,,,,,,
43295,2024,10,02,32.8,23.0,,0.0,,,,,,,,,,0,,,,,0,,0,,,,,,,,,,,,,
43295,2024,10,03,29.0,19.8,,20.7,,,,,,,,,,1,,,,,1,,0,,,,,,,,,,,,,
43295,2024,10,04,29.4,21.2,,8.4,,,,,,,,,,1,,,,,1,,0,,,,,,,,,,,,,
43295,2024,10,05,28.5,20.2,,10.8,,,,,,,,,,1,,,,,1,,0,,,,,,,,,,,,,
43295,2024,10,06,29.4,20.4,,24.8,,,,,,,,,,1,,,,,1,,0,,,,,,,,,,,,,
43295,2024,10,07,29.4,21.8,,0.0,,,,,,,,,,0,,,,,0,,0,,,,,,,,,,,,,
43295,2024,10,08,29.6,21.5,,0.6,,,,,,,,,,1,,,,,0,,0,,,,,,,,,,,,,
43295,2024,10,09,29.3,21.4,,0.1,,,,,,,,,,1,,,,,0,,0,,,,,,,,,,,,,
43295,2024,10,10,28.8,21.6,,0.0,,,,,,,,,,0,,,,,0,,0,,,,,,,,,,,,,
43295,2024,10,11,29.0,21.2,,2.5,,,,,,,,,,1,,,,,1,,0,,,,,,,,,,,,,
43295,2024,10,12,29.1,20.9,,0.2,,,,,,,,,,1,,,,,0,,0,,,,,,,,,,,,,
43295,2024,10,13,27.4,21.2,,4.0,,,,,,,,,,1,,,,,0,,0,,,,,,,,,,,,,
43295,2024,10,14,25.4,20.7,,3.3,,,,,,,,,,1,,,,,0,,0,,,,,,,,,,,,,
43295,2024,10,15,21.9,20.2,,16.2,,,,,,,,,,1,,,,,0,,0,,,,,,,,,,,,,
43295,2024,10,16,22.5,19.6,,66.1,,,,,,,,,,1,,,,,0,,0,,,,,,,,,,,,,
43295,2024,10,17,28.2,19.4,,5.3,,,,,,,,,,1,,,,,0,,0,,,,,,,,,,,,,
43295,2024,10,18,28.4,20.2,,0.0,,,,,,,,,,0,,,,,0,,0,,,,,,,,,,,,,
43295,2024,10,19,25.7,21.4,,0.8,,,,,,,,,,1,,,,,0,,0,,,,,,,,,,,,,
43295,2024,10,20,29.2,20.9,,20.2,,,,,,,,,,1,,,,,1,,0,,,,,,,,,,,,,
43295,2024,10,21,28.4,20.7,,61.9,,,,,,,,,,1,,,,,1,,0,,,,,,,,,,,,,
43295,2024,10,22,28.4,19.8,,17.1,,,,,,,,,,1,,,,,1,,0,,,,,,,,,,,,,
43295,2024,10,23,30.0,20.6,,23.6,,,,,,,,,,1,,,,,1,,0,,,,,,,,,,,,,
43295,2024,10,24,26.7,19.9,,13.6,,,,,,,,,,1,,,,,1,,0,,,,,,,,,,,,,
43295,2024,10,25,28.4,20.5,,0.0,,,,,,,,,,0,,,,,0,,0,,,,,,,,,,,,,
43295,2024,10,26,29.6,20.2,,0.0,,,,,,,,,,0,,,,,0,,0,,,,,,,,,,,,,
43295,2024,10,27,27.7,19.4,,0.0,,,,,,,,,,0,,,,,0,,0,,,,,,,,,,,,,
43295,2024,10,28,30.5,20.3,,0.0,,,,,,,,,,0,,,,,0,,0,,,,,,,,,,,,,
43295,2024,10,29,30.0,20.8,,0.0,,,,,,,,,,0,,,,,0,,0,,,,,,,,,,,,,
43295,2024,10,30,27.6,21.5,,0.0,,,,,,,,,,0,,,,,0,,0,,,,,,,,,,,,,
43295,2024,10,31,28.3,21.1,,3.8,,,,,,,,,,1,,,,,1,,0,,,,,,,,,,,,,
43295,2024,11,01,29.7,21.3,,0.1,,,,,,,,,,1,,,,,0,,0,,,,,,,,,,,,,
43295,2024,11,02,29.4,21.0,,0.3,,,,,,,,,,1,,,,,0,,0,,,,,,,,,,,,,
43295,2024,11,03,29.2,20.4,,1.0,,,,,,,,,,1,,,,,1,,0,,,,,,,,,,,,,
43295,2024,11,04,29.3,20.9,,0.0,,,,,,,,,,0,,,,,0,,0,,,,,,,,,,,,,
43295,2024,11,05,28.7,19.3,,0.7,,,,,,,,,,1,,,,,0,,0,,,,,,,,,,,,,
43295,2024,11,06,29.2,18.6,,0.0,,,,,,,,,,0,,,,,0,,0,,,,,,,,,,,,,
43295,2024,11,07,26.8,20.4,,0.0,,,,,,,,,,0,,,,,0,,0,,,,,,,,,,,,,
43295,2024,11,08,30.0,19.2,,0.0,,,,,,,,,,0,,,,,0,,0,,,,,,,,,,,,,
43295,2024,11,09,29.2,19.7,,0.0,,,,,,,,,,0,,,,,0,,0,,,,,,,,,,,,,
43295,2024,11,10,29.2,19.4,,0.0,,,,,,,,,,0,,,,,0,,0,,,,,,,,,,,,,
43295,2024,11,11,28.8,20.3,,0.0,,,,,,,,,,0,,,,,0,,0,,,,,,,,,,,,,
43295,2024,11,12,25.4,21.6,,0.0,,,,,,,,,,0,,,,,0,,0,,,,,,,,,,,,,
43295,2024,11,13,27.4,20.6,,0.7,,,,,,,,,,1,,,,,0,,0,,,,,,,,,,,,,
43295,2024,11,14,24.8,21.2,,0.0,,,,,,,,,,0,,,,,0,,0,,,,,,,,,,,,,
43295,2024,11,15,28.8,20.4,,3.7,,,,,,,,,,1,,,,,0,,0,,,,,,,,,,,,,
43295,2024,11,16,27.8,20.4,,11.5,,,,,,,,,,1,,,,,1,,0,,,,,,,,,,,,,
43295,2024,11,17,27.4,20.3,,3.0,,,,,,,,,,1,,,,,0,,0,,,,,,,,,,,,,
43295,2024,11,18,27.6,20.3,,0.0,,,,,,,,,,0,,,,,0,,0,,,,,,,,,,,,,
43295,2024,11,19,27.4,19.3,,0.0,,,,,,,,,,0,,,,,0,,0,,,,,,,,,,,,,
43295,2024,11,20,27.8,18.8,,0.0,,,,,,,,,,0,,,,,0,,0,,,,,,,,,,,,,
43295,2024,11,21,27.0,18.8,,0.0,,,,,,,,,,0,,,,,0,,0,,,,,,,,,,,,,
43295,2024,11,22,29.5,17.4,,0.0,,,,,,,,,,0,,,,,0,,0,,,,,,,,,,,,,
43295,2024,11,23,28.3,17.7,,0.0,,,,,,,,,,0,,,,,0,,0,,,,,,,,,,,,,
43295,2024,11,24,28.4,18.8,,0.0,,,,,,,,,,0,,,,,0,,0,,,,,,,,,,,,,
43295,2024,11,25,27.6,18.5,,0.0,,,,,,,,,,0,,,,,0,,0,,,,,,,,,,,,,
43295,2024,11,26,24.4,18.4,,0.0,,,,,,,,,,0,,,,,0,,0,,,,,,,,,,,,,
43295,2024,11,27,24.2,18.1,,0.6,,,,,,,,,,1,,,,,0,,0,,,,,,,,,,,,,
43295,2024,11,28,27.5,17.3,,0.0,,,,,,,,,,0,,,,,0,,0,,,,,,,,,,,,,
43295,2024,11,29,27.5,18.3,,0.0,,,,,,,,,,0,,,,,0,,0,,,,,,,,,,,,,
43295,2024,11,30,22.6,20.3,,0.0,,,,,,,,,,0,,,,,0,,0,,,,,,,,,,,,,
43295,2024,12,01,22.4,19.5,,4.4,,,,,,,,,,1,,,,,0,,0,,,,,,,,,,,,,
43295,2024,12,02,22.5,20.0,,18.7,,,,,,,,,,1,,,,,1,,0,,,,,,,,,,,,,
43295,2024,12,03,25.1,20.3,,39.7,,,,,,,,,,1,,,,,1,,0,,,,,,,,,,,,,
43295,2024,12,04,26.3,19.2,,21.2,,,,,,,,,,1,,,,,0,,0,,,,,,,,,,,,,
43295,2024,12,05,28.6,20.2,,2.5,,,,,,,,,,1,,,,,0,,0,,,,,,,,,,,,,
43295,2024,12,06,28.7,20.3,,2.2,,,,,,,,,,1,,,,,0,,0,,,,,,,,,,,,,
43295,2024,12,07,29.4,20.2,,0.0,,,,,,,,,,0,,,,,0,,0,,,,,,,,,,,,,
43295,2024,12,08,29.8,19.3,,0.0,,,,,,,,,,0,,,,,0,,0,,,,,,,,,,,,,
43295,2024,12,09,28.8,18.9,,0.0,,,,,,,,,,0,,,,,0,,0,,,,,,,,,,,,,
43295,2024,12,10,28.8,19.0,,0.0,,,,,,,,,,0,,,,,0,,0,,,,,,,,,,,,,
43295,2024,12,11,25.9,19.2,,0.0,,,,,,,,,,0,,,,,0,,0,,,,,,,,,,,,,
43295,2024,12,12,22.0,19.9,,0.0,,,,,,,,,,0,,,,,0,,0,,,,,,,,,,,,,
43295,2024,12,13,24.2,19.8,,4.7,,,,,,,,,,1,,,,,0,,0,,,,,,,,,,,,,
43295,2024,12,14,26.6,18.8,,0.4,,,,,,,,,,1,,,,,0,,0,,,,,,,,,,,,,
43295,2024,12,15,26.6,16.6,,0.0,,,,,,,,,,0,,,,,0,,0,,,,,,,,,,,,,
43295,2024,12,16,27.2,15.5,,0.0,,,,,,,,,,0,,,,,0,,0,,,,,,,,,,,,,
43295,2024,12,17,28.3,15.5,,0.0,,,,,,,,,,0,,,,,0,,0,,,,,,,,,,,,,
43295,2024,12,18,26.3,18.4,,0.0,,,,,,,,,,0,,,,,0,,0,,,,,,,,,,,,,
43295,2024,12,19,27.5,19.4,,0.0,,,,,,,,,,0,,,,,0,,0,,,,,,,,,,,,,
43295,2024,12,20,28.0,20.0,,0.0,,,,,,,,,,0,,,,,0,,0,,,,,,,,,,,,,
43295,2024,12,21,29.7,19.3,,0.0,,,,,,,,,,0,,,,,0,,0,,,,,,,,,,,,,
43295,2024,12,22,27.8,19.8,,0.0,,,,,,,,,,0,,,,,0,,0,,,,,,,,,,,,,
43295,2024,12,23,27.1,19.4,,0.0,,,,,,,,,,0,,,,,0,,0,,,,,,,,,,,,,
43295,2024,12,24,27.9,17.1,,0.0,,,,,,,,,,0,,,,,0,,0,,,,,,,,,,,,,
43295,2024,12,25,26.4,18.4,,0.0,,,,,,,,,,0,,,,,0,,0,,,,,,,,,,,,,
43295,2024,12,26,24.7,20.2,,0.0,,,,,,,,,,0,,,,,0,,0,,,,,,,,,,,,,
43295,2024,12,27,24.4,19.3,,0.9,,,,,,,,,,1,,,,,0,,0,,,,,,,,,,,,,
43295,2024,12,28,26.5,17.9,,1.2,,,,,,,,,,1,,,,,0,,0,,,,,,,,,,,,,
43295,2024,12,29,28.2,17.4,,0.0,,,,,,,,,,0,,,,,0,,0,,,,,,,,,,,,,
43295,2024,12,30,27.2,17.8,,0.0,,,,,,,,,,0,,,,,0,,0,,,,,,,,,,,,,
43295,2024,12,31,29.0,16.6,,0.0,,,,,,,,,,0,,,,,0,,0,,,,,,,,,,,,,
43295,2025,01,01,27.5,16.5,,0.0,,,,,,,,,,0,,,,,0,,0,,,,,,,,,,,,,
43295,2025,01,02,27.4,16.3,,0.0,,,,,,,,,,0,,,,,0,,0,,,,,,,,,,,,,
43295,2025,01,03,27.6,16.4,,0.0,,,,,,,,,,0,,,,,0,,0,,,,,,,,,,,,,
43295,2025,01,04,27.1,14.0,,0.0,,,,,,,,,,0,,,,,0,,0,,,,,,,,,,,,,
43295,2025,01,05,28.3,14.9,,0.0,,,,,,,,,,0,,,,,0,,0,,,,,,,,,,,,,
43295,2025,01,06,28.3,15.4,,0.0,,,,,,,,,,0,,,,,0,,0,,,,,,,,,,,,,
43295,2025,01,07,28.0,16.2,,0.0,,,,,,,,,,0,,,,,0,,0,,,,,,,,,,,,,
43295,2025,01,08,28.7,16.4,,0.0,,,,,,,,,,0,,,,,0,,0,,,,,,,,,,,,,
43295,2025,01,09,26.0,14.9,,0.0,,,,,,,,,,0,,,,,0,,0,,,,,,,,,,,,,
43295,2025,01,10,26.0,17.3,,0.0,,,,,,,,,,0,,,,,0,,0,,,,,,,,,,,,,
43295,2025,01,11,24.8,18.2,,0.0,,,,,,,,,,0,,,,,0,,0,,,,,,,,,,,,,
43295,2025,01,12,29.8,17.0,,0.0,,,,,,,,,,0,,,,,0,,0,,,,,,,,,,,,,
43295,2025,01,13,26.3,20.0,,0.0,,,,,,,,,,0,,,,,0,,0,,,,,,,,,,,,,
43295,2025,01,14,27.4,19.6,,0.0,,,,,,,,,,0,,,,,0,,0,,,,,,,,,,,,,
43295,2025,01,15,24.2,17.0,,0.0,,,,,,,,,,0,,,,,0,,0,,,,,,,,,,,,,
43295,2025,01,16,26.6,16.8,,0.0,,,,,,,,,,0,,,,,0,,0,,,,,,,,,,,,,
43295,2025,01,17,25.6,16.5,,0.0,,,,,,,,,,0,,,,,0,,0,,,,,,,,,,,,,
43295,2025,01,18,27.4,16.9,,0.0,,,,,,,,,,0,,,,,0,,0,,,,,,,,,,,,,
43295,2025,01,19,21.4,18.2,,3.3,,,,,,,,,,1,,,,,0,,0,,,,,,,,,,,,,
43295,2025,01,20,28.4,18.0,,1.9,,,,,,,,,,1,,,,,0,,0,,,,,,,,,,,,,
43295,2025,01,21,28.4,15.2,,0.0,,,,,,,,,,0,,,,,0,,0,,,,,,,,,,,,,
43295,2025,01,22,29.1,14.9,,0.0,,,,,,,,,,0,,,,,0,,0,,,,,,,,,,,,,
43295,2025,01,23,29.9,17.8,,0.0,,,,,,,,,,0,,,,,0,,0,,,,,,,,,,,,,
43295,2025,01,24,28.6,16.4,,0.0,,,,,,,,,,0,,,,,0,,0,,,,,,,,,,,,,
43295,2025,01,25,30.2,15.0,,0.0,,,,,,,,,,0,,,,,0,,0,,,,,,,,,,,,,
43295,2025,01,26,31.0,14.9,,0.0,,,,,,,,,,0,,,,,0,,0,,,,,,,,,,,,,
43295,2025,01,27,30.4,15.4,,0.0,,,,,,,,,,0,,,,,0,,0,,,,,,,,,,,,,
43295,2025,01,28,30.5,15.9,,0.0,,,,,,,,,,0,,,,,0,,0,,,,,,,,,,,,,
43295,2025,01,29,31.0,16.4,,0.0,,,,,,,,,,0,,,,,0,,0,,,,,,,,,,,,,
43295,2025,01,30,29.9,17.7,,0.0,,,,,,,,,,0,,,,,0,,0,,,,,,,,,,,,,
43295,2025,01,31,31.4,19.4,,0.0,,,,,,,,,,0,,,,,0,,0,,,,,,,,,,,,,
43295,2025,02,01,32.2,19.7,,0.0,,,,,,,,,,0,,,,,0,,0,,,,,,,,,,,,,
43295,2025,02,02,32.5,17.9,,0.0,,,,,,,,,,0,,,,,0,,0,,,,,,,,,,,,,
43295,2025,02,03,31.9,16.7,,0.0,,,,,,,,,,0,,,,,0,,0,,,,,,,,,,,,,
43295,2025,02,04,31.9,15.3,,0.0,,,,,,,,,,0,,,,,0,,0,,,,,,,,,,,,,
43295,2025,02,05,31.6,17.3,,0.0,,,,,,,,,,0,,,,,0,,0,,,,,,,,,,,,,
43295,2025,02,06,30.7,16.3,,0.0,,,,,,,,,,0,,,,,0,,0,,,,,,,,,,,,,
43295,2025,02,07,31.4,15.9,,0.0,,,,,,,,,,0,,,,,0,,0,,,,,,,,,,,,,
43295,2025,02,08,30.7,16.9,,0.0,,,,,,,,,,0,,,,,0,,0,,,,,,,,,,,,,
43295,2025,02,09,30.5,17.4,,0.0,,,,,,,,,,0,,,,,0,,0,,,,,,,,,,,,,
43295,2025,02,10,29.5,18.1,,0.0,,,,,,,,,,0,,,,,0,,1,,,,,,,,,,,,,
43295,2025,02,11,32.0,16.5,,0.0,,,,,,,,,,0,,,,,0,,1,,,,,,,,,,,,,
43295,2025,02,12,33.6,16.0,,0.0,,,,,,,,,,0,,,,,0,,0,,,,,,,,,,,,,
43295,2025,02,13,33.3,17.0,,0.0,,,,,,,,,,0,,,,,0,,0,,,,,,,,,,,,,
43295,2025,02,14,33.5,17.1,,0.0,,,,,,,,,,0,,,,,0,,0,,,,,,,,,,,,,
43295,2025,02,15,32.8,18.2,,0.0,,,,,,,,,,0,,,,,0,,0,,,,,,,,,,,,,
43295,2025,02,16,33.0,18.2,,0.0,,,,,,,,,,0,,,,,0,,0,,,,,,,,,,,,,
43295,2025,02,17,32.6,18.2,,0.0,,,,,,,,,,0,,,,,0,,0,,,,,,,,,,,,,
43295,2025,02,18,32.8,17.7,,0.0,,,,,,,,,,0,,,,,0,,0,,,,,,,,,,,,,
43295,2025,02,19,34.4,17.8,,0.0,,,,,,,,,,0,,,,,0,,0,,,,,,,,,,,,,
43295,2025,02,20,33.2,19.6,,0.0,,,,,,,,,,0,,,,,0,,0,,,,,,,,,,,,,
43295,2025,02,21,33.4,19.0,,0.0,,,,,,,,,,0,,,,,0,,0,,,,,,,,,,,,,
43295,2025,02,22,33.2,19.4,,0.0,,,,,,,,,,0,,,,,0,,0,,,,,,,,,,,,,
43295,2025,02,23,32.8,19.7,,0.0,,,,,,,,,,0,,,,,0,,0,,,,,,,,,,,,,
43295,2025,02,24,32.2,19.2,,0.0,,,,,,,,,,0,,,,,0,,0,,,,,,,,,,,,,
43295,2025,02,25,31.6,18.3,,0.0,,,,,,,,,,0,,,,,0,,0,,,,,,,,,,,,,
43295,2025,02,26,31.9,19.4,,0.0,,,,,,,,,,0,,,,,0,,0,,,,,,,,,,,,,
43295,2025,02,27,31.8,18.4,,0.0,,,,,,,,,,0,,,,,0,,0,,,,,,,,,,,,,
43295,2025,02,28,32.0,18.5,,0.0,,,,,,,,,,0,,,,,0,,0,,,,,,,,,,,,,
43295,2025,03,01,32.1,19.4,,0.0,,,,,,,,,,0,,,,,0,,0,,,,,,,,,,,,,
43295,2025,03,02,32.9,20.7,,0.0,,,,,,,,,,0,,,,,0,,0,,,,,,,,,,,,,
43295,2025,03,03,33.8,21.3,,0.0,,,,,,,,,,0,,,,,0,,0,,,,,,,,,,,,,
43295,2025,03,04,33.4,21.0,,0.0,,,,,,,,,,0,,,,,0,,0,,,,,,,,,,,,,
43295,2025,03,05,34.1,20.3,,0.0,,,,,,,,,,0,,,,,0,,0,,,,,,,,,,,,,
43295,2025,03,06,33.5,21.8,,0.0,,,,,,,,,,0,,,,,0,,0,,,,,,,,,,,,,
43295,2025,03,07,34.6,20.0,,0.0,,,,,,,,,,0,,,,,0,,0,,,,,,,,,,,,,
43295,2025,03,08,34.4,20.4,,0.0,,,,,,,,,,0,,,,,0,,0,,,,,,,,,,,,,
43295,2025,03,09,34.5,19.7,,0.0,,,,,,,,,,0,,,,,0,,0,,,,,,,,,,,,,
43295,2025,03,10,31.5,18.1,,0.0,,,,,,,,,,0,,,,,0,,0,,,,,,,,,,,,,
43295,2025,03,11,31.9,18.7,,0.0,,,,,,,,,,0,,,,,0,,0,,,,,,,,,,,,,
43295,2025,03,12,32.8,20.8,,0.0,,,,,,,,,,0,,,,,0,,0,,,,,,,,,,,,,
43295,2025,03,13,34.7,20.7,,0.0,,,,,,,,,,0,,,,,0,,0,,,,,,,,,,,,,
43295,2025,03,14,35.4,20.6,,0.0,,,,,,,,,,0,,,,,0,,0,,,,,,,,,,,,,
43295,2025,03,15,34.8,18.8,,0.0,,,,,,,,,,0,,,,,0,,0,,,,,,,,,,,,,
43295,2025,03,16,34.6,19.5,,0.0,,,,,,,,,,0,,,,,0,,0,,,,,,,,,,,,,
43295,2025,03,17,35.3,23.2,,0.0,,,,,,,,,,0,,,,,0,,0,,,,,,,,,,,,,
43295,2025,03,18,35.0,22.7,,0.0,,,,,,,,,,0,,,,,0,,0,,,,,,,,,,,,,
43295,2025,03,19,34.7,23.1,,0.0,,,,,,,,,,0,,,,,0,,0,,,,,,,,,,,,,
43295,2025,03,20,34.2,21.4,,0.0,,,,,,,,,,0,,,,,0,,0,,,,,,,,,,,,,
43295,2025,03,21,33.2,21.5,,0.0,,,,,,,,,,0,,,,,0,,0,,,,,,,,,,,,,
43295,2025,03,22,33.4,22.9,,0.0,,,,,,,,,,0,,,,,0,,0,,,,,,,,,,,,,
43295,2025,03,23,31.0,19.5,,11.8,,,,,,,,,,1,,,,,1,,0,,,,,,,,,,,,,
43295,2025,03,24,32.7,22.8,,0.0,,,,,,,,,,0,,,,,1,,0,,,,,,,,,,,,,
43295,2025,03,25,33.4,21.3,,0.0,,,,,,,,,,0,,,,,0,,0,,,,,,,,,,,,,
43295,2025,03,26,33.4,22.9,,0.0,,,,,,,,,,0,,,,,0,,0,,,,,,,,,,,,,
43295,2025,03,27,33.6,22.6,,0.0,,,,,,,,,,0,,,,,0,,0,,,,,,,,,,,,,
43295,2025,03,28,34.1,23.3,,0.0,,,,,,,,,,0,,,,,0,,0,,,,,,,,,,,,,
43295,2025,03,29,35.2,22.3,,0.0,,,,,,,,,,0,,,,,0,,0,,,,,,,,,,,,,
43295,2025,03,30,35.0,21.0,,0.0,,,,,,,,,,0,,,,,0,,0,,,,,,,,,,,,,
43295,2025,03,31,34.4,20.5,,0.0,,,,,,,,,,0,,,,,0,,0,,,,,,,,,,,,,
43295,2025,04,01,32.0,21.1,,0.0,,,,,,,,,,0,,,,,0,,0,,,,,,,,,,,,,
43295,2025,04,02,32.4,20.8,,0.0,,,,,,,,,,0,,,,,0,,0,,,,,,,,,,,,,
43295,2025,04,03,28.5,22.8,,0.0,,,,,,,,,,0,,,,,0,,0,,,,,,,,,,,,,
43295,2025,04,04,32.9,21.9,,4.3,,,,,,,,,,1,,,,,1,,0,,,,,,,,,,,,,
43295,2025,04,05,33.2,21.5,,0.0,,,,,,,,,,0,,,,,0,,0,,,,,,,,,,,,,
43295,2025,04,06,33.3,22.4,,0.1,,,,,,,,,,1,,,,,0,,0,,,,,,,,,,,,,
43295,2025,04,07,34.4,22.9,,0.0,,,,,,,,,,0,,,,,0,,0,,,,,,,,,,,,,
43295,2025,04,08,35.1,22.4,,0.0,,,,,,,,,,0,,,,,0,,0,,,,,,,,,,,,,
43295,2025,04,09,34.2,22.0,,0.0,,,,,,,,,,0,,,,,0,,0,,,,,,,,,,,,,
43295,2025,04,10,32.9,22.7,,0.0,,,,,,,,,,0,,,,,0,,0,,,,,,,,,,,,,
43295,2025,04,11,33.3,22.8,,0.0,,,,,,,,,,0,,,,,0,,0,,,,,,,,,,,,,
43295,2025,04,12,33.7,21.0,,0.8,,,,,,,,,,1,,,,,1,,0,,,,,,,,,,,,,
43295,2025,04,13,33.6,20.3,,4.3,,,,,,,,,,1,,,,,0,,0,,,,,,,,,,,,,
43295,2025,04,14,34.1,21.9,,0.0,,,,,,,,,,0,,,,,0,,0,,,,,,,,,,,,,
43295,2025,04,15,34.0,21.0,,6.2,,,,,,,,,,1,,,,,1,,0,,,,,,,,,,,,,
43295,2025,04,16,32.8,20.5,,5.8,,,,,,,,,,1,,,,,0,,0,,,,,,,,,,,,,
43295,2025,04,17,32.5,20.4,,9.3,,,,,,,,,,1,,,,,1,,0,,,,,,,,,,,,,
43295,2025,04,18,32.2,23.6,,0.0,,,,,,,,,,0,,,,,0,,0,,,,,,,,,,,,,
43295,2025,04,19,32.8,22.4,,0.6,,,,,,,,,,1,,,,,1,,0,,,,,,,,,,,,,
43295,2025,04,20,33.4,23.0,,0.1,,,,,,,,,,1,,,,,0,,0,,,,,,,,,,,,,
43295,2025,04,21,33.4,20.8,,0.8,,,,,,,,,,1,,,,,1,,0,,,,,,,,,,,,,
43295,2025,04,22,34.4,21.5,,0.0,,,,,,,,,,0,,,,,0,,0,,,,,,,,,,,,,
43295,2025,04,23,35.4,23.9,,0.0,,,,,,,,,,0,,,,,0,,0,,,,,,,,,,,,,
43295,2025,04,24,35.4,23.8,,0.0,,,,,,,,,,0,,,,,0,,0,,,,,,,,,,,,,
43295,2025,04,25,34.4,24.4,,0.0,,,,,,,,,,0,,,,,0,,0,,,,,,,,,,,,,
43295,2025,04,26,33.7,24.1,,0.0,,,,,,,,,,0,,,,,0,,0,,,,,,,,,,,,,
43295,2025,04,27,33.8,23.9,,0.0,,,,,,,,,,0,,,,,0,,0,,,,,,,,,,,,,
43295,2025,04,28,33.8,23.6,,0.0,,,,,,,,,,0,,,,,0,,0,,,,,,,,,,,,,
43295,2025,04,29,34.2,24.0,,0.0,,,,,,,,,,0,,,,,0,,0,,,,,,,,,,,,,
43295,2025,04,30,33.5,22.7,,0.0,,,,,,,,,,0,,,,,0,,0,,,,,,,,,,,,,
43295,2025,05,01,34.0,21.6,,6.6,,,,,,,,,,1,,,,,0,,0,,,,,,,,,,,,,
43295,2025,05,02,33.0,20.5,,19.6,,,,,,,,,,1,,,,,1,,0,,,,,,,,,,,,,
43295,2025,05,03,32.0,20.0,,6.7,,,,,,,,,,1,,,,,1,,0,,,,,,,,,,,,,
43295,2025,05,04,33.2,21.7,,0.0,,,,,,,,,,0,,,,,0,,0,,,,,,,,,,,,,
43295,2025,05,05,32.8,22.4,,0.0,,,,,,,,,,0,,,,,0,,0,,,,,,,,,,,,,
43295,2025,05,06,34.4,21.9,,0.0,,,,,,,,,,0,,,,,0,,0,,,,,,,,,,,,,
43295,2025,05,07,33.2,23.6,,0.0,,,,,,,,,,0,,,,,0,,0,,,,,,,,,,,,,
43295,2025,05,08,32.8,22.4,,0.0,,,,,,,,,,0,,,,,0,,0,,,,,,,,,,,,,
43295,2025,05,09,32.6,22.5,,0.0,,,,,,,,,,0,,,,,0,,0,,,,,,,,,,,,,
43295,2025,05,10,33.2,23.0,,0.0,,,,,,,,,,0,,,,,0,,0,,,,,,,,,,,,,
43295,2025,05,11,33.7,23.0,,0.1,,,,,,,,,,1,,,,,0,,0,,,,,,,,,,,,,
43295,2025,05,12,33.7,22.4,,0.0,,,,,,,,,,0,,,,,0,,0,,,,,,,,,,,,,
43295,2025,05,13,32.0,21.0,,7.0,,,,,,,,,,1,,,,,1,,0,,,,,,,,,,,,,
43295,2025,05,14,31.3,19.9,,34.7,,,,,,,,,,1,,,,,1,,0,,,,,,,,,,,,,
43295,2025,05,15,31.4,20.0,,5.2,,,,,,,,,,1,,,,,1,,0,,,,,,,,,,,,,
43295,2025,05,16,30.2,21.2,,14.4,,,,,,,,,,1,,,,,1,,0,,,,,,,,,,,,,
43295,2025,05,17,29.7,21.2,,12.3,,,,,,,,,,1,,,,,1,,0,,,,,,,,,,,,,
43295,2025,05,18,29.4,21.0,,34.2,,,,,,,,,,1,,,,,1,,0,,,,,,,,,,,,,
43295,2025,05,19,26.8,20.8,,105.5,,,,,,,,,,1,,,,,1,,0,,,,,,,,,,,,,
43295,2025,05,20,27.2,21.7,,37.2,,,,,,,,,,1,,,,,0,,0,,,,,,,,,,,,,
43295,2025,05,21,27.4,21.0,,14.1,,,,,,,,,,1,,,,,0,,0,,,,,,,,,,,,,
43295,2025,05,22,29.2,20.4,,0.0,,,,,,,,,,0,,,,,0,,0,,,,,,,,,,,,,
43295,2025,05,23,28.7,21.0,,0.0,,,,,,,,,,0,,,,,0,,0,,,,,,,,,,,,,
43295,2025,05,24,26.6,21.7,,1.0,,,,,,,,,,1,,,,,0,,0,,,,,,,,,,,,,
43295,2025,05,25,26.6,21.1,,1.3,,,,,,,,,,1,,,,,0,,0,,,,,,,,,,,,,
43295,2025,05,26,26.7,20.5,,3.4,,,,,,,,,,1,,,,,0,,0,,,,,,,,,,,,,
43295,2025,05,27,28.2,20.2,,5.2,,,,,,,,,,1,,,,,0,,0,,,,,,,,,,,,,
43295,2025,05,28,28.1,21.6,,0.0,,,,,,,,,,0,,,,,0,,0,,,,,,,,,,,,,
43295,2025,05,29,25.6,20.7,,2.7,,,,,,,,,,1,,,,,0,,0,,,,,,,,,,,,,
43295,2025,05,30,26.6,21.3,,0.6,,,,,,,,,,1,,,,,0,,0,,,,,,,,,,,,,
43295,2025,05,31,29.4,20.6,,3.2,,,,,,,,,,1,,,,,0,,0,,,,,,,,,,,,,
43295,2025,06,01,30.6,21.3,,0.0,,,,,,,,,,0,,,,,0,,0,,,,,,,,,,,,,
43295,2025,06,02,29.8,21.2,,0.0,,,,,,,,,,0,,,,,0,,0,,,,,,,,,,,,,
43295,2025,06,03,28.2,20.9,,0.0,,,,,,,,,,0,,,,,0,,0,,,,,,,,,,,,,
43295,2025,06,04,31.1,20.9,,0.0,,,,,,,,,,0,,,,,0,,0,,,,,,,,,,,,,
43295,2025,06,05,30.5,20.7,,0.8,,,,,,,,,,1,,,,,0,,0,,,,,,,,,,,,,
43295,2025,06,06,31.6,22.2,,0.0,,,,,,,,,,0,,,,,0,,0,,,,,,,,,,,,,
43295,2025,06,07,31.4,22.2,,0.0,,,,,,,,,,0,,,,,0,,0,,,,,,,,,,,,,
43295,2025,06,08,31.8,21.6,,0.0,,,,,,,,,,0,,,,,0,,0,,,,,,,,,,,,,
43295,2025,06,09,30.2,21.7,,2.6,,,,,,,,,,1,,,,,0,,0,,,,,,,,,,,,,
43295,2025,06,10,30.6,21.2,,1.5,,,,,,,,,,1,,,,,0,,0,,,,,,,,,,,,,
43295,2025,06,11,29.0,21.2,,33.0,,,,,,,,,,1,,,,,1,,0,,,,,,,,,,,,,
43295,2025,06,12,28.8,21.0,,5.5,,,,,,,,,,1,,,,,0,,0,,,,,,,,,,,,,
43295,2025,06,13,27.5,21.2,,0.0,,,,,,,,,,0,,,,,0,,0,,,,,,,,,,,,,
43295,2025,06,14,26.7,21.1,,0.6,,,,,,,,,,1,,,,,0,,0,,,,,,,,,,,,,
43295,2025,06,15,26.6,19.9,,3.4,,,,,,,,,,1,,,,,0,,0,,,,,,,,,,,,,
43295,2025,06,16,27.1,20.0,,0.1,,,,,,,,,,1,,,,,0,,0,,,,,,,,,,,,,
43295,2025,06,17,27.6,20.8,,0.2,,,,,,,,,,1,,,,,0,,0,,,,,,,,,,,,,
43295,2025,06,18,29.3,20.4,,1.1,,,,,,,,,,1,,,,,0,,0,,,,,,,,,,,,,
43295,2025,06,19,28.4,20.5,,1.7,,,,,,,,,,1,,,,,0,,0,,,,,,,,,,,,,
43295,2025,06,20,30.2,21.2,,0.0,,,,,,,,,,0,,,,,0,,0,,,,,,,,,,,,,
43295,2025,06,21,29.8,21.4,,0.0,,,,,,,,,,0,,,,,0,,0,,,,,,,,,,,,,
43295,2025,06,22,28.1,21.0,,0.0,,,,,,,,,,0,,,,,0,,0,,,,,,,,,,,,,
43295,2025,06,23,27.8,20.3,,6.9,,,,,,,,,,1,,,,,0,,0,,,,,,,,,,,,,
43295,2025,06,24,27.2,21.0,,0.0,,,,,,,,,,0,,,,,0,,0,,,,,,,,,,,,,
43295,2025,06,25,27.6,21.0,,0.0,,,,,,,,,,0,,,,,0,,0,,,,,,,,,,,,,
43295,2025,06,26,28.4,21.0,,0.0,,,,,,,,,,0,,,,,0,,0,,,,,,,,,,,,,
43295,2025,06,27,28.8,20.5,,0.0,,,,,,,,,,0,,,,,0,,0,,,,,,,,,,,,,
43295,2025,06,28,29.2,21.0,,0.6,,,,,,,,,,1,,,,,0,,0,,,,,,,,,,,,,
43295,2025,06,29,29.9,21.0,,0.0,,,,,,,,,,0,,,,,0,,0,,,,,,,,,,,,,
43295,2025,06,30,29.5,20.3,,0.0,,,,,,,,,,0,,,,,0,,0,,,,,,,,,,,,,
43295,2025,07,01,26.6,20.5,,0.0,,,,,,,,,,0,,,,,0,,0,,,,,,,,,,,,,
43295,2025,07,02,28.2,20.6,,0.8,,,,,,,,,,1,,,,,0,,0,,,,,,,,,,,,,
43295,2025,07,03,28.1,20.6,,0.6,,,,,,,,,,1,,,,,0,,0,,,,,,,,,,,,,
43295,2025,07,04,28.7,20.4,,0.0,,,,,,,,,,0,,,,,0,,0,,,,,,,,,,,,,
43295,2025,07,05,26.7,19.8,,0.0,,,,,,,,,,0,,,,,0,,0,,,,,,,,,,,,,
43295,2025,07,06,26.6,20.5,,0.1,,,,,,,,,,1,,,,,0,,0,,,,,,,,,,,,,
43295,2025,07,07,28.6,20.6,,0.6,,,,,,,,,,1,,,,,0,,0,,,,,,,,,,,,,
43295,2025,07,08,29.4,20.4,,0.0,,,,,,,,,,0,,,,,0,,0,,,,,,,,,,,,,
43295,2025,07,09,30.0,20.2,,0.0,,,,,,,,,,0,,,,,0,,0,,,,,,,,,,,,,
43295,2025,07,10,29.2,20.9,,0.0,,,,,,,,,,0,,,,,0,,0,,,,,,,,,,,,,
43295,2025,07,11,30.0,20.8,,0.1,,,,,,,,,,1,,,,,0,,0,,,,,,,,,,,,,
43295,2025,07,12,27.6,20.6,,7.4,,,,,,,,,,1,,,,,0,,0,,,,,,,,,,,,,
43295,2025,07,13,29.4,20.9,,1.1,,,,,,,,,,1,,,,,0,,0,,,,,,,,,,,,,
43295,2025,07,14,29.1,20.1,,34.0,,,,,,,,,,1,,,,,0,,0,,,,,,,,,,,,,
43295,2025,07,15,28.4,20.4,,0.1,,,,,,,,,,1,,,,,0,,0,,,,,,,,,,,,,
43295,2025,07,16,29.5,20.6,,0.0,,,,,,,,,,0,,,,,0,,0,,,,,,,,,,,,,
43295,2025,07,17,28.8,20.3,,4.5,,,,,,,,,,1,,,,,0,,0,,,,,,,,,,,,,
43295,2025,07,18,27.9,20.1,,7.0,,,,,,,,,,1,,,,,0,,0,,,,,,,,,,,,,
43295,2025,07,19,26.2,20.3,,0.2,,,,,,,,,,1,,,,,0,,0,,,,,,,,,,,,,
43295,2025,07,20,26.6,19.6,,5.9,,,,,,,,,,1,,,,,0,,0,,,,,,,,,,,,,
43295,2025,07,21,26.6,19.5,,6.0,,,,,,,,,,1,,,,,0,,0,,,,,,,,,,,,,
43295,2025,07,22,27.2,19.7,,11.8,,,,,,,,,,1,,,,,0,,0,,,,,,,,,,,,,
43295,2025,07,23,26.4,20.2,,1.4,,,,,,,,,,1,,,,,0,,0,,,,,,,,,,,,,
43295,2025,07,24,25.6,19.8,,1.1,,,,,,,,,,1,,,,,0,,0,,,,,,,,,,,,,
43295,2025,07,25,25.7,20.2,,1.6,,,,,,,,,,1,,,,,0,,0,,,,,,,,,,,,,
43295,2025,07,26,26.6,19.8,,0.8,,,,,,,,,,1,,,,,0,,0,,,,,,,,,,,,,
43295,2025,07,27,25.9,19.5,,0.7,,,,,,,,,,1,,,,,0,,0,,,,,,,,,,,,,
43295,2025,07,28,26.6,19.0,,0.2,,,,,,,,,,1,,,,,0,,0,,,,,,,,,,,,,
43295,2025,07,29,27.0,19.3,,0.4,,,,,,,,,,1,,,,,0,,0,,,,,,,,,,,,,
43295,2025,07,30,28.2,19.8,,1.1,,,,,,,,,,1,,,,,0,,0,,,,,,,,,,,,,
43295,2025,07,31,27.8,20.9,,0.0,,,,,,,,,,0,,,,,0,,0,,,,,,,,,,,,,
43295,2025,08,01,29.0,20.0,,1.2,,,,,,,,,,1,,,,,0,,0,,,,,,,,,,,,,
43295,2025,08,02,29.5,20.0,,0.0,,,,,,,,,,0,,,,,0,,0,,,,,,,,,,,,,
43295,2025,08,03,29.0,21.5,,0.0,,,,,,,,,,0,,,,,0,,0,,,,,,,,,,,,,
43295,2025,08,04,29.2,20.2,,45.2,,,,,,,,,,1,,,,,1,,0,,,,,,,,,,,,,
43295,2025,08,05,28.2,20.4,,16.3,,,,,,,,,,1,,,,,0,,0,,,,,,,,,,,,,
43295,2025,08,06,28.5,20.5,,1.6,,,,,,,,,,1,,,,,0,,0,,,,,,,,,,,,,
43295,2025,08,07,28.3,20.6,,25.4,,,,,,,,,,1,,,,,1,,0,,,,,,,,,,,,,
43295,2025,08,08,29.0,21.6,,0.0,,,,,,,,,,0,,,,,0,,0,,,,,,,,,,,,,
43295,2025,08,09,27.6,21.5,,0.0,,,,,,,,,,0,,,,,0,,0,,,,,,,,,,,,,
43295,2025,08,10,27.0,20.3,,4.7,,,,,,,,,,1,,,,,1,,0,,,,,,,,,,,,,
43295,2025,08,11,27.2,19.7,,16.1,,,,,,,,,,1,,,,,0,,0,,,,,,,,,,,,,
43295,2025,08,12,25.5,20.2,,3.4,,,,,,,,,,1,,,,,0,,0,,,,,,,,,,,,,
43295,2025,08,13,22.6,19.6,,2.1,,,,,,,,,,1,,,,,0,,0,,,,,,,,,,,,,
43295,2025,08,14,24.8,19.4,,11.6,,,,,,,,,,1,,,,,0,,0,,,,,,,,,,,,,
43295,2025,08,15,26.8,19.3,,0.4,,,,,,,,,,1,,,,,0,,0,,,,,,,,,,,,,
43295,2025,08,16,26.4,20.1,,1.8,,,,,,,,,,1,,,,,0,,0,,,,,,,,,,,,,
43295,2025,08,17,24.6,20.1,,1.2,,,,,,,,,,1,,,,,0,,0,,,,,,,,,,,,,
43295,2025,08,18,24.4,19.4,,5.2,,,,,,,,,,1,,,,,0,,0,,,,,,,,,,,,,
43295,2025,08,19,24.4,19.5,,2.6,,,,,,,,,,1,,,,,0,,0,,,,,,,,,,,,,
43295,2025,08,20,26.6,19.4,,0.0,,,,,,,,,,0,,,,,0,,0,,,,,,,,,,,,,
43295,2025,08,21,27.4,19.0,,0.0,,,,,,,,,,0,,,,,0,,0,,,,,,,,,,,,,
43295,2025,08,22,29.2,20.9,,0.0,,,,,,,,,,0,,,,,0,,0,,,,,,,,,,,,,
43295,2025,08,23,28.2,21.0,,0.0,,,,,,,,,,0,,,,,1,,0,,,,,,,,,,,,,
43295,2025,08,24,28.8,20.4,,1.4,,,,,,,,,,1,,,,,0,,0,,,,,,,,,,,,,
43295,2025,08,25,28.2,19.8,,0.0,,,,,,,,,,0,,,,,0,,0,,,,,,,,,,,,,
43295,2025,08,26,28.0,20.3,,0.0,,,,,,,,,,0,,,,,0,,0,,,,,,,,,,,,,
43295,2025,08,27,26.5,20.3,,0.0,,,,,,,,,,0,,,,,0,,0,,,,,,,,,,,,,
43295,2025,08,28,28.2,20.5,,4.9,,,,,,,,,,1,,,,,0,,0,,,,,,,,,,,,,
43295,2025,08,29,28.1,20.2,,16.1,,,,,,,,,,1,,,,,1,,0,,,,,,,,,,,,,
43295,2025,08,30,29.1,20.5,,0.0,,,,,,,,,,0,,,,,0,,0,,,,,,,,,,,,,
43295,2025,08,31,28.0,20.8,,0.6,,,,,,,,,,1,,,,,0,,0,,,,,,,,,,,,,
43295,2025,09,01,27.6,20.6,,3.9,,,,,,,,,,1,,,,,0,,0,,,,,,,,,,,,,
43295,2025,09,02,26.7,19.6,,30.6,,,,,,,,,,1,,,,,1,,0,,,,,,,,,,,,,
43295,2025,09,03,27.2,20.0,,2.3,,,,,,,,,,1,,,,,0,,0,,,,,,,,,,,,,
43295,2025,09,04,27.6,19.8,,33.2,,,,,,,,,,1,,,,,0,,0,,,,,,,,,,,,,
43295,2025,09,05,27.4,20.6,,1.8,,,,,,,,,,1,,,,,1,,0,,,,,,,,,,,,,
43295,2025,09,06,27.7,20.4,,0.0,,,,,,,,,,0,,,,,0,,0,,,,,,,,,,,,,
43295,2025,09,07,28.4,19.5,,18.4,,,,,,,,,,1,,,,,0,,0,,,,,,,,,,,,,
43295,2025,09,08,29.2,20.7,,0.1,,,,,,,,,,1,,,,,0,,0,,,,,,,,,,,,,
43295,2025,09,09,29.0,20.6,,0.0,,,,,,,,,,0,,,,,0,,0,,,,,,,,,,,,,
43295,2025,09,10,29.9,22.0,,0.0,,,,,,,,,,0,,,,,0,,0,,,,,,,,,,,,,
43295,2025,09,11,26.0,19.9,,55.7,,,,,,,,,,1,,,,,1,,0,,,,,,,,,,,,,
43295,2025,09,12,28.0,20.7,,0.0,,,,,,,,,,0,,,,,0,,0,,,,,,,,,,,,,
43295,2025,09,13,28.0,21.5,,0.0,,,,,,,,,,0,,,,,0,,0,,,,,,,,,,,,,
43295,2025,09,14,28.4,20.4,,0.0,,,,,,,,,,0,,,,,0,,0,,,,,,,,,,,,,
43295,2025,09,15,28.5,20.5,,0.0,,,,,,,,,,0,,,,,0,,0,,,,,,,,,,,,,
43295,2025,09,16,28.6,21.3,,0.0,,,,,,,,,,0,,,,,0,,0,,,,,,,,,,,,,
43295,2025,09,17,26.8,21.1,,0.0,,,,,,,,,,0,,,,,0,,0,,,,,,,,,,,,,
43295,2025,09,18,29.0,20.2,,16.0,,,,,,,,,,1,,,,,1,,0,,,,,,,,,,,,,
43295,2025,09,19,26.2,19.9,,71.2,,,,,,,,,,1,,,,,1,,0,,,,,,,,,,,,,
43295,2025,09,20,27.6,20.9,,2.1,,,,,,,,,,1,,,,,0,,0,,,,,,,,,,,,,
43295,2025,09,21,27.4,20.8,,0.0,,,,,,,,,,0,,,,,0,,0,,,,,,,,,,,,,
43295,2025,09,22,27.9,20.6,,0.0,,,,,,,,,,0,,,,,0,,0,,,,,,,,,,,,,
43295,2025,09,23,26.5,20.5,,1.9,,,,,,,,,,1,,,,,0,,0,,,,,,,,,,,,,
43295,2025,09,24,26.2,19.9,,1.0,,,,,,,,,,1,,,,,0,,0,,,,,,,,,,,,,
43295,2025,09,25,28.6,20.4,,2.8,,,,,,,,,,1,,,,,0,,0,,,,,,,,,,,,,
43295,2025,09,26,27.4,20.2,,0.0,,,,,,,,,,0,,,,,0,,0,,,,,,,,,,,,,
43295,2025,09,27,26.0,19.4,,2.8,,,,,,,,,,1,,,,,0,,0,,,,,,,,,,,,,
43295,2025,09,28,27.8,20.2,,1.0,,,,,,,,,,1,,,,,0,,0,,,,,,,,,,,,,
43295,2025,09,29,29.2,19.8,,0.0,,,,,,,,,,0,,,,,0,,0,,,,,,,,,,,,,
43295,2025,09,30,28.9,19.4,,0.0,,,,,,,,,,0,,,,,0,,0,,,,,,,,,,,,,
43295,2025,10,01,28.7,20.1,,0.0,,,,,,,,,,0,,,,,0,,0,,,,,,,,,,,,,
43295,2025,10,02,28.6,20.3,,0.0,,,,,,,,,,0,,,,,0,,0,,,,,,,,,,,,,
43295,2025,10,03,30.2,20.2,,3.2,,,,,,,,,,1,,,,,1,,0,,,,,,,,,,,,,
43295,2025,10,04,26.0,21.4,,0.8,,,,,,,,,,1,,,,,1,,0,,,,,,,,,,,,,
43295,2025,10,05,30.3,21.5,,0.8,,,,,,,,,,1,,,,,0,,0,,,,,,,,,,,,,
43295,2025,10,06,28.0,20.3,,6.8,,,,,,,,,,1,,,,,0,,0,,,,,,,,,,,,,
43295,2025,10,07,29.2,19.8,,0.0,,,,,,,,,,0,,,,,0,,0,,,,,,,,,,,,,
43295,2025,10,08,28.7,21.6,,0.0,,,,,,,,,,0,,,,,0,,0,,,,,,,,,,,,,
43295,2025,10,09,29.9,21.1,,0.0,,,,,,,,,,0,,,,,0,,0,,,,,,,,,,,,,
43295,2025,10,10,29.1,19.7,,7.8,,,,,,,,,,1,,,,,1,,0,,,,,,,,,,,,,
43295,2025,10,11,29.0,20.0,,68.3,,,,,,,,,,1,,,,,1,,0,,,,,,,,,,,,,
43295,2025,10,12,29.7,20.8,,0.0,,,,,,,,,,0,,,,,0,,0,,,,,,,,,,,,,
43295,2025,10,13,30.1,20.4,,0.0,,,,,,,,,,0,,,,,0,,0,,,,,,,,,,,,,
43295,2025,10,14,28.5,21.3,,0.0,,,,,,,,,,0,,,,,0,,0,,,,,,,,,,,,,
43295,2025,10,15,27.6,21.2,,1.2,,,,,,,,,,1,,,,,0,,0,,,,,,,,,,,,,
43295,2025,10,16,28.9,20.8,,1.2,,,,,,,,,,1,,,,,0,,0,,,,,,,,,,,,,
43295,2025,10,17,28.4,21.2,,4.8,,,,,,,,,,1,,,,,1,,0,,,,,,,,,,,,,
43295,2025,10,18,28.0,21.7,,0.0,,,,,,,,,,0,,,,,0,,0,,,,,,,,,,,,,
43295,2025,10,19,29.4,20.6,,7.8,,,,,,,,,,1,,,,,1,,0,,,,,,,,,,,,,
43295,2025,10,20,28.8,21.4,,0.0,,,,,,,,,,0,,,,,0,,0,,,,,,,,,,,,,
43295,2025,10,21,26.2,20.8,,1.6,,,,,,,,,,1,,,,,1,,0,,,,,,,,,,,,,
43295,2025,10,22,25.6,20.8,,15.0,,,,,,,,,,1,,,,,0,,0,,,,,,,,,,,,,
43295,2025,10,23,27.7,20.2,,2.5,,,,,,,,,,1,,,,,0,,0,,,,,,,,,,,,,
43295,2025,10,24,25.6,20.2,,5.0,,,,,,,,,,1,,,,,0,,0,,,,,,,,,,,,,
43295,2025,10,25,29.0,20.0,,0.0,,,,,,,,,,0,,,,,0,,0,,,,,,,,,,,,,
43295,2025,10,26,29.1,20.6,,0.0,,,,,,,,,,0,,,,,0,,0,,,,,,,,,,,,,
43295,2025,10,27,25.0,21.3,,0.0,,,,,,,,,,0,,,,,0,,0,,,,,,,,,,,,,
43295,2025,10,28,24.3,19.9,,1.1,,,,,,,,,,1,,,,,0,,0,,,,,,,,,,,,,
43295,2025,10,29,26.6,19.9,,0.0,,,,,,,,,,0,,,,,0,,0,,,,,,,,,,,,,
43295,2025,10,30,28.5,18.9,,0.0,,,,,,,,,,0,,,,,0,,0,,,,,,,,,,,,,
43295,2025,10,31,28.8,18.9,,0.0,,,,,,,,,,0,,,,,0,,0,,,,,,,,,,,,,
43295,2025,11,01,30.1,19.2,,0.0,,,,,,,,,,0,,,,,0,,0,,,,,,,,,,,,,
43295,2025,11,02,29.2,19.1,,0.0,,,,,,,,,,0,,,,,0,,0,,,,,,,,,,,,,
43295,2025,11,03,28.2,19.8,,0.0,,,,,,,,,,0,,,,,0,,0,,,,,,,,,,,,,
43295,2025,11,04,27.2,19.6,,0.0,,,,,,,,,,0,,,,,0,,0,,,,,,,,,,,,,
43295,2025,11,05,28.4,21.0,,0.0,,,,,,,,,,0,,,,,0,,0,,,,,,,,,,,,,
43295,2025,11,06,28.4,20.0,,0.0,,,,,,,,,,0,,,,,0,,0,,,,,,,,,,,,,
43295,2025,11,07,28.8,20.7,,0.0,,,,,,,,,,0,,,,,0,,0,,,,,,,,,,,,,
43295,2025,11,08,27.6,19.3,,0.0,,,,,,,,,,0,,,,,0,,0,,,,,,,,,,,,,
43295,2025,11,09,28.9,16.2,,0.0,,,,,,,,,,0,,,,,0,,0,,,,,,,,,,,,,
43295,2025,11,10,28.6,17.5,,0.0,,,,,,,,,,0,,,,,0,,0,,,,,,,,,,,,,
43295,2025,11,11,28.5,19.7,,0.0,,,,,,,,,,0,,,,,0,,0,,,,,,,,,,,,,
43295,2025,11,12,28.8,19.4,,0.0,,,,,,,,,,0,,,,,0,,0,,,,,,,,,,,,,
43295,2025,11,13,28.8,20.6,,0.0,,,,,,,,,,0,,,,,0,,0,,,,,,,,,,,,,
43295,2025,11,14,27.1,19.8,,0.0,,,,,,,,,,0,,,,,0,,0,,,,,,,,,,,,,
43295,2025,11,15,27.7,17.2,,0.0,,,,,,,,,,0,,,,,0,,0,,,,,,,,,,,,,
43295,2025,11,16,26.4,17.5,,0.0,,,,,,,,,,0,,,,,0,,0,,,,,,,,,,,,,
43295,2025,11,17,26.3,17.2,,0.0,,,,,,,,,,0,,,,,0,,0,,,,,,,,,,,,,
43295,2025,11,18,25.0,18.5,,0.0,,,,,,,,,,0,,,,,0,,0,,,,,,,,,,,,,
43295,2025,11,19,27.7,19.4,,0.1,,,,,,,,,,1,,,,,0,,0,,,,,,,,,,,,,
43295,2025,11,20,29.0,19.4,,0.0,,,,,,,,,,0,,,,,0,,0,,,,,,,,,,,,,
43295,2025,11,21,28.1,18.6,,0.0,,,,,,,,,,0,,,,,0,,0,,,,,,,,,,,,,
43295,2025,11,22,27.3,19.2,,1.2,,,,,,,,,,1,,,,,0,,0,,,,,,,,,,,,,
43295,2025,11,23,27.2,19.9,,0.8,,,,,,,,,,1,,,,,0,,0,,,,,,,,,,,,,
43295,2025,11,24,27.4,20.0,,0.0,,,,,,,,,,0,,,,,0,,0,,,,,,,,,,,,,
43295,2025,11,25,26.8,18.8,,0.0,,,,,,,,,,0,,,,,0,,0,,,,,,,,,,,,,
43295,2025,11,26,26.6,18.0,,0.0,,,,,,,,,,0,,,,,0,,0,,,,,,,,,,,,,
43295,2025,11,27,25.2,16.7,,0.0,,,,,,,,,,0,,,,,0,,0,,,,,,,,,,,,,
43295,2025,11,28,25.3,16.1,,0.0,,,,,,,,,,0,,,,,0,,0,,,,,,,,,,,,,
43295,2025,11,29,21.6,16.6,,0.0,,,,,,,,,,0,,,,,0,,1,,,,,,,,,,,,,
43295,2025,11,30,20.2,18.4,,0.3,,,,,,,,,,1,,,,,0,,1,,,,,,,,,,,,,
43295,2025,12,01,23.3,18.2,,0.2,,,,,,,,,,1,,,,,0,,0,,,,,,,,,,,,,
43295,2025,12,02,26.6,19.2,,0.0,,,,,,,,,,0,,,,,0,,0,,,,,,,,,,,,,
43295,2025,12,03,26.6,19.4,,0.8,,,,,,,,,,1,,,,,0,,0,,,,,,,,,,,,,
43295,2025,12,04,27.4,20.1,,0.0,,,,,,,,,,0,,,,,0,,0,,,,,,,,,,,,,
43295,2025,12,05,24.6,20.2,,0.0,,,,,,,,,,0,,,,,0,,0,,,,,,,,,,,,,
43295,2025,12,06,26.6,17.9,,0.2,,,,,,,,,,1,,,,,0,,0,,,,,,,,,,,,,
43295,2025,12,07,27.4,17.6,,0.0,,,,,,,,,,0,,,,,0,,0,,,,,,,,,,,,,
43295,2025,12,08,29.2,16.0,,0.0,,,,,,,,,,0,,,,,0,,0,,,,,,,,,,,,,
43295,2025,12,09,27.6,16.1,,0.0,,,,,,,,,,0,,,,,0,,0,,,,,,,,,,,,,
43295,2025,12,10,28.8,17.5,,0.0,,,,,,,,,,0,,,,,0,,0,,,,,,,,,,,,,
43295,2025,12,11,27.6,15.6,,0.0,,,,,,,,,,0,,,,,0,,0,,,,,,,,,,,,,
43295,2025,12,12,27.7,15.0,,0.0,,,,,,,,,,0,,,,,0,,0,,,,,,,,,,,,,
43295,2025,12,13,29.2,14.7,,0.0,,,,,,,,,,0,,,,,0,,0,,,,,,,,,,,,,
43295,2025,12,14,27.5,14.5,,0.0,,,,,,,,,,0,,,,,0,,0,,,,,,,,,,,,,
43295,2025,12,15,27.2,14.6,,0.0,,,,,,,,,,0,,,,,0,,0,,,,,,,,,,,,,
43295,2025,12,16,24.4,16.4,,0.0,,,,,,,,,,0,,,,,0,,0,,,,,,,,,,,,,
43295,2025,12,17,27.7,18.7,,0.0,,,,,,,,,,0,,,,,0,,0,,,,,,,,,,,,,
43295,2025,12,18,28.2,15.6,,0.0,,,,,,,,,,0,,,,,0,,0,,,,,,,,,,,,,
43295,2025,12,19,26.5,15.4,,0.0,,,,,,,,,,0,,,,,0,,0,,,,,,,,,,,,,
43295,2025,12,20,26.2,14.4,,0.0,,,,,,,,,,0,,,,,0,,0,,,,,,,,,,,,,
43295,2025,12,21,26.6,14.7,,0.0,,,,,,,,,,0,,,,,0,,0,,,,,,,,,,,,,
43295,2025,12,22,26.0,15.2,,0.0,,,,,,,,,,0,,,,,0,,0,,,,,,,,,,,,,
43295,2025,12,23,26.9,15.2,,0.0,,,,,,,,,,0,,,,,0,,0,,,,,,,,,,,,,
43295,2025,12,24,27.0,15.1,,0.0,,,,,,,,,,0,,,,,0,,0,,,,,,,,,,,,,
43295,2025,12,25,27.7,15.0,,0.0,,,,,,,,,,0,,,,,0,,0,,,,,,,,,,,,,
43295,2025,12,26,26.8,17.0,,0.0,,,,,,,,,,0,,,,,0,,0,,,,,,,,,,,,,
43295,2025,12,27,26.7,15.9,,0.0,,,,,,,,,,0,,,,,0,,0,,,,,,,,,,,,,
43295,2025,12,28,26.4,15.9,,0.0,,,,,,,,,,0,,,,,0,,0,,,,,,,,,,,,,
43295,2025,12,29,28.0,16.7,,0.0,,,,,,,,,,0,,,,,0,,0,,,,,,,,,,,,,
43295,2025,12,30,28.5,18.4,,0.0,,,,,,,,,,0,,,,,0,,0,,,,,,,,,,,,,
43295,2025,12,31,28.7,17.4,,0.0,,,,,,,,,,0,,,,,0,,0,,,,,,,,,,,,,
