date,YEAR,MONTH,MAX,MIN,DTR,AW,RF,EVP,DRNRF,SSH,RF_3d,RF_7d,MAX_3d_avg,MIN_3d_avg,DTR_3d_avg,RF_lag1,MAX_lag1,MIN_lag1,LABEL_lag1,MONTH_sin,MONTH_cos,DOY_sin,DOY_cos,SEASON,HA_flag,RF_nonzero,LABEL
2015-01-02,2015,1,29.1,17.6,11.5,2.0,1.4,2.9,95.0,306.0,,,,,,0.0,,,0,0.49999999999999994,0.8660254037844387,0.03442161162274574,0.9994074007397048,0,0,1,0
2015-01-03,2015,1,29.2,18.7,10.5,2.0,0.0,3.6,0.0,366.0,1.4,1.4,29.1,17.6,11.5,1.4,29.1,17.6,0,0.49999999999999994,0.8660254037844387,0.051619667223253764,0.998666816288476,0,0,0,0
2015-01-04,2015,1,28.3,19.0,9.3,2.0,0.0,4.1,0.0,378.0,1.4,1.4,29.15,18.15,11.0,0.0,29.2,18.7,0,0.49999999999999994,0.8660254037844387,0.06880242680231986,0.9976303053065857,0,0,0,0
2015-01-05,2015,1,28.8,18.4,10.400000000000002,2.0,0.0,5.2,0.0,474.0,1.4,1.4,28.866666666666664,18.433333333333334,10.433333333333334,0.0,28.3,19.0,0,0.49999999999999994,0.8660254037844387,0.08596479873744647,0.9962981749346078,0,0,0,0
2015-01-06,2015,1,28.1,18.6,9.5,1.0,0.0,3.4,0.0,486.0,0.0,1.4,28.766666666666666,18.7,10.066666666666668,0.0,28.8,18.4,0,0.49999999999999994,0.8660254037844387,0.10310169744743485,0.9946708199115211,0,0,0,0
2015-01-07,2015,1,27.0,17.4,9.600000000000001,1.0,0.0,4.5,0.0,330.0,0.0,1.4,28.400000000000002,18.666666666666668,9.733333333333334,0.0,28.1,18.6,0,0.49999999999999994,0.8660254037844387,0.1202080448993527,0.9927487224577402,0,0,0,0
2015-01-08,2015,1,28.6,17.6,11.0,1.0,0.0,4.2,0.0,414.0,0.0,1.4,27.96666666666667,18.13333333333333,9.833333333333334,0.0,27.0,17.4,0,0.49999999999999994,0.8660254037844387,0.13727877211326478,0.9905324521322229,0,0,0,0
2015-01-09,2015,1,27.6,17.6,10.0,1.0,0.0,5.2,0.0,210.0,0.0,1.4,27.900000000000002,17.86666666666667,10.033333333333333,0.0,28.6,17.6,0,0.49999999999999994,0.8660254037844387,0.15430882066428117,0.9880226656636976,0,0,0,0
2015-01-10,2015,1,27.4,16.5,10.899999999999999,1.0,0.0,3.3,0.0,282.0,0.0,0.0,27.733333333333334,17.53333333333333,10.200000000000001,0.0,27.6,17.6,0,0.49999999999999994,0.8660254037844387,0.1712931441814776,0.9852201067560606,0,0,0,0
2015-01-11,2015,1,28.3,12.7,15.600000000000001,1.0,0.0,2.5,0.0,528.0,0.0,0.0,27.866666666666664,17.233333333333334,10.633333333333333,0.0,27.4,16.5,0,0.49999999999999994,0.8660254037844387,0.1882267098432442,0.9821256058680006,0,0,0,0
2015-01-12,2015,1,28.6,14.0,14.600000000000001,1.0,0.0,3.0,0.0,564.0,0.0,0.0,27.76666666666667,15.6,12.166666666666666,0.0,28.3,12.7,0,0.49999999999999994,0.8660254037844387,0.2051044998686192,0.9787400799669153,0,0,0,0
2015-01-13,2015,1,26.7,13.7,13.0,1.0,0.0,3.7,0.0,540.0,0.0,0.0,28.099999999999998,14.4,13.700000000000001,0.0,28.6,14.0,0,0.49999999999999994,0.8660254037844387,0.2219215130041655,0.9750645322571948,0,0,0,0
2015-01-14,2015,1,27.1,13.7,13.400000000000002,1.0,0.0,3.3,0.0,534.0,0.0,0.0,27.86666666666667,13.466666666666667,14.4,0.0,26.7,13.7,0,0.49999999999999994,0.8660254037844387,0.2386727660059501,0.9711000518829505,0,0,0,0
2015-01-15,2015,1,27.1,14.4,12.700000000000001,1.0,0.0,4.4,0.0,486.0,0.0,0.0,27.46666666666667,13.799999999999999,13.666666666666666,0.0,27.1,13.7,0,0.49999999999999994,0.8660254037844387,0.255353295116187,0.9668478136052775,0,0,0,0
2015-01-16,2015,1,27.1,15.7,11.400000000000002,1.0,0.0,4.1,0.0,528.0,0.0,0.0,26.96666666666667,13.933333333333332,13.033333333333333,0.0,27.1,14.4,0,0.49999999999999994,0.8660254037844387,0.2719581575341055,0.9623090774541486,0,0,0,0
2015-01-17,2015,1,28.3,17.3,11.0,2.0,0.0,5.4,0.0,510.0,0.0,0.0,27.1,14.6,12.500000000000002,0.0,27.1,15.7,0,0.49999999999999994,0.8660254037844387,0.288482432880609,0.9574851883550393,0,0,0,0
2015-01-18,2015,1,27.9,15.9,11.999999999999998,1.0,0.0,3.5,0.0,360.0,0.0,0.0,27.5,15.800000000000002,11.700000000000001,0.0,28.3,17.3,0,0.49999999999999994,0.8660254037844387,0.30492122465628907,0.9523775757303974,0,0,0,0
2015-01-19,2015,1,28.2,15.4,12.799999999999999,2.0,0.0,3.9,0.0,420.0,0.0,0.0,27.766666666666666,16.3,11.466666666666667,0.0,27.9,15.9,0,0.49999999999999994,0.8660254037844387,0.3212696616923644,0.9469877530760753,0,0,0,0
2015-01-20,2015,1,28.2,15.6,12.6,2.0,0.0,4.0,0.0,504.0,0.0,0.0,28.133333333333336,16.2,11.933333333333332,0.0,28.2,15.4,0,0.49999999999999994,0.8660254037844387,0.3375228995941133,0.9413173175128471,0,0,0,0
2015-01-21,2015,1,27.4,15.5,11.899999999999999,2.0,0.0,4.5,0.0,432.0,0.0,0.0,28.099999999999998,15.633333333333335,12.466666666666667,0.0,28.2,15.6,0,0.49999999999999994,0.8660254037844387,0.3536761221763716,0.9353679493131483,0,0,0,0
2015-01-22,2015,1,27.1,14.4,12.700000000000001,2.0,0.0,3.5,0.0,408.0,0.0,0.0,27.933333333333334,15.500000000000002,12.433333333333332,0.0,27.4,15.5,0,0.49999999999999994,0.8660254037844387,0.3697245428906731,0.9291414114031743,0,0,0,0
2015-01-23,2015,1,29.2,17.3,11.899999999999999,2.0,0.0,6.5,0.0,522.0,0.0,0.0,27.566666666666663,15.166666666666666,12.4,0.0,27.1,14.4,0,0.49999999999999994,0.8660254037844387,0.38566340624360707,0.9226395488404876,0,0,0,0
2015-01-24,2015,1,28.7,18.0,10.7,3.0,0.0,4.3,0.0,444.0,0.0,0.0,27.900000000000002,15.733333333333334,12.166666666666666,0.0,29.2,17.3,0,0.49999999999999994,0.8660254037844387,0.401487989205973,0.9158642882672872,0,0,0,0
2015-01-25,2015,1,26.1,18.0,8.100000000000001,2.0,0.0,4.7,0.0,234.0,0.0,0.0,28.333333333333332,16.566666666666666,11.766666666666666,0.0,28.7,18.0,0,0.49999999999999994,0.8660254037844387,0.4171936026123168,0.9088176373395029,0,0,0,0
2015-01-26,2015,1,29.4,15.2,14.2,2.0,0.0,4.8,0.0,552.0,0.0,0.0,28.0,17.76666666666667,10.233333333333333,0.0,26.1,18.0,0,0.49999999999999994,0.8660254037844387,0.4327755925504312,0.901501684131884,0,0,0,0
2015-01-27,2015,1,28.4,15.2,13.2,2.0,0.0,4.9,0.0,540.0,0.0,0.0,28.066666666666663,17.066666666666666,11.0,0.0,29.4,15.2,0,0.49999999999999994,0.8660254037844387,0.4482293417404106,0.893918596519257,0,0,0,0
2015-01-28,2015,1,27.9,17.2,10.7,3.0,0.0,4.5,0.0,558.0,0.0,0.0,27.96666666666667,16.133333333333333,11.833333333333334,0.0,28.4,15.2,0,0.49999999999999994,0.8660254037844387,0.4635502709028509,0.886070621534138,0,0,0,0
2015-01-29,2015,1,28.2,17.3,10.899999999999999,2.0,0.0,5.0,0.0,312.0,0.0,0.0,28.566666666666663,15.866666666666667,12.700000000000001,0.0,27.9,17.2,0,0.49999999999999994,0.8660254037844387,0.47873384011578846,0.8779600847008882,0,0,0,0
2015-01-30,2015,1,28.4,18.0,10.399999999999999,1.0,0.0,5.5,50.0,336.0,0.0,0.0,28.166666666666668,16.566666666666666,11.6,0.0,28.2,17.3,0,0.49999999999999994,0.8660254037844387,0.4937755501599772,0.869589389346611,0,0,0,0
2015-01-31,2015,1,28.2,16.6,11.599999999999998,1.0,0.0,4.8,5.0,258.0,0.0,0.0,28.166666666666668,17.5,10.666666666666666,0.0,28.4,18.0,0,0.49999999999999994,0.8660254037844387,0.5086709438521044,0.8609610158889943,0,0,0,0
2015-02-01,2015,2,30.2,16.2,14.0,2.0,0.0,5.0,0.0,558.0,0.0,0.0,28.266666666666666,17.3,10.966666666666663,0.0,28.2,16.6,0,0.8660254037844386,0.5000000000000001,0.5234156073655503,0.8520775211013093,0,0,0,0
2015-02-02,2015,2,29.3,16.4,12.900000000000002,2.0,0.0,4.5,0.0,528.0,0.0,0.0,28.933333333333334,16.933333333333334,11.999999999999998,0.0,30.2,16.2,0,0.8660254037844386,0.5000000000000001,0.5380051715382996,0.8429415373547828,0,0,0,0
2015-02-03,2015,2,27.7,15.0,12.7,3.0,0.0,4.8,0.0,432.0,0.0,0.0,29.233333333333334,16.400000000000002,12.833333333333334,0.0,29.3,16.4,0,0.8660254037844386,0.5000000000000001,0.5524353131676196,0.8335557718385699,0,0,0,0
2015-02-04,2015,2,28.6,15.0,13.600000000000001,2.0,0.0,5.5,0.0,558.0,0.0,0.0,29.066666666666666,15.866666666666667,13.200000000000001,0.0,27.7,15.0,0,0.8660254037844386,0.5000000000000001,0.5667017562911176,0.8239230057575542,0,0,0,0
2015-02-05,2015,2,28.4,16.2,12.2,2.0,0.0,3.7,0.0,491.0,0.0,0.0,28.53333333333333,15.466666666666669,13.066666666666668,0.0,28.6,15.0,0,0.8660254037844386,0.5000000000000001,0.5808002734538009,0.8140460935082178,0,0,0,0
2015-02-06,2015,2,29.4,15.9,13.499999999999998,2.0,0.0,5.6,0.0,491.0,0.0,0.0,28.233333333333334,15.4,12.833333333333334,0.0,28.4,16.2,0,0.8660254037844386,0.5000000000000001,0.5947266869607634,0.8039279618328213,0,0,0,0
2015-02-07,2015,2,30.2,16.3,13.899999999999999,2.0,0.0,5.6,0.0,576.0,0.0,0.0,28.799999999999997,15.700000000000001,13.1,0.0,29.4,15.9,0,0.8660254037844386,0.5000000000000001,0.6084768701151261,0.7935716089521474,0,0,0,0
2015-02-08,2015,2,30.2,15.7,14.5,2.0,0.0,5.4,0.0,528.0,0.0,0.0,29.333333333333332,16.133333333333336,13.199999999999998,0.0,30.2,16.3,0,0.8660254037844386,0.5000000000000001,0.6220467484408675,0.7829801036770628,0,0,0,0
2015-02-09,2015,2,30.6,15.5,15.100000000000001,2.0,0.0,5.4,0.0,552.0,0.0,0.0,29.933333333333334,15.966666666666669,13.966666666666663,0.0,30.2,15.7,0,0.8660254037844386,0.5000000000000001,0.6354323008901774,0.7721565844991642,0,0,0,0
2015-02-10,2015,2,30.1,14.4,15.700000000000001,2.0,0.0,4.8,0.0,540.0,0.0,0.0,30.333333333333332,15.833333333333334,14.5,0.0,30.6,15.5,0,0.8660254037844386,0.5000000000000001,0.6486295610349814,0.7611042586607747,0,0,0,0
2015-02-11,2015,2,28.7,15.8,12.899999999999999,1.0,0.0,5.2,0.0,534.0,0.0,0.0,30.3,15.200000000000003,15.100000000000001,0.0,30.1,14.4,0,0.8660254037844386,0.5000000000000001,0.6616346182422783,0.7498264012045686,0,0,0,0
2015-02-12,2015,2,30.6,18.2,12.400000000000002,2.0,0.0,5.5,0.0,564.0,0.0,0.0,29.8,15.233333333333336,14.566666666666668,0.0,28.7,15.8,0,0.8660254037844386,0.5000000000000001,0.6744436188329455,0.7383263540031065,0,0,0,0
2015-02-13,2015,2,31.1,17.7,13.400000000000002,2.0,0.0,5.9,0.0,516.0,0.0,0.0,29.8,16.133333333333336,13.666666666666666,0.0,30.6,18.2,0,0.8660254037844386,0.5000000000000001,0.6870527672236669,0.7266075247685656,0,0,0,0
2015-02-14,2015,2,32.0,17.9,14.100000000000001,1.0,0.0,5.5,0.0,486.0,0.0,0.0,30.133333333333336,17.233333333333334,12.9,0.0,31.1,17.7,0,0.8660254037844386,0.5000000000000001,0.6994583270516471,0.7146733860429609,0,0,0,0
2015-02-15,2015,2,32.7,16.5,16.200000000000003,1.0,0.0,6.2,0.0,540.0,0.0,0.0,31.233333333333334,17.933333333333334,13.300000000000002,0.0,32.0,17.9,0,0.8660254037844386,0.5000000000000001,0.7116566222817746,0.7025274741691571,0,0,0,0
2015-02-16,2015,2,33.0,17.4,15.600000000000001,1.0,0.0,5.0,0.0,564.0,0.0,0.0,31.933333333333337,17.36666666666667,14.56666666666667,0.0,32.7,16.5,0,0.8660254037844386,0.5000000000000001,0.7236440382959124,0.6901733882429719,0,0,0,0
2015-02-17,2015,2,32.6,16.7,15.900000000000002,2.0,0.0,5.2,0.0,546.0,0.0,0.0,32.56666666666667,17.266666666666666,15.300000000000002,0.0,33.0,17.4,0,0.8660254037844386,0.5000000000000001,0.7354170229639855,0.6776147890466889,0,0,0,0
2015-02-18,2015,2,32.4,17.0,15.399999999999999,1.0,0.0,6.0,0.0,570.0,0.0,0.0,32.76666666666667,16.86666666666667,15.9,0.0,32.6,16.7,0,0.8660254037844386,0.5000000000000001,0.7469720876965552,0.6648553979642865,0,0,0,0
2015-02-19,2015,2,33.1,18.6,14.5,2.0,0.0,6.2,0.0,558.0,0.0,0.0,32.666666666666664,17.033333333333335,15.633333333333335,0.0,32.4,17.0,0,0.8660254037844386,0.5000000000000001,0.7583058084785624,0.6518989958787126,0,0,0,0
2015-02-20,2015,2,32.1,16.9,15.200000000000003,2.0,0.0,6.0,0.0,491.0,0.0,0.0,32.699999999999996,17.433333333333334,15.266666666666666,0.0,33.1,18.6,0,0.8660254037844386,0.5000000000000001,0.7694148268839378,0.6387494220515272,0,0,0,0
2015-02-21,2015,2,31.7,17.3,14.399999999999999,2.0,0.0,6.0,0.0,546.0,0.0,0.0,32.53333333333333,17.500000000000004,15.033333333333333,0.0,32.1,16.9,0,0.8660254037844386,0.5000000000000001,0.7802958510707755,0.6254105729852463,0,0,0,0
2015-02-22,2015,2,31.0,17.1,13.899999999999999,2.0,0.0,5.5,0.0,546.0,0.0,0.0,32.3,17.600000000000005,14.700000000000001,0.0,31.7,17.3,0,0.8660254037844386,0.5000000000000001,0.7909456567567772,0.6118864012687243,0,0,0,0
2015-02-23,2015,2,31.2,16.1,15.099999999999998,2.0,0.0,5.7,0.0,546.0,0.0,0.0,31.599999999999998,17.100000000000005,14.5,0.0,31.0,17.1,0,0.8660254037844386,0.5000000000000001,0.8013610881746766,0.5981809144059164,0,0,0,0
2015-02-24,2015,2,30.9,15.8,15.099999999999998,2.0,0.0,5.5,0.0,570.0,0.0,0.0,31.3,16.83333333333334,14.466666666666663,0.0,31.2,16.1,0,0.8660254037844386,0.5000000000000001,0.811539059007361,0.5842981736283684,0,0,0,0
2015-02-25,2015,2,31.6,17.0,14.600000000000001,2.0,0.0,5.2,0.0,606.0,0.0,0.0,31.03333333333333,16.33333333333334,14.699999999999998,0.0,30.9,15.8,0,0.8660254037844386,0.5000000000000001,0.8214765533024142,0.5702422926917871,0,0,0,0
2015-02-26,2015,2,32.4,17.2,15.2,1.0,0.0,6.0,0.0,504.0,0.0,0.0,31.23333333333333,16.3,14.933333333333332,0.0,31.6,17.0,0,0.8660254037844386,0.5000000000000001,0.8311706263658079,0.5560174366570446,0,0,0,0
2015-02-27,2015,2,33.5,20.1,13.399999999999999,3.0,0.0,6.2,0.0,522.0,0.0,0.0,31.633333333333336,16.666666666666668,14.966666666666667,0.0,32.4,17.2,0,0.8660254037844386,0.5000000000000001,0.8406184056344782,0.5416278206559814,0,0,0,0
2015-02-28,2015,2,33.6,21.4,12.200000000000003,3.0,0.0,6.0,0.0,491.0,0.0,0.0,32.5,18.1,14.4,0.0,33.5,20.1,0,0.8660254037844386,0.5000000000000001,0.8498170915275278,0.5270777086423722,0,0,0,1
2015-03-01,2015,3,32.4,20.8,11.599999999999998,4.0,1.0,4.8,120.0,306.0,0.0,0.0,33.166666666666664,19.56666666666667,13.6,0.0,33.6,21.4,1,1.0,6.123233995736766e-17,0.8587639582758029,0.5123714121284237,1,0,1,0
2015-03-02,2015,3,32.6,21.4,11.200000000000003,3.0,0.1,5.9,70.0,324.0,1.0,1.0,33.166666666666664,20.76666666666667,12.4,1.0,32.4,20.8,0,1.0,6.123233995736766e-17,0.8674563547295968,0.49751328890718066,1,0,1,0
2015-03-03,2015,3,32.4,19.9,12.5,2.0,22.2,6.3,238.0,312.0,1.1,1.1,32.86666666666667,21.200000000000003,11.666666666666666,0.1,32.6,21.4,0,1.0,6.123233995736766e-17,0.8758917051442429,0.48250774176121847,1,0,1,1
2015-03-04,2015,3,28.4,19.9,8.5,1.0,13.8,3.6,40.0,72.0,23.3,23.3,32.46666666666667,20.700000000000003,11.766666666666666,22.2,32.4,19.9,1,1.0,6.123233995736766e-17,0.8840675099433636,0.4673592171580022,1,0,1,0
2015-03-05,2015,3,31.7,20.2,11.5,2.0,0.0,5.8,0.0,354.0,36.1,37.1,31.13333333333333,20.400000000000002,10.733333333333334,13.8,28.4,19.9,0,1.0,6.123233995736766e-17,0.8919813464595485,0.45207220393230435,1,0,0,0
2015-03-06,2015,3,32.2,21.4,10.800000000000004,3.0,0.0,6.8,0.0,540.0,36.0,37.1,30.833333333333332,20.0,10.833333333333334,0.0,31.7,20.2,0,1.0,6.123233995736766e-17,0.8996308696522433,0.43665123195606403,1,0,0,1
2015-03-07,2015,3,31.2,20.6,10.599999999999998,3.0,0.6,5.8,10.0,288.0,13.8,37.1,30.76666666666667,20.500000000000004,10.266666666666667,0.0,32.2,21.4,1,1.0,6.123233995736766e-17,0.9070138128026359,0.4211008707960896,1,0,1,0
2015-03-08,2015,3,31.4,20.1,11.299999999999997,3.0,0.0,5.0,0.0,438.0,0.6,37.7,31.700000000000003,20.733333333333338,10.966666666666669,0.6,31.2,20.6,0,1.0,6.123233995736766e-17,0.9141279881853337,0.40542572835999735,1,0,0,0
2015-03-09,2015,3,31.5,19.6,11.899999999999999,3.0,0.0,5.5,0.0,420.0,0.6,36.7,31.599999999999998,20.700000000000003,10.9,0.0,31.4,20.1,0,1.0,6.123233995736766e-17,0.9209712877166346,0.38963044953078796,1,0,0,0
2015-03-10,2015,3,30.8,19.5,11.3,2.0,0.0,5.9,0.0,480.0,0.6,36.6,31.366666666666664,20.100000000000005,11.266666666666666,0.0,31.5,19.6,0,1.0,6.123233995736766e-17,0.9275416835791966,0.37371971479046906,1,0,0,0
2015-03-11,2015,3,31.7,16.7,15.0,2.0,0.0,5.8,0.0,534.0,0.0,14.4,31.23333333333333,19.733333333333338,11.5,0.0,30.8,19.5,0,1.0,6.123233995736766e-17,0.9338372288229252,0.35769823883312546,1,0,0,0
2015-03-12,2015,3,30.8,18.6,12.2,2.0,0.0,6.0,0.0,491.0,0.0,0.6,31.333333333333332,18.600000000000005,12.733333333333334,0.0,31.7,16.7,0,1.0,6.123233995736766e-17,0.9398560579418954,0.3415707691678556,1,0,0,0
2015-03-13,2015,3,30.2,18.6,11.599999999999998,2.0,0.0,6.0,0.0,510.0,0.0,0.6,31.100000000000005,18.26666666666667,12.833333333333334,0.0,30.8,18.6,0,1.0,6.123233995736766e-17,0.9455963874271426,0.3253420847119801,1,0,0,0
2015-03-14,2015,3,31.2,18.4,12.8,3.0,0.0,6.7,0.0,528.0,0.0,0.6,30.900000000000002,17.96666666666667,12.933333333333332,0.0,30.2,18.6,0,1.0,6.123233995736766e-17,0.9510565162951535,0.30901699437494745,1,0,0,0
2015-03-15,2015,3,32.7,20.4,12.300000000000004,3.0,0.0,6.2,0.0,516.0,0.0,0.0,30.73333333333333,18.533333333333335,12.199999999999998,0.0,31.2,18.4,0,1.0,6.123233995736766e-17,0.9562348265919056,0.29260033563334836,1,0,0,0
2015-03-16,2015,3,32.1,19.9,12.200000000000003,3.0,0.0,7.0,0.0,462.0,0.0,0.0,31.366666666666664,19.133333333333336,12.233333333333334,0.0,32.7,20.4,0,1.0,6.123233995736766e-17,0.9611297838723007,0.27609697309746883,1,0,0,0
2015-03-17,2015,3,32.5,18.7,13.8,2.0,0.0,6.2,0.0,498.0,0.0,0.0,32.0,19.566666666666666,12.433333333333337,0.0,32.1,19.9,0,1.0,6.123233995736766e-17,0.9657399376548549,0.2595117970697999,1,0,0,0
2015-03-18,2015,3,33.4,18.5,14.899999999999999,2.0,0.0,6.5,0.0,528.0,0.0,0.0,32.43333333333334,19.666666666666668,12.766666666666671,0.0,32.5,18.7,0,1.0,6.123233995736766e-17,0.9700639218515071,0.2428497220959356,1,0,0,0
2015-03-19,2015,3,35.1,19.7,15.400000000000002,1.0,0.0,6.3,0.0,510.0,0.0,0.0,32.666666666666664,19.033333333333335,13.633333333333335,0.0,33.4,18.5,0,1.0,6.123233995736766e-17,0.9741004551724205,0.22611568550828828,1,0,0,0
2015-03-20,2015,3,34.0,19.5,14.5,2.0,0.0,5.0,0.0,480.0,0.0,0.0,33.666666666666664,18.96666666666667,14.700000000000001,0.0,35.1,19.7,0,1.0,6.123233995736766e-17,0.9778483415056568,0.20931464596304847,1,0,0,0
2015-03-21,2015,3,34.7,19.6,15.100000000000001,1.0,0.0,6.7,0.0,534.0,0.0,0.0,34.166666666666664,19.233333333333334,14.933333333333332,0.0,34.0,19.5,0,1.0,6.123233995736766e-17,0.9813064702716093,0.19245158197082998,1,0,0,0
2015-03-22,2015,3,34.4,19.3,15.099999999999998,1.0,0.0,6.2,0.0,558.0,0.0,0.0,34.6,19.600000000000005,15.0,0.0,34.7,19.6,0,1.0,6.123233995736766e-17,0.9844738167520922,0.1755314904214282,1,0,0,0
2015-03-23,2015,3,35.8,22.4,13.399999999999999,2.0,0.0,6.7,0.0,528.0,0.0,0.0,34.36666666666667,19.46666666666667,14.9,0.0,34.4,19.3,0,1.0,6.123233995736766e-17,0.9873494423939864,0.15855938510313478,1,0,0,0
2015-03-24,2015,3,35.3,23.0,12.299999999999997,2.0,0.0,6.5,0.0,408.0,0.0,0.0,34.96666666666667,20.433333333333334,14.533333333333331,0.0,35.8,22.4,0,1.0,6.123233995736766e-17,0.989932495087353,0.141540295217043,1,0,0,0
2015-03-25,2015,3,35.8,22.3,13.499999999999996,2.0,0.0,5.4,0.0,432.0,0.0,0.0,35.166666666666664,21.566666666666666,13.6,0.0,35.3,23.0,0,1.0,6.123233995736766e-17,0.9922222094179323,0.12447926388678915,1,0,0,0
2015-03-26,2015,3,34.5,21.0,13.5,2.0,0.0,6.3,0.0,438.0,0.0,0.0,35.633333333333326,22.566666666666666,13.066666666666663,0.0,35.8,22.3,0,1.0,6.123233995736766e-17,0.994217906893952,0.10738134666416309,1,0,0,0
2015-03-27,2015,3,33.8,19.9,13.899999999999999,3.0,0.0,6.2,0.0,486.0,0.0,0.0,35.199999999999996,22.100000000000005,13.1,0.0,34.5,21.0,0,1.0,6.123233995736766e-17,0.995918996147179,0.09025161003104117,1,0,0,0
2015-03-28,2015,3,34.5,20.1,14.399999999999999,2.0,0.0,7.0,0.0,450.0,0.0,0.0,34.699999999999996,21.066666666666666,13.633333333333331,0.0,33.8,19.9,0,1.0,6.123233995736766e-17,0.9973249731081555,0.07309512989807777,1,0,0,0
2015-03-29,2015,3,33.9,20.2,13.7,2.0,0.0,6.5,0.0,510.0,0.0,0.0,34.26666666666667,20.33333333333334,13.933333333333332,0.0,34.5,20.1,0,1.0,6.123233995736766e-17,0.9984354211555643,0.055916990100603484,1,0,0,0
2015-03-30,2015,3,34.6,21.3,13.3,3.0,0.0,6.5,0.0,474.0,0.0,0.0,34.06666666666667,20.06666666666667,14.0,0.0,33.9,20.2,0,1.0,6.123233995736766e-17,0.9992500112396835,0.03872228089217446,1,0,0,0
2015-03-31,2015,3,33.8,22.3,11.499999999999996,2.0,0.0,6.7,0.0,480.0,0.0,0.0,34.333333333333336,20.533333333333335,13.799999999999999,0.0,34.6,21.3,0,1.0,6.123233995736766e-17,0.9997685019798909,0.021516097436222254,1,0,0,0
2015-04-01,2015,4,33.0,21.6,11.399999999999999,2.0,1.2,5.7,20.0,258.0,0.0,0.0,34.1,21.26666666666667,12.833333333333334,0.0,33.8,22.3,0,0.8660254037844387,-0.4999999999999998,0.9999907397361901,0.004303538296244289,1,0,1,0
2015-04-02,2015,4,33.4,22.4,11.0,3.0,0.0,6.8,0.0,336.0,1.2,1.2,33.800000000000004,21.733333333333338,12.066666666666665,1.2,33.0,21.6,0,0.8660254037844387,-0.4999999999999998,0.9999166586547379,-0.01291029607500882,1,0,0,0
2015-04-03,2015,4,35.1,22.8,12.3,4.0,0.0,7.5,0.0,438.0,1.2,1.2,33.4,22.100000000000005,11.299999999999997,0.0,33.4,22.4,0,0.8660254037844387,-0.4999999999999998,0.9995462806873573,-0.030120304846908114,1,0,0,0
2015-04-04,2015,4,34.8,23.0,11.799999999999997,3.0,0.0,6.5,0.0,366.0,1.2,1.2,33.833333333333336,22.26666666666667,11.566666666666668,0.0,35.1,22.8,0,0.8660254037844387,-0.4999999999999998,0.9988797155850336,-0.04732138832243185,1,0,0,0
2015-04-05,2015,4,36.1,25.4,10.700000000000003,2.0,0.0,7.0,0.0,360.0,0.0,1.2,34.43333333333334,22.733333333333334,11.699999999999998,0.0,34.8,23.0,0,0.8660254037844387,-0.4999999999999998,0.9979171608653922,-0.06450844944931623,1,0,0,0
2015-04-06,2015,4,36.5,24.8,11.7,3.0,0.0,7.2,2.0,450.0,0.0,1.2,35.333333333333336,23.733333333333334,11.6,0.0,36.1,25.4,0,0.8660254037844387,-0.4999999999999998,0.9966589017541702,-0.08167639533042241,1,0,0,0
2015-04-07,2015,4,35.4,22.7,12.7,4.0,0.0,6.0,0.0,414.0,0.0,1.2,35.800000000000004,24.400000000000006,11.4,0.0,36.5,24.8,0,0.8660254037844387,-0.4999999999999998,0.9951053111006976,-0.09882013873287143,1,0,0,0
2015-04-08,2015,4,35.5,24.1,11.399999999999999,3.0,0.0,8.0,0.0,378.0,0.0,1.2,36.0,24.3,11.700000000000001,0.0,35.4,22.7,0,0.8660254037844387,-0.4999999999999998,0.9932568492674143,-0.11593459959550041,1,0,0,0
2015-04-09,2015,4,34.3,23.0,11.299999999999997,3.0,0.0,7.0,0.0,348.0,0.0,0.0,35.800000000000004,23.86666666666667,11.933333333333332,0.0,35.5,24.1,0,0.8660254037844387,-0.4999999999999998,0.9911140639934547,-0.1330147065341959,1,0,0,0
2015-04-10,2015,4,35.0,23.9,11.100000000000001,3.0,0.0,7.0,0.0,516.0,0.0,0.0,35.06666666666666,23.26666666666667,11.799999999999997,0.0,34.3,23.0,0,0.8660254037844387,-0.4999999999999998,0.9886775902323405,-0.1500553983446526,1,0,0,0
2015-04-11,2015,4,35.0,23.2,11.8,3.0,0.0,6.5,0.0,462.0,0.0,0.0,34.93333333333333,23.666666666666668,11.266666666666666,0.0,35.0,23.9,0,0.8660254037844387,-0.4999999999999998,0.9859481499638304,-0.16705162550211924,1,0,0,1
2015-04-12,2015,4,34.4,20.3,14.099999999999998,2.0,32.0,6.0,250.0,234.0,0.0,0.0,34.76666666666666,23.36666666666667,11.4,0.0,35.0,23.2,1,0.8660254037844387,-0.4999999999999998,0.9829265519799822,-0.18399835165768005,1,0,1,0
2015-04-13,2015,4,29.0,19.2,9.8,3.0,5.6,3.0,175.0,156.0,32.0,32.0,34.800000000000004,22.46666666666667,12.333333333333334,32.0,34.4,20.3,0,0.8660254037844387,-0.4999999999999998,0.9796136916454901,-0.20089055513063506,1,0,1,1
2015-04-14,2015,4,28.3,18.1,10.2,2.0,11.6,4.4,120.0,192.0,37.6,37.6,32.800000000000004,20.900000000000002,11.9,5.6,29.0,19.2,1,0.8660254037844387,-0.4999999999999998,0.9760105506323683,-0.21772323039653177,1,0,1,1
2015-04-15,2015,4,30.5,19.9,10.600000000000001,2.0,8.6,4.1,65.0,384.0,49.2,49.2,30.566666666666666,19.200000000000003,11.366666666666665,11.6,28.3,18.1,1,0.8660254037844387,-0.4999999999999998,0.9721181966290613,-0.23449138957040985,1,0,1,0
2015-04-16,2015,4,29.3,18.8,10.5,1.0,19.0,3.5,80.0,348.0,25.799999999999997,57.8,29.266666666666666,19.06666666666667,10.200000000000001,8.6,30.5,19.9,0,0.8660254037844387,-0.4999999999999998,0.9679377830240642,-0.25119006388481935,1,0,1,0
2015-04-17,2015,4,30.5,19.3,11.2,2.0,4.4,4.8,165.0,414.0,39.199999999999996,76.8,29.366666666666664,18.933333333333337,10.433333333333334,19.0,29.3,18.8,0,0.8660254037844387,-0.4999999999999998,0.9634705485641488,-0.2678143051621742,1,0,1,1
2015-04-18,2015,4,30.5,19.9,10.600000000000001,2.0,8.2,4.3,50.0,462.0,32.0,81.2,30.100000000000005,19.333333333333336,10.766666666666666,4.4,30.5,19.3,1,0.8660254037844387,-0.4999999999999998,0.9587178169872964,-0.2843591872810034,1,0,1,0
2015-04-19,2015,4,31.3,21.4,9.900000000000002,1.0,0.0,6.0,0.0,540.0,31.599999999999994,89.39999999999999,30.100000000000005,19.333333333333336,10.766666666666666,8.2,30.5,19.9,0,0.8660254037844387,-0.4999999999999998,0.9536809966304457,-0.30081980763566735,1,0,0,0
2015-04-20,2015,4,32.3,20.2,12.099999999999998,2.0,0.0,5.8,0.0,600.0,12.599999999999996,57.4,30.766666666666666,20.2,10.566666666666668,0.0,31.3,21.4,0,0.8660254037844387,-0.4999999999999998,0.9483615800121715,-0.3171912885891061,1,0,0,0
2015-04-21,2015,4,31.7,21.7,10.0,2.0,0.0,5.7,0.0,245.0,8.199999999999996,51.8,31.366666666666664,20.5,10.866666666666667,0.0,32.3,20.2,0,0.8660254037844387,-0.4999999999999998,0.9427611433904207,-0.3334687789181868,1,0,0,1
2015-04-22,2015,4,32.3,22.9,9.399999999999999,3.0,0.0,6.2,0.0,522.0,0.0,40.2,31.766666666666666,21.1,10.666666666666666,0.0,31.7,21.7,1,0.8660254037844387,-0.4999999999999998,0.9368813462954315,-0.3496474552512284,1,0,0,1
2015-04-23,2015,4,33.5,23.1,10.399999999999999,3.0,0.0,6.3,0.0,390.0,0.0,31.6,32.1,21.600000000000005,10.499999999999998,0.0,32.3,22.9,1,0.8660254037844387,-0.4999999999999998,0.9307239310379795,-0.36572252349726897,1,0,0,1
2015-04-24,2015,4,31.9,18.6,13.299999999999997,3.0,53.4,5.3,70.0,228.0,0.0,12.6,32.5,22.566666666666666,9.933333333333332,0.0,33.5,23.1,1,0.8660254037844387,-0.4999999999999998,0.9242907221930934,-0.3816892202666588,1,0,1,0
2015-04-25,2015,4,33.4,19.9,13.5,2.0,35.6,4.7,60.0,474.0,53.39999999999999,61.599999999999994,32.56666666666666,21.533333333333335,11.033333333333331,53.4,31.9,18.6,0,0.8660254037844387,-0.4999999999999998,0.9175836260593937,-0.39754281428255595,1,0,1,1
2015-04-26,2015,4,31.3,19.2,12.100000000000001,2.0,35.9,6.9,230.0,396.0,89.0,89.0,32.93333333333333,20.533333333333335,12.399999999999999,35.6,33.4,19.9,1,0.8660254037844387,-0.4999999999999998,0.9106046300942163,-0.4132786077829042,1,0,1,1
2015-04-27,2015,4,30.8,20.8,10.0,1.0,5.0,5.3,40.0,468.0,124.9,124.9,32.199999999999996,19.233333333333334,12.966666666666667,35.9,31.3,19.2,1,0.8660254037844387,-0.4999999999999998,0.9033558023246845,-0.4288919379124835,1,0,1,0
2015-04-28,2015,4,31.1,22.4,8.700000000000003,3.0,0.0,5.6,0.0,522.0,76.5,129.9,31.833333333333332,19.96666666666667,11.866666666666667,5.0,30.8,20.8,0,0.8660254037844387,-0.4999999999999998,0.895839290734909,-0.4443781781046132,1,0,0,1
2015-04-29,2015,4,32.6,22.6,10.0,3.0,0.0,6.8,0.0,372.0,40.9,129.9,31.066666666666666,20.8,10.266666666666667,0.0,31.1,22.4,1,0.8660254037844387,-0.4999999999999998,0.8880573226294932,-0.45973273945210397,1,0,0,1
2015-04-30,2015,4,33.0,20.4,12.600000000000001,3.0,6.0,5.1,125.0,360.0,5.0,129.9,31.5,21.933333333333337,9.566666666666668,0.0,32.6,22.6,1,0.8660254037844387,-0.4999999999999998,0.8800122039735357,-0.47495107206704995,1,0,1,1
2015-05-01,2015,5,33.4,20.1,13.299999999999997,3.0,9.7,5.7,215.0,438.0,6.0,135.9,32.233333333333334,21.8,10.433333333333335,6.0,33.0,20.4,1,0.49999999999999994,-0.8660254037844387,0.8717063187093219,-0.49002866642905923,1,0,1,0
2015-05-02,2015,5,33.8,22.1,11.699999999999996,3.0,0.0,5.7,0.0,552.0,15.7,92.2,33.0,21.033333333333335,11.966666666666667,9.7,33.4,20.1,0,0.49999999999999994,-0.8660254037844387,0.8631421280499114,-0.5049610547215204,1,0,0,1
2015-05-03,2015,5,33.3,20.0,13.299999999999997,4.0,12.1,3.3,100.0,450.0,15.7,56.60000000000001,33.4,20.86666666666667,12.533333333333331,0.0,33.8,22.1,1,0.49999999999999994,-0.8660254037844387,0.854322169749827,-0.5197438121555155,1,0,1,0
2015-05-04,2015,5,32.0,22.5,9.5,2.0,0.0,5.8,0.0,456.0,21.799999999999997,32.800000000000004,33.5,20.733333333333338,12.766666666666664,12.1,33.3,20.0,0,0.49999999999999994,-0.8660254037844387,0.8452490573530633,-0.5343725582809786,1,0,0,0
2015-05-05,2015,5,31.1,22.1,9.0,2.0,0.0,6.0,3.0,294.0,12.1,27.800000000000004,33.03333333333333,21.533333333333335,11.499999999999998,0.0,32.0,22.5,0,0.49999999999999994,-0.8660254037844387,0.8359254794186372,-0.548842958284719,1,0,0,0
2015-05-06,2015,5,31.5,22.7,8.8,2.0,0.0,5.7,0.0,438.0,12.1,27.800000000000004,32.13333333333333,21.533333333333335,10.6,0.0,31.1,22.1,0,0.49999999999999994,-0.8660254037844387,0.8263541987239096,-0.5631507242749186,1,0,0,0
2015-05-07,2015,5,30.7,22.2,8.5,2.0,0.0,6.8,0.0,0.0,0.0,27.800000000000004,31.53333333333333,22.433333333333337,9.1,0.0,31.5,22.7,0,0.49999999999999994,-0.8660254037844387,0.8165380514459161,-0.5772916165517272,1,0,0,0
2015-05-08,2015,5,31.7,22.2,9.5,3.0,0.0,5.2,0.0,306.0,0.0,21.800000000000004,31.099999999999998,22.333333333333332,8.766666666666667,0.0,30.7,22.2,0,0.49999999999999994,-0.8660254037844387,0.8064799463209448,-0.5912614448635781,1,0,0,0
2015-05-09,2015,5,33.4,22.3,11.099999999999998,3.0,0.0,6.5,0.0,510.0,0.0,12.100000000000007,31.3,22.36666666666667,8.933333333333334,0.0,31.7,22.2,0,0.49999999999999994,-0.8660254037844387,0.7961828637826158,-0.6050560696488488,1,0,0,0
2015-05-10,2015,5,33.1,23.7,9.400000000000002,3.0,0.0,6.5,0.0,234.0,0.0,12.100000000000007,31.933333333333334,22.233333333333334,9.7,0.0,33.4,22.3,0,0.49999999999999994,-0.8660254037844387,0.7856498550787147,-0.6186714032625031,1,0,0,0
2015-05-11,2015,5,31.2,23.5,7.699999999999999,2.0,0.0,5.0,5.0,78.0,0.0,0.0,32.73333333333333,22.733333333333334,10.0,0.0,33.1,23.7,0,0.49999999999999994,-0.8660254037844387,0.7748840413670407,-0.6321034111873487,1,0,0,0
2015-05-12,2015,5,31.5,22.2,9.3,3.0,0.0,6.3,5.0,48.0,0.0,0.0,32.56666666666667,23.166666666666668,9.4,0.0,31.2,23.5,0,0.49999999999999994,-0.8660254037844387,0.7638886127905428,-0.6453481132295501,1,0,0,0
2015-05-13,2015,5,32.0,21.9,10.100000000000001,1.0,2.6,4.6,195.0,138.0,0.0,0.0,31.933333333333334,23.133333333333336,8.8,0.0,31.5,22.2,0,0.49999999999999994,-0.8660254037844387,0.7526668275320084,-0.6584015846980488,1,0,1,0
2015-05-14,2015,5,28.5,21.6,6.899999999999999,1.0,0.2,5.0,8.0,12.0,2.6,2.600000000000007,31.566666666666663,22.53333333333333,9.033333333333333,2.6,32.0,21.9,0,0.49999999999999994,-0.8660254037844387,0.741222010848596,-0.6712599575675313,1,0,1,0
2015-05-15,2015,5,29.6,22.2,7.400000000000002,2.0,0.0,6.0,0.0,114.0,2.8000000000000003,2.8000000000000074,30.666666666666668,21.900000000000002,8.766666666666667,0.2,28.5,21.6,0,0.49999999999999994,-0.8660254037844387,0.7295575540864875,-0.6839194216246106,1,0,0,0
2015-05-16,2015,5,31.2,22.5,8.7,2.0,0.6,5.1,30.0,252.0,2.8000000000000003,2.8000000000000074,30.03333333333333,21.900000000000002,8.133333333333335,0.0,29.6,22.2,0,0.49999999999999994,-0.8660254037844387,0.717676913675962,-0.6963762255968722,1,0,1,1
2015-05-17,2015,5,30.1,20.3,9.8,2.0,66.4,4.4,490.0,120.0,0.8,3.4000000000000075,29.766666666666666,22.100000000000005,7.666666666666667,0.6,31.2,22.5,1,0.49999999999999994,-0.8660254037844387,0.705583610107178,-0.7086266782644596,1,0,1,1
2015-05-18,2015,5,29.6,19.7,9.900000000000002,4.0,15.8,5.8,145.0,264.0,67.0,69.80000000000001,30.299999999999997,21.666666666666668,8.633333333333335,66.4,30.1,20.3,1,0.49999999999999994,-0.8660254037844387,0.6932812268869777,-0.7206671495538609,1,0,1,1
2015-05-19,2015,5,31.2,21.4,9.8,2.0,0.0,6.0,0.0,342.0,82.8,85.60000000000001,30.3,20.833333333333332,9.466666666666667,15.8,29.6,19.7,1,0.49999999999999994,-0.8660254037844387,0.6807734094770161,-0.7324940716135789,1,0,0,1
2015-05-20,2015,5,32.0,19.1,12.899999999999999,4.0,39.2,4.7,224.0,534.0,82.2,85.60000000000001,30.3,20.46666666666667,9.833333333333334,0.0,31.2,21.4,1,0.49999999999999994,-0.8660254037844387,0.6680638642135335,-0.7441039398713607,1,0,1,0
2015-05-21,2015,5,33.0,22.5,10.5,6.0,0.0,6.0,0.0,491.0,55.0,122.20000000000002,30.933333333333334,20.066666666666666,10.866666666666667,39.2,32.0,19.1,0,0.49999999999999994,-0.8660254037844387,0.6551563572090853,-0.7554933140726803,1,0,0,0
2015-05-22,2015,5,32.8,22.8,9.999999999999996,7.0,0.0,6.0,0.0,480.0,39.2,122.00000000000001,32.06666666666666,21.0,11.066666666666668,0.0,33.0,22.5,0,0.49999999999999994,-0.8660254037844387,0.6420547132365637,-0.766658819300159,1,0,0,0
2015-05-23,2015,5,32.0,22.5,9.5,7.0,0.0,6.1,0.0,312.0,39.2,122.00000000000001,32.599999999999994,21.46666666666667,11.133333333333331,0.0,32.8,22.8,0,0.49999999999999994,-0.8660254037844387,0.6287628145958344,-0.777597146973627,1,0,0,0
2015-05-24,2015,5,31.1,22.5,8.600000000000001,6.0,0.0,5.9,0.0,150.0,0.0,121.4,32.599999999999994,22.600000000000005,9.999999999999998,0.0,32.0,22.5,0,0.49999999999999994,-0.8660254037844387,0.6152845999633276,-0.7883050558305255,1,0,0,0
2015-05-25,2015,5,33.3,22.3,10.999999999999996,6.0,0.0,6.4,0.0,486.0,0.0,55.0,31.966666666666665,22.600000000000005,9.366666666666665,0.0,31.1,22.5,0,0.49999999999999994,-0.8660254037844387,0.6016240632249226,-0.7987793728863649,1,0,0,0
2015-05-26,2015,5,33.0,22.3,10.7,6.0,0.0,6.0,0.0,474.0,0.0,39.2,32.13333333333333,22.433333333333337,9.7,0.0,33.3,22.3,0,0.49999999999999994,-0.8660254037844387,0.5877852522924732,-0.8090169943749473,1,0,0,0
2015-05-27,2015,5,32.2,22.9,9.300000000000004,6.0,0.0,7.0,0.0,270.0,0.0,39.2,32.46666666666666,22.36666666666667,10.1,0.0,33.0,22.3,0,0.49999999999999994,-0.8660254037844387,0.5737722679043246,-0.8190148866680801,1,0,0,1
2015-05-28,2015,5,29.8,19.0,10.8,5.0,13.2,4.7,142.0,114.0,0.0,0.0,32.83333333333333,22.5,10.333333333333334,0.0,32.2,22.9,1,0.49999999999999994,-0.8660254037844387,0.5595892624101765,-0.8287700871745038,1,0,1,1
2015-05-29,2015,5,28.2,21.2,7.0,3.0,0.6,5.4,10.0,54.0,13.2,13.2,31.66666666666666,21.400000000000006,10.266666666666667,13.2,29.8,19.0,1,0.49999999999999994,-0.8660254037844387,0.545240438540651,-0.8382797052177744,1,0,1,1
2015-05-30,2015,5,32.4,19.5,12.899999999999999,5.0,18.0,7.0,128.0,426.0,13.799999999999999,13.799999999999999,30.066666666666663,21.033333333333335,9.033333333333335,0.6,28.2,21.2,1,0.49999999999999994,-0.8660254037844387,0.5307300481619334,-0.8475409228928311,1,0,1,0
2015-06-01,2015,6,32.5,19.3,13.2,5.0,24.2,5.0,245.0,426.0,31.799999999999997,31.799999999999997,30.13333333333333,19.900000000000002,10.233333333333333,18.0,32.4,19.5,0,1.2246467991473532e-16,-1.0,0.5012418134457758,-0.865307254363206,2,0,1,0
2015-06-02,2015,6,31.0,20.7,10.3,4.0,0.0,5.0,0.0,96.0,42.8,56.0,31.03333333333333,20.000000000000004,11.033333333333331,24.2,32.5,19.3,0,1.2246467991473532e-16,-1.0,0.48627270710869,-0.8738071036110808,2,0,0,0
2015-06-03,2015,6,28.6,21.2,7.400000000000002,3.0,0.2,5.0,5.0,78.0,42.199999999999996,56.0,31.966666666666665,19.83333333333334,12.133333333333333,0.0,31.0,20.7,0,1.2246467991473532e-16,-1.0,0.4711595076738638,-0.8820480249558537,2,0,1,0
2015-06-04,2015,6,30.5,21.1,9.399999999999999,3.0,4.6,5.0,25.0,282.0,24.399999999999995,56.199999999999996,30.7,20.400000000000002,10.3,0.2,28.6,21.2,0,1.2246467991473532e-16,-1.0,0.4559066935084588,-0.8900275764346767,2,0,1,0
2015-06-05,2015,6,29.4,20.2,9.2,2.0,7.0,5.0,70.0,156.0,4.799999999999996,60.8,30.03333333333333,21.000000000000004,9.033333333333333,4.6,30.5,21.1,0,1.2246467991473532e-16,-1.0,0.440518784350495,-0.8977433935342337,2,0,1,0
2015-06-06,2015,6,30.6,20.6,10.0,4.0,0.0,5.0,0.0,318.0,11.799999999999997,54.599999999999994,29.5,20.83333333333334,8.666666666666666,7.0,29.4,20.2,0,1.2246467991473532e-16,-1.0,0.42500033996955416,-0.9051931898913974,2,0,0,0
2015-06-07,2015,6,32.0,21.6,10.399999999999999,5.0,0.0,5.0,0.0,348.0,11.599999999999998,54.0,30.166666666666668,20.633333333333336,9.533333333333333,0.0,30.6,20.6,0,1.2246467991473532e-16,-1.0,0.4093559588156213,-0.9123747579707273,2,0,0,0
2015-06-08,2015,6,31.2,21.3,9.899999999999999,7.0,0.0,5.0,0.0,558.0,6.9999999999999964,36.0,30.666666666666668,20.8,9.866666666666665,0.0,32.0,21.6,0,1.2246467991473532e-16,-1.0,0.39359027665646673,-0.9192859697186104,2,0,0,0
2015-06-09,2015,6,31.2,21.2,10.0,6.0,0.6,5.0,10.0,462.0,0.0,11.799999999999997,31.266666666666666,21.166666666666668,10.1,0.0,31.2,21.3,0,1.2246467991473532e-16,-1.0,0.3777079652039649,-0.9259247771938498,2,0,1,0
2015-06-10,2015,6,30.7,21.1,9.599999999999998,6.0,3.7,5.0,45.0,390.0,0.5999999999999964,12.399999999999997,31.466666666666665,21.36666666666667,10.1,0.6,31.2,21.2,0,1.2246467991473532e-16,-1.0,0.36171373072976765,-0.9322892131745133,2,0,1,0
2015-06-11,2015,6,32.0,21.2,10.8,5.0,6.8,5.0,135.0,378.0,4.299999999999996,15.899999999999997,31.03333333333333,21.200000000000003,9.833333333333332,3.7,30.7,21.1,0,1.2246467991473532e-16,-1.0,0.3456123126707335,-0.9383773917408641,2,0,1,0
2015-06-12,2015,6,31.4,20.8,10.599999999999998,6.0,1.0,5.0,15.0,384.0,11.099999999999998,18.099999999999998,31.299999999999997,21.166666666666668,10.133333333333333,6.8,32.0,21.2,0,1.2246467991473532e-16,-1.0,0.3294084822245304,-0.9441875088341993,2,0,1,0
2015-06-13,2015,6,28.9,20.5,8.399999999999999,5.0,0.4,5.0,8.0,12.0,11.499999999999996,12.099999999999998,31.366666666666664,21.033333333333335,10.333333333333332,1.0,31.4,20.8,0,1.2246467991473532e-16,-1.0,0.3131070409358269,-0.9497178427914316,2,0,1,0
2015-06-14,2015,6,29.7,20.1,9.599999999999998,6.0,18.6,5.0,130.0,312.0,8.199999999999996,12.499999999999998,30.766666666666662,20.833333333333332,9.933333333333332,0.4,28.9,20.5,0,1.2246467991473532e-16,-1.0,0.29671281927349075,-0.9549667548552551,2,0,1,0
2015-06-15,2015,6,27.2,19.5,7.699999999999999,13.0,5.0,5.0,20.0,36.0,20.0,31.099999999999998,29.999999999999996,20.46666666666667,9.533333333333331,18.6,29.7,20.1,0,1.2246467991473532e-16,-1.0,0.2802306751992159,-0.9599326896597447,2,0,1,0
2015-06-16,2015,6,29.0,21.0,8.0,6.0,0.7,5.0,25.0,90.0,24.0,36.099999999999994,28.599999999999998,20.033333333333335,8.566666666666665,5.0,27.2,19.5,0,1.2246467991473532e-16,-1.0,0.26366549272800704,-0.9646141756912435,2,0,1,0
2015-06-17,2015,6,28.3,20.4,7.900000000000002,6.0,0.0,5.0,5.0,60.0,24.3,36.199999999999996,28.63333333333333,20.200000000000003,8.433333333333332,0.7,29.0,21.0,0,1.2246467991473532e-16,-1.0,0.24702218048093552,-0.9690098257244062,2,0,0,0
2015-06-18,2015,6,27.2,20.1,7.099999999999998,7.0,1.2,5.0,20.0,0.0,5.7,32.5,28.166666666666668,20.3,7.866666666666667,0.0,28.3,20.4,0,1.2246467991473532e-16,-1.0,0.23030567023061221,-0.9731183372332619,2,0,1,0
2015-06-19,2015,6,27.4,21.2,6.199999999999999,7.0,0.0,5.0,5.0,66.0,1.9,26.899999999999995,28.16666666666666,20.5,7.666666666666667,1.2,27.2,20.1,0,1.2246467991473532e-16,-1.0,0.21352091543979612,-0.9769384927771817,2,0,0,0
2015-06-20,2015,6,26.4,20.8,5.599999999999998,7.0,1.8,5.0,25.0,0.0,1.2,25.9,27.63333333333333,20.566666666666666,7.066666666666666,0.0,27.4,21.2,0,1.2246467991473532e-16,-1.0,0.19667288979357647,-0.980469160361632,2,0,1,0
2015-06-21,2015,6,28.3,20.6,7.699999999999999,8.0,0.6,5.0,20.0,48.0,3.0,27.299999999999997,26.999999999999996,20.700000000000003,6.299999999999998,1.8,26.4,20.8,0,1.2246467991473532e-16,-1.0,0.1797665857255624,-0.9837092937736097,2,0,1,0
2015-06-22,2015,6,25.7,20.8,4.899999999999999,8.0,2.6,5.0,20.0,0.0,2.4,9.299999999999997,27.366666666666664,20.86666666666667,6.499999999999999,0.6,28.3,20.6,0,1.2246467991473532e-16,-1.0,0.16280701293851715,-0.986657932891657,2,0,1,0
2015-06-23,2015,6,28.7,20.5,8.2,9.0,0.0,5.0,10.0,216.0,5.0,6.899999999999997,26.799999999999997,20.733333333333338,6.0666666666666655,2.6,25.7,20.8,0,1.2246467991473532e-16,-1.0,0.1457991969198751,-0.9893142039703663,2,0,0,0
2015-06-24,2015,6,28.2,21.0,7.199999999999999,10.0,3.2,5.0,24.0,24.0,3.2,6.199999999999996,27.566666666666663,20.633333333333336,6.933333333333333,0.0,28.7,20.5,0,1.2246467991473532e-16,-1.0,0.12874817745258132,-0.99167731989929,2,0,1,0
2015-06-25,2015,6,30.3,21.1,9.2,9.0,0.2,5.0,30.0,450.0,5.800000000000001,9.399999999999997,27.53333333333333,20.76666666666667,6.766666666666666,3.2,28.2,21.0,0,1.2246467991473532e-16,-1.0,0.11165900712169512,-0.993746580436178,2,0,1,0
2015-06-26,2015,6,30.6,21.6,9.0,9.0,0.5,5.0,13.0,354.0,3.4000000000000004,8.399999999999997,29.066666666666663,20.86666666666667,8.2,0.2,30.3,21.1,0,1.2246467991473532e-16,-1.0,0.09453674981719912,-0.9955213724144752,2,0,1,0
2015-06-27,2015,6,27.4,20.4,7.0,8.0,0.0,5.0,0.0,6.0,3.9000000000000004,8.899999999999997,29.7,21.233333333333338,8.466666666666667,0.5,30.6,21.6,0,1.2246467991473532e-16,-1.0,0.07738647923346301,-0.9970011699250151,2,0,0,0
2015-06-28,2015,6,29.0,21.0,8.0,8.0,0.0,5.0,0.0,102.0,0.7,7.099999999999996,29.433333333333326,21.033333333333335,8.4,0.0,27.4,20.4,0,1.2246467991473532e-16,-1.0,0.06021327736579302,-0.9981855344718586,2,0,0,0
2015-06-29,2015,6,30.4,20.6,9.799999999999997,7.0,0.0,5.0,0.0,402.0,0.5,6.4999999999999964,29.0,21.000000000000004,8.0,0.0,29.0,21.0,0,1.2246467991473532e-16,-1.0,0.04302223300453059,-0.99907411510223,2,0,0,0
2015-06-30,2015,6,32.0,20.4,11.600000000000001,5.0,2.4,5.0,70.0,384.0,0.0,3.899999999999997,28.933333333333326,20.666666666666668,8.266666666666666,0.0,30.4,20.6,0,1.2246467991473532e-16,-1.0,0.02581844022713308,-0.9996666485105112,2,0,1,0
2015-07-01,2015,7,30.7,20.6,10.099999999999998,6.0,0.0,7.0,0.0,432.0,2.4,6.299999999999996,30.466666666666665,20.666666666666668,9.799999999999999,2.4,32.0,20.4,0,-0.4999999999999997,-0.8660254037844388,0.008606996888688698,-0.9999629591162655,2,0,0,0
2015-07-02,2015,7,30.3,20.4,9.900000000000002,6.0,0.0,6.0,5.0,354.0,2.4,3.099999999999996,31.03333333333333,20.533333333333335,10.499999999999998,0.0,30.7,20.6,0,-0.4999999999999997,-0.8660254037844388,-0.008606996888688009,-0.9999629591162655,2,0,0,0
2015-07-03,2015,7,29.7,20.4,9.3,6.0,0.0,5.7,5.0,306.0,2.4,2.899999999999996,31.0,20.46666666666667,10.533333333333333,0.0,30.3,20.4,0,-0.4999999999999997,-0.8660254037844388,-0.02581844022713239,-0.9996666485105112,2,0,0,0
2015-07-04,2015,7,30.2,20.8,9.399999999999999,5.0,0.6,6.4,10.0,222.0,0.0,2.399999999999996,30.23333333333333,20.46666666666667,9.766666666666667,0.0,29.7,20.4,0,-0.4999999999999997,-0.8660254037844388,-0.04302223300453034,-0.99907411510223,2,0,1,0
2015-07-05,2015,7,30.6,20.7,9.900000000000002,5.0,0.0,5.0,5.0,324.0,0.6,2.999999999999996,30.066666666666663,20.533333333333335,9.533333333333333,0.6,30.2,20.8,0,-0.4999999999999997,-0.8660254037844388,-0.060213277365792774,-0.9981855344718586,2,0,0,0
2015-07-06,2015,7,31.2,20.6,10.599999999999998,6.0,0.0,6.4,0.0,420.0,0.6,2.999999999999996,30.166666666666668,20.633333333333336,9.533333333333333,0.0,30.6,20.7,0,-0.4999999999999997,-0.8660254037844388,-0.07738647923346322,-0.9970011699250151,2,0,0,0
2015-07-07,2015,7,30.7,19.3,11.399999999999999,7.0,0.0,5.2,0.0,438.0,0.6,2.999999999999996,30.66666666666666,20.700000000000003,9.966666666666667,0.0,31.2,20.6,0,-0.4999999999999997,-0.8660254037844388,-0.09453674981719933,-0.9955213724144752,2,0,0,0
2015-07-08,2015,7,30.6,20.2,10.400000000000002,7.0,2.9,4.8,10.0,444.0,0.0,0.599999999999996,30.833333333333332,20.200000000000003,10.633333333333333,0.0,30.7,19.3,0,-0.4999999999999997,-0.8660254037844388,-0.11165900712169444,-0.9937465804361781,2,0,1,0
2015-07-09,2015,7,30.2,20.6,9.599999999999998,6.0,0.0,5.5,5.0,360.0,2.9,3.499999999999996,30.833333333333332,20.033333333333335,10.799999999999999,2.9,30.6,20.2,0,-0.4999999999999997,-0.8660254037844388,-0.12874817745258066,-0.99167731989929,2,0,0,0
2015-07-10,2015,7,29.2,21.1,8.099999999999998,6.0,7.3,4.7,20.0,312.0,2.9,3.499999999999996,30.499999999999996,20.033333333333335,10.466666666666667,0.0,30.2,20.6,0,-0.4999999999999997,-0.8660254037844388,-0.14579919691987442,-0.9893142039703664,2,0,1,0
2015-07-11,2015,7,28.8,20.2,8.600000000000001,5.0,17.6,3.1,85.0,54.0,10.2,10.799999999999995,30.0,20.633333333333336,9.366666666666665,7.3,29.2,21.1,0,-0.4999999999999997,-0.8660254037844388,-0.16280701293851646,-0.9866579328916572,2,0,1,0
2015-07-12,2015,7,28.2,19.7,8.5,6.0,3.5,4.0,10.0,102.0,24.9,27.799999999999997,29.399999999999995,20.633333333333336,8.766666666666666,17.6,28.8,20.2,0,-0.4999999999999997,-0.8660254037844388,-0.17976658572556214,-0.9837092937736098,2,0,1,0
2015-07-13,2015,7,31.3,20.8,10.5,6.0,0.0,5.0,0.0,491.0,28.4,31.299999999999997,28.73333333333333,20.333333333333336,8.4,3.5,28.2,19.7,0,-0.4999999999999997,-0.8660254037844388,-0.19667288979357622,-0.9804691603616321,2,0,0,0
2015-07-14,2015,7,31.6,21.4,10.200000000000003,4.0,0.0,5.9,0.0,468.0,21.1,31.299999999999997,29.433333333333334,20.233333333333334,9.200000000000001,0.0,31.3,20.8,0,-0.4999999999999997,-0.8660254037844388,-0.2135209154397959,-0.9769384927771817,2,0,0,0
2015-07-15,2015,7,30.0,21.7,8.3,5.0,0.1,6.9,5.0,144.0,3.5,31.299999999999997,30.366666666666664,20.633333333333336,9.733333333333334,0.0,31.6,21.4,0,-0.4999999999999997,-0.8660254037844388,-0.23030567023061196,-0.973118337233262,2,0,1,0
2015-07-16,2015,7,28.6,20.2,8.400000000000002,6.0,0.0,5.5,5.0,84.0,0.1,28.5,30.966666666666665,21.3,9.666666666666668,0.1,30.0,21.7,0,-0.4999999999999997,-0.8660254037844388,-0.24702218048093527,-0.9690098257244063,2,0,0,0
2015-07-17,2015,7,30.3,20.4,9.900000000000002,6.0,9.3,5.6,15.0,282.0,0.1,28.5,30.066666666666666,21.100000000000005,8.966666666666669,0.0,28.6,20.2,0,-0.4999999999999997,-0.8660254037844388,-0.2636654927280072,-0.9646141756912435,2,0,1,0
2015-07-18,2015,7,28.0,20.7,7.300000000000001,6.0,0.6,4.2,10.0,36.0,9.4,30.5,29.63333333333333,20.766666666666666,8.866666666666669,9.3,30.3,20.4,0,-0.4999999999999997,-0.8660254037844388,-0.2802306751992161,-0.9599326896597445,2,0,1,0
2015-07-19,2015,7,28.1,20.6,7.5,6.0,12.3,6.5,80.0,18.0,9.9,13.499999999999996,28.966666666666665,20.433333333333334,8.533333333333335,0.6,28.0,20.7,0,-0.4999999999999997,-0.8660254037844388,-0.2967128192734901,-0.9549667548552553,2,0,1,0
2015-07-20,2015,7,26.5,18.8,7.699999999999999,7.0,2.0,3.8,10.0,6.0,22.200000000000003,22.299999999999997,28.8,20.56666666666667,8.233333333333334,12.3,28.1,20.6,0,-0.4999999999999997,-0.8660254037844388,-0.3131070409358267,-0.9497178427914317,2,0,1,0
2015-07-21,2015,7,29.0,20.1,8.899999999999999,5.0,26.1,4.0,10.0,240.0,14.9,24.299999999999997,27.53333333333333,20.033333333333335,7.5,2.0,26.5,18.8,0,-0.4999999999999997,-0.8660254037844388,-0.3294084822245302,-0.9441875088341994,2,0,1,1
2015-07-22,2015,7,27.6,20.1,7.5,5.0,7.4,3.7,10.0,78.0,40.400000000000006,50.4,27.866666666666664,19.83333333333334,8.033333333333333,26.1,29.0,20.1,1,-0.4999999999999997,-0.8660254037844388,-0.3456123126707333,-0.9383773917408642,2,0,1,0
2015-07-23,2015,7,29.1,20.0,9.100000000000001,6.0,3.4,4.9,10.0,312.0,35.5,57.699999999999996,27.7,19.66666666666667,8.033333333333333,7.4,27.6,20.1,0,-0.4999999999999997,-0.8660254037844388,-0.3617137307297674,-0.9322892131745134,2,0,1,0
2015-07-24,2015,7,28.9,20.4,8.5,7.0,0.0,4.8,10.0,245.0,36.9,61.099999999999994,28.566666666666663,20.066666666666674,8.5,3.4,29.1,20.0,0,-0.4999999999999997,-0.8660254037844388,-0.37770796520396466,-0.9259247771938499,2,0,0,0
2015-07-25,2015,7,28.1,20.1,8.0,6.0,0.0,5.0,10.0,144.0,10.8,51.8,28.53333333333333,20.166666666666668,8.366666666666667,0.0,28.9,20.4,0,-0.4999999999999997,-0.8660254037844388,-0.39359027665646645,-0.9192859697186105,2,0,0,0
2015-07-26,2015,7,27.8,20.4,7.400000000000002,5.0,1.0,5.5,10.0,78.0,3.4,51.199999999999996,28.7,20.16666666666667,8.533333333333333,0.0,28.1,20.1,0,-0.4999999999999997,-0.8660254037844388,-0.4093559588156211,-0.9123747579707274,2,0,1,0
2015-07-27,2015,7,27.7,20.5,7.199999999999999,6.0,0.0,5.2,10.0,18.0,1.0,39.89999999999999,28.266666666666666,20.3,7.966666666666668,1.0,27.8,20.4,0,-0.4999999999999997,-0.8660254037844388,-0.42500033996955394,-0.9051931898913975,2,0,0,0
2015-07-28,2015,7,28.0,20.0,8.0,6.0,0.0,6.1,10.0,126.0,1.0,37.89999999999999,27.866666666666664,20.333333333333332,7.533333333333334,0.0,27.7,20.5,0,-0.4999999999999997,-0.8660254037844388,-0.4405187843504952,-0.8977433935342336,2,0,0,0
2015-07-29,2015,7,28.9,19.8,9.099999999999998,5.0,0.0,5.8,0.0,306.0,1.0,11.799999999999997,27.833333333333332,20.3,7.533333333333334,0.0,28.0,20.0,0,-0.4999999999999997,-0.8660254037844388,-0.455906693508459,-0.8900275764346766,2,0,0,0
2015-07-30,2015,7,30.0,20.1,9.899999999999999,5.0,0.0,6.0,0.0,306.0,0.0,4.399999999999997,28.2,20.1,8.1,0.0,28.9,19.8,0,-0.4999999999999997,-0.8660254037844388,-0.47115950767386394,-0.8820480249558535,2,0,0,0
2015-07-31,2015,7,29.6,20.0,9.600000000000001,5.0,0.0,5.6,5.0,252.0,0.0,0.9999999999999964,28.966666666666665,19.966666666666672,8.999999999999998,0.0,30.0,20.1,0,-0.4999999999999997,-0.8660254037844388,-0.4862727071086902,-0.8738071036110807,2,0,0,1
2015-08-01,2015,8,29.9,20.6,9.299999999999997,5.0,0.3,5.9,10.0,258.0,0.0,0.9999999999999964,29.5,19.96666666666667,9.533333333333333,0.0,29.6,20.0,1,-0.8660254037844384,-0.5000000000000004,-0.5012418134457756,-0.8653072543632061,2,0,1,1
2015-08-02,2015,8,30.3,20.6,9.7,5.0,3.0,5.0,285.0,342.0,0.3,1.2999999999999965,29.833333333333332,20.233333333333338,9.6,0.3,29.9,20.6,1,-0.8660254037844384,-0.5000000000000004,-0.5160623910158526,-0.8565509959010037,2,0,1,0
2015-08-03,2015,8,28.8,21.0,7.800000000000001,4.0,0.0,5.0,0.0,48.0,3.3,3.2999999999999963,29.933333333333334,20.400000000000002,9.533333333333333,3.0,30.3,20.6,0,-0.8660254037844384,-0.5000000000000004,-0.5307300481619331,-0.8475409228928312,2,0,0,0
2015-08-04,2015,8,28.6,20.6,8.0,5.0,0.0,5.5,5.0,54.0,3.3,3.2999999999999963,29.666666666666668,20.733333333333338,8.933333333333332,0.0,28.8,21.0,0,-0.8660254037844384,-0.5000000000000004,-0.5452404385406507,-0.8382797052177745,2,0,0,0
2015-08-05,2015,8,29.0,19.8,9.2,5.0,14.0,4.1,40.0,228.0,3.0,3.2999999999999963,29.23333333333333,20.733333333333338,8.5,0.0,28.6,20.6,0,-0.8660254037844384,-0.5000000000000004,-0.5595892624101763,-0.828770087174504,2,0,1,1
2015-08-06,2015,8,29.7,19.5,10.2,5.0,2.9,5.6,15.0,372.0,14.0,17.299999999999997,28.8,20.46666666666667,8.333333333333334,14.0,29.0,19.8,1,-0.8660254037844384,-0.5000000000000004,-0.5737722679043243,-0.8190148866680802,2,0,1,0
2015-08-07,2015,8,29.3,20.3,9.0,5.0,0.2,5.7,10.0,245.0,16.9,20.199999999999996,29.099999999999998,19.96666666666667,9.133333333333333,2.9,29.7,19.5,0,-0.8660254037844384,-0.5000000000000004,-0.5877852522924734,-0.8090169943749472,2,0,1,1
2015-08-08,2015,8,28.7,20.1,8.599999999999998,4.0,6.2,5.5,50.0,240.0,17.1,20.4,29.333333333333332,19.86666666666667,9.466666666666667,0.2,29.3,20.3,1,-0.8660254037844384,-0.5000000000000004,-0.6016240632249227,-0.7987793728863648,2,0,1,0
2015-08-09,2015,8,28.5,20.6,7.899999999999999,5.0,0.0,5.2,0.0,288.0,9.3,26.299999999999997,29.23333333333333,19.966666666666672,9.266666666666666,6.2,28.7,20.1,0,-0.8660254037844384,-0.5000000000000004,-0.6152845999633277,-0.7883050558305253,2,0,0,0
2015-08-10,2015,8,27.6,20.3,7.300000000000001,3.0,1.8,3.5,70.0,90.0,6.3999999999999995,23.299999999999997,28.83333333333333,20.333333333333336,8.499999999999998,0.0,28.5,20.6,0,-0.8660254037844384,-0.5000000000000004,-0.6287628145958345,-0.7775971469736268,2,0,1,0
2015-08-11,2015,8,27.4,20.1,7.299999999999997,3.0,2.8,0.8,30.0,30.0,8.0,25.099999999999998,28.266666666666666,20.33333333333334,7.933333333333333,1.8,27.6,20.3,0,-0.8660254037844384,-0.5000000000000004,-0.6420547132365636,-0.7666588193001592,2,0,1,1
2015-08-12,2015,8,29.0,20.0,9.0,3.0,20.3,4.0,115.0,270.0,4.6,27.899999999999995,27.83333333333333,20.33333333333334,7.499999999999999,2.8,27.4,20.1,1,-0.8660254037844384,-0.5000000000000004,-0.655156357209085,-0.7554933140726804,2,0,1,0
2015-08-13,2015,8,26.4,20.0,6.399999999999999,4.0,0.0,3.6,10.0,30.0,24.9,34.199999999999996,27.999999999999996,20.133333333333336,7.866666666666666,20.3,29.0,20.0,0,-0.8660254037844384,-0.5000000000000004,-0.6680638642135333,-0.7441039398713608,2,0,0,0
2015-08-14,2015,8,27.6,20.7,6.900000000000002,4.0,0.0,3.8,5.0,96.0,23.1,31.299999999999997,27.599999999999998,20.033333333333335,7.5666666666666655,0.0,26.4,20.0,0,-0.8660254037844384,-0.5000000000000004,-0.680773409477016,-0.732494071613579,2,0,0,0
2015-08-15,2015,8,29.4,20.5,8.899999999999999,4.0,0.0,5.5,0.0,300.0,20.300000000000004,31.099999999999994,27.66666666666666,20.233333333333334,7.433333333333334,0.0,27.6,20.7,0,-0.8660254037844384,-0.5000000000000004,-0.6932812268869771,-0.7206671495538615,2,0,0,0
2015-08-16,2015,8,31.1,22.0,9.100000000000001,4.0,0.0,6.5,0.0,576.0,0.0,24.899999999999995,27.799999999999997,20.400000000000002,7.3999999999999995,0.0,29.4,20.5,0,-0.8660254037844384,-0.5000000000000004,-0.7055836101071774,-0.70862667826446,2,0,0,1
2015-08-17,2015,8,29.3,20.2,9.100000000000001,4.0,27.3,4.0,480.0,36.0,0.0,24.899999999999995,29.366666666666664,21.066666666666666,8.3,0.0,31.1,22.0,1,-0.8660254037844384,-0.5000000000000004,-0.7176769136759615,-0.6963762255968726,2,0,1,1
2015-08-18,2015,8,29.6,21.3,8.3,1.0,0.0,5.0,0.0,245.0,27.3,50.39999999999999,29.933333333333326,20.900000000000002,9.033333333333333,27.3,29.3,20.2,1,-0.8660254037844384,-0.5000000000000004,-0.7295575540864876,-0.6839194216246105,2,0,0,0
2015-08-19,2015,8,30.8,22.3,8.5,2.0,0.0,6.7,0.0,510.0,27.3,47.599999999999994,30.0,21.166666666666668,8.833333333333334,0.0,29.6,21.3,0,-0.8660254037844384,-0.5000000000000004,-0.7412220108485957,-0.6712599575675315,2,0,0,0
2015-08-20,2015,8,31.2,22.4,8.8,3.0,0.8,6.9,10.0,438.0,27.3,27.299999999999997,29.899999999999995,21.26666666666667,8.633333333333335,0.0,30.8,22.3,0,-0.8660254037844384,-0.5000000000000004,-0.7526668275320083,-0.6584015846980489,2,0,1,1
2015-08-21,2015,8,31.6,21.7,9.900000000000002,4.0,0.8,5.4,60.0,378.0,0.8,28.099999999999998,30.53333333333333,22.0,8.533333333333333,0.8,31.2,22.4,1,-0.8660254037844384,-0.5000000000000004,-0.7638886127905429,-0.64534811322955,2,0,1,1
2015-08-22,2015,8,28.4,20.8,7.599999999999998,4.0,18.4,4.9,335.0,84.0,1.6,28.9,31.2,22.133333333333336,9.066666666666668,0.8,31.6,21.7,1,-0.8660254037844384,-0.5000000000000004,-0.7748840413670406,-0.6321034111873488,2,0,1,1
2015-08-23,2015,8,27.0,20.4,6.600000000000001,4.0,4.0,5.0,63.0,24.0,20.0,47.3,30.399999999999995,21.633333333333336,8.766666666666667,18.4,28.4,20.8,1,-0.8660254037844384,-0.5000000000000004,-0.7856498550787144,-0.6186714032625032,2,0,1,0
2015-08-24,2015,8,29.1,19.9,9.200000000000003,5.0,0.0,5.9,5.0,384.0,23.2,51.3,29.0,20.96666666666667,8.033333333333333,4.0,27.0,20.4,0,-0.8660254037844384,-0.5000000000000004,-0.7961828637826154,-0.6050560696488494,2,0,0,0
2015-08-25,2015,8,28.6,19.7,8.900000000000002,4.0,0.0,5.0,0.0,384.0,22.4,23.999999999999996,28.166666666666668,20.36666666666667,7.800000000000001,0.0,29.1,19.9,0,-0.8660254037844384,-0.5000000000000004,-0.8064799463209447,-0.5912614448635783,2,0,0,0
2015-08-26,2015,8,29.6,19.6,10.0,5.0,0.0,5.8,0.0,540.0,4.0,23.999999999999996,28.23333333333333,20.000000000000004,8.233333333333336,0.0,28.6,19.7,0,-0.8660254037844384,-0.5000000000000004,-0.8165380514459157,-0.5772916165517278,2,0,0,0
2015-08-27,2015,8,30.1,20.3,9.8,5.0,1.7,6.6,165.0,390.0,0.0,23.999999999999996,29.099999999999998,19.733333333333338,9.366666666666669,0.0,29.6,19.6,0,-0.8660254037844384,-0.5000000000000004,-0.8263541987239094,-0.5631507242749189,2,0,1,0
2015-08-28,2015,8,26.4,19.4,7.0,5.0,5.5,4.0,35.0,0.0,1.7,24.899999999999995,29.433333333333334,19.86666666666667,9.566666666666668,1.7,30.1,20.3,0,-0.8660254037844384,-0.5000000000000004,-0.8359254794186365,-0.5488429582847199,2,0,1,0
2015-08-29,2015,8,27.6,19.6,8.0,5.0,0.0,4.5,0.0,282.0,7.2,29.599999999999994,28.7,19.76666666666667,8.933333333333334,5.5,26.4,19.4,0,-0.8660254037844384,-0.5000000000000004,-0.8452490573530633,-0.5343725582809785,2,0,0,0
2015-08-30,2015,8,29.3,21.1,8.2,5.0,0.0,5.5,0.0,420.0,7.2,11.199999999999996,28.03333333333333,19.76666666666667,8.266666666666667,0.0,27.6,19.6,0,-0.8660254037844384,-0.5000000000000004,-0.8543221697498269,-0.5197438121555157,2,0,0,0
2015-08-31,2015,8,29.4,20.8,8.599999999999998,5.0,0.0,6.0,0.0,48.0,5.5,7.199999999999997,27.766666666666666,20.033333333333335,7.733333333333333,0.0,29.3,21.1,0,-0.8660254037844384,-0.5000000000000004,-0.8631421280499115,-0.5049610547215202,2,0,0,0
2015-09-01,2015,9,29.7,21.1,8.599999999999998,3.0,0.4,5.8,5.0,444.0,0.0,7.199999999999997,28.766666666666666,20.500000000000004,8.266666666666666,0.0,29.4,20.8,0,-1.0,-1.8369701987210297e-16,-0.8717063187093217,-0.4900286664290594,2,0,1,0
2015-09-02,2015,9,31.0,21.6,9.399999999999999,3.0,0.0,6.0,0.0,474.0,0.4,7.599999999999997,29.466666666666665,21.000000000000004,8.466666666666665,0.4,29.7,21.1,0,-1.0,-1.8369701987210297e-16,-0.8800122039735356,-0.4749510720670502,2,0,0,0
2015-09-03,2015,9,30.7,22.0,8.7,2.0,0.0,6.5,0.0,186.0,0.4,7.599999999999997,30.03333333333333,21.166666666666668,8.866666666666665,0.0,31.0,21.6,0,-1.0,-1.8369701987210297e-16,-0.888057322629493,-0.4597327394521046,2,0,0,0
2015-09-04,2015,9,31.7,21.3,10.399999999999999,2.0,1.2,6.0,60.0,204.0,0.4,5.899999999999997,30.466666666666665,21.566666666666674,8.899999999999999,0.0,30.7,22.0,0,-1.0,-1.8369701987210297e-16,-0.8958392907349089,-0.4443781781046134,2,0,1,1
2015-09-05,2015,9,31.7,20.2,11.5,2.0,24.4,5.4,62.0,390.0,1.2,1.5999999999999965,31.13333333333333,21.633333333333336,9.499999999999998,1.2,31.7,21.3,1,-1.0,-1.8369701987210297e-16,-0.9033558023246842,-0.4288919379124841,2,0,1,1
2015-09-06,2015,9,30.5,21.3,9.2,2.0,0.2,5.5,45.0,258.0,25.599999999999998,25.999999999999996,31.366666666666664,21.166666666666668,10.2,24.4,31.7,20.2,1,-1.0,-1.8369701987210297e-16,-0.9106046300942162,-0.41327860778290443,2,0,1,1
2015-09-07,2015,9,30.8,20.0,10.8,4.0,37.1,4.5,330.0,372.0,25.799999999999997,26.199999999999996,31.299999999999997,20.933333333333337,10.366666666666665,0.2,30.5,21.3,1,-1.0,-1.8369701987210297e-16,-0.9175836260593934,-0.3975428142825566,2,0,1,1
2015-09-08,2015,9,28.5,19.8,8.7,4.0,36.6,3.2,445.0,132.0,61.7,63.3,31.0,20.500000000000004,10.5,37.1,30.8,20.0,1,-1.0,-1.8369701987210297e-16,-0.9242907221930934,-0.3816892202666586,2,0,1,0
2015-09-09,2015,9,27.6,20.5,7.100000000000001,6.0,0.0,4.0,15.0,210.0,73.9,99.5,29.933333333333326,20.36666666666667,9.566666666666666,36.6,28.5,19.8,0,-1.0,-1.8369701987210297e-16,-0.9307239310379793,-0.3657225234972692,2,0,0,0
2015-09-10,2015,9,26.3,19.6,6.699999999999999,5.0,0.0,3.4,0.0,0.0,73.69999999999999,99.5,28.966666666666665,20.100000000000005,8.866666666666667,0.0,27.6,20.5,0,-1.0,-1.8369701987210297e-16,-0.9368813462954315,-0.34964745525122826,2,0,0,0
2015-09-11,2015,9,27.0,19.4,7.600000000000001,4.0,3.3,4.0,235.0,150.0,36.599999999999994,99.5,27.466666666666665,19.966666666666672,7.5,0.0,26.3,19.6,0,-1.0,-1.8369701987210297e-16,-0.9427611433904206,-0.33346877891818705,2,0,1,0
2015-09-12,2015,9,27.4,20.0,7.399999999999999,4.0,0.0,4.7,0.0,48.0,3.2999999999999927,101.6,26.966666666666665,19.833333333333336,7.133333333333334,3.3,27.0,19.4,0,-1.0,-1.8369701987210297e-16,-0.9483615800121716,-0.31719128858910595,2,0,0,0
2015-09-13,2015,9,28.4,19.3,9.099999999999998,4.0,0.0,6.0,0.0,240.0,3.2999999999999927,77.19999999999999,26.899999999999995,19.666666666666668,7.233333333333333,0.0,27.4,20.0,0,-1.0,-1.8369701987210297e-16,-0.9536809966304455,-0.300819807635668,2,0,0,0
2015-09-14,2015,9,29.7,19.4,10.3,5.0,5.3,4.8,90.0,426.0,3.2999999999999927,77.0,27.599999999999998,19.566666666666666,8.033333333333333,0.0,28.4,19.3,0,-1.0,-1.8369701987210297e-16,-0.9587178169872964,-0.2843591872810036,2,0,1,0
2015-09-15,2015,9,28.0,19.3,8.7,6.0,0.0,5.5,0.0,294.0,5.299999999999993,45.199999999999996,28.5,19.566666666666666,8.933333333333332,5.3,29.7,19.4,0,-1.0,-1.8369701987210297e-16,-0.9634705485641486,-0.26781430516217486,2,0,0,0
2015-09-16,2015,9,27.3,19.8,7.5,7.0,0.0,5.0,0.0,78.0,5.299999999999993,8.599999999999993,28.7,19.333333333333336,9.366666666666665,0.0,28.0,19.3,0,-1.0,-1.8369701987210297e-16,-0.9679377830240641,-0.25119006388481957,2,0,0,0
2015-09-17,2015,9,28.6,20.1,8.5,6.0,0.0,5.4,0.0,294.0,5.299999999999993,8.599999999999993,28.333333333333332,19.5,8.833333333333334,0.0,27.3,19.8,0,-1.0,-1.8369701987210297e-16,-0.9721181966290612,-0.23449138957041052,2,0,0,0
2015-09-18,2015,9,27.0,19.1,7.899999999999999,5.0,0.0,5.7,0.0,0.0,0.0,8.599999999999993,27.966666666666665,19.733333333333338,8.233333333333333,0.0,28.6,20.1,0,-1.0,-1.8369701987210297e-16,-0.9760105506323682,-0.21772323039653224,2,0,0,0
2015-09-19,2015,9,29.0,20.2,8.8,5.0,0.4,5.0,5.0,372.0,0.0,5.299999999999993,27.63333333333333,19.66666666666667,7.966666666666666,0.0,27.0,19.1,0,-1.0,-1.8369701987210297e-16,-0.9796136916454901,-0.20089055513063528,2,0,1,0
2015-09-20,2015,9,29.4,20.9,8.5,5.0,0.0,5.5,3.0,156.0,0.3999999999999929,5.699999999999993,28.2,19.800000000000004,8.4,0.4,29.0,20.2,0,-1.0,-1.8369701987210297e-16,-0.9829265519799822,-0.18399835165767986,2,0,0,0
2015-09-21,2015,9,29.0,19.2,9.8,4.0,7.2,4.2,150.0,186.0,0.3999999999999929,5.699999999999993,28.466666666666665,20.06666666666667,8.4,0.0,29.4,20.9,0,-1.0,-1.8369701987210297e-16,-0.9859481499638303,-0.1670516255021195,2,0,1,0
2015-09-22,2015,9,29.4,20.7,8.7,2.0,0.0,4.3,0.0,330.0,7.599999999999993,7.599999999999993,29.13333333333333,20.100000000000005,9.033333333333333,7.2,29.0,19.2,0,-1.0,-1.8369701987210297e-16,-0.9886775902323404,-0.15005539834465262,2,0,0,0
2015-09-23,2015,9,31.0,20.7,10.3,2.0,1.1,5.5,20.0,546.0,7.199999999999993,7.599999999999993,29.266666666666662,20.26666666666667,9.0,0.0,29.4,20.7,0,-1.0,-1.8369701987210297e-16,-0.9911140639934546,-0.13301470653419636,2,0,1,0
2015-09-24,2015,9,31.0,22.9,8.100000000000001,1.0,0.0,6.3,0.0,180.0,8.299999999999994,8.699999999999994,29.799999999999997,20.200000000000003,9.6,1.1,31.0,20.7,0,-1.0,-1.8369701987210297e-16,-0.9932568492674143,-0.11593459959550066,2,0,0,1
2015-09-25,2015,9,33.2,18.7,14.500000000000004,2.0,18.8,5.3,120.0,348.0,1.099999999999993,8.699999999999994,30.466666666666665,21.433333333333334,9.033333333333333,0.0,31.0,22.9,1,-1.0,-1.8369701987210297e-16,-0.9951053111006974,-0.09882013873287211,2,0,1,0
2015-09-26,2015,9,30.3,20.0,10.3,2.0,9.2,4.2,100.0,300.0,19.899999999999995,27.499999999999993,31.73333333333333,20.76666666666667,10.966666666666669,18.8,33.2,18.7,0,-1.0,-1.8369701987210297e-16,-0.99665890175417,-0.08167639533042288,2,0,1,1
2015-09-27,2015,9,28.7,20.6,8.099999999999998,2.0,0.5,5.0,11.0,126.0,27.999999999999993,36.3,31.499999999999996,20.533333333333335,10.966666666666669,9.2,30.3,20.0,1,-1.0,-1.8369701987210297e-16,-0.9979171608653922,-0.06450844944931625,2,0,1,1
2015-09-28,2015,9,31.6,19.7,11.900000000000002,2.0,34.8,5.8,330.0,414.0,28.499999999999993,36.8,30.73333333333333,19.76666666666667,10.966666666666669,0.5,28.7,20.6,1,-1.0,-1.8369701987210297e-16,-0.9988797155850335,-0.04732138832243232,2,0,1,0
2015-09-29,2015,9,29.7,20.6,9.099999999999998,1.0,8.5,5.8,11.0,245.0,44.499999999999986,64.39999999999999,30.2,20.100000000000005,10.1,34.8,31.6,19.7,0,-1.0,-1.8369701987210297e-16,-0.9995462806873573,-0.03012030484690836,2,0,1,0
2015-09-30,2015,9,29.7,21.3,8.399999999999999,1.0,0.8,6.1,10.0,222.0,43.79999999999998,72.89999999999999,29.999999999999996,20.3,9.7,8.5,29.7,20.6,0,-1.0,-1.8369701987210297e-16,-0.9999166586547379,-0.012910296075008843,2,0,1,0
2015-10-01,2015,10,29.3,21.0,8.3,1.0,0.4,4.0,15.0,245.0,44.09999999999998,72.6,30.33333333333333,20.533333333333335,9.799999999999999,0.8,29.7,21.3,0,-0.8660254037844386,0.5000000000000001,-0.9999907397361901,0.004303538296243821,3,0,1,0
2015-10-02,2015,10,30.0,21.7,8.3,2.0,2.6,5.1,60.0,354.0,9.699999999999985,73.0,29.566666666666663,20.96666666666667,8.6,0.4,29.3,21.0,0,-0.8660254037844386,0.5000000000000001,-0.9997685019798909,0.021516097436222233,3,0,1,0
2015-10-03,2015,10,29.8,21.3,8.5,4.0,0.3,5.1,10.0,204.0,3.799999999999986,56.79999999999999,29.66666666666666,21.33333333333334,8.333333333333334,2.6,30.0,21.7,0,-0.8660254037844386,0.5000000000000001,-0.9992500112396835,0.03872228089217399,3,0,1,0
2015-10-04,2015,10,29.6,21.3,8.3,3.0,3.2,4.6,0.0,306.0,3.2999999999999856,47.9,29.7,21.333333333333332,8.366666666666667,0.3,29.8,21.3,0,-0.8660254037844386,0.5000000000000001,-0.9984354211555643,0.05591699010060302,3,0,1,1
2015-10-05,2015,10,29.0,20.0,9.0,3.0,10.9,4.0,260.0,264.0,6.099999999999985,50.59999999999999,29.799999999999997,21.433333333333337,8.366666666666667,3.2,29.6,21.3,1,-0.8660254037844386,0.5000000000000001,-0.9973249731081555,0.07309512989807776,3,0,1,0
2015-10-06,2015,10,26.8,19.5,7.300000000000001,3.0,4.7,3.6,200.0,30.0,14.399999999999986,26.699999999999996,29.466666666666665,20.86666666666667,8.6,10.9,29.0,20.0,0,-0.8660254037844386,0.5000000000000001,-0.9959189961471792,0.0902516100310407,3,0,1,1
2015-10-07,2015,10,28.5,20.3,8.2,3.0,6.7,4.4,100.0,198.0,18.799999999999986,22.899999999999995,28.466666666666665,20.26666666666667,8.200000000000001,4.7,26.8,19.5,1,-0.8660254037844386,0.5000000000000001,-0.994217906893952,0.10738134666416306,3,0,1,0
2015-10-08,2015,10,30.2,20.9,9.3,4.0,4.2,3.1,25.0,468.0,22.299999999999986,28.799999999999994,28.099999999999994,19.933333333333337,8.166666666666666,6.7,28.5,20.3,0,-0.8660254037844386,0.5000000000000001,-0.9922222094179324,0.12447926388678869,3,0,1,0
2015-10-09,2015,10,28.8,20.6,8.2,6.0,0.0,5.5,0.0,324.0,15.599999999999987,32.599999999999994,28.499999999999996,20.233333333333338,8.266666666666667,4.2,30.2,20.9,0,-0.8660254037844386,0.5000000000000001,-0.989932495087353,0.141540295217043,3,0,0,0
2015-10-10,2015,10,29.4,20.5,8.899999999999999,6.0,0.0,5.0,0.0,234.0,10.899999999999988,29.999999999999993,29.16666666666666,20.6,8.566666666666666,0.0,28.8,20.6,0,-0.8660254037844386,0.5000000000000001,-0.9873494423939864,0.15855938510313475,3,0,0,0
2015-10-11,2015,10,29.5,21.3,8.2,4.0,0.0,4.7,0.0,90.0,4.199999999999986,29.699999999999992,29.466666666666665,20.666666666666668,8.799999999999999,0.0,29.4,20.5,0,-0.8660254037844386,0.5000000000000001,-0.9844738167520923,0.17553149042142777,3,0,0,0
2015-10-12,2015,10,29.4,20.4,9.0,1.0,8.0,5.0,55.0,192.0,0.0,26.499999999999993,29.23333333333333,20.8,8.433333333333332,0.0,29.5,21.3,0,-0.8660254037844386,0.5000000000000001,-0.9813064702716093,0.19245158197082995,3,0,1,0
2015-10-13,2015,10,29.2,21.3,7.899999999999999,0.0,0.0,5.5,0.0,150.0,7.999999999999986,23.599999999999994,29.433333333333326,20.733333333333334,8.7,8.0,29.4,20.4,0,-0.8660254037844386,0.5000000000000001,-0.9778483415056568,0.20931464596304888,3,0,0,0
2015-10-14,2015,10,31.0,19.6,11.399999999999999,1.0,0.0,6.0,0.0,414.0,7.999999999999986,18.89999999999999,29.36666666666666,21.000000000000004,8.366666666666665,0.0,29.2,21.3,0,-0.8660254037844386,0.5000000000000001,-0.9741004551724206,0.22611568550828803,3,0,0,0
2015-10-15,2015,10,32.1,19.7,12.400000000000002,1.0,0.0,6.3,0.0,516.0,7.999999999999986,12.199999999999992,29.86666666666666,20.433333333333334,9.433333333333332,0.0,31.0,19.6,0,-0.8660254037844386,0.5000000000000001,-0.970063921851507,0.2428497220959358,3,0,0,0
2015-10-16,2015,10,31.5,20.2,11.3,0.0,0.0,4.7,0.0,294.0,0.0,7.999999999999992,30.766666666666662,20.200000000000003,10.566666666666666,0.0,32.1,19.7,0,-0.8660254037844386,0.5000000000000001,-0.965739937654855,0.25951179706979943,3,0,0,0
2015-10-17,2015,10,31.4,21.0,10.399999999999999,1.0,0.0,6.0,0.0,498.0,0.0,7.999999999999992,31.53333333333333,19.833333333333336,11.700000000000001,0.0,31.5,20.2,0,-0.8660254037844386,0.5000000000000001,-0.9611297838723007,0.27609697309746883,3,0,0,0
2015-10-18,2015,10,31.3,20.6,10.7,1.0,0.0,6.0,0.0,462.0,0.0,7.999999999999992,31.66666666666666,20.3,11.366666666666667,0.0,31.4,21.0,0,-0.8660254037844386,0.5000000000000001,-0.9562348265919058,0.2926003356333479,3,0,0,0
2015-10-19,2015,10,31.8,20.6,11.2,1.0,0.0,6.8,0.0,498.0,0.0,7.999999999999992,31.399999999999995,20.6,10.799999999999999,0.0,31.3,20.6,0,-0.8660254037844386,0.5000000000000001,-0.9510565162951536,0.30901699437494723,3,0,0,0
2015-10-20,2015,10,31.4,21.5,9.899999999999999,1.0,0.0,5.6,0.0,498.0,0.0,0.0,31.499999999999996,20.733333333333338,10.766666666666666,0.0,31.8,20.6,0,-0.8660254037844386,0.5000000000000001,-0.9455963874271428,0.3253420847119795,3,0,0,0
2015-10-21,2015,10,31.0,21.1,9.899999999999999,1.0,0.0,5.5,0.0,420.0,0.0,0.0,31.499999999999996,20.900000000000002,10.6,0.0,31.4,21.5,0,-0.8660254037844386,0.5000000000000001,-0.9398560579418953,0.341570769167856,3,0,0,0
2015-10-22,2015,10,30.6,20.0,10.600000000000001,1.0,0.0,6.1,0.0,384.0,0.0,0.0,31.399999999999995,21.06666666666667,10.333333333333332,0.0,31.0,21.1,0,-0.8660254037844386,0.5000000000000001,-0.9338372288229252,0.35769823883312546,3,0,0,0
2015-10-23,2015,10,31.2,18.4,12.8,1.0,0.0,5.8,0.0,540.0,0.0,0.0,30.999999999999996,20.86666666666667,10.133333333333333,0.0,30.6,20.0,0,-0.8660254037844386,0.5000000000000001,-0.9275416835791965,0.3737197147904692,3,0,0,0
2015-10-24,2015,10,31.0,19.7,11.3,1.0,0.0,6.7,0.0,582.0,0.0,0.0,30.933333333333326,19.833333333333336,11.1,0.0,31.2,18.4,0,-0.8660254037844386,0.5000000000000001,-0.9209712877166346,0.38963044953078774,3,0,0,0
2015-10-25,2015,10,31.8,17.8,14.0,1.0,0.0,7.0,0.0,552.0,0.0,0.0,30.933333333333326,19.36666666666667,11.566666666666668,0.0,31.0,19.7,0,-0.8660254037844386,0.5000000000000001,-0.9141279881853337,0.4054257283599973,3,0,0,0
2015-10-26,2015,10,29.8,20.0,9.8,1.0,0.0,6.0,0.0,486.0,0.0,0.0,31.33333333333333,18.633333333333336,12.700000000000001,0.0,31.8,17.8,0,-0.8660254037844386,0.5000000000000001,-0.9070138128026362,0.42110087079608916,3,0,0,0
2015-10-27,2015,10,29.6,20.6,9.0,1.0,0.0,6.0,0.0,420.0,0.0,0.0,30.86666666666666,19.166666666666668,11.700000000000001,0.0,29.8,20.0,0,-0.8660254037844386,0.5000000000000001,-0.8996308696522434,0.4366512319560638,3,0,0,0
2015-10-28,2015,10,29.4,20.6,8.799999999999997,0.0,0.0,5.1,5.0,270.0,0.0,0.0,30.399999999999995,19.466666666666672,10.933333333333332,0.0,29.6,20.6,0,-0.8660254037844386,0.5000000000000001,-0.8919813464595487,0.45207220393230374,3,0,0,1
2015-10-29,2015,10,30.5,19.7,10.8,1.0,6.0,6.0,25.0,318.0,0.0,0.0,29.599999999999994,20.400000000000002,9.2,0.0,29.4,20.6,1,-0.8660254037844386,0.5000000000000001,-0.8840675099433637,0.46735921715800205,3,0,1,0
2015-10-30,2015,10,29.6,20.5,9.100000000000001,1.0,0.0,6.1,0.0,450.0,5.999999999999986,5.999999999999992,29.83333333333333,20.3,9.533333333333333,6.0,30.5,19.7,0,-0.8660254037844386,0.5000000000000001,-0.8758917051442433,0.48250774176121763,3,0,0,0
2015-10-31,2015,10,30.8,20.6,10.2,0.0,0.0,6.2,0.0,522.0,5.999999999999986,5.999999999999992,29.83333333333333,20.26666666666667,9.566666666666666,0.0,29.6,20.5,0,-0.8660254037844386,0.5000000000000001,-0.8674563547295971,0.4975132889071803,3,0,0,0
2015-11-01,2015,11,29.5,21.7,7.800000000000001,1.0,0.0,4.7,0.0,354.0,5.999999999999986,5.999999999999992,30.299999999999997,20.26666666666667,10.033333333333333,0.0,30.8,20.6,0,-0.5000000000000004,0.8660254037844384,-0.8587639582758031,0.5123714121284235,3,0,0,0
2015-11-02,2015,11,27.8,21.2,6.600000000000001,1.0,1.4,5.4,35.0,96.0,0.0,5.999999999999992,29.966666666666665,20.933333333333334,9.033333333333333,0.0,29.5,21.7,0,-0.5000000000000004,0.8660254037844384,-0.8498170915275277,0.5270777086423724,3,0,1,1
2015-11-03,2015,11,30.9,19.5,11.399999999999999,1.0,95.3,4.1,410.0,210.0,1.3999999999999857,7.3999999999999915,29.36666666666666,21.16666666666667,8.200000000000001,1.4,27.8,21.2,1,-0.5000000000000004,0.8660254037844384,-0.8406184056344783,0.5416278206559811,3,0,1,1
2015-11-04,2015,11,27.1,20.2,6.900000000000002,1.0,7.2,5.4,190.0,138.0,96.69999999999999,102.69999999999999,29.399999999999995,20.8,8.6,95.3,30.9,19.5,1,-0.5000000000000004,0.8660254037844384,-0.8311706263658079,0.5560174366570446,3,0,1,1
2015-11-05,2015,11,28.7,19.6,9.099999999999998,0.0,33.4,4.5,140.0,276.0,103.89999999999999,109.89999999999999,28.599999999999994,20.3,8.3,7.2,27.1,20.2,1,-0.5000000000000004,0.8660254037844384,-0.8214765533024145,0.5702422926917867,3,0,1,0
2015-11-06,2015,11,27.6,20.1,7.5,0.0,0.0,5.2,0.0,342.0,135.89999999999998,137.29999999999998,28.899999999999995,19.76666666666667,9.133333333333333,33.4,28.7,19.6,0,-0.5000000000000004,0.8660254037844384,-0.8115390590073611,0.5842981736283683,3,0,0,0
2015-11-07,2015,11,29.2,20.1,9.099999999999998,0.0,0.0,5.7,0.0,468.0,40.59999999999999,137.29999999999998,27.799999999999994,19.966666666666672,7.833333333333333,0.0,27.6,20.1,0,-0.5000000000000004,0.8660254037844384,-0.801361088174677,0.5981809144059159,3,0,0,0
2015-11-08,2015,11,28.5,19.3,9.2,0.0,0.0,5.1,0.0,450.0,33.399999999999984,137.29999999999998,28.499999999999996,19.933333333333337,8.566666666666665,0.0,29.2,20.1,0,-0.5000000000000004,0.8660254037844384,-0.7909456567567774,0.6118864012687242,3,0,0,0
2015-11-09,2015,11,27.3,20.5,6.800000000000001,2.0,0.0,4.6,10.0,78.0,0.0,137.29999999999998,28.433333333333326,19.83333333333334,8.6,0.0,28.5,19.3,0,-0.5000000000000004,0.8660254037844384,-0.780295851070776,0.6254105729852457,3,0,0,0
2015-11-10,2015,11,21.5,18.2,3.3000000000000007,2.0,45.6,3.0,990.0,0.0,0.0,135.89999999999998,28.33333333333333,19.96666666666667,8.366666666666665,0.0,27.3,20.5,0,-0.5000000000000004,0.8660254037844384,-0.7694148268839381,0.6387494220515268,3,0,1,0
2015-11-11,2015,11,20.4,18.8,1.5999999999999979,5.0,21.1,3.7,965.0,0.0,45.59999999999999,86.19999999999999,25.766666666666662,19.333333333333336,6.433333333333334,45.6,21.5,18.2,0,-0.5000000000000004,0.8660254037844384,-0.7583058084785625,0.6518989958787125,3,0,1,0
2015-11-12,2015,11,22.3,19.7,2.6000000000000014,1.0,2.9,3.3,90.0,0.0,66.69999999999999,100.1,23.066666666666663,19.166666666666668,3.9,21.1,20.4,18.8,0,-0.5000000000000004,0.8660254037844384,-0.7469720876965551,0.6648553979642866,3,0,1,0
2015-11-13,2015,11,24.6,17.0,7.600000000000001,1.0,14.2,3.9,220.0,30.0,69.6,69.59999999999998,21.399999999999995,18.900000000000002,2.5,2.9,22.3,19.7,0,-0.5000000000000004,0.8660254037844384,-0.7354170229639858,0.6776147890466887,3,0,1,0
2015-11-14,2015,11,22.5,16.1,6.399999999999999,0.0,0.1,4.0,10.0,0.0,38.19999999999999,83.8,22.433333333333326,18.500000000000004,3.9333333333333336,14.2,24.6,17.0,0,-0.5000000000000004,0.8660254037844384,-0.7236440382959123,0.690173388242972,3,0,1,0
2015-11-15,2015,11,24.8,18.7,6.100000000000001,1.0,0.0,4.0,10.0,0.0,17.199999999999985,83.89999999999998,23.13333333333333,17.6,5.533333333333334,0.1,22.5,16.1,0,-0.5000000000000004,0.8660254037844384,-0.7116566222817751,0.7025274741691566,3,0,0,0
2015-11-16,2015,11,20.9,17.1,3.799999999999997,2.0,8.8,2.8,100.0,0.0,14.299999999999985,83.89999999999998,23.966666666666665,17.26666666666667,6.7,0.0,24.8,18.7,0,-0.5000000000000004,0.8660254037844384,-0.6994583270516471,0.7146733860429609,3,0,1,0
2015-11-17,2015,11,21.7,18.2,3.5,3.0,10.9,2.3,0.0,0.0,8.899999999999986,92.69999999999999,22.73333333333333,17.3,5.433333333333333,8.8,20.9,17.1,0,-0.5000000000000004,0.8660254037844384,-0.6870527672236675,0.726607524768565,3,0,1,0
2015-11-18,2015,11,21.5,18.9,2.6000000000000014,3.0,1.1,2.2,50.0,0.0,19.69999999999999,57.999999999999986,22.466666666666658,18.000000000000004,4.466666666666666,10.9,21.7,18.2,0,-0.5000000000000004,0.8660254037844384,-0.6744436188329457,0.7383263540031063,3,0,1,0
2015-11-19,2015,11,23.2,19.5,3.6999999999999993,1.0,14.4,1.8,390.0,0.0,20.799999999999986,37.999999999999986,21.36666666666666,18.06666666666667,3.2999999999999994,1.1,21.5,18.9,0,-0.5000000000000004,0.8660254037844384,-0.661634618242279,0.749826401204568,3,0,1,0
2015-11-20,2015,11,24.6,20.4,4.200000000000003,1.0,0.4,4.5,0.0,72.0,26.399999999999984,49.499999999999986,22.133333333333326,18.86666666666667,3.266666666666667,14.4,23.2,19.5,0,-0.5000000000000004,0.8660254037844384,-0.6486295610349818,0.7611042586607742,3,0,1,0
2015-11-21,2015,11,26.4,19.6,6.799999999999997,2.0,14.3,3.0,167.0,132.0,15.899999999999986,35.69999999999998,23.099999999999994,19.6,3.5000000000000013,0.4,24.6,20.4,0,-0.5000000000000004,0.8660254037844384,-0.6354323008901775,0.7721565844991641,3,0,1,0
2015-11-22,2015,11,25.5,20.0,5.5,1.0,1.1,3.1,15.0,150.0,29.099999999999987,49.899999999999984,24.73333333333333,19.833333333333336,4.8999999999999995,14.3,26.4,19.6,0,-0.5000000000000004,0.8660254037844384,-0.622046748440868,0.7829801036770625,3,0,1,0
2015-11-23,2015,11,24.4,18.9,5.5,1.0,5.3,2.8,170.0,54.0,15.799999999999986,50.999999999999986,25.499999999999996,20.000000000000004,5.5,1.1,25.5,20.0,0,-0.5000000000000004,0.8660254037844384,-0.6084768701151264,0.7935716089521472,3,0,1,0
2015-11-24,2015,11,25.1,18.4,6.700000000000003,1.0,15.7,3.5,369.0,84.0,20.69999999999999,47.499999999999986,25.433333333333326,19.500000000000004,5.933333333333333,5.3,24.4,18.9,0,-0.5000000000000004,0.8660254037844384,-0.594726686960764,0.8039279618328208,3,0,1,0
2015-11-25,2015,11,25.4,17.5,7.899999999999999,1.0,0.0,4.1,0.0,36.0,22.099999999999987,52.29999999999999,24.999999999999996,19.1,5.900000000000001,15.7,25.1,18.4,0,-0.5000000000000004,0.8660254037844384,-0.5808002734538013,0.8140460935082175,3,0,0,0
2015-11-26,2015,11,27.5,17.7,9.8,1.0,0.0,4.6,0.0,245.0,20.999999999999986,51.19999999999999,24.966666666666658,18.26666666666667,6.7,0.0,25.4,17.5,0,-0.5000000000000004,0.8660254037844384,-0.5667017562911184,0.8239230057575536,3,0,0,0
2015-11-27,2015,11,28.0,19.7,8.3,0.0,0.0,4.9,10.0,312.0,15.699999999999985,36.79999999999999,25.999999999999996,17.86666666666667,8.133333333333335,0.0,27.5,17.7,0,-0.5000000000000004,0.8660254037844384,-0.5524353131676203,0.8335557718385695,3,0,0,0
2015-11-28,2015,11,28.9,16.4,12.5,1.0,0.0,4.9,0.0,486.0,0.0,36.39999999999999,26.966666666666658,18.3,8.666666666666666,0.0,28.0,19.7,0,-0.5000000000000004,0.8660254037844384,-0.5380051715382992,0.8429415373547832,3,0,0,0
2015-11-29,2015,11,29.3,17.4,11.900000000000002,1.0,0.0,5.4,0.0,96.0,0.0,22.099999999999987,28.133333333333326,17.933333333333334,10.200000000000001,0.0,28.9,16.4,0,-0.5000000000000004,0.8660254037844384,-0.5234156073655503,0.8520775211013093,3,0,0,0
2015-11-30,2015,11,25.2,19.7,5.5,1.0,3.2,3.6,80.0,96.0,0.0,20.999999999999986,28.73333333333333,17.833333333333336,10.9,0.0,29.3,17.4,0,-0.5000000000000004,0.8660254037844384,-0.5086709438521042,0.8609610158889945,3,0,1,0
2015-12-01,2015,12,26.3,19.4,6.900000000000002,1.0,0.2,5.0,10.0,48.0,3.199999999999986,18.899999999999984,27.799999999999994,17.833333333333332,9.966666666666667,3.2,25.2,19.7,0,-2.4492935982947064e-16,1.0,-0.49377555015997737,0.8695893893466109,0,0,1,0
2015-12-02,2015,12,23.8,19.6,4.199999999999999,1.0,1.0,5.6,135.0,0.0,3.399999999999986,3.399999999999986,26.933333333333326,18.833333333333332,8.100000000000001,0.2,26.3,19.4,0,-2.4492935982947064e-16,1.0,-0.4787338401157883,0.8779600847008883,0,0,1,0
2015-12-03,2015,12,23.9,18.9,5.0,1.0,2.9,3.7,180.0,30.0,4.399999999999986,4.399999999999986,25.099999999999994,19.566666666666666,5.533333333333334,1.0,23.8,19.6,0,-2.4492935982947064e-16,1.0,-0.4635502709028512,0.8860706215341378,0,0,1,0
2015-12-04,2015,12,24.9,18.0,6.899999999999999,1.0,0.4,3.2,10.0,138.0,4.099999999999985,7.299999999999986,24.66666666666666,19.3,5.366666666666667,2.9,23.9,18.9,0,-2.4492935982947064e-16,1.0,-0.4482293417404106,0.893918596519257,0,0,1,0
2015-12-05,2015,12,27.8,17.9,9.900000000000002,2.0,0.0,4.7,0.0,396.0,4.299999999999986,7.699999999999986,24.2,18.83333333333334,5.366666666666666,0.4,24.9,18.0,0,-2.4492935982947064e-16,1.0,-0.4327755925504317,0.9015016841318838,0,0,0,0
2015-12-06,2015,12,27.1,18.4,8.700000000000003,1.0,0.0,4.8,0.0,360.0,3.299999999999985,7.699999999999986,25.533333333333328,18.266666666666666,7.266666666666667,0.0,27.8,17.9,0,-2.4492935982947064e-16,1.0,-0.41719360261231697,0.9088176373395028,0,0,0,0
2015-12-07,2015,12,27.3,17.5,9.8,1.0,0.0,3.4,0.0,156.0,0.3999999999999858,7.699999999999986,26.599999999999994,18.100000000000005,8.500000000000002,0.0,27.1,18.4,0,-2.4492935982947064e-16,1.0,-0.4014879892059737,0.9158642882672868,0,0,0,0
2015-12-08,2015,12,28.7,17.0,11.7,1.0,0.0,4.6,0.0,402.0,0.0,4.499999999999986,27.399999999999995,17.933333333333337,9.466666666666669,0.0,27.3,17.5,0,-2.4492935982947064e-16,1.0,-0.38566340624360745,0.9226395488404875,0,0,0,0
2015-12-09,2015,12,28.2,18.4,9.8,1.0,0.0,4.0,0.0,222.0,0.0,4.299999999999986,27.7,17.633333333333336,10.066666666666668,0.0,28.7,17.0,0,-2.4492935982947064e-16,1.0,-0.3697245428906732,0.9291414114031743,0,0,0,0
2015-12-10,2015,12,25.8,20.1,5.699999999999999,1.0,0.6,5.0,45.0,132.0,0.0,3.299999999999985,28.066666666666663,17.633333333333336,10.433333333333334,0.0,28.2,18.4,0,-2.4492935982947064e-16,1.0,-0.35367612217637207,0.935367949313148,0,0,1,0
2015-12-11,2015,12,24.3,18.6,5.699999999999999,1.0,0.0,4.4,0.0,18.0,0.5999999999999858,0.9999999999999858,27.566666666666663,18.500000000000004,9.066666666666666,0.6,25.8,20.1,0,-2.4492935982947064e-16,1.0,-0.33752289959411347,0.941317317512847,0,0,0,0
2015-12-12,2015,12,28.7,20.0,8.7,1.0,0.0,4.8,0.0,384.0,0.5999999999999858,0.5999999999999858,26.099999999999994,19.033333333333335,7.066666666666666,0.0,24.3,18.6,0,-2.4492935982947064e-16,1.0,-0.32126966169236515,0.9469877530760751,0,0,0,0
2015-12-13,2015,12,30.2,20.6,9.599999999999998,1.0,0.0,6.2,0.0,198.0,0.5999999999999858,0.5999999999999858,26.266666666666662,19.566666666666666,6.699999999999999,0.0,28.7,20.0,0,-2.4492935982947064e-16,1.0,-0.3049212246562894,0.9523775757303973,0,0,0,0
2015-12-14,2015,12,30.9,19.6,11.299999999999997,1.0,0.0,6.5,0.0,491.0,0.0,0.5999999999999858,27.73333333333333,19.733333333333338,7.999999999999999,0.0,30.2,20.6,0,-2.4492935982947064e-16,1.0,-0.2884824328806098,0.9574851883550389,0,0,0,0
2015-12-15,2015,12,29.9,20.0,9.899999999999999,2.0,0.0,6.3,0.0,198.0,0.0,0.5999999999999858,29.933333333333326,20.066666666666666,9.866666666666665,0.0,30.9,19.6,0,-2.4492935982947064e-16,1.0,-0.27195815753410524,0.9623090774541487,0,0,0,0
2015-12-16,2015,12,29.8,19.0,10.8,1.0,0.0,5.6,0.0,408.0,0.0,0.5999999999999858,30.333333333333325,20.066666666666666,10.266666666666664,0.0,29.9,20.0,0,-2.4492935982947064e-16,1.0,-0.2553532951161881,0.9668478136052773,0,0,0,0
2015-12-17,2015,12,30.3,16.4,13.900000000000002,2.0,0.0,5.3,0.0,324.0,0.0,0.5999999999999858,30.199999999999992,19.533333333333335,10.666666666666666,0.0,29.8,19.0,0,-2.4492935982947064e-16,1.0,-0.23867276600594997,0.9711000518829505,0,0,0,0
2015-12-18,2015,12,28.6,17.4,11.200000000000003,2.0,0.0,5.0,0.0,528.0,0.0,0.0,29.999999999999996,18.46666666666667,11.533333333333333,0.0,30.3,16.4,0,-2.4492935982947064e-16,1.0,-0.22192151300416674,0.9750645322571945,0,0,0,0
2015-12-19,2015,12,26.7,18.9,7.800000000000001,2.0,0.0,5.0,0.0,336.0,0.0,0.0,29.566666666666663,17.599999999999998,11.966666666666669,0.0,28.6,17.4,0,-2.4492935982947064e-16,1.0,-0.20510449986861926,0.9787400799669153,0,0,0,0
2015-12-20,2015,12,28.2,18.8,9.399999999999999,2.0,0.0,4.8,0.0,456.0,0.0,0.0,28.53333333333333,17.566666666666666,10.966666666666669,0.0,26.7,18.9,0,-2.4492935982947064e-16,1.0,-0.1882267098432439,0.9821256058680006,0,0,0,0
2015-12-21,2015,12,28.4,18.3,10.099999999999998,2.0,0.0,4.6,0.0,402.0,0.0,0.0,27.83333333333333,18.36666666666667,9.466666666666667,0.0,28.2,18.8,0,-2.4492935982947064e-16,1.0,-0.1712931441814778,0.9852201067560606,0,0,0,0
2015-12-22,2015,12,28.8,16.8,12.0,1.0,0.0,5.0,0.0,396.0,0.0,0.0,27.766666666666662,18.666666666666668,9.1,0.0,28.4,18.3,0,-2.4492935982947064e-16,1.0,-0.154308820664281,0.9880226656636976,0,0,0,0
2015-12-23,2015,12,29.2,17.9,11.3,1.0,0.0,4.9,0.0,504.0,0.0,0.0,28.466666666666658,17.966666666666672,10.499999999999998,0.0,28.8,16.8,0,-2.4492935982947064e-16,1.0,-0.13727877211326517,0.9905324521322227,0,0,0,0
2015-12-24,2015,12,28.0,17.3,10.7,1.0,0.0,5.0,0.0,438.0,0.0,0.0,28.799999999999994,17.666666666666668,11.133333333333333,0.0,29.2,17.9,0,-2.4492935982947064e-16,1.0,-0.12020804489935275,0.9927487224577402,0,0,0,0
2015-12-25,2015,12,29.3,16.3,13.0,1.0,0.0,4.8,0.0,438.0,0.0,0.0,28.66666666666666,17.333333333333332,11.333333333333334,0.0,28.0,17.3,0,-2.4492935982947064e-16,1.0,-0.10310169744743544,0.9946708199115211,0,0,0,0
2015-12-26,2015,12,28.2,18.2,10.0,1.0,0.0,4.4,0.0,491.0,0.0,0.0,28.83333333333333,17.166666666666668,11.666666666666666,0.0,29.3,16.3,0,-2.4492935982947064e-16,1.0,-0.0859647987374467,0.9962981749346077,0,0,0,0
2015-12-27,2015,12,27.7,17.9,9.8,1.0,0.0,4.8,0.0,378.0,0.0,0.0,28.499999999999996,17.26666666666667,11.233333333333334,0.0,28.2,18.2,0,-2.4492935982947064e-16,1.0,-0.06880242680232064,0.9976303053065857,0,0,0,0
2015-12-28,2015,12,26.2,17.2,9.0,1.0,0.0,4.8,0.0,84.0,0.0,0.0,28.399999999999995,17.46666666666667,10.933333333333332,0.0,27.7,17.9,0,-2.4492935982947064e-16,1.0,-0.05161966722325418,0.9986668162884759,0,0,0,0
2015-12-29,2015,12,27.4,15.4,11.999999999999998,1.0,0.0,5.0,0.0,414.0,0.0,0.0,27.366666666666664,17.76666666666667,9.6,0.0,26.2,17.2,0,-2.4492935982947064e-16,1.0,-0.034421611622745804,0.9994074007397048,0,0,0,0
2015-12-30,2015,12,29.3,14.2,15.100000000000001,1.0,0.0,5.1,0.0,528.0,0.0,0.0,27.099999999999994,16.833333333333336,10.266666666666666,0.0,27.4,15.4,0,-2.4492935982947064e-16,1.0,-0.01721335615583528,0.9998518392091162,0,0,0,0
2015-12-31,2015,12,29.4,14.5,14.899999999999999,1.0,0.0,4.8,0.0,552.0,0.0,0.0,27.633333333333326,15.600000000000003,12.033333333333333,0.0,29.3,14.2,0,-2.4492935982947064e-16,1.0,6.432490598706546e-16,1.0,0,0,0,0
2016-01-01,2016,1,28.4,15.7,12.7,1.0,0.0,4.2,0.0,564.0,0.0,0.0,28.699999999999992,14.700000000000003,14.0,0.0,29.4,14.5,0,0.49999999999999994,0.8660254037844387,0.017213356155834685,0.9998518392091162,0,0,0,0
2016-01-02,2016,1,26.7,12.9,13.799999999999999,1.0,0.0,4.7,0.0,318.0,0.0,0.0,29.033333333333328,14.800000000000002,14.233333333333333,0.0,28.4,15.7,0,0.49999999999999994,0.8660254037844387,0.03442161162274574,0.9994074007397048,0,0,0,0
2016-01-03,2016,1,28.3,13.7,14.600000000000001,1.0,0.0,5.2,0.0,540.0,0.0,0.0,28.16666666666666,14.366666666666669,13.799999999999997,0.0,26.7,12.9,0,0.49999999999999994,0.8660254037844387,0.051619667223253764,0.998666816288476,0,0,0,0
2016-01-04,2016,1,29.0,15.2,13.8,1.0,0.0,6.6,0.0,546.0,0.0,0.0,27.799999999999994,14.100000000000001,13.699999999999998,0.0,28.3,13.7,0,0.49999999999999994,0.8660254037844387,0.06880242680231986,0.9976303053065857,0,0,0,0
2016-01-05,2016,1,28.4,14.7,13.7,1.0,0.0,5.9,0.0,546.0,0.0,0.0,27.999999999999996,13.933333333333337,14.066666666666668,0.0,29.0,15.2,0,0.49999999999999994,0.8660254037844387,0.08596479873744647,0.9962981749346078,0,0,0,0
2016-01-06,2016,1,28.4,15.4,12.999999999999998,1.0,0.0,6.5,0.0,491.0,0.0,0.0,28.566666666666663,14.533333333333337,14.033333333333333,0.0,28.4,14.7,0,0.49999999999999994,0.8660254037844387,0.10310169744743485,0.9946708199115211,0,0,0,0
2016-01-07,2016,1,28.7,17.0,11.7,1.0,0.0,5.3,0.0,480.0,0.0,0.0,28.599999999999994,15.100000000000001,13.5,0.0,28.4,15.4,0,0.49999999999999994,0.8660254037844387,0.1202080448993527,0.9927487224577402,0,0,0,0
2016-01-08,2016,1,27.6,16.2,11.400000000000002,1.0,0.0,5.0,0.0,306.0,0.0,0.0,28.499999999999996,15.700000000000003,12.799999999999999,0.0,28.7,17.0,0,0.49999999999999994,0.8660254037844387,0.13727877211326478,0.9905324521322229,0,0,0,0
2016-01-09,2016,1,26.5,15.1,11.4,1.0,0.0,4.6,0.0,306.0,0.0,0.0,28.23333333333333,16.2,12.033333333333333,0.0,27.6,16.2,0,0.49999999999999994,0.8660254037844387,0.15430882066428117,0.9880226656636976,0,0,0,0
2016-01-10,2016,1,28.4,15.3,13.099999999999998,1.0,0.0,7.0,0.0,480.0,0.0,0.0,27.599999999999994,16.1,11.5,0.0,26.5,15.1,0,0.49999999999999994,0.8660254037844387,0.1712931441814776,0.9852201067560606,0,0,0,0
2016-01-11,2016,1,28.1,15.0,13.100000000000001,1.0,0.0,5.0,0.0,540.0,0.0,0.0,27.499999999999996,15.533333333333333,11.966666666666669,0.0,28.4,15.3,0,0.49999999999999994,0.8660254037844387,0.1882267098432442,0.9821256058680006,0,0,0,0
2016-01-12,2016,1,27.7,15.2,12.5,1.0,0.0,4.8,0.0,558.0,0.0,0.0,27.66666666666666,15.133333333333335,12.533333333333331,0.0,28.1,15.0,0,0.49999999999999994,0.8660254037844387,0.2051044998686192,0.9787400799669153,0,0,0,0
2016-01-13,2016,1,28.5,15.7,12.8,1.0,0.0,4.9,0.0,486.0,0.0,0.0,28.066666666666663,15.166666666666666,12.9,0.0,27.7,15.2,0,0.49999999999999994,0.8660254037844387,0.2219215130041655,0.9750645322571948,0,0,0,0
2016-01-14,2016,1,27.2,15.0,12.2,1.0,0.0,5.0,0.0,204.0,0.0,0.0,28.099999999999994,15.300000000000002,12.800000000000002,0.0,28.5,15.7,0,0.49999999999999994,0.8660254037844387,0.2386727660059501,0.9711000518829505,0,0,0,0
2016-01-15,2016,1,28.2,15.2,13.0,2.0,0.0,5.6,0.0,540.0,0.0,0.0,27.799999999999994,15.300000000000002,12.5,0.0,27.2,15.0,0,0.49999999999999994,0.8660254037844387,0.255353295116187,0.9668478136052775,0,0,0,0
2016-01-16,2016,1,27.5,15.4,12.1,1.0,0.0,5.0,0.0,504.0,0.0,0.0,27.966666666666658,15.299999999999999,12.666666666666666,0.0,28.2,15.2,0,0.49999999999999994,0.8660254037844387,0.2719581575341055,0.9623090774541486,0,0,0,0
2016-01-17,2016,1,28.7,16.0,12.7,1.0,0.0,5.0,0.0,288.0,0.0,0.0,27.633333333333326,15.200000000000003,12.433333333333332,0.0,27.5,15.4,0,0.49999999999999994,0.8660254037844387,0.288482432880609,0.9574851883550393,0,0,0,0
2016-01-18,2016,1,29.0,16.2,12.8,1.0,0.0,5.1,0.0,330.0,0.0,0.0,28.133333333333326,15.533333333333337,12.6,0.0,28.7,16.0,0,0.49999999999999994,0.8660254037844387,0.30492122465628907,0.9523775757303974,0,0,0,0
2016-01-19,2016,1,28.4,17.8,10.599999999999998,2.0,0.4,4.6,12.0,300.0,0.0,0.0,28.399999999999995,15.866666666666667,12.533333333333333,0.0,29.0,16.2,0,0.49999999999999994,0.8660254037844387,0.3212696616923644,0.9469877530760753,0,0,1,0
2016-01-20,2016,1,25.9,19.9,6.0,1.0,0.4,4.4,0.0,0.0,0.3999999999999858,0.3999999999999858,28.699999999999992,16.666666666666668,12.033333333333331,0.4,28.4,17.8,0,0.49999999999999994,0.8660254037844387,0.3375228995941133,0.9413173175128471,0,0,1,0
2016-01-21,2016,1,25.6,19.0,6.600000000000001,1.0,4.4,4.4,0.0,0.0,0.7999999999999858,0.7999999999999858,27.766666666666662,17.96666666666667,9.799999999999999,0.4,25.9,19.9,0,0.49999999999999994,0.8660254037844387,0.3536761221763716,0.9353679493131483,0,0,1,0
2016-01-22,2016,1,28.7,18.2,10.5,1.0,0.0,4.3,0.0,168.0,5.199999999999986,5.199999999999986,26.633333333333326,18.900000000000002,7.733333333333332,4.4,25.6,19.0,0,0.49999999999999994,0.8660254037844387,0.3697245428906731,0.9291414114031743,0,0,0,0
2016-01-23,2016,1,25.3,18.5,6.800000000000001,1.0,0.0,4.8,0.0,0.0,4.799999999999986,5.199999999999986,26.73333333333333,19.033333333333335,7.7,0.0,28.7,18.2,0,0.49999999999999994,0.8660254037844387,0.38566340624360707,0.9226395488404876,0,0,0,0
2016-01-24,2016,1,26.5,18.5,8.0,2.0,0.0,4.8,0.0,294.0,4.399999999999986,5.199999999999986,26.53333333333333,18.566666666666666,7.966666666666668,0.0,25.3,18.5,0,0.49999999999999994,0.8660254037844387,0.401487989205973,0.9158642882672872,0,0,0,0
2016-01-25,2016,1,29.2,18.5,10.7,2.0,0.0,4.2,0.0,294.0,0.0,5.199999999999986,26.83333333333333,18.400000000000002,8.433333333333334,0.0,26.5,18.5,0,0.49999999999999994,0.8660254037844387,0.4171936026123168,0.9088176373395029,0,0,0,0
2016-01-26,2016,1,28.9,18.9,10.0,2.0,0.0,5.3,0.0,270.0,0.0,5.199999999999986,26.999999999999996,18.5,8.5,0.0,29.2,18.5,0,0.49999999999999994,0.8660254037844387,0.4327755925504312,0.901501684131884,0,0,0,0
2016-01-27,2016,1,29.3,19.0,10.3,1.0,0.0,5.2,0.0,258.0,0.0,4.799999999999986,28.199999999999992,18.633333333333333,9.566666666666666,0.0,28.9,18.9,0,0.49999999999999994,0.8660254037844387,0.4482293417404106,0.893918596519257,0,0,0,0
2016-01-28,2016,1,29.6,17.7,11.900000000000002,1.0,0.0,4.8,0.0,54.0,0.0,4.399999999999986,29.133333333333326,18.8,10.333333333333334,0.0,29.3,19.0,0,0.49999999999999994,0.8660254037844387,0.4635502709028509,0.886070621534138,0,0,0,0
2016-01-29,2016,1,31.6,17.9,13.700000000000003,1.0,0.0,5.5,0.0,504.0,0.0,0.0,29.266666666666662,18.533333333333335,10.733333333333334,0.0,29.6,17.7,0,0.49999999999999994,0.8660254037844387,0.47873384011578846,0.8779600847008882,0,0,0,0
2016-01-30,2016,1,30.7,17.1,13.599999999999998,1.0,0.0,6.0,0.0,491.0,0.0,0.0,30.166666666666668,18.2,11.966666666666669,0.0,31.6,17.9,0,0.49999999999999994,0.8660254037844387,0.4937755501599772,0.869589389346611,0,0,0,0
2016-01-31,2016,1,30.1,16.4,13.700000000000003,1.0,0.0,6.0,0.0,552.0,0.0,0.0,30.63333333333333,17.566666666666666,13.066666666666668,0.0,30.7,17.1,0,0.49999999999999994,0.8660254037844387,0.5086709438521044,0.8609610158889943,0,0,0,0
2016-02-01,2016,2,31.4,16.4,15.0,1.0,0.0,6.6,0.0,534.0,0.0,0.0,30.799999999999997,17.133333333333336,13.666666666666666,0.0,30.1,16.4,0,0.8660254037844386,0.5000000000000001,0.5234156073655503,0.8520775211013093,0,0,0,0
2016-02-02,2016,2,31.9,16.3,15.599999999999998,1.0,0.0,5.2,0.0,474.0,0.0,0.0,30.73333333333333,16.633333333333336,14.1,0.0,31.4,16.4,0,0.8660254037844386,0.5000000000000001,0.5380051715382996,0.8429415373547828,0,0,0,0
2016-02-03,2016,2,32.2,16.2,16.000000000000004,0.0,0.0,6.0,0.0,552.0,0.0,0.0,31.133333333333326,16.366666666666667,14.766666666666666,0.0,31.9,16.3,0,0.8660254037844386,0.5000000000000001,0.5524353131676196,0.8335557718385699,0,0,0,0
2016-02-04,2016,2,31.2,17.3,13.899999999999999,1.0,0.0,5.5,0.0,372.0,0.0,0.0,31.83333333333333,16.3,15.533333333333333,0.0,32.2,16.2,0,0.8660254037844386,0.5000000000000001,0.5667017562911176,0.8239230057575542,0,0,0,0
2016-02-05,2016,2,30.7,16.7,14.0,0.0,0.0,5.8,0.0,540.0,0.0,0.0,31.766666666666662,16.6,15.166666666666666,0.0,31.2,17.3,0,0.8660254037844386,0.5000000000000001,0.5808002734538009,0.8140460935082178,0,0,0,0
2016-02-06,2016,2,29.8,16.6,13.2,1.0,0.0,5.0,0.0,528.0,0.0,0.0,31.366666666666664,16.733333333333334,14.633333333333335,0.0,30.7,16.7,0,0.8660254037844386,0.5000000000000001,0.5947266869607634,0.8039279618328213,0,0,0,0
2016-02-07,2016,2,30.4,18.2,12.2,2.0,0.0,5.5,0.0,498.0,0.0,0.0,30.566666666666663,16.86666666666667,13.699999999999998,0.0,29.8,16.6,0,0.8660254037844386,0.5000000000000001,0.6084768701151261,0.7935716089521474,0,0,0,0
2016-02-08,2016,2,30.5,19.2,11.3,1.0,0.0,6.2,0.0,282.0,0.0,0.0,30.299999999999994,17.166666666666668,13.133333333333333,0.0,30.4,18.2,0,0.8660254037844386,0.5000000000000001,0.6220467484408675,0.7829801036770628,0,0,0,0
2016-02-09,2016,2,31.7,18.6,13.099999999999998,1.0,0.0,6.0,0.0,462.0,0.0,0.0,30.23333333333333,18.0,12.233333333333334,0.0,30.5,19.2,0,0.8660254037844386,0.5000000000000001,0.6354323008901774,0.7721565844991642,0,0,0,0
2016-02-10,2016,2,31.6,18.3,13.3,1.0,0.0,5.8,0.0,414.0,0.0,0.0,30.866666666666664,18.666666666666668,12.199999999999998,0.0,31.7,18.6,0,0.8660254037844386,0.5000000000000001,0.6486295610349814,0.7611042586607747,0,0,0,0
2016-02-11,2016,2,31.8,19.8,12.0,1.0,0.0,6.0,0.0,432.0,0.0,0.0,31.266666666666662,18.7,12.566666666666668,0.0,31.6,18.3,0,0.8660254037844386,0.5000000000000001,0.6616346182422783,0.7498264012045686,0,0,0,0
2016-02-12,2016,2,32.4,19.6,12.799999999999997,2.0,0.0,5.0,0.0,360.0,0.0,0.0,31.699999999999992,18.900000000000002,12.799999999999999,0.0,31.8,19.8,0,0.8660254037844386,0.5000000000000001,0.6744436188329455,0.7383263540031065,0,0,0,0
2016-02-13,2016,2,31.9,19.5,12.399999999999999,1.0,0.0,5.8,0.0,312.0,0.0,0.0,31.933333333333326,19.233333333333334,12.699999999999998,0.0,32.4,19.6,0,0.8660254037844386,0.5000000000000001,0.6870527672236669,0.7266075247685656,0,0,0,0
2016-02-14,2016,2,32.1,19.0,13.100000000000001,1.0,0.0,6.1,0.0,402.0,0.0,0.0,32.03333333333333,19.633333333333336,12.399999999999999,0.0,31.9,19.5,0,0.8660254037844386,0.5000000000000001,0.6994583270516471,0.7146733860429609,0,0,0,0
2016-02-15,2016,2,31.2,17.3,13.899999999999999,1.0,0.0,6.2,0.0,510.0,0.0,0.0,32.133333333333326,19.36666666666667,12.766666666666666,0.0,32.1,19.0,0,0.8660254037844386,0.5000000000000001,0.7116566222817746,0.7025274741691571,0,0,0,0
2016-02-16,2016,2,29.8,18.7,11.100000000000001,3.0,0.0,6.5,0.0,576.0,0.0,0.0,31.73333333333333,18.6,13.133333333333333,0.0,31.2,17.3,0,0.8660254037844386,0.5000000000000001,0.7236440382959124,0.6901733882429719,0,0,0,0
2016-02-17,2016,2,31.1,18.4,12.700000000000003,2.0,0.0,6.3,0.0,564.0,0.0,0.0,31.03333333333333,18.333333333333332,12.700000000000001,0.0,29.8,18.7,0,0.8660254037844386,0.5000000000000001,0.7354170229639855,0.6776147890466889,0,0,0,0
2016-02-18,2016,2,30.5,19.3,11.2,2.0,0.0,5.8,0.0,390.0,0.0,0.0,30.7,18.133333333333336,12.566666666666668,0.0,31.1,18.4,0,0.8660254037844386,0.5000000000000001,0.7469720876965552,0.6648553979642865,0,0,0,0
2016-02-19,2016,2,29.4,18.0,11.399999999999999,2.0,0.0,5.5,0.0,432.0,0.0,0.0,30.466666666666665,18.8,11.666666666666666,0.0,30.5,19.3,0,0.8660254037844386,0.5000000000000001,0.7583058084785624,0.6518989958787126,0,0,0,0
2016-02-20,2016,2,31.9,19.6,12.299999999999997,2.0,0.0,5.7,0.0,564.0,0.0,0.0,30.333333333333332,18.566666666666666,11.766666666666666,0.0,29.4,18.0,0,0.8660254037844386,0.5000000000000001,0.7694148268839378,0.6387494220515272,0,0,0,0
2016-02-21,2016,2,33.2,20.2,13.000000000000004,1.0,0.0,5.5,0.0,491.0,0.0,0.0,30.599999999999994,18.96666666666667,11.633333333333331,0.0,31.9,19.6,0,0.8660254037844386,0.5000000000000001,0.7802958510707755,0.6254105729852463,0,0,0,0
2016-02-22,2016,2,34.6,21.1,13.5,1.0,0.0,6.2,0.0,546.0,0.0,0.0,31.5,19.26666666666667,12.233333333333334,0.0,33.2,20.2,0,0.8660254037844386,0.5000000000000001,0.7909456567567772,0.6118864012687243,0,0,0,0
2016-02-23,2016,2,35.5,18.9,16.6,1.0,0.0,6.5,0.0,546.0,0.0,0.0,33.23333333333333,20.3,12.933333333333332,0.0,34.6,21.1,0,0.8660254037844386,0.5000000000000001,0.8013610881746766,0.5981809144059164,0,0,0,0
2016-02-24,2016,2,34.2,20.5,13.700000000000003,2.0,0.0,6.2,0.0,552.0,0.0,0.0,34.43333333333333,20.066666666666666,14.366666666666669,0.0,35.5,18.9,0,0.8660254037844386,0.5000000000000001,0.811539059007361,0.5842981736283684,0,0,0,0
2016-02-25,2016,2,33.4,22.3,11.099999999999998,2.0,0.0,5.7,0.0,450.0,0.0,0.0,34.766666666666666,20.166666666666668,14.600000000000001,0.0,34.2,20.5,0,0.8660254037844386,0.5000000000000001,0.8214765533024142,0.5702422926917871,0,0,0,0
2016-02-26,2016,2,33.5,20.5,13.0,2.0,0.0,6.0,0.0,324.0,0.0,0.0,34.36666666666667,20.566666666666666,13.800000000000002,0.0,33.4,22.3,0,0.8660254037844386,0.5000000000000001,0.8311706263658079,0.5560174366570446,0,0,0,0
2016-02-27,2016,2,31.3,18.7,12.600000000000001,2.0,0.0,6.0,0.0,510.0,0.0,0.0,33.699999999999996,21.1,12.6,0.0,33.5,20.5,0,0.8660254037844386,0.5000000000000001,0.8406184056344782,0.5416278206559814,0,0,0,0
2016-02-28,2016,2,31.8,19.9,11.900000000000002,2.0,0.0,6.6,0.0,504.0,0.0,0.0,32.733333333333334,20.5,12.233333333333334,0.0,31.3,18.7,0,0.8660254037844386,0.5000000000000001,0.8498170915275278,0.5270777086423722,0,0,0,0
2016-02-29,2016,2,31.2,19.7,11.5,1.0,0.0,6.0,0.0,294.0,0.0,0.0,32.199999999999996,19.700000000000003,12.5,0.0,31.8,19.9,0,0.8660254037844386,0.5000000000000001,0.8587639582758029,0.5123714121284237,0,0,0,0
2016-03-01,2016,3,30.7,18.9,11.8,1.0,0.0,5.7,0.0,180.0,0.0,0.0,31.433333333333334,19.433333333333334,12.0,0.0,31.2,19.7,0,1.0,6.123233995736766e-17,0.8674563547295968,0.49751328890718066,1,0,0,0
2016-03-02,2016,3,31.5,19.7,11.8,1.0,0.0,5.4,0.0,378.0,0.0,0.0,31.23333333333333,19.5,11.733333333333334,0.0,30.7,18.9,0,1.0,6.123233995736766e-17,0.8758917051442429,0.48250774176121847,1,0,0,0
2016-03-03,2016,3,30.8,19.6,11.2,1.0,0.0,6.4,0.0,156.0,0.0,0.0,31.13333333333333,19.433333333333334,11.700000000000001,0.0,31.5,19.7,0,1.0,6.123233995736766e-17,0.8840675099433636,0.4673592171580022,1,0,0,0
2016-03-04,2016,3,32.8,18.4,14.399999999999999,1.0,0.0,6.3,0.0,534.0,0.0,0.0,30.999999999999996,19.400000000000002,11.6,0.0,30.8,19.6,0,1.0,6.123233995736766e-17,0.8919813464595485,0.45207220393230435,1,0,0,0
2016-03-05,2016,3,34.0,18.8,15.2,1.0,0.0,7.0,0.0,450.0,0.0,0.0,31.7,19.233333333333334,12.466666666666667,0.0,32.8,18.4,0,1.0,6.123233995736766e-17,0.8996308696522433,0.43665123195606403,1,0,0,0
2016-03-06,2016,3,33.4,18.7,14.7,1.0,0.0,6.9,0.0,504.0,0.0,0.0,32.53333333333333,18.933333333333334,13.6,0.0,34.0,18.8,0,1.0,6.123233995736766e-17,0.9070138128026359,0.4211008707960896,1,0,0,0
2016-03-07,2016,3,33.4,18.7,14.7,1.0,0.0,6.6,0.0,510.0,0.0,0.0,33.4,18.633333333333336,14.766666666666666,0.0,33.4,18.7,0,1.0,6.123233995736766e-17,0.9141279881853337,0.40542572835999735,1,0,0,0
2016-03-08,2016,3,33.2,18.8,14.400000000000002,1.0,0.0,7.0,0.0,491.0,0.0,0.0,33.599999999999994,18.733333333333334,14.866666666666665,0.0,33.4,18.7,0,1.0,6.123233995736766e-17,0.9209712877166346,0.38963044953078796,1,0,0,0
2016-03-09,2016,3,34.3,19.5,14.799999999999997,1.0,0.0,7.0,0.0,462.0,0.0,0.0,33.333333333333336,18.733333333333334,14.6,0.0,33.2,18.8,0,1.0,6.123233995736766e-17,0.9275416835791966,0.37371971479046906,1,0,0,0
2016-03-10,2016,3,34.9,20.6,14.299999999999997,1.0,0.0,6.0,0.0,522.0,0.0,0.0,33.633333333333326,19.0,14.633333333333333,0.0,34.3,19.5,0,1.0,6.123233995736766e-17,0.9338372288229252,0.35769823883312546,1,0,0,0
2016-03-11,2016,3,34.3,21.1,13.199999999999996,0.0,0.0,6.0,0.0,180.0,0.0,0.0,34.13333333333333,19.633333333333336,14.5,0.0,34.9,20.6,0,1.0,6.123233995736766e-17,0.9398560579418954,0.3415707691678556,1,0,0,0
2016-03-12,2016,3,35.2,22.5,12.700000000000003,1.0,0.0,7.0,0.0,491.0,0.0,0.0,34.49999999999999,20.400000000000002,14.099999999999996,0.0,34.3,21.1,0,1.0,6.123233995736766e-17,0.9455963874271426,0.3253420847119801,1,0,0,0
2016-03-13,2016,3,35.2,22.7,12.500000000000004,3.0,0.0,6.5,0.0,420.0,0.0,0.0,34.8,21.400000000000002,13.399999999999999,0.0,35.2,22.5,0,1.0,6.123233995736766e-17,0.9510565162951535,0.30901699437494745,1,0,0,1
2016-03-14,2016,3,34.3,24.4,9.899999999999999,1.0,0.4,6.1,15.0,138.0,0.0,0.0,34.9,22.100000000000005,12.800000000000002,0.0,35.2,22.7,1,1.0,6.123233995736766e-17,0.9562348265919056,0.29260033563334836,1,0,1,0
2016-03-15,2016,3,34.4,24.5,9.899999999999999,1.0,0.0,6.5,10.0,96.0,0.3999999999999858,0.3999999999999858,34.9,23.2,11.700000000000003,0.4,34.3,24.4,0,1.0,6.123233995736766e-17,0.9611297838723007,0.27609697309746883,1,0,0,1
2016-03-16,2016,3,33.6,21.6,12.0,2.0,12.8,4.8,40.0,245.0,0.3999999999999858,0.3999999999999858,34.63333333333333,23.866666666666664,10.766666666666666,0.0,34.4,24.5,1,1.0,6.123233995736766e-17,0.9657399376548549,0.2595117970697999,1,0,1,1
2016-03-17,2016,3,34.2,22.9,11.300000000000004,1.0,6.7,5.2,60.0,438.0,13.199999999999987,13.199999999999987,34.099999999999994,23.5,10.6,12.8,33.6,21.6,1,1.0,6.123233995736766e-17,0.9700639218515071,0.2428497220959356,1,0,1,1
2016-03-18,2016,3,34.0,23.9,10.100000000000001,1.0,0.0,6.5,10.0,414.0,19.499999999999986,19.899999999999988,34.06666666666667,23.0,11.066666666666668,6.7,34.2,22.9,1,1.0,6.123233995736766e-17,0.9741004551724205,0.22611568550828828,1,0,0,0
2016-03-19,2016,3,35.2,23.3,11.900000000000002,1.0,0.0,6.0,0.0,456.0,19.499999999999986,19.899999999999988,33.93333333333333,22.8,11.133333333333335,0.0,34.0,23.9,0,1.0,6.123233995736766e-17,0.9778483415056568,0.20931464596304847,1,0,0,0
2016-03-20,2016,3,35.4,23.5,11.899999999999999,1.0,0.0,6.4,0.0,498.0,6.699999999999986,19.899999999999988,34.46666666666666,23.366666666666664,11.100000000000003,0.0,35.2,23.3,0,1.0,6.123233995736766e-17,0.9813064702716093,0.19245158197082998,1,0,0,0
2016-03-21,2016,3,36.0,24.7,11.3,1.0,0.0,6.5,0.0,450.0,0.0,19.899999999999988,34.86666666666667,23.566666666666666,11.300000000000002,0.0,35.4,23.5,0,1.0,6.123233995736766e-17,0.9844738167520922,0.1755314904214282,1,0,0,0
2016-03-22,2016,3,35.7,24.2,11.500000000000004,2.0,0.0,7.2,0.0,372.0,0.0,19.49999999999999,35.53333333333333,23.833333333333332,11.700000000000001,0.0,36.0,24.7,0,1.0,6.123233995736766e-17,0.9873494423939864,0.15855938510313478,1,0,0,0
2016-03-23,2016,3,36.3,24.3,11.999999999999996,2.0,0.0,6.7,0.0,420.0,0.0,19.49999999999999,35.699999999999996,24.133333333333336,11.566666666666668,0.0,35.7,24.2,0,1.0,6.123233995736766e-17,0.989932495087353,0.141540295217043,1,0,0,0
2016-03-24,2016,3,35.8,24.4,11.399999999999999,1.0,0.0,7.2,0.0,390.0,0.0,6.699999999999986,36.0,24.400000000000002,11.6,0.0,36.3,24.3,0,1.0,6.123233995736766e-17,0.9922222094179323,0.12447926388678915,1,0,0,0
2016-03-25,2016,3,35.8,22.8,12.999999999999996,1.0,0.0,6.4,0.0,456.0,0.0,0.0,35.93333333333333,24.3,11.633333333333333,0.0,35.8,24.4,0,1.0,6.123233995736766e-17,0.994217906893952,0.10738134666416309,1,0,0,0
2016-03-26,2016,3,35.0,21.2,13.8,1.0,0.0,6.0,0.0,486.0,0.0,0.0,35.96666666666666,23.833333333333332,12.133333333333331,0.0,35.8,22.8,0,1.0,6.123233995736766e-17,0.995918996147179,0.09025161003104117,1,0,0,0
2016-03-27,2016,3,35.1,20.7,14.400000000000002,1.0,0.0,6.8,0.0,462.0,0.0,0.0,35.53333333333333,22.8,12.733333333333333,0.0,35.0,21.2,0,1.0,6.123233995736766e-17,0.9973249731081555,0.07309512989807777,1,0,0,0
2016-03-28,2016,3,36.0,21.2,14.8,1.0,0.0,6.8,0.0,546.0,0.0,0.0,35.3,21.566666666666666,13.733333333333334,0.0,35.1,20.7,0,1.0,6.123233995736766e-17,0.9984354211555643,0.055916990100603484,1,0,0,0
2016-03-29,2016,3,35.4,21.2,14.2,1.0,0.0,6.4,0.0,468.0,0.0,0.0,35.36666666666667,21.033333333333335,14.333333333333334,0.0,36.0,21.2,0,1.0,6.123233995736766e-17,0.9992500112396835,0.03872228089217446,1,0,0,0
2016-03-30,2016,3,34.4,22.6,11.799999999999997,1.0,0.0,6.6,0.0,456.0,0.0,0.0,35.5,21.033333333333335,14.466666666666669,0.0,35.4,21.2,0,1.0,6.123233995736766e-17,0.9997685019798909,0.021516097436222254,1,0,0,0
2016-03-31,2016,3,35.0,23.0,12.0,1.0,0.0,6.7,0.0,438.0,0.0,0.0,35.266666666666666,21.666666666666668,13.6,0.0,34.4,22.6,0,1.0,6.123233995736766e-17,0.9999907397361901,0.004303538296244289,1,0,0,0
2016-04-01,2016,4,34.8,23.2,11.599999999999998,1.0,0.0,6.9,0.0,402.0,0.0,0.0,34.93333333333333,22.266666666666666,12.666666666666666,0.0,35.0,23.0,0,0.8660254037844387,-0.4999999999999998,0.9999166586547379,-0.01291029607500882,1,0,0,0
2016-04-02,2016,4,35.3,23.5,11.799999999999997,1.0,0.0,7.0,0.0,444.0,0.0,0.0,34.73333333333333,22.933333333333337,11.799999999999997,0.0,34.8,23.2,0,0.8660254037844387,-0.4999999999999998,0.9995462806873573,-0.030120304846908114,1,0,0,0
2016-04-03,2016,4,35.5,23.8,11.7,1.0,0.0,7.0,0.0,402.0,0.0,0.0,35.033333333333324,23.233333333333334,11.799999999999997,0.0,35.3,23.5,0,0.8660254037844387,-0.4999999999999998,0.9988797155850336,-0.04732138832243185,1,0,0,0
2016-04-04,2016,4,36.0,23.8,12.2,1.0,0.0,7.0,0.0,450.0,0.0,0.0,35.199999999999996,23.5,11.699999999999998,0.0,35.5,23.8,0,0.8660254037844387,-0.4999999999999998,0.9979171608653922,-0.06450844944931623,1,0,0,0
2016-04-05,2016,4,36.5,23.3,13.2,1.0,0.0,7.0,0.0,491.0,0.0,0.0,35.599999999999994,23.7,11.899999999999999,0.0,36.0,23.8,0,0.8660254037844387,-0.4999999999999998,0.9966589017541702,-0.08167639533042241,1,0,0,0
2016-04-06,2016,4,36.7,23.2,13.500000000000004,1.0,0.0,7.3,0.0,534.0,0.0,0.0,36.0,23.633333333333336,12.366666666666665,0.0,36.5,23.3,0,0.8660254037844387,-0.4999999999999998,0.9951053111006976,-0.09882013873287143,1,0,0,0
2016-04-07,2016,4,35.4,24.3,11.099999999999998,1.0,0.0,7.4,0.0,426.0,0.0,0.0,36.4,23.433333333333337,12.966666666666669,0.0,36.7,23.2,0,0.8660254037844387,-0.4999999999999998,0.9932568492674143,-0.11593459959550041,1,0,0,0
2016-04-08,2016,4,36.3,23.1,13.199999999999996,1.0,4.8,5.3,75.0,396.0,0.0,0.0,36.199999999999996,23.600000000000005,12.6,0.0,35.4,24.3,0,0.8660254037844387,-0.4999999999999998,0.9911140639934547,-0.1330147065341959,1,0,1,0
2016-04-09,2016,4,35.3,24.5,10.799999999999997,1.0,0.0,6.5,0.0,414.0,4.799999999999986,4.799999999999986,36.133333333333326,23.533333333333335,12.6,4.8,36.3,23.1,0,0.8660254037844387,-0.4999999999999998,0.9886775902323405,-0.1500553983446526,1,0,0,0
2016-04-10,2016,4,33.4,23.8,9.599999999999998,1.0,0.0,6.1,0.0,192.0,4.799999999999986,4.799999999999986,35.666666666666664,23.96666666666667,11.699999999999998,0.0,35.3,24.5,0,0.8660254037844387,-0.4999999999999998,0.9859481499638304,-0.16705162550211924,1,0,0,0
2016-04-11,2016,4,34.6,24.0,10.600000000000001,1.0,0.0,6.7,0.0,336.0,4.799999999999986,4.799999999999986,34.99999999999999,23.8,11.199999999999998,0.0,33.4,23.8,0,0.8660254037844387,-0.4999999999999998,0.9829265519799822,-0.18399835165768005,1,0,0,0
2016-04-12,2016,4,36.4,24.4,12.0,1.0,0.0,7.0,0.0,420.0,0.0,4.799999999999986,34.43333333333333,24.100000000000005,10.333333333333332,0.0,34.6,24.0,0,0.8660254037844387,-0.4999999999999998,0.9796136916454901,-0.20089055513063506,1,0,0,0
2016-04-13,2016,4,37.2,25.1,12.100000000000001,3.0,0.0,7.2,0.0,420.0,0.0,4.799999999999986,34.8,24.066666666666666,10.733333333333334,0.0,36.4,24.4,0,0.8660254037844387,-0.4999999999999998,0.9760105506323683,-0.21772323039653177,1,0,0,0
2016-04-14,2016,4,37.0,25.4,11.600000000000001,2.0,0.0,8.1,0.0,420.0,0.0,4.799999999999986,36.06666666666667,24.5,11.566666666666668,0.0,37.2,25.1,0,0.8660254037844387,-0.4999999999999998,0.9721181966290613,-0.23449138957040985,1,0,0,0
2016-04-15,2016,4,37.4,25.8,11.599999999999998,2.0,0.0,8.0,0.0,378.0,0.0,4.799999999999986,36.86666666666667,24.96666666666667,11.9,0.0,37.0,25.4,0,0.8660254037844387,-0.4999999999999998,0.9679377830240642,-0.25119006388481935,1,0,0,0
2016-04-16,2016,4,37.5,25.2,12.3,2.0,0.0,8.1,0.0,378.0,0.0,0.0,37.199999999999996,25.433333333333334,11.766666666666666,0.0,37.4,25.8,0,0.8660254037844387,-0.4999999999999998,0.9634705485641488,-0.2678143051621742,1,0,0,0
2016-04-17,2016,4,36.9,24.3,12.599999999999998,2.0,0.0,7.2,0.0,420.0,0.0,0.0,37.300000000000004,25.46666666666667,11.833333333333334,0.0,37.5,25.2,0,0.8660254037844387,-0.4999999999999998,0.9587178169872964,-0.2843591872810034,1,0,0,0
2016-04-18,2016,4,37.8,24.8,12.999999999999996,1.0,0.0,7.1,0.0,528.0,0.0,0.0,37.266666666666666,25.099999999999998,12.166666666666666,0.0,36.9,24.3,0,0.8660254037844387,-0.4999999999999998,0.9536809966304457,-0.30081980763566735,1,0,0,0
2016-04-19,2016,4,36.6,24.6,12.0,1.0,0.0,6.5,0.0,480.0,0.0,0.0,37.4,24.76666666666667,12.633333333333331,0.0,37.8,24.8,0,0.8660254037844387,-0.4999999999999998,0.9483615800121715,-0.3171912885891061,1,0,0,0
2016-04-20,2016,4,36.8,24.8,11.999999999999996,1.0,0.0,7.0,0.0,486.0,0.0,0.0,37.099999999999994,24.566666666666666,12.533333333333331,0.0,36.6,24.6,0,0.8660254037844387,-0.4999999999999998,0.9427611433904207,-0.3334687789181868,1,0,0,0
2016-04-21,2016,4,37.0,24.3,12.7,2.0,0.0,7.6,0.0,534.0,0.0,0.0,37.06666666666666,24.733333333333334,12.33333333333333,0.0,36.8,24.8,0,0.8660254037844387,-0.4999999999999998,0.9368813462954315,-0.3496474552512284,1,0,0,0
2016-04-22,2016,4,37.4,24.4,13.0,3.0,0.0,6.5,0.0,504.0,0.0,0.0,36.800000000000004,24.566666666666674,12.233333333333333,0.0,37.0,24.3,0,0.8660254037844387,-0.4999999999999998,0.9307239310379795,-0.36572252349726897,1,0,0,0
2016-04-23,2016,4,36.5,25.4,11.100000000000001,2.0,0.0,6.4,10.0,444.0,0.0,0.0,37.06666666666666,24.5,12.566666666666665,0.0,37.4,24.4,0,0.8660254037844387,-0.4999999999999998,0.9242907221930934,-0.3816892202666588,1,0,0,0
2016-04-24,2016,4,38.0,23.6,14.399999999999999,3.0,0.0,6.8,0.0,546.0,0.0,0.0,36.96666666666666,24.7,12.266666666666666,0.0,36.5,25.4,0,0.8660254037844387,-0.4999999999999998,0.9175836260593937,-0.39754281428255595,1,0,0,0
2016-04-25,2016,4,39.2,24.8,14.400000000000002,2.0,0.0,7.3,0.0,552.0,0.0,0.0,37.3,24.46666666666667,12.833333333333334,0.0,38.0,23.6,0,0.8660254037844387,-0.4999999999999998,0.9106046300942163,-0.4132786077829042,1,0,0,1
2016-04-26,2016,4,37.1,22.8,14.3,0.0,20.5,5.5,90.0,432.0,0.0,0.0,37.9,24.599999999999998,13.300000000000002,0.0,39.2,24.8,1,0.8660254037844387,-0.4999999999999998,0.9033558023246845,-0.4288919379124835,1,0,1,0
2016-04-27,2016,4,35.4,23.4,12.0,1.0,0.0,6.2,0.0,480.0,20.499999999999986,20.499999999999986,38.099999999999994,23.733333333333338,14.366666666666667,20.5,37.1,22.8,0,0.8660254037844387,-0.4999999999999998,0.895839290734909,-0.4443781781046132,1,0,0,0
2016-04-28,2016,4,36.2,24.5,11.700000000000003,1.0,0.0,6.5,0.0,606.0,20.499999999999986,20.499999999999986,37.23333333333333,23.666666666666668,13.566666666666668,0.0,35.4,23.4,0,0.8660254037844387,-0.4999999999999998,0.8880573226294932,-0.45973273945210397,1,0,0,0
2016-04-29,2016,4,36.7,24.5,12.200000000000003,1.0,0.0,6.5,0.0,612.0,20.499999999999986,20.499999999999986,36.233333333333334,23.566666666666666,12.666666666666666,0.0,36.2,24.5,0,0.8660254037844387,-0.4999999999999998,0.8800122039735357,-0.47495107206704995,1,0,0,0
2016-04-30,2016,4,37.0,24.4,12.600000000000001,1.0,0.0,7.2,0.0,606.0,0.0,20.499999999999986,36.1,24.133333333333336,11.966666666666669,0.0,36.7,24.5,0,0.8660254037844387,-0.4999999999999998,0.8717063187093219,-0.49002866642905923,1,0,0,0
2016-05-01,2016,5,36.6,24.5,12.100000000000001,2.0,0.0,6.8,0.0,570.0,0.0,20.499999999999986,36.63333333333333,24.46666666666667,12.16666666666667,0.0,37.0,24.4,0,0.49999999999999994,-0.8660254037844387,0.8631421280499114,-0.5049610547215204,1,0,0,0
2016-05-02,2016,5,37.3,24.7,12.599999999999998,2.0,0.0,7.7,0.0,570.0,0.0,20.499999999999986,36.76666666666666,24.46666666666667,12.300000000000002,0.0,36.6,24.5,0,0.49999999999999994,-0.8660254037844387,0.854322169749827,-0.5197438121555155,1,0,0,1
2016-05-03,2016,5,36.6,24.5,12.100000000000001,0.0,0.0,3.8,0.0,408.0,0.0,20.499999999999986,36.96666666666667,24.53333333333333,12.433333333333332,0.0,37.3,24.7,1,0.49999999999999994,-0.8660254037844387,0.8452490573530633,-0.5343725582809786,1,0,0,0
2016-05-04,2016,5,36.2,25.5,10.700000000000003,1.0,0.0,7.5,0.0,462.0,0.0,0.0,36.833333333333336,24.566666666666666,12.266666666666666,0.0,36.6,24.5,0,0.49999999999999994,-0.8660254037844387,0.8359254794186372,-0.548842958284719,1,0,0,0
2016-05-05,2016,5,36.6,24.9,11.700000000000003,0.0,0.0,6.7,0.0,378.0,0.0,0.0,36.699999999999996,24.900000000000002,11.800000000000002,0.0,36.2,25.5,0,0.49999999999999994,-0.8660254037844387,0.8263541987239096,-0.5631507242749186,1,0,0,1
2016-05-06,2016,5,35.5,22.2,13.3,1.0,1.8,6.5,60.0,348.0,0.0,0.0,36.46666666666667,24.96666666666667,11.500000000000002,0.0,36.6,24.9,1,0.49999999999999994,-0.8660254037844387,0.8165380514459161,-0.5772916165517272,1,0,1,1
2016-05-07,2016,5,34.6,21.0,13.600000000000001,1.0,46.6,3.0,30.0,354.0,1.7999999999999858,1.7999999999999858,36.1,24.2,11.9,1.8,35.5,22.2,1,0.49999999999999994,-0.8660254037844387,0.8064799463209448,-0.5912614448635781,1,0,1,0
2016-05-08,2016,5,33.7,23.3,10.400000000000002,0.0,0.0,5.5,0.0,522.0,48.399999999999984,48.399999999999984,35.56666666666666,22.7,12.866666666666669,46.6,34.6,21.0,0,0.49999999999999994,-0.8660254037844387,0.7961828637826158,-0.6050560696488488,1,0,0,1
2016-05-09,2016,5,34.0,21.0,13.0,0.0,4.7,4.8,0.0,491.0,48.399999999999984,48.399999999999984,34.6,22.166666666666668,12.433333333333335,0.0,33.7,23.3,1,0.49999999999999994,-0.8660254037844387,0.7856498550787147,-0.6186714032625031,1,0,1,0
2016-05-10,2016,5,34.0,23.1,10.899999999999999,0.0,0.0,6.0,0.0,558.0,51.29999999999999,53.09999999999999,34.1,21.766666666666666,12.333333333333334,4.7,34.0,21.0,0,0.49999999999999994,-0.8660254037844387,0.7748840413670407,-0.6321034111873487,1,0,0,0
2016-05-11,2016,5,34.0,22.7,11.3,0.0,0.0,6.3,0.0,504.0,4.699999999999986,53.09999999999999,33.9,22.46666666666667,11.433333333333332,0.0,34.0,23.1,0,0.49999999999999994,-0.8660254037844387,0.7638886127905428,-0.6453481132295501,1,0,0,0
2016-05-12,2016,5,26.6,21.4,5.200000000000003,0.0,0.0,6.8,2.0,252.0,4.699999999999986,53.09999999999999,34.0,22.26666666666667,11.733333333333334,0.0,34.0,22.7,0,0.49999999999999994,-0.8660254037844387,0.7526668275320084,-0.6584015846980488,1,0,0,0
2016-05-13,2016,5,34.6,22.3,12.3,0.0,1.8,2.3,2.0,330.0,0.0,53.09999999999999,31.53333333333333,22.400000000000002,9.133333333333335,0.0,26.6,21.4,0,0.49999999999999994,-0.8660254037844387,0.741222010848596,-0.6712599575675313,1,0,1,0
2016-05-14,2016,5,34.6,23.5,11.100000000000001,3.0,0.0,5.5,10.0,414.0,1.7999999999999858,53.09999999999999,31.73333333333333,22.133333333333336,9.600000000000001,1.8,34.6,22.3,0,0.49999999999999994,-0.8660254037844387,0.7295575540864875,-0.6839194216246106,1,0,0,0
2016-05-15,2016,5,35.1,24.6,10.5,0.0,0.0,6.5,0.0,474.0,1.7999999999999858,6.499999999999986,31.933333333333334,22.400000000000002,9.533333333333335,0.0,34.6,23.5,0,0.49999999999999994,-0.8660254037844387,0.717676913675962,-0.6963762255968722,1,0,0,0
2016-05-16,2016,5,34.5,23.8,10.7,3.0,0.0,6.6,0.0,444.0,1.7999999999999858,6.499999999999986,34.76666666666666,23.46666666666667,11.300000000000002,0.0,35.1,24.6,0,0.49999999999999994,-0.8660254037844387,0.705583610107178,-0.7086266782644596,1,0,0,0
2016-05-17,2016,5,30.7,24.2,6.5,3.0,0.0,6.5,0.0,0.0,0.0,1.7999999999999858,34.73333333333333,23.96666666666667,10.766666666666666,0.0,34.5,23.8,0,0.49999999999999994,-0.8660254037844387,0.6932812268869777,-0.7206671495538609,1,0,0,0
2016-05-18,2016,5,28.3,22.8,5.5,3.0,0.0,3.4,2.0,0.0,0.0,1.7999999999999858,33.43333333333333,24.200000000000003,9.233333333333333,0.0,30.7,24.2,0,0.49999999999999994,-0.8660254037844387,0.6807734094770161,-0.7324940716135789,1,0,0,1
2016-05-19,2016,5,27.6,20.1,7.5,6.0,30.2,4.8,312.0,0.0,0.0,1.7999999999999858,31.166666666666668,23.600000000000005,7.566666666666666,0.0,28.3,22.8,1,0.49999999999999994,-0.8660254037844387,0.6680638642135335,-0.7441039398713607,1,0,1,0
2016-05-20,2016,5,30.0,19.6,10.399999999999999,3.0,34.2,5.1,2.0,0.0,30.199999999999985,31.999999999999986,28.866666666666664,22.36666666666667,6.5,30.2,27.6,20.1,0,0.49999999999999994,-0.8660254037844387,0.6551563572090853,-0.7554933140726803,1,0,1,1
2016-05-21,2016,5,30.6,21.9,8.700000000000003,7.0,0.0,5.0,0.0,156.0,64.39999999999999,64.39999999999999,28.63333333333333,20.833333333333336,7.8,34.2,30.0,19.6,1,0.49999999999999994,-0.8660254037844387,0.6420547132365637,-0.766658819300159,1,0,0,0
2016-05-22,2016,5,33.0,21.9,11.100000000000001,6.0,0.0,5.5,0.0,384.0,64.39999999999999,64.39999999999999,29.399999999999995,20.533333333333335,8.866666666666667,0.0,30.6,21.9,0,0.49999999999999994,-0.8660254037844387,0.6287628145958344,-0.777597146973627,1,0,0,0
2016-05-23,2016,5,33.3,22.7,10.599999999999998,3.0,0.0,6.1,0.0,534.0,34.19999999999999,64.39999999999999,31.2,21.133333333333333,10.066666666666668,0.0,33.0,21.9,0,0.49999999999999994,-0.8660254037844387,0.6152845999633276,-0.7883050558305255,1,0,0,0
2016-05-24,2016,5,34.1,22.7,11.400000000000002,6.0,0.0,5.5,0.0,504.0,0.0,64.39999999999999,32.3,22.166666666666668,10.133333333333335,0.0,33.3,22.7,0,0.49999999999999994,-0.8660254037844387,0.6016240632249226,-0.7987793728863649,1,0,0,0
2016-05-25,2016,5,34.0,22.8,11.2,6.0,0.0,6.4,110.0,540.0,0.0,64.39999999999999,33.46666666666666,22.433333333333337,11.033333333333333,0.0,34.1,22.7,0,0.49999999999999994,-0.8660254037844387,0.5877852522924732,-0.8090169943749473,1,0,0,0
2016-05-26,2016,5,33.2,22.2,11.000000000000004,6.0,0.0,6.6,0.0,510.0,0.0,64.39999999999999,33.79999999999999,22.733333333333334,11.066666666666668,0.0,34.0,22.8,0,0.49999999999999994,-0.8660254037844387,0.5737722679043246,-0.8190148866680801,1,0,0,0
2016-05-27,2016,5,33.8,23.5,10.299999999999997,5.0,0.0,6.3,0.0,534.0,0.0,34.19999999999999,33.76666666666667,22.566666666666666,11.200000000000003,0.0,33.2,22.2,0,0.49999999999999994,-0.8660254037844387,0.5595892624101765,-0.8287700871745038,1,0,0,0
2016-05-28,2016,5,32.6,22.3,10.3,5.0,6.7,5.3,38.0,54.0,0.0,0.0,33.666666666666664,22.833333333333332,10.833333333333334,0.0,33.8,23.5,0,0.49999999999999994,-0.8660254037844387,0.545240438540651,-0.8382797052177744,1,0,1,1
2016-05-29,2016,5,33.2,19.9,13.300000000000004,6.0,14.6,3.8,2.0,510.0,6.699999999999986,6.699999999999986,33.199999999999996,22.666666666666668,10.533333333333333,6.7,32.6,22.3,1,0.49999999999999994,-0.8660254037844387,0.5307300481619334,-0.8475409228928311,1,0,1,1
2016-05-30,2016,5,28.4,21.7,6.699999999999999,3.0,0.0,5.0,0.0,0.0,21.299999999999986,21.299999999999986,33.199999999999996,21.900000000000002,11.300000000000002,14.6,33.2,19.9,1,0.49999999999999994,-0.8660254037844387,0.5160623910158528,-0.8565509959010036,1,0,0,0
2016-05-31,2016,5,31.2,22.2,9.0,5.0,0.0,6.0,0.0,342.0,21.299999999999983,21.299999999999983,31.399999999999995,21.3,10.100000000000001,0.0,28.4,21.7,0,0.49999999999999994,-0.8660254037844387,0.5012418134457758,-0.865307254363206,1,0,0,0
2016-06-01,2016,6,31.0,22.4,8.600000000000001,5.0,0.0,5.0,0.0,306.0,14.599999999999985,21.299999999999983,30.933333333333334,21.266666666666666,9.666666666666668,0.0,31.2,22.2,0,1.2246467991473532e-16,-1.0,0.48627270710869,-0.8738071036110808,2,0,0,1
2016-06-02,2016,6,33.3,21.0,12.299999999999997,5.0,20.3,4.9,200.0,444.0,0.0,21.299999999999983,30.2,22.099999999999998,8.1,0.0,31.0,22.4,1,1.2246467991473532e-16,-1.0,0.4711595076738638,-0.8820480249558537,2,0,1,1
2016-06-03,2016,6,27.8,21.9,5.900000000000002,5.0,0.0,5.3,0.0,384.0,20.299999999999983,41.59999999999999,31.833333333333332,21.866666666666664,9.966666666666667,20.3,33.3,21.0,1,1.2246467991473532e-16,-1.0,0.4559066935084588,-0.8900275764346767,2,0,0,1
2016-06-04,2016,6,31.7,20.6,11.099999999999998,4.0,4.6,4.5,70.0,384.0,20.299999999999986,41.59999999999999,30.7,21.766666666666666,8.933333333333334,0.0,27.8,21.9,1,1.2246467991473532e-16,-1.0,0.440518784350495,-0.8977433935342337,2,0,1,0
2016-06-05,2016,6,30.4,21.7,8.7,4.0,0.0,4.7,0.0,72.0,24.899999999999984,39.499999999999986,30.933333333333326,21.166666666666668,9.766666666666666,4.6,31.7,20.6,0,1.2246467991473532e-16,-1.0,0.42500033996955416,-0.9051931898913974,2,0,0,0
2016-06-06,2016,6,30.8,21.7,9.100000000000001,5.0,6.8,4.2,80.0,180.0,4.599999999999985,24.899999999999984,29.966666666666665,21.400000000000002,8.566666666666666,0.0,30.4,21.7,0,1.2246467991473532e-16,-1.0,0.4093559588156213,-0.9123747579707273,2,0,1,1
2016-06-07,2016,6,31.4,21.6,9.799999999999997,5.0,47.7,5.7,90.0,462.0,11.399999999999984,31.699999999999985,30.966666666666665,21.333333333333332,9.633333333333333,6.8,30.8,21.7,1,1.2246467991473532e-16,-1.0,0.39359027665646673,-0.9192859697186104,2,0,1,0
2016-06-08,2016,6,30.9,22.6,8.299999999999997,5.0,0.0,5.8,0.0,150.0,54.499999999999986,79.39999999999999,30.866666666666664,21.666666666666668,9.2,47.7,31.4,21.6,0,1.2246467991473532e-16,-1.0,0.3777079652039649,-0.9259247771938498,2,0,0,0
2016-06-09,2016,6,30.4,21.4,9.0,5.0,5.0,3.4,105.0,156.0,54.499999999999986,79.39999999999999,31.03333333333333,21.96666666666667,9.066666666666665,0.0,30.9,22.6,0,1.2246467991473532e-16,-1.0,0.36171373072976765,-0.9322892131745133,2,0,1,0
2016-06-10,2016,6,30.2,21.7,8.5,7.0,0.0,5.5,0.0,318.0,52.69999999999999,64.1,30.899999999999995,21.86666666666667,9.033333333333331,5.0,30.4,21.4,0,1.2246467991473532e-16,-1.0,0.3456123126707335,-0.9383773917408641,2,0,0,0
2016-06-11,2016,6,27.4,21.0,6.399999999999999,7.0,0.6,4.8,17.0,84.0,4.999999999999986,64.1,30.499999999999996,21.900000000000002,8.6,0.0,30.2,21.7,0,1.2246467991473532e-16,-1.0,0.3294084822245304,-0.9441875088341993,2,0,1,0
2016-06-12,2016,6,29.6,20.8,8.8,6.0,0.5,5.2,5.0,282.0,5.599999999999985,60.099999999999994,29.333333333333332,21.366666666666664,7.966666666666666,0.6,27.4,21.0,0,1.2246467991473532e-16,-1.0,0.3131070409358269,-0.9497178427914316,2,0,1,0
2016-06-13,2016,6,29.6,20.7,8.900000000000002,6.0,1.0,3.8,10.0,348.0,1.0999999999999859,60.599999999999994,29.066666666666663,21.166666666666668,7.8999999999999995,0.5,29.6,20.8,0,1.2246467991473532e-16,-1.0,0.29671281927349075,-0.9549667548552551,2,0,1,0
2016-06-14,2016,6,26.2,20.1,6.099999999999998,5.0,15.7,3.3,115.0,102.0,2.099999999999986,54.79999999999999,28.866666666666664,20.833333333333332,8.033333333333333,1.0,29.6,20.7,0,1.2246467991473532e-16,-1.0,0.2802306751992159,-0.9599326896597447,2,0,1,0
2016-06-15,2016,6,28.2,20.8,7.399999999999999,5.0,1.0,3.2,40.0,330.0,17.199999999999985,22.799999999999983,28.466666666666665,20.533333333333335,7.933333333333334,15.7,26.2,20.1,0,1.2246467991473532e-16,-1.0,0.26366549272800704,-0.9646141756912435,2,0,1,0
2016-06-16,2016,6,29.9,20.2,9.7,6.0,14.0,4.8,65.0,336.0,17.699999999999985,23.799999999999983,28.0,20.533333333333335,7.466666666666666,1.0,28.2,20.8,0,1.2246467991473532e-16,-1.0,0.24702218048093552,-0.9690098257244062,2,0,1,0
2016-06-17,2016,6,29.4,20.9,8.5,5.0,11.6,5.1,58.0,306.0,30.699999999999985,32.79999999999998,28.099999999999994,20.366666666666667,7.733333333333332,14.0,29.9,20.2,0,1.2246467991473532e-16,-1.0,0.23030567023061221,-0.9731183372332619,2,0,1,0
2016-06-18,2016,6,28.8,21.0,7.800000000000001,5.0,0.0,5.2,0.0,12.0,26.599999999999987,44.399999999999984,29.16666666666666,20.633333333333333,8.533333333333333,11.6,29.4,20.9,0,1.2246467991473532e-16,-1.0,0.21352091543979612,-0.9769384927771817,2,0,0,0
2016-06-19,2016,6,28.2,20.8,7.399999999999999,5.0,1.2,5.5,20.0,66.0,25.599999999999987,43.79999999999998,29.366666666666664,20.7,8.666666666666666,0.0,28.8,21.0,0,1.2246467991473532e-16,-1.0,0.19667288979357647,-0.980469160361632,2,0,1,0
2016-06-20,2016,6,29.9,20.0,9.899999999999999,5.0,1.3,4.6,60.0,150.0,12.799999999999985,44.499999999999986,28.799999999999997,20.900000000000002,7.8999999999999995,1.2,28.2,20.8,0,1.2246467991473532e-16,-1.0,0.1797665857255624,-0.9837092937736097,2,0,1,0
2016-06-21,2016,6,28.5,20.4,8.100000000000001,7.0,3.2,5.4,65.0,102.0,2.499999999999986,44.79999999999998,28.966666666666665,20.599999999999998,8.366666666666665,1.3,29.9,20.0,0,1.2246467991473532e-16,-1.0,0.16280701293851715,-0.986657932891657,2,0,1,0
2016-06-22,2016,6,25.9,20.0,5.899999999999999,6.0,0.3,4.1,20.0,12.0,5.699999999999986,32.29999999999999,28.866666666666664,20.400000000000002,8.466666666666667,3.2,28.5,20.4,0,1.2246467991473532e-16,-1.0,0.1457991969198751,-0.9893142039703663,2,0,1,0
2016-06-23,2016,6,27.6,19.8,7.800000000000001,5.0,25.0,5.0,320.0,204.0,4.799999999999986,31.599999999999987,28.099999999999994,20.133333333333336,7.966666666666666,0.3,25.9,20.0,0,1.2246467991473532e-16,-1.0,0.12874817745258132,-0.99167731989929,2,0,1,0
2016-06-24,2016,6,25.7,19.4,6.300000000000001,6.0,2.1,4.5,11.0,30.0,28.499999999999986,42.59999999999999,27.333333333333332,20.066666666666666,7.266666666666667,25.0,27.6,19.8,0,1.2246467991473532e-16,-1.0,0.11165900712169512,-0.993746580436178,2,0,1,0
2016-06-25,2016,6,27.5,19.3,8.2,6.0,8.9,4.6,90.0,192.0,27.399999999999988,33.09999999999999,26.399999999999995,19.733333333333334,6.666666666666667,2.1,25.7,19.4,0,1.2246467991473532e-16,-1.0,0.09453674981719912,-0.9955213724144752,2,0,1,0
2016-06-26,2016,6,25.3,19.7,5.600000000000001,6.0,2.6,3.0,55.0,6.0,35.999999999999986,41.999999999999986,26.933333333333334,19.5,7.433333333333334,8.9,27.5,19.3,0,1.2246467991473532e-16,-1.0,0.07738647923346301,-0.9970011699250151,2,0,1,0
2016-06-27,2016,6,28.2,20.8,7.399999999999999,6.0,0.0,2.9,0.0,156.0,13.599999999999985,43.399999999999984,26.166666666666668,19.46666666666667,6.7,2.6,25.3,19.7,0,1.2246467991473532e-16,-1.0,0.06021327736579302,-0.9981855344718586,2,0,0,1
2016-06-28,2016,6,27.2,20.6,6.599999999999998,6.0,8.7,3.9,30.0,72.0,11.499999999999986,42.09999999999999,26.999999999999996,19.933333333333334,7.066666666666666,0.0,28.2,20.8,1,1.2246467991473532e-16,-1.0,0.04302223300453059,-0.99907411510223,2,0,1,1
2016-06-29,2016,6,26.3,20.3,6.0,7.0,4.6,3.5,555.0,0.0,11.299999999999985,47.59999999999998,26.899999999999995,20.36666666666667,6.533333333333332,8.7,27.2,20.6,1,1.2246467991473532e-16,-1.0,0.02581844022713308,-0.9996666485105112,2,0,1,1
2016-06-30,2016,6,24.7,20.2,4.5,7.0,4.9,4.0,330.0,0.0,13.299999999999985,51.899999999999984,27.23333333333333,20.566666666666666,6.666666666666665,4.6,26.3,20.3,1,1.2246467991473532e-16,-1.0,0.008606996888688698,-0.9999629591162655,2,0,1,1
2016-07-01,2016,7,25.6,20.2,5.400000000000002,7.0,0.0,4.0,25.0,0.0,18.199999999999985,31.799999999999983,26.066666666666663,20.36666666666667,5.699999999999999,4.9,24.7,20.2,1,-0.4999999999999997,-0.8660254037844388,-0.008606996888688009,-0.9999629591162655,2,0,0,0
2016-07-02,2016,7,28.2,19.9,8.3,9.0,0.7,4.9,7.0,174.0,9.499999999999986,29.69999999999998,25.53333333333333,20.233333333333334,5.300000000000001,0.0,25.6,20.2,0,-0.4999999999999997,-0.8660254037844388,-0.02581844022713239,-0.9996666485105112,2,0,1,0
2016-07-03,2016,7,28.8,20.2,8.600000000000001,9.0,0.0,4.5,0.0,384.0,5.599999999999986,21.499999999999986,26.166666666666668,20.1,6.066666666666667,0.7,28.2,19.9,0,-0.4999999999999997,-0.8660254037844388,-0.04302223300453034,-0.99907411510223,2,0,0,0
2016-07-04,2016,7,27.6,20.6,7.0,8.0,0.0,4.8,0.0,60.0,0.6999999999999857,18.899999999999984,27.53333333333333,20.099999999999998,7.4333333333333345,0.0,28.8,20.2,0,-0.4999999999999997,-0.8660254037844388,-0.060213277365792774,-0.9981855344718586,2,0,0,0
2016-07-05,2016,7,28.0,20.8,7.199999999999999,8.0,0.2,4.1,15.0,24.0,0.6999999999999857,18.899999999999984,28.2,20.233333333333334,7.966666666666668,0.0,27.6,20.6,0,-0.4999999999999997,-0.8660254037844388,-0.07738647923346322,-0.9970011699250151,2,0,1,0
2016-07-06,2016,7,27.2,20.8,6.399999999999999,8.0,0.0,4.5,3.0,0.0,0.1999999999999858,10.399999999999986,28.13333333333333,20.533333333333335,7.6000000000000005,0.2,28.0,20.8,0,-0.4999999999999997,-0.8660254037844388,-0.09453674981719933,-0.9955213724144752,2,0,0,0
2016-07-07,2016,7,26.5,20.3,6.199999999999999,7.0,7.2,4.7,110.0,6.0,0.1999999999999858,5.7999999999999865,27.599999999999998,20.733333333333334,6.866666666666666,0.0,27.2,20.8,0,-0.4999999999999997,-0.8660254037844388,-0.11165900712169444,-0.9937465804361781,2,0,1,0
2016-07-08,2016,7,27.4,20.6,6.799999999999997,7.0,0.0,5.0,40.0,84.0,7.399999999999986,8.099999999999987,27.23333333333333,20.633333333333336,6.599999999999999,7.2,26.5,20.3,0,-0.4999999999999997,-0.8660254037844388,-0.12874817745258066,-0.99167731989929,2,0,0,0
2016-07-09,2016,7,26.4,20.5,5.899999999999999,9.0,0.0,4.9,49.0,36.0,7.199999999999986,8.099999999999987,27.03333333333333,20.56666666666667,6.466666666666665,0.0,27.4,20.6,0,-0.4999999999999997,-0.8660254037844388,-0.14579919691987442,-0.9893142039703664,2,0,0,0
2016-07-10,2016,7,25.4,20.1,5.299999999999997,9.0,1.5,3.0,45.0,24.0,7.199999999999986,7.399999999999986,26.766666666666662,20.46666666666667,6.299999999999998,0.0,26.4,20.5,0,-0.4999999999999997,-0.8660254037844388,-0.16280701293851646,-0.9866579328916572,2,0,1,0
2016-07-11,2016,7,27.2,20.4,6.800000000000001,10.0,0.0,4.5,5.0,24.0,1.4999999999999858,8.899999999999986,26.399999999999995,20.400000000000002,5.999999999999997,1.5,25.4,20.1,0,-0.4999999999999997,-0.8660254037844388,-0.17976658572556214,-0.9837092937736098,2,0,0,0
2016-07-12,2016,7,27.6,20.5,7.100000000000001,10.0,1.0,5.0,6.0,156.0,1.4999999999999858,8.899999999999986,26.333333333333332,20.333333333333336,5.999999999999999,0.0,27.2,20.4,0,-0.4999999999999997,-0.8660254037844388,-0.19667288979357622,-0.9804691603616321,2,0,1,0
2016-07-13,2016,7,28.1,20.1,8.0,9.0,0.0,5.1,35.0,234.0,2.499999999999986,9.699999999999987,26.73333333333333,20.333333333333332,6.3999999999999995,1.0,27.6,20.5,0,-0.4999999999999997,-0.8660254037844388,-0.2135209154397959,-0.9769384927771817,2,0,0,0
2016-07-14,2016,7,28.5,20.2,8.3,7.0,0.0,4.5,0.0,300.0,0.9999999999999858,9.699999999999987,27.633333333333336,20.333333333333336,7.300000000000001,0.0,28.1,20.1,0,-0.4999999999999997,-0.8660254037844388,-0.23030567023061196,-0.973118337233262,2,0,0,0
2016-07-15,2016,7,30.7,21.8,8.899999999999999,5.0,0.0,5.7,5.0,438.0,0.9999999999999858,2.499999999999986,28.066666666666663,20.26666666666667,7.800000000000001,0.0,28.5,20.2,0,-0.4999999999999997,-0.8660254037844388,-0.24702218048093527,-0.9690098257244063,2,0,0,0
2016-07-16,2016,7,29.8,20.6,9.2,3.0,2.5,7.6,35.0,138.0,0.0,2.499999999999986,29.099999999999998,20.700000000000003,8.4,0.0,30.7,21.8,0,-0.4999999999999997,-0.8660254037844388,-0.2636654927280072,-0.9646141756912435,2,0,1,1
2016-07-17,2016,7,30.1,20.5,9.600000000000001,3.0,11.3,4.9,90.0,228.0,2.499999999999986,4.999999999999986,29.666666666666668,20.866666666666667,8.799999999999999,2.5,29.8,20.6,1,-0.4999999999999997,-0.8660254037844388,-0.2802306751992161,-0.9599326896597445,2,0,1,1
2016-07-18,2016,7,28.1,21.0,7.100000000000001,5.0,0.2,4.8,100.0,42.0,13.799999999999986,14.799999999999986,30.2,20.96666666666667,9.233333333333333,11.3,30.1,20.5,1,-0.4999999999999997,-0.8660254037844388,-0.2967128192734901,-0.9549667548552553,2,0,1,0
2016-07-19,2016,7,28.3,20.0,8.3,5.0,0.0,5.0,50.0,180.0,13.999999999999986,14.999999999999986,29.333333333333332,20.700000000000003,8.633333333333335,0.2,28.1,21.0,0,-0.4999999999999997,-0.8660254037844388,-0.3131070409358267,-0.9497178427914317,2,0,0,0
2016-07-20,2016,7,28.4,20.1,8.299999999999997,6.0,3.4,4.8,12.0,192.0,11.499999999999986,13.999999999999986,28.833333333333332,20.5,8.333333333333334,0.0,28.3,20.0,0,-0.4999999999999997,-0.8660254037844388,-0.3294084822245302,-0.9441875088341994,2,0,1,1
2016-07-21,2016,7,27.7,19.6,8.099999999999998,6.0,23.0,4.6,165.0,162.0,3.599999999999986,17.399999999999988,28.266666666666666,20.366666666666667,7.8999999999999995,3.4,28.4,20.1,1,-0.4999999999999997,-0.8660254037844388,-0.3456123126707333,-0.9383773917408642,2,0,1,0
2016-07-22,2016,7,27.2,19.5,7.699999999999999,7.0,8.0,5.5,105.0,144.0,26.399999999999984,40.39999999999999,28.13333333333333,19.900000000000002,8.233333333333333,23.0,27.7,19.6,0,-0.4999999999999997,-0.8660254037844388,-0.3617137307297674,-0.9322892131745134,2,0,1,0
2016-07-23,2016,7,24.5,19.6,4.899999999999999,6.0,0.4,4.5,30.0,0.0,34.399999999999984,48.39999999999999,27.766666666666666,19.733333333333334,8.033333333333331,8.0,27.2,19.5,0,-0.4999999999999997,-0.8660254037844388,-0.37770796520396466,-0.9259247771938499,2,0,1,0
2016-07-24,2016,7,26.4,20.4,6.0,6.0,0.5,2.7,44.0,132.0,31.399999999999984,46.29999999999999,26.466666666666665,19.56666666666667,6.899999999999999,0.4,24.5,19.6,0,-0.4999999999999997,-0.8660254037844388,-0.39359027665646645,-0.9192859697186105,2,0,1,0
2016-07-25,2016,7,27.6,20.4,7.200000000000003,5.0,0.0,5.3,20.0,24.0,8.899999999999986,35.499999999999986,26.03333333333333,19.833333333333336,6.199999999999999,0.5,26.4,20.4,0,-0.4999999999999997,-0.8660254037844388,-0.4093559588156211,-0.9123747579707274,2,0,0,1
2016-07-26,2016,7,30.3,20.1,10.2,5.0,32.6,5.1,630.0,396.0,0.8999999999999858,35.29999999999999,26.16666666666666,20.133333333333333,6.033333333333334,0.0,27.6,20.4,1,-0.4999999999999997,-0.8660254037844388,-0.42500033996955394,-0.9051931898913975,2,0,1,0
2016-07-27,2016,7,29.1,20.7,8.400000000000002,3.0,25.0,4.8,215.0,222.0,33.09999999999999,67.89999999999999,28.099999999999994,20.3,7.800000000000001,32.6,30.3,20.1,0,-0.4999999999999997,-0.8660254037844388,-0.4405187843504952,-0.8977433935342336,2,0,1,0
2016-07-28,2016,7,29.4,19.4,10.0,4.0,38.0,4.9,235.0,342.0,57.59999999999999,89.49999999999999,29.0,20.400000000000002,8.600000000000001,25.0,29.1,20.7,0,-0.4999999999999997,-0.8660254037844388,-0.455906693508459,-0.8900275764346766,2,0,1,1
2016-07-29,2016,7,27.6,19.8,7.800000000000001,4.0,41.8,1.6,635.0,108.0,95.6,104.49999999999999,29.599999999999994,20.066666666666666,9.533333333333333,38.0,29.4,19.4,1,-0.4999999999999997,-0.8660254037844388,-0.47115950767386394,-0.8820480249558535,2,0,1,1
2016-07-30,2016,7,23.2,20.5,2.6999999999999993,5.0,1.6,3.0,405.0,0.0,104.79999999999998,138.29999999999998,28.7,19.966666666666665,8.733333333333334,41.8,27.6,19.8,1,-0.4999999999999997,-0.8660254037844388,-0.4862727071086902,-0.8738071036110807,2,0,1,1
2016-07-31,2016,7,25.7,19.4,6.300000000000001,6.0,10.5,4.3,270.0,120.0,81.39999999999998,139.49999999999997,26.73333333333333,19.900000000000002,6.833333333333333,1.6,23.2,20.5,1,-0.4999999999999997,-0.8660254037844388,-0.5012418134457756,-0.8653072543632061,2,0,1,0
2016-08-01,2016,8,27.0,19.8,7.199999999999999,8.0,0.0,6.8,0.0,120.0,53.899999999999984,149.49999999999997,25.5,19.900000000000002,5.6000000000000005,10.5,25.7,19.4,0,-0.8660254037844384,-0.5000000000000004,-0.5160623910158526,-0.8565509959010037,2,0,0,0
2016-08-02,2016,8,25.7,19.3,6.399999999999999,9.0,0.0,6.5,15.0,120.0,12.099999999999985,149.49999999999997,25.299999999999997,19.900000000000002,5.3999999999999995,0.0,27.0,19.8,0,-0.8660254037844384,-0.5000000000000004,-0.5307300481619331,-0.8475409228928312,2,0,0,0
2016-08-03,2016,8,27.6,19.1,8.5,10.0,0.0,4.0,0.0,270.0,10.499999999999986,116.89999999999998,26.13333333333333,19.500000000000004,6.633333333333333,0.0,25.7,19.3,0,-0.8660254037844384,-0.5000000000000004,-0.5452404385406507,-0.8382797052177745,2,0,0,0
2016-08-04,2016,8,25.6,19.4,6.200000000000003,9.0,0.0,4.4,20.0,0.0,0.0,91.89999999999998,26.766666666666666,19.400000000000002,7.366666666666666,0.0,27.6,19.1,0,-0.8660254037844384,-0.5000000000000004,-0.5595892624101763,-0.828770087174504,2,0,0,0
2016-08-05,2016,8,26.2,19.7,6.5,9.0,0.0,4.2,0.0,168.0,0.0,53.899999999999984,26.299999999999997,19.26666666666667,7.033333333333334,0.0,25.6,19.4,0,-0.8660254037844384,-0.5000000000000004,-0.5737722679043243,-0.8190148866680802,2,0,0,0
2016-08-06,2016,8,28.1,19.6,8.5,9.0,0.0,5.6,10.0,204.0,0.0,12.099999999999985,26.466666666666665,19.400000000000002,7.066666666666667,0.0,26.2,19.7,0,-0.8660254037844384,-0.5000000000000004,-0.5877852522924734,-0.8090169943749472,2,0,0,0
2016-08-07,2016,8,28.3,20.0,8.3,9.0,0.0,4.0,0.0,222.0,0.0,10.499999999999986,26.633333333333336,19.566666666666666,7.066666666666667,0.0,28.1,19.6,0,-0.8660254037844384,-0.5000000000000004,-0.6016240632249227,-0.7987793728863648,2,0,0,0
2016-08-08,2016,8,28.2,20.0,8.2,8.0,0.0,4.2,5.0,252.0,0.0,0.0,27.53333333333333,19.766666666666666,7.766666666666667,0.0,28.3,20.0,0,-0.8660254037844384,-0.5000000000000004,-0.6152845999633277,-0.7883050558305253,2,0,0,0
2016-08-09,2016,8,27.8,20.5,7.300000000000001,7.0,0.1,4.2,10.0,174.0,0.0,0.0,28.2,19.86666666666667,8.333333333333334,0.0,28.2,20.0,0,-0.8660254037844384,-0.5000000000000004,-0.6287628145958345,-0.7775971469736268,2,0,1,0
2016-08-10,2016,8,29.3,20.2,9.100000000000001,7.0,0.0,5.9,0.0,408.0,0.0999999999999858,0.0999999999999858,28.099999999999998,20.166666666666668,7.933333333333334,0.1,27.8,20.5,0,-0.8660254037844384,-0.5000000000000004,-0.6420547132365636,-0.7666588193001592,2,0,0,0
2016-08-11,2016,8,29.5,19.7,9.8,7.0,0.0,4.5,0.0,438.0,0.0999999999999858,0.0999999999999858,28.433333333333334,20.233333333333334,8.200000000000001,0.0,29.3,20.2,0,-0.8660254037844384,-0.5000000000000004,-0.655156357209085,-0.7554933140726804,2,0,0,0
2016-08-12,2016,8,29.4,20.8,8.599999999999998,6.0,0.0,4.2,0.0,384.0,0.0999999999999858,0.0999999999999858,28.866666666666664,20.133333333333336,8.733333333333334,0.0,29.5,19.7,0,-0.8660254037844384,-0.5000000000000004,-0.6680638642135333,-0.7441039398713608,2,0,0,0
2016-08-13,2016,8,29.0,20.6,8.399999999999999,6.0,6.4,7.6,45.0,180.0,0.0,0.0999999999999858,29.399999999999995,20.233333333333334,9.166666666666666,0.0,29.4,20.8,0,-0.8660254037844384,-0.5000000000000004,-0.680773409477016,-0.732494071613579,2,0,1,0
2016-08-14,2016,8,28.2,20.0,8.2,6.0,0.0,5.3,30.0,270.0,6.399999999999986,6.499999999999986,29.299999999999997,20.366666666666667,8.933333333333332,6.4,29.0,20.6,0,-0.8660254037844384,-0.5000000000000004,-0.6932812268869771,-0.7206671495538615,2,0,0,0
2016-08-15,2016,8,28.8,19.5,9.3,6.0,4.2,4.3,140.0,210.0,6.399999999999986,6.499999999999986,28.866666666666664,20.46666666666667,8.399999999999999,0.0,28.2,20.0,0,-0.8660254037844384,-0.5000000000000004,-0.7055836101071774,-0.70862667826446,2,0,1,0
2016-08-16,2016,8,29.2,20.2,9.0,8.0,1.6,2.6,30.0,438.0,10.599999999999987,10.699999999999985,28.666666666666668,20.033333333333335,8.633333333333333,4.2,28.8,19.5,0,-0.8660254037844384,-0.5000000000000004,-0.7176769136759615,-0.6963762255968726,2,0,1,0
2016-08-17,2016,8,27.9,19.9,8.0,7.0,7.5,6.5,30.0,276.0,5.7999999999999865,12.199999999999987,28.73333333333333,19.900000000000002,8.833333333333334,1.6,29.2,20.2,0,-0.8660254037844384,-0.5000000000000004,-0.7295575540864876,-0.6839194216246105,2,0,1,0
2016-08-18,2016,8,28.2,20.1,8.099999999999998,6.0,0.2,5.4,10.0,216.0,13.299999999999986,19.69999999999999,28.63333333333333,19.866666666666664,8.766666666666667,7.5,27.9,19.9,0,-0.8660254037844384,-0.5000000000000004,-0.7412220108485957,-0.6712599575675315,2,0,1,0
2016-08-19,2016,8,29.0,20.3,8.7,6.0,0.3,5.9,15.0,384.0,9.299999999999986,19.899999999999988,28.433333333333326,20.066666666666666,8.366666666666665,0.2,28.2,20.1,0,-0.8660254037844384,-0.5000000000000004,-0.7526668275320083,-0.6584015846980489,2,0,1,0
2016-08-20,2016,8,30.2,20.4,9.8,5.0,0.0,5.0,20.0,414.0,7.999999999999986,20.19999999999999,28.366666666666664,20.1,8.266666666666666,0.3,29.0,20.3,0,-0.8660254037844384,-0.5000000000000004,-0.7638886127905429,-0.64534811322955,2,0,0,0
2016-08-21,2016,8,30.1,20.4,9.700000000000003,5.0,1.7,3.2,50.0,576.0,0.4999999999999858,13.799999999999986,29.13333333333333,20.26666666666667,8.866666666666665,0.0,30.2,20.4,0,-0.8660254037844384,-0.5000000000000004,-0.7748840413670406,-0.6321034111873488,2,0,1,0
2016-08-22,2016,8,30.6,21.3,9.3,5.0,4.3,5.6,105.0,510.0,1.9999999999999858,15.499999999999986,29.766666666666666,20.366666666666667,9.4,1.7,30.1,20.4,0,-0.8660254037844384,-0.5000000000000004,-0.7856498550787144,-0.6186714032625032,2,0,1,0
2016-08-23,2016,8,30.0,20.9,9.100000000000001,5.0,6.6,5.5,15.0,360.0,5.999999999999986,15.599999999999987,30.299999999999997,20.7,9.600000000000001,4.3,30.6,21.3,0,-0.8660254037844384,-0.5000000000000004,-0.7961828637826154,-0.6050560696488494,2,0,1,0
2016-08-24,2016,8,30.6,20.8,9.8,3.0,0.8,5.0,15.0,360.0,12.599999999999985,20.599999999999987,30.23333333333333,20.86666666666667,9.366666666666669,6.6,30.0,20.9,0,-0.8660254037844384,-0.5000000000000004,-0.8064799463209447,-0.5912614448635783,2,0,1,0
2016-08-25,2016,8,29.3,21.0,8.3,6.0,0.0,6.5,30.0,294.0,11.699999999999987,13.899999999999986,30.400000000000002,21.0,9.4,0.8,30.6,20.8,0,-0.8660254037844384,-0.5000000000000004,-0.8165380514459157,-0.5772916165517278,2,0,0,0
2016-08-26,2016,8,27.6,19.9,7.700000000000003,5.0,15.2,5.1,50.0,12.0,7.399999999999985,13.699999999999987,29.966666666666665,20.900000000000002,9.066666666666668,0.0,29.3,21.0,0,-0.8660254037844384,-0.5000000000000004,-0.8263541987239094,-0.5631507242749189,2,0,1,0
2016-08-27,2016,8,28.7,21.2,7.5,6.0,0.2,4.4,30.0,84.0,15.999999999999986,28.599999999999987,29.166666666666668,20.566666666666666,8.600000000000001,15.2,27.6,19.9,0,-0.8660254037844384,-0.5000000000000004,-0.8359254794186365,-0.5488429582847199,2,0,1,0
2016-08-28,2016,8,28.1,20.8,7.300000000000001,6.0,0.0,6.5,30.0,0.0,15.399999999999984,28.799999999999986,28.53333333333333,20.700000000000003,7.833333333333335,0.2,28.7,21.2,0,-0.8660254037844384,-0.5000000000000004,-0.8452490573530633,-0.5343725582809785,2,0,0,0
2016-08-29,2016,8,27.4,20.9,6.5,6.0,0.0,5.0,0.0,84.0,15.399999999999984,27.099999999999987,28.13333333333333,20.633333333333336,7.500000000000001,0.0,28.1,20.8,0,-0.8660254037844384,-0.5000000000000004,-0.8543221697498269,-0.5197438121555157,2,0,0,0
2016-08-30,2016,8,27.2,21.0,6.199999999999999,6.0,0.2,5.6,5.0,54.0,0.1999999999999858,22.799999999999986,28.066666666666663,20.966666666666665,7.1000000000000005,0.0,27.4,20.9,0,-0.8660254037844384,-0.5000000000000004,-0.8631421280499115,-0.5049610547215202,2,0,1,0
2016-08-31,2016,8,27.2,20.5,6.699999999999999,5.0,33.5,3.9,435.0,66.0,0.1999999999999858,16.399999999999988,27.566666666666663,20.900000000000002,6.666666666666667,0.2,27.2,21.0,0,-0.8660254037844384,-0.5000000000000004,-0.8717063187093217,-0.4900286664290594,2,0,1,1
2016-09-01,2016,9,26.2,20.0,6.199999999999999,5.0,2.8,4.2,75.0,312.0,33.69999999999999,49.09999999999999,27.266666666666666,20.8,6.466666666666666,33.5,27.2,20.5,1,-1.0,-1.8369701987210297e-16,-0.8800122039735356,-0.4749510720670502,2,0,1,0
2016-09-02,2016,9,26.6,21.0,5.600000000000001,6.0,0.0,5.0,0.0,102.0,36.499999999999986,51.899999999999984,26.866666666666664,20.5,6.366666666666666,2.8,26.2,20.0,0,-1.0,-1.8369701987210297e-16,-0.888057322629493,-0.4597327394521046,2,0,0,0
2016-09-03,2016,9,26.7,20.4,6.300000000000001,7.0,0.0,5.0,5.0,12.0,36.29999999999998,36.69999999999999,26.666666666666668,20.5,6.166666666666667,0.0,26.6,21.0,0,-1.0,-1.8369701987210297e-16,-0.8958392907349089,-0.4443781781046134,2,0,0,0
2016-09-04,2016,9,28.0,20.2,7.800000000000001,5.0,0.0,5.2,0.0,186.0,2.7999999999999856,36.499999999999986,26.499999999999996,20.466666666666665,6.033333333333334,0.0,26.7,20.4,0,-1.0,-1.8369701987210297e-16,-0.9033558023246842,-0.4288919379124841,2,0,0,0
2016-09-05,2016,9,26.8,19.3,7.5,5.0,2.7,5.0,80.0,12.0,0.0,36.499999999999986,27.099999999999998,20.533333333333335,6.566666666666667,0.0,28.0,20.2,0,-1.0,-1.8369701987210297e-16,-0.9106046300942162,-0.41327860778290443,2,0,1,0
2016-09-06,2016,9,26.8,19.5,7.300000000000001,6.0,0.0,4.9,0.0,72.0,2.699999999999986,39.19999999999999,27.166666666666668,19.96666666666667,7.2,2.7,26.8,19.3,0,-1.0,-1.8369701987210297e-16,-0.9175836260593934,-0.3975428142825566,2,0,0,0
2016-09-07,2016,9,27.0,18.8,8.2,6.0,0.4,4.9,3.0,174.0,2.699999999999986,38.999999999999986,27.2,19.666666666666668,7.533333333333334,0.0,26.8,19.5,0,-1.0,-1.8369701987210297e-16,-0.9242907221930934,-0.3816892202666586,2,0,1,0
2016-09-08,2016,9,28.6,19.3,9.3,6.0,0.0,0.5,0.0,534.0,3.099999999999986,5.899999999999986,26.866666666666664,19.200000000000003,7.666666666666667,0.4,27.0,18.8,0,-1.0,-1.8369701987210297e-16,-0.9307239310379793,-0.3657225234972692,2,0,0,0
2016-09-09,2016,9,29.4,20.2,9.2,4.0,0.0,5.0,0.0,468.0,0.3999999999999858,3.099999999999986,27.466666666666665,19.200000000000003,8.266666666666667,0.0,28.6,19.3,0,-1.0,-1.8369701987210297e-16,-0.9368813462954315,-0.34964745525122826,2,0,0,0
2016-09-10,2016,9,28.8,20.9,7.900000000000002,4.0,1.4,5.2,70.0,342.0,0.3999999999999858,3.099999999999986,28.333333333333332,19.433333333333337,8.9,0.0,29.4,20.2,0,-1.0,-1.8369701987210297e-16,-0.9427611433904206,-0.33346877891818705,2,0,1,0
2016-09-11,2016,9,29.7,20.0,9.7,5.0,10.5,5.2,60.0,408.0,1.3999999999999857,4.499999999999986,28.933333333333334,20.133333333333336,8.8,1.4,28.8,20.9,0,-1.0,-1.8369701987210297e-16,-0.9483615800121716,-0.31719128858910595,2,0,1,0
2016-09-12,2016,9,27.6,20.5,7.100000000000001,5.0,1.0,5.0,60.0,12.0,11.899999999999986,14.999999999999986,29.299999999999997,20.36666666666667,8.933333333333334,10.5,29.7,20.0,0,-1.0,-1.8369701987210297e-16,-0.9536809966304455,-0.300819807635668,2,0,1,0
2016-09-13,2016,9,26.2,20.5,5.699999999999999,5.0,0.0,4.0,0.0,0.0,12.899999999999986,13.299999999999986,28.7,20.46666666666667,8.233333333333334,1.0,27.6,20.5,0,-1.0,-1.8369701987210297e-16,-0.9587178169872964,-0.2843591872810036,2,0,0,0
2016-09-14,2016,9,27.8,20.4,7.400000000000002,5.0,0.0,5.5,0.0,96.0,11.499999999999986,13.299999999999986,27.833333333333332,20.333333333333332,7.5,0.0,26.2,20.5,0,-1.0,-1.8369701987210297e-16,-0.9634705485641486,-0.26781430516217486,2,0,0,0
2016-09-15,2016,9,28.6,20.5,8.100000000000001,6.0,0.5,5.2,20.0,84.0,0.9999999999999858,12.899999999999986,27.2,20.46666666666667,6.733333333333334,0.0,27.8,20.4,0,-1.0,-1.8369701987210297e-16,-0.9679377830240641,-0.25119006388481957,2,0,1,0
2016-09-16,2016,9,28.5,20.3,8.2,7.0,5.2,4.1,160.0,252.0,0.4999999999999858,13.399999999999986,27.53333333333333,20.46666666666667,7.066666666666667,0.5,28.6,20.5,0,-1.0,-1.8369701987210297e-16,-0.9721181966290612,-0.23449138957041052,2,0,1,0
2016-09-17,2016,9,27.7,20.2,7.5,8.0,0.0,4.4,30.0,186.0,5.699999999999986,18.599999999999987,28.299999999999997,20.400000000000002,7.900000000000001,5.2,28.5,20.3,0,-1.0,-1.8369701987210297e-16,-0.9760105506323682,-0.21772323039653224,2,0,0,0
2016-09-18,2016,9,27.2,18.8,8.399999999999999,7.0,0.0,5.7,0.0,30.0,5.699999999999986,17.19999999999999,28.266666666666666,20.333333333333332,7.933333333333334,0.0,27.7,20.2,0,-1.0,-1.8369701987210297e-16,-0.9796136916454901,-0.20089055513063528,2,0,0,0
2016-09-19,2016,9,28.8,19.8,9.0,7.0,0.0,5.3,0.0,426.0,5.199999999999986,6.699999999999986,27.799999999999997,19.76666666666667,8.033333333333333,0.0,27.2,18.8,0,-1.0,-1.8369701987210297e-16,-0.9829265519799822,-0.18399835165767986,2,0,0,0
2016-09-20,2016,9,30.6,19.7,10.900000000000002,7.0,0.0,5.0,0.0,504.0,0.0,5.699999999999986,27.899999999999995,19.599999999999998,8.299999999999999,0.0,28.8,19.8,0,-1.0,-1.8369701987210297e-16,-0.9859481499638303,-0.1670516255021195,2,0,0,0
2016-09-21,2016,9,27.4,20.5,6.899999999999999,7.0,0.2,4.9,160.0,0.0,0.0,5.699999999999986,28.866666666666664,19.433333333333334,9.433333333333334,0.0,30.6,19.7,0,-1.0,-1.8369701987210297e-16,-0.9886775902323404,-0.15005539834465262,2,0,1,0
2016-09-22,2016,9,27.0,19.7,7.300000000000001,7.0,0.6,5.6,12.0,0.0,0.1999999999999858,5.899999999999986,28.933333333333326,20.0,8.933333333333334,0.2,27.4,20.5,0,-1.0,-1.8369701987210297e-16,-0.9911140639934546,-0.13301470653419636,2,0,1,0
2016-09-23,2016,9,28.5,20.1,8.399999999999999,8.0,0.0,5.9,60.0,174.0,0.7999999999999858,5.999999999999986,28.333333333333332,19.96666666666667,8.366666666666667,0.6,27.0,19.7,0,-1.0,-1.8369701987210297e-16,-0.9932568492674143,-0.11593459959550066,2,0,0,0
2016-09-24,2016,9,25.2,19.6,5.599999999999998,6.0,4.0,2.8,138.0,12.0,0.7999999999999857,0.7999999999999858,27.63333333333333,20.099999999999998,7.533333333333332,0.0,28.5,20.1,0,-1.0,-1.8369701987210297e-16,-0.9951053111006974,-0.09882013873287211,2,0,1,0
2016-09-25,2016,9,25.8,19.8,6.0,7.0,0.2,4.2,30.0,0.0,4.599999999999985,4.799999999999986,26.899999999999995,19.8,7.099999999999999,4.0,25.2,19.6,0,-1.0,-1.8369701987210297e-16,-0.99665890175417,-0.08167639533042288,2,0,1,0
2016-09-26,2016,9,27.3,20.5,6.800000000000001,6.0,0.0,4.8,175.0,72.0,4.199999999999986,4.999999999999986,26.5,19.833333333333336,6.666666666666665,0.2,25.8,19.8,0,-1.0,-1.8369701987210297e-16,-0.9979171608653922,-0.06450844944931625,2,0,0,0
2016-09-27,2016,9,28.6,20.8,7.800000000000001,5.0,0.0,5.6,0.0,126.0,4.199999999999986,4.999999999999986,26.099999999999998,19.96666666666667,6.133333333333333,0.0,27.3,20.5,0,-1.0,-1.8369701987210297e-16,-0.9988797155850335,-0.04732138832243232,2,0,0,0
2016-09-28,2016,9,29.3,21.6,7.699999999999999,5.0,3.7,5.3,45.0,114.0,0.1999999999999858,4.999999999999986,27.23333333333333,20.36666666666667,6.866666666666667,0.0,28.6,20.8,0,-1.0,-1.8369701987210297e-16,-0.9995462806873573,-0.03012030484690836,2,0,1,0
2016-09-29,2016,9,29.4,21.4,8.0,5.0,0.0,5.6,0.0,78.0,3.699999999999986,8.499999999999986,28.399999999999995,20.96666666666667,7.433333333333334,3.7,29.3,21.6,0,-1.0,-1.8369701987210297e-16,-0.9999166586547379,-0.012910296075008843,2,0,0,0
2016-09-30,2016,9,29.4,20.5,8.899999999999999,5.0,0.0,5.7,0.0,120.0,3.699999999999986,7.899999999999986,29.099999999999998,21.26666666666667,7.833333333333333,0.0,29.4,21.4,0,-1.0,-1.8369701987210297e-16,-0.9999907397361901,0.004303538296243821,2,0,0,0
2016-10-01,2016,10,29.7,19.6,10.099999999999998,6.0,0.0,5.8,0.0,324.0,3.699999999999986,7.899999999999986,29.366666666666664,21.166666666666668,8.2,0.0,29.4,20.5,0,-0.8660254037844386,0.5000000000000001,-0.9997685019798909,0.021516097436222233,3,0,0,0
2016-10-02,2016,10,28.5,18.8,9.7,5.0,0.0,5.8,0.0,222.0,0.0,3.899999999999986,29.499999999999996,20.5,8.999999999999998,0.0,29.7,19.6,0,-0.8660254037844386,0.5000000000000001,-0.9992500112396835,0.03872228089217399,3,0,0,0
2016-10-03,2016,10,30.1,20.3,9.8,4.0,0.0,5.8,0.0,486.0,0.0,3.699999999999986,29.2,19.633333333333336,9.566666666666665,0.0,28.5,18.8,0,-0.8660254037844386,0.5000000000000001,-0.9984354211555643,0.05591699010060302,3,0,0,0
2016-10-04,2016,10,32.0,20.5,11.5,4.0,0.0,6.8,0.0,558.0,0.0,3.699999999999986,29.433333333333334,19.566666666666666,9.866666666666665,0.0,30.1,20.3,0,-0.8660254037844386,0.5000000000000001,-0.9973249731081555,0.07309512989807776,3,0,0,0
2016-10-05,2016,10,30.7,20.5,10.2,5.0,0.0,6.2,0.0,510.0,0.0,3.699999999999986,30.2,19.86666666666667,10.333333333333334,0.0,32.0,20.5,0,-0.8660254037844386,0.5000000000000001,-0.9959189961471792,0.0902516100310407,3,0,0,0
2016-10-06,2016,10,30.8,20.4,10.400000000000002,5.0,0.0,6.2,0.0,564.0,0.0,0.0,30.933333333333326,20.433333333333337,10.5,0.0,30.7,20.5,0,-0.8660254037844386,0.5000000000000001,-0.994217906893952,0.10738134666416306,3,0,0,0
2016-10-07,2016,10,31.6,19.7,11.900000000000002,5.0,0.0,6.0,0.0,552.0,0.0,0.0,31.166666666666668,20.46666666666667,10.700000000000001,0.0,30.8,20.4,0,-0.8660254037844386,0.5000000000000001,-0.9922222094179324,0.12447926388678869,3,0,0,0
2016-10-08,2016,10,30.6,19.8,10.8,6.0,0.0,5.9,0.0,420.0,0.0,0.0,31.03333333333333,20.2,10.833333333333334,0.0,31.6,19.7,0,-0.8660254037844386,0.5000000000000001,-0.989932495087353,0.141540295217043,3,0,0,0
2016-10-09,2016,10,31.4,19.6,11.799999999999997,7.0,0.0,6.3,0.0,432.0,0.0,0.0,31.0,19.96666666666667,11.033333333333337,0.0,30.6,19.8,0,-0.8660254037844386,0.5000000000000001,-0.9873494423939864,0.15855938510313475,3,0,0,0
2016-10-10,2016,10,30.4,19.4,11.0,7.0,1.2,5.0,45.0,288.0,0.0,0.0,31.2,19.700000000000003,11.5,0.0,31.4,19.6,0,-0.8660254037844386,0.5000000000000001,-0.9844738167520923,0.17553149042142777,3,0,1,0
2016-10-11,2016,10,28.0,20.0,8.0,6.0,0.0,5.0,0.0,245.0,1.1999999999999857,1.1999999999999857,30.799999999999997,19.599999999999998,11.199999999999998,1.2,30.4,19.4,0,-0.8660254037844386,0.5000000000000001,-0.9813064702716093,0.19245158197082995,3,0,0,0
2016-10-12,2016,10,31.8,20.3,11.5,4.0,7.8,5.0,148.0,330.0,1.1999999999999857,1.1999999999999857,29.933333333333334,19.666666666666668,10.266666666666666,0.0,28.0,20.0,0,-0.8660254037844386,0.5000000000000001,-0.9778483415056568,0.20931464596304888,3,0,1,0
2016-10-13,2016,10,29.3,20.1,9.2,3.0,2.5,6.2,100.0,60.0,8.999999999999986,8.999999999999986,30.066666666666663,19.900000000000002,10.166666666666666,7.8,31.8,20.3,0,-0.8660254037844386,0.5000000000000001,-0.9741004551724206,0.22611568550828803,3,0,1,0
2016-10-14,2016,10,28.3,21.0,7.300000000000001,1.0,0.0,5.0,0.0,54.0,10.299999999999986,11.499999999999986,29.7,20.133333333333336,9.566666666666666,2.5,29.3,20.1,0,-0.8660254037844386,0.5000000000000001,-0.970063921851507,0.2428497220959358,3,0,0,0
2016-10-15,2016,10,30.6,19.4,11.200000000000003,2.0,0.0,5.8,0.0,414.0,10.299999999999986,11.499999999999986,29.8,20.46666666666667,9.333333333333334,0.0,28.3,21.0,0,-0.8660254037844386,0.5000000000000001,-0.965739937654855,0.25951179706979943,3,0,0,0
2016-10-16,2016,10,30.1,18.6,11.5,2.0,0.0,6.7,0.0,570.0,2.499999999999986,11.499999999999986,29.400000000000002,20.166666666666668,9.233333333333334,0.0,30.6,19.4,0,-0.8660254037844386,0.5000000000000001,-0.9611297838723007,0.27609697309746883,3,0,0,0
2016-10-17,2016,10,31.2,18.4,12.8,2.0,0.0,6.5,0.0,564.0,0.0,11.499999999999986,29.666666666666668,19.666666666666668,10.000000000000002,0.0,30.1,18.6,0,-0.8660254037844386,0.5000000000000001,-0.9562348265919058,0.2926003356333479,3,0,0,0
2016-10-18,2016,10,31.0,18.6,12.399999999999999,2.0,0.0,5.5,0.0,528.0,0.0,10.299999999999986,30.633333333333336,18.8,11.833333333333334,0.0,31.2,18.4,0,-0.8660254037844386,0.5000000000000001,-0.9510565162951536,0.30901699437494723,3,0,0,0
2016-10-19,2016,10,31.2,18.7,12.5,2.0,0.0,5.0,0.0,528.0,0.0,10.299999999999986,30.766666666666666,18.533333333333335,12.233333333333334,0.0,31.0,18.6,0,-0.8660254037844386,0.5000000000000001,-0.9455963874271428,0.3253420847119795,3,0,0,0
2016-10-20,2016,10,31.1,19.1,12.0,2.0,0.0,2.3,0.0,486.0,0.0,2.499999999999986,31.133333333333336,18.566666666666666,12.566666666666668,0.0,31.2,18.7,0,-0.8660254037844386,0.5000000000000001,-0.9398560579418953,0.341570769167856,3,0,0,0
2016-10-21,2016,10,31.2,19.1,12.099999999999998,2.0,0.0,6.3,0.0,426.0,0.0,0.0,31.099999999999998,18.8,12.299999999999999,0.0,31.1,19.1,0,-0.8660254037844386,0.5000000000000001,-0.9338372288229252,0.35769823883312546,3,0,0,0
2016-10-22,2016,10,31.2,19.5,11.7,2.0,0.0,6.6,0.0,294.0,0.0,0.0,31.166666666666668,18.96666666666667,12.199999999999998,0.0,31.2,19.1,0,-0.8660254037844386,0.5000000000000001,-0.9275416835791965,0.3737197147904692,3,0,0,0
2016-10-23,2016,10,31.2,18.6,12.599999999999998,2.0,0.0,5.6,0.0,468.0,0.0,0.0,31.166666666666668,19.233333333333334,11.933333333333332,0.0,31.2,19.5,0,-0.8660254037844386,0.5000000000000001,-0.9209712877166346,0.38963044953078774,3,0,0,0
2016-10-24,2016,10,29.2,17.7,11.5,2.0,0.0,5.7,0.0,108.0,0.0,0.0,31.2,19.066666666666666,12.133333333333331,0.0,31.2,18.6,0,-0.8660254037844386,0.5000000000000001,-0.9141279881853337,0.4054257283599973,3,0,0,0
2016-10-25,2016,10,31.3,19.8,11.5,2.0,0.0,6.5,0.0,414.0,0.0,0.0,30.53333333333333,18.6,11.933333333333332,0.0,29.2,17.7,0,-0.8660254037844386,0.5000000000000001,-0.9070138128026362,0.42110087079608916,3,0,0,0
2016-10-26,2016,10,31.0,18.4,12.600000000000001,2.0,0.0,4.4,0.0,330.0,0.0,0.0,30.566666666666663,18.700000000000003,11.866666666666665,0.0,31.3,19.8,0,-0.8660254037844386,0.5000000000000001,-0.8996308696522434,0.4366512319560638,3,0,0,0
2016-10-27,2016,10,30.8,19.4,11.400000000000002,2.0,0.0,6.8,0.0,294.0,0.0,0.0,30.5,18.633333333333336,11.866666666666667,0.0,31.0,18.4,0,-0.8660254037844386,0.5000000000000001,-0.8919813464595487,0.45207220393230374,3,0,0,0
2016-10-28,2016,10,31.0,18.6,12.399999999999999,3.0,0.0,6.2,0.0,510.0,0.0,0.0,31.03333333333333,19.2,11.833333333333334,0.0,30.8,19.4,0,-0.8660254037844386,0.5000000000000001,-0.8840675099433637,0.46735921715800205,3,0,0,0
2016-10-29,2016,10,31.6,18.7,12.900000000000002,2.0,0.0,6.7,0.0,294.0,0.0,0.0,30.933333333333334,18.8,12.133333333333335,0.0,31.0,18.6,0,-0.8660254037844386,0.5000000000000001,-0.8758917051442433,0.48250774176121763,3,0,0,0
2016-10-30,2016,10,32.0,21.0,11.0,2.0,0.0,6.5,0.0,294.0,0.0,0.0,31.133333333333336,18.900000000000002,12.233333333333334,0.0,31.6,18.7,0,-0.8660254037844386,0.5000000000000001,-0.8674563547295971,0.4975132889071803,3,0,0,0
2016-10-31,2016,10,30.7,20.1,10.599999999999998,3.0,0.0,5.8,0.0,222.0,0.0,0.0,31.53333333333333,19.433333333333334,12.1,0.0,32.0,21.0,0,-0.8660254037844386,0.5000000000000001,-0.8587639582758031,0.5123714121284235,3,0,0,0
2016-11-01,2016,11,30.6,20.8,9.8,3.0,0.0,6.0,0.0,294.0,0.0,0.0,31.433333333333334,19.933333333333334,11.5,0.0,30.7,20.1,0,-0.5000000000000004,0.8660254037844384,-0.8498170915275277,0.5270777086423724,3,0,0,0
2016-11-02,2016,11,29.1,20.1,9.0,3.0,1.5,3.3,0.0,342.0,0.0,0.0,31.099999999999998,20.633333333333336,10.466666666666667,0.0,30.6,20.8,0,-0.5000000000000004,0.8660254037844384,-0.8406184056344783,0.5416278206559811,3,0,1,0
2016-11-03,2016,11,29.0,20.9,8.100000000000001,3.0,0.0,4.9,0.0,252.0,1.4999999999999858,1.4999999999999858,30.13333333333333,20.33333333333334,9.799999999999999,1.5,29.1,20.1,0,-0.5000000000000004,0.8660254037844384,-0.8311706263658079,0.5560174366570446,3,0,0,0
2016-11-04,2016,11,31.6,20.0,11.600000000000001,3.0,0.0,6.3,0.0,498.0,1.4999999999999858,1.4999999999999858,29.566666666666666,20.599999999999998,8.966666666666667,0.0,29.0,20.9,0,-0.5000000000000004,0.8660254037844384,-0.8214765533024145,0.5702422926917867,3,0,0,0
2016-11-05,2016,11,31.6,19.1,12.5,3.0,0.0,6.4,0.0,414.0,1.4999999999999858,1.4999999999999858,29.900000000000002,20.333333333333332,9.566666666666668,0.0,31.6,20.0,0,-0.5000000000000004,0.8660254037844384,-0.8115390590073611,0.5842981736283683,3,0,0,0
2016-11-06,2016,11,31.2,18.1,13.099999999999998,4.0,0.0,5.9,0.0,468.0,0.0,1.4999999999999858,30.733333333333334,20.0,10.733333333333334,0.0,31.6,19.1,0,-0.5000000000000004,0.8660254037844384,-0.801361088174677,0.5981809144059159,3,0,0,0
2016-11-07,2016,11,31.5,18.7,12.8,3.0,0.0,5.2,0.0,474.0,0.0,1.4999999999999858,31.46666666666667,19.066666666666666,12.4,0.0,31.2,18.1,0,-0.5000000000000004,0.8660254037844384,-0.7909456567567774,0.6118864012687242,3,0,0,0
2016-11-08,2016,11,30.6,18.8,11.8,3.0,0.0,6.3,0.0,414.0,0.0,1.4999999999999858,31.433333333333334,18.633333333333336,12.799999999999999,0.0,31.5,18.7,0,-0.5000000000000004,0.8660254037844384,-0.780295851070776,0.6254105729852457,3,0,0,0
2016-11-09,2016,11,30.3,17.7,12.600000000000001,3.0,0.0,5.7,0.0,480.0,0.0,1.4999999999999858,31.099999999999998,18.533333333333335,12.566666666666668,0.0,30.6,18.8,0,-0.5000000000000004,0.8660254037844384,-0.7694148268839381,0.6387494220515268,3,0,0,0
2016-11-10,2016,11,29.3,17.0,12.3,3.0,0.0,6.0,0.0,474.0,0.0,0.0,30.799999999999997,18.400000000000002,12.4,0.0,30.3,17.7,0,-0.5000000000000004,0.8660254037844384,-0.7583058084785625,0.6518989958787125,3,0,0,0
2016-11-11,2016,11,30.3,17.0,13.3,2.0,0.0,5.8,0.0,491.0,0.0,0.0,30.066666666666663,17.833333333333332,12.233333333333334,0.0,29.3,17.0,0,-0.5000000000000004,0.8660254037844384,-0.7469720876965551,0.6648553979642866,3,0,0,0
2016-11-12,2016,11,29.6,17.8,11.8,2.0,0.0,6.4,0.0,450.0,0.0,0.0,29.96666666666667,17.233333333333334,12.733333333333334,0.0,30.3,17.0,0,-0.5000000000000004,0.8660254037844384,-0.7354170229639858,0.6776147890466887,3,0,0,0
2016-11-13,2016,11,30.5,20.2,10.3,3.0,0.0,5.4,0.0,324.0,0.0,0.0,29.733333333333334,17.266666666666666,12.466666666666669,0.0,29.6,17.8,0,-0.5000000000000004,0.8660254037844384,-0.7236440382959123,0.690173388242972,3,0,0,0
2016-11-14,2016,11,30.9,20.4,10.5,4.0,0.0,4.3,0.0,264.0,0.0,0.0,30.133333333333336,18.333333333333332,11.800000000000002,0.0,30.5,20.2,0,-0.5000000000000004,0.8660254037844384,-0.7116566222817751,0.7025274741691566,3,0,0,0
2016-11-15,2016,11,30.1,20.3,9.8,3.0,0.0,5.5,0.0,168.0,0.0,0.0,30.333333333333332,19.466666666666665,10.866666666666667,0.0,30.9,20.4,0,-0.5000000000000004,0.8660254037844384,-0.6994583270516471,0.7146733860429609,3,0,0,0
2016-11-16,2016,11,30.4,19.6,10.799999999999997,3.0,0.0,6.3,0.0,426.0,0.0,0.0,30.5,20.3,10.200000000000001,0.0,30.1,20.3,0,-0.5000000000000004,0.8660254037844384,-0.6870527672236675,0.726607524768565,3,0,0,0
2016-11-17,2016,11,31.4,20.2,11.2,4.0,0.0,5.7,0.0,450.0,0.0,0.0,30.466666666666665,20.099999999999998,10.366666666666665,0.0,30.4,19.6,0,-0.5000000000000004,0.8660254037844384,-0.6744436188329457,0.7383263540031063,3,0,0,0
2016-11-18,2016,11,29.7,19.1,10.599999999999998,4.0,0.0,5.5,0.0,222.0,0.0,0.0,30.63333333333333,20.033333333333335,10.6,0.0,31.4,20.2,0,-0.5000000000000004,0.8660254037844384,-0.661634618242279,0.749826401204568,3,0,0,0
2016-11-19,2016,11,29.7,18.2,11.5,3.0,0.0,5.6,0.0,408.0,0.0,0.0,30.5,19.633333333333336,10.866666666666665,0.0,29.7,19.1,0,-0.5000000000000004,0.8660254037844384,-0.6486295610349818,0.7611042586607742,3,0,0,0
2016-11-20,2016,11,29.7,18.4,11.3,3.0,0.0,5.7,0.0,438.0,0.0,0.0,30.266666666666666,19.166666666666668,11.1,0.0,29.7,18.2,0,-0.5000000000000004,0.8660254037844384,-0.6354323008901775,0.7721565844991641,3,0,0,0
2016-11-21,2016,11,30.5,18.1,12.399999999999999,2.0,0.0,6.3,0.0,414.0,0.0,0.0,29.7,18.566666666666666,11.133333333333333,0.0,29.7,18.4,0,-0.5000000000000004,0.8660254037844384,-0.622046748440868,0.7829801036770625,3,0,0,0
2016-11-22,2016,11,31.0,16.6,14.399999999999999,3.0,0.0,6.5,0.0,204.0,0.0,0.0,29.966666666666665,18.233333333333334,11.733333333333334,0.0,30.5,18.1,0,-0.5000000000000004,0.8660254037844384,-0.6084768701151264,0.7935716089521472,3,0,0,0
2016-11-23,2016,11,31.9,16.5,15.399999999999999,2.0,0.0,5.6,0.0,528.0,0.0,0.0,30.399999999999995,17.700000000000003,12.699999999999998,0.0,31.0,16.6,0,-0.5000000000000004,0.8660254037844384,-0.594726686960764,0.8039279618328208,3,0,0,0
2016-11-24,2016,11,31.8,16.1,15.7,3.0,0.0,5.5,0.0,546.0,0.0,0.0,31.13333333333333,17.066666666666666,14.066666666666665,0.0,31.9,16.5,0,-0.5000000000000004,0.8660254037844384,-0.5808002734538013,0.8140460935082175,3,0,0,0
2016-11-25,2016,11,30.7,16.2,14.5,3.0,0.0,6.5,0.0,522.0,0.0,0.0,31.566666666666663,16.400000000000002,15.166666666666666,0.0,31.8,16.1,0,-0.5000000000000004,0.8660254037844384,-0.5667017562911184,0.8239230057575536,3,0,0,0
2016-11-26,2016,11,31.5,15.9,15.6,2.0,0.0,6.2,0.0,552.0,0.0,0.0,31.466666666666665,16.26666666666667,15.199999999999998,0.0,30.7,16.2,0,-0.5000000000000004,0.8660254037844384,-0.5524353131676203,0.8335557718385695,3,0,0,0
2016-11-27,2016,11,31.5,15.0,16.5,2.0,0.0,5.8,0.0,468.0,0.0,0.0,31.333333333333332,16.066666666666666,15.266666666666666,0.0,31.5,15.9,0,-0.5000000000000004,0.8660254037844384,-0.5380051715382992,0.8429415373547832,3,0,0,0
2016-11-28,2016,11,32.5,14.2,18.3,2.0,0.0,7.0,0.0,414.0,0.0,0.0,31.23333333333333,15.700000000000001,15.533333333333331,0.0,31.5,15.0,0,-0.5000000000000004,0.8660254037844384,-0.5234156073655503,0.8520775211013093,3,0,0,0
2016-11-29,2016,11,33.0,15.6,17.4,2.0,0.0,6.0,0.0,312.0,0.0,0.0,31.833333333333332,15.033333333333333,16.8,0.0,32.5,14.2,0,-0.5000000000000004,0.8660254037844384,-0.5086709438521042,0.8609610158889945,3,0,0,0
2016-11-30,2016,11,29.9,16.7,13.2,2.0,0.0,5.1,0.0,252.0,0.0,0.0,32.333333333333336,14.933333333333335,17.4,0.0,33.0,15.6,0,-0.5000000000000004,0.8660254037844384,-0.49377555015997737,0.8695893893466109,3,0,0,0
2016-12-01,2016,12,30.0,17.6,12.399999999999999,2.0,0.0,5.6,0.0,216.0,0.0,0.0,31.799999999999997,15.5,16.299999999999997,0.0,29.9,16.7,0,-2.4492935982947064e-16,1.0,-0.4787338401157883,0.8779600847008883,0,0,0,0
2016-12-02,2016,12,26.9,18.0,8.899999999999999,3.0,5.2,4.0,95.0,72.0,0.0,0.0,30.966666666666665,16.633333333333336,14.33333333333333,0.0,30.0,17.6,0,-2.4492935982947064e-16,1.0,-0.4635502709028512,0.8860706215341378,0,0,1,0
2016-12-03,2016,12,26.9,18.9,8.0,4.0,4.4,4.0,205.0,84.0,5.199999999999986,5.199999999999986,28.933333333333326,17.433333333333337,11.499999999999998,5.2,26.9,18.0,0,-2.4492935982947064e-16,1.0,-0.4482293417404106,0.893918596519257,0,0,1,0
2016-12-04,2016,12,24.6,19.0,5.600000000000001,4.0,0.0,4.5,0.0,54.0,9.599999999999987,9.599999999999987,27.933333333333326,18.166666666666668,9.766666666666664,4.4,26.9,18.9,0,-2.4492935982947064e-16,1.0,-0.4327755925504317,0.9015016841318838,0,0,0,0
2016-12-05,2016,12,29.0,19.6,9.399999999999999,3.0,0.0,5.0,10.0,414.0,9.599999999999987,9.599999999999987,26.13333333333333,18.633333333333336,7.499999999999999,0.0,24.6,19.0,0,-2.4492935982947064e-16,1.0,-0.41719360261231697,0.9088176373395028,0,0,0,0
2016-12-06,2016,12,29.4,19.0,10.399999999999999,3.0,0.0,4.5,0.0,522.0,4.399999999999986,9.599999999999987,26.833333333333332,19.166666666666668,7.666666666666665,0.0,29.0,19.6,0,-2.4492935982947064e-16,1.0,-0.4014879892059737,0.9158642882672868,0,0,0,0
2016-12-07,2016,12,28.0,15.0,13.0,3.0,0.0,4.0,0.0,390.0,0.0,9.599999999999987,27.666666666666668,19.200000000000003,8.466666666666665,0.0,29.4,19.0,0,-2.4492935982947064e-16,1.0,-0.38566340624360745,0.9226395488404875,0,0,0,0
2016-12-08,2016,12,29.0,18.4,10.600000000000001,3.0,0.0,4.0,0.0,348.0,0.0,9.599999999999987,28.799999999999997,17.86666666666667,10.933333333333332,0.0,28.0,15.0,0,-2.4492935982947064e-16,1.0,-0.3697245428906732,0.9291414114031743,0,0,0,0
2016-12-09,2016,12,28.9,16.2,12.7,2.0,0.0,6.0,0.0,378.0,0.0,9.599999999999987,28.799999999999997,17.46666666666667,11.333333333333334,0.0,29.0,18.4,0,-2.4492935982947064e-16,1.0,-0.35367612217637207,0.935367949313148,0,0,0,0
2016-12-10,2016,12,30.3,15.5,14.8,3.0,0.0,5.5,0.0,378.0,0.0,4.399999999999986,28.63333333333333,16.533333333333335,12.1,0.0,28.9,16.2,0,-2.4492935982947064e-16,1.0,-0.33752289959411347,0.941317317512847,0,0,0,0
2016-12-11,2016,12,28.0,12.0,16.0,3.0,0.0,4.6,0.0,120.0,0.0,0.0,29.399999999999995,16.7,12.699999999999998,0.0,30.3,15.5,0,-2.4492935982947064e-16,1.0,-0.32126966169236515,0.9469877530760751,0,0,0,0
2016-12-12,2016,12,28.4,19.5,8.899999999999999,4.0,0.0,5.2,0.0,378.0,0.0,0.0,29.066666666666663,14.566666666666668,14.5,0.0,28.0,12.0,0,-2.4492935982947064e-16,1.0,-0.3049212246562894,0.9523775757303973,0,0,0,0
2016-12-13,2016,12,25.0,17.7,7.300000000000001,7.0,60.8,4.2,897.0,0.0,0.0,0.0,28.899999999999995,15.666666666666666,13.233333333333333,0.0,28.4,19.5,0,-2.4492935982947064e-16,1.0,-0.2884824328806098,0.9574851883550389,0,0,1,0
2016-12-14,2016,12,19.4,18.6,0.7999999999999972,3.0,4.2,2.1,180.0,0.0,60.79999999999998,60.79999999999998,27.13333333333333,16.400000000000002,10.733333333333333,60.8,25.0,17.7,0,-2.4492935982947064e-16,1.0,-0.27195815753410524,0.9623090774541487,0,0,1,0
2016-12-15,2016,12,22.4,17.9,4.5,3.0,0.0,3.0,20.0,0.0,64.99999999999999,64.99999999999999,24.266666666666666,18.6,5.666666666666664,4.2,19.4,18.6,0,-2.4492935982947064e-16,1.0,-0.2553532951161881,0.9668478136052773,0,0,0,0
2016-12-16,2016,12,27.3,18.4,8.900000000000002,3.0,0.0,5.0,0.0,516.0,64.99999999999999,64.99999999999999,22.266666666666662,18.066666666666666,4.199999999999998,0.0,22.4,17.9,0,-2.4492935982947064e-16,1.0,-0.23867276600594997,0.9711000518829505,0,0,0,0
2016-12-17,2016,12,28.4,18.0,10.399999999999999,2.0,0.3,5.0,0.0,360.0,4.199999999999986,64.99999999999999,23.03333333333333,18.3,4.733333333333332,0.0,27.3,18.4,0,-2.4492935982947064e-16,1.0,-0.22192151300416674,0.9750645322571945,0,0,1,0
2016-12-18,2016,12,28.4,16.8,11.599999999999998,2.0,0.0,4.8,0.0,450.0,0.2999999999999858,65.29999999999998,26.03333333333333,18.099999999999998,7.933333333333333,0.3,28.4,18.0,0,-2.4492935982947064e-16,1.0,-0.20510449986861926,0.9787400799669153,0,0,0,0
2016-12-19,2016,12,28.9,16.7,12.2,2.0,0.0,4.8,0.0,486.0,0.2999999999999858,65.29999999999998,28.03333333333333,17.733333333333334,10.299999999999999,0.0,28.4,16.8,0,-2.4492935982947064e-16,1.0,-0.1882267098432439,0.9821256058680006,0,0,0,0
2016-12-20,2016,12,29.4,15.6,13.799999999999999,3.0,0.0,5.0,0.0,486.0,0.2999999999999858,65.29999999999998,28.566666666666663,17.166666666666668,11.399999999999997,0.0,28.9,16.7,0,-2.4492935982947064e-16,1.0,-0.1712931441814778,0.9852201067560606,0,0,0,0
2016-12-21,2016,12,28.3,17.7,10.600000000000001,3.0,0.0,5.5,0.0,516.0,0.0,4.499999999999986,28.899999999999995,16.366666666666667,12.533333333333331,0.0,29.4,15.6,0,-2.4492935982947064e-16,1.0,-0.154308820664281,0.9880226656636976,0,0,0,0
2016-12-22,2016,12,30.4,17.0,13.399999999999999,2.0,0.0,4.5,0.0,498.0,0.0,0.2999999999999858,28.866666666666664,16.666666666666668,12.199999999999998,0.0,28.3,17.7,0,-2.4492935982947064e-16,1.0,-0.13727877211326517,0.9905324521322227,0,0,0,0
2016-12-23,2016,12,31.0,14.0,17.0,2.0,0.0,5.0,0.0,576.0,0.0,0.2999999999999858,29.366666666666664,16.766666666666666,12.6,0.0,30.4,17.0,0,-2.4492935982947064e-16,1.0,-0.12020804489935275,0.9927487224577402,0,0,0,0
2016-12-24,2016,12,30.3,14.4,15.9,2.0,0.0,5.0,0.0,522.0,0.0,0.2999999999999858,29.899999999999995,16.233333333333334,13.666666666666666,0.0,31.0,14.0,0,-2.4492935982947064e-16,1.0,-0.10310169744743544,0.9946708199115211,0,0,0,0
2016-12-25,2016,12,30.5,14.7,15.8,2.0,0.0,4.5,0.0,552.0,0.0,0.0,30.566666666666663,15.133333333333333,15.433333333333332,0.0,30.3,14.4,0,-2.4492935982947064e-16,1.0,-0.0859647987374467,0.9962981749346077,0,0,0,0
2016-12-26,2016,12,29.0,14.8,14.2,1.0,0.0,4.7,0.0,474.0,0.0,0.0,30.599999999999994,14.366666666666667,16.233333333333334,0.0,30.5,14.7,0,-2.4492935982947064e-16,1.0,-0.06880242680232064,0.9976303053065857,0,0,0,0
2016-12-27,2016,12,30.4,14.9,15.499999999999998,2.0,0.0,5.0,0.0,528.0,0.0,0.0,29.933333333333326,14.633333333333333,15.299999999999999,0.0,29.0,14.8,0,-2.4492935982947064e-16,1.0,-0.05161966722325418,0.9986668162884759,0,0,0,0
2016-12-28,2016,12,29.8,16.4,13.400000000000002,3.0,0.0,4.7,0.0,558.0,0.0,0.0,29.966666666666665,14.800000000000002,15.166666666666666,0.0,30.4,14.9,0,-2.4492935982947064e-16,1.0,-0.034421611622745804,0.9994074007397048,0,0,0,0
2016-12-29,2016,12,28.7,15.5,13.2,3.0,0.0,5.4,0.0,546.0,0.0,0.0,29.73333333333333,15.366666666666665,14.366666666666665,0.0,29.8,16.4,0,-2.4492935982947064e-16,1.0,-0.01721335615583528,0.9998518392091162,0,0,0,0
2016-12-30,2016,12,28.2,14.8,13.399999999999999,3.0,0.0,5.4,0.0,522.0,0.0,0.0,29.63333333333333,15.6,14.033333333333333,0.0,28.7,15.5,0,-2.4492935982947064e-16,1.0,6.432490598706546e-16,1.0,0,0,0,0
2016-12-31,2016,12,27.5,14.9,12.6,3.0,0.0,5.0,0.0,426.0,0.0,0.0,28.899999999999995,15.566666666666668,13.333333333333334,0.0,28.2,14.8,0,-2.4492935982947064e-16,1.0,0.017213356155833904,0.9998518392091162,0,0,0,0
2017-01-01,2017,1,27.6,14.6,13.000000000000002,3.0,0.0,4.9,0.0,474.0,0.0,0.0,28.13333333333333,15.066666666666668,13.066666666666665,0.0,27.5,14.9,0,0.49999999999999994,0.8660254037844387,0.017213356155834685,0.9998518392091162,0,0,0,0
2017-01-02,2017,1,27.7,17.0,10.7,3.0,0.0,5.2,0.0,534.0,0.0,0.0,27.766666666666666,14.766666666666666,13.0,0.0,27.6,14.6,0,0.49999999999999994,0.8660254037844387,0.03442161162274574,0.9994074007397048,0,0,0,0
2017-01-03,2017,1,28.3,16.1,12.2,2.0,0.0,5.4,0.0,426.0,0.0,0.0,27.599999999999994,15.5,12.1,0.0,27.7,17.0,0,0.49999999999999994,0.8660254037844387,0.051619667223253764,0.998666816288476,0,0,0,0
2017-01-04,2017,1,29.5,15.8,13.7,2.0,0.0,5.0,0.0,504.0,0.0,0.0,27.866666666666664,15.9,11.966666666666667,0.0,28.3,16.1,0,0.49999999999999994,0.8660254037844387,0.06880242680231986,0.9976303053065857,0,0,0,0
2017-01-05,2017,1,29.0,15.5,13.5,3.0,0.0,5.4,0.0,462.0,0.0,0.0,28.5,16.3,12.199999999999998,0.0,29.5,15.8,0,0.49999999999999994,0.8660254037844387,0.08596479873744647,0.9962981749346078,0,0,0,0
2017-01-06,2017,1,28.6,16.0,12.600000000000001,3.0,0.0,5.5,0.0,491.0,0.0,0.0,28.933333333333334,15.800000000000002,13.133333333333333,0.0,29.0,15.5,0,0.49999999999999994,0.8660254037844387,0.10310169744743485,0.9946708199115211,0,0,0,0
2017-01-07,2017,1,29.0,16.0,13.0,2.0,0.0,4.8,0.0,474.0,0.0,0.0,29.03333333333333,15.766666666666666,13.266666666666666,0.0,28.6,16.0,0,0.49999999999999994,0.8660254037844387,0.1202080448993527,0.9927487224577402,0,0,0,0
2017-01-08,2017,1,27.8,16.0,11.8,3.0,0.0,5.0,0.0,282.0,0.0,0.0,28.866666666666664,15.833333333333334,13.033333333333333,0.0,29.0,16.0,0,0.49999999999999994,0.8660254037844387,0.13727877211326478,0.9905324521322229,0,0,0,0
2017-01-09,2017,1,28.5,15.0,13.5,3.0,0.0,5.9,0.0,414.0,0.0,0.0,28.46666666666667,16.0,12.466666666666669,0.0,27.8,16.0,0,0.49999999999999994,0.8660254037844387,0.15430882066428117,0.9880226656636976,0,0,0,0
2017-01-10,2017,1,28.1,16.0,12.100000000000001,2.0,0.0,5.1,0.0,444.0,0.0,0.0,28.433333333333326,15.666666666666666,12.766666666666666,0.0,28.5,15.0,0,0.49999999999999994,0.8660254037844387,0.1712931441814776,0.9852201067560606,0,0,0,0
2017-01-11,2017,1,29.4,16.6,12.799999999999997,2.0,0.0,4.8,0.0,420.0,0.0,0.0,28.13333333333333,15.666666666666666,12.466666666666669,0.0,28.1,16.0,0,0.49999999999999994,0.8660254037844387,0.1882267098432442,0.9821256058680006,0,0,0,0
2017-01-12,2017,1,29.2,16.4,12.8,3.0,0.0,5.0,0.0,438.0,0.0,0.0,28.666666666666668,15.866666666666667,12.799999999999999,0.0,29.4,16.6,0,0.49999999999999994,0.8660254037844387,0.2051044998686192,0.9787400799669153,0,0,0,0
2017-01-13,2017,1,28.0,16.9,11.100000000000001,3.0,0.0,5.7,0.0,222.0,0.0,0.0,28.899999999999995,16.333333333333332,12.566666666666668,0.0,29.2,16.4,0,0.49999999999999994,0.8660254037844387,0.2219215130041655,0.9750645322571948,0,0,0,0
2017-01-14,2017,1,28.3,17.2,11.100000000000001,4.0,0.0,5.6,0.0,294.0,0.0,0.0,28.866666666666664,16.633333333333333,12.233333333333334,0.0,28.0,16.9,0,0.49999999999999994,0.8660254037844387,0.2386727660059501,0.9711000518829505,0,0,0,0
2017-01-15,2017,1,27.2,15.5,11.7,4.0,0.0,5.0,0.0,354.0,0.0,0.0,28.5,16.833333333333332,11.666666666666666,0.0,28.3,17.2,0,0.49999999999999994,0.8660254037844387,0.255353295116187,0.9668478136052775,0,0,0,0
2017-01-16,2017,1,27.6,15.7,11.900000000000002,3.0,0.0,5.3,0.0,491.0,0.0,0.0,27.83333333333333,16.53333333333333,11.300000000000002,0.0,27.2,15.5,0,0.49999999999999994,0.8660254037844387,0.2719581575341055,0.9623090774541486,0,0,0,0
2017-01-17,2017,1,28.0,15.4,12.6,3.0,0.0,5.6,0.0,491.0,0.0,0.0,27.7,16.133333333333333,11.566666666666668,0.0,27.6,15.7,0,0.49999999999999994,0.8660254037844387,0.288482432880609,0.9574851883550393,0,0,0,0
2017-01-18,2017,1,28.9,14.4,14.499999999999998,4.0,0.0,4.9,0.0,510.0,0.0,0.0,27.599999999999998,15.533333333333333,12.066666666666668,0.0,28.0,15.4,0,0.49999999999999994,0.8660254037844387,0.30492122465628907,0.9523775757303974,0,0,0,0
2017-01-19,2017,1,28.2,15.8,12.399999999999999,4.0,0.0,5.2,0.0,420.0,0.0,0.0,28.16666666666666,15.166666666666666,13.0,0.0,28.9,14.4,0,0.49999999999999994,0.8660254037844387,0.3212696616923644,0.9469877530760753,0,0,0,0
2017-01-20,2017,1,27.6,15.3,12.3,4.0,0.0,5.6,0.0,420.0,0.0,0.0,28.366666666666664,15.200000000000001,13.166666666666666,0.0,28.2,15.8,0,0.49999999999999994,0.8660254037844387,0.3375228995941133,0.9413173175128471,0,0,0,0
2017-01-21,2017,1,28.9,19.1,9.799999999999997,4.0,0.0,5.9,0.0,456.0,0.0,0.0,28.23333333333333,15.166666666666666,13.066666666666665,0.0,27.6,15.3,0,0.49999999999999994,0.8660254037844387,0.3536761221763716,0.9353679493131483,0,0,0,0
2017-01-22,2017,1,25.2,16.8,8.399999999999999,4.0,0.0,4.5,2.0,72.0,0.0,0.0,28.23333333333333,16.733333333333334,11.5,0.0,28.9,19.1,0,0.49999999999999994,0.8660254037844387,0.3697245428906731,0.9291414114031743,0,0,0,0
2017-01-23,2017,1,30.3,15.9,14.4,4.0,0.0,5.9,0.0,528.0,0.0,0.0,27.23333333333333,17.066666666666666,10.166666666666666,0.0,25.2,16.8,0,0.49999999999999994,0.8660254037844387,0.38566340624360707,0.9226395488404876,0,0,0,0
2017-01-24,2017,1,29.5,16.0,13.5,4.0,0.0,5.0,0.0,342.0,0.0,0.0,28.13333333333333,17.26666666666667,10.866666666666665,0.0,30.3,15.9,0,0.49999999999999994,0.8660254037844387,0.401487989205973,0.9158642882672872,0,0,0,0
2017-01-25,2017,1,30.3,16.7,13.600000000000001,5.0,0.0,5.6,0.0,552.0,0.0,0.0,28.333333333333332,16.233333333333334,12.1,0.0,29.5,16.0,0,0.49999999999999994,0.8660254037844387,0.4171936026123168,0.9088176373395029,0,0,0,0
2017-01-26,2017,1,29.2,18.3,10.899999999999999,4.0,0.0,5.5,2.0,324.0,0.0,0.0,30.03333333333333,16.2,13.833333333333334,0.0,30.3,16.7,0,0.49999999999999994,0.8660254037844387,0.4327755925504312,0.901501684131884,0,0,0,0
2017-01-27,2017,1,26.0,19.7,6.300000000000001,3.0,0.2,3.3,45.0,12.0,0.0,0.0,29.666666666666668,17.0,12.666666666666666,0.0,29.2,18.3,0,0.49999999999999994,0.8660254037844387,0.4482293417404106,0.893918596519257,0,0,1,0
2017-01-28,2017,1,24.9,20.0,4.899999999999999,4.0,0.0,5.0,2.0,0.0,0.1999999999999858,0.1999999999999858,28.5,18.233333333333334,10.266666666666667,0.2,26.0,19.7,0,0.49999999999999994,0.8660254037844387,0.4635502709028509,0.886070621534138,0,0,0,0
2017-01-29,2017,1,27.5,19.2,8.3,4.0,0.0,5.8,0.0,204.0,0.1999999999999858,0.1999999999999858,26.7,19.333333333333332,7.366666666666667,0.0,24.9,20.0,0,0.49999999999999994,0.8660254037844387,0.47873384011578846,0.8779600847008882,0,0,0,0
2017-01-30,2017,1,30.0,17.9,12.100000000000001,3.0,0.0,5.0,0.0,396.0,0.1999999999999858,0.1999999999999858,26.13333333333333,19.633333333333333,6.5,0.0,27.5,19.2,0,0.49999999999999994,0.8660254037844387,0.4937755501599772,0.869589389346611,0,0,0,0
2017-01-31,2017,1,31.7,18.2,13.5,3.0,0.0,4.0,0.0,546.0,0.0,0.1999999999999858,27.466666666666665,19.033333333333335,8.433333333333334,0.0,30.0,17.9,0,0.49999999999999994,0.8660254037844387,0.5086709438521044,0.8609610158889943,0,0,0,0
2017-02-01,2017,2,32.0,16.0,16.0,3.0,0.0,5.0,0.0,504.0,0.0,0.1999999999999858,29.73333333333333,18.433333333333334,11.300000000000002,0.0,31.7,18.2,0,0.8660254037844386,0.5000000000000001,0.5234156073655503,0.8520775211013093,0,0,0,0
2017-02-02,2017,2,31.5,16.4,15.100000000000001,4.0,0.0,6.3,0.0,576.0,0.0,0.1999999999999858,31.23333333333333,17.366666666666664,13.866666666666667,0.0,32.0,16.0,0,0.8660254037844386,0.5000000000000001,0.5380051715382996,0.8429415373547828,0,0,0,0
2017-02-03,2017,2,31.7,16.7,15.0,4.0,0.0,6.0,0.0,564.0,0.0,0.1999999999999858,31.73333333333333,16.866666666666664,14.866666666666667,0.0,31.5,16.4,0,0.8660254037844386,0.5000000000000001,0.5524353131676196,0.8335557718385699,0,0,0,0
2017-02-04,2017,2,30.0,16.6,13.399999999999999,3.0,0.0,5.2,0.0,546.0,0.0,0.0,31.73333333333333,16.366666666666664,15.366666666666667,0.0,31.7,16.7,0,0.8660254037844386,0.5000000000000001,0.5667017562911176,0.8239230057575542,0,0,0,0
2017-02-05,2017,2,29.3,15.9,13.4,4.0,0.0,5.0,0.0,510.0,0.0,0.0,31.066666666666663,16.566666666666666,14.5,0.0,30.0,16.6,0,0.8660254037844386,0.5000000000000001,0.5808002734538009,0.8140460935082178,0,0,0,0
2017-02-06,2017,2,30.7,16.0,14.7,3.0,0.0,5.5,0.0,540.0,0.0,0.0,30.33333333333333,16.4,13.933333333333332,0.0,29.3,15.9,0,0.8660254037844386,0.5000000000000001,0.5947266869607634,0.8039279618328213,0,0,0,0
2017-02-07,2017,2,30.9,16.1,14.799999999999997,2.0,0.0,5.6,0.0,522.0,0.0,0.0,29.999999999999996,16.166666666666668,13.833333333333334,0.0,30.7,16.0,0,0.8660254037844386,0.5000000000000001,0.6084768701151261,0.7935716089521474,0,0,0,0
2017-02-08,2017,2,32.2,16.6,15.600000000000001,3.0,0.0,4.5,0.0,528.0,0.0,0.0,30.299999999999997,16.0,14.299999999999999,0.0,30.9,16.1,0,0.8660254037844386,0.5000000000000001,0.6220467484408675,0.7829801036770628,0,0,0,0
2017-02-09,2017,2,32.0,15.8,16.2,3.0,0.0,5.8,0.0,510.0,0.0,0.0,31.266666666666666,16.233333333333334,15.033333333333333,0.0,32.2,16.6,0,0.8660254037844386,0.5000000000000001,0.6354323008901774,0.7721565844991642,0,0,0,0
2017-02-10,2017,2,32.1,15.5,16.6,3.0,0.0,5.1,0.0,558.0,0.0,0.0,31.7,16.166666666666668,15.533333333333331,0.0,32.0,15.8,0,0.8660254037844386,0.5000000000000001,0.6486295610349814,0.7611042586607747,0,0,0,0
2017-02-11,2017,2,32.6,16.1,16.5,4.0,0.0,5.7,0.0,522.0,0.0,0.0,32.099999999999994,15.966666666666669,16.133333333333333,0.0,32.1,15.5,0,0.8660254037844386,0.5000000000000001,0.6616346182422783,0.7498264012045686,0,0,0,0
2017-02-12,2017,2,31.0,15.2,15.8,4.0,0.0,4.6,0.0,558.0,0.0,0.0,32.233333333333334,15.800000000000002,16.433333333333334,0.0,32.6,16.1,0,0.8660254037844386,0.5000000000000001,0.6744436188329455,0.7383263540031065,0,0,0,0
2017-02-13,2017,2,29.6,15.8,13.8,4.0,0.0,5.5,0.0,480.0,0.0,0.0,31.899999999999995,15.6,16.3,0.0,31.0,15.2,0,0.8660254037844386,0.5000000000000001,0.6870527672236669,0.7266075247685656,0,0,0,0
2017-02-14,2017,2,28.8,17.4,11.400000000000002,4.0,0.0,5.7,0.0,558.0,0.0,0.0,31.066666666666663,15.700000000000001,15.366666666666667,0.0,29.6,15.8,0,0.8660254037844386,0.5000000000000001,0.6994583270516471,0.7146733860429609,0,0,0,0
2017-02-15,2017,2,28.6,17.3,11.3,4.0,0.0,5.0,0.0,354.0,0.0,0.0,29.799999999999997,16.133333333333333,13.666666666666666,0.0,28.8,17.4,0,0.8660254037844386,0.5000000000000001,0.7116566222817746,0.7025274741691571,0,0,0,0
2017-02-16,2017,2,29.8,16.1,13.7,4.0,0.0,5.0,0.0,552.0,0.0,0.0,29.0,16.833333333333332,12.166666666666666,0.0,28.6,17.3,0,0.8660254037844386,0.5000000000000001,0.7236440382959124,0.6901733882429719,0,0,0,0
2017-02-17,2017,2,29.5,15.9,13.6,5.0,0.0,5.5,0.0,516.0,0.0,0.0,29.066666666666663,16.933333333333334,12.133333333333335,0.0,29.8,16.1,0,0.8660254037844386,0.5000000000000001,0.7354170229639855,0.6776147890466889,0,0,0,0
2017-02-18,2017,2,29.3,16.4,12.900000000000002,4.0,0.0,5.5,0.0,522.0,0.0,0.0,29.3,16.433333333333334,12.866666666666667,0.0,29.5,15.9,0,0.8660254037844386,0.5000000000000001,0.7469720876965552,0.6648553979642865,0,0,0,0
2017-02-19,2017,2,31.2,16.8,14.399999999999999,3.0,0.0,5.7,0.0,540.0,0.0,0.0,29.53333333333333,16.133333333333333,13.4,0.0,29.3,16.4,0,0.8660254037844386,0.5000000000000001,0.7583058084785624,0.6518989958787126,0,0,0,0
2017-02-20,2017,2,31.8,17.7,14.100000000000001,2.0,0.0,5.2,0.0,318.0,0.0,0.0,30.0,16.366666666666664,13.633333333333333,0.0,31.2,16.8,0,0.8660254037844386,0.5000000000000001,0.7694148268839378,0.6387494220515272,0,0,0,0
2017-02-21,2017,2,33.4,19.3,14.099999999999998,3.0,0.0,5.4,0.0,210.0,0.0,0.0,30.766666666666666,16.966666666666665,13.799999999999999,0.0,31.8,17.7,0,0.8660254037844386,0.5000000000000001,0.7802958510707755,0.6254105729852463,0,0,0,0
2017-02-22,2017,2,34.5,19.2,15.3,2.0,0.0,6.0,0.0,510.0,0.0,0.0,32.13333333333333,17.933333333333334,14.200000000000001,0.0,33.4,19.3,0,0.8660254037844386,0.5000000000000001,0.7909456567567772,0.6118864012687243,0,0,0,0
2017-02-23,2017,2,35.2,19.2,16.000000000000004,2.0,0.0,5.9,0.0,504.0,0.0,0.0,33.23333333333333,18.733333333333334,14.5,0.0,34.5,19.2,0,0.8660254037844386,0.5000000000000001,0.8013610881746766,0.5981809144059164,0,0,0,0
2017-02-24,2017,2,35.0,19.7,15.3,3.0,0.0,6.0,0.0,546.0,0.0,0.0,34.36666666666667,19.233333333333334,15.133333333333335,0.0,35.2,19.2,0,0.8660254037844386,0.5000000000000001,0.811539059007361,0.5842981736283684,0,0,0,0
2017-02-25,2017,2,35.5,14.9,20.6,3.0,0.0,5.0,0.0,534.0,0.0,0.0,34.9,19.366666666666667,15.533333333333337,0.0,35.0,19.7,0,0.8660254037844386,0.5000000000000001,0.8214765533024142,0.5702422926917871,0,0,0,0
2017-02-26,2017,2,34.9,20.0,14.899999999999999,3.0,0.0,5.8,0.0,570.0,0.0,0.0,35.23333333333333,17.933333333333334,17.3,0.0,35.5,14.9,0,0.8660254037844386,0.5000000000000001,0.8311706263658079,0.5560174366570446,0,0,0,0
2017-02-27,2017,2,33.3,19.1,14.199999999999996,4.0,0.0,5.5,0.0,498.0,0.0,0.0,35.133333333333326,18.2,16.933333333333334,0.0,34.9,20.0,0,0.8660254037844386,0.5000000000000001,0.8406184056344782,0.5416278206559814,0,0,0,0
2017-02-28,2017,2,31.0,17.4,13.600000000000001,4.0,0.0,5.5,0.0,174.0,0.0,0.0,34.56666666666666,18.0,16.566666666666666,0.0,33.3,19.1,0,0.8660254037844386,0.5000000000000001,0.8498170915275278,0.5270777086423722,0,0,0,0
2017-03-01,2017,3,32.5,16.9,15.600000000000001,4.0,0.0,6.0,0.0,522.0,0.0,0.0,33.06666666666666,18.833333333333332,14.233333333333333,0.0,31.0,17.4,0,1.0,6.123233995736766e-17,0.8587639582758029,0.5123714121284237,1,0,0,0
2017-03-02,2017,3,32.0,15.7,16.3,4.0,0.0,6.0,0.0,312.0,0.0,0.0,32.26666666666666,17.8,14.466666666666667,0.0,32.5,16.9,0,1.0,6.123233995736766e-17,0.8674563547295968,0.49751328890718066,1,0,0,0
2017-03-03,2017,3,31.6,18.2,13.400000000000002,3.0,0.0,6.0,0.0,264.0,0.0,0.0,31.83333333333333,16.666666666666668,15.166666666666666,0.0,32.0,15.7,0,1.0,6.123233995736766e-17,0.8758917051442429,0.48250774176121847,1,0,0,0
2017-03-04,2017,3,33.2,20.7,12.500000000000004,4.0,0.0,6.0,0.0,540.0,0.0,0.0,32.03333333333333,16.933333333333334,15.100000000000001,0.0,31.6,18.2,0,1.0,6.123233995736766e-17,0.8840675099433636,0.4673592171580022,1,0,0,0
2017-03-05,2017,3,32.8,21.5,11.299999999999997,3.0,0.0,6.0,0.0,390.0,0.0,0.0,32.26666666666666,18.2,14.066666666666668,0.0,33.2,20.7,0,1.0,6.123233995736766e-17,0.8919813464595485,0.45207220393230435,1,0,0,0
2017-03-06,2017,3,34.5,23.8,10.7,3.0,0.0,6.0,5.0,414.0,0.0,0.0,32.53333333333333,20.13333333333333,12.4,0.0,32.8,21.5,0,1.0,6.123233995736766e-17,0.8996308696522433,0.43665123195606403,1,0,0,1
2017-03-07,2017,3,33.1,21.5,11.600000000000001,3.0,8.4,6.0,115.0,162.0,0.0,0.0,33.5,22.0,11.5,0.0,34.5,23.8,1,1.0,6.123233995736766e-17,0.9070138128026359,0.4211008707960896,1,0,1,1
2017-03-08,2017,3,33.8,21.1,12.699999999999996,3.0,36.8,6.0,165.0,456.0,8.399999999999986,8.399999999999986,33.46666666666666,22.266666666666666,11.199999999999998,8.4,33.1,21.5,1,1.0,6.123233995736766e-17,0.9141279881853337,0.40542572835999735,1,0,1,0
2017-03-09,2017,3,31.6,21.2,10.400000000000002,2.0,0.0,6.0,0.0,252.0,45.19999999999998,45.19999999999998,33.8,22.133333333333336,11.666666666666666,36.8,33.8,21.1,0,1.0,6.123233995736766e-17,0.9209712877166346,0.38963044953078796,1,0,0,0
2017-03-10,2017,3,33.6,21.9,11.700000000000003,4.0,0.0,6.0,0.0,528.0,45.19999999999998,45.19999999999998,32.83333333333332,21.266666666666666,11.566666666666668,0.0,31.6,21.2,0,1.0,6.123233995736766e-17,0.9275416835791966,0.37371971479046906,1,0,0,0
2017-03-11,2017,3,33.5,21.0,12.5,4.0,0.0,6.0,10.0,450.0,36.79999999999998,45.19999999999998,32.99999999999999,21.400000000000002,11.6,0.0,33.6,21.9,0,1.0,6.123233995736766e-17,0.9338372288229252,0.35769823883312546,1,0,0,0
2017-03-12,2017,3,33.7,21.0,12.700000000000003,4.0,0.0,6.0,0.0,522.0,0.0,45.19999999999998,32.9,21.366666666666664,11.533333333333337,0.0,33.5,21.0,0,1.0,6.123233995736766e-17,0.9398560579418954,0.3415707691678556,1,0,0,0
2017-03-13,2017,3,34.3,22.2,12.099999999999998,3.0,0.0,6.0,0.0,510.0,0.0,45.19999999999998,33.6,21.299999999999997,12.300000000000002,0.0,33.7,21.0,0,1.0,6.123233995736766e-17,0.9455963874271426,0.3253420847119801,1,0,0,0
2017-03-14,2017,3,34.0,22.0,12.0,3.0,2.6,6.0,35.0,522.0,0.0,45.19999999999998,33.83333333333333,21.400000000000002,12.433333333333332,0.0,34.3,22.2,0,1.0,6.123233995736766e-17,0.9510565162951535,0.30901699437494745,1,0,1,0
2017-03-15,2017,3,30.4,20.8,9.599999999999998,4.0,0.0,6.0,10.0,360.0,2.599999999999986,39.399999999999984,33.99999999999999,21.733333333333334,12.266666666666666,2.6,34.0,22.0,0,1.0,6.123233995736766e-17,0.9562348265919056,0.29260033563334836,1,0,0,0
2017-03-16,2017,3,30.7,20.3,10.399999999999999,4.0,0.0,6.0,0.0,402.0,2.599999999999986,2.599999999999986,32.9,21.666666666666668,11.233333333333333,0.0,30.4,20.8,0,1.0,6.123233995736766e-17,0.9611297838723007,0.27609697309746883,1,0,0,0
2017-03-17,2017,3,32.1,21.0,11.100000000000001,2.0,0.0,6.0,0.0,324.0,2.599999999999986,2.599999999999986,31.699999999999992,21.033333333333335,10.666666666666666,0.0,30.7,20.3,0,1.0,6.123233995736766e-17,0.9657399376548549,0.2595117970697999,1,0,0,0
2017-03-18,2017,3,33.8,21.9,11.899999999999999,4.0,0.0,6.0,0.0,474.0,0.0,2.599999999999986,31.066666666666663,20.7,10.366666666666665,0.0,32.1,21.0,0,1.0,6.123233995736766e-17,0.9700639218515071,0.2428497220959356,1,0,0,0
2017-03-19,2017,3,35.0,22.4,12.600000000000001,4.0,0.0,6.0,0.0,522.0,0.0,2.599999999999986,32.199999999999996,21.066666666666666,11.133333333333333,0.0,33.8,21.9,0,1.0,6.123233995736766e-17,0.9741004551724205,0.22611568550828828,1,0,0,0
2017-03-20,2017,3,36.0,23.2,12.8,4.0,0.0,6.0,0.0,498.0,0.0,2.599999999999986,33.633333333333326,21.766666666666666,11.866666666666667,0.0,35.0,22.4,0,1.0,6.123233995736766e-17,0.9778483415056568,0.20931464596304847,1,0,0,0
2017-03-21,2017,3,34.8,22.4,12.399999999999999,4.0,0.0,6.0,0.0,408.0,0.0,2.599999999999986,34.93333333333333,22.5,12.433333333333332,0.0,36.0,23.2,0,1.0,6.123233995736766e-17,0.9813064702716093,0.19245158197082998,1,0,0,0
2017-03-22,2017,3,33.6,21.0,12.600000000000001,3.0,0.0,6.0,0.0,396.0,0.0,0.0,35.26666666666666,22.666666666666668,12.6,0.0,34.8,22.4,0,1.0,6.123233995736766e-17,0.9844738167520922,0.1755314904214282,1,0,0,0
2017-03-23,2017,3,34.0,20.6,13.399999999999999,3.0,0.0,6.0,0.0,456.0,0.0,0.0,34.8,22.2,12.6,0.0,33.6,21.0,0,1.0,6.123233995736766e-17,0.9873494423939864,0.15855938510313478,1,0,0,0
2017-03-24,2017,3,34.7,20.6,14.100000000000001,2.0,0.0,6.0,0.0,564.0,0.0,0.0,34.13333333333333,21.333333333333332,12.799999999999999,0.0,34.0,20.6,0,1.0,6.123233995736766e-17,0.989932495087353,0.141540295217043,1,0,0,0
2017-03-25,2017,3,35.6,20.6,15.0,3.0,0.0,6.0,0.0,576.0,0.0,0.0,34.1,20.733333333333334,13.366666666666667,0.0,34.7,20.6,0,1.0,6.123233995736766e-17,0.9922222094179323,0.12447926388678915,1,0,0,0
2017-03-26,2017,3,37.2,21.6,15.600000000000001,3.0,0.0,6.0,0.0,582.0,0.0,0.0,34.76666666666666,20.6,14.166666666666666,0.0,35.6,20.6,0,1.0,6.123233995736766e-17,0.994217906893952,0.10738134666416309,1,0,0,0
2017-03-27,2017,3,36.1,21.2,14.900000000000002,3.0,0.0,6.0,0.0,486.0,0.0,0.0,35.833333333333336,20.933333333333334,14.9,0.0,37.2,21.6,0,1.0,6.123233995736766e-17,0.995918996147179,0.09025161003104117,1,0,0,0
2017-03-28,2017,3,35.3,22.0,13.299999999999997,3.0,0.0,6.0,0.0,594.0,0.0,0.0,36.300000000000004,21.133333333333336,15.166666666666666,0.0,36.1,21.2,0,1.0,6.123233995736766e-17,0.9973249731081555,0.07309512989807777,1,0,0,0
2017-03-29,2017,3,36.0,22.4,13.600000000000001,3.0,0.0,6.0,0.0,510.0,0.0,0.0,36.199999999999996,21.599999999999998,14.6,0.0,35.3,22.0,0,1.0,6.123233995736766e-17,0.9984354211555643,0.055916990100603484,1,0,0,0
2017-03-30,2017,3,35.9,23.0,12.899999999999999,4.0,0.0,6.0,0.0,498.0,0.0,0.0,35.8,21.866666666666664,13.933333333333332,0.0,36.0,22.4,0,1.0,6.123233995736766e-17,0.9992500112396835,0.03872228089217446,1,0,0,0
2017-03-31,2017,3,35.4,22.1,13.299999999999997,3.0,0.0,6.0,0.0,546.0,0.0,0.0,35.73333333333333,22.46666666666667,13.266666666666666,0.0,35.9,23.0,0,1.0,6.123233995736766e-17,0.9997685019798909,0.021516097436222254,1,0,0,0
2017-04-01,2017,4,35.8,22.5,13.299999999999997,3.0,0.0,6.0,0.0,564.0,0.0,0.0,35.766666666666666,22.5,13.266666666666666,0.0,35.4,22.1,0,0.8660254037844387,-0.4999999999999998,0.9999907397361901,0.004303538296244289,1,0,0,0
2017-04-02,2017,4,36.3,21.9,14.399999999999999,4.0,0.0,6.0,0.0,546.0,0.0,0.0,35.699999999999996,22.53333333333333,13.166666666666664,0.0,35.8,22.5,0,0.8660254037844387,-0.4999999999999998,0.9999166586547379,-0.01291029607500882,1,0,0,0
2017-04-03,2017,4,35.6,23.5,12.100000000000001,4.0,0.0,6.0,0.0,480.0,0.0,0.0,35.83333333333333,22.166666666666668,13.666666666666664,0.0,36.3,21.9,0,0.8660254037844387,-0.4999999999999998,0.9995462806873573,-0.030120304846908114,1,0,0,0
2017-04-04,2017,4,35.5,24.0,11.5,3.0,0.0,6.0,0.0,450.0,0.0,0.0,35.9,22.633333333333336,13.266666666666666,0.0,35.6,23.5,0,0.8660254037844387,-0.4999999999999998,0.9988797155850336,-0.04732138832243185,1,0,0,0
2017-04-05,2017,4,36.1,22.8,13.3,4.0,0.0,6.0,10.0,438.0,0.0,0.0,35.79999999999999,23.133333333333336,12.666666666666666,0.0,35.5,24.0,0,0.8660254037844387,-0.4999999999999998,0.9979171608653922,-0.06450844944931623,1,0,0,1
2017-04-06,2017,4,35.5,22.4,13.100000000000001,4.0,3.6,6.0,60.0,438.0,0.0,0.0,35.733333333333334,23.433333333333334,12.300000000000002,0.0,36.1,22.8,1,0.8660254037844387,-0.4999999999999998,0.9966589017541702,-0.08167639533042241,1,0,1,1
2017-04-07,2017,4,35.5,22.5,13.0,4.0,0.6,6.0,40.0,480.0,3.599999999999986,3.599999999999986,35.699999999999996,23.066666666666666,12.633333333333335,3.6,35.5,22.4,1,0.8660254037844387,-0.4999999999999998,0.9951053111006976,-0.09882013873287143,1,0,1,0
2017-04-08,2017,4,35.5,24.5,11.0,2.0,0.0,6.0,0.0,444.0,4.199999999999986,4.199999999999986,35.699999999999996,22.566666666666666,13.133333333333335,0.6,35.5,22.5,0,0.8660254037844387,-0.4999999999999998,0.9932568492674143,-0.11593459959550041,1,0,0,0
2017-04-09,2017,4,36.5,24.4,12.100000000000001,4.0,0.0,6.0,0.0,516.0,4.199999999999986,4.199999999999986,35.5,23.133333333333336,12.366666666666667,0.0,35.5,24.5,0,0.8660254037844387,-0.4999999999999998,0.9911140639934547,-0.1330147065341959,1,0,0,0
2017-04-10,2017,4,36.0,23.4,12.600000000000001,4.0,0.0,6.0,0.0,510.0,0.5999999999999858,4.199999999999986,35.833333333333336,23.799999999999997,12.033333333333333,0.0,36.5,24.4,0,0.8660254037844387,-0.4999999999999998,0.9886775902323405,-0.1500553983446526,1,0,0,0
2017-04-11,2017,4,35.6,23.5,12.100000000000001,3.0,0.0,6.0,15.0,396.0,0.0,4.199999999999986,36.0,24.099999999999998,11.9,0.0,36.0,23.4,0,0.8660254037844387,-0.4999999999999998,0.9859481499638304,-0.16705162550211924,1,0,0,0
2017-04-12,2017,4,36.0,24.0,12.0,3.0,0.0,6.0,0.0,312.0,0.0,4.199999999999986,36.03333333333333,23.766666666666666,12.266666666666667,0.0,35.6,23.5,0,0.8660254037844387,-0.4999999999999998,0.9829265519799822,-0.18399835165768005,1,0,0,0
2017-04-13,2017,4,37.0,24.0,13.0,3.0,0.0,6.0,0.0,510.0,0.0,4.199999999999986,35.86666666666667,23.633333333333336,12.233333333333334,0.0,36.0,24.0,0,0.8660254037844387,-0.4999999999999998,0.9796136916454901,-0.20089055513063506,1,0,0,0
2017-04-14,2017,4,36.5,23.2,13.3,3.0,0.0,6.0,0.0,408.0,0.0,0.5999999999999858,36.199999999999996,23.833333333333332,12.366666666666667,0.0,37.0,24.0,0,0.8660254037844387,-0.4999999999999998,0.9760105506323683,-0.21772323039653177,1,0,0,0
2017-04-15,2017,4,35.6,22.6,13.0,4.0,0.0,6.0,0.0,366.0,0.0,0.0,36.5,23.73333333333333,12.766666666666666,0.0,36.5,23.2,0,0.8660254037844387,-0.4999999999999998,0.9721181966290613,-0.23449138957040985,1,0,0,0
2017-04-16,2017,4,36.8,23.2,13.599999999999998,4.0,0.0,6.0,0.0,432.0,0.0,0.0,36.36666666666667,23.266666666666666,13.1,0.0,35.6,22.6,0,0.8660254037844387,-0.4999999999999998,0.9679377830240642,-0.25119006388481935,1,0,0,1
2017-04-17,2017,4,36.2,22.2,14.000000000000004,5.0,3.5,6.0,15.0,438.0,0.0,0.0,36.3,23.0,13.299999999999999,0.0,36.8,23.2,1,0.8660254037844387,-0.4999999999999998,0.9634705485641488,-0.2678143051621742,1,0,1,1
2017-04-18,2017,4,35.0,20.6,14.399999999999999,5.0,12.6,6.0,40.0,330.0,3.499999999999986,3.499999999999986,36.199999999999996,22.666666666666668,13.533333333333333,3.5,36.2,22.2,1,0.8660254037844387,-0.4999999999999998,0.9587178169872964,-0.2843591872810034,1,0,1,0
2017-04-19,2017,4,35.6,23.4,12.200000000000003,5.0,0.0,6.0,5.0,444.0,16.099999999999987,16.099999999999987,36.0,22.0,14.0,12.6,35.0,20.6,0,0.8660254037844387,-0.4999999999999998,0.9536809966304457,-0.30081980763566735,1,0,0,0
2017-04-20,2017,4,35.7,23.9,11.800000000000004,5.0,0.3,6.0,5.0,414.0,16.099999999999987,16.099999999999987,35.599999999999994,22.066666666666663,13.533333333333337,0.0,35.6,23.4,0,0.8660254037844387,-0.4999999999999998,0.9483615800121715,-0.3171912885891061,1,0,1,1
2017-04-21,2017,4,35.2,21.7,13.500000000000004,5.0,1.0,6.0,48.0,360.0,12.899999999999986,16.399999999999984,35.43333333333334,22.633333333333336,12.800000000000002,0.3,35.7,23.9,1,0.8660254037844387,-0.4999999999999998,0.9427611433904207,-0.3334687789181868,1,0,1,0
2017-04-22,2017,4,33.6,22.8,10.8,5.0,0.0,6.0,0.0,378.0,1.2999999999999858,17.399999999999984,35.5,23.0,12.500000000000005,1.0,35.2,21.7,0,0.8660254037844387,-0.4999999999999998,0.9368813462954315,-0.3496474552512284,1,0,0,0
2017-04-23,2017,4,35.0,23.6,11.399999999999999,5.0,0.0,6.0,0.0,450.0,1.2999999999999858,17.399999999999984,34.833333333333336,22.8,12.033333333333337,0.0,33.6,22.8,0,0.8660254037844387,-0.4999999999999998,0.9307239310379795,-0.36572252349726897,1,0,0,0
2017-04-24,2017,4,36.4,22.9,13.5,4.0,0.0,6.0,0.0,414.0,0.9999999999999858,17.399999999999984,34.6,22.7,11.9,0.0,35.0,23.6,0,0.8660254037844387,-0.4999999999999998,0.9242907221930934,-0.3816892202666588,1,0,0,0
2017-04-25,2017,4,37.0,23.7,13.3,4.0,0.0,6.0,0.0,491.0,0.0,13.899999999999986,35.0,23.099999999999998,11.9,0.0,36.4,22.9,0,0.8660254037844387,-0.4999999999999998,0.9175836260593937,-0.39754281428255595,1,0,0,1
2017-04-26,2017,4,37.0,22.5,14.5,4.0,1.1,6.0,115.0,372.0,0.0,1.2999999999999858,36.13333333333333,23.400000000000002,12.733333333333334,0.0,37.0,23.7,1,0.8660254037844387,-0.4999999999999998,0.9106046300942163,-0.4132786077829042,1,0,1,1
2017-04-27,2017,4,35.6,24.0,11.600000000000001,3.0,0.0,6.0,0.0,420.0,1.0999999999999859,2.399999999999986,36.800000000000004,23.03333333333333,13.766666666666666,1.1,37.0,22.5,1,0.8660254037844387,-0.4999999999999998,0.9033558023246845,-0.4288919379124835,1,0,0,0
2017-04-28,2017,4,38.9,24.4,14.5,3.0,0.0,6.0,0.0,354.0,1.0999999999999859,2.0999999999999863,36.53333333333333,23.400000000000002,13.133333333333335,0.0,35.6,24.0,0,0.8660254037844387,-0.4999999999999998,0.895839290734909,-0.4443781781046132,1,0,0,1
2017-04-29,2017,4,35.3,22.5,12.799999999999997,4.0,1.2,6.0,70.0,456.0,1.0999999999999859,1.0999999999999859,37.166666666666664,23.63333333333333,13.533333333333333,0.0,38.9,24.4,1,0.8660254037844387,-0.4999999999999998,0.8880573226294932,-0.45973273945210397,1,0,1,1
2017-04-30,2017,4,35.6,20.1,15.5,3.0,6.0,6.0,270.0,474.0,1.1999999999999857,2.2999999999999856,36.599999999999994,23.63333333333333,12.966666666666667,1.2,35.3,22.5,1,0.8660254037844387,-0.4999999999999998,0.8800122039735357,-0.47495107206704995,1,0,1,0
2017-05-01,2017,5,35.6,20.5,15.100000000000001,3.0,1.3,5.5,70.0,534.0,7.199999999999986,8.299999999999986,36.6,22.333333333333332,14.266666666666666,6.0,35.6,20.1,0,0.49999999999999994,-0.8660254037844387,0.8717063187093219,-0.49002866642905923,1,0,1,1
2017-05-02,2017,5,35.1,22.3,12.8,4.0,0.0,5.5,10.0,360.0,8.499999999999986,9.599999999999985,35.5,21.033333333333335,14.466666666666667,1.3,35.6,20.5,1,0.49999999999999994,-0.8660254037844387,0.8631421280499114,-0.5049610547215204,1,0,0,0
2017-05-03,2017,5,34.2,23.3,10.900000000000002,3.0,0.0,5.5,0.0,450.0,7.299999999999986,9.599999999999985,35.43333333333333,20.96666666666667,14.466666666666669,0.0,35.1,22.3,0,0.49999999999999994,-0.8660254037844387,0.854322169749827,-0.5197438121555155,1,0,0,0
2017-05-04,2017,5,33.7,23.4,10.300000000000004,3.0,0.0,5.5,0.0,366.0,1.2999999999999858,8.499999999999986,34.96666666666666,22.03333333333333,12.933333333333335,0.0,34.2,23.3,0,0.49999999999999994,-0.8660254037844387,0.8452490573530633,-0.5343725582809786,1,0,0,0
2017-05-05,2017,5,35.9,24.4,11.5,3.0,0.0,5.5,0.0,510.0,0.0,8.499999999999986,34.333333333333336,23.0,11.333333333333336,0.0,33.7,23.4,0,0.49999999999999994,-0.8660254037844387,0.8359254794186372,-0.548842958284719,1,0,0,0
2017-05-06,2017,5,36.0,24.2,11.8,4.0,0.0,5.5,0.0,450.0,0.0,8.499999999999986,34.6,23.7,10.9,0.0,35.9,24.4,0,0.49999999999999994,-0.8660254037844387,0.8263541987239096,-0.5631507242749186,1,0,0,1
2017-05-07,2017,5,35.8,23.2,12.599999999999998,4.0,0.0,5.5,2.0,432.0,0.0,7.299999999999986,35.199999999999996,24.0,11.200000000000003,0.0,36.0,24.2,1,0.49999999999999994,-0.8660254037844387,0.8165380514459161,-0.5772916165517272,1,0,0,1
2017-05-08,2017,5,37.0,20.8,16.2,5.0,1.6,5.5,145.0,432.0,0.0,1.2999999999999858,35.9,23.933333333333334,11.966666666666667,0.0,35.8,23.2,1,0.49999999999999994,-0.8660254037844387,0.8064799463209448,-0.5912614448635781,1,0,1,1
2017-05-09,2017,5,33.2,23.1,10.100000000000001,4.0,0.0,5.5,0.0,198.0,1.5999999999999859,1.5999999999999859,36.26666666666666,22.733333333333334,13.533333333333331,1.6,37.0,20.8,1,0.49999999999999994,-0.8660254037844387,0.7961828637826158,-0.6050560696488488,1,0,0,0
2017-05-10,2017,5,33.2,21.5,11.700000000000003,4.0,0.0,5.5,10.0,240.0,1.5999999999999859,1.5999999999999859,35.333333333333336,22.366666666666664,12.966666666666667,0.0,33.2,23.1,0,0.49999999999999994,-0.8660254037844387,0.7856498550787147,-0.6186714032625031,1,0,0,1
2017-05-11,2017,5,34.4,22.0,12.399999999999999,4.0,0.0,5.5,5.0,426.0,1.5999999999999859,1.5999999999999859,34.46666666666667,21.8,12.666666666666666,0.0,33.2,21.5,1,0.49999999999999994,-0.8660254037844387,0.7748840413670407,-0.6321034111873487,1,0,0,1
2017-05-12,2017,5,32.5,23.0,9.5,4.0,0.0,5.5,0.0,258.0,0.0,1.5999999999999859,33.6,22.2,11.4,0.0,34.4,22.0,1,0.49999999999999994,-0.8660254037844387,0.7638886127905428,-0.6453481132295501,1,0,0,0
2017-05-13,2017,5,33.0,23.8,9.2,3.0,0.0,5.5,0.0,228.0,0.0,1.5999999999999859,33.36666666666667,22.166666666666668,11.200000000000001,0.0,32.5,23.0,0,0.49999999999999994,-0.8660254037844387,0.7526668275320084,-0.6584015846980488,1,0,0,0
2017-05-14,2017,5,33.8,23.8,9.999999999999996,4.0,0.0,5.5,0.0,138.0,0.0,1.5999999999999859,33.3,22.933333333333334,10.366666666666665,0.0,33.0,23.8,0,0.49999999999999994,-0.8660254037844387,0.741222010848596,-0.6712599575675313,1,0,0,1
2017-05-15,2017,5,35.0,21.8,13.2,5.0,2.6,5.5,20.0,420.0,0.0,1.5999999999999859,33.1,23.53333333333333,9.566666666666665,0.0,33.8,23.8,1,0.49999999999999994,-0.8660254037844387,0.7295575540864875,-0.6839194216246106,1,0,1,1
2017-05-16,2017,5,33.5,23.5,10.0,5.0,0.0,5.5,0.0,570.0,2.599999999999986,2.599999999999986,33.93333333333333,23.133333333333336,10.799999999999997,2.6,35.0,21.8,1,0.49999999999999994,-0.8660254037844387,0.717676913675962,-0.6963762255968722,1,0,0,1
2017-05-17,2017,5,36.4,22.6,13.799999999999997,6.0,0.0,5.5,0.0,426.0,2.599999999999986,2.599999999999986,34.099999999999994,23.033333333333335,11.066666666666665,0.0,33.5,23.5,1,0.49999999999999994,-0.8660254037844387,0.705583610107178,-0.7086266782644596,1,0,0,1
2017-05-18,2017,5,34.5,21.5,13.0,5.0,9.8,5.5,2.0,342.0,2.599999999999986,2.599999999999986,34.96666666666667,22.633333333333336,12.333333333333334,0.0,36.4,22.6,1,0.49999999999999994,-0.8660254037844387,0.6932812268869777,-0.7206671495538609,1,0,1,1
2017-05-19,2017,5,35.5,19.4,16.1,6.0,20.0,5.5,365.0,456.0,9.799999999999986,12.399999999999986,34.800000000000004,22.533333333333335,12.266666666666666,9.8,34.5,21.5,1,0.49999999999999994,-0.8660254037844387,0.6807734094770161,-0.7324940716135789,1,0,1,1
2017-05-20,2017,5,32.7,21.8,10.900000000000002,5.0,0.0,5.5,10.0,252.0,29.799999999999986,32.399999999999984,35.46666666666667,21.166666666666668,14.299999999999999,20.0,35.5,19.4,1,0.49999999999999994,-0.8660254037844387,0.6680638642135335,-0.7441039398713607,1,0,0,1
2017-05-21,2017,5,35.1,19.9,15.200000000000003,5.0,40.8,5.5,305.0,330.0,29.799999999999986,32.399999999999984,34.23333333333333,20.9,13.333333333333334,0.0,32.7,21.8,1,0.49999999999999994,-0.8660254037844387,0.6551563572090853,-0.7554933140726803,1,0,1,1
2017-05-22,2017,5,32.0,22.3,9.7,4.0,0.0,6.0,0.0,90.0,60.79999999999998,73.19999999999999,34.43333333333333,20.366666666666667,14.066666666666668,40.8,35.1,19.9,1,0.49999999999999994,-0.8660254037844387,0.6420547132365637,-0.766658819300159,1,0,0,1
2017-05-23,2017,5,32.0,19.4,12.600000000000001,5.0,28.8,5.1,270.0,186.0,40.79999999999998,70.6,33.266666666666666,21.333333333333332,11.933333333333335,0.0,32.0,22.3,1,0.49999999999999994,-0.8660254037844387,0.6287628145958344,-0.777597146973627,1,0,1,1
2017-05-24,2017,5,33.5,20.5,13.0,4.0,13.0,5.0,35.0,426.0,69.59999999999998,99.39999999999999,33.03333333333333,20.53333333333333,12.5,28.8,32.0,19.4,1,0.49999999999999994,-0.8660254037844387,0.6152845999633276,-0.7883050558305255,1,0,1,1
2017-05-25,2017,5,34.0,21.9,12.100000000000001,6.0,0.1,5.0,30.0,498.0,41.79999999999998,112.39999999999999,32.5,20.733333333333334,11.766666666666666,13.0,33.5,20.5,1,0.49999999999999994,-0.8660254037844387,0.6016240632249226,-0.7987793728863649,1,0,1,0
2017-05-26,2017,5,33.3,23.7,9.599999999999998,7.0,0.0,7.0,0.0,264.0,41.899999999999984,102.69999999999997,33.166666666666664,20.599999999999998,12.566666666666668,0.1,34.0,21.9,0,0.49999999999999994,-0.8660254037844387,0.5877852522924732,-0.8090169943749473,1,0,0,1
2017-05-27,2017,5,33.1,20.0,13.100000000000001,6.0,83.4,3.7,415.0,456.0,13.099999999999985,82.69999999999999,33.599999999999994,22.03333333333333,11.566666666666668,0.0,33.3,23.7,1,0.49999999999999994,-0.8660254037844387,0.5737722679043246,-0.8190148866680801,1,0,1,1
2017-05-28,2017,5,30.0,20.0,10.0,5.0,39.9,3.2,2.0,114.0,83.49999999999999,166.1,33.46666666666666,21.866666666666664,11.6,83.4,33.1,20.0,1,0.49999999999999994,-0.8660254037844387,0.5595892624101765,-0.8287700871745038,1,0,1,0
2017-05-29,2017,5,29.7,21.3,8.399999999999999,7.0,0.0,5.2,0.0,294.0,123.29999999999998,165.2,32.13333333333333,21.233333333333334,10.9,39.9,30.0,20.0,0,0.49999999999999994,-0.8660254037844387,0.545240438540651,-0.8382797052177744,1,0,0,0
2017-05-30,2017,5,30.4,21.4,9.0,7.0,0.0,5.0,0.0,426.0,123.29999999999998,165.2,30.933333333333334,20.433333333333334,10.5,0.0,29.7,21.3,0,0.49999999999999994,-0.8660254037844387,0.5307300481619334,-0.8475409228928311,1,0,0,0
2017-05-31,2017,5,31.2,20.8,10.399999999999999,7.0,0.6,5.0,18.0,522.0,39.899999999999984,136.4,30.03333333333333,20.900000000000002,9.133333333333333,0.0,30.4,21.4,0,0.49999999999999994,-0.8660254037844387,0.5160623910158528,-0.8565509959010036,1,0,1,0
2017-06-01,2017,6,29.7,20.8,8.899999999999999,7.0,0.0,6.0,0.0,588.0,0.5999999999999858,123.99999999999999,30.433333333333326,21.166666666666668,9.266666666666666,0.6,31.2,20.8,0,1.2246467991473532e-16,-1.0,0.5012418134457758,-0.865307254363206,2,0,0,0
2017-06-02,2017,6,32.1,21.8,10.3,6.0,0.0,4.0,0.0,594.0,0.5999999999999858,123.89999999999999,30.433333333333326,21.0,9.433333333333332,0.0,29.7,20.8,0,1.2246467991473532e-16,-1.0,0.48627270710869,-0.8738071036110808,2,0,0,0
2017-06-03,2017,6,32.4,22.2,10.2,8.0,0.0,6.5,0.0,594.0,0.5999999999999858,123.89999999999999,31.0,21.133333333333333,9.866666666666665,0.0,32.1,21.8,0,1.2246467991473532e-16,-1.0,0.4711595076738638,-0.8820480249558537,2,0,0,0
2017-06-04,2017,6,32.2,20.7,11.500000000000004,8.0,0.0,6.0,0.0,438.0,0.0,40.499999999999986,31.399999999999995,21.599999999999998,9.799999999999999,0.0,32.4,22.2,0,1.2246467991473532e-16,-1.0,0.4559066935084588,-0.8900275764346767,2,0,0,0
2017-06-05,2017,6,32.0,21.7,10.3,6.0,0.0,5.0,0.0,570.0,0.0,0.5999999999999858,32.23333333333333,21.566666666666666,10.666666666666666,0.0,32.2,20.7,0,1.2246467991473532e-16,-1.0,0.440518784350495,-0.8977433935342337,2,0,0,1
2017-06-06,2017,6,32.0,21.8,10.2,6.0,0.0,4.5,10.0,528.0,0.0,0.5999999999999858,32.199999999999996,21.53333333333333,10.666666666666666,0.0,32.0,21.7,1,1.2246467991473532e-16,-1.0,0.42500033996955416,-0.9051931898913974,2,0,0,0
2017-06-07,2017,6,31.2,22.4,8.8,7.0,0.0,6.0,12.0,162.0,0.0,0.5999999999999858,32.06666666666666,21.399999999999995,10.666666666666666,0.0,32.0,21.8,0,1.2246467991473532e-16,-1.0,0.4093559588156213,-0.9123747579707273,2,0,0,0
2017-06-08,2017,6,28.4,21.5,6.899999999999999,7.0,0.7,3.1,70.0,0.0,0.0,0.0,31.733333333333334,21.96666666666667,9.766666666666667,0.0,31.2,22.4,0,1.2246467991473532e-16,-1.0,0.39359027665646673,-0.9192859697186104,2,0,1,0
2017-06-09,2017,6,29.6,21.1,8.5,6.0,0.0,3.6,0.0,114.0,0.6999999999999857,0.6999999999999857,30.53333333333333,21.899999999999995,8.633333333333333,0.7,28.4,21.5,0,1.2246467991473532e-16,-1.0,0.3777079652039649,-0.9259247771938498,2,0,0,1
2017-06-10,2017,6,28.1,20.7,7.400000000000002,7.0,8.7,3.5,70.0,180.0,0.6999999999999857,0.6999999999999857,29.733333333333334,21.666666666666668,8.066666666666666,0.0,29.6,21.1,1,1.2246467991473532e-16,-1.0,0.36171373072976765,-0.9322892131745133,2,0,1,0
2017-06-11,2017,6,27.9,20.8,7.099999999999998,8.0,0.0,5.0,5.0,48.0,9.399999999999984,9.399999999999984,28.7,21.099999999999998,7.6000000000000005,8.7,28.1,20.7,0,1.2246467991473532e-16,-1.0,0.3456123126707335,-0.9383773917408641,2,0,0,0
2017-06-12,2017,6,28.3,20.2,8.100000000000001,10.0,1.8,3.0,315.0,90.0,8.699999999999985,9.399999999999984,28.533333333333335,20.866666666666667,7.666666666666667,0.0,27.9,20.8,0,1.2246467991473532e-16,-1.0,0.3294084822245304,-0.9441875088341993,2,0,1,0
2017-06-13,2017,6,25.2,20.4,4.800000000000001,8.0,1.1,3.5,60.0,0.0,10.499999999999986,11.199999999999985,28.099999999999998,20.566666666666666,7.533333333333334,1.8,28.3,20.2,0,1.2246467991473532e-16,-1.0,0.3131070409358269,-0.9497178427914316,2,0,1,0
2017-06-14,2017,6,28.9,22.0,6.899999999999999,7.0,1.1,2.9,10.0,120.0,2.899999999999986,12.299999999999985,27.133333333333336,20.466666666666665,6.666666666666667,1.1,25.2,20.4,0,1.2246467991473532e-16,-1.0,0.29671281927349075,-0.9549667548552551,2,0,1,0
2017-06-15,2017,6,31.2,21.5,9.7,7.0,0.0,4.5,0.0,504.0,3.999999999999986,13.399999999999984,27.466666666666665,20.866666666666664,6.6000000000000005,1.1,28.9,22.0,0,1.2246467991473532e-16,-1.0,0.2802306751992159,-0.9599326896597447,2,0,0,0
2017-06-16,2017,6,29.5,21.3,8.2,7.0,0.0,4.0,0.0,132.0,2.199999999999986,12.699999999999985,28.433333333333334,21.299999999999997,7.133333333333333,0.0,31.2,21.5,0,1.2246467991473532e-16,-1.0,0.26366549272800704,-0.9646141756912435,2,0,0,1
2017-06-17,2017,6,28.4,20.8,7.599999999999998,5.0,7.8,2.9,115.0,54.0,1.0999999999999859,12.699999999999985,29.866666666666664,21.600000000000005,8.266666666666666,0.0,29.5,21.3,1,1.2246467991473532e-16,-1.0,0.24702218048093552,-0.9690098257244062,2,0,1,0
2017-06-18,2017,6,26.2,20.2,6.0,6.0,0.0,4.0,0.0,0.0,7.799999999999986,11.799999999999986,29.7,21.200000000000003,8.499999999999998,7.8,28.4,20.8,0,1.2246467991473532e-16,-1.0,0.23030567023061221,-0.9731183372332619,2,0,0,0
2017-06-19,2017,6,29.0,20.0,9.0,5.0,3.6,5.5,48.0,222.0,7.799999999999986,11.799999999999986,28.03333333333333,20.76666666666667,7.266666666666666,0.0,26.2,20.2,0,1.2246467991473532e-16,-1.0,0.21352091543979612,-0.9769384927771817,2,0,1,0
2017-06-20,2017,6,28.0,21.0,7.0,5.0,0.1,5.0,35.0,0.0,11.399999999999986,13.599999999999985,27.866666666666664,20.333333333333332,7.533333333333332,3.6,29.0,20.0,0,1.2246467991473532e-16,-1.0,0.19667288979357647,-0.980469160361632,2,0,1,0
2017-06-21,2017,6,28.8,20.8,8.0,6.0,0.2,4.0,10.0,90.0,3.699999999999986,12.599999999999985,27.733333333333334,20.400000000000002,7.333333333333333,0.1,28.0,21.0,0,1.2246467991473532e-16,-1.0,0.1797665857255624,-0.9837092937736097,2,0,1,0
2017-06-22,2017,6,29.5,20.5,9.0,7.0,0.0,5.8,5.0,402.0,3.8999999999999857,11.699999999999985,28.599999999999998,20.599999999999998,8.0,0.2,28.8,20.8,0,1.2246467991473532e-16,-1.0,0.16280701293851715,-0.986657932891657,2,0,0,0
2017-06-23,2017,6,29.8,20.0,9.8,7.0,0.0,7.0,0.0,312.0,0.29999999999998583,11.699999999999985,28.766666666666666,20.766666666666666,8.0,0.0,29.5,20.5,0,1.2246467991473532e-16,-1.0,0.1457991969198751,-0.9893142039703663,2,0,0,0
2017-06-24,2017,6,30.5,21.0,9.5,8.0,0.0,5.0,5.0,408.0,0.1999999999999858,11.699999999999985,29.366666666666664,20.433333333333334,8.933333333333334,0.0,29.8,20.0,0,1.2246467991473532e-16,-1.0,0.12874817745258132,-0.99167731989929,2,0,0,0
2017-06-25,2017,6,29.4,20.6,8.799999999999997,9.0,0.0,5.0,0.0,252.0,0.0,3.8999999999999857,29.933333333333334,20.5,9.433333333333334,0.0,30.5,21.0,0,1.2246467991473532e-16,-1.0,0.11165900712169512,-0.993746580436178,2,0,0,0
2017-06-26,2017,6,29.0,20.4,8.600000000000001,10.0,0.0,5.0,15.0,132.0,0.0,3.8999999999999857,29.900000000000002,20.533333333333335,9.366666666666665,0.0,29.4,20.6,0,1.2246467991473532e-16,-1.0,0.09453674981719912,-0.9955213724144752,2,0,0,0
2017-06-27,2017,6,27.9,20.4,7.5,9.0,0.0,6.0,10.0,54.0,0.0,0.29999999999998583,29.633333333333336,20.666666666666668,8.966666666666667,0.0,29.0,20.4,0,1.2246467991473532e-16,-1.0,0.07738647923346301,-0.9970011699250151,2,0,0,0
2017-06-28,2017,6,29.8,20.3,9.5,9.0,0.0,4.0,5.0,222.0,0.0,0.1999999999999858,28.766666666666666,20.46666666666667,8.299999999999999,0.0,27.9,20.4,0,1.2246467991473532e-16,-1.0,0.06021327736579302,-0.9981855344718586,2,0,0,0
2017-06-29,2017,6,29.1,20.4,8.700000000000003,8.0,0.0,4.0,10.0,138.0,0.0,0.0,28.899999999999995,20.366666666666664,8.533333333333333,0.0,29.8,20.3,0,1.2246467991473532e-16,-1.0,0.04302223300453059,-0.99907411510223,2,0,0,0
2017-06-30,2017,6,29.0,20.8,8.2,8.0,0.0,5.0,0.0,102.0,0.0,0.0,28.933333333333334,20.366666666666667,8.566666666666668,0.0,29.1,20.4,0,1.2246467991473532e-16,-1.0,0.02581844022713308,-0.9996666485105112,2,0,0,0
2017-07-01,2017,7,28.7,19.3,9.399999999999999,7.0,0.0,6.0,5.0,108.0,0.0,0.0,29.3,20.5,8.8,0.0,29.0,20.8,0,-0.4999999999999997,-0.8660254037844388,0.008606996888688698,-0.9999629591162655,2,0,0,0
2017-07-02,2017,7,29.5,20.5,9.0,8.0,0.0,5.0,5.0,138.0,0.0,0.0,28.933333333333334,20.166666666666668,8.766666666666667,0.0,28.7,19.3,0,-0.4999999999999997,-0.8660254037844388,-0.008606996888688009,-0.9999629591162655,2,0,0,0
2017-07-03,2017,7,29.9,20.9,9.0,7.0,0.0,5.0,0.0,204.0,0.0,0.0,29.066666666666666,20.2,8.866666666666665,0.0,29.5,20.5,0,-0.4999999999999997,-0.8660254037844388,-0.02581844022713239,-0.9996666485105112,2,0,0,0
2017-07-04,2017,7,28.7,20.4,8.3,7.0,7.6,4.6,75.0,114.0,0.0,0.0,29.366666666666664,20.23333333333333,9.133333333333333,0.0,29.9,20.9,0,-0.4999999999999997,-0.8660254037844388,-0.04302223300453034,-0.99907411510223,2,0,1,0
2017-07-05,2017,7,27.6,20.0,7.600000000000001,6.0,0.8,4.0,10.0,24.0,7.599999999999985,7.599999999999985,29.366666666666664,20.599999999999998,8.766666666666667,7.6,28.7,20.4,0,-0.4999999999999997,-0.8660254037844388,-0.060213277365792774,-0.9981855344718586,2,0,1,1
2017-07-06,2017,7,29.2,20.2,9.0,6.0,6.0,3.5,25.0,216.0,8.399999999999986,8.399999999999986,28.73333333333333,20.433333333333334,8.3,0.8,27.6,20.0,1,-0.4999999999999997,-0.8660254037844388,-0.07738647923346322,-0.9970011699250151,2,0,1,0
2017-07-07,2017,7,29.3,20.5,8.8,5.0,6.2,5.0,45.0,288.0,14.399999999999984,14.399999999999984,28.5,20.2,8.3,6.0,29.2,20.2,0,-0.4999999999999997,-0.8660254037844388,-0.09453674981719933,-0.9955213724144752,2,0,1,0
2017-07-08,2017,7,27.4,20.4,7.0,5.0,2.6,4.0,15.0,78.0,12.999999999999986,20.599999999999987,28.7,20.233333333333334,8.466666666666667,6.2,29.3,20.5,0,-0.4999999999999997,-0.8660254037844388,-0.11165900712169444,-0.9937465804361781,2,0,1,0
2017-07-09,2017,7,26.1,20.2,5.900000000000002,5.0,0.0,6.0,0.0,0.0,14.799999999999985,23.199999999999985,28.633333333333336,20.366666666666664,8.266666666666667,2.6,27.4,20.4,0,-0.4999999999999997,-0.8660254037844388,-0.12874817745258066,-0.99167731989929,2,0,0,0
2017-07-10,2017,7,30.3,20.5,9.8,6.0,0.0,5.0,0.0,276.0,8.799999999999986,23.199999999999985,27.599999999999998,20.366666666666664,7.233333333333334,0.0,26.1,20.2,0,-0.4999999999999997,-0.8660254037844388,-0.14579919691987442,-0.9893142039703664,2,0,0,0
2017-07-11,2017,7,30.0,20.8,9.2,6.0,0.0,4.5,0.0,384.0,2.599999999999986,23.199999999999985,27.933333333333334,20.366666666666664,7.566666666666667,0.0,30.3,20.5,0,-0.4999999999999997,-0.8660254037844388,-0.16280701293851646,-0.9866579328916572,2,0,0,0
2017-07-12,2017,7,29.5,21.0,8.5,7.0,0.0,5.0,5.0,78.0,0.0,15.599999999999985,28.8,20.5,8.3,0.0,30.0,20.8,0,-0.4999999999999997,-0.8660254037844388,-0.17976658572556214,-0.9837092937736098,2,0,0,1
2017-07-13,2017,7,28.5,20.0,8.5,6.0,1.6,6.0,5.0,18.0,0.0,14.799999999999985,29.933333333333334,20.766666666666666,9.166666666666666,0.0,29.5,21.0,1,-0.4999999999999997,-0.8660254037844388,-0.19667288979357622,-0.9804691603616321,2,0,1,0
2017-07-14,2017,7,26.9,20.0,6.899999999999999,8.0,0.0,3.5,0.0,36.0,1.5999999999999859,10.399999999999988,29.333333333333332,20.599999999999998,8.733333333333333,1.6,28.5,20.0,0,-0.4999999999999997,-0.8660254037844388,-0.2135209154397959,-0.9769384927771817,2,0,0,0
2017-07-15,2017,7,27.2,20.2,7.0,7.0,0.0,3.8,5.0,108.0,1.5999999999999859,4.199999999999986,28.3,20.333333333333332,7.966666666666666,0.0,26.9,20.0,0,-0.4999999999999997,-0.8660254037844388,-0.23030567023061196,-0.973118337233262,2,0,0,0
2017-07-16,2017,7,24.7,19.7,5.0,7.0,0.0,4.8,5.0,0.0,1.5999999999999859,1.5999999999999859,27.53333333333333,20.066666666666666,7.466666666666666,0.0,27.2,20.2,0,-0.4999999999999997,-0.8660254037844388,-0.24702218048093527,-0.9690098257244063,2,0,0,0
2017-07-17,2017,7,28.8,20.0,8.8,8.0,0.0,6.0,5.0,198.0,0.0,1.5999999999999859,26.266666666666666,19.96666666666667,6.3,0.0,24.7,19.7,0,-0.4999999999999997,-0.8660254037844388,-0.2636654927280072,-0.9646141756912435,2,0,0,0
2017-07-18,2017,7,28.3,20.7,7.600000000000001,9.0,0.0,4.5,5.0,42.0,0.0,1.5999999999999859,26.899999999999995,19.96666666666667,6.933333333333334,0.0,28.8,20.0,0,-0.4999999999999997,-0.8660254037844388,-0.2802306751992161,-0.9599326896597445,2,0,0,0
2017-07-19,2017,7,26.6,20.6,6.0,9.0,0.0,3.4,5.0,42.0,0.0,1.5999999999999859,27.266666666666666,20.133333333333333,7.133333333333334,0.0,28.3,20.7,0,-0.4999999999999997,-0.8660254037844388,-0.2967128192734901,-0.9549667548552553,2,0,0,0
2017-07-20,2017,7,26.6,20.6,6.0,9.0,9.4,2.4,75.0,102.0,0.0,1.5999999999999859,27.900000000000002,20.433333333333334,7.466666666666668,0.0,26.6,20.6,0,-0.4999999999999997,-0.8660254037844388,-0.3131070409358267,-0.9497178427914317,2,0,1,0
2017-07-21,2017,7,28.7,19.7,9.0,9.0,0.8,7.8,15.0,288.0,9.399999999999986,9.399999999999986,27.166666666666668,20.633333333333333,6.533333333333334,9.4,26.6,20.6,0,-0.4999999999999997,-0.8660254037844388,-0.3294084822245302,-0.9441875088341994,2,0,1,0
2017-07-22,2017,7,28.7,20.0,8.7,8.0,0.0,3.0,5.0,312.0,10.199999999999987,10.199999999999987,27.3,20.3,7.0,0.8,28.7,19.7,0,-0.4999999999999997,-0.8660254037844388,-0.3456123126707333,-0.9383773917408642,2,0,0,0
2017-07-23,2017,7,30.5,20.5,10.0,7.0,0.0,3.8,0.0,300.0,10.199999999999987,10.199999999999987,28.0,20.099999999999998,7.8999999999999995,0.0,28.7,20.0,0,-0.4999999999999997,-0.8660254037844388,-0.3617137307297674,-0.9322892131745134,2,0,0,0
2017-07-24,2017,7,30.3,20.2,10.100000000000001,8.0,0.0,3.8,0.0,336.0,0.7999999999999858,10.199999999999987,29.3,20.066666666666666,9.233333333333333,0.0,30.5,20.5,0,-0.4999999999999997,-0.8660254037844388,-0.37770796520396466,-0.9259247771938499,2,0,0,0
2017-07-25,2017,7,30.3,20.5,9.8,7.0,0.0,6.1,5.0,390.0,0.0,10.199999999999987,29.833333333333332,20.23333333333333,9.6,0.0,30.3,20.2,0,-0.4999999999999997,-0.8660254037844388,-0.39359027665646645,-0.9192859697186105,2,0,0,0
2017-07-26,2017,7,30.5,20.5,10.0,7.0,0.0,4.5,5.0,300.0,0.0,10.199999999999987,30.366666666666664,20.400000000000002,9.966666666666667,0.0,30.3,20.5,0,-0.4999999999999997,-0.8660254037844388,-0.4093559588156211,-0.9123747579707274,2,0,0,0
2017-07-27,2017,7,29.8,20.5,9.3,7.0,0.0,4.5,0.0,450.0,0.0,10.199999999999987,30.366666666666664,20.400000000000002,9.966666666666667,0.0,30.5,20.5,0,-0.4999999999999997,-0.8660254037844388,-0.42500033996955394,-0.9051931898913975,2,0,0,1
2017-07-28,2017,7,31.1,21.0,10.100000000000001,7.0,12.0,6.0,70.0,480.0,0.0,0.7999999999999858,30.2,20.5,9.700000000000001,0.0,29.8,20.5,1,-0.4999999999999997,-0.8660254037844388,-0.4405187843504952,-0.8977433935342336,2,0,1,0
2017-07-29,2017,7,31.3,20.6,10.7,6.0,10.7,6.7,105.0,491.0,11.999999999999986,11.999999999999986,30.46666666666667,20.666666666666668,9.8,12.0,31.1,21.0,0,-0.4999999999999997,-0.8660254037844388,-0.455906693508459,-0.8900275764346766,2,0,1,0
2017-07-30,2017,7,30.7,21.3,9.399999999999999,6.0,0.0,4.5,5.0,402.0,22.699999999999985,22.699999999999985,30.733333333333334,20.7,10.033333333333333,10.7,31.3,20.6,0,-0.4999999999999997,-0.8660254037844388,-0.47115950767386394,-0.8820480249558535,2,0,0,1
2017-07-31,2017,7,30.7,22.0,8.7,5.0,1.3,4.2,105.0,60.0,22.699999999999985,22.699999999999985,31.03333333333333,20.96666666666667,10.066666666666666,0.0,30.7,21.3,1,-0.4999999999999997,-0.8660254037844388,-0.4862727071086902,-0.8738071036110807,2,0,1,0
2017-08-01,2017,8,30.5,21.4,9.100000000000001,4.0,8.4,6.4,145.0,186.0,11.999999999999986,23.999999999999986,30.900000000000002,21.3,9.6,1.3,30.7,22.0,0,-0.8660254037844384,-0.5000000000000004,-0.5012418134457756,-0.8653072543632061,2,0,1,0
2017-08-02,2017,8,31.5,21.6,9.899999999999999,5.0,1.8,6.0,450.0,486.0,9.699999999999987,32.399999999999984,30.633333333333336,21.566666666666666,9.066666666666666,8.4,30.5,21.4,0,-0.8660254037844384,-0.5000000000000004,-0.5160623910158526,-0.8565509959010037,2,0,1,0
2017-08-03,2017,8,31.2,20.3,10.899999999999999,7.0,0.0,5.5,5.0,378.0,11.499999999999988,34.19999999999999,30.900000000000002,21.666666666666668,9.233333333333333,1.8,31.5,21.6,0,-0.8660254037844384,-0.5000000000000004,-0.5307300481619331,-0.8475409228928312,2,0,0,0
2017-08-04,2017,8,29.5,20.3,9.2,7.0,0.0,4.3,5.0,294.0,10.199999999999987,34.19999999999999,31.066666666666663,21.1,9.966666666666667,0.0,31.2,20.3,0,-0.8660254037844384,-0.5000000000000004,-0.5452404385406507,-0.8382797052177745,2,0,0,0
2017-08-05,2017,8,27.5,21.3,6.199999999999999,7.0,0.0,6.6,5.0,60.0,1.7999999999999858,22.199999999999985,30.73333333333333,20.733333333333334,9.999999999999998,0.0,29.5,20.3,0,-0.8660254037844384,-0.5000000000000004,-0.5595892624101763,-0.828770087174504,2,0,0,0
2017-08-06,2017,8,29.5,21.3,8.2,6.0,0.0,6.1,5.0,12.0,0.0,11.499999999999988,29.399999999999995,20.633333333333333,8.766666666666666,0.0,27.5,21.3,0,-0.8660254037844384,-0.5000000000000004,-0.5737722679043243,-0.8190148866680802,2,0,0,0
2017-08-07,2017,8,30.2,21.2,9.0,6.0,0.0,5.0,5.0,324.0,0.0,11.499999999999988,28.833333333333332,20.96666666666667,7.866666666666666,0.0,29.5,21.3,0,-0.8660254037844384,-0.5000000000000004,-0.5877852522924734,-0.8090169943749472,2,0,0,0
2017-08-08,2017,8,31.2,22.0,9.2,5.0,0.0,5.3,0.0,504.0,0.0,10.199999999999987,29.066666666666666,21.26666666666667,7.8,0.0,30.2,21.2,0,-0.8660254037844384,-0.5000000000000004,-0.6016240632249227,-0.7987793728863648,2,0,0,0
2017-08-09,2017,8,31.3,21.9,9.400000000000002,5.0,1.0,5.0,60.0,324.0,0.0,1.7999999999999858,30.3,21.5,8.799999999999999,0.0,31.2,22.0,0,-0.8660254037844384,-0.5000000000000004,-0.6152845999633277,-0.7883050558305253,2,0,1,0
2017-08-10,2017,8,27.4,20.7,6.699999999999999,4.0,12.0,4.5,615.0,0.0,0.9999999999999858,0.9999999999999858,30.900000000000002,21.7,9.200000000000001,1.0,31.3,21.9,0,-0.8660254037844384,-0.5000000000000004,-0.6287628145958345,-0.7775971469736268,2,0,1,0
2017-08-11,2017,8,28.0,21.6,6.399999999999999,3.0,4.0,4.8,57.0,102.0,12.999999999999986,12.999999999999986,29.966666666666665,21.53333333333333,8.433333333333334,12.0,27.4,20.7,0,-0.8660254037844384,-0.5000000000000004,-0.6420547132365636,-0.7666588193001592,2,0,1,1
2017-08-12,2017,8,28.2,20.5,7.699999999999999,4.0,16.5,3.5,415.0,126.0,16.999999999999986,16.999999999999986,28.900000000000002,21.400000000000002,7.5,4.0,28.0,21.6,1,-0.8660254037844384,-0.5000000000000004,-0.655156357209085,-0.7554933140726804,2,0,1,0
2017-08-13,2017,8,27.6,20.9,6.700000000000003,5.0,0.1,3.6,20.0,138.0,32.499999999999986,33.499999999999986,27.866666666666664,20.933333333333334,6.933333333333333,16.5,28.2,20.5,0,-0.8660254037844384,-0.5000000000000004,-0.6680638642135333,-0.7441039398713608,2,0,1,0
2017-08-14,2017,8,26.2,21.6,4.599999999999998,3.0,0.0,5.5,5.0,0.0,20.599999999999987,33.59999999999999,27.933333333333334,21.0,6.933333333333334,0.1,27.6,20.9,0,-0.8660254037844384,-0.5000000000000004,-0.680773409477016,-0.732494071613579,2,0,0,0
2017-08-15,2017,8,28.3,19.2,9.100000000000001,3.0,128.7,4.5,289.0,192.0,16.599999999999987,33.59999999999999,27.333333333333332,21.0,6.333333333333333,0.0,26.2,21.6,0,-0.8660254037844384,-0.5000000000000004,-0.6932812268869771,-0.7206671495538615,2,0,1,1
2017-08-16,2017,8,27.4,20.0,7.399999999999999,4.0,30.4,3.6,845.0,120.0,128.79999999999998,162.29999999999998,27.366666666666664,20.566666666666666,6.800000000000001,128.7,28.3,19.2,1,-0.8660254037844384,-0.5000000000000004,-0.7055836101071774,-0.70862667826446,2,0,1,1
2017-08-17,2017,8,28.5,20.5,8.0,5.0,26.4,4.3,330.0,336.0,159.1,191.7,27.3,20.266666666666666,7.033333333333332,30.4,27.4,20.0,1,-0.8660254037844384,-0.5000000000000004,-0.7176769136759615,-0.6963762255968726,2,0,1,0
2017-08-18,2017,8,27.2,20.4,6.800000000000001,5.0,7.8,4.0,250.0,54.0,185.5,206.09999999999997,28.066666666666663,19.900000000000002,8.166666666666666,26.4,28.5,20.5,0,-0.8660254037844384,-0.5000000000000004,-0.7295575540864876,-0.6839194216246105,2,0,1,0
2017-08-19,2017,8,28.9,20.3,8.599999999999998,6.0,5.4,4.5,105.0,258.0,64.6,209.89999999999998,27.7,20.3,7.3999999999999995,7.8,27.2,20.4,0,-0.8660254037844384,-0.5000000000000004,-0.7412220108485957,-0.6712599575675315,2,0,1,0
2017-08-20,2017,8,28.6,20.3,8.3,6.0,1.5,3.3,230.0,378.0,39.6,198.79999999999998,28.2,20.400000000000002,7.8,5.4,28.9,20.3,0,-0.8660254037844384,-0.5000000000000004,-0.7526668275320083,-0.6584015846980489,2,0,1,0
2017-08-21,2017,8,26.8,20.3,6.5,7.0,3.2,30.0,420.0,48.0,14.7,200.2,28.233333333333334,20.333333333333332,7.8999999999999995,1.5,28.6,20.3,0,-0.8660254037844384,-0.5000000000000004,-0.7638886127905429,-0.64534811322955,2,0,1,0
2017-08-22,2017,8,28.0,21.1,6.899999999999999,7.0,0.0,5.0,4.0,336.0,10.100000000000001,203.39999999999998,28.099999999999998,20.3,7.8,3.2,26.8,20.3,0,-0.8660254037844384,-0.5000000000000004,-0.7748840413670406,-0.6321034111873488,2,0,0,1
2017-08-23,2017,8,28.0,20.6,7.399999999999999,5.0,11.0,4.5,165.0,234.0,4.7,74.7,27.8,20.566666666666666,7.233333333333333,0.0,28.0,21.1,1,-0.8660254037844384,-0.5000000000000004,-0.7856498550787144,-0.6186714032625032,2,0,1,1
2017-08-24,2017,8,28.6,20.6,8.0,5.0,42.4,5.6,335.0,408.0,14.2,55.3,27.599999999999998,20.666666666666668,6.933333333333333,11.0,28.0,20.6,1,-0.8660254037844384,-0.5000000000000004,-0.7961828637826154,-0.6050560696488494,2,0,1,1
2017-08-25,2017,8,26.8,20.5,6.300000000000001,5.0,31.7,4.6,330.0,0.0,53.4,71.3,28.2,20.76666666666667,7.433333333333333,42.4,28.6,20.6,1,-0.8660254037844384,-0.5000000000000004,-0.8064799463209447,-0.5912614448635783,2,0,1,0
2017-08-26,2017,8,25.7,20.8,4.899999999999999,6.0,0.2,4.7,180.0,0.0,85.1,95.2,27.8,20.566666666666666,7.233333333333333,31.7,26.8,20.5,0,-0.8660254037844384,-0.5000000000000004,-0.8165380514459157,-0.5772916165517278,2,0,1,0
2017-08-27,2017,8,28.5,21.0,7.5,7.0,0.2,4.5,25.0,276.0,74.3,90.0,27.03333333333333,20.633333333333336,6.3999999999999995,0.2,25.7,20.8,0,-0.8660254037844384,-0.5000000000000004,-0.8263541987239094,-0.5631507242749189,2,0,1,0
2017-08-28,2017,8,26.5,20.5,6.0,7.0,2.6,5.0,610.0,84.0,32.1,88.69999999999999,27.0,20.766666666666666,6.233333333333333,0.2,28.5,21.0,0,-0.8660254037844384,-0.5000000000000004,-0.8359254794186365,-0.5488429582847199,2,0,1,0
2017-08-29,2017,8,26.2,20.5,5.699999999999999,9.0,0.0,4.2,7.0,0.0,3.0,88.1,26.900000000000002,20.766666666666666,6.133333333333333,2.6,26.5,20.5,0,-0.8660254037844384,-0.5000000000000004,-0.8452490573530633,-0.5343725582809785,2,0,0,0
2017-08-30,2017,8,26.6,21.1,5.5,8.0,0.0,4.8,30.0,18.0,2.8,88.1,27.066666666666666,20.666666666666668,6.3999999999999995,0.0,26.2,20.5,0,-0.8660254037844384,-0.5000000000000004,-0.8543221697498269,-0.5197438121555157,2,0,0,0
2017-08-31,2017,8,28.5,21.3,7.199999999999999,5.0,0.0,5.0,5.0,216.0,2.6,77.1,26.433333333333334,20.7,5.733333333333333,0.0,26.6,21.1,0,-0.8660254037844384,-0.5000000000000004,-0.8631421280499115,-0.5049610547215202,2,0,0,1
2017-09-01,2017,9,30.6,19.8,10.8,4.0,72.0,5.0,255.0,348.0,0.0,34.7,27.099999999999998,20.96666666666667,6.133333333333333,0.0,28.5,21.3,1,-1.0,-1.8369701987210297e-16,-0.8717063187093217,-0.4900286664290594,2,0,1,1
2017-09-02,2017,9,27.8,20.8,7.0,3.0,33.1,5.3,290.0,42.0,72.0,75.0,28.566666666666666,20.733333333333334,7.833333333333333,72.0,30.6,19.8,1,-1.0,-1.8369701987210297e-16,-0.8800122039735356,-0.4749510720670502,2,0,1,1
2017-09-03,2017,9,27.3,19.9,7.400000000000002,3.0,21.8,1.8,11.0,72.0,105.1,107.9,28.96666666666667,20.633333333333336,8.333333333333334,33.1,27.8,20.8,1,-1.0,-1.8369701987210297e-16,-0.888057322629493,-0.4597327394521046,2,0,1,1
2017-09-04,2017,9,27.3,18.7,8.600000000000001,2.0,56.8,2.4,245.0,210.0,126.9,129.5,28.566666666666666,20.166666666666668,8.4,21.8,27.3,19.9,1,-1.0,-1.8369701987210297e-16,-0.8958392907349089,-0.4443781781046134,2,0,1,1
2017-09-05,2017,9,30.2,21.3,8.899999999999999,3.0,2.6,5.0,11.0,342.0,111.7,183.7,27.46666666666667,19.8,7.666666666666668,56.8,27.3,18.7,1,-1.0,-1.8369701987210297e-16,-0.9033558023246842,-0.4288919379124841,2,0,1,0
2017-09-06,2017,9,29.8,19.8,10.0,4.0,15.4,5.0,255.0,522.0,81.19999999999999,186.3,28.266666666666666,19.966666666666665,8.3,2.6,30.2,21.3,0,-1.0,-1.8369701987210297e-16,-0.9106046300942162,-0.41327860778290443,2,0,1,1
2017-09-07,2017,9,27.6,21.3,6.300000000000001,2.0,6.6,5.4,11.0,156.0,74.8,201.7,29.100000000000005,19.933333333333334,9.166666666666666,15.4,29.8,19.8,1,-1.0,-1.8369701987210297e-16,-0.9175836260593934,-0.3975428142825566,2,0,1,1
2017-09-08,2017,9,29.3,21.3,8.0,3.0,1.3,5.0,60.0,174.0,24.6,208.3,29.2,20.8,8.4,6.6,27.6,21.3,1,-1.0,-1.8369701987210297e-16,-0.9242907221930934,-0.3816892202666586,2,0,1,1
2017-09-09,2017,9,28.2,20.0,8.2,2.0,68.4,3.6,200.0,132.0,23.299999999999997,137.6,28.900000000000002,20.8,8.1,1.3,29.3,21.3,1,-1.0,-1.8369701987210297e-16,-0.9307239310379793,-0.3657225234972692,2,0,1,0
2017-09-10,2017,9,28.0,20.3,7.699999999999999,3.0,66.1,5.0,300.0,174.0,76.30000000000001,172.90000000000003,28.366666666666664,20.866666666666667,7.5,68.4,28.2,20.0,0,-1.0,-1.8369701987210297e-16,-0.9368813462954315,-0.34964745525122826,2,0,1,1
2017-09-11,2017,9,27.8,21.9,5.900000000000002,3.0,0.0,6.0,0.0,162.0,135.8,217.2,28.5,20.53333333333333,7.966666666666666,66.1,28.0,20.3,1,-1.0,-1.8369701987210297e-16,-0.9427611433904206,-0.33346877891818705,2,0,0,0
2017-09-12,2017,9,28.5,22.1,6.399999999999999,4.0,0.0,5.5,0.0,402.0,134.5,160.39999999999998,28.0,20.733333333333334,7.266666666666667,0.0,27.8,21.9,0,-1.0,-1.8369701987210297e-16,-0.9483615800121716,-0.31719128858910595,2,0,0,0
2017-09-13,2017,9,31.0,22.2,8.8,4.0,0.0,5.0,0.0,570.0,66.1,157.8,28.099999999999998,21.433333333333334,6.666666666666667,0.0,28.5,22.1,0,-1.0,-1.8369701987210297e-16,-0.9536809966304455,-0.300819807635668,2,0,0,0
2017-09-14,2017,9,30.6,22.0,8.600000000000001,4.0,0.0,6.0,0.0,468.0,0.0,142.40000000000003,29.099999999999998,22.066666666666666,7.033333333333334,0.0,31.0,22.2,0,-1.0,-1.8369701987210297e-16,-0.9587178169872964,-0.2843591872810036,2,0,0,0
2017-09-15,2017,9,31.1,21.0,10.100000000000001,6.0,2.4,6.0,290.0,420.0,0.0,135.8,30.033333333333335,22.099999999999998,7.933333333333334,0.0,30.6,22.0,0,-1.0,-1.8369701987210297e-16,-0.9634705485641486,-0.26781430516217486,2,0,1,0
2017-09-16,2017,9,27.5,20.8,6.699999999999999,6.0,0.0,5.7,0.0,60.0,2.4,136.9,30.900000000000002,21.733333333333334,9.166666666666668,2.4,31.1,21.0,0,-1.0,-1.8369701987210297e-16,-0.9679377830240641,-0.25119006388481957,2,0,0,0
2017-09-17,2017,9,29.4,20.8,8.599999999999998,8.0,17.2,3.0,40.0,300.0,2.4,68.5,29.733333333333334,21.266666666666666,8.466666666666667,0.0,27.5,20.8,0,-1.0,-1.8369701987210297e-16,-0.9721181966290612,-0.23449138957041052,2,0,1,0
2017-09-18,2017,9,24.6,19.3,5.300000000000001,8.0,12.9,1.9,539.0,18.0,19.599999999999998,19.599999999999998,29.333333333333332,20.866666666666667,8.466666666666667,17.2,29.4,20.8,0,-1.0,-1.8369701987210297e-16,-0.9760105506323682,-0.21772323039653224,2,0,1,0
2017-09-19,2017,9,26.8,20.4,6.400000000000002,8.0,0.0,4.3,65.0,222.0,30.1,32.5,27.166666666666668,20.3,6.866666666666666,12.9,24.6,19.3,0,-1.0,-1.8369701987210297e-16,-0.9796136916454901,-0.20089055513063528,2,0,0,0
2017-09-20,2017,9,27.7,19.4,8.3,9.0,0.0,4.5,5.0,366.0,30.1,32.5,26.933333333333337,20.166666666666668,6.766666666666667,0.0,26.8,20.4,0,-1.0,-1.8369701987210297e-16,-0.9829265519799822,-0.18399835165767986,2,0,0,0
2017-09-21,2017,9,28.5,19.3,9.2,8.0,0.0,5.0,0.0,540.0,12.9,32.5,26.366666666666664,19.7,6.666666666666668,0.0,27.7,19.4,0,-1.0,-1.8369701987210297e-16,-0.9859481499638303,-0.1670516255021195,2,0,0,0
2017-09-22,2017,9,27.3,20.5,6.800000000000001,6.0,0.0,4.3,10.0,300.0,0.0,32.5,27.666666666666668,19.7,7.966666666666668,0.0,28.5,19.3,0,-1.0,-1.8369701987210297e-16,-0.9886775902323404,-0.15005539834465262,2,0,0,0
2017-09-23,2017,9,28.4,20.6,7.799999999999997,4.0,0.0,7.0,5.0,324.0,0.0,30.1,27.833333333333332,19.733333333333334,8.1,0.0,27.3,20.5,0,-1.0,-1.8369701987210297e-16,-0.9911140639934546,-0.13301470653419636,2,0,0,0
2017-09-24,2017,9,30.5,22.2,8.3,3.0,0.1,5.6,40.0,456.0,0.0,30.1,28.066666666666663,20.133333333333333,7.933333333333333,0.0,28.4,20.6,0,-1.0,-1.8369701987210297e-16,-0.9932568492674143,-0.11593459959550066,2,0,1,0
2017-09-25,2017,9,29.0,19.4,9.600000000000001,4.0,54.3,5.0,280.0,168.0,0.1,13.0,28.73333333333333,21.099999999999998,7.633333333333333,0.1,30.5,22.2,0,-1.0,-1.8369701987210297e-16,-0.9951053111006974,-0.09882013873287211,2,0,1,1
2017-09-26,2017,9,26.4,20.8,5.599999999999998,4.0,9.2,3.2,90.0,66.0,54.4,54.4,29.3,20.733333333333334,8.566666666666666,54.3,29.0,19.4,1,-1.0,-1.8369701987210297e-16,-0.99665890175417,-0.08167639533042288,2,0,1,1
2017-09-27,2017,9,28.1,20.0,8.100000000000001,3.0,55.8,5.8,560.0,54.0,63.599999999999994,63.599999999999994,28.633333333333336,20.8,7.833333333333333,9.2,26.4,20.8,1,-1.0,-1.8369701987210297e-16,-0.9979171608653922,-0.06450844944931625,2,0,1,1
2017-09-28,2017,9,26.8,20.6,6.199999999999999,3.0,1.9,4.5,285.0,90.0,119.29999999999998,119.39999999999999,27.833333333333332,20.066666666666666,7.766666666666667,55.8,28.1,20.0,1,-1.0,-1.8369701987210297e-16,-0.9988797155850335,-0.04732138832243232,2,0,1,0
2017-09-29,2017,9,26.2,20.3,5.899999999999999,5.0,0.6,4.5,100.0,72.0,66.89999999999999,121.3,27.099999999999998,20.466666666666665,6.633333333333333,1.9,26.8,20.6,0,-1.0,-1.8369701987210297e-16,-0.9995462806873573,-0.03012030484690836,2,0,1,0
2017-09-30,2017,9,27.0,20.4,6.600000000000001,4.0,15.3,3.8,275.0,150.0,58.29999999999999,121.89999999999999,27.03333333333333,20.3,6.733333333333333,0.6,26.2,20.3,0,-1.0,-1.8369701987210297e-16,-0.9999166586547379,-0.012910296075008843,2,0,1,0
2017-10-01,2017,10,26.0,21.3,4.699999999999999,3.0,0.4,3.9,65.0,0.0,17.799999999999994,137.2,26.666666666666668,20.433333333333334,6.233333333333333,15.3,27.0,20.4,0,-0.8660254037844386,0.5000000000000001,-0.9999907397361901,0.004303538296243821,3,0,1,1
2017-10-02,2017,10,28.4,19.4,9.0,4.0,46.0,4.5,430.0,228.0,16.299999999999994,137.5,26.400000000000002,20.666666666666668,5.733333333333333,0.4,26.0,21.3,1,-0.8660254037844386,0.5000000000000001,-0.9997685019798909,0.021516097436222233,3,0,1,1
2017-10-03,2017,10,27.2,20.6,6.599999999999998,4.0,0.0,5.0,0.0,144.0,61.699999999999996,129.2,27.133333333333336,20.366666666666667,6.766666666666667,46.0,28.4,19.4,1,-0.8660254037844386,0.5000000000000001,-0.9992500112396835,0.03872228089217399,3,0,0,0
2017-10-04,2017,10,29.3,22.1,7.199999999999999,4.0,0.0,5.0,5.0,522.0,46.39999999999999,120.0,27.2,20.433333333333334,6.766666666666666,0.0,27.2,20.6,0,-0.8660254037844386,0.5000000000000001,-0.9984354211555643,0.05591699010060302,3,0,0,1
2017-10-05,2017,10,29.3,20.1,9.2,4.0,18.6,4.9,300.0,312.0,45.99999999999999,64.2,28.3,20.7,7.599999999999999,0.0,29.3,22.1,1,-0.8660254037844386,0.5000000000000001,-0.9973249731081555,0.07309512989807776,3,0,1,1
2017-10-06,2017,10,27.0,20.8,6.199999999999999,3.0,76.6,4.0,345.0,60.0,18.599999999999994,80.9,28.599999999999998,20.933333333333334,7.666666666666665,18.6,29.3,20.1,1,-0.8660254037844386,0.5000000000000001,-0.9959189961471792,0.0902516100310407,3,0,1,1
2017-10-07,2017,10,29.0,21.2,7.800000000000001,2.0,14.5,4.5,160.0,222.0,95.19999999999999,156.9,28.53333333333333,21.0,7.533333333333332,76.6,27.0,20.8,1,-0.8660254037844386,0.5000000000000001,-0.994217906893952,0.10738134666416306,3,0,1,1
2017-10-08,2017,10,28.8,21.3,7.5,3.0,48.2,5.0,165.0,240.0,109.69999999999999,156.1,28.433333333333334,20.7,7.733333333333333,14.5,29.0,21.2,1,-0.8660254037844386,0.5000000000000001,-0.9922222094179324,0.12447926388678869,3,0,1,1
2017-10-09,2017,10,29.0,21.5,7.5,4.0,1.2,4.6,55.0,312.0,139.3,203.89999999999998,28.26666666666667,21.099999999999998,7.166666666666667,48.2,28.8,21.3,1,-0.8660254037844386,0.5000000000000001,-0.989932495087353,0.141540295217043,3,0,1,1
2017-10-10,2017,10,29.3,19.6,9.7,4.0,9.1,4.8,150.0,324.0,63.900000000000006,159.1,28.933333333333337,21.333333333333332,7.6000000000000005,1.2,29.0,21.5,1,-0.8660254037844386,0.5000000000000001,-0.9873494423939864,0.15855938510313475,3,0,1,0
2017-10-11,2017,10,29.0,20.2,8.8,3.0,5.3,3.7,50.0,294.0,58.5,168.2,29.033333333333335,20.8,8.233333333333333,9.1,29.3,19.6,0,-0.8660254037844386,0.5000000000000001,-0.9844738167520923,0.17553149042142777,3,0,1,1
2017-10-12,2017,10,30.7,20.5,10.2,3.0,22.4,4.3,475.0,270.0,15.599999999999998,173.5,29.099999999999998,20.433333333333334,8.666666666666666,5.3,29.0,20.2,1,-0.8660254037844386,0.5000000000000001,-0.9813064702716093,0.19245158197082995,3,0,1,0
2017-10-13,2017,10,27.5,20.5,7.0,3.0,68.0,4.9,485.0,0.0,36.8,177.29999999999998,29.666666666666668,20.099999999999998,9.566666666666666,22.4,30.7,20.5,0,-0.8660254037844386,0.5000000000000001,-0.9778483415056568,0.20931464596304888,3,0,1,0
2017-10-14,2017,10,27.6,20.7,6.900000000000002,3.0,34.0,5.0,370.0,84.0,95.69999999999999,168.7,29.066666666666666,20.400000000000002,8.666666666666666,68.0,27.5,20.5,0,-0.8660254037844386,0.5000000000000001,-0.9741004551724206,0.22611568550828803,3,0,1,0
2017-10-15,2017,10,25.0,19.6,5.399999999999999,4.0,40.5,4.0,0.0,90.0,124.39999999999999,188.2,28.600000000000005,20.566666666666666,8.033333333333333,34.0,27.6,20.7,0,-0.8660254037844386,0.5000000000000001,-0.970063921851507,0.2428497220959358,3,0,1,0
2017-10-16,2017,10,26.0,19.8,6.199999999999999,5.0,0.0,4.3,0.0,84.0,142.5,180.5,26.7,20.266666666666666,6.433333333333334,40.5,25.0,19.6,0,-0.8660254037844386,0.5000000000000001,-0.965739937654855,0.25951179706979943,3,0,0,0
2017-10-17,2017,10,24.5,20.9,3.6000000000000014,4.0,0.0,4.5,0.0,294.0,74.5,179.3,26.2,20.033333333333335,6.166666666666667,0.0,26.0,19.8,0,-0.8660254037844386,0.5000000000000001,-0.9611297838723007,0.27609697309746883,3,0,0,0
2017-10-18,2017,10,27.0,21.0,6.0,2.0,0.0,5.5,0.0,30.0,40.5,170.2,25.166666666666668,20.1,5.066666666666666,0.0,24.5,20.9,0,-0.8660254037844386,0.5000000000000001,-0.9562348265919058,0.2926003356333479,3,0,0,0
2017-10-19,2017,10,27.6,20.1,7.5,3.0,0.0,5.0,0.0,114.0,0.0,164.89999999999998,25.833333333333332,20.566666666666666,5.266666666666667,0.0,27.0,21.0,0,-0.8660254037844386,0.5000000000000001,-0.9510565162951536,0.30901699437494723,3,0,0,0
2017-10-20,2017,10,29.8,20.4,9.400000000000002,3.0,0.0,5.4,0.0,474.0,0.0,142.5,26.366666666666664,20.666666666666668,5.7,0.0,27.6,20.1,0,-0.8660254037844386,0.5000000000000001,-0.9455963874271428,0.3253420847119795,3,0,0,0
2017-10-21,2017,10,30.6,20.4,10.200000000000003,3.0,0.0,6.0,0.0,390.0,0.0,74.5,28.133333333333336,20.5,7.633333333333334,0.0,29.8,20.4,0,-0.8660254037844386,0.5000000000000001,-0.9398560579418953,0.341570769167856,3,0,0,0
2017-10-22,2017,10,30.5,20.4,10.100000000000001,4.0,0.0,5.0,0.0,396.0,0.0,40.5,29.333333333333332,20.3,9.033333333333335,0.0,30.6,20.4,0,-0.8660254037844386,0.5000000000000001,-0.9338372288229252,0.35769823883312546,3,0,0,0
2017-10-23,2017,10,30.5,19.2,11.3,3.0,0.0,5.0,0.0,540.0,0.0,0.0,30.3,20.4,9.900000000000002,0.0,30.5,20.4,0,-0.8660254037844386,0.5000000000000001,-0.9275416835791965,0.3737197147904692,3,0,0,0
2017-10-24,2017,10,31.0,18.4,12.600000000000001,2.0,0.0,5.2,0.0,588.0,0.0,0.0,30.533333333333335,20.0,10.533333333333335,0.0,30.5,19.2,0,-0.8660254037844386,0.5000000000000001,-0.9209712877166346,0.38963044953078774,3,0,0,0
2017-10-25,2017,10,31.3,20.8,10.5,1.0,0.0,6.2,0.0,438.0,0.0,0.0,30.666666666666668,19.333333333333332,11.333333333333334,0.0,31.0,18.4,0,-0.8660254037844386,0.5000000000000001,-0.9141279881853337,0.4054257283599973,3,0,0,0
2017-10-26,2017,10,29.6,21.4,8.200000000000003,3.0,0.0,5.7,0.0,420.0,0.0,0.0,30.933333333333334,19.466666666666665,11.466666666666669,0.0,31.3,20.8,0,-0.8660254037844386,0.5000000000000001,-0.9070138128026362,0.42110087079608916,3,0,0,0
2017-10-27,2017,10,28.2,20.2,8.0,2.0,0.0,6.0,6.0,306.0,0.0,0.0,30.633333333333336,20.2,10.433333333333335,0.0,29.6,21.4,0,-0.8660254037844386,0.5000000000000001,-0.8996308696522434,0.4366512319560638,3,0,0,0
2017-10-28,2017,10,30.0,19.8,10.2,3.0,0.0,5.0,0.0,420.0,0.0,0.0,29.7,20.8,8.9,0.0,28.2,20.2,0,-0.8660254037844386,0.5000000000000001,-0.8919813464595487,0.45207220393230374,3,0,0,0
2017-10-29,2017,10,28.8,20.3,8.5,3.0,0.0,6.6,0.0,450.0,0.0,0.0,29.266666666666666,20.466666666666665,8.8,0.0,30.0,19.8,0,-0.8660254037844386,0.5000000000000001,-0.8840675099433637,0.46735921715800205,3,0,0,0
2017-10-30,2017,10,29.6,19.3,10.3,3.0,0.0,5.5,0.0,480.0,0.0,0.0,29.0,20.099999999999998,8.9,0.0,28.8,20.3,0,-0.8660254037844386,0.5000000000000001,-0.8758917051442433,0.48250774176121763,3,0,0,0
2017-10-31,2017,10,26.7,19.4,7.300000000000001,4.0,0.0,4.5,5.0,228.0,0.0,0.0,29.46666666666667,19.8,9.666666666666666,0.0,29.6,19.3,0,-0.8660254037844386,0.5000000000000001,-0.8674563547295971,0.4975132889071803,3,0,0,0
2017-11-01,2017,11,25.0,19.9,5.100000000000001,3.0,0.0,4.4,10.0,108.0,0.0,0.0,28.366666666666664,19.666666666666668,8.700000000000001,0.0,26.7,19.4,0,-0.5000000000000004,0.8660254037844384,-0.8587639582758031,0.5123714121284235,3,0,0,0
2017-11-02,2017,11,24.8,18.8,6.0,3.0,0.3,3.6,35.0,0.0,0.0,0.0,27.099999999999998,19.533333333333335,7.566666666666667,0.0,25.0,19.9,0,-0.5000000000000004,0.8660254037844384,-0.8498170915275277,0.5270777086423724,3,0,1,0
2017-11-03,2017,11,27.8,19.3,8.5,3.0,0.0,6.3,0.0,354.0,0.3,0.3,25.5,19.366666666666664,6.133333333333334,0.3,24.8,18.8,0,-0.5000000000000004,0.8660254037844384,-0.8406184056344783,0.5416278206559811,3,0,0,0
2017-11-04,2017,11,28.0,20.2,7.800000000000001,3.0,0.0,5.0,0.0,156.0,0.3,0.3,25.866666666666664,19.333333333333332,6.533333333333334,0.0,27.8,19.3,0,-0.5000000000000004,0.8660254037844384,-0.8311706263658079,0.5560174366570446,3,0,0,0
2017-11-05,2017,11,25.6,19.3,6.300000000000001,3.0,2.0,20.8,22.0,72.0,0.3,0.3,26.866666666666664,19.433333333333334,7.433333333333334,0.0,28.0,20.2,0,-0.5000000000000004,0.8660254037844384,-0.8214765533024145,0.5702422926917867,3,0,1,0
2017-11-06,2017,11,25.4,19.7,5.699999999999999,3.0,3.4,1.1,50.0,54.0,2.0,2.3,27.133333333333336,19.6,7.533333333333334,2.0,25.6,19.3,0,-0.5000000000000004,0.8660254037844384,-0.8115390590073611,0.5842981736283683,3,0,1,0
2017-11-07,2017,11,25.6,19.7,5.900000000000002,3.0,1.5,2.3,52.0,174.0,5.4,5.7,26.333333333333332,19.733333333333334,6.6000000000000005,3.4,25.4,19.7,0,-0.5000000000000004,0.8660254037844384,-0.801361088174677,0.5981809144059159,3,0,1,0
2017-11-08,2017,11,26.0,18.3,7.699999999999999,2.0,13.4,4.0,120.0,102.0,6.9,7.2,25.533333333333335,19.566666666666666,5.966666666666668,1.5,25.6,19.7,0,-0.5000000000000004,0.8660254037844384,-0.7909456567567774,0.6118864012687242,3,0,1,0
2017-11-09,2017,11,26.5,18.6,7.899999999999999,2.0,0.0,4.4,0.0,294.0,18.3,20.6,25.666666666666668,19.233333333333334,6.433333333333334,13.4,26.0,18.3,0,-0.5000000000000004,0.8660254037844384,-0.780295851070776,0.6254105729852457,3,0,0,0
2017-11-10,2017,11,27.8,17.9,9.900000000000002,2.0,0.0,5.6,0.0,522.0,14.9,20.299999999999997,26.033333333333335,18.866666666666664,7.166666666666667,0.0,26.5,18.6,0,-0.5000000000000004,0.8660254037844384,-0.7694148268839381,0.6387494220515268,3,0,0,0
2017-11-11,2017,11,28.6,18.7,9.900000000000002,2.0,0.0,5.5,0.0,426.0,13.4,20.299999999999997,26.766666666666666,18.266666666666666,8.5,0.0,27.8,17.9,0,-0.5000000000000004,0.8660254037844384,-0.7583058084785625,0.6518989958787125,3,0,0,0
2017-11-12,2017,11,24.7,15.8,8.899999999999999,2.0,0.0,5.5,0.0,30.0,0.0,20.299999999999997,27.633333333333336,18.400000000000002,9.233333333333334,0.0,28.6,18.7,0,-0.5000000000000004,0.8660254037844384,-0.7469720876965551,0.6648553979642866,3,0,0,0
2017-11-13,2017,11,28.2,19.3,8.899999999999999,2.0,0.0,6.0,0.0,312.0,0.0,18.299999999999997,27.03333333333333,17.466666666666665,9.566666666666668,0.0,24.7,15.8,0,-0.5000000000000004,0.8660254037844384,-0.7354170229639858,0.6776147890466887,3,0,0,0
2017-11-14,2017,11,29.1,19.4,9.700000000000003,2.0,0.0,5.9,0.0,318.0,0.0,14.9,27.166666666666668,17.933333333333334,9.233333333333333,0.0,28.2,19.3,0,-0.5000000000000004,0.8660254037844384,-0.7236440382959123,0.690173388242972,3,0,0,0
2017-11-15,2017,11,28.4,21.0,7.399999999999999,2.0,0.0,3.5,0.0,228.0,0.0,13.399999999999999,27.333333333333332,18.166666666666668,9.166666666666666,0.0,29.1,19.4,0,-0.5000000000000004,0.8660254037844384,-0.7116566222817751,0.7025274741691566,3,0,0,0
2017-11-16,2017,11,29.2,19.6,9.599999999999998,3.0,0.0,5.2,0.0,234.0,0.0,0.0,28.566666666666663,19.900000000000002,8.666666666666666,0.0,28.4,21.0,0,-0.5000000000000004,0.8660254037844384,-0.6994583270516471,0.7146733860429609,3,0,0,0
2017-11-17,2017,11,29.2,21.3,7.899999999999999,2.0,0.0,4.8,5.0,198.0,0.0,0.0,28.900000000000002,20.0,8.9,0.0,29.2,19.6,0,-0.5000000000000004,0.8660254037844384,-0.6870527672236675,0.726607524768565,3,0,0,0
2017-11-18,2017,11,29.6,20.9,8.700000000000003,2.0,0.0,6.1,0.0,78.0,0.0,0.0,28.933333333333334,20.633333333333336,8.299999999999999,0.0,29.2,21.3,0,-0.5000000000000004,0.8660254037844384,-0.6744436188329457,0.7383263540031063,3,0,0,0
2017-11-19,2017,11,30.0,20.5,9.5,3.0,0.0,5.5,0.0,252.0,0.0,0.0,29.333333333333332,20.599999999999998,8.733333333333333,0.0,29.6,20.9,0,-0.5000000000000004,0.8660254037844384,-0.661634618242279,0.749826401204568,3,0,0,0
2017-11-20,2017,11,29.0,20.7,8.3,2.0,0.0,5.5,0.0,426.0,0.0,0.0,29.599999999999998,20.900000000000002,8.700000000000001,0.0,30.0,20.5,0,-0.5000000000000004,0.8660254037844384,-0.6486295610349818,0.7611042586607742,3,0,0,0
2017-11-21,2017,11,29.6,20.2,9.400000000000002,3.0,0.0,4.8,0.0,444.0,0.0,0.0,29.53333333333333,20.7,8.833333333333334,0.0,29.0,20.7,0,-0.5000000000000004,0.8660254037844384,-0.6354323008901775,0.7721565844991641,3,0,0,0
2017-11-22,2017,11,29.1,19.5,9.600000000000001,3.0,0.0,7.0,0.0,444.0,0.0,0.0,29.53333333333333,20.46666666666667,9.066666666666668,0.0,29.6,20.2,0,-0.5000000000000004,0.8660254037844384,-0.622046748440868,0.7829801036770625,3,0,0,0
2017-11-23,2017,11,29.3,18.1,11.2,3.0,0.0,5.0,0.0,491.0,0.0,0.0,29.233333333333334,20.133333333333336,9.100000000000001,0.0,29.1,19.5,0,-0.5000000000000004,0.8660254037844384,-0.6084768701151264,0.7935716089521472,3,0,0,0
2017-11-24,2017,11,29.7,18.7,11.0,2.0,0.0,5.0,0.0,468.0,0.0,0.0,29.333333333333332,19.266666666666666,10.066666666666668,0.0,29.3,18.1,0,-0.5000000000000004,0.8660254037844384,-0.594726686960764,0.8039279618328208,3,0,0,0
2017-11-25,2017,11,30.0,20.5,9.5,3.0,0.0,5.0,0.0,378.0,0.0,0.0,29.366666666666664,18.766666666666666,10.6,0.0,29.7,18.7,0,-0.5000000000000004,0.8660254037844384,-0.5808002734538013,0.8140460935082175,3,0,0,0
2017-11-26,2017,11,28.0,17.4,10.600000000000001,3.0,0.0,4.8,0.0,222.0,0.0,0.0,29.666666666666668,19.099999999999998,10.566666666666666,0.0,30.0,20.5,0,-0.5000000000000004,0.8660254037844384,-0.5667017562911184,0.8239230057575536,3,0,0,0
2017-11-27,2017,11,26.8,19.2,7.600000000000001,3.0,0.0,4.5,0.0,144.0,0.0,0.0,29.233333333333334,18.866666666666667,10.366666666666667,0.0,28.0,17.4,0,-0.5000000000000004,0.8660254037844384,-0.5524353131676203,0.8335557718385695,3,0,0,0
2017-11-28,2017,11,27.0,18.2,8.8,2.0,0.0,4.5,0.0,228.0,0.0,0.0,28.266666666666666,19.03333333333333,9.233333333333334,0.0,26.8,19.2,0,-0.5000000000000004,0.8660254037844384,-0.5380051715382992,0.8429415373547832,3,0,0,0
2017-11-29,2017,11,29.6,18.3,11.3,3.0,0.0,5.0,0.0,491.0,0.0,0.0,27.266666666666666,18.266666666666666,9.000000000000002,0.0,27.0,18.2,0,-0.5000000000000004,0.8660254037844384,-0.5234156073655503,0.8520775211013093,3,0,0,0
2017-11-30,2017,11,27.6,19.3,8.3,4.0,0.0,4.6,5.0,384.0,0.0,0.0,27.8,18.566666666666666,9.233333333333334,0.0,29.6,18.3,0,-0.5000000000000004,0.8660254037844384,-0.5086709438521042,0.8609610158889945,3,0,0,0
2017-12-01,2017,12,24.7,19.6,5.099999999999998,4.0,10.7,2.6,0.0,12.0,0.0,0.0,28.066666666666666,18.599999999999998,9.466666666666667,0.0,27.6,19.3,0,-2.4492935982947064e-16,1.0,-0.49377555015997737,0.8695893893466109,0,0,1,0
2017-12-02,2017,12,21.0,18.2,2.8000000000000007,5.0,4.0,4.0,0.0,0.0,10.7,10.7,27.3,19.066666666666666,8.233333333333333,10.7,24.7,19.6,0,-2.4492935982947064e-16,1.0,-0.4787338401157883,0.8779600847008883,0,0,1,0
2017-12-03,2017,12,22.8,18.3,4.5,4.0,0.0,4.3,5.0,36.0,14.7,14.7,24.433333333333334,19.033333333333335,5.3999999999999995,4.0,21.0,18.2,0,-2.4492935982947064e-16,1.0,-0.4635502709028512,0.8860706215341378,0,0,0,0
2017-12-04,2017,12,24.3,18.4,5.900000000000002,3.0,0.0,5.0,0.0,180.0,14.7,14.7,22.833333333333332,18.7,4.133333333333333,0.0,22.8,18.3,0,-2.4492935982947064e-16,1.0,-0.4482293417404106,0.893918596519257,0,0,0,0
2017-12-05,2017,12,25.9,19.0,6.899999999999999,3.0,0.0,5.0,0.0,222.0,4.0,14.7,22.7,18.3,4.400000000000001,0.0,24.3,18.4,0,-2.4492935982947064e-16,1.0,-0.4327755925504317,0.9015016841318838,0,0,0,0
2017-12-06,2017,12,27.4,19.0,8.399999999999999,2.0,0.0,4.8,0.0,174.0,0.0,14.7,24.333333333333332,18.566666666666666,5.766666666666667,0.0,25.9,19.0,0,-2.4492935982947064e-16,1.0,-0.41719360261231697,0.9088176373395028,0,0,0,0
2017-12-07,2017,12,29.2,19.7,9.5,2.0,0.0,5.0,0.0,372.0,0.0,14.7,25.866666666666664,18.8,7.066666666666666,0.0,27.4,19.0,0,-2.4492935982947064e-16,1.0,-0.4014879892059737,0.9158642882672868,0,0,0,0
2017-12-08,2017,12,29.1,15.9,13.200000000000001,2.0,0.0,5.7,0.0,306.0,0.0,14.7,27.5,19.233333333333334,8.266666666666666,0.0,29.2,19.7,0,-2.4492935982947064e-16,1.0,-0.38566340624360745,0.9226395488404875,0,0,0,0
2017-12-09,2017,12,30.8,16.8,14.0,1.0,0.0,5.0,0.0,552.0,0.0,4.0,28.566666666666666,18.2,10.366666666666667,0.0,29.1,15.9,0,-2.4492935982947064e-16,1.0,-0.3697245428906732,0.9291414114031743,0,0,0,0
2017-12-10,2017,12,29.8,17.7,12.100000000000001,1.0,0.0,5.6,0.0,522.0,0.0,0.0,29.7,17.466666666666665,12.233333333333334,0.0,30.8,16.8,0,-2.4492935982947064e-16,1.0,-0.35367612217637207,0.935367949313148,0,0,0,0
2017-12-11,2017,12,29.5,17.1,12.399999999999999,1.0,0.0,5.2,0.0,491.0,0.0,0.0,29.900000000000002,16.8,13.100000000000001,0.0,29.8,17.7,0,-2.4492935982947064e-16,1.0,-0.33752289959411347,0.941317317512847,0,0,0,0
2017-12-12,2017,12,30.0,18.6,11.399999999999999,1.0,0.0,5.7,0.0,408.0,0.0,0.0,30.033333333333335,17.2,12.833333333333334,0.0,29.5,17.1,0,-2.4492935982947064e-16,1.0,-0.32126966169236515,0.9469877530760751,0,0,0,0
2017-12-13,2017,12,28.1,19.8,8.3,2.0,0.0,5.2,0.0,240.0,0.0,0.0,29.766666666666666,17.8,11.966666666666667,0.0,30.0,18.6,0,-2.4492935982947064e-16,1.0,-0.3049212246562894,0.9523775757303973,0,0,0,0
2017-12-14,2017,12,27.5,18.4,9.100000000000001,2.0,0.0,5.1,0.0,90.0,0.0,0.0,29.200000000000003,18.5,10.699999999999998,0.0,28.1,19.8,0,-2.4492935982947064e-16,1.0,-0.2884824328806098,0.9574851883550389,0,0,0,0
2017-12-15,2017,12,29.3,17.1,12.2,3.0,0.0,5.2,0.0,432.0,0.0,0.0,28.533333333333335,18.933333333333334,9.6,0.0,27.5,18.4,0,-2.4492935982947064e-16,1.0,-0.27195815753410524,0.9623090774541487,0,0,0,0
2017-12-16,2017,12,28.4,17.5,10.899999999999999,3.0,0.0,4.5,0.0,491.0,0.0,0.0,28.3,18.433333333333334,9.866666666666667,0.0,29.3,17.1,0,-2.4492935982947064e-16,1.0,-0.2553532951161881,0.9668478136052773,0,0,0,0
2017-12-17,2017,12,26.7,17.0,9.7,4.0,0.0,4.3,0.0,408.0,0.0,0.0,28.399999999999995,17.666666666666668,10.733333333333334,0.0,28.4,17.5,0,-2.4492935982947064e-16,1.0,-0.23867276600594997,0.9711000518829505,0,0,0,0
2017-12-18,2017,12,26.7,16.0,10.7,4.0,0.0,4.8,0.0,522.0,0.0,0.0,28.13333333333333,17.2,10.933333333333332,0.0,26.7,17.0,0,-2.4492935982947064e-16,1.0,-0.22192151300416674,0.9750645322571945,0,0,0,0
2017-12-19,2017,12,25.8,15.3,10.5,3.0,0.0,4.8,0.0,528.0,0.0,0.0,27.266666666666666,16.833333333333332,10.433333333333332,0.0,26.7,16.0,0,-2.4492935982947064e-16,1.0,-0.20510449986861926,0.9787400799669153,0,0,0,0
2017-12-20,2017,12,27.3,17.3,10.0,4.0,0.0,5.0,0.0,384.0,0.0,0.0,26.400000000000002,16.099999999999998,10.299999999999999,0.0,25.8,15.3,0,-2.4492935982947064e-16,1.0,-0.1882267098432439,0.9821256058680006,0,0,0,0
2017-12-21,2017,12,28.8,16.0,12.8,3.0,0.0,4.5,0.0,540.0,0.0,0.0,26.599999999999998,16.2,10.4,0.0,27.3,17.3,0,-2.4492935982947064e-16,1.0,-0.1712931441814778,0.9852201067560606,0,0,0,0
2017-12-22,2017,12,28.3,16.8,11.5,5.0,0.0,5.0,0.0,480.0,0.0,0.0,27.3,16.2,11.1,0.0,28.8,16.0,0,-2.4492935982947064e-16,1.0,-0.154308820664281,0.9880226656636976,0,0,0,0
2017-12-23,2017,12,28.2,17.4,10.8,3.0,0.0,5.0,0.0,522.0,0.0,0.0,28.133333333333336,16.7,11.433333333333332,0.0,28.3,16.8,0,-2.4492935982947064e-16,1.0,-0.13727877211326517,0.9905324521322227,0,0,0,0
2017-12-24,2017,12,27.3,15.0,12.3,3.0,0.0,5.1,0.0,426.0,0.0,0.0,28.433333333333334,16.733333333333334,11.700000000000001,0.0,28.2,17.4,0,-2.4492935982947064e-16,1.0,-0.12020804489935275,0.9927487224577402,0,0,0,0
2017-12-25,2017,12,28.5,16.6,11.899999999999999,2.0,0.0,4.0,0.0,114.0,0.0,0.0,27.933333333333337,16.400000000000002,11.533333333333333,0.0,27.3,15.0,0,-2.4492935982947064e-16,1.0,-0.10310169744743544,0.9946708199115211,0,0,0,0
2017-12-26,2017,12,25.5,16.2,9.3,2.0,0.0,4.6,0.0,180.0,0.0,0.0,28.0,16.333333333333332,11.666666666666666,0.0,28.5,16.6,0,-2.4492935982947064e-16,1.0,-0.0859647987374467,0.9962981749346077,0,0,0,0
2017-12-27,2017,12,29.2,15.5,13.7,3.0,0.0,4.8,0.0,528.0,0.0,0.0,27.099999999999998,15.933333333333332,11.166666666666666,0.0,25.5,16.2,0,-2.4492935982947064e-16,1.0,-0.06880242680232064,0.9976303053065857,0,0,0,0
2017-12-28,2017,12,28.1,15.2,12.900000000000002,3.0,0.0,5.1,0.0,426.0,0.0,0.0,27.733333333333334,16.099999999999998,11.633333333333333,0.0,29.2,15.5,0,-2.4492935982947064e-16,1.0,-0.05161966722325418,0.9986668162884759,0,0,0,0
2017-12-29,2017,12,26.2,14.2,12.0,3.0,0.0,5.0,0.0,522.0,0.0,0.0,27.599999999999998,15.633333333333333,11.966666666666669,0.0,28.1,15.2,0,-2.4492935982947064e-16,1.0,-0.034421611622745804,0.9994074007397048,0,0,0,0
2017-12-30,2017,12,27.3,15.3,12.0,3.0,0.0,5.0,0.0,528.0,0.0,0.0,27.833333333333332,14.966666666666667,12.866666666666667,0.0,26.2,14.2,0,-2.4492935982947064e-16,1.0,-0.01721335615583528,0.9998518392091162,0,0,0,0
2017-12-31,2017,12,26.9,16.1,10.799999999999997,3.0,0.0,4.3,0.0,474.0,0.0,0.0,27.2,14.9,12.300000000000002,0.0,27.3,15.3,0,-2.4492935982947064e-16,1.0,6.432490598706546e-16,1.0,0,0,0,0
2018-01-01,2018,1,28.4,16.6,11.799999999999997,2.0,0.0,5.0,0.0,510.0,0.0,0.0,26.8,15.200000000000001,11.6,0.0,26.9,16.1,0,0.49999999999999994,0.8660254037844387,0.017213356155834685,0.9998518392091162,0,0,0,0
2018-01-02,2018,1,28.9,17.8,11.099999999999998,2.0,0.0,4.8,0.0,426.0,0.0,0.0,27.53333333333333,16.0,11.533333333333331,0.0,28.4,16.6,0,0.49999999999999994,0.8660254037844387,0.03442161162274574,0.9994074007397048,0,0,0,0
2018-01-03,2018,1,29.0,18.4,10.600000000000001,3.0,0.0,5.0,0.0,414.0,0.0,0.0,28.066666666666666,16.833333333333336,11.233333333333329,0.0,28.9,17.8,0,0.49999999999999994,0.8660254037844387,0.051619667223253764,0.998666816288476,0,0,0,0
2018-01-04,2018,1,27.6,17.0,10.600000000000001,2.0,0.0,4.8,0.0,252.0,0.0,0.0,28.766666666666666,17.6,11.166666666666664,0.0,29.0,18.4,0,0.49999999999999994,0.8660254037844387,0.06880242680231986,0.9976303053065857,0,0,0,0
2018-01-05,2018,1,28.3,15.5,12.8,3.0,0.0,4.9,0.0,378.0,0.0,0.0,28.5,17.733333333333334,10.766666666666666,0.0,27.6,17.0,0,0.49999999999999994,0.8660254037844387,0.08596479873744647,0.9962981749346078,0,0,0,0
2018-01-06,2018,1,27.2,14.7,12.5,2.0,0.0,5.0,0.0,450.0,0.0,0.0,28.3,16.966666666666665,11.333333333333336,0.0,28.3,15.5,0,0.49999999999999994,0.8660254037844387,0.10310169744743485,0.9946708199115211,0,0,0,0
2018-01-07,2018,1,27.2,15.2,12.0,3.0,0.0,4.8,0.0,432.0,0.0,0.0,27.7,15.733333333333334,11.966666666666669,0.0,27.2,14.7,0,0.49999999999999994,0.8660254037844387,0.1202080448993527,0.9927487224577402,0,0,0,0
2018-01-08,2018,1,27.2,14.8,12.399999999999999,3.0,0.0,4.8,0.0,426.0,0.0,0.0,27.566666666666666,15.133333333333333,12.433333333333335,0.0,27.2,15.2,0,0.49999999999999994,0.8660254037844387,0.13727877211326478,0.9905324521322229,0,0,0,0
2018-01-09,2018,1,26.6,15.5,11.100000000000001,4.0,0.0,5.0,0.0,414.0,0.0,0.0,27.2,14.9,12.299999999999999,0.0,27.2,14.8,0,0.49999999999999994,0.8660254037844387,0.15430882066428117,0.9880226656636976,0,0,0,0
2018-01-10,2018,1,27.1,18.2,8.900000000000002,3.0,0.0,4.8,0.0,396.0,0.0,0.0,27.0,15.166666666666666,11.833333333333334,0.0,26.6,15.5,0,0.49999999999999994,0.8660254037844387,0.1712931441814776,0.9852201067560606,0,0,0,0
2018-01-11,2018,1,28.3,17.3,11.0,3.0,0.0,5.0,0.0,366.0,0.0,0.0,26.96666666666667,16.166666666666668,10.799999999999999,0.0,27.1,18.2,0,0.49999999999999994,0.8660254037844387,0.1882267098432442,0.9821256058680006,0,0,0,0
2018-01-12,2018,1,29.4,18.7,10.7,4.0,0.0,4.8,0.0,426.0,0.0,0.0,27.333333333333332,17.0,10.333333333333334,0.0,28.3,17.3,0,0.49999999999999994,0.8660254037844387,0.2051044998686192,0.9787400799669153,0,0,0,0
2018-01-13,2018,1,29.2,17.6,11.599999999999998,2.0,0.0,5.5,0.0,252.0,0.0,0.0,28.26666666666667,18.066666666666666,10.200000000000001,0.0,29.4,18.7,0,0.49999999999999994,0.8660254037844387,0.2219215130041655,0.9750645322571948,0,0,0,0
2018-01-14,2018,1,31.0,16.3,14.7,2.0,0.0,4.0,0.0,468.0,0.0,0.0,28.966666666666665,17.866666666666667,11.1,0.0,29.2,17.6,0,0.49999999999999994,0.8660254037844387,0.2386727660059501,0.9711000518829505,0,0,0,0
2018-01-15,2018,1,30.7,16.3,14.399999999999999,3.0,0.0,5.0,0.0,540.0,0.0,0.0,29.866666666666664,17.53333333333333,12.333333333333334,0.0,31.0,16.3,0,0.49999999999999994,0.8660254037844387,0.255353295116187,0.9668478136052775,0,0,0,0
2018-01-16,2018,1,30.5,17.1,13.399999999999999,3.0,0.0,5.2,0.0,540.0,0.0,0.0,30.3,16.733333333333334,13.566666666666665,0.0,30.7,16.3,0,0.49999999999999994,0.8660254037844387,0.2719581575341055,0.9623090774541486,0,0,0,0
2018-01-17,2018,1,29.9,16.8,13.099999999999998,3.0,0.0,5.2,0.0,336.0,0.0,0.0,30.73333333333333,16.566666666666666,14.166666666666666,0.0,30.5,17.1,0,0.49999999999999994,0.8660254037844387,0.288482432880609,0.9574851883550393,0,0,0,0
2018-01-18,2018,1,28.6,15.3,13.3,3.0,0.0,5.0,0.0,402.0,0.0,0.0,30.366666666666664,16.733333333333334,13.633333333333331,0.0,29.9,16.8,0,0.49999999999999994,0.8660254037844387,0.30492122465628907,0.9523775757303974,0,0,0,0
2018-01-19,2018,1,28.7,14.3,14.399999999999999,3.0,0.0,5.0,0.0,528.0,0.0,0.0,29.666666666666668,16.400000000000002,13.266666666666666,0.0,28.6,15.3,0,0.49999999999999994,0.8660254037844387,0.3212696616923644,0.9469877530760753,0,0,0,0
2018-01-20,2018,1,28.0,14.2,13.8,3.0,0.0,4.9,0.0,534.0,0.0,0.0,29.066666666666666,15.466666666666669,13.6,0.0,28.7,14.3,0,0.49999999999999994,0.8660254037844387,0.3375228995941133,0.9413173175128471,0,0,0,0
2018-01-21,2018,1,28.5,14.3,14.2,3.0,0.0,5.0,0.0,546.0,0.0,0.0,28.433333333333334,14.6,13.833333333333334,0.0,28.0,14.2,0,0.49999999999999994,0.8660254037844387,0.3536761221763716,0.9353679493131483,0,0,0,0
2018-01-22,2018,1,29.0,14.4,14.6,3.0,0.0,4.8,0.0,510.0,0.0,0.0,28.400000000000002,14.266666666666666,14.133333333333333,0.0,28.5,14.3,0,0.49999999999999994,0.8660254037844387,0.3697245428906731,0.9291414114031743,0,0,0,0
2018-01-23,2018,1,28.8,15.3,13.5,3.0,0.0,5.5,0.0,468.0,0.0,0.0,28.5,14.299999999999999,14.199999999999998,0.0,29.0,14.4,0,0.49999999999999994,0.8660254037844387,0.38566340624360707,0.9226395488404876,0,0,0,0
2018-01-24,2018,1,29.7,17.2,12.5,2.0,0.0,5.4,0.0,522.0,0.0,0.0,28.766666666666666,14.666666666666666,14.1,0.0,28.8,15.3,0,0.49999999999999994,0.8660254037844387,0.401487989205973,0.9158642882672872,0,0,0,0
2018-01-25,2018,1,29.1,17.1,12.0,2.0,0.0,5.0,0.0,150.0,0.0,0.0,29.166666666666668,15.633333333333335,13.533333333333331,0.0,29.7,17.2,0,0.49999999999999994,0.8660254037844387,0.4171936026123168,0.9088176373395029,0,0,0,0
2018-01-26,2018,1,29.8,16.2,13.600000000000001,2.0,0.0,5.2,0.0,468.0,0.0,0.0,29.2,16.533333333333335,12.666666666666666,0.0,29.1,17.1,0,0.49999999999999994,0.8660254037844387,0.4327755925504312,0.901501684131884,0,0,0,0
2018-01-27,2018,1,29.0,16.0,13.0,3.0,0.0,5.0,0.0,474.0,0.0,0.0,29.53333333333333,16.833333333333332,12.700000000000001,0.0,29.8,16.2,0,0.49999999999999994,0.8660254037844387,0.4482293417404106,0.893918596519257,0,0,0,0
2018-01-28,2018,1,28.2,16.6,11.599999999999998,3.0,0.0,4.9,0.0,408.0,0.0,0.0,29.3,16.433333333333334,12.866666666666667,0.0,29.0,16.0,0,0.49999999999999994,0.8660254037844387,0.4635502709028509,0.886070621534138,0,0,0,0
2018-01-29,2018,1,29.2,16.0,13.2,4.0,0.0,5.0,0.0,450.0,0.0,0.0,29.0,16.26666666666667,12.733333333333334,0.0,28.2,16.6,0,0.49999999999999994,0.8660254037844387,0.47873384011578846,0.8779600847008882,0,0,0,0
2018-01-30,2018,1,29.5,15.7,13.8,4.0,0.0,4.8,0.0,534.0,0.0,0.0,28.8,16.200000000000003,12.6,0.0,29.2,16.0,0,0.49999999999999994,0.8660254037844387,0.4937755501599772,0.869589389346611,0,0,0,0
2018-01-31,2018,1,29.2,15.0,14.2,3.0,0.0,4.8,0.0,504.0,0.0,0.0,28.96666666666667,16.100000000000005,12.866666666666665,0.0,29.5,15.7,0,0.49999999999999994,0.8660254037844387,0.5086709438521044,0.8609610158889943,0,0,0,0
2018-02-01,2018,2,29.6,13.2,16.400000000000002,3.0,0.0,4.0,0.0,540.0,0.0,0.0,29.299999999999997,15.566666666666668,13.733333333333334,0.0,29.2,15.0,0,0.8660254037844386,0.5000000000000001,0.5234156073655503,0.8520775211013093,0,0,0,0
2018-02-02,2018,2,30.4,15.9,14.499999999999998,3.0,0.0,5.0,0.0,552.0,0.0,0.0,29.433333333333334,14.633333333333335,14.800000000000002,0.0,29.6,13.2,0,0.8660254037844386,0.5000000000000001,0.5380051715382996,0.8429415373547828,0,0,0,0
2018-02-03,2018,2,30.1,15.8,14.3,4.0,0.0,5.0,0.0,570.0,0.0,0.0,29.733333333333334,14.700000000000001,15.033333333333333,0.0,30.4,15.9,0,0.8660254037844386,0.5000000000000001,0.5524353131676196,0.8335557718385699,0,0,0,0
2018-02-04,2018,2,29.4,13.4,15.999999999999998,3.0,0.0,5.3,0.0,570.0,0.0,0.0,30.03333333333333,14.966666666666669,15.066666666666668,0.0,30.1,15.8,0,0.8660254037844386,0.5000000000000001,0.5667017562911176,0.8239230057575542,0,0,0,0
2018-02-05,2018,2,30.0,13.7,16.3,3.0,0.0,5.0,0.0,576.0,0.0,0.0,29.96666666666667,15.033333333333337,14.933333333333332,0.0,29.4,13.4,0,0.8660254037844386,0.5000000000000001,0.5808002734538009,0.8140460935082178,0,0,0,0
2018-02-06,2018,2,30.7,18.0,12.7,3.0,0.0,5.0,0.0,522.0,0.0,0.0,29.833333333333332,14.300000000000002,15.533333333333331,0.0,30.0,13.7,0,0.8660254037844386,0.5000000000000001,0.5947266869607634,0.8039279618328213,0,0,0,0
2018-02-07,2018,2,32.3,20.2,12.099999999999998,3.0,0.0,5.4,0.0,468.0,0.0,0.0,30.03333333333333,15.033333333333333,15.0,0.0,30.7,18.0,0,0.8660254037844386,0.5000000000000001,0.6084768701151261,0.7935716089521474,0,0,0,0
2018-02-08,2018,2,30.0,19.2,10.8,3.0,0.4,5.0,25.0,0.0,0.0,0.0,31.0,17.3,13.699999999999998,0.0,32.3,20.2,0,0.8660254037844386,0.5000000000000001,0.6220467484408675,0.7829801036770628,0,0,1,0
2018-02-09,2018,2,29.7,19.7,10.0,2.0,0.4,5.7,0.0,120.0,0.4,0.4,31.0,19.133333333333333,11.866666666666665,0.4,30.0,19.2,0,0.8660254037844386,0.5000000000000001,0.6354323008901774,0.7721565844991642,0,0,1,1
2018-02-10,2018,2,31.6,19.7,11.900000000000002,2.0,1.4,5.0,160.0,210.0,0.8,0.8,30.666666666666668,19.700000000000003,10.966666666666667,0.4,29.7,19.7,1,0.8660254037844386,0.5000000000000001,0.6486295610349814,0.7611042586607747,0,0,1,0
2018-02-11,2018,2,30.7,17.7,13.0,3.0,1.4,5.5,0.0,330.0,2.2,2.2,30.433333333333334,19.533333333333335,10.9,1.4,31.6,19.7,0,0.8660254037844386,0.5000000000000001,0.6616346182422783,0.7498264012045686,0,0,1,0
2018-02-12,2018,2,30.8,18.0,12.8,5.0,1.4,5.0,0.0,444.0,3.2,3.5999999999999996,30.666666666666668,19.033333333333335,11.633333333333335,1.4,30.7,17.7,0,0.8660254037844386,0.5000000000000001,0.6744436188329455,0.7383263540031065,0,0,1,0
2018-02-13,2018,2,30.2,18.5,11.7,4.0,1.4,5.8,0.0,486.0,4.199999999999999,5.0,31.03333333333333,18.46666666666667,12.566666666666668,1.4,30.8,18.0,0,0.8660254037844386,0.5000000000000001,0.6870527672236669,0.7266075247685656,0,0,1,0
2018-02-14,2018,2,29.9,17.9,12.0,4.0,1.4,5.0,0.0,414.0,4.199999999999999,6.3999999999999995,30.566666666666666,18.066666666666666,12.5,1.4,30.2,18.5,0,0.8660254037844386,0.5000000000000001,0.6994583270516471,0.7146733860429609,0,0,1,0
2018-02-15,2018,2,30.7,17.4,13.3,4.0,1.4,5.0,0.0,474.0,4.199999999999999,7.8,30.3,18.133333333333336,12.166666666666666,1.4,29.9,17.9,0,0.8660254037844386,0.5000000000000001,0.7116566222817746,0.7025274741691571,0,0,1,0
2018-02-16,2018,2,31.0,17.6,13.399999999999999,4.0,1.4,5.2,0.0,462.0,4.199999999999999,8.799999999999999,30.266666666666666,17.933333333333334,12.333333333333334,1.4,30.7,17.4,0,0.8660254037844386,0.5000000000000001,0.7236440382959124,0.6901733882429719,0,0,1,0
2018-02-17,2018,2,31.3,17.5,13.8,3.0,1.4,5.8,0.0,582.0,4.199999999999999,9.799999999999999,30.53333333333333,17.633333333333336,12.9,1.4,31.0,17.6,0,0.8660254037844386,0.5000000000000001,0.7354170229639855,0.6776147890466889,0,0,1,0
2018-02-18,2018,2,31.9,17.7,14.2,2.0,0.0,5.0,0.0,486.0,4.199999999999999,9.799999999999999,31.0,17.5,13.5,1.4,31.3,17.5,0,0.8660254037844386,0.5000000000000001,0.7469720876965552,0.6648553979642865,0,0,0,0
2018-02-19,2018,2,32.1,16.8,15.3,4.0,0.0,4.5,0.0,540.0,2.8,8.4,31.399999999999995,17.6,13.799999999999999,0.0,31.9,17.7,0,0.8660254037844386,0.5000000000000001,0.7583058084785624,0.6518989958787126,0,0,0,0
2018-02-20,2018,2,32.2,17.4,14.800000000000004,4.0,0.0,5.2,0.0,582.0,1.4,6.999999999999999,31.766666666666666,17.333333333333332,14.433333333333332,0.0,32.1,16.8,0,0.8660254037844386,0.5000000000000001,0.7694148268839378,0.6387494220515272,0,0,0,0
2018-02-21,2018,2,31.5,17.5,14.0,5.0,0.0,6.0,0.0,570.0,0.0,5.6,32.06666666666667,17.3,14.766666666666667,0.0,32.2,17.4,0,0.8660254037844386,0.5000000000000001,0.7802958510707755,0.6254105729852463,0,0,0,0
2018-02-22,2018,2,31.5,17.8,13.7,3.0,0.0,5.5,0.0,522.0,0.0,4.199999999999999,31.933333333333337,17.233333333333334,14.700000000000003,0.0,31.5,17.5,0,0.8660254037844386,0.5000000000000001,0.7909456567567772,0.6118864012687243,0,0,0,0
2018-02-23,2018,2,32.4,18.4,14.0,4.0,0.0,6.0,0.0,546.0,0.0,2.8,31.733333333333334,17.566666666666666,14.166666666666666,0.0,31.5,17.8,0,0.8660254037844386,0.5000000000000001,0.8013610881746766,0.5981809144059164,0,0,0,0
2018-02-24,2018,2,31.2,15.6,15.6,4.0,0.0,6.5,0.0,576.0,0.0,1.4,31.8,17.900000000000002,13.9,0.0,32.4,18.4,0,0.8660254037844386,0.5000000000000001,0.811539059007361,0.5842981736283684,0,0,0,0
2018-02-25,2018,2,31.2,17.3,13.899999999999999,5.0,0.0,6.0,0.0,558.0,0.0,0.0,31.7,17.26666666666667,14.433333333333332,0.0,31.2,15.6,0,0.8660254037844386,0.5000000000000001,0.8214765533024142,0.5702422926917871,0,0,0,0
2018-02-26,2018,2,32.0,17.8,14.2,4.0,0.0,5.0,0.0,558.0,0.0,0.0,31.599999999999998,17.099999999999998,14.5,0.0,31.2,17.3,0,0.8660254037844386,0.5000000000000001,0.8311706263658079,0.5560174366570446,0,0,0,0
2018-02-27,2018,2,32.7,18.2,14.500000000000004,3.0,0.0,6.1,0.0,588.0,0.0,0.0,31.46666666666667,16.900000000000002,14.566666666666665,0.0,32.0,17.8,0,0.8660254037844386,0.5000000000000001,0.8406184056344782,0.5416278206559814,0,0,0,0
2018-02-28,2018,2,33.0,16.7,16.3,4.0,0.0,5.7,0.0,582.0,0.0,0.0,31.96666666666667,17.76666666666667,14.200000000000001,0.0,32.7,18.2,0,0.8660254037844386,0.5000000000000001,0.8498170915275278,0.5270777086423722,0,0,0,0
2018-03-01,2018,3,33.2,18.2,15.000000000000004,4.0,0.0,6.7,0.0,576.0,0.0,0.0,32.56666666666667,17.566666666666666,15.0,0.0,33.0,16.7,0,1.0,6.123233995736766e-17,0.8587639582758029,0.5123714121284237,1,0,0,0
2018-03-02,2018,3,32.5,18.3,14.2,3.0,0.0,6.2,0.0,528.0,0.0,0.0,32.96666666666667,17.7,15.266666666666671,0.0,33.2,18.2,0,1.0,6.123233995736766e-17,0.8674563547295968,0.49751328890718066,1,0,0,0
2018-03-03,2018,3,33.2,17.5,15.700000000000003,4.0,0.0,6.0,0.0,546.0,0.0,0.0,32.9,17.733333333333334,15.166666666666666,0.0,32.5,18.3,0,1.0,6.123233995736766e-17,0.8758917051442429,0.48250774176121847,1,0,0,0
2018-03-04,2018,3,34.4,18.3,16.099999999999998,3.0,0.0,6.3,0.0,564.0,0.0,0.0,32.96666666666667,18.0,14.966666666666669,0.0,33.2,17.5,0,1.0,6.123233995736766e-17,0.8840675099433636,0.4673592171580022,1,0,0,0
2018-03-05,2018,3,34.0,18.3,15.7,3.0,0.0,6.6,0.0,546.0,0.0,0.0,33.36666666666667,18.033333333333335,15.333333333333334,0.0,34.4,18.3,0,1.0,6.123233995736766e-17,0.8919813464595485,0.45207220393230435,1,0,0,0
2018-03-06,2018,3,34.4,17.5,16.9,3.0,0.0,11.0,0.0,540.0,0.0,0.0,33.86666666666667,18.03333333333333,15.833333333333334,0.0,34.0,18.3,0,1.0,6.123233995736766e-17,0.8996308696522433,0.43665123195606403,1,0,0,0
2018-03-07,2018,3,34.6,16.5,18.1,3.0,0.0,6.5,0.0,576.0,0.0,0.0,34.26666666666667,18.03333333333333,16.23333333333333,0.0,34.4,17.5,0,1.0,6.123233995736766e-17,0.9070138128026359,0.4211008707960896,1,0,0,0
2018-03-08,2018,3,33.5,18.5,15.0,4.0,0.0,5.5,0.0,558.0,0.0,0.0,34.333333333333336,17.433333333333334,16.9,0.0,34.6,16.5,0,1.0,6.123233995736766e-17,0.9141279881853337,0.40542572835999735,1,0,0,0
2018-03-09,2018,3,33.3,17.8,15.499999999999996,3.0,0.0,8.2,0.0,474.0,0.0,0.0,34.166666666666664,17.5,16.666666666666668,0.0,33.5,18.5,0,1.0,6.123233995736766e-17,0.9209712877166346,0.38963044953078796,1,0,0,0
2018-03-10,2018,3,33.5,18.5,15.0,3.0,0.0,6.5,0.0,462.0,0.0,0.0,33.8,17.6,16.2,0.0,33.3,17.8,0,1.0,6.123233995736766e-17,0.9275416835791966,0.37371971479046906,1,0,0,0
2018-03-11,2018,3,32.7,19.7,13.000000000000004,3.0,0.0,6.8,0.0,372.0,0.0,0.0,33.43333333333333,18.266666666666666,15.166666666666666,0.0,33.5,18.5,0,1.0,6.123233995736766e-17,0.9338372288229252,0.35769823883312546,1,0,0,0
2018-03-12,2018,3,33.8,19.5,14.299999999999997,4.0,0.0,6.1,0.0,468.0,0.0,0.0,33.166666666666664,18.666666666666668,14.5,0.0,32.7,19.7,0,1.0,6.123233995736766e-17,0.9398560579418954,0.3415707691678556,1,0,0,0
2018-03-13,2018,3,32.5,20.1,12.399999999999999,4.0,0.0,6.5,0.0,498.0,0.0,0.0,33.333333333333336,19.233333333333334,14.1,0.0,33.8,19.5,0,1.0,6.123233995736766e-17,0.9455963874271426,0.3253420847119801,1,0,0,0
2018-03-14,2018,3,31.6,22.4,9.200000000000003,4.0,0.0,7.0,5.0,462.0,0.0,0.0,33.0,19.766666666666666,13.233333333333334,0.0,32.5,20.1,0,1.0,6.123233995736766e-17,0.9510565162951535,0.30901699437494745,1,0,0,0
2018-03-15,2018,3,32.1,22.7,9.400000000000002,4.0,0.0,6.5,5.0,330.0,0.0,0.0,32.63333333333333,20.666666666666668,11.966666666666667,0.0,31.6,22.4,0,1.0,6.123233995736766e-17,0.9562348265919056,0.29260033563334836,1,0,0,1
2018-03-16,2018,3,32.5,20.9,11.600000000000001,3.0,5.8,6.8,60.0,384.0,0.0,0.0,32.06666666666667,21.73333333333333,10.333333333333334,0.0,32.1,22.7,1,1.0,6.123233995736766e-17,0.9611297838723007,0.27609697309746883,1,0,1,1
2018-03-17,2018,3,32.0,18.9,13.100000000000001,3.0,38.4,4.4,155.0,360.0,5.8,5.8,32.06666666666667,22.0,10.066666666666668,5.8,32.5,20.9,1,1.0,6.123233995736766e-17,0.9657399376548549,0.2595117970697999,1,0,1,1
2018-03-18,2018,3,29.1,20.3,8.8,3.0,0.0,6.5,20.0,276.0,44.199999999999996,44.199999999999996,32.199999999999996,20.833333333333332,11.366666666666669,38.4,32.0,18.9,1,1.0,6.123233995736766e-17,0.9700639218515071,0.2428497220959356,1,0,0,0
2018-03-19,2018,3,30.5,18.7,11.8,3.0,0.0,6.0,0.0,438.0,44.199999999999996,44.199999999999996,31.2,20.03333333333333,11.166666666666666,0.0,29.1,20.3,0,1.0,6.123233995736766e-17,0.9741004551724205,0.22611568550828828,1,0,0,0
2018-03-20,2018,3,31.9,19.5,12.399999999999999,2.0,0.0,5.5,0.0,546.0,38.4,44.199999999999996,30.53333333333333,19.3,11.233333333333334,0.0,30.5,18.7,0,1.0,6.123233995736766e-17,0.9778483415056568,0.20931464596304847,1,0,0,0
2018-03-21,2018,3,33.7,21.4,12.300000000000004,3.0,0.0,6.1,0.0,540.0,0.0,44.199999999999996,30.5,19.5,11.0,0.0,31.9,19.5,0,1.0,6.123233995736766e-17,0.9813064702716093,0.19245158197082998,1,0,0,0
2018-03-22,2018,3,34.1,22.6,11.5,4.0,0.0,6.5,0.0,426.0,0.0,44.199999999999996,32.03333333333333,19.866666666666667,12.166666666666666,0.0,33.7,21.4,0,1.0,6.123233995736766e-17,0.9844738167520922,0.1755314904214282,1,0,0,0
2018-03-23,2018,3,34.0,22.3,11.7,3.0,0.0,7.5,0.0,438.0,0.0,44.199999999999996,33.233333333333334,21.166666666666668,12.066666666666668,0.0,34.1,22.6,0,1.0,6.123233995736766e-17,0.9873494423939864,0.15855938510313478,1,0,0,0
2018-03-24,2018,3,35.1,23.7,11.400000000000002,3.0,0.0,7.0,0.0,534.0,0.0,38.4,33.93333333333334,22.099999999999998,11.833333333333334,0.0,34.0,22.3,0,1.0,6.123233995736766e-17,0.989932495087353,0.141540295217043,1,0,0,0
2018-03-25,2018,3,33.2,21.7,11.500000000000004,3.0,0.0,5.5,0.0,336.0,0.0,0.0,34.4,22.866666666666664,11.533333333333333,0.0,35.1,23.7,0,1.0,6.123233995736766e-17,0.9922222094179323,0.12447926388678915,1,0,0,0
2018-03-26,2018,3,34.1,20.8,13.3,3.0,0.0,5.5,0.0,522.0,0.0,0.0,34.1,22.566666666666666,11.533333333333337,0.0,33.2,21.7,0,1.0,6.123233995736766e-17,0.994217906893952,0.10738134666416309,1,0,0,0
2018-03-27,2018,3,34.4,21.5,12.899999999999999,3.0,0.0,6.8,0.0,462.0,0.0,0.0,34.13333333333333,22.066666666666666,12.066666666666668,0.0,34.1,20.8,0,1.0,6.123233995736766e-17,0.995918996147179,0.09025161003104117,1,0,0,0
2018-03-28,2018,3,34.4,22.3,12.099999999999998,2.0,0.0,5.7,0.0,456.0,0.0,0.0,33.900000000000006,21.333333333333332,12.566666666666668,0.0,34.4,21.5,0,1.0,6.123233995736766e-17,0.9973249731081555,0.07309512989807777,1,0,0,0
2018-03-29,2018,3,33.9,22.7,11.2,4.0,0.0,4.8,0.0,414.0,0.0,0.0,34.3,21.53333333333333,12.766666666666666,0.0,34.4,22.3,0,1.0,6.123233995736766e-17,0.9984354211555643,0.055916990100603484,1,0,0,1
2018-03-30,2018,3,34.0,23.4,10.600000000000001,4.0,0.0,6.0,5.0,306.0,0.0,0.0,34.23333333333333,22.166666666666668,12.066666666666665,0.0,33.9,22.7,1,1.0,6.123233995736766e-17,0.9992500112396835,0.03872228089217446,1,0,0,1
2018-03-31,2018,3,34.8,21.2,13.599999999999998,3.0,3.4,6.0,70.0,336.0,0.0,0.0,34.099999999999994,22.8,11.299999999999999,0.0,34.0,23.4,1,1.0,6.123233995736766e-17,0.9997685019798909,0.021516097436222254,1,0,1,1
2018-04-01,2018,4,33.2,21.2,12.000000000000004,1.0,0.0,6.0,20.0,414.0,3.4,3.4,34.23333333333333,22.433333333333334,11.799999999999999,3.4,34.8,21.2,1,0.8660254037844387,-0.4999999999999998,0.9999907397361901,0.004303538296244289,1,0,0,0
2018-04-02,2018,4,33.5,23.1,10.399999999999999,1.0,0.0,3.8,0.0,456.0,3.4,3.4,34.0,21.933333333333334,12.066666666666668,0.0,33.2,21.2,0,0.8660254037844387,-0.4999999999999998,0.9999166586547379,-0.01291029607500882,1,0,0,1
2018-04-03,2018,4,33.1,19.8,13.3,1.0,13.8,4.6,80.0,342.0,3.4,3.4,33.833333333333336,21.833333333333332,12.0,0.0,33.5,23.1,1,0.8660254037844387,-0.4999999999999998,0.9995462806873573,-0.030120304846908114,1,0,1,0
2018-04-04,2018,4,31.5,21.4,10.100000000000001,0.0,0.0,5.5,0.0,414.0,13.8,17.2,33.26666666666667,21.366666666666664,11.9,13.8,33.1,19.8,0,0.8660254037844387,-0.4999999999999998,0.9988797155850336,-0.04732138832243185,1,0,0,0
2018-04-05,2018,4,32.7,21.0,11.700000000000003,1.0,0.0,5.8,0.0,522.0,13.8,17.200000000000003,32.699999999999996,21.433333333333334,11.266666666666666,0.0,31.5,21.4,0,0.8660254037844387,-0.4999999999999998,0.9979171608653922,-0.06450844944931623,1,0,0,0
2018-04-06,2018,4,33.2,21.3,11.900000000000002,2.0,0.0,6.0,0.0,438.0,13.8,17.200000000000003,32.43333333333333,20.733333333333334,11.700000000000003,0.0,32.7,21.0,0,0.8660254037844387,-0.4999999999999998,0.9966589017541702,-0.08167639533042241,1,0,0,0
2018-04-07,2018,4,33.5,21.6,11.899999999999999,2.0,0.0,7.0,0.0,426.0,0.0,17.200000000000003,32.46666666666667,21.233333333333334,11.233333333333334,0.0,33.2,21.3,0,0.8660254037844387,-0.4999999999999998,0.9951053111006976,-0.09882013873287143,1,0,0,0
2018-04-08,2018,4,32.6,21.0,11.600000000000001,3.0,0.0,5.0,0.0,402.0,0.0,13.8,33.13333333333333,21.3,11.833333333333334,0.0,33.5,21.6,0,0.8660254037844387,-0.4999999999999998,0.9932568492674143,-0.11593459959550041,1,0,0,0
2018-04-09,2018,4,32.7,21.0,11.700000000000003,4.0,0.0,5.3,0.0,534.0,0.0,13.8,33.1,21.3,11.800000000000002,0.0,32.6,21.0,0,0.8660254037844387,-0.4999999999999998,0.9911140639934547,-0.1330147065341959,1,0,0,0
2018-04-10,2018,4,32.4,20.7,11.7,3.0,0.0,5.0,0.0,564.0,0.0,13.8,32.93333333333334,21.2,11.733333333333334,0.0,32.7,21.0,0,0.8660254037844387,-0.4999999999999998,0.9886775902323405,-0.1500553983446526,1,0,0,0
2018-04-11,2018,4,32.2,21.8,10.400000000000002,4.0,0.0,7.0,0.0,510.0,0.0,0.0,32.56666666666667,20.900000000000002,11.666666666666666,0.0,32.4,20.7,0,0.8660254037844387,-0.4999999999999998,0.9859481499638304,-0.16705162550211924,1,0,0,0
2018-04-12,2018,4,33.2,21.9,11.300000000000004,3.0,0.0,5.0,0.0,516.0,0.0,0.0,32.43333333333333,21.166666666666668,11.266666666666667,0.0,32.2,21.8,0,0.8660254037844387,-0.4999999999999998,0.9829265519799822,-0.18399835165768005,1,0,0,0
2018-04-13,2018,4,33.5,21.7,11.8,3.0,0.0,5.8,0.0,510.0,0.0,0.0,32.6,21.46666666666667,11.133333333333335,0.0,33.2,21.9,0,0.8660254037844387,-0.4999999999999998,0.9796136916454901,-0.20089055513063506,1,0,0,0
2018-04-14,2018,4,33.4,23.1,10.299999999999997,3.0,0.0,5.0,0.0,270.0,0.0,0.0,32.96666666666667,21.799999999999997,11.16666666666667,0.0,33.5,21.7,0,0.8660254037844387,-0.4999999999999998,0.9760105506323683,-0.21772323039653177,1,0,0,0
2018-04-15,2018,4,34.6,23.9,10.700000000000003,3.0,0.0,7.5,0.0,444.0,0.0,0.0,33.36666666666667,22.233333333333334,11.133333333333335,0.0,33.4,23.1,0,0.8660254037844387,-0.4999999999999998,0.9721181966290613,-0.23449138957040985,1,0,0,0
2018-04-16,2018,4,33.7,22.6,11.100000000000001,3.0,0.0,6.0,0.0,462.0,0.0,0.0,33.833333333333336,22.900000000000002,10.933333333333332,0.0,34.6,23.9,0,0.8660254037844387,-0.4999999999999998,0.9679377830240642,-0.25119006388481935,1,0,0,1
2018-04-17,2018,4,34.6,22.3,12.3,2.0,11.8,4.3,50.0,402.0,0.0,0.0,33.9,23.2,10.700000000000001,0.0,33.7,22.6,1,0.8660254037844387,-0.4999999999999998,0.9634705485641488,-0.2678143051621742,1,0,1,0
2018-04-18,2018,4,34.1,23.5,10.600000000000001,1.0,11.8,5.9,0.0,468.0,11.8,11.8,34.300000000000004,22.933333333333337,11.366666666666669,11.8,34.6,22.3,0,0.8660254037844387,-0.4999999999999998,0.9587178169872964,-0.2843591872810034,1,0,1,0
2018-04-19,2018,4,34.8,23.9,10.899999999999999,3.0,11.8,7.5,0.0,504.0,23.6,23.6,34.13333333333333,22.8,11.333333333333334,11.8,34.1,23.5,0,0.8660254037844387,-0.4999999999999998,0.9536809966304457,-0.30081980763566735,1,0,1,1
2018-04-20,2018,4,34.0,23.0,11.0,4.0,1.1,5.9,55.0,150.0,35.400000000000006,35.400000000000006,34.5,23.233333333333334,11.266666666666666,11.8,34.8,23.9,1,0.8660254037844387,-0.4999999999999998,0.9483615800121715,-0.3171912885891061,1,0,1,1
2018-04-21,2018,4,34.8,22.2,12.599999999999998,2.0,16.8,3.6,55.0,276.0,24.700000000000003,36.5,34.300000000000004,23.46666666666667,10.833333333333334,1.1,34.0,23.0,1,0.8660254037844387,-0.4999999999999998,0.9427611433904207,-0.3334687789181868,1,0,1,0
2018-04-22,2018,4,34.8,23.5,11.299999999999997,3.0,0.0,5.7,10.0,348.0,29.700000000000003,53.300000000000004,34.53333333333333,23.03333333333333,11.5,16.8,34.8,22.2,0,0.8660254037844387,-0.4999999999999998,0.9368813462954315,-0.3496474552512284,1,0,0,1
2018-04-23,2018,4,33.8,22.0,11.799999999999997,3.0,4.7,4.2,20.0,372.0,17.900000000000002,53.300000000000004,34.53333333333333,22.900000000000002,11.633333333333331,0.0,34.8,23.5,1,0.8660254037844387,-0.4999999999999998,0.9307239310379795,-0.36572252349726897,1,0,1,0
2018-04-24,2018,4,34.2,23.6,10.600000000000001,3.0,0.0,5.5,0.0,426.0,21.5,58.00000000000001,34.46666666666666,22.566666666666666,11.899999999999997,4.7,33.8,22.0,0,0.8660254037844387,-0.4999999999999998,0.9242907221930934,-0.3816892202666588,1,0,0,1
2018-04-25,2018,4,34.0,22.2,11.8,3.0,3.8,3.8,25.0,360.0,4.7,46.2,34.266666666666666,23.03333333333333,11.233333333333333,0.0,34.2,23.6,1,0.8660254037844387,-0.4999999999999998,0.9175836260593937,-0.39754281428255595,1,0,1,0
2018-04-26,2018,4,33.9,22.8,11.099999999999998,3.0,0.6,5.6,10.0,491.0,8.5,38.2,34.0,22.599999999999998,11.4,3.8,34.0,22.2,0,0.8660254037844387,-0.4999999999999998,0.9106046300942163,-0.4132786077829042,1,0,1,0
2018-04-27,2018,4,34.7,22.0,12.700000000000003,3.0,0.5,7.1,20.0,408.0,4.3999999999999995,27.000000000000004,34.03333333333333,22.866666666666664,11.166666666666666,0.6,33.9,22.8,0,0.8660254037844387,-0.4999999999999998,0.9033558023246845,-0.4288919379124835,1,0,1,0
2018-04-28,2018,4,34.2,22.5,11.700000000000003,3.0,0.0,5.5,0.0,498.0,4.8999999999999995,26.400000000000002,34.199999999999996,22.333333333333332,11.866666666666667,0.5,34.7,22.0,0,0.8660254037844387,-0.4999999999999998,0.895839290734909,-0.4443781781046132,1,0,0,0
2018-04-29,2018,4,34.0,23.8,10.2,2.0,0.0,6.0,0.0,438.0,1.1,9.6,34.26666666666667,22.433333333333334,11.833333333333334,0.0,34.2,22.5,0,0.8660254037844387,-0.4999999999999998,0.8880573226294932,-0.45973273945210397,1,0,0,0
2018-04-30,2018,4,34.9,23.2,11.7,3.0,0.3,5.7,5.0,498.0,0.5,9.6,34.300000000000004,22.76666666666667,11.533333333333337,0.0,34.0,23.8,0,0.8660254037844387,-0.4999999999999998,0.8800122039735357,-0.47495107206704995,1,0,1,1
2018-05-01,2018,5,35.2,21.4,13.800000000000004,5.0,5.7,6.8,50.0,390.0,0.3,5.2,34.36666666666667,23.166666666666668,11.200000000000001,0.3,34.9,23.2,1,0.49999999999999994,-0.8660254037844387,0.8717063187093219,-0.49002866642905923,1,0,1,1
2018-05-02,2018,5,32.8,21.3,11.499999999999996,4.0,0.0,5.9,5.0,204.0,6.0,10.9,34.7,22.8,11.9,5.7,35.2,21.4,1,0.49999999999999994,-0.8660254037844387,0.8631421280499114,-0.5049610547215204,1,0,0,1
2018-05-03,2018,5,34.0,22.2,11.8,4.0,0.8,7.3,10.0,288.0,6.0,7.1000000000000005,34.3,21.96666666666667,12.333333333333334,0.0,32.8,21.3,1,0.49999999999999994,-0.8660254037844387,0.854322169749827,-0.5197438121555155,1,0,1,1
2018-05-04,2018,5,33.7,19.3,14.400000000000002,3.0,15.3,6.3,330.0,234.0,6.5,7.300000000000001,34.0,21.63333333333333,12.366666666666667,0.8,34.0,22.2,1,0.49999999999999994,-0.8660254037844387,0.8452490573530633,-0.5343725582809786,1,0,1,0
2018-05-05,2018,5,32.0,22.0,10.0,2.0,0.0,5.8,0.0,462.0,16.1,22.1,33.5,20.933333333333334,12.566666666666668,15.3,33.7,19.3,0,0.49999999999999994,-0.8660254037844387,0.8359254794186372,-0.548842958284719,1,0,0,0
2018-05-06,2018,5,32.2,22.7,9.500000000000004,2.0,0.0,5.9,0.0,342.0,16.1,22.1,33.233333333333334,21.166666666666668,12.066666666666668,0.0,32.0,22.0,0,0.49999999999999994,-0.8660254037844387,0.8263541987239096,-0.5631507242749186,1,0,0,0
2018-05-07,2018,5,33.5,23.4,10.100000000000001,4.0,0.0,5.5,0.0,348.0,15.3,22.1,32.63333333333333,21.333333333333332,11.300000000000002,0.0,32.2,22.7,0,0.49999999999999994,-0.8660254037844387,0.8165380514459161,-0.5772916165517272,1,0,0,0
2018-05-08,2018,5,33.5,23.4,10.100000000000001,3.0,0.0,5.2,0.0,396.0,0.0,21.8,32.56666666666667,22.7,9.866666666666669,0.0,33.5,23.4,0,0.49999999999999994,-0.8660254037844387,0.8064799463209448,-0.5912614448635781,1,0,0,1
2018-05-09,2018,5,32.8,21.8,10.999999999999996,4.0,0.0,7.2,5.0,120.0,0.0,16.1,33.06666666666667,23.166666666666668,9.900000000000002,0.0,33.5,23.4,1,0.49999999999999994,-0.8660254037844387,0.7961828637826158,-0.6050560696488488,1,0,0,0
2018-05-10,2018,5,32.0,22.5,9.5,4.0,0.0,5.6,0.0,168.0,0.0,16.1,33.266666666666666,22.866666666666664,10.4,0.0,32.8,21.8,0,0.49999999999999994,-0.8660254037844387,0.7856498550787147,-0.6186714032625031,1,0,0,1
2018-05-11,2018,5,34.0,19.4,14.600000000000001,3.0,49.5,4.5,85.0,282.0,0.0,15.3,32.766666666666666,22.566666666666666,10.2,0.0,32.0,22.5,1,0.49999999999999994,-0.8660254037844387,0.7748840413670407,-0.6321034111873487,1,0,1,1
2018-05-12,2018,5,32.2,19.8,12.400000000000002,3.0,34.2,6.7,120.0,456.0,49.5,49.5,32.93333333333333,21.23333333333333,11.699999999999998,49.5,34.0,19.4,1,0.49999999999999994,-0.8660254037844387,0.7638886127905428,-0.6453481132295501,1,0,1,1
2018-05-13,2018,5,32.0,21.6,10.399999999999999,3.0,0.0,6.6,0.0,456.0,83.7,83.7,32.733333333333334,20.566666666666666,12.166666666666666,34.2,32.2,19.8,1,0.49999999999999994,-0.8660254037844387,0.7526668275320084,-0.6584015846980488,1,0,0,1
2018-05-14,2018,5,32.0,21.0,11.0,2.0,17.9,2.6,100.0,336.0,83.7,83.7,32.733333333333334,20.266666666666666,12.466666666666669,0.0,32.0,21.6,1,0.49999999999999994,-0.8660254037844387,0.741222010848596,-0.6712599575675313,1,0,1,1
2018-05-15,2018,5,31.4,20.6,10.799999999999997,3.0,16.4,5.8,130.0,240.0,52.1,101.6,32.06666666666667,20.8,11.266666666666666,17.9,32.0,21.0,1,0.49999999999999994,-0.8660254037844387,0.7295575540864875,-0.6839194216246106,1,0,1,1
2018-05-16,2018,5,32.4,20.7,11.7,2.0,4.4,8.8,140.0,312.0,34.3,118.0,31.8,21.066666666666666,10.733333333333333,16.4,31.4,20.6,1,0.49999999999999994,-0.8660254037844387,0.717676913675962,-0.6963762255968722,1,0,1,0
2018-05-17,2018,5,31.0,21.9,9.100000000000001,2.0,0.0,5.2,0.0,258.0,38.699999999999996,122.4,31.933333333333334,20.766666666666666,11.166666666666666,4.4,32.4,20.7,0,0.49999999999999994,-0.8660254037844387,0.705583610107178,-0.7086266782644596,1,0,0,0
2018-05-18,2018,5,32.1,22.3,9.8,3.0,0.0,8.2,0.0,306.0,20.799999999999997,122.4,31.599999999999998,21.066666666666666,10.533333333333333,0.0,31.0,21.9,0,0.49999999999999994,-0.8660254037844387,0.6932812268869777,-0.7206671495538609,1,0,0,1
2018-05-19,2018,5,30.8,21.4,9.400000000000002,3.0,6.8,4.8,15.0,342.0,4.4,72.9,31.833333333333332,21.63333333333333,10.200000000000001,0.0,32.1,22.3,1,0.49999999999999994,-0.8660254037844387,0.6807734094770161,-0.7324940716135789,1,0,1,1
2018-05-20,2018,5,32.4,20.5,11.899999999999999,4.0,8.6,8.1,110.0,222.0,6.8,45.5,31.3,21.866666666666664,9.433333333333335,6.8,30.8,21.4,1,0.49999999999999994,-0.8660254037844387,0.6680638642135335,-0.7441039398713607,1,0,1,1
2018-05-21,2018,5,32.4,21.6,10.799999999999997,3.0,0.0,4.8,5.0,336.0,15.399999999999999,54.099999999999994,31.766666666666666,21.400000000000002,10.366666666666667,8.6,32.4,20.5,1,0.49999999999999994,-0.8660254037844387,0.6551563572090853,-0.7554933140726803,1,0,0,1
2018-05-22,2018,5,30.6,20.5,10.100000000000001,4.0,9.4,4.8,95.0,72.0,15.4,36.2,31.866666666666664,21.166666666666668,10.699999999999998,0.0,32.4,21.6,1,0.49999999999999994,-0.8660254037844387,0.6420547132365637,-0.766658819300159,1,0,1,0
2018-05-23,2018,5,31.6,22.5,9.100000000000001,2.0,0.0,6.2,0.0,72.0,18.0,29.200000000000003,31.8,20.866666666666664,10.933333333333332,9.4,30.6,20.5,0,0.49999999999999994,-0.8660254037844387,0.6287628145958344,-0.777597146973627,1,0,0,1
2018-05-24,2018,5,31.9,20.3,11.599999999999998,3.0,24.9,5.5,35.0,258.0,9.4,24.800000000000004,31.53333333333333,21.53333333333333,10.0,0.0,31.6,22.5,1,0.49999999999999994,-0.8660254037844387,0.6152845999633276,-0.7883050558305255,1,0,1,0
2018-05-25,2018,5,32.0,22.1,9.899999999999999,3.0,0.0,7.0,0.0,245.0,34.3,49.7,31.366666666666664,21.1,10.266666666666667,24.9,31.9,20.3,0,0.49999999999999994,-0.8660254037844387,0.6016240632249226,-0.7987793728863649,1,0,0,1
2018-05-26,2018,5,29.7,21.1,8.599999999999998,3.0,32.9,4.6,465.0,78.0,24.9,49.7,31.833333333333332,21.633333333333336,10.2,0.0,32.0,22.1,1,0.49999999999999994,-0.8660254037844387,0.5877852522924732,-0.8090169943749473,1,0,1,1
2018-05-27,2018,5,30.8,22.0,8.8,2.0,2.5,5.9,10.0,180.0,57.8,75.8,31.2,21.166666666666668,10.033333333333331,32.9,29.7,21.1,1,0.49999999999999994,-0.8660254037844387,0.5737722679043246,-0.8190148866680801,1,0,1,1
2018-05-28,2018,5,32.0,22.3,9.7,3.0,0.0,6.0,2.0,486.0,35.4,69.7,30.833333333333332,21.733333333333334,9.1,2.5,30.8,22.0,1,0.49999999999999994,-0.8660254037844387,0.5595892624101765,-0.8287700871745038,1,0,0,0
2018-05-29,2018,5,32.2,22.4,9.800000000000004,5.0,0.0,7.0,0.0,390.0,35.4,69.7,30.833333333333332,21.8,9.033333333333333,0.0,32.0,22.3,0,0.49999999999999994,-0.8660254037844387,0.545240438540651,-0.8382797052177744,1,0,0,0
2018-05-30,2018,5,30.5,22.1,8.399999999999999,7.0,0.0,6.0,0.0,594.0,2.5,60.3,31.666666666666668,22.233333333333334,9.433333333333335,0.0,32.2,22.4,0,0.49999999999999994,-0.8660254037844387,0.5307300481619334,-0.8475409228928311,1,0,0,1
2018-05-31,2018,5,29.7,20.9,8.8,5.0,10.5,5.6,205.0,78.0,0.0,60.3,31.566666666666663,22.266666666666666,9.3,0.0,30.5,22.1,1,0.49999999999999994,-0.8660254037844387,0.5160623910158528,-0.8565509959010036,1,0,1,0
2018-06-01,2018,6,30.3,22.8,7.5,4.0,0.0,5.0,0.0,240.0,10.5,45.9,30.799999999999997,21.8,9.000000000000002,10.5,29.7,20.9,0,1.2246467991473532e-16,-1.0,0.5012418134457758,-0.865307254363206,2,0,0,1
2018-06-02,2018,6,31.0,20.9,10.100000000000001,3.0,1.6,3.6,170.0,18.0,10.5,45.9,30.166666666666668,21.933333333333334,8.233333333333333,0.0,30.3,22.8,1,1.2246467991473532e-16,-1.0,0.48627270710869,-0.8738071036110808,2,0,1,1
2018-06-03,2018,6,29.5,20.8,8.7,3.0,19.5,5.0,90.0,276.0,12.1,14.6,30.333333333333332,21.53333333333333,8.8,1.6,31.0,20.9,1,1.2246467991473532e-16,-1.0,0.4711595076738638,-0.8820480249558537,2,0,1,1
2018-06-04,2018,6,30.4,21.0,9.399999999999999,4.0,6.2,4.8,80.0,258.0,21.1,31.6,30.266666666666662,21.5,8.766666666666667,19.5,29.5,20.8,1,1.2246467991473532e-16,-1.0,0.4559066935084588,-0.8900275764346767,2,0,1,0
2018-06-05,2018,6,28.8,21.2,7.600000000000001,5.0,0.0,5.7,5.0,156.0,27.3,37.800000000000004,30.299999999999997,20.900000000000002,9.4,6.2,30.4,21.0,0,1.2246467991473532e-16,-1.0,0.440518784350495,-0.8977433935342337,2,0,0,0
2018-06-06,2018,6,29.7,21.9,7.800000000000001,5.0,0.0,5.0,15.0,378.0,25.7,37.800000000000004,29.566666666666663,21.0,8.566666666666666,0.0,28.8,21.2,0,1.2246467991473532e-16,-1.0,0.42500033996955416,-0.9051931898913974,2,0,0,0
2018-06-07,2018,6,30.1,21.7,8.400000000000002,7.0,0.0,4.8,5.0,504.0,6.2,37.800000000000004,29.63333333333333,21.366666666666664,8.266666666666667,0.0,29.7,21.9,0,1.2246467991473532e-16,-1.0,0.4093559588156213,-0.9123747579707273,2,0,0,0
2018-06-08,2018,6,29.0,21.5,7.5,9.0,0.0,5.0,5.0,84.0,0.0,27.3,29.53333333333333,21.599999999999998,7.9333333333333345,0.0,30.1,21.7,0,1.2246467991473532e-16,-1.0,0.39359027665646673,-0.9192859697186104,2,0,0,0
2018-06-09,2018,6,25.8,20.8,5.0,8.0,3.8,3.9,137.0,0.0,0.0,27.3,29.599999999999998,21.7,7.900000000000001,0.0,29.0,21.5,0,1.2246467991473532e-16,-1.0,0.3777079652039649,-0.9259247771938498,2,0,1,0
2018-06-10,2018,6,24.5,20.5,4.0,7.0,1.2,1.4,75.0,0.0,3.8,29.5,28.299999999999997,21.333333333333332,6.966666666666668,3.8,25.8,20.8,0,1.2246467991473532e-16,-1.0,0.36171373072976765,-0.9322892131745133,2,0,1,0
2018-06-11,2018,6,25.9,21.0,4.899999999999999,7.0,2.1,2.1,165.0,24.0,5.0,11.2,26.433333333333334,20.933333333333334,5.5,1.2,24.5,20.5,0,1.2246467991473532e-16,-1.0,0.3456123126707335,-0.9383773917408641,2,0,1,0
2018-06-12,2018,6,26.5,21.0,5.5,5.0,0.0,5.0,5.0,0.0,7.1,7.1,25.399999999999995,20.766666666666666,4.633333333333333,2.1,25.9,21.0,0,1.2246467991473532e-16,-1.0,0.3294084822245304,-0.9441875088341993,2,0,0,0
2018-06-13,2018,6,28.3,20.8,7.5,5.0,0.0,5.0,0.0,18.0,3.3,7.1,25.63333333333333,20.833333333333332,4.8,0.0,26.5,21.0,0,1.2246467991473532e-16,-1.0,0.3131070409358269,-0.9497178427914316,2,0,0,0
2018-06-14,2018,6,27.9,21.0,6.899999999999999,6.0,3.6,4.7,25.0,84.0,2.0999999999999996,7.1,26.899999999999995,20.933333333333334,5.966666666666666,0.0,28.3,20.8,0,1.2246467991473532e-16,-1.0,0.29671281927349075,-0.9549667548552551,2,0,1,0
2018-06-15,2018,6,27.5,20.5,7.0,6.0,4.2,5.4,75.0,54.0,3.6,10.7,27.566666666666663,20.933333333333334,6.633333333333333,3.6,27.9,21.0,0,1.2246467991473532e-16,-1.0,0.2802306751992159,-0.9599326896597447,2,0,1,1
2018-06-16,2018,6,31.0,20.1,10.899999999999999,5.0,16.2,4.9,275.0,384.0,7.800000000000001,14.9,27.899999999999995,20.766666666666666,7.133333333333333,4.2,27.5,20.5,1,1.2246467991473532e-16,-1.0,0.26366549272800704,-0.9646141756912435,2,0,1,1
2018-06-17,2018,6,30.0,20.9,9.100000000000001,4.0,11.0,0.5,55.0,450.0,24.0,27.3,28.799999999999997,20.533333333333335,8.266666666666666,16.2,31.0,20.1,1,1.2246467991473532e-16,-1.0,0.24702218048093552,-0.9690098257244062,2,0,1,1
2018-06-18,2018,6,28.7,20.3,8.399999999999999,7.0,3.3,3.0,45.0,318.0,31.4,37.1,29.5,20.5,9.0,11.0,30.0,20.9,1,1.2246467991473532e-16,-1.0,0.23030567023061221,-0.9731183372332619,2,0,1,1
2018-06-19,2018,6,28.9,20.1,8.799999999999997,8.0,0.2,4.7,15.0,510.0,30.5,38.3,29.899999999999995,20.433333333333334,9.466666666666667,3.3,28.7,20.3,1,1.2246467991473532e-16,-1.0,0.21352091543979612,-0.9769384927771817,2,0,1,0
2018-06-20,2018,6,29.1,20.7,8.400000000000002,9.0,0.0,4.5,5.0,444.0,14.5,38.5,29.2,20.433333333333334,8.766666666666666,0.2,28.9,20.1,0,1.2246467991473532e-16,-1.0,0.19667288979357647,-0.980469160361632,2,0,0,0
2018-06-21,2018,6,28.0,20.9,7.100000000000001,9.0,0.0,6.1,0.0,210.0,3.5,38.5,28.899999999999995,20.36666666666667,8.533333333333333,0.0,29.1,20.7,0,1.2246467991473532e-16,-1.0,0.1797665857255624,-0.9837092937736097,2,0,0,0
2018-06-22,2018,6,28.0,19.7,8.3,7.0,0.0,6.0,5.0,108.0,0.2,34.9,28.66666666666666,20.566666666666666,8.1,0.0,28.0,20.9,0,1.2246467991473532e-16,-1.0,0.16280701293851715,-0.986657932891657,2,0,0,0
2018-06-23,2018,6,28.0,20.3,7.699999999999999,6.0,1.2,5.3,113.0,210.0,0.0,30.7,28.366666666666664,20.433333333333334,7.9333333333333345,0.0,28.0,19.7,0,1.2246467991473532e-16,-1.0,0.1457991969198751,-0.9893142039703663,2,0,1,0
2018-06-24,2018,6,27.8,19.7,8.100000000000001,5.0,12.2,0.6,165.0,144.0,1.2,15.7,28.0,20.299999999999997,7.7,1.2,28.0,20.3,0,1.2246467991473532e-16,-1.0,0.12874817745258132,-0.99167731989929,2,0,1,0
2018-06-25,2018,6,27.8,20.1,7.699999999999999,7.0,0.0,5.8,0.0,132.0,13.399999999999999,16.9,27.933333333333326,19.900000000000002,8.033333333333333,12.2,27.8,19.7,0,1.2246467991473532e-16,-1.0,0.11165900712169512,-0.993746580436178,2,0,0,0
2018-06-26,2018,6,29.1,20.2,8.900000000000002,8.0,0.0,5.6,8.0,216.0,13.399999999999999,13.599999999999998,27.866666666666664,20.033333333333335,7.833333333333333,0.0,27.8,20.1,0,1.2246467991473532e-16,-1.0,0.09453674981719912,-0.9955213724144752,2,0,0,0
2018-06-27,2018,6,28.0,20.1,7.899999999999999,21.0,0.0,5.2,0.0,306.0,12.2,13.399999999999999,28.23333333333333,20.0,8.233333333333334,0.0,29.1,20.2,0,1.2246467991473532e-16,-1.0,0.07738647923346301,-0.9970011699250151,2,0,0,0
2018-06-28,2018,6,26.2,20.0,6.199999999999999,7.0,5.2,5.0,40.0,0.0,0.0,13.399999999999999,28.299999999999997,20.133333333333336,8.166666666666666,0.0,28.0,20.1,0,1.2246467991473532e-16,-1.0,0.06021327736579302,-0.9981855344718586,2,0,1,0
2018-06-29,2018,6,25.2,20.1,5.099999999999998,6.0,0.0,4.0,5.0,0.0,5.2,18.599999999999998,27.766666666666666,20.099999999999998,7.666666666666667,5.2,26.2,20.0,0,1.2246467991473532e-16,-1.0,0.04302223300453059,-0.99907411510223,2,0,0,0
2018-06-30,2018,6,27.7,19.5,8.2,5.0,0.0,5.2,5.0,54.0,5.2,18.599999999999998,26.466666666666665,20.066666666666666,6.399999999999999,0.0,25.2,20.1,0,1.2246467991473532e-16,-1.0,0.02581844022713308,-0.9996666485105112,2,0,0,0
2018-07-17,2018,7,27.7,19.5,8.2,6.0,1.5,4.8,10.0,132.0,5.2,17.4,26.366666666666664,19.86666666666667,6.499999999999999,0.0,27.7,19.5,0,-0.4999999999999997,-0.8660254037844388,-0.2636654927280072,-0.9646141756912435,2,0,1,0
2018-07-19,2018,7,27.7,19.5,8.2,6.0,0.0,4.8,10.0,132.0,1.5,6.7,26.45,19.800000000000004,6.649999999999999,1.5,,,0,-0.4999999999999997,-0.8660254037844388,-0.2967128192734901,-0.9549667548552553,2,0,0,0
2018-07-29,2018,7,27.7,19.5,8.2,6.0,11.9,4.8,10.0,132.0,1.5,6.7,27.7,19.5,8.2,0.0,,,0,-0.4999999999999997,-0.8660254037844388,-0.455906693508459,-0.8900275764346766,2,0,1,0
2018-08-01,2018,8,27.3,19.4,7.900000000000002,5.0,5.4,5.0,15.0,216.0,13.4,18.6,,,,11.9,,,0,-0.8660254037844384,-0.5000000000000004,-0.5012418134457756,-0.8653072543632061,2,0,1,0
2018-08-02,2018,8,28.6,18.7,9.900000000000002,5.0,15.0,5.0,15.0,216.0,17.3,24.0,27.3,19.4,7.900000000000002,5.4,27.3,19.4,0,-0.8660254037844384,-0.5000000000000004,-0.5160623910158526,-0.8565509959010037,2,0,1,0
2018-08-03,2018,8,28.8,19.0,9.8,5.0,0.0,5.0,15.0,216.0,32.3,33.8,27.949999999999996,19.049999999999997,8.900000000000002,15.0,28.6,18.7,0,-0.8660254037844384,-0.5000000000000004,-0.5307300481619331,-0.8475409228928312,2,0,0,0
2018-08-04,2018,8,27.8,20.1,7.699999999999999,5.0,2.5,5.0,15.0,216.0,20.400000000000002,33.8,28.23333333333333,19.03333333333333,9.200000000000001,0.0,28.8,19.0,0,-0.8660254037844384,-0.5000000000000004,-0.5452404385406507,-0.8382797052177745,2,0,1,0
2018-08-05,2018,8,28.1,20.3,7.800000000000001,5.0,0.0,5.0,15.0,216.0,17.5,36.3,28.400000000000002,19.266666666666666,9.133333333333335,2.5,27.8,20.1,0,-0.8660254037844384,-0.5000000000000004,-0.5595892624101763,-0.828770087174504,2,0,0,0
2018-08-06,2018,8,27.7,20.2,7.5,5.0,0.5,5.0,15.0,216.0,2.5,34.8,28.23333333333333,19.8,8.433333333333334,0.0,28.1,20.3,0,-0.8660254037844384,-0.5000000000000004,-0.5737722679043243,-0.8190148866680802,2,0,1,0
2018-08-07,2018,8,25.4,19.7,5.699999999999999,5.0,11.4,5.0,15.0,216.0,3.0,35.3,27.866666666666664,20.200000000000003,7.666666666666667,0.5,27.7,20.2,0,-0.8660254037844384,-0.5000000000000004,-0.5877852522924734,-0.8090169943749472,2,0,1,0
2018-08-08,2018,8,26.0,20.0,6.0,5.0,3.6,5.0,15.0,216.0,11.9,34.8,27.066666666666663,20.066666666666666,7.0,11.4,25.4,19.7,0,-0.8660254037844384,-0.5000000000000004,-0.6016240632249227,-0.7987793728863648,2,0,1,0
2018-08-09,2018,8,28.2,20.2,8.0,5.0,8.8,5.0,15.0,216.0,15.5,33.0,26.366666666666664,19.966666666666665,6.3999999999999995,3.6,26.0,20.0,0,-0.8660254037844384,-0.5000000000000004,-0.6152845999633277,-0.7883050558305253,2,0,1,0
2018-08-10,2018,8,26.5,20.5,6.0,5.0,0.0,5.0,15.0,216.0,23.8,26.8,26.53333333333333,19.96666666666667,6.566666666666666,8.8,28.2,20.2,0,-0.8660254037844384,-0.5000000000000004,-0.6287628145958345,-0.7775971469736268,2,0,0,0
2018-08-11,2018,8,25.6,20.0,5.600000000000001,5.0,1.8,5.0,15.0,216.0,12.4,26.799999999999997,26.899999999999995,20.233333333333334,6.666666666666667,0.0,26.5,20.5,0,-0.8660254037844384,-0.5000000000000004,-0.6420547132365636,-0.7666588193001592,2,0,1,0
2018-08-12,2018,8,24.6,20.2,4.400000000000002,5.0,2.2,5.0,15.0,216.0,10.600000000000001,26.099999999999998,26.766666666666666,20.233333333333334,6.533333333333334,1.8,25.6,20.0,0,-0.8660254037844384,-0.5000000000000004,-0.655156357209085,-0.7554933140726804,2,0,1,0
2018-08-13,2018,8,24.8,19.4,5.400000000000002,5.0,3.2,5.0,15.0,216.0,4.0,28.299999999999997,25.566666666666663,20.23333333333333,5.333333333333335,2.2,24.6,20.2,0,-0.8660254037844384,-0.5000000000000004,-0.6680638642135333,-0.7441039398713608,2,0,1,0
2018-08-14,2018,8,25.7,19.6,6.099999999999998,5.0,0.0,5.0,15.0,216.0,7.2,30.999999999999996,25.0,19.866666666666667,5.1333333333333355,3.2,24.8,19.4,0,-0.8660254037844384,-0.5000000000000004,-0.680773409477016,-0.732494071613579,2,0,0,0
2018-08-15,2018,8,25.7,20.1,5.599999999999998,5.0,6.4,5.0,15.0,216.0,5.4,19.599999999999998,25.03333333333333,19.73333333333333,5.300000000000001,0.0,25.7,19.6,0,-0.8660254037844384,-0.5000000000000004,-0.6932812268869771,-0.7206671495538615,2,0,1,0
2018-08-16,2018,8,25.5,20.2,5.300000000000001,5.0,10.6,5.0,15.0,216.0,9.600000000000001,22.4,25.399999999999995,19.7,5.699999999999999,6.4,25.7,20.1,0,-0.8660254037844384,-0.5000000000000004,-0.7055836101071774,-0.70862667826446,2,0,1,0
2018-08-17,2018,8,27.5,20.3,7.199999999999999,5.0,0.6,5.0,15.0,216.0,17.0,24.2,25.63333333333333,19.96666666666667,5.666666666666665,10.6,25.5,20.2,0,-0.8660254037844384,-0.5000000000000004,-0.7176769136759615,-0.6963762255968726,2,0,1,0
2018-08-18,2018,8,27.4,20.0,7.399999999999999,5.0,0.0,5.0,15.0,216.0,17.6,24.8,26.23333333333333,20.2,6.033333333333332,0.6,27.5,20.3,0,-0.8660254037844384,-0.5000000000000004,-0.7295575540864876,-0.6839194216246105,2,0,0,0
2018-08-19,2018,8,26.5,20.2,6.300000000000001,5.0,0.0,5.0,15.0,216.0,11.2,23.0,26.799999999999997,20.166666666666668,6.633333333333333,0.0,27.4,20.0,0,-0.8660254037844384,-0.5000000000000004,-0.7412220108485957,-0.6712599575675315,2,0,0,0
2018-08-20,2018,8,26.5,20.2,6.300000000000001,5.0,0.0,5.0,15.0,216.0,0.6,20.8,27.13333333333333,20.166666666666668,6.966666666666666,0.0,26.5,20.2,0,-0.8660254037844384,-0.5000000000000004,-0.7526668275320083,-0.6584015846980489,2,0,0,0
2018-08-21,2018,8,28.2,19.7,8.5,5.0,0.0,5.0,15.0,216.0,0.0,17.6,26.799999999999997,20.133333333333333,6.666666666666667,0.0,26.5,20.2,0,-0.8660254037844384,-0.5000000000000004,-0.7638886127905429,-0.64534811322955,2,0,0,0
2018-08-22,2018,8,28.0,19.7,8.3,5.0,0.0,5.0,15.0,216.0,0.0,17.6,27.066666666666663,20.03333333333333,7.033333333333334,0.0,28.2,19.7,0,-0.8660254037844384,-0.5000000000000004,-0.7748840413670406,-0.6321034111873488,2,0,0,0
2018-08-23,2018,8,28.8,20.5,8.3,5.0,0.1,5.0,15.0,216.0,0.0,11.199999999999998,27.566666666666663,19.866666666666664,7.7,0.0,28.0,19.7,0,-0.8660254037844384,-0.5000000000000004,-0.7856498550787144,-0.6186714032625032,2,0,1,0
2018-08-24,2018,8,27.4,19.9,7.5,5.0,3.2,5.0,15.0,216.0,0.1,0.7,28.333333333333332,19.966666666666665,8.366666666666667,0.1,28.8,20.5,0,-0.8660254037844384,-0.5000000000000004,-0.7961828637826154,-0.6050560696488494,2,0,1,0
2018-08-25,2018,8,28.5,19.8,8.7,5.0,41.6,5.0,15.0,216.0,3.3000000000000003,3.3000000000000003,28.066666666666663,20.033333333333335,8.033333333333333,3.2,27.4,19.9,0,-0.8660254037844384,-0.5000000000000004,-0.8064799463209447,-0.5912614448635783,2,0,1,0
2018-08-26,2018,8,28.3,20.3,8.0,5.0,0.0,5.0,15.0,216.0,44.9,44.9,28.23333333333333,20.066666666666666,8.166666666666666,41.6,28.5,19.8,0,-0.8660254037844384,-0.5000000000000004,-0.8165380514459157,-0.5772916165517278,2,0,0,0
2018-08-27,2018,8,26.2,19.5,6.699999999999999,5.0,8.3,5.0,15.0,216.0,44.8,44.9,28.066666666666663,20.0,8.066666666666666,0.0,28.3,20.3,0,-0.8660254037844384,-0.5000000000000004,-0.8263541987239094,-0.5631507242749189,2,0,1,0
2018-08-28,2018,8,27.2,19.6,7.599999999999998,5.0,0.5,5.0,15.0,216.0,49.900000000000006,53.2,27.666666666666668,19.866666666666667,7.8,8.3,26.2,19.5,0,-0.8660254037844384,-0.5000000000000004,-0.8359254794186365,-0.5488429582847199,2,0,1,0
2018-08-29,2018,8,28.2,20.0,8.2,5.0,8.5,5.0,15.0,216.0,8.8,53.7,27.23333333333333,19.8,7.433333333333333,0.5,27.2,19.6,0,-0.8660254037844384,-0.5000000000000004,-0.8452490573530633,-0.5343725582809785,2,0,1,0
2018-08-30,2018,8,28.8,20.3,8.5,5.0,3.0,5.0,15.0,216.0,17.3,62.2,27.2,19.7,7.499999999999999,8.5,28.2,20.0,0,-0.8660254037844384,-0.5000000000000004,-0.8543221697498269,-0.5197438121555157,2,0,1,0
2018-08-31,2018,8,28.3,20.3,8.0,5.0,19.7,5.0,15.0,216.0,12.0,65.1,28.066666666666663,19.96666666666667,8.1,3.0,28.8,20.3,0,-0.8660254037844384,-0.5000000000000004,-0.8631421280499115,-0.5049610547215202,2,0,1,0
2018-09-01,2018,9,28.3,20.0,8.3,5.0,0.0,5.0,5.0,150.0,31.2,81.6,28.433333333333326,20.2,8.233333333333333,19.7,28.3,20.3,0,-1.0,-1.8369701987210297e-16,-0.8717063187093217,-0.4900286664290594,2,0,0,0
2018-09-02,2018,9,28.2,20.3,7.899999999999999,5.0,0.2,5.0,15.0,198.0,22.7,40.0,28.466666666666665,20.2,8.266666666666667,0.0,28.3,20.0,0,-1.0,-1.8369701987210297e-16,-0.8800122039735356,-0.4749510720670502,2,0,1,0
2018-09-03,2018,9,29.3,19.7,9.600000000000001,6.0,0.0,5.0,0.0,396.0,19.9,40.2,28.266666666666666,20.2,8.066666666666666,0.2,28.2,20.3,0,-1.0,-1.8369701987210297e-16,-0.888057322629493,-0.4597327394521046,2,0,0,0
2018-09-04,2018,9,29.8,19.7,10.100000000000001,5.0,0.0,5.5,0.0,510.0,0.2,31.9,28.599999999999998,20.0,8.6,0.0,29.3,19.7,0,-1.0,-1.8369701987210297e-16,-0.8958392907349089,-0.4443781781046134,2,0,0,0
2018-09-05,2018,9,29.9,20.4,9.5,5.0,0.0,5.5,0.0,540.0,0.2,31.4,29.099999999999998,19.900000000000002,9.200000000000001,0.0,29.8,19.7,0,-1.0,-1.8369701987210297e-16,-0.9033558023246842,-0.4288919379124841,2,0,0,0
2018-09-06,2018,9,29.2,19.9,9.3,6.0,0.0,5.4,0.0,450.0,0.0,22.9,29.666666666666668,19.933333333333334,9.733333333333334,0.0,29.9,20.4,0,-1.0,-1.8369701987210297e-16,-0.9106046300942162,-0.41327860778290443,2,0,0,0
2018-09-07,2018,9,29.2,20.3,8.899999999999999,6.0,0.0,5.2,5.0,408.0,0.0,19.9,29.63333333333333,20.0,9.633333333333335,0.0,29.2,19.9,0,-1.0,-1.8369701987210297e-16,-0.9175836260593934,-0.3975428142825566,2,0,0,0
2018-09-08,2018,9,29.1,20.1,9.0,6.0,0.0,5.3,5.0,582.0,0.0,0.2,29.433333333333326,20.2,9.233333333333333,0.0,29.2,20.3,0,-1.0,-1.8369701987210297e-16,-0.9242907221930934,-0.3816892202666586,2,0,0,0
2018-09-09,2018,9,29.0,20.5,8.5,5.0,0.0,5.0,5.0,498.0,0.0,0.2,29.166666666666668,20.1,9.066666666666666,0.0,29.1,20.1,0,-1.0,-1.8369701987210297e-16,-0.9307239310379793,-0.3657225234972692,2,0,0,0
2018-09-10,2018,9,31.1,21.6,9.5,3.0,0.0,5.7,0.0,480.0,0.0,0.0,29.099999999999994,20.3,8.799999999999999,0.0,29.0,20.5,0,-1.0,-1.8369701987210297e-16,-0.9368813462954315,-0.34964745525122826,2,0,0,0
2018-09-11,2018,9,26.4,21.7,4.699999999999999,2.0,0.0,5.0,5.0,42.0,0.0,0.0,29.73333333333333,20.733333333333334,9.0,0.0,31.1,21.6,0,-1.0,-1.8369701987210297e-16,-0.9427611433904206,-0.33346877891818705,2,0,0,1
2018-09-12,2018,9,31.2,20.9,10.3,3.0,0.0,4.8,5.0,336.0,0.0,0.0,28.833333333333332,21.266666666666666,7.566666666666666,0.0,26.4,21.7,1,-1.0,-1.8369701987210297e-16,-0.9483615800121716,-0.31719128858910595,2,0,0,0
2018-09-13,2018,9,31.6,22.3,9.3,2.0,0.0,5.7,0.0,378.0,0.0,0.0,29.566666666666663,21.400000000000002,8.166666666666666,0.0,31.2,20.9,0,-1.0,-1.8369701987210297e-16,-0.9536809966304455,-0.300819807635668,2,0,0,1
2018-09-14,2018,9,30.3,22.2,8.100000000000001,2.0,0.2,5.7,15.0,282.0,0.0,0.0,29.73333333333333,21.633333333333336,8.1,0.0,31.6,22.3,1,-1.0,-1.8369701987210297e-16,-0.9587178169872964,-0.2843591872810036,2,0,1,1
2018-09-15,2018,9,31.7,20.1,11.599999999999998,2.0,43.8,3.8,470.0,318.0,0.2,0.2,31.03333333333333,21.799999999999997,9.233333333333334,0.2,30.3,22.2,1,-1.0,-1.8369701987210297e-16,-0.9634705485641486,-0.26781430516217486,2,0,1,1
2018-09-16,2018,9,30.3,20.5,9.8,4.0,16.1,4.5,110.0,384.0,44.0,44.0,31.2,21.533333333333335,9.666666666666666,43.8,31.7,20.1,1,-1.0,-1.8369701987210297e-16,-0.9679377830240641,-0.25119006388481957,2,0,1,1
2018-09-17,2018,9,28.9,20.0,8.899999999999999,3.0,30.4,3.6,450.0,168.0,60.1,60.1,30.766666666666666,20.933333333333334,9.833333333333334,16.1,30.3,20.5,1,-1.0,-1.8369701987210297e-16,-0.9721181966290612,-0.23449138957041052,2,0,1,1
2018-09-18,2018,9,28.3,20.3,8.0,5.0,10.5,2.7,30.0,132.0,90.3,90.5,30.299999999999997,20.2,10.1,30.4,28.9,20.0,1,-1.0,-1.8369701987210297e-16,-0.9760105506323682,-0.21772323039653224,2,0,1,0
2018-09-19,2018,9,28.2,20.3,7.899999999999999,6.0,0.0,4.5,0.0,276.0,57.0,101.0,29.16666666666666,20.26666666666667,8.9,10.5,28.3,20.3,0,-1.0,-1.8369701987210297e-16,-0.9796136916454901,-0.20089055513063528,2,0,0,0
2018-09-20,2018,9,29.1,19.5,9.600000000000001,5.0,0.0,5.2,0.0,240.0,40.9,101.0,28.466666666666665,20.2,8.266666666666666,0.0,28.2,20.3,0,-1.0,-1.8369701987210297e-16,-0.9829265519799822,-0.18399835165767986,2,0,0,1
2018-09-21,2018,9,28.4,20.5,7.899999999999999,4.0,13.6,3.1,65.0,270.0,10.5,101.0,28.53333333333333,20.03333333333333,8.5,0.0,29.1,19.5,1,-1.0,-1.8369701987210297e-16,-0.9859481499638303,-0.1670516255021195,2,0,1,0
2018-09-22,2018,9,28.2,18.4,9.8,5.0,0.0,5.4,0.0,78.0,13.6,114.39999999999999,28.566666666666663,20.099999999999998,8.466666666666667,13.6,28.4,20.5,0,-1.0,-1.8369701987210297e-16,-0.9886775902323404,-0.15005539834465262,2,0,0,0
2018-09-23,2018,9,29.0,21.4,7.600000000000001,3.0,0.0,5.7,0.0,552.0,13.6,70.6,28.566666666666663,19.46666666666667,9.1,0.0,28.2,18.4,0,-1.0,-1.8369701987210297e-16,-0.9911140639934546,-0.13301470653419636,2,0,0,1
2018-09-24,2018,9,28.9,18.9,10.0,2.0,53.1,4.2,190.0,186.0,13.6,54.5,28.53333333333333,20.099999999999998,8.433333333333334,0.0,29.0,21.4,1,-1.0,-1.8369701987210297e-16,-0.9932568492674143,-0.11593459959550066,2,0,1,1
2018-09-25,2018,9,28.7,19.3,9.399999999999999,2.0,25.4,4.4,225.0,258.0,53.1,77.2,28.7,19.566666666666666,9.133333333333335,53.1,28.9,18.9,1,-1.0,-1.8369701987210297e-16,-0.9951053111006974,-0.09882013873287211,2,0,1,1
2018-09-26,2018,9,29.7,20.4,9.3,2.0,0.3,5.8,20.0,234.0,78.5,92.1,28.866666666666664,19.866666666666664,9.0,25.4,28.7,19.3,1,-1.0,-1.8369701987210297e-16,-0.99665890175417,-0.08167639533042288,2,0,1,1
2018-09-27,2018,9,30.3,19.9,10.400000000000002,2.0,32.2,4.2,240.0,270.0,78.8,92.4,29.099999999999994,19.533333333333335,9.566666666666666,0.3,29.7,20.4,1,-1.0,-1.8369701987210297e-16,-0.9979171608653922,-0.06450844944931625,2,0,1,1
2018-09-28,2018,9,28.6,21.3,7.300000000000001,1.0,1.3,5.5,55.0,210.0,57.9,124.6,29.566666666666663,19.866666666666667,9.700000000000001,32.2,30.3,19.9,1,-1.0,-1.8369701987210297e-16,-0.9988797155850335,-0.04732138832243232,2,0,1,0
2018-09-29,2018,9,29.9,21.4,8.5,2.0,4.2,4.2,60.0,384.0,33.8,112.30000000000001,29.53333333333333,20.53333333333333,9.000000000000002,1.3,28.6,21.3,0,-1.0,-1.8369701987210297e-16,-0.9995462806873573,-0.03012030484690836,2,0,1,0
2018-09-30,2018,9,30.2,21.8,8.399999999999999,2.0,0.0,5.5,5.0,462.0,37.7,116.5,29.599999999999994,20.866666666666664,8.733333333333334,4.2,29.9,21.4,0,-1.0,-1.8369701987210297e-16,-0.9999166586547379,-0.012910296075008843,2,0,0,0
2018-10-01,2018,10,30.3,21.6,8.7,2.0,0.3,5.1,0.0,294.0,5.5,116.5,29.566666666666663,21.5,8.066666666666666,0.0,30.2,21.8,0,-0.8660254037844386,0.5000000000000001,-0.9999907397361901,0.004303538296243821,3,0,1,0
2018-10-02,2018,10,30.4,21.3,9.099999999999998,2.0,0.0,5.1,0.0,294.0,4.5,63.699999999999996,30.13333333333333,21.600000000000005,8.533333333333333,0.3,30.3,21.6,0,-0.8660254037844386,0.5000000000000001,-0.9997685019798909,0.021516097436222233,3,0,0,0
2018-10-03,2018,10,30.6,21.6,9.0,2.0,0.3,5.1,0.0,294.0,0.3,38.3,30.299999999999997,21.566666666666666,8.733333333333333,0.0,30.4,21.3,0,-0.8660254037844386,0.5000000000000001,-0.9992500112396835,0.03872228089217399,3,0,1,0
2018-10-04,2018,10,24.7,21.0,3.6999999999999993,2.0,27.8,5.1,0.0,294.0,0.6,38.300000000000004,30.433333333333326,21.5,8.933333333333332,0.3,30.6,21.6,0,-0.8660254037844386,0.5000000000000001,-0.9984354211555643,0.05591699010060302,3,0,1,0
2018-10-05,2018,10,26.4,20.6,5.799999999999997,2.0,10.1,5.1,0.0,294.0,28.1,33.900000000000006,28.566666666666663,21.3,7.266666666666666,27.8,24.7,21.0,0,-0.8660254037844386,0.5000000000000001,-0.9973249731081555,0.07309512989807776,3,0,1,0
2018-10-06,2018,10,26.7,20.4,6.300000000000001,2.0,2.5,5.1,0.0,294.0,38.2,42.7,27.23333333333333,21.066666666666666,6.166666666666665,10.1,26.4,20.6,0,-0.8660254037844386,0.5000000000000001,-0.9959189961471792,0.0902516100310407,3,0,1,0
2018-10-07,2018,10,29.1,20.2,8.900000000000002,2.0,7.9,5.1,0.0,294.0,40.400000000000006,41.0,25.933333333333326,20.666666666666668,5.266666666666666,2.5,26.7,20.4,0,-0.8660254037844386,0.5000000000000001,-0.994217906893952,0.10738134666416306,3,0,1,0
2018-10-08,2018,10,29.5,20.8,8.7,2.0,0.0,5.1,0.0,294.0,20.5,48.900000000000006,27.399999999999995,20.4,7.0,7.9,29.1,20.2,0,-0.8660254037844386,0.5000000000000001,-0.9922222094179324,0.12447926388678869,3,0,0,0
2018-10-09,2018,10,30.0,20.6,9.399999999999999,2.0,4.2,5.1,0.0,294.0,10.4,48.60000000000001,28.433333333333334,20.466666666666665,7.966666666666668,0.0,29.5,20.8,0,-0.8660254037844386,0.5000000000000001,-0.989932495087353,0.141540295217043,3,0,1,0
2018-10-10,2018,10,30.0,20.4,9.600000000000001,2.0,0.0,5.1,0.0,294.0,12.100000000000001,52.800000000000004,29.53333333333333,20.533333333333335,9.0,4.2,30.0,20.6,0,-0.8660254037844386,0.5000000000000001,-0.9873494423939864,0.15855938510313475,3,0,0,0
2018-10-11,2018,10,31.0,20.5,10.5,2.0,0.0,5.1,0.0,294.0,4.2,52.5,29.833333333333332,20.599999999999998,9.233333333333333,0.0,30.0,20.4,0,-0.8660254037844386,0.5000000000000001,-0.9844738167520923,0.17553149042142777,3,0,0,0
2018-10-12,2018,10,31.5,20.8,10.7,2.0,0.0,5.1,0.0,294.0,4.2,24.7,30.333333333333332,20.5,9.833333333333334,0.0,31.0,20.5,0,-0.8660254037844386,0.5000000000000001,-0.9813064702716093,0.19245158197082995,3,0,0,0
2018-10-13,2018,10,30.3,20.4,9.900000000000002,2.0,0.0,5.1,0.0,294.0,0.0,14.600000000000001,30.833333333333332,20.566666666666666,10.266666666666667,0.0,31.5,20.8,0,-0.8660254037844386,0.5000000000000001,-0.9778483415056568,0.20931464596304888,3,0,0,0
2018-10-14,2018,10,29.8,21.6,8.2,2.0,0.0,5.1,0.0,294.0,0.0,12.100000000000001,30.933333333333334,20.566666666666666,10.366666666666667,0.0,30.3,20.4,0,-0.8660254037844386,0.5000000000000001,-0.9741004551724206,0.22611568550828803,3,0,0,0
2018-10-15,2018,10,27.8,20.0,7.800000000000001,2.0,3.8,5.1,0.0,294.0,0.0,4.2,30.53333333333333,20.933333333333334,9.6,0.0,29.8,21.6,0,-0.8660254037844386,0.5000000000000001,-0.970063921851507,0.2428497220959358,3,0,1,0
2018-10-16,2018,10,29.3,20.7,8.600000000000001,2.0,5.0,5.1,0.0,294.0,3.8,8.0,29.299999999999997,20.666666666666668,8.633333333333335,3.8,27.8,20.0,0,-0.8660254037844386,0.5000000000000001,-0.965739937654855,0.25951179706979943,3,0,1,0
2018-10-17,2018,10,28.5,20.5,8.0,2.0,0.0,5.1,0.0,294.0,8.8,8.8,28.96666666666667,20.766666666666666,8.200000000000001,5.0,29.3,20.7,0,-0.8660254037844386,0.5000000000000001,-0.9611297838723007,0.27609697309746883,3,0,0,0
2018-10-18,2018,10,28.7,18.9,9.8,2.0,48.7,5.1,0.0,294.0,8.8,8.8,28.53333333333333,20.400000000000002,8.133333333333335,0.0,28.5,20.5,0,-0.8660254037844386,0.5000000000000001,-0.9562348265919058,0.2926003356333479,3,0,1,0
2018-10-19,2018,10,29.3,20.2,9.100000000000001,2.0,1.1,5.1,0.0,294.0,53.7,57.5,28.833333333333332,20.03333333333333,8.8,48.7,28.7,18.9,0,-0.8660254037844386,0.5000000000000001,-0.9510565162951536,0.30901699437494723,3,0,1,0
2018-10-20,2018,10,29.0,19.7,9.3,2.0,0.0,5.1,0.0,294.0,49.800000000000004,58.6,28.833333333333332,19.866666666666664,8.966666666666667,1.1,29.3,20.2,0,-0.8660254037844386,0.5000000000000001,-0.9455963874271428,0.3253420847119795,3,0,0,0
2018-10-21,2018,10,27.5,19.7,7.800000000000001,2.0,0.0,5.1,0.0,294.0,49.800000000000004,58.6,29.0,19.599999999999998,9.4,0.0,29.0,19.7,0,-0.8660254037844386,0.5000000000000001,-0.9398560579418953,0.341570769167856,3,0,0,0
2018-10-22,2018,10,29.4,17.4,12.0,2.0,0.0,5.1,0.0,294.0,1.1,58.6,28.599999999999994,19.866666666666667,8.733333333333334,0.0,27.5,19.7,0,-0.8660254037844386,0.5000000000000001,-0.9338372288229252,0.35769823883312546,3,0,0,0
2018-10-23,2018,10,30.2,17.4,12.8,2.0,0.0,5.1,0.0,294.0,0.0,54.800000000000004,28.63333333333333,18.933333333333334,9.700000000000001,0.0,29.4,17.4,0,-0.8660254037844386,0.5000000000000001,-0.9275416835791965,0.3737197147904692,3,0,0,0
2018-10-24,2018,10,30.2,17.7,12.5,2.0,0.0,5.1,0.0,294.0,0.0,49.800000000000004,29.03333333333333,18.166666666666664,10.866666666666667,0.0,30.2,17.4,0,-0.8660254037844386,0.5000000000000001,-0.9209712877166346,0.38963044953078774,3,0,0,0
2018-10-25,2018,10,29.7,18.2,11.5,2.0,0.0,5.1,0.0,294.0,0.0,49.800000000000004,29.933333333333326,17.5,12.433333333333332,0.0,30.2,17.7,0,-0.8660254037844386,0.5000000000000001,-0.9141279881853337,0.4054257283599973,3,0,0,0
2018-10-26,2018,10,29.3,18.2,11.100000000000001,2.0,0.0,5.1,0.0,294.0,0.0,1.1,30.03333333333333,17.766666666666666,12.266666666666666,0.0,29.7,18.2,0,-0.8660254037844386,0.5000000000000001,-0.9070138128026362,0.42110087079608916,3,0,0,0
2018-10-27,2018,10,29.5,18.2,11.3,2.0,0.0,5.1,0.0,294.0,0.0,0.0,29.73333333333333,18.03333333333333,11.700000000000001,0.0,29.3,18.2,0,-0.8660254037844386,0.5000000000000001,-0.8996308696522434,0.4366512319560638,3,0,0,0
2018-10-28,2018,10,29.6,16.7,12.900000000000002,2.0,0.0,5.1,0.0,294.0,0.0,0.0,29.5,18.2,11.300000000000002,0.0,29.5,18.2,0,-0.8660254037844386,0.5000000000000001,-0.8919813464595487,0.45207220393230374,3,0,0,0
2018-10-29,2018,10,29.8,16.8,13.0,2.0,0.0,5.1,0.0,294.0,0.0,0.0,29.466666666666665,17.7,11.766666666666667,0.0,29.6,16.7,0,-0.8660254037844386,0.5000000000000001,-0.8840675099433637,0.46735921715800205,3,0,0,0
2018-10-30,2018,10,30.1,16.6,13.5,2.0,0.0,5.1,0.0,294.0,0.0,0.0,29.63333333333333,17.23333333333333,12.4,0.0,29.8,16.8,0,-0.8660254037844386,0.5000000000000001,-0.8758917051442433,0.48250774176121763,3,0,0,0
2018-10-31,2018,10,30.4,19.7,10.7,2.0,0.0,5.1,0.0,294.0,0.0,0.0,29.833333333333332,16.7,13.133333333333335,0.0,30.1,16.6,0,-0.8660254037844386,0.5000000000000001,-0.8674563547295971,0.4975132889071803,3,0,0,0
2018-11-01,2018,11,30.3,20.0,10.3,2.0,0.0,4.9,0.0,252.0,0.0,0.0,30.099999999999998,17.700000000000003,12.4,0.0,30.4,19.7,0,-0.5000000000000004,0.8660254037844384,-0.8587639582758031,0.5123714121284235,3,0,0,0
2018-11-02,2018,11,27.7,19.8,7.899999999999999,2.0,0.0,4.9,0.0,252.0,0.0,0.0,30.266666666666666,18.766666666666666,11.5,0.0,30.3,20.0,0,-0.5000000000000004,0.8660254037844384,-0.8498170915275277,0.5270777086423724,3,0,0,0
2018-11-03,2018,11,28.1,20.5,7.600000000000001,2.0,0.6,4.9,0.0,252.0,0.0,0.0,29.466666666666665,19.833333333333332,9.633333333333333,0.0,27.7,19.8,0,-0.5000000000000004,0.8660254037844384,-0.8406184056344783,0.5416278206559811,3,0,1,0
2018-11-04,2018,11,28.3,18.8,9.5,2.0,4.6,4.9,0.0,252.0,0.6,0.6,28.7,20.099999999999998,8.6,0.6,28.1,20.5,0,-0.5000000000000004,0.8660254037844384,-0.8311706263658079,0.5560174366570446,3,0,1,0
2018-11-05,2018,11,29.6,19.7,9.900000000000002,2.0,0.0,4.9,0.0,252.0,5.199999999999999,5.199999999999999,28.03333333333333,19.7,8.333333333333334,4.6,28.3,18.8,0,-0.5000000000000004,0.8660254037844384,-0.8214765533024145,0.5702422926917867,3,0,0,0
2018-11-06,2018,11,30.0,19.8,10.2,2.0,0.0,4.9,0.0,252.0,5.199999999999999,5.199999999999999,28.666666666666668,19.666666666666668,9.000000000000002,0.0,29.6,19.7,0,-0.5000000000000004,0.8660254037844384,-0.8115390590073611,0.5842981736283683,3,0,0,0
2018-11-07,2018,11,29.6,18.7,10.900000000000002,2.0,0.0,4.9,0.0,252.0,4.6,5.199999999999999,29.3,19.433333333333334,9.866666666666667,0.0,30.0,19.8,0,-0.5000000000000004,0.8660254037844384,-0.801361088174677,0.5981809144059159,3,0,0,0
2018-11-08,2018,11,29.0,16.0,13.0,2.0,0.0,4.9,0.0,252.0,0.0,5.199999999999999,29.73333333333333,19.400000000000002,10.333333333333334,0.0,29.6,18.7,0,-0.5000000000000004,0.8660254037844384,-0.7909456567567774,0.6118864012687242,3,0,0,0
2018-11-09,2018,11,30.1,17.5,12.600000000000001,2.0,0.0,4.9,0.0,252.0,0.0,5.199999999999999,29.53333333333333,18.166666666666668,11.366666666666667,0.0,29.0,16.0,0,-0.5000000000000004,0.8660254037844384,-0.780295851070776,0.6254105729852457,3,0,0,0
2018-11-10,2018,11,30.4,17.9,12.5,2.0,0.0,4.9,0.0,252.0,0.0,5.199999999999999,29.566666666666663,17.400000000000002,12.166666666666666,0.0,30.1,17.5,0,-0.5000000000000004,0.8660254037844384,-0.7694148268839381,0.6387494220515268,3,0,0,0
2018-11-11,2018,11,30.3,18.2,12.100000000000001,2.0,0.0,4.9,0.0,252.0,0.0,4.6,29.833333333333332,17.133333333333333,12.700000000000001,0.0,30.4,17.9,0,-0.5000000000000004,0.8660254037844384,-0.7583058084785625,0.6518989958787125,3,0,0,0
2018-11-12,2018,11,30.0,17.4,12.600000000000001,2.0,0.0,4.9,0.0,252.0,0.0,0.0,30.266666666666666,17.866666666666664,12.4,0.0,30.3,18.2,0,-0.5000000000000004,0.8660254037844384,-0.7469720876965551,0.6648553979642866,3,0,0,0
2018-11-13,2018,11,30.5,16.2,14.3,2.0,0.0,4.9,0.0,252.0,0.0,0.0,30.23333333333333,17.833333333333332,12.4,0.0,30.0,17.4,0,-0.5000000000000004,0.8660254037844384,-0.7354170229639858,0.6776147890466887,3,0,0,0
2018-11-14,2018,11,31.0,14.8,16.2,2.0,0.0,4.9,0.0,252.0,0.0,0.0,30.266666666666666,17.266666666666666,13.0,0.0,30.5,16.2,0,-0.5000000000000004,0.8660254037844384,-0.7236440382959123,0.690173388242972,3,0,0,0
2018-11-15,2018,11,28.6,16.5,12.100000000000001,2.0,0.0,4.9,0.0,252.0,0.0,0.0,30.5,16.13333333333333,14.366666666666667,0.0,31.0,14.8,0,-0.5000000000000004,0.8660254037844384,-0.7116566222817751,0.7025274741691566,3,0,0,0
2018-11-16,2018,11,25.8,19.7,6.100000000000001,2.0,0.8,4.9,0.0,252.0,0.0,0.0,30.03333333333333,15.833333333333334,14.200000000000001,0.0,28.6,16.5,0,-0.5000000000000004,0.8660254037844384,-0.6994583270516471,0.7146733860429609,3,0,1,0
2018-11-17,2018,11,30.2,19.2,11.0,2.0,0.1,4.9,0.0,252.0,0.8,0.8,28.46666666666667,17.0,11.466666666666669,0.8,25.8,19.7,0,-0.5000000000000004,0.8660254037844384,-0.6870527672236675,0.726607524768565,3,0,1,0
2018-11-18,2018,11,29.5,20.6,8.899999999999999,2.0,0.0,4.9,0.0,252.0,0.9,0.9,28.2,18.46666666666667,9.733333333333334,0.1,30.2,19.2,0,-0.5000000000000004,0.8660254037844384,-0.6744436188329457,0.7383263540031063,3,0,0,0
2018-11-19,2018,11,30.0,20.3,9.7,2.0,0.0,4.9,0.0,252.0,0.9,0.9,28.499999999999996,19.833333333333332,8.666666666666666,0.0,29.5,20.6,0,-0.5000000000000004,0.8660254037844384,-0.661634618242279,0.749826401204568,3,0,0,0
2018-11-20,2018,11,30.8,19.7,11.100000000000001,2.0,0.0,4.9,0.0,252.0,0.1,0.9,29.899999999999995,20.033333333333335,9.866666666666665,0.0,30.0,20.3,0,-0.5000000000000004,0.8660254037844384,-0.6486295610349818,0.7611042586607742,3,0,0,0
2018-11-21,2018,11,26.6,20.0,6.600000000000001,2.0,0.0,4.9,0.0,252.0,0.0,0.9,30.099999999999994,20.200000000000003,9.9,0.0,30.8,19.7,0,-0.5000000000000004,0.8660254037844384,-0.6354323008901775,0.7721565844991641,3,0,0,0
2018-11-22,2018,11,24.8,20.0,4.800000000000001,2.0,0.0,4.9,0.0,252.0,0.0,0.9,29.13333333333333,20.0,9.133333333333335,0.0,26.6,20.0,0,-0.5000000000000004,0.8660254037844384,-0.622046748440868,0.7829801036770625,3,0,0,0
2018-11-23,2018,11,25.0,19.6,5.399999999999999,2.0,0.5,4.9,0.0,252.0,0.0,0.9,27.399999999999995,19.900000000000002,7.500000000000001,0.0,24.8,20.0,0,-0.5000000000000004,0.8660254037844384,-0.6084768701151264,0.7935716089521472,3,0,1,0
2018-11-24,2018,11,27.0,19.0,8.0,2.0,13.0,4.9,0.0,252.0,0.5,0.6,25.466666666666665,19.866666666666664,5.6000000000000005,0.5,25.0,19.6,0,-0.5000000000000004,0.8660254037844384,-0.594726686960764,0.8039279618328208,3,0,1,0
2018-11-25,2018,11,28.8,19.2,9.600000000000001,2.0,0.0,4.9,0.0,252.0,13.5,13.5,25.599999999999998,19.53333333333333,6.066666666666666,13.0,27.0,19.0,0,-0.5000000000000004,0.8660254037844384,-0.5808002734538013,0.8140460935082175,3,0,0,0
2018-11-26,2018,11,29.0,18.1,10.899999999999999,2.0,0.0,4.9,0.0,252.0,13.5,13.5,26.933333333333334,19.266666666666666,7.666666666666667,0.0,28.8,19.2,0,-0.5000000000000004,0.8660254037844384,-0.5667017562911184,0.8239230057575536,3,0,0,0
2018-11-27,2018,11,27.2,16.3,10.899999999999999,2.0,0.0,4.9,0.0,252.0,13.0,13.5,28.266666666666666,18.76666666666667,9.5,0.0,29.0,18.1,0,-0.5000000000000004,0.8660254037844384,-0.5524353131676203,0.8335557718385695,3,0,0,0
2018-11-28,2018,11,28.8,15.5,13.3,2.0,0.0,4.9,0.0,252.0,0.0,13.5,28.333333333333332,17.866666666666664,10.466666666666667,0.0,27.2,16.3,0,-0.5000000000000004,0.8660254037844384,-0.5380051715382992,0.8429415373547832,3,0,0,0
2018-11-29,2018,11,27.6,18.3,9.3,2.0,0.0,4.9,0.0,252.0,0.0,13.5,28.333333333333332,16.633333333333336,11.699999999999998,0.0,28.8,15.5,0,-0.5000000000000004,0.8660254037844384,-0.5234156073655503,0.8520775211013093,3,0,0,0
2018-11-30,2018,11,29.5,18.6,10.899999999999999,2.0,0.0,4.9,0.0,252.0,0.0,13.5,27.866666666666664,16.7,11.166666666666666,0.0,27.6,18.3,0,-0.5000000000000004,0.8660254037844384,-0.5086709438521042,0.8609610158889945,3,0,0,0
2018-12-01,2018,12,28.3,18.3,10.0,2.0,0.0,5.0,0.0,360.0,0.0,13.0,28.63333333333333,17.466666666666665,11.166666666666666,0.0,29.5,18.6,0,-2.4492935982947064e-16,1.0,-0.49377555015997737,0.8695893893466109,0,0,0,0
2018-12-02,2018,12,28.8,15.6,13.200000000000001,2.0,0.0,5.0,0.0,360.0,0.0,0.0,28.466666666666665,18.400000000000002,10.066666666666666,0.0,28.3,18.3,0,-2.4492935982947064e-16,1.0,-0.4787338401157883,0.8779600847008883,0,0,0,0
2018-12-03,2018,12,27.2,18.2,9.0,2.0,0.0,5.0,0.0,360.0,0.0,0.0,28.866666666666664,17.5,11.366666666666667,0.0,28.8,15.6,0,-2.4492935982947064e-16,1.0,-0.4635502709028512,0.8860706215341378,0,0,0,0
2018-12-04,2018,12,26.0,19.1,6.899999999999999,2.0,0.0,5.0,0.0,360.0,0.0,0.0,28.099999999999998,17.366666666666667,10.733333333333334,0.0,27.2,18.2,0,-2.4492935982947064e-16,1.0,-0.4482293417404106,0.893918596519257,0,0,0,0
2018-12-05,2018,12,28.3,19.5,8.8,2.0,4.9,5.0,0.0,360.0,0.0,0.0,27.333333333333332,17.633333333333333,9.700000000000001,0.0,26.0,19.1,0,-2.4492935982947064e-16,1.0,-0.4327755925504317,0.9015016841318838,0,0,1,0
2018-12-06,2018,12,29.3,20.0,9.3,2.0,0.0,5.0,0.0,360.0,4.9,4.9,27.166666666666668,18.933333333333334,8.233333333333333,4.9,28.3,19.5,0,-2.4492935982947064e-16,1.0,-0.41719360261231697,0.9088176373395028,0,0,0,0
2018-12-07,2018,12,28.2,18.3,9.899999999999999,2.0,0.0,5.0,0.0,360.0,4.9,4.9,27.866666666666664,19.533333333333335,8.333333333333334,0.0,29.3,20.0,0,-2.4492935982947064e-16,1.0,-0.4014879892059737,0.9158642882672868,0,0,0,0
2018-12-08,2018,12,28.2,17.7,10.5,2.0,0.0,5.0,0.0,360.0,4.9,4.9,28.599999999999994,19.266666666666666,9.333333333333334,0.0,28.2,18.3,0,-2.4492935982947064e-16,1.0,-0.38566340624360745,0.9226395488404875,0,0,0,0
2018-12-09,2018,12,30.2,17.6,12.599999999999998,2.0,0.0,5.0,0.0,360.0,0.0,4.9,28.566666666666663,18.666666666666668,9.9,0.0,28.2,17.7,0,-2.4492935982947064e-16,1.0,-0.3697245428906732,0.9291414114031743,0,0,0,0
2018-12-10,2018,12,29.3,18.3,11.0,2.0,0.0,5.0,0.0,360.0,0.0,4.9,28.866666666666664,17.866666666666667,11.0,0.0,30.2,17.6,0,-2.4492935982947064e-16,1.0,-0.35367612217637207,0.935367949313148,0,0,0,0
2018-12-11,2018,12,28.5,17.7,10.8,2.0,0.0,5.0,0.0,360.0,0.0,4.9,29.23333333333333,17.866666666666664,11.366666666666665,0.0,29.3,18.3,0,-2.4492935982947064e-16,1.0,-0.33752289959411347,0.941317317512847,0,0,0,0
2018-12-12,2018,12,29.9,18.5,11.399999999999999,2.0,0.0,5.0,0.0,360.0,0.0,4.9,29.33333333333333,17.866666666666667,11.466666666666667,0.0,28.5,17.7,0,-2.4492935982947064e-16,1.0,-0.32126966169236515,0.9469877530760751,0,0,0,0
2018-12-13,2018,12,27.5,18.7,8.8,2.0,0.0,5.0,0.0,360.0,0.0,0.0,29.23333333333333,18.166666666666668,11.066666666666668,0.0,29.9,18.5,0,-2.4492935982947064e-16,1.0,-0.3049212246562894,0.9523775757303973,0,0,0,0
2018-12-14,2018,12,28.9,17.7,11.2,2.0,0.0,5.0,0.0,360.0,0.0,0.0,28.63333333333333,18.3,10.333333333333334,0.0,27.5,18.7,0,-2.4492935982947064e-16,1.0,-0.2884824328806098,0.9574851883550389,0,0,0,0
2018-12-15,2018,12,28.0,17.7,10.3,2.0,0.0,5.0,0.0,360.0,0.0,0.0,28.766666666666666,18.3,10.466666666666667,0.0,28.9,17.7,0,-2.4492935982947064e-16,1.0,-0.27195815753410524,0.9623090774541487,0,0,0,0
2018-12-16,2018,12,25.0,16.6,8.399999999999999,2.0,0.0,5.0,0.0,360.0,0.0,0.0,28.13333333333333,18.03333333333333,10.1,0.0,28.0,17.7,0,-2.4492935982947064e-16,1.0,-0.2553532951161881,0.9668478136052773,0,0,0,0
2018-12-17,2018,12,25.5,15.5,10.0,2.0,0.0,5.0,0.0,360.0,0.0,0.0,27.299999999999997,17.333333333333332,9.966666666666667,0.0,25.0,16.6,0,-2.4492935982947064e-16,1.0,-0.23867276600594997,0.9711000518829505,0,0,0,0
2018-12-18,2018,12,28.5,13.7,14.8,2.0,0.0,5.0,0.0,360.0,0.0,0.0,26.166666666666668,16.599999999999998,9.566666666666666,0.0,25.5,15.5,0,-2.4492935982947064e-16,1.0,-0.22192151300416674,0.9750645322571945,0,0,0,0
2018-12-19,2018,12,27.7,16.0,11.7,2.0,0.0,5.0,0.0,360.0,0.0,0.0,26.333333333333332,15.266666666666666,11.066666666666668,0.0,28.5,13.7,0,-2.4492935982947064e-16,1.0,-0.20510449986861926,0.9787400799669153,0,0,0,0
2018-12-20,2018,12,28.4,17.7,10.7,2.0,0.0,5.0,0.0,360.0,0.0,0.0,27.23333333333333,15.066666666666668,12.166666666666666,0.0,27.7,16.0,0,-2.4492935982947064e-16,1.0,-0.1882267098432439,0.9821256058680006,0,0,0,0
2018-12-21,2018,12,28.8,18.1,10.7,2.0,0.0,5.0,0.0,360.0,0.0,0.0,28.2,15.799999999999999,12.4,0.0,28.4,17.7,0,-2.4492935982947064e-16,1.0,-0.1712931441814778,0.9852201067560606,0,0,0,0
2018-12-22,2018,12,29.6,18.2,11.400000000000002,2.0,0.0,5.0,0.0,360.0,0.0,0.0,28.299999999999997,17.26666666666667,11.033333333333331,0.0,28.8,18.1,0,-2.4492935982947064e-16,1.0,-0.154308820664281,0.9880226656636976,0,0,0,0
2018-12-23,2018,12,29.0,20.1,8.899999999999999,2.0,0.0,5.0,0.0,360.0,0.0,0.0,28.933333333333334,18.0,10.933333333333332,0.0,29.6,18.2,0,-2.4492935982947064e-16,1.0,-0.13727877211326517,0.9905324521322227,0,0,0,0
2018-12-24,2018,12,29.1,18.3,10.8,2.0,0.0,5.0,0.0,360.0,0.0,0.0,29.13333333333333,18.8,10.333333333333334,0.0,29.0,20.1,0,-2.4492935982947064e-16,1.0,-0.12020804489935275,0.9927487224577402,0,0,0,0
2018-12-25,2018,12,30.2,18.4,11.8,2.0,0.0,5.0,0.0,360.0,0.0,0.0,29.233333333333334,18.866666666666667,10.366666666666667,0.0,29.1,18.3,0,-2.4492935982947064e-16,1.0,-0.10310169744743544,0.9946708199115211,0,0,0,0
2018-12-26,2018,12,31.4,17.7,13.7,2.0,0.0,5.0,0.0,360.0,0.0,0.0,29.433333333333326,18.933333333333334,10.5,0.0,30.2,18.4,0,-2.4492935982947064e-16,1.0,-0.0859647987374467,0.9962981749346077,0,0,0,0
2018-12-27,2018,12,29.6,19.0,10.600000000000001,2.0,0.0,5.0,0.0,360.0,0.0,0.0,30.23333333333333,18.133333333333336,12.1,0.0,31.4,17.7,0,-2.4492935982947064e-16,1.0,-0.06880242680232064,0.9976303053065857,0,0,0,0
2018-12-28,2018,12,27.8,18.7,9.100000000000001,2.0,0.0,5.0,0.0,360.0,0.0,0.0,30.399999999999995,18.366666666666664,12.033333333333333,0.0,29.6,19.0,0,-2.4492935982947064e-16,1.0,-0.05161966722325418,0.9986668162884759,0,0,0,0
2018-12-29,2018,12,26.6,19.1,7.5,2.0,11.3,5.0,0.0,360.0,0.0,0.0,29.599999999999998,18.466666666666665,11.133333333333335,0.0,27.8,18.7,0,-2.4492935982947064e-16,1.0,-0.034421611622745804,0.9994074007397048,0,0,1,0
2018-12-30,2018,12,26.3,17.2,9.100000000000001,2.0,0.0,5.0,0.0,360.0,11.3,11.3,28.0,18.933333333333334,9.066666666666668,11.3,26.6,19.1,0,-2.4492935982947064e-16,1.0,-0.01721335615583528,0.9998518392091162,0,0,0,0
2018-12-31,2018,12,27.4,15.8,11.599999999999998,2.0,0.0,5.0,0.0,360.0,11.3,11.3,26.899999999999995,18.333333333333332,8.566666666666668,0.0,26.3,17.2,0,-2.4492935982947064e-16,1.0,6.432490598706546e-16,1.0,0,0,0,0
2019-01-02,2019,1,27.4,15.8,11.599999999999998,2.0,0.0,5.0,0.0,420.0,11.3,11.3,26.766666666666666,17.366666666666667,9.4,0.0,27.4,15.8,0,0.49999999999999994,0.8660254037844387,0.03442161162274574,0.9994074007397048,0,0,0,0
2019-01-05,2019,1,27.4,13.6,13.799999999999999,2.0,0.0,5.0,0.0,420.0,0.0,11.3,27.03333333333333,16.5,10.35,0.0,27.4,,0,0.49999999999999994,0.8660254037844387,0.08596479873744647,0.9962981749346078,0,0,0,0
2019-01-15,2019,1,29.5,13.6,15.9,2.0,0.0,5.0,0.0,420.0,0.0,11.3,27.4,14.7,11.599999999999998,0.0,,13.6,0,0.49999999999999994,0.8660254037844387,0.255353295116187,0.9668478136052775,0,0,0,0
2019-02-10,2019,2,29.5,19.1,10.399999999999999,3.0,58.0,5.5,0.0,504.0,0.0,11.3,28.449999999999996,13.6,,0.0,29.5,,0,0.8660254037844386,0.5000000000000001,0.6486295610349814,0.7611042586607747,0,0,1,0
2019-02-25,2019,2,29.5,17.2,12.3,3.0,0.0,5.5,0.0,504.0,58.0,69.3,29.5,16.35,,58.0,,19.1,0,0.8660254037844386,0.5000000000000001,0.8214765533024142,0.5702422926917871,0,0,0,0
2019-03-01,2019,3,33.5,21.3,12.2,3.0,0.0,6.0,0.0,450.0,58.0,58.0,29.5,18.15,,0.0,,17.2,0,1.0,6.123233995736766e-17,0.8587639582758029,0.5123714121284237,1,0,0,0
2019-03-02,2019,3,32.1,21.7,10.400000000000002,3.0,0.0,6.0,0.0,450.0,58.0,58.0,33.5,19.2,12.2,0.0,33.5,21.3,0,1.0,6.123233995736766e-17,0.8674563547295968,0.49751328890718066,1,0,0,0
2019-03-03,2019,3,31.5,20.5,11.0,3.0,0.0,6.0,0.0,450.0,0.0,58.0,32.8,20.066666666666666,11.3,0.0,32.1,21.7,0,1.0,6.123233995736766e-17,0.8758917051442429,0.48250774176121847,1,0,0,0
2019-03-04,2019,3,34.3,21.0,13.299999999999997,3.0,0.0,6.0,0.0,450.0,0.0,58.0,32.36666666666667,21.166666666666668,11.200000000000001,0.0,31.5,20.5,0,1.0,6.123233995736766e-17,0.8840675099433636,0.4673592171580022,1,0,0,0
2019-03-05,2019,3,34.3,23.1,11.199999999999996,3.0,0.0,6.0,0.0,450.0,0.0,58.0,32.63333333333333,21.066666666666666,11.566666666666668,0.0,34.3,21.0,0,1.0,6.123233995736766e-17,0.8919813464595485,0.45207220393230435,1,0,0,0
2019-03-06,2019,3,35.7,22.7,13.000000000000004,3.0,0.0,6.0,0.0,450.0,0.0,58.0,33.36666666666666,21.53333333333333,11.83333333333333,0.0,34.3,23.1,0,1.0,6.123233995736766e-17,0.8996308696522433,0.43665123195606403,1,0,0,0
2019-03-07,2019,3,37.0,20.5,16.5,3.0,0.0,6.0,0.0,450.0,0.0,0.0,34.766666666666666,22.266666666666666,12.5,0.0,35.7,22.7,0,1.0,6.123233995736766e-17,0.9070138128026359,0.4211008707960896,1,0,0,0
2019-03-08,2019,3,35.9,21.8,14.099999999999998,3.0,0.0,6.0,0.0,450.0,0.0,0.0,35.666666666666664,22.099999999999998,13.566666666666668,0.0,37.0,20.5,0,1.0,6.123233995736766e-17,0.9141279881853337,0.40542572835999735,1,0,0,0
2019-03-09,2019,3,34.0,22.5,11.5,3.0,0.0,6.0,0.0,450.0,0.0,0.0,36.199999999999996,21.666666666666668,14.533333333333333,0.0,35.9,21.8,0,1.0,6.123233995736766e-17,0.9209712877166346,0.38963044953078796,1,0,0,0
2019-03-10,2019,3,34.1,22.8,11.3,3.0,0.0,6.0,0.0,450.0,0.0,0.0,35.63333333333333,21.599999999999998,14.033333333333331,0.0,34.0,22.5,0,1.0,6.123233995736766e-17,0.9275416835791966,0.37371971479046906,1,0,0,0
2019-03-11,2019,3,34.6,23.1,11.5,3.0,0.0,6.0,0.0,450.0,0.0,0.0,34.666666666666664,22.366666666666664,12.299999999999999,0.0,34.1,22.8,0,1.0,6.123233995736766e-17,0.9338372288229252,0.35769823883312546,1,0,0,0
2019-03-12,2019,3,34.0,21.5,12.5,3.0,0.0,6.0,0.0,450.0,0.0,0.0,34.23333333333333,22.8,11.433333333333332,0.0,34.6,23.1,0,1.0,6.123233995736766e-17,0.9398560579418954,0.3415707691678556,1,0,0,0
2019-03-13,2019,3,33.8,19.7,14.099999999999998,3.0,0.0,6.0,0.0,450.0,0.0,0.0,34.23333333333333,22.46666666666667,11.766666666666666,0.0,34.0,21.5,0,1.0,6.123233995736766e-17,0.9455963874271426,0.3253420847119801,1,0,0,0
2019-03-14,2019,3,34.3,19.7,14.599999999999998,3.0,0.0,6.0,0.0,450.0,0.0,0.0,34.13333333333333,21.433333333333334,12.699999999999998,0.0,33.8,19.7,0,1.0,6.123233995736766e-17,0.9510565162951535,0.30901699437494745,1,0,0,0
2019-03-15,2019,3,34.1,20.2,13.900000000000002,3.0,0.0,6.0,0.0,450.0,0.0,0.0,34.03333333333333,20.299999999999997,13.733333333333333,0.0,34.3,19.7,0,1.0,6.123233995736766e-17,0.9562348265919056,0.29260033563334836,1,0,0,0
2019-03-16,2019,3,33.3,19.0,14.299999999999997,3.0,0.0,6.0,0.0,450.0,0.0,0.0,34.06666666666666,19.866666666666664,14.199999999999998,0.0,34.1,20.2,0,1.0,6.123233995736766e-17,0.9611297838723007,0.27609697309746883,1,0,0,0
2019-03-17,2019,3,34.3,18.7,15.599999999999998,3.0,0.0,6.0,0.0,450.0,0.0,0.0,33.9,19.63333333333333,14.266666666666666,0.0,33.3,19.0,0,1.0,6.123233995736766e-17,0.9657399376548549,0.2595117970697999,1,0,0,0
2019-03-18,2019,3,34.2,20.4,13.800000000000004,3.0,0.0,6.0,0.0,450.0,0.0,0.0,33.9,19.299999999999997,14.6,0.0,34.3,18.7,0,1.0,6.123233995736766e-17,0.9700639218515071,0.2428497220959356,1,0,0,0
2019-03-19,2019,3,35.0,21.2,13.8,3.0,0.0,6.0,0.0,450.0,0.0,0.0,33.93333333333333,19.366666666666664,14.566666666666668,0.0,34.2,20.4,0,1.0,6.123233995736766e-17,0.9741004551724205,0.22611568550828828,1,0,0,0
2019-03-20,2019,3,34.3,23.0,11.299999999999997,3.0,0.0,6.0,0.0,450.0,0.0,0.0,34.5,20.099999999999998,14.4,0.0,35.0,21.2,0,1.0,6.123233995736766e-17,0.9778483415056568,0.20931464596304847,1,0,0,0
2019-03-21,2019,3,35.0,22.7,12.3,3.0,0.0,6.0,0.0,450.0,0.0,0.0,34.49999999999999,21.53333333333333,12.966666666666669,0.0,34.3,23.0,0,1.0,6.123233995736766e-17,0.9813064702716093,0.19245158197082998,1,0,0,0
2019-03-22,2019,3,35.0,21.8,13.2,3.0,0.0,6.0,0.0,450.0,0.0,0.0,34.76666666666666,22.299999999999997,12.466666666666667,0.0,35.0,22.7,0,1.0,6.123233995736766e-17,0.9844738167520922,0.1755314904214282,1,0,0,0
2019-03-23,2019,3,35.3,22.5,12.799999999999997,3.0,0.0,6.0,0.0,450.0,0.0,0.0,34.76666666666666,22.5,12.266666666666666,0.0,35.0,21.8,0,1.0,6.123233995736766e-17,0.9873494423939864,0.15855938510313478,1,0,0,0
2019-03-24,2019,3,35.5,23.7,11.8,3.0,0.0,6.0,0.0,450.0,0.0,0.0,35.1,22.333333333333332,12.766666666666666,0.0,35.3,22.5,0,1.0,6.123233995736766e-17,0.989932495087353,0.141540295217043,1,0,0,0
2019-03-25,2019,3,35.4,22.8,12.599999999999998,3.0,0.0,6.0,0.0,450.0,0.0,0.0,35.26666666666666,22.666666666666668,12.6,0.0,35.5,23.7,0,1.0,6.123233995736766e-17,0.9922222094179323,0.12447926388678915,1,0,0,0
2019-03-26,2019,3,35.0,21.5,13.5,3.0,0.0,6.0,0.0,450.0,0.0,0.0,35.4,23.0,12.399999999999999,0.0,35.4,22.8,0,1.0,6.123233995736766e-17,0.994217906893952,0.10738134666416309,1,0,0,0
2019-03-27,2019,3,35.4,22.6,12.799999999999997,3.0,0.0,6.0,0.0,450.0,0.0,0.0,35.300000000000004,22.666666666666668,12.633333333333333,0.0,35.0,21.5,0,1.0,6.123233995736766e-17,0.995918996147179,0.09025161003104117,1,0,0,0
2019-03-28,2019,3,36.2,21.4,14.800000000000004,3.0,0.0,6.0,0.0,450.0,0.0,0.0,35.266666666666666,22.3,12.966666666666663,0.0,35.4,22.6,0,1.0,6.123233995736766e-17,0.9973249731081555,0.07309512989807777,1,0,0,0
2019-03-29,2019,3,35.2,23.2,12.000000000000004,3.0,0.0,6.0,0.0,450.0,0.0,0.0,35.53333333333333,21.833333333333332,13.700000000000001,0.0,36.2,21.4,0,1.0,6.123233995736766e-17,0.9984354211555643,0.055916990100603484,1,0,0,0
2019-03-30,2019,3,35.3,23.4,11.899999999999999,3.0,0.0,6.0,0.0,450.0,0.0,0.0,35.6,22.400000000000002,13.200000000000003,0.0,35.2,23.2,0,1.0,6.123233995736766e-17,0.9992500112396835,0.03872228089217446,1,0,0,0
2019-03-31,2019,3,35.6,22.7,12.900000000000002,3.0,0.0,6.0,0.0,450.0,0.0,0.0,35.56666666666667,22.66666666666666,12.9,0.0,35.3,23.4,0,1.0,6.123233995736766e-17,0.9997685019798909,0.021516097436222254,1,0,0,0
2019-04-01,2019,4,36.0,22.9,13.100000000000001,3.0,0.0,6.0,0.0,426.0,0.0,0.0,35.36666666666667,23.099999999999998,12.266666666666667,0.0,35.6,22.7,0,0.8660254037844387,-0.4999999999999998,0.9999907397361901,0.004303538296244289,1,0,0,0
2019-04-02,2019,4,34.6,23.6,11.0,3.0,0.0,6.0,0.0,426.0,0.0,0.0,35.633333333333326,23.0,12.633333333333335,0.0,36.0,22.9,0,0.8660254037844387,-0.4999999999999998,0.9999166586547379,-0.01291029607500882,1,0,0,0
2019-04-03,2019,4,36.2,22.2,14.000000000000004,3.0,0.0,6.0,0.0,426.0,0.0,0.0,35.4,23.066666666666663,12.333333333333334,0.0,34.6,23.6,0,0.8660254037844387,-0.4999999999999998,0.9995462806873573,-0.030120304846908114,1,0,0,0
2019-04-04,2019,4,35.2,23.0,12.200000000000003,3.0,0.0,6.0,0.0,426.0,0.0,0.0,35.6,22.899999999999995,12.700000000000003,0.0,36.2,22.2,0,0.8660254037844387,-0.4999999999999998,0.9988797155850336,-0.04732138832243185,1,0,0,0
2019-04-05,2019,4,35.4,23.0,12.399999999999999,3.0,0.0,6.0,0.0,426.0,0.0,0.0,35.333333333333336,22.933333333333334,12.4,0.0,35.2,23.0,0,0.8660254037844387,-0.4999999999999998,0.9979171608653922,-0.06450844944931623,1,0,0,0
2019-04-06,2019,4,35.4,23.4,12.0,3.0,0.0,6.0,0.0,426.0,0.0,0.0,35.6,22.73333333333333,12.866666666666669,0.0,35.4,23.0,0,0.8660254037844387,-0.4999999999999998,0.9966589017541702,-0.08167639533042241,1,0,0,0
2019-04-07,2019,4,36.4,24.0,12.399999999999999,3.0,0.0,6.0,0.0,426.0,0.0,0.0,35.33333333333333,23.13333333333333,12.200000000000001,0.0,35.4,23.4,0,0.8660254037844387,-0.4999999999999998,0.9951053111006976,-0.09882013873287143,1,0,0,0
2019-04-08,2019,4,35.6,24.0,11.600000000000001,3.0,0.0,6.0,0.0,426.0,0.0,0.0,35.73333333333333,23.466666666666665,12.266666666666666,0.0,36.4,24.0,0,0.8660254037844387,-0.4999999999999998,0.9932568492674143,-0.11593459959550041,1,0,0,0
2019-04-09,2019,4,35.4,22.8,12.599999999999998,3.0,1.6,6.0,0.0,426.0,0.0,0.0,35.8,23.799999999999997,12.0,0.0,35.6,24.0,0,0.8660254037844387,-0.4999999999999998,0.9911140639934547,-0.1330147065341959,1,0,1,0
2019-04-10,2019,4,36.0,22.8,13.2,3.0,1.0,6.0,0.0,426.0,1.6,1.6,35.800000000000004,23.599999999999998,12.199999999999998,1.6,35.4,22.8,0,0.8660254037844387,-0.4999999999999998,0.9886775902323405,-0.1500553983446526,1,0,1,0
2019-04-11,2019,4,35.4,24.2,11.2,3.0,0.0,6.0,0.0,426.0,2.6,2.6,35.666666666666664,23.2,12.466666666666667,1.0,36.0,22.8,0,0.8660254037844387,-0.4999999999999998,0.9859481499638304,-0.16705162550211924,1,0,0,0
2019-04-12,2019,4,36.6,23.6,13.0,3.0,0.0,6.0,0.0,426.0,2.6,2.6,35.6,23.266666666666666,12.333333333333334,0.0,35.4,24.2,0,0.8660254037844387,-0.4999999999999998,0.9829265519799822,-0.18399835165768005,1,0,0,0
2019-04-13,2019,4,36.0,24.6,11.399999999999999,3.0,0.0,6.0,0.0,426.0,1.0,2.6,36.0,23.53333333333333,12.466666666666667,0.0,36.6,23.6,0,0.8660254037844387,-0.4999999999999998,0.9796136916454901,-0.20089055513063506,1,0,0,0
2019-04-14,2019,4,36.2,24.2,12.000000000000004,3.0,0.0,6.0,0.0,426.0,0.0,2.6,36.0,24.133333333333336,11.866666666666665,0.0,36.0,24.6,0,0.8660254037844387,-0.4999999999999998,0.9760105506323683,-0.21772323039653177,1,0,0,0
2019-04-15,2019,4,36.2,24.0,12.200000000000003,3.0,0.0,6.0,0.0,426.0,0.0,2.6,36.26666666666666,24.13333333333333,12.133333333333335,0.0,36.2,24.2,0,0.8660254037844387,-0.4999999999999998,0.9721181966290613,-0.23449138957040985,1,0,0,0
2019-04-16,2019,4,36.4,23.6,12.799999999999997,3.0,0.0,6.0,0.0,426.0,0.0,2.6,36.13333333333333,24.266666666666666,11.866666666666669,0.0,36.2,24.0,0,0.8660254037844387,-0.4999999999999998,0.9679377830240642,-0.25119006388481935,1,0,0,0
2019-04-17,2019,4,36.0,24.8,11.2,3.0,0.0,6.0,0.0,426.0,0.0,1.0,36.266666666666666,23.933333333333334,12.333333333333334,0.0,36.4,23.6,0,0.8660254037844387,-0.4999999999999998,0.9634705485641488,-0.2678143051621742,1,0,0,0
2019-04-18,2019,4,35.6,21.6,14.0,3.0,4.5,6.0,0.0,426.0,0.0,0.0,36.199999999999996,24.133333333333336,12.066666666666668,0.0,36.0,24.8,0,0.8660254037844387,-0.4999999999999998,0.9587178169872964,-0.2843591872810034,1,0,1,0
2019-04-19,2019,4,33.2,21.4,11.800000000000004,3.0,10.4,6.0,0.0,426.0,4.5,4.5,36.0,23.333333333333332,12.666666666666666,4.5,35.6,21.6,0,0.8660254037844387,-0.4999999999999998,0.9536809966304457,-0.30081980763566735,1,0,1,0
2019-04-20,2019,4,34.2,22.4,11.800000000000004,3.0,0.3,6.0,0.0,426.0,14.9,14.9,34.93333333333333,22.599999999999998,12.333333333333334,10.4,33.2,21.4,0,0.8660254037844387,-0.4999999999999998,0.9483615800121715,-0.3171912885891061,1,0,1,0
2019-04-21,2019,4,34.2,21.6,12.600000000000001,3.0,0.0,6.0,0.0,426.0,15.200000000000001,15.200000000000001,34.333333333333336,21.8,12.533333333333337,0.3,34.2,22.4,0,0.8660254037844387,-0.4999999999999998,0.9427611433904207,-0.3334687789181868,1,0,0,0
2019-04-22,2019,4,35.0,23.6,11.399999999999999,3.0,0.0,6.0,0.0,426.0,10.700000000000001,15.200000000000001,33.86666666666667,21.799999999999997,12.06666666666667,0.0,34.2,21.6,0,0.8660254037844387,-0.4999999999999998,0.9368813462954315,-0.3496474552512284,1,0,0,0
2019-04-23,2019,4,34.2,23.2,11.000000000000004,3.0,0.0,6.0,0.0,426.0,0.3,15.200000000000001,34.46666666666667,22.53333333333333,11.933333333333335,0.0,35.0,23.6,0,0.8660254037844387,-0.4999999999999998,0.9307239310379795,-0.36572252349726897,1,0,0,0
2019-04-24,2019,4,34.4,23.0,11.399999999999999,3.0,0.0,6.0,0.0,426.0,0.0,15.200000000000001,34.46666666666667,22.799999999999997,11.666666666666666,0.0,34.2,23.2,0,0.8660254037844387,-0.4999999999999998,0.9242907221930934,-0.3816892202666588,1,0,0,0
2019-04-25,2019,4,35.6,22.8,12.8,3.0,0.0,6.0,0.0,426.0,0.0,15.200000000000001,34.53333333333333,23.266666666666666,11.266666666666666,0.0,34.4,23.0,0,0.8660254037844387,-0.4999999999999998,0.9175836260593937,-0.39754281428255595,1,0,0,0
2019-04-26,2019,4,36.6,23.5,13.100000000000001,3.0,0.0,6.0,0.0,426.0,0.0,10.700000000000001,34.73333333333333,23.0,11.733333333333334,0.0,35.6,22.8,0,0.8660254037844387,-0.4999999999999998,0.9106046300942163,-0.4132786077829042,1,0,0,0
2019-04-27,2019,4,37.0,24.4,12.600000000000001,3.0,0.0,6.0,0.0,426.0,0.0,0.3,35.53333333333333,23.099999999999998,12.433333333333332,0.0,36.6,23.5,0,0.8660254037844387,-0.4999999999999998,0.9033558023246845,-0.4288919379124835,1,0,0,0
2019-04-28,2019,4,32.8,24.9,7.899999999999999,3.0,0.0,6.0,0.0,426.0,0.0,0.0,36.4,23.566666666666663,12.833333333333334,0.0,37.0,24.4,0,0.8660254037844387,-0.4999999999999998,0.895839290734909,-0.4443781781046132,1,0,0,0
2019-04-29,2019,4,35.0,24.0,11.0,3.0,0.0,6.0,0.0,426.0,0.0,0.0,35.46666666666666,24.266666666666666,11.200000000000001,0.0,32.8,24.9,0,0.8660254037844387,-0.4999999999999998,0.8880573226294932,-0.45973273945210397,1,0,0,0
2019-04-30,2019,4,35.6,23.0,12.600000000000001,3.0,0.0,6.0,0.0,426.0,0.0,0.0,34.93333333333333,24.433333333333334,10.5,0.0,35.0,24.0,0,0.8660254037844387,-0.4999999999999998,0.8800122039735357,-0.47495107206704995,1,0,0,0
2019-05-01,2019,5,30.1,20.5,9.600000000000001,3.0,37.8,5.5,2.0,342.0,0.0,0.0,34.46666666666666,23.966666666666665,10.5,0.0,35.6,23.0,0,0.49999999999999994,-0.8660254037844387,0.8717063187093219,-0.49002866642905923,1,0,1,0
2019-05-02,2019,5,33.4,22.0,11.399999999999999,3.0,0.0,5.5,2.0,342.0,37.8,37.8,33.56666666666667,22.5,11.066666666666668,37.8,30.1,20.5,0,0.49999999999999994,-0.8660254037844387,0.8631421280499114,-0.5049610547215204,1,0,0,0
2019-05-03,2019,5,33.6,21.4,12.200000000000003,3.0,0.0,5.5,2.0,342.0,37.8,37.8,33.03333333333333,21.833333333333332,11.200000000000001,0.0,33.4,22.0,0,0.49999999999999994,-0.8660254037844387,0.854322169749827,-0.5197438121555155,1,0,0,0
2019-05-04,2019,5,33.6,22.0,11.600000000000001,3.0,0.0,5.5,2.0,342.0,37.8,37.8,32.36666666666667,21.3,11.066666666666668,0.0,33.6,21.4,0,0.49999999999999994,-0.8660254037844387,0.8452490573530633,-0.5343725582809786,1,0,0,0
2019-05-05,2019,5,35.5,22.4,13.100000000000001,3.0,0.0,5.5,2.0,342.0,0.0,37.8,33.53333333333333,21.799999999999997,11.733333333333334,0.0,33.6,22.0,0,0.49999999999999994,-0.8660254037844387,0.8359254794186372,-0.548842958284719,1,0,0,0
2019-05-06,2019,5,36.2,24.0,12.200000000000003,3.0,0.0,5.5,2.0,342.0,0.0,37.8,34.23333333333333,21.933333333333326,12.300000000000002,0.0,35.5,22.4,0,0.49999999999999994,-0.8660254037844387,0.8263541987239096,-0.5631507242749186,1,0,0,0
2019-05-07,2019,5,33.6,24.4,9.200000000000003,3.0,0.0,5.5,2.0,342.0,0.0,37.8,35.1,22.8,12.300000000000002,0.0,36.2,24.0,0,0.49999999999999994,-0.8660254037844387,0.8165380514459161,-0.5772916165517272,1,0,0,0
2019-05-08,2019,5,32.1,20.6,11.5,3.0,14.9,5.5,2.0,342.0,0.0,37.8,35.1,23.599999999999998,11.500000000000002,0.0,33.6,24.4,0,0.49999999999999994,-0.8660254037844387,0.8064799463209448,-0.5912614448635781,1,0,1,0
2019-05-09,2019,5,33.0,23.2,9.8,3.0,0.0,5.5,2.0,342.0,14.9,14.9,33.96666666666667,23.0,10.966666666666669,14.9,32.1,20.6,0,0.49999999999999994,-0.8660254037844387,0.7961828637826158,-0.6050560696488488,1,0,0,0
2019-05-10,2019,5,35.7,23.2,12.500000000000004,3.0,0.0,5.5,2.0,342.0,14.9,14.9,32.9,22.73333333333333,10.166666666666668,0.0,33.0,23.2,0,0.49999999999999994,-0.8660254037844387,0.7856498550787147,-0.6186714032625031,1,0,0,0
2019-05-11,2019,5,35.2,24.6,10.600000000000001,3.0,0.0,5.5,2.0,342.0,14.9,14.9,33.6,22.333333333333332,11.266666666666667,0.0,35.7,23.2,0,0.49999999999999994,-0.8660254037844387,0.7748840413670407,-0.6321034111873487,1,0,0,0
2019-05-12,2019,5,35.0,24.4,10.600000000000001,3.0,2.4,5.5,2.0,342.0,0.0,14.9,34.63333333333333,23.666666666666668,10.966666666666669,0.0,35.2,24.6,0,0.49999999999999994,-0.8660254037844387,0.7638886127905428,-0.6453481132295501,1,0,1,0
2019-05-13,2019,5,35.0,21.7,13.3,3.0,0.0,5.5,2.0,342.0,2.4,17.3,35.300000000000004,24.066666666666663,11.233333333333334,2.4,35.0,24.4,0,0.49999999999999994,-0.8660254037844387,0.7526668275320084,-0.6584015846980488,1,0,0,0
2019-05-14,2019,5,34.8,21.8,12.999999999999996,3.0,0.0,5.5,2.0,342.0,2.4,17.3,35.06666666666666,23.566666666666663,11.5,0.0,35.0,21.7,0,0.49999999999999994,-0.8660254037844387,0.741222010848596,-0.6712599575675313,1,0,0,0
2019-05-15,2019,5,34.6,22.2,12.400000000000002,3.0,0.0,5.5,2.0,342.0,2.4,17.3,34.93333333333333,22.633333333333336,12.299999999999999,0.0,34.8,21.8,0,0.49999999999999994,-0.8660254037844387,0.7295575540864875,-0.6839194216246106,1,0,0,0
2019-05-16,2019,5,33.6,21.3,12.3,3.0,7.7,5.5,2.0,342.0,0.0,2.4,34.8,21.899999999999995,12.9,0.0,34.6,22.2,0,0.49999999999999994,-0.8660254037844387,0.717676913675962,-0.6963762255968722,1,0,1,0
2019-05-17,2019,5,33.6,22.8,10.8,3.0,0.0,5.5,2.0,342.0,7.7,10.1,34.333333333333336,21.766666666666666,12.566666666666668,7.7,33.6,21.3,0,0.49999999999999994,-0.8660254037844387,0.705583610107178,-0.7086266782644596,1,0,0,0
2019-05-18,2019,5,34.0,21.4,12.600000000000001,3.0,17.4,5.5,2.0,342.0,7.7,10.100000000000001,33.93333333333333,22.099999999999998,11.833333333333334,0.0,33.6,22.8,0,0.49999999999999994,-0.8660254037844387,0.6932812268869777,-0.7206671495538609,1,0,1,0
2019-05-19,2019,5,34.8,23.8,10.999999999999996,3.0,0.0,5.5,2.0,342.0,25.099999999999998,27.5,33.73333333333333,21.833333333333332,11.9,17.4,34.0,21.4,0,0.49999999999999994,-0.8660254037844387,0.6807734094770161,-0.7324940716135789,1,0,0,0
2019-05-20,2019,5,34.4,24.4,10.0,3.0,0.0,5.5,2.0,342.0,17.4,25.1,34.13333333333333,22.666666666666668,11.466666666666667,0.0,34.8,23.8,0,0.49999999999999994,-0.8660254037844387,0.6680638642135335,-0.7441039398713607,1,0,0,0
2019-05-21,2019,5,34.8,24.0,10.799999999999997,3.0,0.0,5.5,2.0,342.0,17.4,25.1,34.4,23.2,11.199999999999998,0.0,34.4,24.4,0,0.49999999999999994,-0.8660254037844387,0.6551563572090853,-0.7554933140726803,1,0,0,0
2019-05-22,2019,5,34.6,24.2,10.400000000000002,3.0,0.0,5.5,2.0,342.0,0.0,25.1,34.66666666666666,24.066666666666663,10.599999999999998,0.0,34.8,24.0,0,0.49999999999999994,-0.8660254037844387,0.6420547132365637,-0.766658819300159,1,0,0,0
2019-05-23,2019,5,34.0,22.6,11.399999999999999,3.0,5.0,5.5,2.0,342.0,0.0,25.1,34.6,24.2,10.4,0.0,34.6,24.2,0,0.49999999999999994,-0.8660254037844387,0.6287628145958344,-0.777597146973627,1,0,1,0
2019-05-24,2019,5,33.5,22.4,11.100000000000001,3.0,3.2,5.5,2.0,342.0,5.0,22.4,34.46666666666666,23.599999999999998,10.866666666666665,5.0,34.0,22.6,0,0.49999999999999994,-0.8660254037844387,0.6152845999633276,-0.7883050558305255,1,0,1,0
2019-05-25,2019,5,32.8,21.6,11.199999999999996,3.0,2.0,5.5,2.0,342.0,8.2,25.599999999999998,34.03333333333333,23.066666666666663,10.966666666666669,3.2,33.5,22.4,0,0.49999999999999994,-0.8660254037844387,0.6016240632249226,-0.7987793728863649,1,0,1,0
2019-05-26,2019,5,33.8,19.4,14.399999999999999,3.0,27.2,5.5,2.0,342.0,10.2,10.2,33.43333333333333,22.2,11.233333333333333,2.0,32.8,21.6,0,0.49999999999999994,-0.8660254037844387,0.5877852522924732,-0.8090169943749473,1,0,1,0
2019-05-27,2019,5,34.2,20.0,14.200000000000003,3.0,37.4,5.5,2.0,342.0,32.4,37.4,33.36666666666666,21.13333333333333,12.233333333333333,27.2,33.8,19.4,0,0.49999999999999994,-0.8660254037844387,0.5737722679043246,-0.8190148866680801,1,0,1,0
2019-05-28,2019,5,33.6,24.0,9.600000000000001,3.0,0.0,5.5,2.0,342.0,66.6,74.8,33.6,20.333333333333332,13.266666666666666,37.4,34.2,20.0,0,0.49999999999999994,-0.8660254037844387,0.5595892624101765,-0.8287700871745038,1,0,0,0
2019-05-29,2019,5,34.0,23.0,11.0,3.0,0.3,5.5,2.0,342.0,64.6,74.8,33.86666666666667,21.13333333333333,12.733333333333334,0.0,33.6,24.0,0,0.49999999999999994,-0.8660254037844387,0.545240438540651,-0.8382797052177744,1,0,1,0
2019-05-30,2019,5,33.3,24.0,9.299999999999997,3.0,0.0,5.5,2.0,342.0,37.699999999999996,75.1,33.93333333333333,22.333333333333332,11.600000000000001,0.3,34.0,23.0,0,0.49999999999999994,-0.8660254037844387,0.5307300481619334,-0.8475409228928311,1,0,0,0
2019-05-31,2019,5,33.2,22.6,10.600000000000001,3.0,0.0,5.5,2.0,342.0,0.3000000000000071,70.1,33.63333333333333,23.666666666666668,9.966666666666667,0.0,33.3,24.0,0,0.49999999999999994,-0.8660254037844387,0.5160623910158528,-0.8565509959010036,1,0,0,0
2019-06-01,2019,6,33.0,21.0,12.0,5.0,0.0,5.0,11.0,195.0,0.3000000000000071,66.89999999999999,33.5,23.2,10.299999999999999,0.0,33.2,22.6,0,1.2246467991473532e-16,-1.0,0.5012418134457758,-0.865307254363206,2,0,0,0
2019-06-02,2019,6,32.9,23.7,9.2,5.0,0.0,5.0,11.0,195.0,0.0,64.89999999999999,33.166666666666664,22.53333333333333,10.633333333333333,0.0,33.0,21.0,0,1.2246467991473532e-16,-1.0,0.48627270710869,-0.8738071036110808,2,0,0,0
2019-06-03,2019,6,29.8,21.2,8.600000000000001,5.0,8.0,5.0,11.0,195.0,0.0,37.699999999999996,33.03333333333333,22.433333333333334,10.6,0.0,32.9,23.7,0,1.2246467991473532e-16,-1.0,0.4711595076738638,-0.8820480249558537,2,0,1,0
2019-06-04,2019,6,31.8,22.1,9.7,5.0,0.0,5.0,11.0,195.0,8.000000000000007,8.3,31.899999999999995,21.966666666666665,9.933333333333334,8.0,29.8,21.2,0,1.2246467991473532e-16,-1.0,0.4559066935084588,-0.8900275764346767,2,0,0,0
2019-06-05,2019,6,32.4,23.4,9.0,5.0,0.0,5.0,11.0,195.0,8.000000000000007,8.3,31.5,22.333333333333332,9.166666666666666,0.0,31.8,22.1,0,1.2246467991473532e-16,-1.0,0.440518784350495,-0.8977433935342337,2,0,0,0
2019-06-06,2019,6,32.0,20.6,11.399999999999999,5.0,32.9,5.0,11.0,195.0,8.000000000000007,8.0,31.333333333333332,22.23333333333333,9.1,0.0,32.4,23.4,0,1.2246467991473532e-16,-1.0,0.42500033996955416,-0.9051931898913974,2,0,1,0
2019-06-07,2019,6,31.5,20.6,10.899999999999999,5.0,20.4,5.0,11.0,195.0,32.900000000000006,40.9,32.06666666666666,22.03333333333333,10.033333333333333,32.9,32.0,20.6,0,1.2246467991473532e-16,-1.0,0.4093559588156213,-0.9123747579707273,2,0,1,0
2019-06-08,2019,6,30.7,22.5,8.2,5.0,0.0,5.0,11.0,195.0,53.300000000000004,61.3,31.966666666666658,21.53333333333333,10.433333333333332,20.4,31.5,20.6,0,1.2246467991473532e-16,-1.0,0.39359027665646673,-0.9192859697186104,2,0,0,0
2019-06-09,2019,6,33.6,22.3,11.3,5.0,0.0,5.0,11.0,195.0,53.300000000000004,61.3,31.399999999999995,21.233333333333334,10.166666666666666,0.0,30.7,22.5,0,1.2246467991473532e-16,-1.0,0.3777079652039649,-0.9259247771938498,2,0,0,0
2019-06-10,2019,6,30.0,22.0,8.0,5.0,0.0,5.0,11.0,195.0,20.400000000000006,61.3,31.933333333333334,21.8,10.133333333333333,0.0,33.6,22.3,0,1.2246467991473532e-16,-1.0,0.36171373072976765,-0.9322892131745133,2,0,0,0
2019-06-11,2019,6,30.0,21.0,9.0,5.0,0.0,5.0,11.0,195.0,0.0,53.3,31.433333333333334,22.266666666666666,9.166666666666666,0.0,30.0,22.0,0,1.2246467991473532e-16,-1.0,0.3456123126707335,-0.9383773917408641,2,0,0,0
2019-06-12,2019,6,29.4,21.6,7.799999999999997,5.0,0.0,5.0,11.0,195.0,0.0,53.3,31.2,21.766666666666666,9.433333333333334,0.0,30.0,21.0,0,1.2246467991473532e-16,-1.0,0.3294084822245304,-0.9441875088341993,2,0,0,0
2019-06-13,2019,6,29.3,22.0,7.300000000000001,5.0,0.0,5.0,11.0,195.0,0.0,53.3,29.8,21.53333333333333,8.266666666666666,0.0,29.4,21.6,0,1.2246467991473532e-16,-1.0,0.3131070409358269,-0.9497178427914316,2,0,0,0
2019-06-14,2019,6,31.0,22.0,9.0,5.0,0.0,5.0,11.0,195.0,0.0,20.4,29.566666666666666,21.53333333333333,8.033333333333333,0.0,29.3,22.0,0,1.2246467991473532e-16,-1.0,0.29671281927349075,-0.9549667548552551,2,0,0,0
2019-06-15,2019,6,31.7,21.2,10.5,5.0,0.5,5.0,11.0,195.0,0.0,0.0,29.900000000000002,21.866666666666664,8.033333333333333,0.0,31.0,22.0,0,1.2246467991473532e-16,-1.0,0.2802306751992159,-0.9599326896597447,2,0,1,0
2019-06-16,2019,6,32.2,21.5,10.700000000000003,5.0,0.0,5.0,11.0,195.0,0.5000000000000071,0.5,30.666666666666668,21.73333333333333,8.933333333333334,0.5,31.7,21.2,0,1.2246467991473532e-16,-1.0,0.26366549272800704,-0.9646141756912435,2,0,0,0
2019-06-17,2019,6,32.4,21.6,10.799999999999997,5.0,0.0,5.0,11.0,195.0,0.5000000000000071,0.5,31.633333333333336,21.566666666666663,10.066666666666668,0.0,32.2,21.5,0,1.2246467991473532e-16,-1.0,0.24702218048093552,-0.9690098257244062,2,0,0,0
2019-06-18,2019,6,31.2,22.6,8.599999999999998,5.0,0.0,5.0,11.0,195.0,0.5000000000000071,0.5,32.1,21.433333333333334,10.666666666666666,0.0,32.4,21.6,0,1.2246467991473532e-16,-1.0,0.23030567023061221,-0.9731183372332619,2,0,0,0
2019-06-19,2019,6,32.3,21.5,10.799999999999997,5.0,0.0,5.0,11.0,195.0,0.0,0.5,31.933333333333334,21.900000000000002,10.033333333333333,0.0,31.2,22.6,0,1.2246467991473532e-16,-1.0,0.21352091543979612,-0.9769384927771817,2,0,0,0
2019-06-20,2019,6,30.6,22.2,8.400000000000002,5.0,1.2,5.0,11.0,195.0,0.0,0.5,31.966666666666665,21.900000000000002,10.066666666666665,0.0,32.3,21.5,0,1.2246467991473532e-16,-1.0,0.19667288979357647,-0.980469160361632,2,0,1,0
2019-06-21,2019,6,29.4,20.7,8.7,5.0,0.0,5.0,11.0,195.0,1.200000000000007,1.7,31.366666666666664,22.099999999999998,9.266666666666666,1.2,30.6,22.2,0,1.2246467991473532e-16,-1.0,0.1797665857255624,-0.9837092937736097,2,0,0,0
2019-06-22,2019,6,29.4,21.2,8.2,5.0,0.0,5.0,11.0,195.0,1.200000000000007,1.7,30.766666666666662,21.466666666666665,9.299999999999999,0.0,29.4,20.7,0,1.2246467991473532e-16,-1.0,0.16280701293851715,-0.986657932891657,2,0,0,0
2019-06-23,2019,6,29.2,21.6,7.599999999999998,5.0,0.0,5.0,11.0,195.0,1.200000000000007,1.2,29.799999999999997,21.366666666666664,8.433333333333334,0.0,29.4,21.2,0,1.2246467991473532e-16,-1.0,0.1457991969198751,-0.9893142039703663,2,0,0,0
2019-06-24,2019,6,29.7,21.0,8.7,5.0,12.8,5.0,11.0,195.0,0.0,1.2,29.33333333333333,21.166666666666664,8.166666666666666,0.0,29.2,21.6,0,1.2246467991473532e-16,-1.0,0.12874817745258132,-0.99167731989929,2,0,1,0
2019-06-25,2019,6,29.8,21.4,8.400000000000002,5.0,0.3,5.0,11.0,195.0,12.800000000000008,14.0,29.433333333333326,21.266666666666666,8.166666666666666,12.8,29.7,21.0,0,1.2246467991473532e-16,-1.0,0.11165900712169512,-0.993746580436178,2,0,1,0
2019-06-26,2019,6,28.0,21.6,6.399999999999999,5.0,0.0,5.0,11.0,195.0,13.100000000000009,14.3,29.566666666666663,21.333333333333332,8.233333333333333,0.3,29.8,21.4,0,1.2246467991473532e-16,-1.0,0.09453674981719912,-0.9955213724144752,2,0,0,0
2019-06-27,2019,6,31.0,21.6,9.399999999999999,5.0,0.0,5.0,11.0,195.0,13.100000000000009,14.3,29.16666666666666,21.333333333333332,7.833333333333333,0.0,28.0,21.6,0,1.2246467991473532e-16,-1.0,0.07738647923346301,-0.9970011699250151,2,0,0,0
2019-06-28,2019,6,31.2,21.0,10.2,5.0,4.8,5.0,11.0,195.0,0.3000000000000071,13.100000000000001,29.599999999999998,21.53333333333333,8.066666666666666,0.0,31.0,21.6,0,1.2246467991473532e-16,-1.0,0.06021327736579302,-0.9981855344718586,2,0,1,0
2019-06-29,2019,6,30.6,21.0,9.600000000000001,5.0,0.0,5.0,11.0,195.0,4.800000000000007,17.9,30.066666666666663,21.399999999999995,8.666666666666666,4.8,31.2,21.0,0,1.2246467991473532e-16,-1.0,0.04302223300453059,-0.99907411510223,2,0,0,0
2019-06-30,2019,6,29.8,21.6,8.2,5.0,0.0,5.0,11.0,195.0,4.800000000000007,17.9,30.933333333333334,21.299999999999997,9.799999999999999,0.0,30.6,,0,1.2246467991473532e-16,-1.0,0.02581844022713308,-0.9996666485105112,2,0,0,0
2019-07-01,2019,7,30.5,21.0,9.5,6.0,0.0,4.8,10.0,132.0,4.800000000000007,17.9,30.53333333333333,21.299999999999997,9.2,0.0,29.8,21.6,0,-0.4999999999999997,-0.8660254037844388,0.008606996888688698,-0.9999629591162655,2,0,0,0
2019-07-02,2019,7,30.8,21.5,9.3,6.0,0.0,4.8,10.0,132.0,0.0,5.1,30.299999999999997,21.299999999999997,8.85,0.0,30.5,21.0,0,-0.4999999999999997,-0.8660254037844388,-0.008606996888688009,-0.9999629591162655,2,0,0,0
2019-07-03,2019,7,30.8,21.4,9.400000000000002,6.0,0.0,4.8,10.0,132.0,0.0,4.8,30.366666666666664,21.366666666666664,9.0,0.0,30.8,21.5,0,-0.4999999999999997,-0.8660254037844388,-0.02581844022713239,-0.9996666485105112,2,0,0,0
2019-07-04,2019,7,30.3,21.6,8.7,6.0,0.0,4.8,10.0,132.0,0.0,4.8,30.7,21.299999999999997,9.4,0.0,30.8,21.4,0,-0.4999999999999997,-0.8660254037844388,-0.04302223300453034,-0.99907411510223,2,0,0,0
2019-07-05,2019,7,29.0,21.3,7.699999999999999,6.0,1.5,4.8,10.0,132.0,0.0,4.8,30.633333333333336,21.5,9.133333333333335,0.0,30.3,21.6,0,-0.4999999999999997,-0.8660254037844388,-0.060213277365792774,-0.9981855344718586,2,0,1,0
2019-07-06,2019,7,28.6,20.7,7.900000000000002,6.0,5.8,4.8,10.0,132.0,1.500000000000007,1.5,30.03333333333333,21.433333333333334,8.6,1.5,29.0,21.3,0,-0.4999999999999997,-0.8660254037844388,-0.07738647923346322,-0.9970011699250151,2,0,1,0
2019-07-07,2019,7,29.2,20.7,8.5,6.0,1.2,4.8,10.0,132.0,7.300000000000007,7.3,29.3,21.2,8.1,5.8,28.6,20.7,0,-0.4999999999999997,-0.8660254037844388,-0.09453674981719933,-0.9955213724144752,2,0,1,0
2019-07-08,2019,7,29.5,20.6,8.899999999999999,6.0,0.0,4.8,10.0,132.0,8.500000000000007,8.5,28.933333333333334,20.9,8.033333333333333,1.2,29.2,20.7,0,-0.4999999999999997,-0.8660254037844388,-0.11165900712169444,-0.9937465804361781,2,0,0,0
2019-07-09,2019,7,29.6,20.0,9.600000000000001,6.0,0.0,4.8,10.0,132.0,7.000000000000007,8.5,29.099999999999998,20.666666666666664,8.433333333333334,0.0,29.5,20.6,0,-0.4999999999999997,-0.8660254037844388,-0.12874817745258066,-0.99167731989929,2,0,0,0
2019-07-10,2019,7,29.4,21.1,8.299999999999997,6.0,0.0,4.8,10.0,132.0,1.200000000000007,8.5,29.433333333333334,20.433333333333334,9.0,0.0,29.6,20.0,0,-0.4999999999999997,-0.8660254037844388,-0.14579919691987442,-0.9893142039703664,2,0,0,0
2019-07-11,2019,7,29.2,20.2,9.0,6.0,0.0,4.8,10.0,132.0,0.0,8.5,29.499999999999996,20.566666666666666,8.933333333333332,0.0,29.4,21.1,0,-0.4999999999999997,-0.8660254037844388,-0.16280701293851646,-0.9866579328916572,2,0,0,0
2019-07-12,2019,7,31.2,20.8,10.399999999999999,6.0,0.0,4.8,10.0,132.0,0.0,8.5,29.399999999999995,20.433333333333334,8.966666666666667,0.0,29.2,20.2,0,-0.4999999999999997,-0.8660254037844388,-0.17976658572556214,-0.9837092937736098,2,0,0,0
2019-07-13,2019,7,30.8,21.0,9.8,6.0,0.0,4.8,10.0,132.0,0.0,7.0,29.933333333333334,20.7,9.233333333333333,0.0,31.2,20.8,0,-0.4999999999999997,-0.8660254037844388,-0.19667288979357622,-0.9804691603616321,2,0,0,0
2019-07-14,2019,7,30.8,21.3,9.5,6.0,1.0,4.8,10.0,132.0,0.0,1.2,30.399999999999995,20.666666666666668,9.733333333333333,0.0,30.8,21.0,0,-0.4999999999999997,-0.8660254037844388,-0.2135209154397959,-0.9769384927771817,2,0,1,0
2019-07-15,2019,7,30.4,21.4,9.0,6.0,0.2,4.8,10.0,132.0,1.000000000000007,1.0,30.933333333333334,21.03333333333333,9.9,1.0,30.8,21.3,0,-0.4999999999999997,-0.8660254037844388,-0.23030567023061196,-0.973118337233262,2,0,1,0
2019-07-16,2019,7,30.3,21.0,9.3,6.0,2.8,4.8,10.0,132.0,1.200000000000007,1.2,30.66666666666666,21.233333333333334,9.433333333333334,0.2,30.4,21.4,0,-0.4999999999999997,-0.8660254037844388,-0.24702218048093527,-0.9690098257244063,2,0,1,0
2019-07-17,2019,7,29.3,21.0,8.3,6.0,3.0,4.8,10.0,132.0,4.000000000000007,4.0,30.5,21.233333333333334,9.266666666666667,2.8,30.3,21.0,0,-0.4999999999999997,-0.8660254037844388,-0.2636654927280072,-0.9646141756912435,2,0,1,0
2019-07-18,2019,7,28.4,21.4,7.0,6.0,40.3,4.8,10.0,132.0,6.000000000000007,7.0,30.0,21.13333333333333,8.866666666666667,3.0,29.3,21.0,0,-0.4999999999999997,-0.8660254037844388,-0.2802306751992161,-0.9599326896597445,2,0,1,0
2019-07-19,2019,7,28.4,21.6,6.799999999999997,6.0,1.0,4.8,10.0,132.0,46.1,47.3,29.33333333333333,21.13333333333333,8.200000000000001,40.3,28.4,21.4,0,-0.4999999999999997,-0.8660254037844388,-0.2967128192734901,-0.9549667548552553,2,0,1,0
2019-07-20,2019,7,27.7,20.6,7.099999999999998,6.0,1.3,4.8,10.0,132.0,44.300000000000004,48.3,28.7,21.333333333333332,7.366666666666666,1.0,28.4,21.6,0,-0.4999999999999997,-0.8660254037844388,-0.3131070409358267,-0.9497178427914317,2,0,1,0
2019-07-21,2019,7,27.6,20.6,7.0,6.0,0.0,4.8,10.0,132.0,42.6,49.599999999999994,28.166666666666668,21.2,6.966666666666665,1.3,27.7,20.6,0,-0.4999999999999997,-0.8660254037844388,-0.3294084822245302,-0.9441875088341994,2,0,0,0
2019-07-22,2019,7,26.0,20.4,5.600000000000001,6.0,3.2,4.8,10.0,132.0,2.300000000000007,48.599999999999994,27.899999999999995,20.933333333333334,6.966666666666665,0.0,27.6,20.6,0,-0.4999999999999997,-0.8660254037844388,-0.3456123126707333,-0.9383773917408642,2,0,1,0
2019-07-23,2019,7,25.8,19.2,6.600000000000001,6.0,14.0,4.8,10.0,132.0,4.500000000000007,51.599999999999994,27.099999999999998,20.53333333333333,6.566666666666666,3.2,26.0,20.4,0,-0.4999999999999997,-0.8660254037844388,-0.3617137307297674,-0.9322892131745134,2,0,1,0
2019-07-24,2019,7,29.5,20.0,9.5,6.0,0.2,4.8,10.0,132.0,17.200000000000006,62.8,26.466666666666665,20.066666666666666,6.400000000000001,14.0,25.8,19.2,0,-0.4999999999999997,-0.8660254037844388,-0.37770796520396466,-0.9259247771938499,2,0,1,0
2019-07-25,2019,7,28.5,21.3,7.199999999999999,6.0,1.1,4.8,10.0,132.0,17.400000000000006,60.0,27.099999999999998,19.866666666666664,7.233333333333334,0.2,29.5,20.0,0,-0.4999999999999997,-0.8660254037844388,-0.39359027665646645,-0.9192859697186105,2,0,1,0
2019-07-26,2019,7,26.6,20.6,6.0,6.0,11.2,4.8,10.0,132.0,15.300000000000008,20.8,27.933333333333334,20.166666666666668,7.766666666666667,1.1,28.5,21.3,0,-0.4999999999999997,-0.8660254037844388,-0.4093559588156211,-0.9123747579707274,2,0,1,0
2019-07-27,2019,7,29.0,20.4,8.600000000000001,6.0,0.0,4.8,10.0,132.0,12.500000000000007,31.0,28.2,20.63333333333333,7.566666666666666,11.2,26.6,20.6,0,-0.4999999999999997,-0.8660254037844388,-0.42500033996955394,-0.9051931898913975,2,0,0,0
2019-07-28,2019,7,28.2,20.6,7.599999999999998,6.0,0.0,4.8,10.0,132.0,12.300000000000008,29.7,28.03333333333333,20.766666666666666,7.266666666666667,0.0,29.0,20.4,0,-0.4999999999999997,-0.8660254037844388,-0.4405187843504952,-0.8977433935342336,2,0,0,0
2019-07-29,2019,7,27.6,20.8,6.800000000000001,6.0,0.1,4.8,10.0,132.0,11.200000000000006,29.7,27.933333333333334,20.53333333333333,7.3999999999999995,0.0,28.2,20.6,0,-0.4999999999999997,-0.8660254037844388,-0.455906693508459,-0.8900275764346766,2,0,1,0
2019-07-30,2019,7,27.0,20.1,6.899999999999999,6.0,0.0,4.8,10.0,132.0,0.10000000000000711,26.6,28.266666666666662,20.599999999999998,7.666666666666667,0.1,27.6,20.8,0,-0.4999999999999997,-0.8660254037844388,-0.47115950767386394,-0.8820480249558535,2,0,0,0
2019-07-31,2019,7,29.9,19.8,10.099999999999998,6.0,0.0,4.8,10.0,132.0,0.10000000000000711,12.6,27.599999999999994,20.5,7.099999999999999,0.0,27.0,20.1,0,-0.4999999999999997,-0.8660254037844388,-0.4862727071086902,-0.8738071036110807,2,0,0,0
2019-08-01,2019,8,30.4,20.4,10.0,5.0,0.0,5.0,15.0,216.0,0.10000000000000711,12.4,28.166666666666668,20.233333333333334,7.933333333333333,0.0,29.9,19.8,0,-0.8660254037844384,-0.5000000000000004,-0.5012418134457756,-0.8653072543632061,2,0,0,0
2019-08-02,2019,8,27.0,20.5,6.5,5.0,0.0,5.0,15.0,216.0,0.0,11.299999999999999,29.099999999999994,20.099999999999998,8.999999999999998,0.0,30.4,20.4,0,-0.8660254037844384,-0.5000000000000004,-0.5160623910158526,-0.8565509959010037,2,0,0,0
2019-08-03,2019,8,28.8,20.8,8.0,5.0,0.0,5.0,15.0,216.0,0.0,0.1,29.099999999999994,20.23333333333333,8.866666666666665,0.0,27.0,20.5,0,-0.8660254037844384,-0.5000000000000004,-0.5307300481619331,-0.8475409228928312,2,0,0,0
2019-08-04,2019,8,27.9,21.0,6.899999999999999,5.0,0.0,5.0,15.0,216.0,0.0,0.1,28.73333333333333,20.566666666666666,8.166666666666666,0.0,28.8,20.8,0,-0.8660254037844384,-0.5000000000000004,-0.5452404385406507,-0.8382797052177745,2,0,0,0
2019-08-05,2019,8,25.6,20.6,5.0,5.0,2.4,5.0,15.0,216.0,0.0,0.1,27.899999999999995,20.766666666666666,7.133333333333333,0.0,27.9,21.0,0,-0.8660254037844384,-0.5000000000000004,-0.5595892624101763,-0.828770087174504,2,0,1,0
2019-08-06,2019,8,25.4,20.0,5.399999999999999,5.0,2.8,5.0,15.0,216.0,2.400000000000007,2.4,27.433333333333334,20.8,6.633333333333333,2.4,25.6,20.6,0,-0.8660254037844384,-0.5000000000000004,-0.5737722679043243,-0.8190148866680802,2,0,1,0
2019-08-07,2019,8,25.2,20.1,5.099999999999998,5.0,2.0,5.0,15.0,216.0,5.200000000000006,5.199999999999999,26.299999999999997,20.53333333333333,5.766666666666666,2.8,25.4,20.0,0,-0.8660254037844384,-0.5000000000000004,-0.5877852522924734,-0.8090169943749472,2,0,1,0
2019-08-08,2019,8,24.7,20.8,3.8999999999999986,5.0,2.7,5.0,15.0,216.0,7.200000000000006,7.199999999999999,25.399999999999995,20.23333333333333,5.166666666666665,2.0,25.2,20.1,0,-0.8660254037844384,-0.5000000000000004,-0.6016240632249227,-0.7987793728863648,2,0,1,0
2019-08-09,2019,8,25.3,20.4,4.900000000000002,5.0,21.2,5.0,15.0,216.0,7.500000000000007,9.9,25.099999999999998,20.299999999999997,4.799999999999998,2.7,24.7,20.8,0,-0.8660254037844384,-0.5000000000000004,-0.6152845999633277,-0.7883050558305253,2,0,1,0
2019-08-10,2019,8,25.8,19.8,6.0,5.0,0.8,5.0,15.0,216.0,25.900000000000006,31.1,25.066666666666663,20.433333333333334,4.633333333333333,21.2,25.3,20.4,0,-0.8660254037844384,-0.5000000000000004,-0.6287628145958345,-0.7775971469736268,2,0,1,0
2019-08-11,2019,8,27.5,20.0,7.5,5.0,0.0,5.0,15.0,216.0,24.70000000000001,31.9,25.266666666666666,20.333333333333332,4.933333333333334,0.8,25.8,19.8,0,-0.8660254037844384,-0.5000000000000004,-0.6420547132365636,-0.7666588193001592,2,0,0,0
2019-08-12,2019,8,27.6,20.2,7.400000000000002,5.0,6.1,5.0,15.0,216.0,22.00000000000001,31.9,26.2,20.066666666666666,6.133333333333334,0.0,27.5,20.0,0,-0.8660254037844384,-0.5000000000000004,-0.655156357209085,-0.7554933140726804,2,0,1,0
2019-08-13,2019,8,27.4,20.5,6.899999999999999,5.0,19.0,5.0,15.0,216.0,6.90000000000001,35.6,26.966666666666665,20.0,6.966666666666668,6.1,27.6,20.2,0,-0.8660254037844384,-0.5000000000000004,-0.6680638642135333,-0.7441039398713608,2,0,1,0
2019-08-14,2019,8,28.4,20.7,7.699999999999999,5.0,0.2,5.0,15.0,216.0,25.10000000000001,51.8,27.5,20.233333333333334,7.266666666666667,19.0,27.4,20.5,0,-0.8660254037844384,-0.5000000000000004,-0.680773409477016,-0.732494071613579,2,0,1,0
2019-08-15,2019,8,27.6,20.5,7.100000000000001,5.0,9.2,5.0,15.0,216.0,25.300000000000008,49.99999999999999,27.799999999999997,20.466666666666665,7.333333333333333,0.2,28.4,20.7,0,-0.8660254037844384,-0.5000000000000004,-0.6932812268869771,-0.7206671495538615,2,0,1,0
2019-08-16,2019,8,28.6,21.2,7.400000000000002,5.0,0.0,5.0,15.0,216.0,28.40000000000001,56.5,27.799999999999997,20.566666666666666,7.233333333333333,9.2,27.6,20.5,0,-0.8660254037844384,-0.5000000000000004,-0.7055836101071774,-0.70862667826446,2,0,0,0
2019-08-17,2019,8,24.8,20.0,4.800000000000001,5.0,3.1,5.0,15.0,216.0,9.40000000000001,35.3,28.2,20.799999999999997,7.400000000000001,0.0,28.6,21.2,0,-0.8660254037844384,-0.5000000000000004,-0.7176769136759615,-0.6963762255968726,2,0,1,0
2019-08-18,2019,8,23.7,20.6,3.099999999999998,5.0,24.1,5.0,15.0,216.0,12.30000000000001,37.599999999999994,27.0,20.566666666666663,6.4333333333333345,3.1,24.8,20.0,0,-0.8660254037844384,-0.5000000000000004,-0.7295575540864876,-0.6839194216246105,2,0,1,0
2019-08-19,2019,8,29.0,20.4,8.600000000000001,5.0,11.7,5.0,15.0,216.0,27.20000000000001,61.7,25.7,20.599999999999998,5.1000000000000005,24.1,23.7,20.6,0,-0.8660254037844384,-0.5000000000000004,-0.7412220108485957,-0.6712599575675315,2,0,1,0
2019-08-20,2019,8,26.4,20.1,6.299999999999997,5.0,17.6,5.0,15.0,216.0,38.900000000000006,67.3,25.83333333333333,20.333333333333332,5.5,11.7,29.0,20.4,0,-0.8660254037844384,-0.5000000000000004,-0.7526668275320083,-0.6584015846980489,2,0,1,0
2019-08-21,2019,8,27.3,20.8,6.5,5.0,16.7,5.0,15.0,216.0,53.400000000000006,65.9,26.366666666666664,20.366666666666664,5.999999999999999,17.6,26.4,20.1,0,-0.8660254037844384,-0.5000000000000004,-0.7638886127905429,-0.64534811322955,2,0,1,0
2019-08-22,2019,8,27.5,20.7,6.800000000000001,5.0,0.0,5.0,15.0,216.0,46.00000000000001,82.39999999999999,27.566666666666663,20.433333333333334,7.133333333333333,16.7,27.3,20.8,0,-0.8660254037844384,-0.5000000000000004,-0.7748840413670406,-0.6321034111873488,2,0,0,0
2019-08-23,2019,8,27.5,20.3,7.199999999999999,5.0,5.4,5.0,15.0,216.0,34.30000000000001,73.2,27.066666666666663,20.53333333333333,6.533333333333332,0.0,27.5,20.7,0,-0.8660254037844384,-0.5000000000000004,-0.7856498550787144,-0.6186714032625032,2,0,1,0
2019-08-24,2019,8,26.9,20.0,6.899999999999999,5.0,1.6,5.0,15.0,216.0,22.10000000000001,78.60000000000001,27.4,20.599999999999998,6.65,5.4,,20.3,0,-0.8660254037844384,-0.5000000000000004,-0.7961828637826154,-0.6050560696488494,2,0,1,0
2019-08-25,2019,8,28.3,20.0,8.3,5.0,0.0,5.0,15.0,216.0,7.000000000000007,77.1,27.199999999999996,20.333333333333332,6.85,1.6,26.9,20.0,0,-0.8660254037844384,-0.5000000000000004,-0.8064799463209447,-0.5912614448635783,2,0,0,0
2019-08-26,2019,8,27.8,20.0,7.800000000000001,5.0,0.0,5.0,15.0,216.0,7.000000000000007,53.00000000000001,27.599999999999994,20.099999999999998,7.6,0.0,28.3,20.0,0,-0.8660254037844384,-0.5000000000000004,-0.8165380514459157,-0.5772916165517278,2,0,0,0
2019-08-27,2019,8,29.0,20.4,8.600000000000001,5.0,0.2,5.0,15.0,216.0,1.6000000000000072,41.300000000000004,27.666666666666668,20.0,7.666666666666667,0.0,27.8,20.0,0,-0.8660254037844384,-0.5000000000000004,-0.8263541987239094,-0.5631507242749189,2,0,1,0
2019-08-28,2019,8,29.0,20.0,9.0,7.0,0.0,5.0,15.0,216.0,0.20000000000000712,23.9,28.366666666666664,20.133333333333333,8.233333333333334,0.2,29.0,20.4,0,-0.8660254037844384,-0.5000000000000004,-0.8359254794186365,-0.5488429582847199,2,0,0,0
2019-08-29,2019,8,29.0,20.0,9.0,5.0,0.0,5.0,15.0,216.0,0.20000000000000712,7.2,28.599999999999998,20.13333333333333,8.466666666666667,0.0,29.0,20.0,0,-0.8660254037844384,-0.5000000000000004,-0.8452490573530633,-0.5343725582809785,2,0,0,0
2019-08-30,2019,8,29.0,20.6,8.399999999999999,5.0,0.0,5.0,15.0,216.0,0.20000000000000712,7.2,29.0,20.199999999999996,8.8,0.0,29.0,,0,-0.8660254037844384,-0.5000000000000004,-0.8543221697498269,-0.5197438121555157,2,0,0,0
2019-08-31,2019,8,29.0,20.6,8.399999999999999,5.0,0.0,5.0,15.0,216.0,0.0,1.8,29.0,20.299999999999997,9.0,0.0,,20.6,0,-0.8660254037844384,-0.5000000000000004,-0.8631421280499115,-0.5049610547215202,2,0,0,0
2019-09-01,2019,9,26.4,20.5,5.899999999999999,7.0,0.0,4.8,5.0,0.0,0.0,0.2,29.0,20.6,,0.0,,20.6,0,-1.0,-1.8369701987210297e-16,-0.8717063187093217,-0.4900286664290594,2,0,0,0
2019-09-02,2019,9,26.9,20.3,6.599999999999998,7.0,0.0,4.8,15.0,0.0,0.0,0.2,26.4,20.566666666666666,5.899999999999999,0.0,26.4,20.5,0,-1.0,-1.8369701987210297e-16,-0.8800122039735356,-0.4749510720670502,2,0,0,0
2019-09-05,2019,9,25.8,20.4,5.400000000000002,4.0,0.0,4.5,11.0,201.0,0.0,0.2,26.649999999999995,20.466666666666665,6.249999999999998,0.0,26.9,20.3,0,-1.0,-1.8369701987210297e-16,-0.9033558023246842,-0.4288919379124841,2,0,0,0
2019-09-06,2019,9,25.8,20.4,5.400000000000002,4.0,0.4,5.2,11.0,201.0,0.0,0.0,26.366666666666664,20.4,5.966666666666666,0.0,25.8,20.4,0,-1.0,-1.8369701987210297e-16,-0.9106046300942162,-0.41327860778290443,2,0,1,0
2019-09-09,2019,9,27.5,21.0,6.5,4.0,0.2,5.2,11.0,42.0,0.4000000000000071,0.4,26.349999999999998,20.366666666666664,6.0,0.4,,20.4,0,-1.0,-1.8369701987210297e-16,-0.9307239310379793,-0.3657225234972692,2,0,1,0
2019-09-10,2019,9,27.9,20.6,7.299999999999997,4.0,0.0,50.0,11.0,201.0,0.6000000000000072,0.6000000000000001,26.65,20.599999999999998,5.950000000000001,0.2,27.5,21.0,0,-1.0,-1.8369701987210297e-16,-0.9368813462954315,-0.34964745525122826,2,0,0,0
2019-09-11,2019,9,28.0,21.3,6.699999999999999,5.0,0.0,5.5,0.0,294.0,0.6000000000000072,0.6000000000000001,27.699999999999996,20.666666666666664,6.899999999999999,0.0,27.9,20.6,0,-1.0,-1.8369701987210297e-16,-0.9427611433904206,-0.33346877891818705,2,0,0,0
2019-09-12,2019,9,27.7,21.0,6.699999999999999,3.0,0.1,60.0,5.0,0.0,0.20000000000000712,0.6000000000000001,27.799999999999997,20.966666666666665,6.833333333333332,0.0,28.0,21.3,0,-1.0,-1.8369701987210297e-16,-0.9483615800121716,-0.31719128858910595,2,0,1,0
2019-09-13,2019,9,29.8,21.0,8.8,4.0,0.4,50.0,11.0,201.0,0.10000000000000711,0.7000000000000001,27.866666666666664,20.966666666666665,6.899999999999999,0.1,27.7,21.0,0,-1.0,-1.8369701987210297e-16,-0.9536809966304455,-0.300819807635668,2,0,1,0
2019-09-14,2019,9,30.2,21.2,9.0,4.0,0.0,48.0,11.0,201.0,0.5000000000000071,1.1,28.5,21.099999999999998,7.3999999999999995,0.4,29.8,21.0,0,-1.0,-1.8369701987210297e-16,-0.9587178169872964,-0.2843591872810036,2,0,0,0
2019-09-15,2019,9,30.7,21.3,9.399999999999999,6.0,0.0,5.5,5.0,456.0,0.5000000000000071,1.1,29.23333333333333,21.066666666666666,8.166666666666666,0.0,30.2,21.2,0,-1.0,-1.8369701987210297e-16,-0.9634705485641486,-0.26781430516217486,2,0,0,0
2019-09-16,2019,9,29.5,21.0,8.5,4.0,0.2,32.2,225.0,0.0,0.4000000000000071,0.7000000000000001,30.23333333333333,21.166666666666668,9.066666666666666,0.0,30.7,21.3,0,-1.0,-1.8369701987210297e-16,-0.9679377830240641,-0.25119006388481957,2,0,1,0
2019-09-17,2019,9,28.8,20.2,8.600000000000001,4.0,30.8,14.8,11.0,102.0,0.20000000000000712,0.7,30.13333333333333,21.166666666666668,8.966666666666667,0.2,29.5,21.0,0,-1.0,-1.8369701987210297e-16,-0.9721181966290612,-0.23449138957041052,2,0,1,0
2019-09-18,2019,9,26.2,21.6,4.599999999999998,4.0,0.4,46.0,11.0,0.0,31.000000000000007,31.5,29.66666666666666,20.833333333333332,8.833333333333334,30.8,28.8,20.2,0,-1.0,-1.8369701987210297e-16,-0.9760105506323682,-0.21772323039653224,2,0,1,0
2019-09-19,2019,9,27.3,21.2,6.100000000000001,4.0,0.2,4.5,30.0,54.0,31.400000000000006,31.9,28.166666666666668,20.933333333333334,7.233333333333333,0.4,26.2,21.6,0,-1.0,-1.8369701987210297e-16,-0.9796136916454901,-0.20089055513063528,2,0,1,0
2019-09-20,2019,9,29.0,20.6,8.399999999999999,4.0,1.9,47.0,5.0,192.0,31.40000000000001,32.0,27.433333333333334,21.0,6.433333333333334,0.2,27.3,21.2,0,-1.0,-1.8369701987210297e-16,-0.9829265519799822,-0.18399835165767986,2,0,1,0
2019-09-21,2019,9,28.3,21.2,7.100000000000001,6.0,0.0,28.0,11.0,201.0,2.500000000000007,33.5,27.5,21.13333333333333,6.366666666666666,1.9,29.0,20.6,0,-1.0,-1.8369701987210297e-16,-0.9859481499638303,-0.1670516255021195,2,0,0,0
2019-09-22,2019,9,30.8,21.2,9.600000000000001,3.0,7.9,5.2,11.0,201.0,2.100000000000007,33.5,28.2,21.0,7.2,0.0,28.3,21.2,0,-1.0,-1.8369701987210297e-16,-0.9886775902323404,-0.15005539834465262,2,0,1,0
2019-09-23,2019,9,27.0,20.6,6.399999999999999,2.0,12.9,92.0,11.0,201.0,9.800000000000008,41.4,29.366666666666664,21.0,8.366666666666667,7.9,30.8,21.2,0,-1.0,-1.8369701987210297e-16,-0.9911140639934546,-0.13301470653419636,2,0,1,0
2019-09-24,2019,9,28.7,19.7,9.0,4.0,29.6,5.2,130.0,180.0,20.800000000000008,54.099999999999994,28.7,21.0,7.7,12.9,27.0,20.6,0,-1.0,-1.8369701987210297e-16,-0.9932568492674143,-0.11593459959550066,2,0,1,0
2019-09-25,2019,9,28.8,21.0,7.800000000000001,4.0,23.6,6.1,11.0,201.0,50.400000000000006,52.900000000000006,28.833333333333332,20.499999999999996,8.333333333333334,29.6,28.7,19.7,0,-1.0,-1.8369701987210297e-16,-0.9951053111006974,-0.09882013873287211,2,0,1,0
2019-09-26,2019,9,27.9,20.2,7.699999999999999,4.0,1.7,32.2,11.0,201.0,66.10000000000001,76.10000000000001,28.166666666666668,20.433333333333334,7.733333333333333,23.6,28.8,21.0,0,-1.0,-1.8369701987210297e-16,-0.99665890175417,-0.08167639533042288,2,0,1,0
2019-09-27,2019,9,28.5,21.0,7.5,4.0,0.0,5.5,0.0,342.0,54.900000000000006,77.60000000000001,28.466666666666665,20.299999999999997,8.166666666666666,1.7,27.9,20.2,0,-1.0,-1.8369701987210297e-16,-0.9979171608653922,-0.06450844944931625,2,0,0,0
2019-09-28,2019,9,29.1,21.1,8.0,4.0,6.0,5.2,20.0,240.0,25.300000000000008,75.70000000000002,28.399999999999995,20.73333333333333,7.666666666666667,0.0,28.5,21.0,0,-1.0,-1.8369701987210297e-16,-0.9988797155850335,-0.04732138832243232,2,0,1,0
2019-09-29,2019,9,30.0,21.1,8.899999999999999,4.0,0.0,5.0,11.0,546.0,7.700000000000007,81.70000000000002,28.5,20.766666666666666,7.733333333333333,6.0,29.1,21.1,0,-1.0,-1.8369701987210297e-16,-0.9995462806873573,-0.03012030484690836,2,0,0,0
2019-09-30,2019,9,30.2,21.4,8.8,4.0,0.0,50.0,11.0,201.0,6.000000000000007,73.80000000000001,29.2,21.066666666666666,8.133333333333333,0.0,30.0,21.1,0,-1.0,-1.8369701987210297e-16,-0.9999166586547379,-0.012910296075008843,2,0,0,0
2019-10-01,2019,10,30.3,21.4,8.900000000000002,4.0,0.0,6.0,0.0,510.0,6.000000000000007,60.9,29.766666666666662,21.2,8.566666666666666,0.0,30.2,21.4,0,-0.8660254037844386,0.5000000000000001,-0.9999907397361901,0.004303538296243821,3,0,0,0
2019-10-02,2019,10,29.1,18.6,10.5,2.0,22.4,19.0,170.0,264.0,0.0,31.3,30.166666666666668,21.299999999999997,8.866666666666667,0.0,30.3,21.4,0,-0.8660254037844386,0.5000000000000001,-0.9997685019798909,0.021516097436222233,3,0,1,1
2019-10-03,2019,10,30.4,19.2,11.2,2.0,7.8,5.3,235.0,378.0,22.400000000000006,30.099999999999998,29.866666666666664,20.466666666666665,9.4,22.4,29.1,18.6,1,-0.8660254037844386,0.5000000000000001,-0.9992500112396835,0.03872228089217399,3,0,1,0
2019-10-04,2019,10,28.3,19.6,8.7,2.0,2.2,5.2,70.0,336.0,30.200000000000006,36.199999999999996,29.933333333333334,19.73333333333333,10.200000000000001,7.8,30.4,19.2,0,-0.8660254037844386,0.5000000000000001,-0.9984354211555643,0.05591699010060302,3,0,1,0
2019-10-05,2019,10,28.7,19.9,8.8,2.0,8.7,5.1,0.0,294.0,32.400000000000006,38.4,29.266666666666666,19.133333333333333,10.133333333333333,2.2,28.3,19.6,0,-0.8660254037844386,0.5000000000000001,-0.9973249731081555,0.07309512989807776,3,0,1,0
2019-10-06,2019,10,28.6,20.6,8.0,2.0,0.4,63.0,0.0,294.0,18.700000000000006,41.099999999999994,29.13333333333333,19.566666666666666,9.566666666666666,8.7,28.7,19.9,0,-0.8660254037844386,0.5000000000000001,-0.9959189961471792,0.0902516100310407,3,0,1,0
2019-10-07,2019,10,29.6,21.2,8.400000000000002,2.0,0.0,61.0,0.0,294.0,11.300000000000006,41.5,28.53333333333333,20.033333333333335,8.5,0.4,28.6,20.6,0,-0.8660254037844386,0.5000000000000001,-0.994217906893952,0.10738134666416306,3,0,0,1
2019-10-08,2019,10,30.1,20.4,9.700000000000003,2.0,0.0,5.1,0.0,294.0,9.100000000000007,41.5,28.966666666666665,20.566666666666666,8.4,0.0,29.6,21.2,1,-0.8660254037844386,0.5000000000000001,-0.9922222094179324,0.12447926388678869,3,0,0,0
2019-10-09,2019,10,30.0,20.4,9.600000000000001,2.0,5.6,5.1,0.0,294.0,0.4000000000000071,41.5,29.433333333333334,20.73333333333333,8.700000000000001,0.0,30.1,20.4,0,-0.8660254037844386,0.5000000000000001,-0.989932495087353,0.141540295217043,3,0,1,0
2019-10-10,2019,10,30.0,20.7,9.3,2.0,0.0,5.1,0.0,294.0,5.600000000000007,24.7,29.900000000000002,20.799999999999997,9.050000000000002,5.6,30.0,,0,-0.8660254037844386,0.5000000000000001,-0.9873494423939864,0.15855938510313475,3,0,0,0
2019-10-11,2019,10,29.6,21.8,7.800000000000001,2.0,0.0,5.1,0.0,294.0,5.600000000000007,16.9,30.03333333333333,20.549999999999997,9.500000000000002,0.0,30.0,20.7,0,-0.8660254037844386,0.5000000000000001,-0.9844738167520923,0.17553149042142777,3,0,0,0
2019-10-12,2019,10,29.8,21.5,8.3,2.0,0.6,5.1,0.0,294.0,5.600000000000007,14.7,29.866666666666664,21.25,8.55,0.0,29.6,21.8,0,-0.8660254037844386,0.5000000000000001,-0.9813064702716093,0.19245158197082995,3,0,1,0
2019-10-13,2019,10,29.6,21.6,8.0,2.0,0.0,5.1,0.0,294.0,0.6000000000000071,6.6,29.8,21.333333333333332,8.466666666666667,0.6,29.8,21.5,0,-0.8660254037844386,0.5000000000000001,-0.9778483415056568,0.20931464596304888,3,0,0,0
2019-10-14,2019,10,30.7,21.6,9.099999999999998,2.0,0.0,5.1,0.0,294.0,0.6000000000000071,6.199999999999999,29.666666666666668,21.63333333333333,8.033333333333333,0.0,29.6,21.6,0,-0.8660254037844386,0.5000000000000001,-0.9741004551724206,0.22611568550828803,3,0,0,0
2019-10-15,2019,10,30.0,21.6,8.399999999999999,2.0,0.0,5.1,0.0,294.0,0.6000000000000071,6.199999999999999,30.03333333333333,21.566666666666666,8.466666666666667,0.0,30.7,21.6,0,-0.8660254037844386,0.5000000000000001,-0.970063921851507,0.2428497220959358,3,0,0,0
2019-10-16,2019,10,28.4,21.6,6.799999999999997,2.0,0.0,5.1,0.0,294.0,0.0,6.199999999999999,30.099999999999998,21.6,8.499999999999998,0.0,30.0,21.6,0,-0.8660254037844386,0.5000000000000001,-0.965739937654855,0.25951179706979943,3,0,0,0
2019-10-17,2019,10,26.6,20.8,5.800000000000001,2.0,0.0,5.1,0.0,294.0,0.0,0.6,29.7,21.6,8.099999999999998,0.0,28.4,21.6,0,-0.8660254037844386,0.5000000000000001,-0.9611297838723007,0.27609697309746883,3,0,0,0
2019-10-18,2019,10,27.6,20.2,7.400000000000002,2.0,3.8,5.1,0.0,294.0,0.0,0.6,28.33333333333333,21.333333333333332,6.999999999999999,0.0,26.6,20.8,0,-0.8660254037844386,0.5000000000000001,-0.9562348265919058,0.2926003356333479,3,0,1,0
2019-10-19,2019,10,27.9,20.2,7.699999999999999,2.0,9.0,5.1,0.0,294.0,3.800000000000007,4.3999999999999995,27.53333333333333,20.866666666666664,6.666666666666667,3.8,27.6,20.2,0,-0.8660254037844386,0.5000000000000001,-0.9510565162951536,0.30901699437494723,3,0,1,0
2019-10-20,2019,10,28.6,21.0,7.600000000000001,2.0,0.0,5.1,0.0,294.0,12.800000000000008,12.799999999999999,27.366666666666664,20.4,6.966666666666668,9.0,27.9,20.2,0,-0.8660254037844386,0.5000000000000001,-0.9455963874271428,0.3253420847119795,3,0,0,0
2019-10-21,2019,10,27.1,20.6,6.5,2.0,7.8,5.1,0.0,294.0,12.800000000000008,12.799999999999999,28.03333333333333,20.466666666666665,7.566666666666667,0.0,28.6,21.0,0,-0.8660254037844386,0.5000000000000001,-0.9398560579418953,0.341570769167856,3,0,1,0
2019-10-23,2019,10,27.6,19.8,7.800000000000001,2.0,13.2,5.1,0.0,294.0,16.800000000000008,20.599999999999998,27.866666666666664,20.599999999999998,7.266666666666667,7.8,27.1,20.6,0,-0.8660254037844386,0.5000000000000001,-0.9275416835791965,0.3737197147904692,3,0,1,0
2019-10-24,2019,10,26.7,20.0,6.699999999999999,2.0,0.0,5.1,0.0,294.0,21.000000000000007,33.8,27.766666666666666,20.466666666666665,7.300000000000001,13.2,27.6,19.8,0,-0.8660254037844386,0.5000000000000001,-0.9209712877166346,0.38963044953078774,3,0,0,0
2019-10-25,2019,10,26.0,20.2,5.800000000000001,2.0,0.0,5.1,0.0,294.0,21.000000000000007,33.8,27.133333333333336,20.13333333333333,7.0,0.0,26.7,20.0,0,-0.8660254037844386,0.5000000000000001,-0.9141279881853337,0.4054257283599973,3,0,0,0
2019-10-26,2019,10,26.0,19.0,7.0,2.0,6.2,40.0,1165.0,78.0,13.200000000000006,33.8,26.766666666666662,20.0,6.766666666666667,0.0,26.0,20.2,0,-0.8660254037844386,0.5000000000000001,-0.9070138128026362,0.42110087079608916,3,0,1,0
2019-10-27,2019,10,27.4,19.4,8.0,2.0,3.0,5.1,0.0,294.0,6.200000000000007,36.199999999999996,26.23333333333333,19.73333333333333,6.5,6.2,26.0,19.0,0,-0.8660254037844386,0.5000000000000001,-0.8996308696522434,0.4366512319560638,3,0,1,0
2019-10-28,2019,10,27.6,19.4,8.200000000000003,2.0,37.4,5.1,0.0,294.0,9.200000000000006,30.199999999999996,26.466666666666665,19.53333333333333,6.933333333333334,3.0,27.4,19.4,0,-0.8660254037844386,0.5000000000000001,-0.8919813464595487,0.45207220393230374,3,0,1,0
2019-10-29,2019,10,27.6,20.0,7.600000000000001,2.0,0.0,5.7,0.0,294.0,46.60000000000001,67.6,27.0,19.266666666666662,7.733333333333334,37.4,27.6,19.4,0,-0.8660254037844386,0.5000000000000001,-0.8840675099433637,0.46735921715800205,3,0,0,0
2019-10-30,2019,10,25.6,19.7,5.900000000000002,2.0,4.5,5.1,0.0,294.0,40.400000000000006,59.8,27.53333333333333,19.599999999999998,7.9333333333333345,0.0,27.6,20.0,0,-0.8660254037844386,0.5000000000000001,-0.8758917051442433,0.48250774176121763,3,0,1,0
2019-10-31,2019,10,26.0,19.7,6.300000000000001,2.0,6.9,5.1,0.0,294.0,41.9,51.099999999999994,26.933333333333334,19.7,7.233333333333335,4.5,25.6,19.7,0,-0.8660254037844386,0.5000000000000001,-0.8674563547295971,0.4975132889071803,3,0,1,0
2019-11-01,2019,11,26.0,18.0,8.0,4.0,0.3,42.0,0.0,252.0,11.4,57.99999999999999,26.399999999999995,19.8,6.600000000000001,6.9,26.0,19.7,0,-0.5000000000000004,0.8660254037844384,-0.8587639582758031,0.5123714121284235,3,0,1,0
2019-11-02,2019,11,29.6,21.0,8.600000000000001,2.0,0.0,4.9,0.0,252.0,11.700000000000001,58.3,25.866666666666664,19.13333333333333,6.733333333333334,0.3,26.0,18.0,0,-0.5000000000000004,0.8660254037844384,-0.8498170915275277,0.5270777086423724,3,0,0,0
2019-11-03,2019,11,29.8,21.0,8.8,2.0,0.0,4.9,0.0,252.0,7.2,52.099999999999994,27.2,19.566666666666666,7.633333333333334,0.0,29.6,21.0,0,-0.5000000000000004,0.8660254037844384,-0.8406184056344783,0.5416278206559811,3,0,0,0
2019-11-04,2019,11,30.8,19.2,11.600000000000001,2.0,0.0,4.9,0.0,252.0,0.3,49.099999999999994,28.466666666666665,20.0,8.466666666666667,0.0,29.8,21.0,0,-0.5000000000000004,0.8660254037844384,-0.8311706263658079,0.5560174366570446,3,0,0,0
2019-11-05,2019,11,30.4,18.2,12.2,2.0,0.0,4.9,0.0,252.0,0.0,11.699999999999994,30.066666666666663,20.400000000000002,9.666666666666668,0.0,30.8,19.2,0,-0.5000000000000004,0.8660254037844384,-0.8214765533024145,0.5702422926917867,3,0,0,0
2019-11-06,2019,11,30.9,19.2,11.7,2.0,0.0,4.9,0.0,252.0,0.0,11.699999999999994,30.333333333333332,19.466666666666665,10.866666666666667,0.0,30.4,18.2,0,-0.5000000000000004,0.8660254037844384,-0.8115390590073611,0.5842981736283683,3,0,0,0
2019-11-07,2019,11,30.3,19.4,10.900000000000002,2.0,0.0,4.9,0.0,252.0,0.0,7.199999999999993,30.7,18.866666666666664,11.833333333333334,0.0,30.9,19.2,0,-0.5000000000000004,0.8660254037844384,-0.801361088174677,0.5981809144059159,3,0,0,0
2019-11-08,2019,11,29.2,21.0,8.2,2.0,2.9,4.9,0.0,252.0,0.0,0.2999999999999929,30.53333333333333,18.933333333333334,11.6,0.0,30.3,19.4,0,-0.5000000000000004,0.8660254037844384,-0.7909456567567774,0.6118864012687242,3,0,1,0
2019-11-09,2019,11,29.2,21.3,7.899999999999999,2.0,2.0,4.9,0.0,252.0,2.9,2.899999999999993,30.13333333333333,19.866666666666664,10.266666666666667,2.9,29.2,21.0,0,-0.5000000000000004,0.8660254037844384,-0.780295851070776,0.6254105729852457,3,0,1,0
2019-11-10,2019,11,29.8,20.4,9.400000000000002,2.0,49.6,4.9,0.0,252.0,4.9,4.899999999999993,29.566666666666663,20.566666666666666,9.0,2.0,29.2,21.3,0,-0.5000000000000004,0.8660254037844384,-0.7694148268839381,0.6387494220515268,3,0,1,0
2019-11-11,2019,11,28.6,20.8,7.800000000000001,2.0,0.0,4.9,0.0,252.0,54.5,54.49999999999999,29.399999999999995,20.9,8.5,49.6,29.8,20.4,0,-0.5000000000000004,0.8660254037844384,-0.7583058084785625,0.6518989958787125,3,0,0,0
2019-11-12,2019,11,28.6,18.8,9.8,3.0,0.0,6.0,0.0,366.0,51.6,54.49999999999999,29.2,20.833333333333332,8.366666666666667,0.0,28.6,20.8,0,-0.5000000000000004,0.8660254037844384,-0.7469720876965551,0.6648553979642866,3,0,0,0
2019-11-13,2019,11,28.8,18.5,10.3,2.0,0.0,4.9,0.0,252.0,49.6,54.49999999999999,29.0,20.0,9.000000000000002,0.0,28.6,18.8,0,-0.5000000000000004,0.8660254037844384,-0.7354170229639858,0.6776147890466887,3,0,0,0
2019-11-14,2019,11,26.8,18.8,8.0,2.0,0.0,4.9,0.0,252.0,0.0,54.49999999999999,28.666666666666668,19.366666666666664,9.3,0.0,28.8,18.5,0,-0.5000000000000004,0.8660254037844384,-0.7236440382959123,0.690173388242972,3,0,0,0
2019-11-15,2019,11,26.9,19.5,7.399999999999999,2.0,2.8,4.9,0.0,252.0,0.0,54.49999999999999,28.066666666666663,18.7,9.366666666666667,0.0,26.8,18.8,0,-0.5000000000000004,0.8660254037844384,-0.7116566222817751,0.7025274741691566,3,0,1,0
2019-11-16,2019,11,29.2,20.4,8.8,2.0,0.4,4.9,0.0,252.0,2.8,54.39999999999999,27.5,18.933333333333334,8.566666666666666,2.8,26.9,19.5,0,-0.5000000000000004,0.8660254037844384,-0.6994583270516471,0.7146733860429609,3,0,1,0
2019-11-17,2019,11,29.6,19.5,10.100000000000001,2.0,0.0,4.9,0.0,252.0,3.1999999999999997,52.8,27.63333333333333,19.566666666666666,8.066666666666666,0.4,29.2,20.4,0,-0.5000000000000004,0.8660254037844384,-0.6870527672236675,0.726607524768565,3,0,0,0
2019-11-18,2019,11,29.4,19.5,9.899999999999999,2.0,0.0,4.9,0.0,252.0,3.1999999999999997,3.1999999999999926,28.566666666666663,19.799999999999997,8.766666666666667,0.0,29.6,19.5,0,-0.5000000000000004,0.8660254037844384,-0.6744436188329457,0.7383263540031063,3,0,0,0
2019-11-19,2019,11,29.8,19.8,10.0,2.0,0.0,4.9,0.0,252.0,0.4,3.1999999999999926,29.399999999999995,19.799999999999997,9.6,0.0,29.4,19.5,0,-0.5000000000000004,0.8660254037844384,-0.661634618242279,0.749826401204568,3,0,0,0
2019-11-20,2019,11,27.6,20.6,7.0,2.0,0.0,4.9,0.0,252.0,0.0,3.1999999999999926,29.599999999999994,19.599999999999998,10.0,0.0,29.8,19.8,0,-0.5000000000000004,0.8660254037844384,-0.6486295610349818,0.7611042586607742,3,0,0,0
2019-11-21,2019,11,27.6,20.4,7.200000000000003,3.0,11.1,2.0,0.0,245.0,0.0,3.1999999999999926,28.933333333333334,19.966666666666665,8.966666666666667,0.0,27.6,20.6,0,-0.5000000000000004,0.8660254037844384,-0.6354323008901775,0.7721565844991641,3,0,1,0
2019-11-22,2019,11,20.5,19.8,0.6999999999999993,2.0,0.0,45.0,0.0,252.0,11.1,14.299999999999992,28.333333333333332,20.266666666666666,8.066666666666668,11.1,27.6,20.4,0,-0.5000000000000004,0.8660254037844384,-0.622046748440868,0.7829801036770625,3,0,0,0
2019-11-23,2019,11,27.0,17.3,9.7,2.0,0.0,48.0,0.0,258.0,11.1,11.499999999999993,25.23333333333333,20.266666666666666,4.966666666666668,0.0,20.5,19.8,0,-0.5000000000000004,0.8660254037844384,-0.6084768701151264,0.7935716089521472,3,0,0,0
2019-11-24,2019,11,29.2,18.2,11.0,3.0,0.0,4.0,0.0,252.0,11.1,11.099999999999993,25.03333333333333,19.166666666666664,5.866666666666667,0.0,27.0,17.3,0,-0.5000000000000004,0.8660254037844384,-0.594726686960764,0.8039279618328208,3,0,0,0
2019-11-25,2019,11,28.5,18.6,9.899999999999999,2.0,0.0,60.0,0.0,252.0,0.0,11.099999999999993,25.566666666666663,18.433333333333334,7.133333333333333,0.0,29.2,18.2,0,-0.5000000000000004,0.8660254037844384,-0.5808002734538013,0.8140460935082175,3,0,0,0
2019-11-26,2019,11,27.3,16.7,10.600000000000001,3.0,0.0,5.5,0.0,228.0,0.0,11.099999999999993,28.23333333333333,18.03333333333333,10.2,0.0,28.5,18.6,0,-0.5000000000000004,0.8660254037844384,-0.5667017562911184,0.8239230057575536,3,0,0,0
2019-11-27,2019,11,28.3,20.0,8.3,4.0,0.2,54.0,150.0,540.0,0.0,11.099999999999993,28.333333333333332,17.833333333333332,10.5,0.0,27.3,16.7,0,-0.5000000000000004,0.8660254037844384,-0.5524353131676203,0.8335557718385695,3,0,1,0
2019-11-28,2019,11,25.0,19.2,5.800000000000001,3.0,0.0,4.3,0.0,36.0,0.2,11.299999999999992,28.03333333333333,18.433333333333334,9.6,0.2,28.3,20.0,0,-0.5000000000000004,0.8660254037844384,-0.5380051715382992,0.8429415373547832,3,0,0,0
2019-11-29,2019,11,28.4,19.4,9.0,3.0,0.0,2.5,0.0,252.0,0.2,0.1999999999999929,26.866666666666664,18.63333333333333,8.233333333333334,0.0,25.0,19.2,0,-0.5000000000000004,0.8660254037844384,-0.5234156073655503,0.8520775211013093,3,0,0,0
2019-11-30,2019,11,27.0,18.7,8.3,3.0,1.6,4.6,0.0,252.0,0.2,0.1999999999999929,27.23333333333333,19.53333333333333,7.7,0.0,28.4,19.4,0,-0.5000000000000004,0.8660254037844384,-0.5086709438521042,0.8609610158889945,3,0,1,0
2019-12-01,2019,12,24.6,20.1,4.5,3.0,1.9,0.0,10.0,30.0,1.6,1.799999999999993,26.799999999999997,19.099999999999998,7.7,1.6,27.0,18.7,0,-2.4492935982947064e-16,1.0,-0.49377555015997737,0.8695893893466109,0,0,1,0
2019-12-02,2019,12,23.3,19.9,3.400000000000002,3.0,6.9,80.0,0.0,360.0,3.5,3.699999999999993,26.666666666666668,19.4,7.266666666666667,1.9,24.6,20.1,0,-2.4492935982947064e-16,1.0,-0.4787338401157883,0.8779600847008883,0,0,1,0
2019-12-03,2019,12,24.5,19.4,5.100000000000001,4.0,0.5,4.0,0.0,0.0,10.4,10.599999999999994,24.966666666666665,19.566666666666666,5.400000000000001,6.9,23.3,19.9,0,-2.4492935982947064e-16,1.0,-0.4635502709028512,0.8860706215341378,0,0,1,0
2019-12-04,2019,12,24.4,18.9,5.5,4.0,0.0,5.5,0.0,360.0,9.3,11.099999999999994,24.13333333333333,19.8,4.333333333333335,0.5,24.5,19.4,0,-2.4492935982947064e-16,1.0,-0.4482293417404106,0.893918596519257,0,0,0,0
2019-12-05,2019,12,26.0,18.0,8.0,4.0,0.0,5.0,0.0,360.0,7.4,10.899999999999995,24.066666666666663,19.4,4.666666666666668,0.0,24.4,18.9,0,-2.4492935982947064e-16,1.0,-0.4327755925504317,0.9015016841318838,0,0,0,0
2019-12-06,2019,12,25.4,18.4,7.0,3.0,0.0,5.2,0.0,360.0,0.5,10.899999999999995,24.966666666666665,18.766666666666666,6.2,0.0,26.0,18.0,0,-2.4492935982947064e-16,1.0,-0.41719360261231697,0.9088176373395028,0,0,0,0
2019-12-07,2019,12,24.5,15.8,8.7,3.0,0.0,50.0,0.0,360.0,0.0,10.899999999999995,25.266666666666662,18.43333333333333,6.833333333333333,0.0,25.4,18.4,0,-2.4492935982947064e-16,1.0,-0.4014879892059737,0.9158642882672868,0,0,0,0
2019-12-08,2019,12,24.9,17.8,7.099999999999998,3.0,0.6,54.0,10.0,174.0,0.0,9.299999999999994,25.299999999999997,17.399999999999995,7.8999999999999995,0.0,24.5,15.8,0,-2.4492935982947064e-16,1.0,-0.38566340624360745,0.9226395488404875,0,0,1,0
2019-12-09,2019,12,23.8,17.0,6.800000000000001,3.0,0.0,4.9,0.0,54.0,0.6,7.999999999999993,24.933333333333326,17.333333333333332,7.599999999999999,0.6,24.9,17.8,0,-2.4492935982947064e-16,1.0,-0.3697245428906732,0.9291414114031743,0,0,0,0
2019-12-10,2019,12,26.4,17.9,8.5,3.0,0.0,4.9,0.0,360.0,0.6,1.099999999999993,24.399999999999995,16.866666666666664,7.533333333333332,0.0,23.8,17.0,0,-2.4492935982947064e-16,1.0,-0.35367612217637207,0.935367949313148,0,0,0,0
2019-12-11,2019,12,26.2,16.5,9.7,3.0,0.0,52.0,0.0,360.0,0.6,0.5999999999999929,25.03333333333333,17.566666666666666,7.466666666666666,0.0,26.4,17.9,0,-2.4492935982947064e-16,1.0,-0.33752289959411347,0.941317317512847,0,0,0,0
2019-12-12,2019,12,27.8,16.8,11.0,2.0,0.0,45.0,0.0,0.0,0.0,0.5999999999999929,25.466666666666665,17.13333333333333,8.333333333333334,0.0,26.2,16.5,0,-2.4492935982947064e-16,1.0,-0.32126966169236515,0.9469877530760751,0,0,0,0
2019-12-13,2019,12,28.2,17.4,10.8,3.0,0.0,5.0,0.0,384.0,0.0,0.5999999999999929,26.799999999999997,17.066666666666663,9.733333333333333,0.0,27.8,16.8,0,-2.4492935982947064e-16,1.0,-0.3049212246562894,0.9523775757303973,0,0,0,0
2019-12-14,2019,12,28.8,20.0,8.8,4.0,0.0,5.7,0.0,360.0,0.0,0.5999999999999929,27.399999999999995,16.900000000000002,10.5,0.0,28.2,17.4,0,-2.4492935982947064e-16,1.0,-0.2884824328806098,0.9574851883550389,0,0,0,0
2019-12-15,2019,12,25.5,17.6,7.899999999999999,4.0,2.7,60.0,0.0,96.0,0.0,0.5999999999999929,28.266666666666666,18.066666666666666,10.200000000000001,0.0,28.8,20.0,0,-2.4492935982947064e-16,1.0,-0.27195815753410524,0.9623090774541487,0,0,1,0
2019-12-16,2019,12,26.7,17.4,9.3,3.0,0.0,5.0,0.0,0.0,2.7,2.699999999999993,27.5,18.333333333333332,9.166666666666666,2.7,25.5,17.6,0,-2.4492935982947064e-16,1.0,-0.2553532951161881,0.9668478136052773,0,0,0,0
2019-12-17,2019,12,27.6,18.4,9.200000000000003,3.0,0.0,5.0,0.0,360.0,2.7,2.699999999999993,27.0,18.333333333333332,8.666666666666666,0.0,26.7,17.4,0,-2.4492935982947064e-16,1.0,-0.23867276600594997,0.9711000518829505,0,0,0,0
2019-12-18,2019,12,26.2,17.0,9.2,3.0,0.0,5.5,0.0,360.0,2.7,2.699999999999993,26.599999999999998,17.799999999999997,8.8,0.0,27.6,18.4,0,-2.4492935982947064e-16,1.0,-0.22192151300416674,0.9750645322571945,0,0,0,0
2019-12-19,2019,12,26.4,18.6,7.799999999999997,3.0,0.0,53.0,0.0,360.0,0.0,2.699999999999993,26.833333333333332,17.599999999999998,9.233333333333334,0.0,26.2,17.0,0,-2.4492935982947064e-16,1.0,-0.20510449986861926,0.9787400799669153,0,0,0,0
2019-12-20,2019,12,24.8,16.2,8.600000000000001,3.0,0.0,5.0,0.0,360.0,0.0,2.699999999999993,26.73333333333333,18.0,8.733333333333333,0.0,26.4,18.6,0,-2.4492935982947064e-16,1.0,-0.1882267098432439,0.9821256058680006,0,0,0,0
2019-12-22,2019,12,28.3,18.4,9.900000000000002,4.0,0.0,5.5,0.0,360.0,0.0,2.699999999999993,25.799999999999997,17.266666666666666,8.533333333333333,0.0,24.8,16.2,0,-2.4492935982947064e-16,1.0,-0.154308820664281,0.9880226656636976,0,0,0,0
2019-12-23,2019,12,28.0,18.1,9.899999999999999,3.0,0.0,55.0,0.0,360.0,0.0,2.699999999999993,26.499999999999996,17.73333333333333,8.766666666666667,0.0,28.3,18.4,0,-2.4492935982947064e-16,1.0,-0.13727877211326517,0.9905324521322227,0,0,0,0
2019-12-24,2019,12,27.6,18.4,9.200000000000003,3.0,0.0,4.8,0.0,228.0,0.0,0.0,27.03333333333333,17.566666666666666,9.466666666666667,0.0,28.0,18.1,0,-2.4492935982947064e-16,1.0,-0.12020804489935275,0.9927487224577402,0,0,0,0
2019-12-25,2019,12,28.6,20.0,8.600000000000001,3.0,0.0,4.8,0.0,228.0,0.0,0.0,27.966666666666665,18.3,9.666666666666668,0.0,27.6,18.4,0,-2.4492935982947064e-16,1.0,-0.10310169744743544,0.9946708199115211,0,0,0,0
2019-12-28,2019,12,29.8,17.6,12.2,3.0,0.0,5.8,0.0,396.0,0.0,0.0,28.066666666666666,18.833333333333332,9.233333333333334,0.0,28.6,20.0,0,-2.4492935982947064e-16,1.0,-0.05161966722325418,0.9986668162884759,0,0,0,0
2019-12-29,2019,12,28.2,16.8,11.399999999999999,4.0,0.0,5.0,0.0,384.0,0.0,0.0,28.666666666666668,18.666666666666664,10.000000000000002,0.0,29.8,17.6,0,-2.4492935982947064e-16,1.0,-0.034421611622745804,0.9994074007397048,0,0,0,0
2019-12-30,2019,12,27.6,17.5,10.100000000000001,2.0,0.0,5.5,0.0,360.0,0.0,0.0,28.866666666666664,18.13333333333333,10.733333333333334,0.0,28.2,16.8,0,-2.4492935982947064e-16,1.0,-0.01721335615583528,0.9998518392091162,0,0,0,0
2019-12-31,2019,12,28.1,17.5,10.600000000000001,4.0,0.0,50.0,0.0,360.0,0.0,0.0,28.53333333333333,17.299999999999997,11.233333333333334,0.0,27.6,17.5,0,-2.4492935982947064e-16,1.0,6.432490598706546e-16,1.0,0,0,0,0
2020-01-01,2020,1,27.2,19.2,8.0,3.0,0.0,58.0,0.0,228.0,0.0,0.0,27.966666666666665,17.266666666666666,10.700000000000001,0.0,28.1,17.5,0,0.49999999999999994,0.8660254037844387,0.017213356155834685,0.9998518392091162,0,0,0,0
2020-01-02,2020,1,25.2,19.4,5.800000000000001,3.0,0.0,4.8,0.0,96.0,0.0,0.0,27.63333333333333,18.066666666666666,9.566666666666668,0.0,27.2,19.2,0,0.49999999999999994,0.8660254037844387,0.03442161162274574,0.9994074007397048,0,0,0,0
2020-01-03,2020,1,28.4,19.4,9.0,3.0,0.0,5.7,0.0,420.0,0.0,0.0,26.833333333333332,18.7,8.133333333333335,0.0,25.2,19.4,0,0.49999999999999994,0.8660254037844387,0.051619667223253764,0.998666816288476,0,0,0,0
2020-01-04,2020,1,30.5,19.3,11.2,2.0,0.0,58.0,0.0,420.0,0.0,0.0,26.933333333333326,19.333333333333332,7.6000000000000005,0.0,28.4,19.4,0,0.49999999999999994,0.8660254037844387,0.06880242680231986,0.9976303053065857,0,0,0,0
2020-01-05,2020,1,30.5,20.4,10.100000000000001,3.0,0.0,45.0,0.0,438.0,0.0,0.0,28.03333333333333,19.366666666666664,8.666666666666666,0.0,30.5,19.3,0,0.49999999999999994,0.8660254037844387,0.08596479873744647,0.9962981749346078,0,0,0,0
2020-01-06,2020,1,30.8,20.4,10.400000000000002,3.0,0.0,5.2,0.0,354.0,0.0,0.0,29.799999999999997,19.7,10.1,0.0,30.5,20.4,0,0.49999999999999994,0.8660254037844387,0.10310169744743485,0.9946708199115211,0,0,0,0
2020-01-07,2020,1,26.2,18.8,7.399999999999999,3.0,0.0,5.0,0.0,420.0,0.0,0.0,30.599999999999998,20.03333333333333,10.566666666666668,0.0,30.8,20.4,0,0.49999999999999994,0.8660254037844387,0.1202080448993527,0.9927487224577402,0,0,0,0
2020-01-08,2020,1,28.5,18.2,10.3,4.0,0.0,56.0,0.0,420.0,0.0,0.0,29.166666666666668,19.866666666666664,9.3,0.0,26.2,18.8,0,0.49999999999999994,0.8660254037844387,0.13727877211326478,0.9905324521322229,0,0,0,0
2020-01-09,2020,1,29.8,18.0,11.8,3.0,0.0,5.0,0.0,420.0,0.0,0.0,28.5,19.13333333333333,9.366666666666667,0.0,28.5,18.2,0,0.49999999999999994,0.8660254037844387,0.15430882066428117,0.9880226656636976,0,0,0,0
2020-01-10,2020,1,30.4,17.8,12.599999999999998,2.0,0.0,5.0,0.0,420.0,0.0,0.0,28.166666666666668,18.333333333333332,9.833333333333334,0.0,29.8,18.0,0,0.49999999999999994,0.8660254037844387,0.1712931441814776,0.9852201067560606,0,0,0,0
2020-01-11,2020,1,29.2,15.6,13.6,4.0,0.0,56.0,0.0,420.0,0.0,0.0,29.566666666666663,18.0,11.566666666666668,0.0,30.4,17.8,0,0.49999999999999994,0.8660254037844387,0.1882267098432442,0.9821256058680006,0,0,0,0
2020-01-12,2020,1,27.4,15.5,11.899999999999999,2.0,0.0,5.0,0.0,420.0,0.0,0.0,29.799999999999997,17.133333333333333,12.666666666666666,0.0,29.2,15.6,0,0.49999999999999994,0.8660254037844387,0.2051044998686192,0.9787400799669153,0,0,0,0
2020-01-13,2020,1,27.4,17.4,10.0,2.0,0.0,5.8,0.0,426.0,0.0,0.0,28.999999999999996,16.3,12.699999999999998,0.0,27.4,15.5,0,0.49999999999999994,0.8660254037844387,0.2219215130041655,0.9750645322571948,0,0,0,0
2020-01-14,2020,1,29.0,16.4,12.600000000000001,2.0,0.0,4.7,0.0,318.0,0.0,0.0,27.999999999999996,16.166666666666668,11.833333333333334,0.0,27.4,17.4,0,0.49999999999999994,0.8660254037844387,0.2386727660059501,0.9711000518829505,0,0,0,0
2020-01-15,2020,1,29.5,14.4,15.1,3.0,0.0,5.5,0.0,420.0,0.0,0.0,27.933333333333326,16.433333333333334,11.5,0.0,29.0,16.4,0,0.49999999999999994,0.8660254037844387,0.255353295116187,0.9668478136052775,0,0,0,0
2020-01-16,2020,1,29.5,15.3,14.2,3.0,0.0,52.0,0.0,420.0,0.0,0.0,28.63333333333333,16.066666666666666,12.566666666666668,0.0,29.5,14.4,0,0.49999999999999994,0.8660254037844387,0.2719581575341055,0.9623090774541486,0,0,0,0
2020-01-17,2020,1,28.7,15.8,12.899999999999999,2.0,0.0,5.2,0.0,498.0,0.0,0.0,29.33333333333333,15.366666666666665,13.966666666666667,0.0,29.5,15.3,0,0.49999999999999994,0.8660254037844387,0.288482432880609,0.9574851883550393,0,0,0,0
2020-01-18,2020,1,29.9,18.4,11.5,3.0,0.0,5.2,0.0,480.0,0.0,0.0,29.23333333333333,15.166666666666666,14.066666666666665,0.0,28.7,15.8,0,0.49999999999999994,0.8660254037844387,0.30492122465628907,0.9523775757303974,0,0,0,0
2020-01-19,2020,1,29.9,19.2,10.7,2.0,0.0,5.0,0.0,420.0,0.0,0.0,29.366666666666664,16.5,12.866666666666665,0.0,29.9,18.4,0,0.49999999999999994,0.8660254037844387,0.3212696616923644,0.9469877530760753,0,0,0,0
2020-01-20,2020,1,31.0,17.7,13.3,2.0,0.0,5.0,0.0,420.0,0.0,0.0,29.299999999999997,17.799999999999997,12.199999999999998,0.0,,19.2,0,0.49999999999999994,0.8660254037844387,0.3375228995941133,0.9413173175128471,0,0,0,0
2020-01-21,2020,1,31.0,17.2,13.8,2.0,0.0,60.0,0.0,498.0,0.0,0.0,30.449999999999996,18.433333333333334,12.4,0.0,31.0,17.7,0,0.49999999999999994,0.8660254037844387,0.3536761221763716,0.9353679493131483,0,0,0,0
2020-01-22,2020,1,30.2,16.0,14.2,4.0,0.0,5.5,0.0,420.0,0.0,0.0,31.0,18.03333333333333,13.55,0.0,31.0,17.2,0,0.49999999999999994,0.8660254037844387,0.3697245428906731,0.9291414114031743,0,0,0,0
2020-01-23,2020,1,30.1,17.9,12.200000000000003,4.0,0.0,5.9,0.0,420.0,0.0,0.0,30.73333333333333,16.966666666666665,13.766666666666666,0.0,30.2,16.0,0,0.49999999999999994,0.8660254037844387,0.38566340624360707,0.9226395488404876,0,0,0,0
2020-01-24,2020,1,30.4,17.0,13.399999999999999,4.0,0.0,60.0,0.0,420.0,0.0,0.0,30.433333333333334,17.03333333333333,13.4,0.0,30.1,17.9,0,0.49999999999999994,0.8660254037844387,0.401487989205973,0.9158642882672872,0,0,0,0
2020-01-25,2020,1,31.4,15.5,15.899999999999999,3.0,0.0,55.0,0.0,420.0,0.0,0.0,30.23333333333333,16.966666666666665,13.266666666666666,0.0,30.4,17.0,0,0.49999999999999994,0.8660254037844387,0.4171936026123168,0.9088176373395029,0,0,0,0
2020-01-26,2020,1,31.7,15.5,16.2,2.0,0.0,5.2,0.0,534.0,0.0,0.0,30.63333333333333,16.799999999999997,13.833333333333334,0.0,31.4,15.5,0,0.49999999999999994,0.8660254037844387,0.4327755925504312,0.901501684131884,0,0,0,0
2020-01-27,2020,1,32.7,15.9,16.800000000000004,2.0,0.0,5.8,0.0,558.0,0.0,0.0,31.166666666666668,16.0,15.166666666666666,0.0,31.7,15.5,0,0.49999999999999994,0.8660254037844387,0.4482293417404106,0.893918596519257,0,0,0,0
2020-01-28,2020,1,31.8,19.1,12.7,4.0,0.0,58.0,0.0,420.0,0.0,0.0,31.933333333333326,15.633333333333333,16.3,0.0,32.7,15.9,0,0.49999999999999994,0.8660254037844387,0.4635502709028509,0.886070621534138,0,0,0,0
2020-01-29,2020,1,31.6,18.3,13.3,3.0,0.0,58.0,0.0,420.0,0.0,0.0,32.06666666666667,16.833333333333332,15.233333333333334,0.0,31.8,19.1,0,0.49999999999999994,0.8660254037844387,0.47873384011578846,0.8779600847008882,0,0,0,0
2020-01-30,2020,1,32.0,17.5,14.5,2.0,0.0,6.2,0.0,456.0,0.0,0.0,32.03333333333333,17.766666666666666,14.266666666666667,0.0,31.6,18.3,0,0.49999999999999994,0.8660254037844387,0.4937755501599772,0.869589389346611,0,0,0,0
2020-01-31,2020,1,33.4,19.0,14.399999999999999,2.0,0.0,4.0,0.0,498.0,0.0,0.0,31.799999999999997,18.3,13.5,0.0,32.0,17.5,0,0.49999999999999994,0.8660254037844387,0.5086709438521044,0.8609610158889943,0,0,0,0
2020-02-01,2020,2,32.8,18.8,13.999999999999996,4.0,0.0,55.0,0.0,504.0,0.0,0.0,32.333333333333336,18.266666666666666,14.066666666666668,0.0,33.4,19.0,0,0.8660254037844386,0.5000000000000001,0.5234156073655503,0.8520775211013093,0,0,0,0
2020-02-02,2020,2,30.5,17.4,13.100000000000001,4.0,0.0,48.0,0.0,504.0,0.0,0.0,32.73333333333333,18.433333333333334,14.299999999999997,0.0,32.8,18.8,0,0.8660254037844386,0.5000000000000001,0.5380051715382996,0.8429415373547828,0,0,0,0
2020-02-03,2020,2,29.2,17.2,12.0,4.0,0.0,5.0,0.0,462.0,0.0,0.0,32.23333333333333,18.4,13.833333333333334,0.0,30.5,17.4,0,0.8660254037844386,0.5000000000000001,0.5524353131676196,0.8335557718385699,0,0,0,0
2020-02-04,2020,2,31.0,16.0,15.0,4.0,0.0,5.6,0.0,528.0,0.0,0.0,30.83333333333333,17.8,13.033333333333331,0.0,29.2,17.2,0,0.8660254037844386,0.5000000000000001,0.5667017562911176,0.8239230057575542,0,0,0,0
2020-02-05,2020,2,30.4,18.5,11.899999999999999,4.0,0.0,5.5,0.0,504.0,0.0,0.0,30.23333333333333,16.866666666666664,13.366666666666667,0.0,31.0,16.0,0,0.8660254037844386,0.5000000000000001,0.5808002734538009,0.8140460935082178,0,0,0,0
2020-02-06,2020,2,30.4,17.7,12.7,3.0,0.0,56.0,0.0,486.0,0.0,0.0,30.2,17.233333333333334,12.966666666666667,0.0,30.4,18.5,0,0.8660254037844386,0.5000000000000001,0.5947266869607634,0.8039279618328213,0,0,0,0
2020-02-07,2020,2,31.0,18.0,13.0,3.0,0.0,60.0,0.0,486.0,0.0,0.0,30.599999999999994,17.4,13.199999999999998,0.0,30.4,17.7,0,0.8660254037844386,0.5000000000000001,0.6084768701151261,0.7935716089521474,0,0,0,0
2020-02-08,2020,2,30.8,19.0,11.8,3.0,0.0,5.9,0.0,504.0,0.0,0.0,30.599999999999994,18.066666666666666,12.533333333333331,0.0,31.0,18.0,0,0.8660254037844386,0.5000000000000001,0.6220467484408675,0.7829801036770628,0,0,0,0
2020-02-09,2020,2,31.6,18.2,13.400000000000002,4.0,0.0,57.0,0.0,462.0,0.0,0.0,30.73333333333333,18.233333333333334,12.5,0.0,30.8,19.0,0,0.8660254037844386,0.5000000000000001,0.6354323008901774,0.7721565844991642,0,0,0,0
2020-02-10,2020,2,30.4,19.0,11.399999999999999,4.0,0.0,54.0,0.0,480.0,0.0,0.0,31.13333333333333,18.400000000000002,12.733333333333334,0.0,31.6,18.2,0,0.8660254037844386,0.5000000000000001,0.6486295610349814,0.7611042586607747,0,0,0,0
2020-02-11,2020,2,30.2,16.4,13.8,5.0,0.0,5.2,0.0,432.0,0.0,0.0,30.933333333333326,18.733333333333334,12.200000000000001,0.0,30.4,19.0,0,0.8660254037844386,0.5000000000000001,0.6616346182422783,0.7498264012045686,0,0,0,0
2020-02-12,2020,2,30.4,17.4,13.0,5.0,0.0,55.0,0.0,504.0,0.0,0.0,30.73333333333333,17.866666666666664,12.866666666666667,0.0,30.2,16.4,0,0.8660254037844386,0.5000000000000001,0.6744436188329455,0.7383263540031065,0,0,0,0
2020-02-13,2020,2,30.0,18.6,11.399999999999999,4.0,0.0,55.0,0.0,504.0,0.0,0.0,30.33333333333333,17.599999999999998,12.733333333333334,0.0,30.4,17.4,0,0.8660254037844386,0.5000000000000001,0.6870527672236669,0.7266075247685656,0,0,0,0
2020-02-14,2020,2,32.2,18.0,14.200000000000003,3.0,0.0,5.7,0.0,558.0,0.0,0.0,30.2,17.466666666666665,12.733333333333334,0.0,30.0,18.6,0,0.8660254037844386,0.5000000000000001,0.6994583270516471,0.7146733860429609,0,0,0,0
2020-02-15,2020,2,32.3,17.6,14.699999999999996,2.0,0.0,5.0,0.0,480.0,0.0,0.0,30.866666666666664,18.0,12.866666666666667,0.0,32.2,18.0,0,0.8660254037844386,0.5000000000000001,0.7116566222817746,0.7025274741691571,0,0,0,0
2020-02-16,2020,2,33.1,17.5,15.600000000000001,3.0,0.0,55.0,0.0,540.0,0.0,0.0,31.5,18.066666666666666,13.433333333333332,0.0,32.3,17.6,0,0.8660254037844386,0.5000000000000001,0.7236440382959124,0.6901733882429719,0,0,0,0
2020-02-17,2020,2,32.6,17.2,15.400000000000002,4.0,0.0,54.0,0.0,570.0,0.0,0.0,32.53333333333333,17.700000000000003,14.833333333333334,0.0,33.1,17.5,0,0.8660254037844386,0.5000000000000001,0.7354170229639855,0.6776147890466889,0,0,0,0
2020-02-18,2020,2,32.4,17.0,15.399999999999999,3.0,0.0,52.0,0.0,504.0,0.0,0.0,32.666666666666664,17.433333333333334,15.233333333333334,0.0,32.6,17.2,0,0.8660254037844386,0.5000000000000001,0.7469720876965552,0.6648553979642865,0,0,0,0
2020-02-19,2020,2,32.6,17.6,15.0,4.0,0.0,5.2,0.0,570.0,0.0,0.0,32.699999999999996,17.233333333333334,15.466666666666669,0.0,32.4,17.0,0,0.8660254037844386,0.5000000000000001,0.7583058084785624,0.6518989958787126,0,0,0,0
2020-02-20,2020,2,31.5,16.5,15.0,4.0,0.0,50.0,0.0,528.0,0.0,0.0,32.53333333333334,17.26666666666667,15.266666666666666,0.0,32.6,17.6,0,0.8660254037844386,0.5000000000000001,0.7694148268839378,0.6387494220515272,0,0,0,0
2020-02-21,2020,2,32.6,16.6,16.0,4.0,0.0,55.0,0.0,564.0,0.0,0.0,32.166666666666664,17.033333333333335,15.133333333333333,0.0,31.5,16.5,0,0.8660254037844386,0.5000000000000001,0.7802958510707755,0.6254105729852463,0,0,0,0
2020-02-22,2020,2,32.2,18.4,13.800000000000004,4.0,0.0,55.0,0.0,504.0,0.0,0.0,32.23333333333333,16.900000000000002,15.333333333333334,0.0,32.6,16.6,0,0.8660254037844386,0.5000000000000001,0.7909456567567772,0.6118864012687243,0,0,0,0
2020-02-23,2020,2,31.4,18.0,13.399999999999999,4.0,0.0,5.6,0.0,552.0,0.0,0.0,32.1,17.166666666666668,14.933333333333335,0.0,32.2,18.4,0,0.8660254037844386,0.5000000000000001,0.8013610881746766,0.5981809144059164,0,0,0,0
2020-02-24,2020,2,31.0,18.6,12.399999999999999,4.0,0.0,56.0,0.0,504.0,0.0,0.0,32.06666666666667,17.666666666666668,14.4,0.0,31.4,18.0,0,0.8660254037844386,0.5000000000000001,0.811539059007361,0.5842981736283684,0,0,0,0
2020-02-25,2020,2,29.6,18.0,11.600000000000001,3.0,0.0,48.0,0.0,245.0,0.0,0.0,31.53333333333333,18.333333333333332,13.200000000000001,0.0,31.0,18.6,0,0.8660254037844386,0.5000000000000001,0.8214765533024142,0.5702422926917871,0,0,0,0
2020-02-26,2020,2,32.5,19.5,13.0,3.0,0.0,55.0,0.0,504.0,0.0,0.0,30.666666666666668,18.2,12.466666666666667,0.0,29.6,18.0,0,0.8660254037844386,0.5000000000000001,0.8311706263658079,0.5560174366570446,0,0,0,0
2020-02-27,2020,2,32.4,20.4,12.0,3.0,0.0,5.5,0.0,486.0,0.0,0.0,31.03333333333333,18.7,12.333333333333334,0.0,32.5,19.5,0,0.8660254037844386,0.5000000000000001,0.8406184056344782,0.5416278206559814,0,0,0,0
2020-02-28,2020,2,31.6,19.2,12.400000000000002,3.0,0.0,5.5,0.0,384.0,0.0,0.0,31.5,19.3,12.200000000000001,0.0,32.4,20.4,0,0.8660254037844386,0.5000000000000001,0.8498170915275278,0.5270777086423722,0,0,0,0
2020-02-29,2020,2,30.9,19.5,11.399999999999999,4.0,0.0,5.0,0.0,414.0,0.0,0.0,32.166666666666664,19.7,12.466666666666669,0.0,31.6,19.2,0,0.8660254037844386,0.5000000000000001,0.8587639582758029,0.5123714121284237,0,0,0,0
2020-03-01,2020,3,32.8,20.2,12.599999999999998,4.0,0.0,58.0,0.0,480.0,0.0,0.0,31.633333333333336,19.7,11.933333333333332,0.0,30.9,19.5,0,1.0,6.123233995736766e-17,0.8674563547295968,0.49751328890718066,1,0,0,0
2020-03-02,2020,3,32.3,20.4,11.899999999999999,3.0,0.0,6.0,0.0,450.0,0.0,0.0,31.766666666666666,19.633333333333333,12.133333333333333,0.0,32.8,20.2,0,1.0,6.123233995736766e-17,0.8758917051442429,0.48250774176121847,1,0,0,0
2020-03-03,2020,3,30.6,20.0,10.600000000000001,2.0,0.0,57.0,10.0,54.0,0.0,0.0,32.0,20.033333333333335,11.966666666666663,0.0,32.3,20.4,0,1.0,6.123233995736766e-17,0.8840675099433636,0.4673592171580022,1,0,0,0
2020-03-04,2020,3,33.0,22.2,10.8,3.0,0.9,6.0,0.0,24.0,0.0,0.0,31.899999999999995,20.2,11.699999999999998,0.0,30.6,20.0,0,1.0,6.123233995736766e-17,0.8919813464595485,0.45207220393230435,1,0,1,0
2020-03-05,2020,3,32.4,21.6,10.799999999999997,3.0,0.0,48.0,0.0,312.0,0.9,0.8999999999999929,31.96666666666667,20.866666666666664,11.1,0.9,33.0,22.2,0,1.0,6.123233995736766e-17,0.8996308696522433,0.43665123195606403,1,0,0,0
2020-03-06,2020,3,33.4,22.4,11.0,4.0,0.0,54.0,0.0,432.0,0.9,0.8999999999999929,32.0,21.266666666666666,10.733333333333334,0.0,32.4,21.6,0,1.0,6.123233995736766e-17,0.9070138128026359,0.4211008707960896,1,0,0,0
2020-03-07,2020,3,33.4,22.3,11.099999999999998,3.0,0.9,59.0,30.0,408.0,0.9,0.8999999999999929,32.93333333333334,22.066666666666666,10.866666666666665,0.0,33.4,22.4,0,1.0,6.123233995736766e-17,0.9141279881853337,0.40542572835999735,1,0,1,0
2020-03-08,2020,3,32.3,22.4,9.899999999999999,3.0,0.0,6.0,0.0,450.0,0.9,1.799999999999993,33.06666666666667,22.099999999999998,10.966666666666663,0.9,33.4,22.3,0,1.0,6.123233995736766e-17,0.9209712877166346,0.38963044953078796,1,0,0,0
2020-03-09,2020,3,33.3,21.6,11.699999999999996,3.0,0.0,48.0,0.0,450.0,0.9,1.799999999999993,33.03333333333333,22.366666666666664,10.666666666666666,0.0,32.3,22.4,0,1.0,6.123233995736766e-17,0.9275416835791966,0.37371971479046906,1,0,0,0
2020-03-10,2020,3,32.9,22.4,10.5,3.0,0.0,5.2,0.0,384.0,0.9,1.799999999999993,32.99999999999999,22.099999999999998,10.899999999999997,0.0,33.3,21.6,0,1.0,6.123233995736766e-17,0.9338372288229252,0.35769823883312546,1,0,0,0
2020-03-11,2020,3,34.0,22.2,11.8,3.0,0.0,60.0,0.0,420.0,0.0,1.799999999999993,32.833333333333336,22.133333333333336,10.699999999999998,0.0,32.9,22.4,0,1.0,6.123233995736766e-17,0.9398560579418954,0.3415707691678556,1,0,0,0
2020-03-12,2020,3,33.6,22.1,11.5,3.0,0.0,5.2,0.0,450.0,0.0,0.8999999999999929,33.4,22.066666666666666,11.333333333333334,0.0,34.0,22.2,0,1.0,6.123233995736766e-17,0.9455963874271426,0.3253420847119801,1,0,0,0
2020-03-13,2020,3,34.4,21.0,13.399999999999999,3.0,0.0,48.0,0.0,450.0,0.0,0.8999999999999929,33.5,22.233333333333334,11.266666666666666,0.0,33.6,22.1,0,1.0,6.123233995736766e-17,0.9510565162951535,0.30901699437494745,1,0,0,0
2020-03-14,2020,3,33.8,20.4,13.399999999999999,3.0,0.0,5.2,0.0,450.0,0.0,0.8999999999999929,34.0,21.766666666666666,12.233333333333334,0.0,34.4,21.0,0,1.0,6.123233995736766e-17,0.9562348265919056,0.29260033563334836,1,0,0,0
2020-03-16,2020,3,34.5,20.2,14.3,4.0,0.0,5.2,0.0,450.0,0.0,0.0,33.93333333333333,21.166666666666668,12.766666666666666,0.0,33.8,20.4,0,1.0,6.123233995736766e-17,0.9657399376548549,0.2595117970697999,1,0,0,0
2020-03-17,2020,3,34.2,20.2,14.000000000000004,4.0,0.0,56.0,0.0,450.0,0.0,0.0,34.23333333333333,20.533333333333335,13.699999999999998,0.0,34.5,20.2,0,1.0,6.123233995736766e-17,0.9700639218515071,0.2428497220959356,1,0,0,0
2020-03-18,2020,3,33.8,19.4,14.399999999999999,5.0,0.0,5.4,0.0,576.0,0.0,0.0,34.166666666666664,20.266666666666666,13.9,0.0,34.2,20.2,0,1.0,6.123233995736766e-17,0.9741004551724205,0.22611568550828828,1,0,0,0
2020-03-19,2020,3,35.2,20.9,14.300000000000004,3.0,0.0,60.0,0.0,612.0,0.0,0.0,34.166666666666664,19.933333333333334,14.233333333333334,0.0,33.8,19.4,0,1.0,6.123233995736766e-17,0.9778483415056568,0.20931464596304847,1,0,0,0
2020-03-20,2020,3,35.2,23.3,11.900000000000002,4.0,0.0,5.5,0.0,450.0,0.0,0.0,34.400000000000006,20.166666666666668,14.233333333333334,0.0,35.2,20.9,0,1.0,6.123233995736766e-17,0.9813064702716093,0.19245158197082998,1,0,0,1
2020-03-21,2020,3,34.1,22.0,12.100000000000001,3.0,1.7,48.0,0.0,216.0,0.0,0.0,34.73333333333333,21.2,13.533333333333337,0.0,35.2,23.3,1,1.0,6.123233995736766e-17,0.9844738167520922,0.1755314904214282,1,0,1,0
2020-03-22,2020,3,35.4,22.8,12.599999999999998,3.0,0.0,5.8,25.0,491.0,1.7,1.6999999999999929,34.833333333333336,22.066666666666666,12.766666666666671,1.7,34.1,22.0,0,1.0,6.123233995736766e-17,0.9873494423939864,0.15855938510313478,1,0,0,0
2020-03-23,2020,3,34.4,23.4,11.0,3.0,0.0,58.0,0.0,498.0,1.7,1.6999999999999929,34.900000000000006,22.7,12.200000000000001,0.0,35.4,22.8,0,1.0,6.123233995736766e-17,0.989932495087353,0.141540295217043,1,0,0,1
2020-03-24,2020,3,33.4,20.8,12.599999999999998,2.0,14.9,9.2,110.0,336.0,1.7,1.6999999999999929,34.63333333333333,22.733333333333334,11.9,0.0,34.4,23.4,1,1.0,6.123233995736766e-17,0.9922222094179323,0.12447926388678915,1,0,1,0
2020-03-25,2020,3,34.7,21.0,13.700000000000003,3.0,0.0,6.0,0.0,450.0,14.9,16.599999999999994,34.4,22.333333333333332,12.066666666666665,14.9,33.4,20.8,0,1.0,6.123233995736766e-17,0.994217906893952,0.10738134666416309,1,0,0,0
2020-03-26,2020,3,32.8,20.6,12.199999999999996,3.0,0.0,5.8,0.0,210.0,14.9,16.599999999999994,34.166666666666664,21.733333333333334,12.433333333333332,0.0,34.7,21.0,0,1.0,6.123233995736766e-17,0.995918996147179,0.09025161003104117,1,0,0,0
2020-03-27,2020,3,33.8,19.6,14.199999999999996,3.0,0.0,30.0,0.0,534.0,14.9,16.599999999999994,33.63333333333333,20.8,12.833333333333334,0.0,32.8,20.6,0,1.0,6.123233995736766e-17,0.9973249731081555,0.07309512989807777,1,0,0,0
2020-03-28,2020,3,34.0,19.2,14.8,3.0,0.0,6.0,0.0,450.0,0.0,16.599999999999994,33.76666666666666,20.400000000000002,13.366666666666665,0.0,33.8,19.6,0,1.0,6.123233995736766e-17,0.9984354211555643,0.055916990100603484,1,0,0,0
2020-03-29,2020,3,35.2,19.4,15.800000000000004,2.0,0.0,6.0,0.0,450.0,0.0,14.899999999999993,33.53333333333333,19.8,13.733333333333329,0.0,34.0,19.2,0,1.0,6.123233995736766e-17,0.9992500112396835,0.03872228089217446,1,0,0,0
2020-03-30,2020,3,35.6,21.4,14.200000000000003,3.0,0.0,5.8,0.0,456.0,0.0,14.899999999999993,34.333333333333336,19.400000000000002,14.933333333333332,0.0,35.2,19.4,0,1.0,6.123233995736766e-17,0.9997685019798909,0.021516097436222254,1,0,0,0
2020-03-31,2020,3,36.1,19.6,16.5,3.0,0.0,63.0,0.0,588.0,0.0,14.899999999999993,34.93333333333334,20.0,14.933333333333337,0.0,35.6,21.4,0,1.0,6.123233995736766e-17,0.9999907397361901,0.004303538296244289,1,0,0,0
2020-04-01,2020,4,35.4,21.0,14.399999999999999,3.0,0.0,6.0,0.0,426.0,0.0,0.0,35.63333333333333,20.13333333333333,15.500000000000002,0.0,36.1,19.6,0,0.8660254037844387,-0.4999999999999998,0.9999166586547379,-0.01291029607500882,1,0,0,0
2020-04-02,2020,4,36.0,22.0,14.0,3.0,0.0,56.0,0.0,0.0,0.0,0.0,35.699999999999996,20.666666666666668,15.033333333333333,0.0,35.4,21.0,0,0.8660254037844387,-0.4999999999999998,0.9995462806873573,-0.030120304846908114,1,0,0,0
2020-04-03,2020,4,35.8,23.0,12.799999999999997,3.0,0.0,6.8,0.0,546.0,0.0,0.0,35.833333333333336,20.866666666666664,14.966666666666667,0.0,36.0,22.0,0,0.8660254037844387,-0.4999999999999998,0.9988797155850336,-0.04732138832243185,1,0,0,0
2020-04-04,2020,4,35.6,22.1,13.5,3.0,0.0,6.0,0.0,426.0,0.0,0.0,35.733333333333334,22.0,13.733333333333333,0.0,35.8,23.0,0,0.8660254037844387,-0.4999999999999998,0.9979171608653922,-0.06450844944931623,1,0,0,0
2020-04-05,2020,4,36.0,22.3,13.7,3.0,0.0,6.0,0.0,426.0,0.0,0.0,35.800000000000004,22.36666666666667,13.433333333333332,0.0,35.6,22.1,0,0.8660254037844387,-0.4999999999999998,0.9966589017541702,-0.08167639533042241,1,0,0,0
2020-04-06,2020,4,36.4,23.6,12.799999999999997,3.0,0.0,56.0,5.0,456.0,0.0,0.0,35.800000000000004,22.46666666666667,13.333333333333334,0.0,36.0,22.3,0,0.8660254037844387,-0.4999999999999998,0.9951053111006976,-0.09882013873287143,1,0,0,1
2020-04-07,2020,4,35.6,21.0,14.600000000000001,3.0,30.2,12.0,0.0,402.0,0.0,0.0,36.0,22.666666666666668,13.333333333333334,0.0,36.4,23.6,1,0.8660254037844387,-0.4999999999999998,0.9932568492674143,-0.11593459959550041,1,0,1,0
2020-04-08,2020,4,30.2,21.0,9.2,3.0,0.0,48.0,0.0,0.0,30.2,30.199999999999992,36.0,22.3,13.699999999999998,30.2,35.6,21.0,0,0.8660254037844387,-0.4999999999999998,0.9911140639934547,-0.1330147065341959,1,0,0,1
2020-04-09,2020,4,33.7,22.5,11.200000000000003,3.0,0.0,6.0,0.0,426.0,30.2,30.199999999999992,34.06666666666667,21.866666666666664,12.199999999999998,0.0,30.2,21.0,1,0.8660254037844387,-0.4999999999999998,0.9886775902323405,-0.1500553983446526,1,0,0,1
2020-04-10,2020,4,33.4,18.6,14.799999999999997,3.0,33.2,12.0,0.0,426.0,30.2,30.199999999999992,33.166666666666664,21.5,11.666666666666666,0.0,33.7,22.5,1,0.8660254037844387,-0.4999999999999998,0.9859481499638304,-0.16705162550211924,1,0,1,0
2020-04-11,2020,4,30.6,21.0,9.600000000000001,3.0,0.0,5.8,0.0,245.0,33.2,63.39999999999999,32.43333333333333,20.7,11.733333333333334,33.2,33.4,18.6,0,0.8660254037844387,-0.4999999999999998,0.9829265519799822,-0.18399835165768005,1,0,0,0
2020-04-12,2020,4,32.2,20.5,11.700000000000003,2.0,0.0,58.0,0.0,516.0,33.2,63.39999999999999,32.56666666666666,20.7,11.866666666666667,0.0,30.6,21.0,0,0.8660254037844387,-0.4999999999999998,0.9796136916454901,-0.20089055513063506,1,0,0,0
2020-04-13,2020,4,33.7,20.5,13.200000000000003,2.0,0.0,6.0,0.0,426.0,33.2,63.39999999999999,32.06666666666666,20.033333333333335,12.033333333333333,0.0,32.2,20.5,0,0.8660254037844387,-0.4999999999999998,0.9760105506323683,-0.21772323039653177,1,0,0,0
2020-04-14,2020,4,34.8,19.6,15.199999999999996,2.0,0.0,56.0,0.0,426.0,0.0,63.39999999999999,32.166666666666664,20.666666666666668,11.500000000000002,0.0,33.7,20.5,0,0.8660254037844387,-0.4999999999999998,0.9721181966290613,-0.23449138957040985,1,0,0,0
2020-04-15,2020,4,34.6,20.8,13.8,3.0,0.0,6.3,0.0,540.0,0.0,33.19999999999999,33.56666666666667,20.2,13.366666666666667,0.0,34.8,19.6,0,0.8660254037844387,-0.4999999999999998,0.9679377830240642,-0.25119006388481935,1,0,0,0
2020-04-17,2020,4,34.9,23.5,11.399999999999999,3.0,0.0,6.0,0.0,426.0,0.0,33.19999999999999,34.36666666666667,20.3,14.066666666666668,0.0,34.6,20.8,0,0.8660254037844387,-0.4999999999999998,0.9587178169872964,-0.2843591872810034,1,0,0,0
2020-04-18,2020,4,35.2,23.8,11.400000000000002,3.0,0.0,56.0,0.0,420.0,0.0,33.19999999999999,34.76666666666666,21.3,13.466666666666663,0.0,34.9,23.5,0,0.8660254037844387,-0.4999999999999998,0.9536809966304457,-0.30081980763566735,1,0,0,0
2020-04-19,2020,4,34.4,24.0,10.399999999999999,3.0,0.0,6.5,0.0,444.0,0.0,0.0,34.9,22.7,12.200000000000001,0.0,35.2,23.8,0,0.8660254037844387,-0.4999999999999998,0.9483615800121715,-0.3171912885891061,1,0,0,0
2020-04-20,2020,4,34.3,22.6,11.699999999999996,3.0,0.0,55.0,0.0,552.0,0.0,0.0,34.833333333333336,23.76666666666667,11.066666666666668,0.0,34.4,24.0,0,0.8660254037844387,-0.4999999999999998,0.9427611433904207,-0.3334687789181868,1,0,0,0
2020-04-21,2020,4,34.2,22.3,11.900000000000002,3.0,0.0,6.0,0.0,426.0,0.0,0.0,34.633333333333326,23.46666666666667,11.166666666666666,0.0,34.3,22.6,0,0.8660254037844387,-0.4999999999999998,0.9368813462954315,-0.3496474552512284,1,0,0,0
2020-04-22,2020,4,34.6,24.6,10.0,3.0,0.0,62.0,0.0,576.0,0.0,0.0,34.300000000000004,22.96666666666667,11.333333333333334,0.0,34.2,22.3,0,0.8660254037844387,-0.4999999999999998,0.9307239310379795,-0.36572252349726897,1,0,0,0
2020-04-23,2020,4,35.4,23.4,12.0,4.0,0.0,6.8,0.0,528.0,0.0,0.0,34.36666666666667,23.166666666666668,11.199999999999998,0.0,34.6,24.6,0,0.8660254037844387,-0.4999999999999998,0.9242907221930934,-0.3816892202666588,1,0,0,1
2020-04-24,2020,4,36.0,20.5,15.5,3.0,23.2,9.0,158.0,486.0,0.0,0.0,34.73333333333333,23.433333333333334,11.300000000000002,0.0,35.4,23.4,1,0.8660254037844387,-0.4999999999999998,0.9175836260593937,-0.39754281428255595,1,0,1,1
2020-04-25,2020,4,30.8,22.7,8.100000000000001,3.0,0.0,6.0,0.0,426.0,23.2,23.199999999999985,35.333333333333336,22.833333333333332,12.5,23.2,36.0,20.5,1,0.8660254037844387,-0.4999999999999998,0.9106046300942163,-0.4132786077829042,1,0,0,1
2020-04-26,2020,4,32.0,22.6,9.399999999999999,3.0,0.0,60.0,0.0,174.0,23.2,23.199999999999985,34.06666666666667,22.2,11.866666666666667,0.0,30.8,22.7,1,0.8660254037844387,-0.4999999999999998,0.9033558023246845,-0.4288919379124835,1,0,0,1
2020-04-27,2020,4,31.6,22.4,9.200000000000003,4.0,0.0,5.8,0.0,258.0,23.2,23.199999999999985,32.93333333333333,21.933333333333337,11.0,0.0,32.0,22.6,1,0.8660254037844387,-0.4999999999999998,0.895839290734909,-0.4443781781046132,1,0,0,1
2020-04-28,2020,4,32.4,23.0,9.399999999999999,2.0,2.8,0.0,27.0,48.0,0.0,23.199999999999985,31.466666666666665,22.566666666666666,8.9,0.0,31.6,22.4,1,0.8660254037844387,-0.4999999999999998,0.8880573226294932,-0.45973273945210397,1,0,1,0
2020-04-29,2020,4,34.0,19.6,14.399999999999999,3.0,30.7,6.0,0.0,426.0,2.8,25.999999999999986,32.0,22.666666666666668,9.333333333333334,2.8,32.4,23.0,0,0.8660254037844387,-0.4999999999999998,0.8800122039735357,-0.47495107206704995,1,0,1,1
2020-04-30,2020,4,25.8,21.0,4.800000000000001,1.0,1.0,62.0,10.0,0.0,33.5,56.69999999999999,32.666666666666664,21.666666666666668,11.0,30.7,34.0,19.6,1,0.8660254037844387,-0.4999999999999998,0.8717063187093219,-0.49002866642905923,1,0,1,0
2020-05-01,2020,5,32.8,23.0,9.799999999999997,2.0,0.0,6.8,0.0,564.0,34.5,57.69999999999999,30.733333333333334,21.2,9.533333333333333,1.0,25.8,21.0,0,0.49999999999999994,-0.8660254037844387,0.8631421280499114,-0.5049610547215204,1,0,0,0
2020-05-02,2020,5,33.6,23.7,9.900000000000002,3.0,0.0,5.8,0.0,468.0,31.7,34.499999999999986,30.866666666666664,21.2,9.666666666666666,0.0,32.8,23.0,0,0.49999999999999994,-0.8660254037844387,0.854322169749827,-0.5197438121555155,1,0,0,0
2020-05-03,2020,5,33.4,23.2,10.2,2.0,0.0,6.7,0.0,432.0,1.0,34.499999999999986,30.73333333333333,22.566666666666666,8.166666666666666,0.0,33.6,23.7,0,0.49999999999999994,-0.8660254037844387,0.8452490573530633,-0.5343725582809786,1,0,0,1
2020-05-04,2020,5,33.8,23.0,10.799999999999997,2.0,0.6,7.4,10.0,366.0,0.0,34.499999999999986,33.266666666666666,23.3,9.966666666666667,0.0,33.4,23.2,1,0.49999999999999994,-0.8660254037844387,0.8359254794186372,-0.548842958284719,1,0,1,0
2020-05-05,2020,5,34.8,23.4,11.399999999999999,2.0,0.0,6.4,0.0,456.0,0.6,35.09999999999998,33.6,23.3,10.299999999999999,0.6,33.8,23.0,0,0.49999999999999994,-0.8660254037844387,0.8263541987239096,-0.5631507242749186,1,0,0,0
2020-05-06,2020,5,34.3,23.6,10.699999999999996,3.0,0.0,5.6,0.0,396.0,0.6,32.29999999999998,33.99999999999999,23.2,10.799999999999997,0.0,34.8,23.4,0,0.49999999999999994,-0.8660254037844387,0.8165380514459161,-0.5772916165517272,1,0,0,1
2020-05-07,2020,5,33.6,23.1,10.5,2.0,1.6,5.5,50.0,318.0,0.6,1.5999999999999859,34.3,23.333333333333332,10.966666666666663,0.0,34.3,23.6,1,0.49999999999999994,-0.8660254037844387,0.8064799463209448,-0.5912614448635781,1,0,1,0
2020-05-08,2020,5,32.5,23.4,9.100000000000001,2.0,0.3,6.2,20.0,24.0,1.6,2.199999999999986,34.23333333333333,23.366666666666664,10.866666666666665,1.6,33.6,23.1,0,0.49999999999999994,-0.8660254037844387,0.7961828637826158,-0.6050560696488488,1,0,1,0
2020-05-09,2020,5,33.4,23.8,9.599999999999998,2.0,0.0,7.1,0.0,30.0,1.9000000000000001,2.499999999999986,33.46666666666667,23.366666666666664,10.1,0.3,32.5,23.4,0,0.49999999999999994,-0.8660254037844387,0.7856498550787147,-0.6186714032625031,1,0,0,0
2020-05-10,2020,5,35.2,24.0,11.200000000000003,3.0,0.0,6.3,0.0,504.0,1.9000000000000001,2.499999999999986,33.166666666666664,23.433333333333334,9.733333333333333,0.0,33.4,23.8,0,0.49999999999999994,-0.8660254037844387,0.7748840413670407,-0.6321034111873487,1,0,0,0
2020-05-11,2020,5,35.3,23.6,11.699999999999996,3.0,0.0,6.5,0.0,516.0,0.3,2.499999999999986,33.7,23.733333333333334,9.966666666666667,0.0,35.2,24.0,0,0.49999999999999994,-0.8660254037844387,0.7638886127905428,-0.6453481132295501,1,0,0,0
2020-05-12,2020,5,34.0,23.4,10.600000000000001,2.0,0.0,6.2,0.0,438.0,0.0,1.899999999999986,34.63333333333333,23.8,10.833333333333334,0.0,35.3,23.6,0,0.49999999999999994,-0.8660254037844387,0.7526668275320084,-0.6584015846980488,1,0,0,0
2020-05-13,2020,5,33.8,22.4,11.399999999999999,2.0,0.0,6.8,0.0,240.0,0.0,1.8999999999999861,34.833333333333336,23.666666666666668,11.166666666666666,0.0,34.0,23.4,0,0.49999999999999994,-0.8660254037844387,0.741222010848596,-0.6712599575675313,1,0,0,0
2020-05-14,2020,5,33.8,23.7,10.099999999999998,3.0,0.0,5.6,0.0,396.0,0.0,1.8999999999999861,34.36666666666667,23.133333333333336,11.233333333333333,0.0,33.8,22.4,0,0.49999999999999994,-0.8660254037844387,0.7295575540864875,-0.6839194216246106,1,0,0,0
2020-05-15,2020,5,34.9,24.0,10.899999999999999,2.0,0.0,6.0,5.0,498.0,0.0,0.299999999999986,33.86666666666667,23.166666666666668,10.699999999999998,0.0,33.8,23.7,0,0.49999999999999994,-0.8660254037844387,0.717676913675962,-0.6963762255968722,1,0,0,0
2020-05-16,2020,5,35.2,24.0,11.200000000000003,3.0,0.0,7.2,0.0,360.0,0.0,0.0,34.166666666666664,23.366666666666664,10.799999999999997,0.0,34.9,24.0,0,0.49999999999999994,-0.8660254037844387,0.705583610107178,-0.7086266782644596,1,0,0,0
2020-05-17,2020,5,33.4,24.6,8.799999999999997,2.0,0.0,6.8,0.0,24.0,0.0,0.0,34.63333333333333,23.899999999999995,10.733333333333334,0.0,35.2,24.0,0,0.49999999999999994,-0.8660254037844387,0.6932812268869777,-0.7206671495538609,1,0,0,1
2020-05-18,2020,5,35.6,21.2,14.400000000000002,5.0,11.2,4.5,100.0,432.0,0.0,0.0,34.5,24.2,10.299999999999999,0.0,33.4,24.6,1,0.49999999999999994,-0.8660254037844387,0.6807734094770161,-0.7324940716135789,1,0,1,1
2020-05-19,2020,5,31.4,22.6,8.799999999999997,7.0,0.0,5.3,0.0,204.0,11.2,11.199999999999985,34.73333333333333,23.266666666666666,11.466666666666669,11.2,35.6,21.2,1,0.49999999999999994,-0.8660254037844387,0.6680638642135335,-0.7441039398713607,1,0,0,0
2020-05-20,2020,5,32.2,21.8,10.400000000000002,7.0,0.0,5.2,0.0,180.0,11.2,11.199999999999985,33.46666666666667,22.8,10.666666666666666,0.0,31.4,22.6,0,0.49999999999999994,-0.8660254037844387,0.6551563572090853,-0.7554933140726803,1,0,0,0
2020-05-21,2020,5,33.2,22.0,11.200000000000003,6.0,0.0,6.2,0.0,222.0,11.2,11.199999999999985,33.06666666666667,21.866666666666664,11.200000000000001,0.0,32.2,21.8,0,0.49999999999999994,-0.8660254037844387,0.6420547132365637,-0.766658819300159,1,0,0,0
2020-05-22,2020,5,34.3,22.1,12.199999999999996,5.0,0.0,5.0,5.0,456.0,0.0,11.199999999999985,32.26666666666667,22.133333333333336,10.133333333333335,0.0,33.2,22.0,0,0.49999999999999994,-0.8660254037844387,0.6287628145958344,-0.777597146973627,1,0,0,0
2020-05-23,2020,5,35.3,22.9,12.399999999999999,5.0,0.0,5.5,0.0,258.0,0.0,11.199999999999985,33.23333333333333,21.96666666666667,11.266666666666666,0.0,34.3,22.1,0,0.49999999999999994,-0.8660254037844387,0.6152845999633276,-0.7883050558305255,1,0,0,0
2020-05-24,2020,5,35.6,23.3,12.3,5.0,0.0,5.2,5.0,245.0,0.0,11.199999999999985,34.26666666666667,22.333333333333332,11.933333333333332,0.0,35.3,22.9,0,0.49999999999999994,-0.8660254037844387,0.6016240632249226,-0.7987793728863649,1,0,0,1
2020-05-25,2020,5,34.4,22.0,12.399999999999999,4.0,35.4,4.8,70.0,408.0,0.0,11.199999999999985,35.06666666666666,22.766666666666666,12.299999999999997,0.0,35.6,23.3,1,0.49999999999999994,-0.8660254037844387,0.5877852522924732,-0.8090169943749473,1,0,1,0
2020-05-26,2020,5,33.4,21.9,11.5,3.0,0.0,5.7,5.0,402.0,35.4,35.399999999999984,35.1,22.733333333333334,12.366666666666665,35.4,34.4,22.0,0,0.49999999999999994,-0.8660254037844387,0.5737722679043246,-0.8190148866680801,1,0,0,1
2020-05-27,2020,5,32.9,20.9,12.0,4.0,30.9,4.4,130.0,522.0,35.4,35.399999999999984,34.46666666666666,22.400000000000002,12.066666666666668,0.0,33.4,21.9,1,0.49999999999999994,-0.8660254037844387,0.5595892624101765,-0.8287700871745038,1,0,1,1
2020-05-28,2020,5,32.6,20.8,11.8,4.0,19.8,5.4,170.0,300.0,66.3,66.29999999999998,33.56666666666666,21.599999999999998,11.966666666666667,30.9,32.9,20.9,1,0.49999999999999994,-0.8660254037844387,0.545240438540651,-0.8382797052177744,1,0,1,1
2020-05-29,2020,5,32.4,20.6,11.799999999999997,4.0,4.2,6.0,145.0,372.0,50.7,86.09999999999998,32.96666666666666,21.2,11.766666666666666,19.8,32.6,20.8,1,0.49999999999999994,-0.8660254037844387,0.5307300481619334,-0.8475409228928311,1,0,1,1
2020-05-30,2020,5,32.6,20.2,12.400000000000002,4.0,24.4,2.6,350.0,354.0,54.9,90.29999999999998,32.63333333333333,20.76666666666667,11.866666666666665,4.2,32.4,20.6,1,0.49999999999999994,-0.8660254037844387,0.5160623910158528,-0.8565509959010036,1,0,1,1
2020-05-31,2020,5,31.1,22.4,8.700000000000003,2.0,0.2,5.0,5.0,264.0,48.4,114.69999999999999,32.53333333333333,20.533333333333335,12.0,24.4,32.6,20.2,1,0.49999999999999994,-0.8660254037844387,0.5012418134457758,-0.865307254363206,1,0,1,0
2020-06-01,2020,6,32.8,22.4,10.399999999999999,4.0,0.0,5.0,216.0,378.0,28.799999999999997,114.89999999999998,32.03333333333333,21.066666666666666,10.966666666666669,0.2,31.1,22.4,0,1.2246467991473532e-16,-1.0,0.48627270710869,-0.8738071036110808,2,0,0,1
2020-06-02,2020,6,32.0,22.0,10.0,5.0,0.0,5.8,2.0,378.0,24.599999999999998,79.49999999999997,32.166666666666664,21.666666666666668,10.500000000000002,0.0,32.8,22.4,1,1.2246467991473532e-16,-1.0,0.4711595076738638,-0.8820480249558537,2,0,0,0
2020-06-03,2020,6,28.8,21.2,7.600000000000001,6.0,0.0,5.3,0.0,48.0,0.2,79.49999999999997,31.96666666666667,22.266666666666666,9.700000000000001,0.0,32.0,22.0,0,1.2246467991473532e-16,-1.0,0.4559066935084588,-0.8900275764346767,2,0,0,0
2020-06-04,2020,6,29.4,21.8,7.599999999999998,7.0,0.0,5.2,0.0,300.0,0.0,48.59999999999999,31.200000000000003,21.866666666666664,9.333333333333334,0.0,28.8,21.2,0,1.2246467991473532e-16,-1.0,0.440518784350495,-0.8977433935342337,2,0,0,0
2020-06-05,2020,6,29.3,21.6,7.699999999999999,5.0,0.0,6.0,0.0,294.0,0.0,28.799999999999983,30.066666666666666,21.666666666666668,8.4,0.0,29.4,21.8,0,1.2246467991473532e-16,-1.0,0.42500033996955416,-0.9051931898913974,2,0,0,0
2020-06-06,2020,6,31.4,21.6,9.799999999999997,5.0,0.0,7.0,5.0,594.0,0.0,24.599999999999984,29.166666666666668,21.53333333333333,7.633333333333333,0.0,29.3,21.6,0,1.2246467991473532e-16,-1.0,0.4093559588156213,-0.9123747579707273,2,0,0,1
2020-06-07,2020,6,30.4,20.8,9.599999999999998,4.0,20.2,4.4,405.0,354.0,0.0,0.1999999999999858,30.03333333333333,21.666666666666668,8.366666666666665,0.0,31.4,21.6,1,1.2246467991473532e-16,-1.0,0.39359027665646673,-0.9192859697186104,2,0,1,0
2020-06-08,2020,6,29.4,21.2,8.2,5.0,0.0,2.0,0.0,156.0,20.2,20.199999999999985,30.366666666666664,21.333333333333332,9.033333333333331,20.2,30.4,20.8,0,1.2246467991473532e-16,-1.0,0.3777079652039649,-0.9259247771938498,2,0,0,0
2020-06-09,2020,6,32.5,21.6,10.899999999999999,5.0,0.0,5.5,0.0,491.0,20.2,20.199999999999985,30.399999999999995,21.2,9.199999999999998,0.0,29.4,21.2,0,1.2246467991473532e-16,-1.0,0.36171373072976765,-0.9322892131745133,2,0,0,0
2020-06-10,2020,6,30.0,21.6,8.399999999999999,5.0,0.0,5.8,0.0,42.0,20.2,20.199999999999985,30.766666666666666,21.200000000000003,9.566666666666665,0.0,32.5,21.6,0,1.2246467991473532e-16,-1.0,0.3456123126707335,-0.9383773917408641,2,0,0,0
2020-06-11,2020,6,30.5,21.5,9.0,6.0,1.0,1.0,118.0,144.0,0.0,20.199999999999985,30.633333333333336,21.46666666666667,9.166666666666666,0.0,30.0,21.6,0,1.2246467991473532e-16,-1.0,0.3294084822245304,-0.9441875088341993,2,0,1,0
2020-06-12,2020,6,27.6,19.8,7.800000000000001,6.0,20.6,15.1,0.0,0.0,1.0,21.199999999999985,31.0,21.566666666666666,9.433333333333332,1.0,30.5,21.5,0,1.2246467991473532e-16,-1.0,0.3131070409358269,-0.9497178427914316,2,0,1,0
2020-06-13,2020,6,26.8,20.0,6.800000000000001,7.0,0.0,5.3,0.0,0.0,21.6,41.79999999999998,29.366666666666664,20.96666666666667,8.4,20.6,27.6,19.8,0,1.2246467991473532e-16,-1.0,0.29671281927349075,-0.9549667548552551,2,0,0,0
2020-06-14,2020,6,27.8,21.0,6.800000000000001,6.0,1.8,0.5,30.0,216.0,21.6,41.79999999999998,28.3,20.433333333333334,7.866666666666667,0.0,26.8,20.0,0,1.2246467991473532e-16,-1.0,0.2802306751992159,-0.9599326896597447,2,0,1,0
2020-06-15,2020,6,28.9,21.2,7.699999999999999,8.0,0.0,6.0,0.0,252.0,22.400000000000002,23.399999999999988,27.400000000000002,20.266666666666666,7.133333333333334,1.8,27.8,21.0,0,1.2246467991473532e-16,-1.0,0.26366549272800704,-0.9646141756912435,2,0,0,0
2020-06-16,2020,6,29.0,21.6,7.399999999999999,7.0,0.0,5.2,0.0,180.0,1.8,23.399999999999988,27.833333333333332,20.733333333333334,7.1000000000000005,0.0,28.9,21.2,0,1.2246467991473532e-16,-1.0,0.24702218048093552,-0.9690098257244062,2,0,0,0
2020-06-17,2020,6,28.0,21.4,6.600000000000001,7.0,0.0,5.5,103.0,0.0,1.8,23.399999999999988,28.566666666666666,21.266666666666666,7.3,0.0,29.0,21.6,0,1.2246467991473532e-16,-1.0,0.23030567023061221,-0.9731183372332619,2,0,0,0
2020-06-18,2020,6,27.2,20.6,6.599999999999998,7.0,0.0,5.8,45.0,0.0,0.0,23.399999999999988,28.633333333333336,21.400000000000002,7.233333333333333,0.0,28.0,21.4,0,1.2246467991473532e-16,-1.0,0.21352091543979612,-0.9769384927771817,2,0,0,0
2020-06-19,2020,6,27.0,20.7,6.300000000000001,6.0,0.0,5.7,25.0,0.0,0.0,22.399999999999988,28.066666666666666,21.2,6.866666666666666,0.0,27.2,20.6,0,1.2246467991473532e-16,-1.0,0.19667288979357647,-0.980469160361632,2,0,0,0
2020-06-20,2020,6,29.6,21.2,8.400000000000002,5.0,0.0,5.0,55.0,270.0,0.0,1.7999999999999858,27.400000000000002,20.900000000000002,6.5,0.0,27.0,20.7,0,1.2246467991473532e-16,-1.0,0.1797665857255624,-0.9837092937736097,2,0,0,0
2020-06-21,2020,6,30.3,21.1,9.2,7.0,0.0,6.0,20.0,198.0,0.0,1.7999999999999858,27.933333333333334,20.833333333333332,7.1000000000000005,0.0,29.6,21.2,0,1.2246467991473532e-16,-1.0,0.16280701293851715,-0.986657932891657,2,0,0,0
2020-06-22,2020,6,28.4,21.0,7.399999999999999,6.0,0.2,5.5,20.0,12.0,0.0,0.0,28.96666666666667,21.0,7.966666666666668,0.0,30.3,21.1,0,1.2246467991473532e-16,-1.0,0.1457991969198751,-0.9893142039703663,2,0,1,0
2020-06-23,2020,6,29.5,20.6,8.899999999999999,6.0,2.4,4.2,5.0,216.0,0.2,0.1999999999999858,29.433333333333334,21.099999999999998,8.333333333333334,0.2,28.4,21.0,0,1.2246467991473532e-16,-1.0,0.12874817745258132,-0.99167731989929,2,0,1,0
2020-06-24,2020,6,30.4,21.4,9.0,5.0,4.6,4.0,515.0,258.0,2.6,2.599999999999986,29.400000000000002,20.900000000000002,8.499999999999998,2.4,29.5,20.6,0,1.2246467991473532e-16,-1.0,0.11165900712169512,-0.993746580436178,2,0,1,1
2020-06-25,2020,6,31.4,20.8,10.599999999999998,4.0,22.0,15.0,761.0,348.0,7.199999999999999,7.199999999999985,29.433333333333334,21.0,8.433333333333332,4.6,30.4,21.4,1,1.2246467991473532e-16,-1.0,0.09453674981719912,-0.9955213724144752,2,0,1,1
2020-06-26,2020,6,30.4,20.4,10.0,3.0,39.6,35.0,595.0,245.0,29.0,29.199999999999985,30.433333333333334,20.933333333333334,9.499999999999998,22.0,31.4,20.8,1,1.2246467991473532e-16,-1.0,0.07738647923346301,-0.9970011699250151,2,0,1,1
2020-06-27,2020,6,29.2,21.0,8.2,4.0,0.0,5.0,0.0,174.0,66.2,68.79999999999998,30.73333333333333,20.866666666666667,9.866666666666665,39.6,30.4,20.4,1,1.2246467991473532e-16,-1.0,0.06021327736579302,-0.9981855344718586,2,0,0,0
2020-06-29,2020,6,30.0,22.1,7.899999999999999,3.0,0.0,6.5,0.0,168.0,61.6,68.79999999999998,30.333333333333332,20.733333333333334,9.6,0.0,29.2,21.0,0,1.2246467991473532e-16,-1.0,0.02581844022713308,-0.9996666485105112,2,0,0,0
2020-06-30,2020,6,28.8,21.4,7.400000000000002,4.0,1.2,4.2,168.0,48.0,39.6,68.79999999999998,29.866666666666664,21.166666666666668,8.7,0.0,30.0,22.1,0,1.2246467991473532e-16,-1.0,0.008606996888688698,-0.9999629591162655,2,0,1,0
2020-07-01,2020,7,29.4,21.2,8.2,5.0,0.0,3.5,10.0,0.0,1.2,69.79999999999998,29.333333333333332,21.5,7.833333333333333,1.2,28.8,21.4,0,-0.4999999999999997,-0.8660254037844388,-0.008606996888688009,-0.9999629591162655,2,0,0,0
2020-07-02,2020,7,28.4,21.4,7.0,6.0,0.0,35.0,0.0,192.0,1.2,67.39999999999999,29.399999999999995,21.566666666666666,7.833333333333333,0.0,29.4,21.2,0,-0.4999999999999997,-0.8660254037844388,-0.02581844022713239,-0.9996666485105112,2,0,0,0
2020-07-03,2020,7,28.4,20.8,7.599999999999998,6.0,11.3,4.8,10.0,132.0,1.2,62.79999999999999,28.866666666666664,21.333333333333332,7.533333333333334,0.0,28.4,21.4,0,-0.4999999999999997,-0.8660254037844388,-0.04302223300453034,-0.99907411510223,2,0,1,0
2020-07-04,2020,7,28.4,20.0,8.399999999999999,6.0,8.4,4.8,10.0,12.0,11.3,52.099999999999994,28.9,21.133333333333333,7.6,11.3,,20.8,0,-0.4999999999999997,-0.8660254037844388,-0.060213277365792774,-0.9981855344718586,2,0,1,0
2020-07-05,2020,7,27.2,21.0,6.199999999999999,6.0,0.0,35.0,10.0,0.0,19.700000000000003,20.899999999999984,28.4,20.733333333333334,7.699999999999999,8.4,28.4,20.0,0,-0.4999999999999997,-0.8660254037844388,-0.07738647923346322,-0.9970011699250151,2,0,0,0
2020-07-06,2020,7,27.6,20.6,7.0,6.0,0.6,1.3,10.0,30.0,19.700000000000003,20.899999999999984,27.799999999999997,20.599999999999998,7.299999999999999,0.0,27.2,21.0,0,-0.4999999999999997,-0.8660254037844388,-0.09453674981719933,-0.9955213724144752,2,0,1,0
2020-07-07,2020,7,27.0,20.8,6.199999999999999,6.0,0.0,58.0,0.0,0.0,9.0,21.499999999999986,27.733333333333334,20.533333333333335,7.199999999999999,0.6,27.6,20.6,0,-0.4999999999999997,-0.8660254037844388,-0.11165900712169444,-0.9937465804361781,2,0,0,0
2020-07-08,2020,7,28.6,20.6,8.0,6.0,7.4,0.5,10.0,150.0,0.6,20.299999999999986,27.266666666666666,20.8,6.466666666666666,0.0,27.0,20.8,0,-0.4999999999999997,-0.8660254037844388,-0.12874817745258066,-0.99167731989929,2,0,1,1
2020-07-09,2020,7,28.8,20.2,8.600000000000001,6.0,24.3,4.8,10.0,132.0,8.0,27.69999999999999,27.733333333333334,20.666666666666668,7.066666666666666,7.4,28.6,20.6,1,-0.4999999999999997,-0.8660254037844388,-0.14579919691987442,-0.9893142039703664,2,0,1,0
2020-07-10,2020,7,26.9,20.6,6.299999999999997,6.0,29.1,4.8,10.0,132.0,31.700000000000003,51.999999999999986,28.133333333333336,20.533333333333335,7.6000000000000005,24.3,28.8,20.2,0,-0.4999999999999997,-0.8660254037844388,-0.16280701293851646,-0.9866579328916572,2,0,1,0
2020-07-11,2020,7,29.4,21.0,8.399999999999999,6.0,0.4,4.8,10.0,132.0,60.8,69.79999999999998,28.100000000000005,20.466666666666665,7.633333333333333,29.1,26.9,20.6,0,-0.4999999999999997,-0.8660254037844388,-0.17976658572556214,-0.9837092937736098,2,0,1,0
2020-07-12,2020,7,29.3,21.0,8.3,6.0,0.2,4.8,10.0,132.0,53.800000000000004,61.79999999999998,28.366666666666664,20.599999999999998,7.766666666666666,0.4,29.4,21.0,0,-0.4999999999999997,-0.8660254037844388,-0.19667288979357622,-0.9804691603616321,2,0,1,0
2020-07-13,2020,7,29.3,21.5,7.800000000000001,5.0,0.0,2.8,10.0,132.0,29.7,61.999999999999986,28.53333333333333,20.866666666666667,7.666666666666665,0.2,29.3,21.0,0,-0.4999999999999997,-0.8660254037844388,-0.2135209154397959,-0.9769384927771817,2,0,0,0
2020-07-14,2020,7,26.2,21.4,4.800000000000001,6.0,0.0,4.8,10.0,132.0,0.5999999999999965,61.399999999999984,29.333333333333332,21.166666666666668,8.166666666666666,0.0,29.3,21.5,0,-0.4999999999999997,-0.8660254037844388,-0.23030567023061196,-0.973118337233262,2,0,0,0
2020-07-15,2020,7,26.0,21.3,4.699999999999999,6.0,0.0,4.8,10.0,132.0,0.19999999999999646,61.399999999999984,28.266666666666666,21.3,6.966666666666668,0.0,26.2,21.4,0,-0.4999999999999997,-0.8660254037844388,-0.24702218048093527,-0.9690098257244063,2,0,0,0
2020-07-16,2020,7,25.2,20.6,4.599999999999998,6.0,6.7,4.8,10.0,132.0,0.0,53.999999999999986,27.166666666666668,21.400000000000002,5.766666666666667,0.0,26.0,21.3,0,-0.4999999999999997,-0.8660254037844388,-0.2636654927280072,-0.9646141756912435,2,0,1,0
2020-07-17,2020,7,25.4,20.4,5.0,6.0,11.0,4.8,10.0,132.0,6.699999999999997,36.399999999999984,25.8,21.099999999999998,4.699999999999999,6.7,25.2,20.6,0,-0.4999999999999997,-0.8660254037844388,-0.2802306751992161,-0.9599326896597445,2,0,1,0
2020-07-18,2020,7,27.3,20.9,6.400000000000002,6.0,0.0,4.8,10.0,132.0,17.699999999999996,18.299999999999986,25.53333333333333,20.766666666666666,4.766666666666666,11.0,25.4,20.4,0,-0.4999999999999997,-0.8660254037844388,-0.2967128192734901,-0.9549667548552553,2,0,0,0
2020-07-19,2020,7,29.6,21.4,8.200000000000003,6.0,0.8,4.8,10.0,132.0,17.699999999999996,17.899999999999988,25.966666666666665,20.633333333333336,5.333333333333333,0.0,27.3,20.9,0,-0.4999999999999997,-0.8660254037844388,-0.3131070409358267,-0.9497178427914317,2,0,1,0
2020-07-20,2020,7,29.6,21.0,8.600000000000001,6.0,11.1,4.8,10.0,132.0,11.799999999999997,18.499999999999986,27.433333333333334,20.899999999999995,6.533333333333335,0.8,29.6,21.4,0,-0.4999999999999997,-0.8660254037844388,-0.3294084822245302,-0.9441875088341994,2,0,1,0
2020-07-21,2020,7,30.4,19.0,11.399999999999999,6.0,24.2,4.8,10.0,132.0,11.899999999999997,29.599999999999987,28.833333333333332,21.099999999999998,7.733333333333335,11.1,29.6,21.0,0,-0.4999999999999997,-0.8660254037844388,-0.3456123126707333,-0.9383773917408642,2,0,1,0
2020-07-22,2020,7,30.4,22.0,8.399999999999999,2.0,0.0,4.8,10.0,132.0,36.099999999999994,53.79999999999998,29.86666666666667,20.466666666666665,9.4,24.2,30.4,19.0,0,-0.4999999999999997,-0.8660254037844388,-0.3617137307297674,-0.9322892131745134,2,0,0,0
2020-07-23,2020,7,30.8,22.5,8.3,6.0,0.0,4.8,10.0,132.0,35.3,53.79999999999998,30.13333333333333,20.666666666666668,9.466666666666667,0.0,30.4,22.0,0,-0.4999999999999997,-0.8660254037844388,-0.37770796520396466,-0.9259247771938499,2,0,0,0
2020-07-24,2020,7,27.2,21.5,5.699999999999999,6.0,4.4,4.8,10.0,132.0,24.2,47.09999999999999,30.53333333333333,21.166666666666668,9.366666666666665,0.0,30.8,22.5,0,-0.4999999999999997,-0.8660254037844388,-0.39359027665646645,-0.9192859697186105,2,0,1,0
2020-07-25,2020,7,29.4,20.5,8.899999999999999,6.0,0.0,4.8,10.0,132.0,4.399999999999997,40.49999999999998,29.466666666666665,22.0,7.466666666666666,4.4,27.2,21.5,0,-0.4999999999999997,-0.8660254037844388,-0.4093559588156211,-0.9123747579707274,2,0,0,0
2020-07-26,2020,7,27.6,20.4,7.200000000000003,6.0,4.0,4.8,10.0,132.0,4.399999999999997,40.499999999999986,29.133333333333336,21.5,7.633333333333333,0.0,29.4,20.5,0,-0.4999999999999997,-0.8660254037844388,-0.42500033996955394,-0.9051931898913975,2,0,1,0
2020-07-27,2020,7,29.0,20.4,8.600000000000001,6.0,0.0,4.8,10.0,132.0,8.399999999999997,43.69999999999998,28.066666666666666,20.8,7.266666666666667,4.0,27.6,20.4,0,-0.4999999999999997,-0.8660254037844388,-0.4405187843504952,-0.8977433935342336,2,0,0,0
2020-07-28,2020,7,29.5,20.6,8.899999999999999,6.0,2.2,4.8,10.0,132.0,3.9999999999999964,32.59999999999998,28.666666666666668,20.433333333333334,8.233333333333334,0.0,29.0,20.4,0,-0.4999999999999997,-0.8660254037844388,-0.455906693508459,-0.8900275764346766,2,0,1,0
2020-07-29,2020,7,26.6,21.2,5.400000000000002,6.0,7.9,4.8,10.0,132.0,6.199999999999997,10.599999999999987,28.700000000000003,20.46666666666667,8.233333333333334,2.2,29.5,20.6,0,-0.4999999999999997,-0.8660254037844388,-0.47115950767386394,-0.8820480249558535,2,0,1,0
2020-07-30,2020,7,26.0,20.2,5.800000000000001,3.0,1.2,4.8,10.0,132.0,10.099999999999998,18.499999999999986,28.366666666666664,20.73333333333333,7.633333333333334,7.9,26.6,21.2,0,-0.4999999999999997,-0.8660254037844388,-0.4862727071086902,-0.8738071036110807,2,0,1,0
2020-07-31,2020,7,28.6,21.4,7.200000000000003,4.0,4.0,40.0,10.0,132.0,11.299999999999997,19.699999999999985,27.366666666666664,20.666666666666668,6.7,1.2,26.0,20.2,0,-0.4999999999999997,-0.8660254037844388,-0.5012418134457756,-0.8653072543632061,2,0,1,0
2020-08-01,2020,8,28.0,20.4,7.600000000000001,5.0,2.0,5.0,15.0,216.0,13.099999999999998,19.299999999999986,27.066666666666666,20.933333333333334,6.1333333333333355,4.0,28.6,21.4,0,-0.8660254037844384,-0.5000000000000004,-0.5160623910158526,-0.8565509959010037,2,0,1,0
2020-08-02,2020,8,28.0,20.8,7.199999999999999,6.0,3.2,1.2,32.0,0.0,7.199999999999997,21.299999999999986,27.533333333333335,20.666666666666668,6.866666666666668,2.0,28.0,20.4,0,-0.8660254037844384,-0.5000000000000004,-0.5307300481619331,-0.8475409228928312,2,0,1,0
2020-08-03,2020,8,27.8,20.4,7.400000000000002,7.0,2.5,35.0,15.0,288.0,9.199999999999996,20.499999999999986,28.200000000000003,20.866666666666664,7.333333333333335,3.2,28.0,20.8,0,-0.8660254037844384,-0.5000000000000004,-0.5452404385406507,-0.8382797052177745,2,0,1,0
2020-08-04,2020,8,24.4,21.0,3.3999999999999986,5.0,1.4,5.0,15.0,216.0,7.699999999999997,22.999999999999986,27.933333333333334,20.533333333333335,7.400000000000001,2.5,27.8,20.4,0,-0.8660254037844384,-0.5000000000000004,-0.5595892624101763,-0.828770087174504,2,0,1,0
2020-08-05,2020,8,25.6,19.8,5.800000000000001,5.0,1.7,5.0,15.0,216.0,7.099999999999996,22.19999999999999,26.73333333333333,20.733333333333334,6.0,1.4,24.4,21.0,0,-0.8660254037844384,-0.5000000000000004,-0.5737722679043243,-0.8190148866680802,2,0,1,0
2020-08-06,2020,8,27.8,20.8,7.0,5.0,2.9,5.0,15.0,216.0,5.599999999999996,15.999999999999986,25.933333333333334,20.400000000000002,5.533333333333334,1.7,25.6,19.8,0,-0.8660254037844384,-0.5000000000000004,-0.5877852522924734,-0.8090169943749472,2,0,1,0
2020-08-07,2020,8,27.8,21.4,6.400000000000002,7.0,1.3,48.0,15.0,60.0,5.9999999999999964,17.699999999999985,25.933333333333334,20.533333333333335,5.3999999999999995,2.9,27.8,20.8,0,-0.8660254037844384,-0.5000000000000004,-0.6016240632249227,-0.7987793728863648,2,0,1,0
2020-08-08,2020,8,27.8,21.3,6.5,5.0,0.0,5.0,15.0,216.0,5.899999999999996,14.999999999999986,27.066666666666666,20.666666666666668,6.400000000000001,1.3,27.8,21.4,0,-0.8660254037844384,-0.5000000000000004,-0.6152845999633277,-0.7883050558305253,2,0,0,0
2020-08-09,2020,8,26.0,20.2,5.800000000000001,5.0,2.3,5.0,15.0,216.0,4.199999999999997,12.999999999999986,27.8,21.166666666666668,6.700000000000001,0.0,,21.3,0,-0.8660254037844384,-0.5000000000000004,-0.6287628145958345,-0.7775971469736268,2,0,1,0
2020-08-10,2020,8,26.0,19.5,6.5,6.0,12.2,2.2,15.0,216.0,3.599999999999996,12.099999999999987,26.9,20.966666666666665,6.100000000000001,2.3,26.0,20.2,0,-0.8660254037844384,-0.5000000000000004,-0.6420547132365636,-0.7666588193001592,2,0,1,0
2020-08-11,2020,8,24.4,20.6,3.799999999999997,5.0,0.0,22.0,15.0,0.0,14.499999999999996,21.799999999999986,26.0,20.333333333333332,6.15,12.2,26.0,19.5,0,-0.8660254037844384,-0.5000000000000004,-0.655156357209085,-0.7554933140726804,2,0,0,0
2020-08-12,2020,8,28.0,20.6,7.399999999999999,5.0,5.0,50.0,15.0,84.0,14.499999999999996,20.399999999999984,25.46666666666667,20.1,5.366666666666666,0.0,24.4,20.6,0,-0.8660254037844384,-0.5000000000000004,-0.6680638642135333,-0.7441039398713608,2,0,1,0
2020-08-13,2020,8,26.6,20.6,6.0,6.0,0.0,5.2,15.0,216.0,17.199999999999996,23.699999999999985,26.133333333333336,20.233333333333334,5.899999999999999,5.0,28.0,20.6,0,-0.8660254037844384,-0.5000000000000004,-0.680773409477016,-0.732494071613579,2,0,0,0
2020-08-14,2020,8,28.0,20.2,7.800000000000001,6.0,0.0,5.0,15.0,216.0,4.9999999999999964,20.799999999999986,26.333333333333332,20.6,5.733333333333332,0.0,26.6,20.6,0,-0.8660254037844384,-0.5000000000000004,-0.6932812268869771,-0.7206671495538615,2,0,0,0
2020-08-15,2020,8,25.4,20.4,5.0,6.0,0.0,5.0,15.0,0.0,4.9999999999999964,19.499999999999986,27.53333333333333,20.46666666666667,7.066666666666666,0.0,28.0,20.2,0,-0.8660254037844384,-0.5000000000000004,-0.7055836101071774,-0.70862667826446,2,0,0,0
2020-08-16,2020,8,25.6,20.0,5.600000000000001,6.0,0.0,20.0,15.0,0.0,0.0,19.499999999999986,26.666666666666668,20.400000000000002,6.266666666666667,0.0,25.4,20.4,0,-0.8660254037844384,-0.5000000000000004,-0.7176769136759615,-0.6963762255968726,2,0,0,0
2020-08-17,2020,8,23.1,20.2,2.900000000000002,6.0,0.2,5.0,15.0,216.0,0.0,17.199999999999985,26.333333333333332,20.2,6.133333333333334,0.0,25.6,20.0,0,-0.8660254037844384,-0.5000000000000004,-0.7295575540864876,-0.6839194216246105,2,0,1,0
2020-08-18,2020,8,26.2,20.6,5.599999999999998,5.0,1.1,3.1,15.0,216.0,0.19999999999999646,5.199999999999986,24.7,20.2,4.500000000000001,0.2,23.1,20.2,0,-0.8660254037844384,-0.5000000000000004,-0.7412220108485957,-0.6712599575675315,2,0,1,0
2020-08-19,2020,8,26.4,20.4,6.0,5.0,0.0,63.0,15.0,120.0,1.2999999999999965,6.299999999999986,24.96666666666667,20.26666666666667,4.7,1.1,26.2,20.6,0,-0.8660254037844384,-0.5000000000000004,-0.7526668275320083,-0.6584015846980489,2,0,0,0
2020-08-20,2020,8,26.8,20.6,6.199999999999999,5.0,0.0,55.0,15.0,6.0,1.2999999999999965,1.2999999999999858,25.233333333333334,20.4,4.833333333333333,0.0,26.4,20.4,0,-0.8660254037844384,-0.5000000000000004,-0.7638886127905429,-0.64534811322955,2,0,0,0
2020-08-21,2020,8,25.8,20.9,4.900000000000002,5.0,0.0,5.0,15.0,216.0,1.0999999999999965,1.2999999999999858,26.46666666666667,20.533333333333335,5.933333333333333,0.0,26.8,20.6,0,-0.8660254037844384,-0.5000000000000004,-0.7748840413670406,-0.6321034111873488,2,0,0,0
2020-08-22,2020,8,28.0,20.6,7.399999999999999,5.0,0.0,58.0,15.0,78.0,0.0,1.2999999999999858,26.333333333333332,20.633333333333333,5.7,0.0,25.8,20.9,0,-0.8660254037844384,-0.5000000000000004,-0.7856498550787144,-0.6186714032625032,2,0,0,0
2020-08-23,2020,8,29.2,21.0,8.2,4.0,15.4,20.0,15.0,222.0,0.0,1.2999999999999858,26.86666666666667,20.7,6.166666666666667,0.0,28.0,20.6,0,-0.8660254037844384,-0.5000000000000004,-0.7961828637826154,-0.6050560696488494,2,0,1,0
2020-08-24,2020,8,28.4,20.9,7.5,5.0,2.1,5.0,15.0,216.0,15.399999999999997,16.699999999999985,27.666666666666668,20.833333333333332,6.833333333333333,15.4,29.2,21.0,0,-0.8660254037844384,-0.5000000000000004,-0.8064799463209447,-0.5912614448635783,2,0,1,0
2020-08-25,2020,8,30.2,20.5,9.7,5.0,0.0,5.0,15.0,216.0,17.499999999999996,18.599999999999987,28.53333333333333,20.833333333333332,7.699999999999999,2.1,28.4,20.9,0,-0.8660254037844384,-0.5000000000000004,-0.8165380514459157,-0.5772916165517278,2,0,0,0
2020-08-26,2020,8,30.0,22.0,8.0,5.0,0.0,5.0,15.0,216.0,17.499999999999996,17.499999999999986,29.266666666666666,20.8,8.466666666666667,0.0,30.2,20.5,0,-0.8660254037844384,-0.5000000000000004,-0.8263541987239094,-0.5631507242749189,2,0,0,0
2020-08-27,2020,8,29.0,21.2,7.800000000000001,5.0,0.0,5.0,15.0,216.0,2.0999999999999965,17.499999999999986,29.53333333333333,21.133333333333333,8.4,0.0,30.0,22.0,0,-0.8660254037844384,-0.5000000000000004,-0.8359254794186365,-0.5488429582847199,2,0,0,0
2020-08-28,2020,8,30.8,20.4,10.400000000000002,5.0,0.0,5.0,15.0,216.0,0.0,17.499999999999986,29.733333333333334,21.233333333333334,8.5,0.0,29.0,21.2,0,-0.8660254037844384,-0.5000000000000004,-0.8452490573530633,-0.5343725582809785,2,0,0,0
2020-08-29,2020,8,31.0,20.8,10.2,5.0,0.0,5.0,15.0,216.0,0.0,17.499999999999986,29.933333333333334,21.2,8.733333333333334,0.0,30.8,20.4,0,-0.8660254037844384,-0.5000000000000004,-0.8543221697498269,-0.5197438121555157,2,0,0,0
2020-08-30,2020,8,31.0,21.6,9.399999999999999,5.0,0.0,58.0,15.0,522.0,0.0,17.499999999999986,30.266666666666666,20.8,9.466666666666667,0.0,31.0,20.8,0,-0.8660254037844384,-0.5000000000000004,-0.8631421280499115,-0.5049610547215202,2,0,0,0
2020-08-31,2020,8,31.6,19.4,12.200000000000003,4.0,22.6,28.0,300.0,570.0,0.0,2.099999999999986,30.933333333333334,20.933333333333334,10.0,0.0,31.0,21.6,0,-0.8660254037844384,-0.5000000000000004,-0.8717063187093217,-0.4900286664290594,2,0,1,1
2020-09-01,2020,9,29.8,20.0,9.8,4.0,18.7,50.0,11.0,288.0,22.599999999999998,22.599999999999987,31.2,20.6,10.6,22.6,31.6,19.4,1,-1.0,-1.8369701987210297e-16,-0.8800122039735356,-0.4749510720670502,2,0,1,0
2020-09-02,2020,9,28.4,20.6,7.799999999999997,3.0,2.1,6.1,11.0,126.0,41.3,41.29999999999998,30.8,20.333333333333332,10.466666666666667,18.7,29.8,20.0,0,-1.0,-1.8369701987210297e-16,-0.888057322629493,-0.4597327394521046,2,0,1,1
2020-09-03,2020,9,27.0,20.5,6.5,2.0,29.8,2.4,11.0,201.0,43.4,43.399999999999984,29.933333333333334,20.0,9.933333333333334,2.1,28.4,20.6,1,-1.0,-1.8369701987210297e-16,-0.8958392907349089,-0.4443781781046134,2,0,1,0
2020-09-05,2020,9,29.2,22.4,6.800000000000001,2.0,0.0,58.0,11.0,201.0,50.599999999999994,73.19999999999999,28.400000000000002,20.366666666666667,8.033333333333333,29.8,27.0,20.5,0,-1.0,-1.8369701987210297e-16,-0.9106046300942162,-0.41327860778290443,2,0,0,0
2020-09-06,2020,9,29.2,22.2,7.0,2.0,0.0,4.8,11.0,78.0,31.9,73.19999999999999,28.2,21.166666666666668,7.033333333333332,0.0,29.2,22.4,0,-1.0,-1.8369701987210297e-16,-0.9175836260593934,-0.3975428142825566,2,0,0,0
2020-09-07,2020,9,30.5,20.5,10.0,4.0,0.0,30.0,11.0,201.0,29.799999999999997,73.19999999999999,28.466666666666665,21.7,6.766666666666667,0.0,29.2,22.2,0,-1.0,-1.8369701987210297e-16,-0.9242907221930934,-0.3816892202666586,2,0,0,0
2020-09-08,2020,9,29.8,21.2,8.600000000000001,5.0,2.0,6.0,11.0,486.0,0.0,73.19999999999999,29.63333333333333,21.7,7.933333333333334,0.0,30.5,20.5,0,-1.0,-1.8369701987210297e-16,-0.9307239310379793,-0.3657225234972692,2,0,1,1
2020-09-09,2020,9,30.2,20.7,9.5,3.0,61.0,5.2,11.0,282.0,1.9999999999999964,52.59999999999999,29.833333333333332,21.3,8.533333333333333,2.0,29.8,21.2,1,-1.0,-1.8369701987210297e-16,-0.9368813462954315,-0.34964745525122826,2,0,1,1
2020-09-10,2020,9,30.6,20.4,10.200000000000003,5.0,63.2,56.6,11.0,180.0,63.0,94.89999999999999,30.166666666666668,20.8,9.366666666666667,61.0,30.2,20.7,1,-1.0,-1.8369701987210297e-16,-0.9427611433904206,-0.33346877891818705,2,0,1,0
2020-09-11,2020,9,27.6,19.9,7.700000000000003,7.0,0.0,50.0,11.0,201.0,126.2,156.0,30.2,20.766666666666666,9.433333333333335,63.2,30.6,20.4,0,-1.0,-1.8369701987210297e-16,-0.9483615800121716,-0.31719128858910595,2,0,0,0
2020-09-12,2020,9,25.8,20.2,5.600000000000001,7.0,1.2,50.0,95.0,18.0,124.2,126.19999999999999,29.46666666666667,20.333333333333332,9.133333333333335,0.0,27.6,19.9,0,-1.0,-1.8369701987210297e-16,-0.9536809966304455,-0.300819807635668,2,0,1,0
2020-09-13,2020,9,25.5,19.7,5.800000000000001,5.0,17.6,5.0,11.0,6.0,64.4,127.39999999999999,28.0,20.166666666666664,7.833333333333336,1.2,25.8,20.2,0,-1.0,-1.8369701987210297e-16,-0.9587178169872964,-0.2843591872810036,2,0,1,0
2020-09-14,2020,9,25.4,20.4,5.0,5.0,1.0,5.0,11.0,0.0,18.8,145.0,26.3,19.933333333333334,6.366666666666668,17.6,25.5,19.7,0,-1.0,-1.8369701987210297e-16,-0.9634705485641486,-0.26781430516217486,2,0,1,0
2020-09-15,2020,9,26.5,20.2,6.300000000000001,5.0,0.0,48.0,11.0,0.0,19.8,146.0,25.566666666666663,20.099999999999998,5.466666666666668,1.0,25.4,20.4,0,-1.0,-1.8369701987210297e-16,-0.9679377830240641,-0.25119006388481957,2,0,0,0
2020-09-16,2020,9,26.2,20.2,6.0,5.0,0.2,53.0,15.0,102.0,18.6,144.0,25.8,20.099999999999998,5.7,0.0,26.5,20.2,0,-1.0,-1.8369701987210297e-16,-0.9721181966290612,-0.23449138957041052,2,0,1,0
2020-09-17,2020,9,27.0,21.0,6.0,5.0,0.0,5.6,11.0,201.0,1.2,83.19999999999999,26.03333333333333,20.266666666666666,5.766666666666667,0.2,26.2,20.2,0,-1.0,-1.8369701987210297e-16,-0.9760105506323682,-0.21772323039653224,2,0,0,0
2020-09-18,2020,9,28.2,21.0,7.199999999999999,5.0,0.2,5.8,11.0,180.0,0.2,19.999999999999986,26.566666666666666,20.46666666666667,6.1000000000000005,0.0,27.0,21.0,0,-1.0,-1.8369701987210297e-16,-0.9796136916454901,-0.20089055513063528,2,0,1,0
2020-09-19,2020,9,28.4,20.9,7.5,7.0,0.0,50.0,11.0,204.0,0.4,20.199999999999985,27.133333333333336,20.733333333333334,6.3999999999999995,0.2,28.2,21.0,0,-1.0,-1.8369701987210297e-16,-0.9829265519799822,-0.18399835165767986,2,0,0,0
2020-09-20,2020,9,25.8,20.0,5.800000000000001,6.0,20.8,35.0,11.0,201.0,0.2,18.999999999999986,27.866666666666664,20.966666666666665,6.8999999999999995,0.0,28.4,20.9,0,-1.0,-1.8369701987210297e-16,-0.9859481499638303,-0.1670516255021195,2,0,1,0
2020-09-21,2020,9,22.1,19.0,3.1000000000000014,7.0,11.4,52.0,45.0,0.0,21.0,22.199999999999985,27.466666666666665,20.63333333333333,6.833333333333333,20.8,25.8,20.0,0,-1.0,-1.8369701987210297e-16,-0.9886775902323404,-0.15005539834465262,2,0,1,0
2020-09-22,2020,9,26.6,20.0,6.600000000000001,8.0,0.1,5.3,11.0,126.0,32.2,32.59999999999999,25.433333333333334,19.966666666666665,5.466666666666668,11.4,22.1,19.0,0,-1.0,-1.8369701987210297e-16,-0.9911140639934546,-0.13301470653419636,2,0,1,0
2020-09-23,2020,9,25.5,18.6,6.899999999999999,7.0,0.0,47.0,11.0,201.0,32.300000000000004,32.69999999999999,24.833333333333332,19.666666666666668,5.166666666666668,0.1,26.6,20.0,0,-1.0,-1.8369701987210297e-16,-0.9932568492674143,-0.11593459959550066,2,0,0,0
2020-09-24,2020,9,27.6,20.0,7.600000000000001,5.0,0.0,45.0,11.0,372.0,11.5,32.499999999999986,24.733333333333334,19.200000000000003,5.533333333333334,0.0,25.5,18.6,0,-1.0,-1.8369701987210297e-16,-0.9951053111006974,-0.09882013873287211,2,0,0,0
2020-09-25,2020,9,27.4,20.9,6.5,4.0,0.0,48.0,11.0,228.0,0.1,32.499999999999986,26.566666666666666,19.533333333333335,7.033333333333334,0.0,27.6,20.0,0,-1.0,-1.8369701987210297e-16,-0.99665890175417,-0.08167639533042288,2,0,0,0
2020-09-26,2020,9,29.6,20.6,9.0,5.0,3.1,2.0,420.0,378.0,0.0,32.29999999999999,26.833333333333332,19.833333333333332,7.0,0.0,27.4,20.9,0,-1.0,-1.8369701987210297e-16,-0.9979171608653922,-0.06450844944931625,2,0,1,0
2020-09-27,2020,9,25.8,20.5,5.300000000000001,4.0,0.0,48.0,11.0,0.0,3.1,35.399999999999984,28.200000000000003,20.5,7.7,3.1,29.6,20.6,0,-1.0,-1.8369701987210297e-16,-0.9988797155850335,-0.04732138832243232,2,0,0,0
2020-09-28,2020,9,27.0,20.6,6.399999999999999,3.0,0.0,45.0,11.0,66.0,3.1,14.599999999999987,27.599999999999998,20.666666666666668,6.933333333333334,0.0,25.8,20.5,0,-1.0,-1.8369701987210297e-16,-0.9995462806873573,-0.03012030484690836,2,0,0,0
2020-09-29,2020,9,28.1,21.6,6.5,3.0,0.3,4.8,11.0,132.0,3.1,3.199999999999986,27.46666666666667,20.566666666666666,6.8999999999999995,0.0,27.0,20.6,0,-1.0,-1.8369701987210297e-16,-0.9999166586547379,-0.012910296075008843,2,0,1,1
2020-09-30,2020,9,27.8,19.0,8.8,3.0,54.4,5.2,875.0,84.0,0.3,3.3999999999999857,26.96666666666667,20.900000000000002,6.066666666666666,0.3,28.1,21.6,1,-1.0,-1.8369701987210297e-16,-0.9999907397361901,0.004303538296243821,2,0,1,0
2020-10-01,2020,10,26.2,19.5,6.699999999999999,5.0,0.0,60.0,0.0,294.0,54.699999999999996,57.79999999999998,27.633333333333336,20.400000000000002,7.233333333333333,54.4,27.8,19.0,0,-0.8660254037844386,0.5000000000000001,-0.9997685019798909,0.021516097436222233,3,0,0,0
2020-10-02,2020,10,28.0,21.0,7.0,4.0,0.0,58.0,0.0,408.0,54.699999999999996,57.79999999999998,27.366666666666664,20.033333333333335,7.333333333333333,0.0,26.2,19.5,0,-0.8660254037844386,0.5000000000000001,-0.9992500112396835,0.03872228089217399,3,0,0,0
2020-10-03,2020,10,29.6,21.0,8.600000000000001,4.0,0.4,4.0,40.0,312.0,54.4,57.79999999999998,27.333333333333332,19.833333333333332,7.5,0.0,28.0,21.0,0,-0.8660254037844386,0.5000000000000001,-0.9984354211555643,0.05591699010060302,3,0,1,0
2020-10-04,2020,10,28.4,20.0,8.399999999999999,5.0,0.0,5.7,0.0,216.0,0.4,55.09999999999998,27.933333333333337,20.5,7.433333333333334,0.4,29.6,21.0,0,-0.8660254037844386,0.5000000000000001,-0.9973249731081555,0.07309512989807776,3,0,0,0
2020-10-05,2020,10,26.8,19.0,7.800000000000001,5.0,0.2,40.0,0.0,42.0,0.4,55.09999999999998,28.666666666666668,20.666666666666668,8.0,0.0,28.4,20.0,0,-0.8660254037844386,0.5000000000000001,-0.9959189961471792,0.0902516100310407,3,0,1,0
2020-10-06,2020,10,28.2,20.2,8.0,4.0,0.0,58.0,0.0,294.0,0.6000000000000001,55.29999999999998,28.266666666666666,20.0,8.266666666666667,0.2,26.8,19.0,0,-0.8660254037844386,0.5000000000000001,-0.994217906893952,0.10738134666416306,3,0,0,0
2020-10-07,2020,10,30.4,21.9,8.5,2.0,0.0,5.1,0.0,294.0,0.2,54.999999999999986,27.8,19.73333333333333,8.066666666666666,0.0,28.2,20.2,0,-0.8660254037844386,0.5000000000000001,-0.9922222094179324,0.12447926388678869,3,0,0,0
2020-10-08,2020,10,30.4,21.6,8.799999999999997,3.0,0.0,6.3,0.0,408.0,0.2,0.5999999999999859,28.46666666666667,20.366666666666667,8.1,0.0,30.4,21.9,0,-0.8660254037844386,0.5000000000000001,-0.989932495087353,0.141540295217043,3,0,0,0
2020-10-09,2020,10,30.0,22.0,8.0,2.0,0.0,5.1,0.0,294.0,0.0,0.5999999999999859,29.666666666666668,21.23333333333333,8.433333333333332,0.0,30.4,21.6,0,-0.8660254037844386,0.5000000000000001,-0.9873494423939864,0.15855938510313475,3,0,0,0
2020-10-10,2020,10,30.0,18.6,11.399999999999999,3.0,23.7,14.0,0.0,186.0,0.0,0.5999999999999859,30.266666666666666,21.833333333333332,8.433333333333332,0.0,30.0,22.0,0,-0.8660254037844386,0.5000000000000001,-0.9844738167520923,0.17553149042142777,3,0,1,1
2020-10-11,2020,10,24.2,20.5,3.6999999999999993,2.0,51.0,5.1,0.0,294.0,23.7,23.899999999999984,30.133333333333336,20.733333333333334,9.399999999999999,23.7,30.0,18.6,1,-0.8660254037844386,0.5000000000000001,-0.9813064702716093,0.19245158197082995,3,0,1,0
2020-10-12,2020,10,24.2,20.0,4.199999999999999,4.0,3.0,0.4,305.0,0.0,74.7,74.89999999999998,28.066666666666666,20.366666666666667,7.699999999999999,51.0,24.2,20.5,0,-0.8660254037844386,0.5000000000000001,-0.9778483415056568,0.20931464596304888,3,0,1,0
2020-10-13,2020,10,25.4,20.2,5.199999999999999,5.0,4.6,6.0,0.0,60.0,77.7,77.69999999999999,26.133333333333336,19.7,6.433333333333333,3.0,24.2,20.0,0,-0.8660254037844386,0.5000000000000001,-0.9741004551724206,0.22611568550828803,3,0,1,0
2020-10-14,2020,10,23.0,19.8,3.1999999999999993,6.0,0.6,26.0,25.0,0.0,58.6,82.29999999999998,24.599999999999998,20.233333333333334,4.366666666666666,4.6,25.4,20.2,0,-0.8660254037844386,0.5000000000000001,-0.970063921851507,0.2428497220959358,3,0,1,0
2020-10-15,2020,10,26.8,19.2,7.600000000000001,2.0,0.0,5.1,0.0,294.0,8.2,82.89999999999998,24.2,20.0,4.199999999999999,0.6,23.0,19.8,0,-0.8660254037844386,0.5000000000000001,-0.965739937654855,0.25951179706979943,3,0,0,0
2020-10-16,2020,10,26.8,19.2,7.600000000000001,6.0,0.0,5.3,23.0,258.0,5.199999999999999,82.89999999999998,25.066666666666666,19.733333333333334,5.333333333333333,0.0,26.8,19.2,0,-0.8660254037844386,0.5000000000000001,-0.9611297838723007,0.27609697309746883,3,0,0,0
2020-10-17,2020,10,28.0,20.0,8.0,2.0,0.0,5.1,0.0,294.0,0.6,82.89999999999998,25.53333333333333,19.4,6.133333333333334,0.0,26.8,19.2,0,-0.8660254037844386,0.5000000000000001,-0.9562348265919058,0.2926003356333479,3,0,0,0
2020-10-18,2020,10,28.0,20.8,7.199999999999999,2.0,0.2,52.0,40.0,108.0,0.0,59.19999999999999,27.2,19.466666666666665,7.733333333333334,0.0,28.0,20.0,0,-0.8660254037844386,0.5000000000000001,-0.9510565162951536,0.30901699437494723,3,0,1,0
2020-10-19,2020,10,26.6,21.0,5.600000000000001,2.0,1.9,5.1,0.0,294.0,0.2,8.399999999999986,27.600000000000005,20.0,7.6000000000000005,0.2,28.0,20.8,0,-0.8660254037844386,0.5000000000000001,-0.9455963874271428,0.3253420847119795,3,0,1,0
2020-10-20,2020,10,26.6,21.8,4.800000000000001,2.0,3.7,4.2,115.0,0.0,2.1,7.299999999999986,27.53333333333333,20.599999999999998,6.933333333333334,1.9,26.6,21.0,0,-0.8660254037844386,0.5000000000000001,-0.9398560579418953,0.341570769167856,3,0,1,1
2020-10-21,2020,10,26.2,20.4,5.800000000000001,3.0,67.0,6.0,505.0,0.0,5.800000000000001,6.399999999999986,27.066666666666666,21.2,5.866666666666667,3.7,26.6,21.8,1,-0.8660254037844386,0.5000000000000001,-0.9338372288229252,0.35769823883312546,3,0,1,1
2020-10-22,2020,10,27.5,20.8,6.699999999999999,2.0,5.4,5.1,0.0,294.0,72.6,72.79999999999998,26.46666666666667,21.066666666666666,5.400000000000001,67.0,26.2,20.4,1,-0.8660254037844386,0.5000000000000001,-0.9275416835791965,0.3737197147904692,3,0,1,0
2020-10-23,2020,10,27.0,20.2,6.800000000000001,2.0,17.6,5.1,0.0,294.0,76.1,78.19999999999999,26.766666666666666,21.0,5.766666666666667,5.4,27.5,20.8,0,-0.8660254037844386,0.5000000000000001,-0.9209712877166346,0.38963044953078774,3,0,1,0
2020-10-24,2020,10,27.0,17.0,10.0,4.0,17.2,5.1,330.0,162.0,90.0,95.79999999999998,26.900000000000002,20.466666666666665,6.433333333333334,17.6,27.0,20.2,0,-0.8660254037844386,0.5000000000000001,-0.9141279881853337,0.4054257283599973,3,0,1,0
2020-10-25,2020,10,27.0,20.2,6.800000000000001,2.0,0.0,55.0,0.0,36.0,40.2,112.99999999999999,27.166666666666668,19.333333333333332,7.833333333333333,17.2,27.0,17.0,0,-0.8660254037844386,0.5000000000000001,-0.9070138128026362,0.42110087079608916,3,0,0,0
2020-10-26,2020,10,29.4,19.4,10.0,1.0,7.8,43.0,0.0,312.0,34.8,112.79999999999998,27.0,19.133333333333336,7.866666666666667,0.0,27.0,20.2,0,-0.8660254037844386,0.5000000000000001,-0.8996308696522434,0.4366512319560638,3,0,1,0
2020-10-27,2020,10,29.6,19.0,10.600000000000001,2.0,0.0,5.1,0.0,294.0,25.0,118.69999999999999,27.799999999999997,18.866666666666664,8.933333333333334,7.8,29.4,19.4,0,-0.8660254037844386,0.5000000000000001,-0.8919813464595487,0.45207220393230374,3,0,0,0
2020-10-28,2020,10,29.6,19.0,10.600000000000001,1.0,0.0,5.6,0.0,480.0,7.8,114.99999999999999,28.666666666666668,19.53333333333333,9.133333333333335,0.0,29.6,19.0,0,-0.8660254037844386,0.5000000000000001,-0.8840675099433637,0.46735921715800205,3,0,0,0
2020-10-29,2020,10,27.0,18.2,8.8,2.0,0.0,5.1,0.0,294.0,7.8,47.999999999999986,29.53333333333333,19.13333333333333,10.4,0.0,29.6,19.0,0,-0.8660254037844386,0.5000000000000001,-0.8758917051442433,0.48250774176121763,3,0,0,0
2020-10-30,2020,10,27.0,17.8,9.2,2.0,0.0,50.0,0.0,210.0,0.0,42.59999999999999,28.733333333333334,18.733333333333334,10.000000000000002,0.0,27.0,18.2,0,-0.8660254037844386,0.5000000000000001,-0.8674563547295971,0.4975132889071803,3,0,0,0
2020-10-31,2020,10,30.0,18.5,11.5,2.0,0.0,5.1,0.0,294.0,0.0,24.999999999999986,27.866666666666664,18.333333333333332,9.533333333333333,0.0,27.0,17.8,0,-0.8660254037844386,0.5000000000000001,-0.8587639582758031,0.5123714121284235,3,0,0,0
2020-11-01,2020,11,30.0,19.0,11.0,1.0,0.0,5.8,4.0,420.0,0.0,7.799999999999986,28.0,18.166666666666668,9.833333333333334,0.0,30.0,18.5,0,-0.5000000000000004,0.8660254037844384,-0.8498170915275277,0.5270777086423724,3,0,0,0
2020-11-02,2020,11,31.5,20.4,11.100000000000001,1.0,0.2,5.8,0.0,420.0,0.0,7.799999999999986,29.0,18.433333333333334,10.566666666666666,0.0,30.0,19.0,0,-0.5000000000000004,0.8660254037844384,-0.8406184056344783,0.5416278206559811,3,0,1,0
2020-11-03,2020,11,29.0,19.8,9.2,1.0,0.0,6.3,0.0,162.0,0.2,0.1999999999999858,30.5,19.3,11.200000000000001,0.2,31.5,20.4,0,-0.5000000000000004,0.8660254037844384,-0.8311706263658079,0.5560174366570446,3,0,0,0
2020-11-04,2020,11,29.9,20.5,9.399999999999999,2.0,0.0,5.0,0.0,414.0,0.2,0.1999999999999858,30.166666666666668,19.733333333333334,10.433333333333334,0.0,29.0,19.8,0,-0.5000000000000004,0.8660254037844384,-0.8214765533024145,0.5702422926917867,3,0,0,0
2020-11-05,2020,11,28.8,21.0,7.800000000000001,2.0,0.0,6.0,0.0,198.0,0.2,0.1999999999999858,30.133333333333336,20.233333333333334,9.9,0.0,29.9,20.5,0,-0.5000000000000004,0.8660254037844384,-0.8115390590073611,0.5842981736283683,3,0,0,1
2020-11-07,2020,11,29.2,20.2,9.0,3.0,0.0,6.0,5.0,390.0,0.0,0.1999999999999858,29.233333333333334,20.433333333333334,8.799999999999999,0.0,28.8,21.0,1,-0.5000000000000004,0.8660254037844384,-0.7909456567567774,0.6118864012687242,3,0,0,0
2020-11-08,2020,11,30.2,20.8,9.399999999999999,3.0,0.0,5.0,0.0,528.0,0.0,0.1999999999999858,29.3,20.566666666666666,8.733333333333333,0.0,29.2,20.2,0,-0.5000000000000004,0.8660254037844384,-0.780295851070776,0.6254105729852457,3,0,0,0
2020-11-09,2020,11,27.8,20.4,7.400000000000002,3.0,0.0,6.0,0.0,330.0,0.0,0.1999999999999858,29.399999999999995,20.666666666666668,8.733333333333333,0.0,30.2,20.8,0,-0.5000000000000004,0.8660254037844384,-0.7694148268839381,0.6387494220515268,3,0,0,0
2020-11-10,2020,11,28.6,16.0,12.600000000000001,2.0,0.0,5.8,0.0,462.0,0.0,0.1999999999999858,29.066666666666666,20.466666666666665,8.6,0.0,27.8,20.4,0,-0.5000000000000004,0.8660254037844384,-0.7583058084785625,0.6518989958787125,3,0,0,0
2020-11-11,2020,11,28.7,16.5,12.2,2.0,0.0,6.0,0.0,504.0,0.0,0.0,28.866666666666664,19.066666666666666,9.8,0.0,28.6,16.0,0,-0.5000000000000004,0.8660254037844384,-0.7469720876965551,0.6648553979642866,3,0,0,0
2020-11-12,2020,11,28.4,20.4,8.0,2.0,0.0,5.0,0.0,336.0,0.0,0.0,28.366666666666664,17.633333333333333,10.733333333333334,0.0,28.7,16.5,0,-0.5000000000000004,0.8660254037844384,-0.7354170229639858,0.6776147890466887,3,0,0,0
2020-11-13,2020,11,28.0,20.4,7.600000000000001,3.0,0.0,6.0,11.0,222.0,0.0,0.0,28.566666666666666,17.633333333333333,10.933333333333332,0.0,28.4,20.4,0,-0.5000000000000004,0.8660254037844384,-0.7236440382959123,0.690173388242972,3,0,0,0
2020-11-14,2020,11,26.0,20.0,6.0,2.0,9.3,2.3,180.0,66.0,0.0,0.0,28.366666666666664,19.099999999999998,9.266666666666667,0.0,28.0,20.4,0,-0.5000000000000004,0.8660254037844384,-0.7116566222817751,0.7025274741691566,3,0,1,0
2020-11-15,2020,11,28.2,19.1,9.099999999999998,3.0,0.0,4.7,0.0,426.0,9.3,9.299999999999986,27.46666666666667,20.266666666666666,7.2,9.3,26.0,20.0,0,-0.5000000000000004,0.8660254037844384,-0.6994583270516471,0.7146733860429609,3,0,0,0
2020-11-16,2020,11,24.5,20.6,3.8999999999999986,2.0,9.8,2.3,840.0,72.0,9.3,9.299999999999986,27.400000000000002,19.833333333333332,7.566666666666666,0.0,28.2,19.1,0,-0.5000000000000004,0.8660254037844384,-0.6870527672236675,0.726607524768565,3,0,1,0
2020-11-17,2020,11,25.0,19.4,5.600000000000001,2.0,21.2,4.2,350.0,0.0,19.1,19.099999999999987,26.233333333333334,19.900000000000002,6.333333333333332,9.8,24.5,20.6,0,-0.5000000000000004,0.8660254037844384,-0.6744436188329457,0.7383263540031063,3,0,1,0
2020-11-18,2020,11,26.5,19.2,7.300000000000001,3.0,0.0,4.5,13.0,378.0,31.0,40.29999999999998,25.900000000000002,19.7,6.199999999999999,21.2,25.0,19.4,0,-0.5000000000000004,0.8660254037844384,-0.661634618242279,0.749826401204568,3,0,0,0
2020-11-19,2020,11,28.3,20.0,8.3,4.0,0.0,5.5,0.0,420.0,31.0,40.29999999999998,25.333333333333332,19.733333333333334,5.6000000000000005,0.0,26.5,19.2,0,-0.5000000000000004,0.8660254037844384,-0.6486295610349818,0.7611042586607742,3,0,0,0
2020-11-20,2020,11,28.1,19.0,9.100000000000001,3.0,0.0,5.0,0.0,402.0,21.2,40.29999999999998,26.599999999999998,19.53333333333333,7.066666666666667,0.0,28.3,20.0,0,-0.5000000000000004,0.8660254037844384,-0.6354323008901775,0.7721565844991641,3,0,0,0
2020-11-21,2020,11,28.8,17.0,11.8,2.0,0.0,5.3,0.0,486.0,0.0,40.29999999999998,27.633333333333336,19.400000000000002,8.233333333333334,0.0,28.1,19.0,0,-0.5000000000000004,0.8660254037844384,-0.622046748440868,0.7829801036770625,3,0,0,0
2020-11-22,2020,11,29.6,14.8,14.8,2.0,0.0,5.0,0.0,498.0,0.0,30.999999999999986,28.400000000000002,18.666666666666668,9.733333333333334,0.0,28.8,17.0,0,-0.5000000000000004,0.8660254037844384,-0.6084768701151264,0.7935716089521472,3,0,0,0
2020-11-23,2020,11,28.2,17.4,10.8,2.0,0.0,5.7,0.0,414.0,0.0,30.999999999999986,28.833333333333332,16.933333333333334,11.9,0.0,29.6,14.8,0,-0.5000000000000004,0.8660254037844384,-0.594726686960764,0.8039279618328208,3,0,0,0
2020-11-24,2020,11,27.6,18.7,8.900000000000002,3.0,0.0,5.7,0.0,432.0,0.0,21.199999999999985,28.866666666666664,16.400000000000002,12.466666666666669,0.0,28.2,17.4,0,-0.5000000000000004,0.8660254037844384,-0.5808002734538013,0.8140460935082175,3,0,0,0
2020-11-25,2020,11,26.6,18.4,8.200000000000003,3.0,0.0,4.9,0.0,186.0,0.0,0.0,28.46666666666667,16.966666666666665,11.5,0.0,27.6,18.7,0,-0.5000000000000004,0.8660254037844384,-0.5667017562911184,0.8239230057575536,3,0,0,0
2020-11-26,2020,11,23.8,19.6,4.199999999999999,5.0,1.8,3.1,0.0,0.0,0.0,0.0,27.46666666666667,18.166666666666664,9.300000000000002,0.0,26.6,18.4,0,-0.5000000000000004,0.8660254037844384,-0.5524353131676203,0.8335557718385695,3,0,1,0
2020-11-27,2020,11,22.4,17.8,4.599999999999998,3.0,13.2,0.4,0.0,0.0,1.8,1.7999999999999858,26.0,18.9,7.100000000000001,1.8,23.8,19.6,0,-0.5000000000000004,0.8660254037844384,-0.5380051715382992,0.8429415373547832,3,0,1,0
2020-11-28,2020,11,23.7,17.0,6.699999999999999,3.0,0.2,4.3,0.0,228.0,15.0,14.999999999999986,24.266666666666666,18.599999999999998,5.666666666666667,13.2,22.4,17.8,0,-0.5000000000000004,0.8660254037844384,-0.5234156073655503,0.8520775211013093,3,0,1,0
2020-11-29,2020,11,25.6,19.0,6.600000000000001,3.0,0.0,5.2,0.0,318.0,15.2,15.199999999999985,23.3,18.133333333333336,5.166666666666665,0.2,23.7,17.0,0,-0.5000000000000004,0.8660254037844384,-0.5086709438521042,0.8609610158889945,3,0,0,0
2020-11-30,2020,11,24.3,19.4,4.900000000000002,2.0,0.0,4.5,5.0,18.0,13.399999999999999,15.199999999999985,23.900000000000002,17.933333333333334,5.966666666666666,0.0,25.6,19.0,0,-0.5000000000000004,0.8660254037844384,-0.49377555015997737,0.8695893893466109,3,0,0,0
2020-12-01,2020,12,27.0,17.0,10.0,2.0,0.0,5.0,0.0,372.0,0.2,15.199999999999985,24.53333333333333,18.46666666666667,6.066666666666667,0.0,24.3,19.4,0,-2.4492935982947064e-16,1.0,-0.4787338401157883,0.8779600847008883,0,0,0,0
2020-12-02,2020,12,26.6,16.6,10.0,2.0,0.0,2.1,0.0,480.0,0.0,15.199999999999985,25.633333333333336,18.46666666666667,7.166666666666668,0.0,27.0,17.0,0,-2.4492935982947064e-16,1.0,-0.4635502709028512,0.8860706215341378,0,0,0,0
2020-12-03,2020,12,26.4,18.0,8.399999999999999,2.0,2.4,4.4,100.0,234.0,0.0,15.199999999999985,25.96666666666667,17.666666666666668,8.3,0.0,26.6,16.6,0,-2.4492935982947064e-16,1.0,-0.4482293417404106,0.893918596519257,0,0,1,0
2020-12-04,2020,12,21.6,19.2,2.400000000000002,3.0,1.8,2.2,165.0,0.0,2.4,15.799999999999985,26.666666666666668,17.2,9.466666666666667,2.4,26.4,18.0,0,-2.4492935982947064e-16,1.0,-0.4327755925504317,0.9015016841318838,0,0,1,0
2020-12-05,2020,12,23.2,19.4,3.8000000000000007,2.0,0.8,1.8,50.0,0.0,4.2,4.399999999999986,24.86666666666667,17.933333333333334,6.933333333333334,1.8,21.6,19.2,0,-2.4492935982947064e-16,1.0,-0.41719360261231697,0.9088176373395028,0,0,1,0
2020-12-06,2020,12,24.0,18.5,5.5,3.0,1.3,3.3,55.0,96.0,5.0,4.999999999999986,23.73333333333333,18.866666666666667,4.866666666666667,0.8,23.2,19.4,0,-2.4492935982947064e-16,1.0,-0.4014879892059737,0.9158642882672868,0,0,1,0
2020-12-07,2020,12,24.4,19.4,5.0,2.0,7.6,2.9,310.0,42.0,3.9000000000000004,6.299999999999986,22.933333333333337,19.03333333333333,3.900000000000001,1.3,24.0,18.5,0,-2.4492935982947064e-16,1.0,-0.38566340624360745,0.9226395488404875,0,0,1,0
2020-12-08,2020,12,26.2,19.5,6.699999999999999,3.0,5.6,5.5,0.0,245.0,9.7,13.899999999999984,23.866666666666664,19.099999999999998,4.766666666666667,7.6,24.4,19.4,0,-2.4492935982947064e-16,1.0,-0.3697245428906732,0.9291414114031743,0,0,1,0
2020-12-09,2020,12,25.0,19.4,5.600000000000001,2.0,0.7,4.0,0.0,78.0,14.5,19.499999999999986,24.866666666666664,19.133333333333333,5.733333333333333,5.6,26.2,19.5,0,-2.4492935982947064e-16,1.0,-0.35367612217637207,0.935367949313148,0,0,1,0
2020-12-10,2020,12,25.4,16.4,9.0,3.0,0.0,4.8,0.0,245.0,13.9,20.199999999999985,25.2,19.433333333333334,5.766666666666667,0.7,25.0,19.4,0,-2.4492935982947064e-16,1.0,-0.33752289959411347,0.941317317512847,0,0,0,0
2020-12-11,2020,12,28.4,16.6,11.799999999999997,3.0,0.0,5.0,0.0,491.0,6.3,17.799999999999986,25.53333333333333,18.433333333333334,7.1000000000000005,0.0,25.4,16.4,0,-2.4492935982947064e-16,1.0,-0.32126966169236515,0.9469877530760751,0,0,0,0
2020-12-12,2020,12,29.3,15.4,13.9,2.0,0.0,5.3,0.0,462.0,0.7,15.999999999999986,26.266666666666666,17.466666666666665,8.799999999999999,0.0,28.4,16.6,0,-2.4492935982947064e-16,1.0,-0.3049212246562894,0.9523775757303973,0,0,0,0
2020-12-13,2020,12,28.0,17.0,11.0,2.0,0.0,5.5,0.0,432.0,0.0,15.199999999999985,27.7,16.133333333333333,11.566666666666665,0.0,29.3,15.4,0,-2.4492935982947064e-16,1.0,-0.2884824328806098,0.9574851883550389,0,0,0,0
2020-12-14,2020,12,27.5,17.2,10.3,2.0,0.0,5.2,0.0,384.0,0.0,13.899999999999984,28.566666666666666,16.333333333333332,12.233333333333333,0.0,28.0,17.0,0,-2.4492935982947064e-16,1.0,-0.27195815753410524,0.9623090774541487,0,0,0,0
2020-12-15,2020,12,27.8,16.4,11.400000000000002,2.0,0.0,6.0,0.0,450.0,0.0,6.299999999999986,28.266666666666666,16.53333333333333,11.733333333333334,0.0,27.5,17.2,0,-2.4492935982947064e-16,1.0,-0.2553532951161881,0.9668478136052773,0,0,0,0
2020-12-16,2020,12,27.0,18.0,9.0,2.0,0.0,5.8,0.0,438.0,0.0,0.6999999999999857,27.766666666666666,16.866666666666664,10.9,0.0,27.8,16.4,0,-2.4492935982947064e-16,1.0,-0.23867276600594997,0.9711000518829505,0,0,0,0
2020-12-17,2020,12,26.8,19.5,7.300000000000001,2.0,0.2,5.4,50.0,228.0,0.0,0.0,27.433333333333334,17.2,10.233333333333334,0.0,27.0,18.0,0,-2.4492935982947064e-16,1.0,-0.22192151300416674,0.9750645322571945,0,0,1,0
2020-12-18,2020,12,25.0,18.4,6.600000000000001,2.0,0.2,5.0,0.0,24.0,0.2,0.1999999999999858,27.2,17.966666666666665,9.233333333333334,0.2,26.8,19.5,0,-2.4492935982947064e-16,1.0,-0.20510449986861926,0.9787400799669153,0,0,1,0
2020-12-19,2020,12,28.0,17.2,10.8,3.0,0.2,6.0,0.0,474.0,0.4,0.3999999999999858,26.26666666666667,18.633333333333336,7.6333333333333355,0.2,25.0,18.4,0,-2.4492935982947064e-16,1.0,-0.1882267098432439,0.9821256058680006,0,0,1,0
2020-12-20,2020,12,25.6,17.0,8.600000000000001,3.0,0.2,4.8,0.0,126.0,0.6000000000000001,0.5999999999999859,26.600000000000005,18.366666666666667,8.233333333333334,0.2,28.0,17.2,0,-2.4492935982947064e-16,1.0,-0.1712931441814778,0.9852201067560606,0,0,1,0
2020-12-21,2020,12,25.7,14.5,11.2,3.0,0.2,5.0,0.0,264.0,0.6000000000000001,0.7999999999999858,26.2,17.53333333333333,8.666666666666668,0.2,25.6,17.0,0,-2.4492935982947064e-16,1.0,-0.154308820664281,0.9880226656636976,0,0,1,0
2020-12-22,2020,12,26.2,14.4,11.799999999999999,3.0,0.2,5.0,0.0,90.0,0.6000000000000001,0.9999999999999858,26.433333333333334,16.233333333333334,10.200000000000001,0.2,25.7,14.5,0,-2.4492935982947064e-16,1.0,-0.13727877211326517,0.9905324521322227,0,0,1,0
2020-12-23,2020,12,28.8,16.6,12.2,3.0,0.2,5.4,0.0,414.0,0.6000000000000001,1.199999999999986,25.833333333333332,15.299999999999999,10.533333333333333,0.2,26.2,14.4,0,-2.4492935982947064e-16,1.0,-0.12020804489935275,0.9927487224577402,0,0,1,0
2020-12-24,2020,12,27.5,17.4,10.100000000000001,3.0,0.0,5.4,0.0,228.0,0.6000000000000001,1.4000000000000001,26.900000000000002,15.166666666666666,11.733333333333333,0.2,28.8,16.6,0,-2.4492935982947064e-16,1.0,-0.10310169744743544,0.9946708199115211,0,0,0,0
2020-12-25,2020,12,28.2,17.4,10.8,3.0,0.0,6.0,0.0,396.0,0.4,1.199999999999986,27.5,16.133333333333333,11.366666666666667,0.0,27.5,17.4,0,-2.4492935982947064e-16,1.0,-0.0859647987374467,0.9962981749346077,0,0,0,0
2020-12-26,2020,12,29.0,16.0,13.0,2.0,0.0,5.4,0.0,396.0,0.2,0.9999999999999858,28.166666666666668,17.133333333333333,11.033333333333333,0.0,28.2,17.4,0,-2.4492935982947064e-16,1.0,-0.06880242680232064,0.9976303053065857,0,0,0,0
2020-12-27,2020,12,28.4,15.2,13.2,2.0,0.0,4.8,0.0,486.0,0.0,0.7999999999999858,28.233333333333334,16.933333333333334,11.299999999999999,0.0,29.0,16.0,0,-2.4492935982947064e-16,1.0,-0.05161966722325418,0.9986668162884759,0,0,0,0
2020-12-28,2020,12,29.8,16.4,13.400000000000002,2.0,0.0,6.0,0.0,510.0,0.0,0.5999999999999859,28.53333333333333,16.2,12.333333333333334,0.0,28.4,15.2,0,-2.4492935982947064e-16,1.0,-0.034421611622745804,0.9994074007397048,0,0,0,0
2020-12-29,2020,12,29.8,16.4,13.400000000000002,2.0,0.0,5.7,0.0,414.0,0.0,0.3999999999999858,29.066666666666666,15.866666666666665,13.200000000000001,0.0,29.8,16.4,0,-2.4492935982947064e-16,1.0,-0.01721335615583528,0.9998518392091162,0,0,0,0
2020-12-30,2020,12,29.0,18.4,10.600000000000001,4.0,0.0,6.0,0.0,330.0,0.0,0.1999999999999858,29.333333333333332,16.0,13.333333333333336,0.0,29.8,16.4,0,-2.4492935982947064e-16,1.0,6.432490598706546e-16,1.0,0,0,0,0
2020-12-31,2020,12,29.6,20.0,9.600000000000001,3.0,0.0,4.7,100.0,306.0,0.0,0.0,29.53333333333333,17.066666666666663,12.466666666666669,0.0,29.0,18.4,0,-2.4492935982947064e-16,1.0,0.017213356155833904,0.9998518392091162,0,0,0,0
2021-01-01,2021,1,25.3,16.6,8.7,3.0,0.5,49.0,5.0,30.0,0.0,0.0,29.46666666666667,18.266666666666666,11.200000000000003,0.0,29.6,20.0,0,0.49999999999999994,0.8660254037844387,0.017213356155834685,0.9998518392091162,0,0,1,0
2021-01-02,2021,1,26.0,16.6,9.399999999999999,3.0,0.0,47.0,0.0,300.0,0.5,0.4999999999999858,27.96666666666667,18.333333333333332,9.633333333333333,0.5,25.3,16.6,0,0.49999999999999994,0.8660254037844387,0.03442161162274574,0.9994074007397048,0,0,0,0
2021-01-03,2021,1,26.0,18.8,7.199999999999999,3.0,0.0,5.0,10.0,198.0,0.5,0.4999999999999858,26.96666666666667,17.733333333333334,9.233333333333333,0.0,26.0,16.6,0,0.49999999999999994,0.8660254037844387,0.051619667223253764,0.998666816288476,0,0,0,0
2021-01-04,2021,1,27.6,19.2,8.400000000000002,4.0,0.0,47.0,0.0,420.0,0.5,0.4999999999999858,25.766666666666666,17.333333333333336,8.433333333333332,0.0,26.0,18.8,0,0.49999999999999994,0.8660254037844387,0.06880242680231986,0.9976303053065857,0,0,0,0
2021-01-05,2021,1,23.2,18.7,4.5,2.0,0.1,45.0,0.0,12.0,0.0,0.4999999999999858,26.533333333333335,18.200000000000003,8.333333333333334,0.0,27.6,19.2,0,0.49999999999999994,0.8660254037844387,0.08596479873744647,0.9962981749346078,0,0,1,0
2021-01-06,2021,1,27.3,20.0,7.300000000000001,3.0,0.0,50.0,0.0,96.0,0.1,0.5999999999999858,25.600000000000005,18.9,6.7,0.1,23.2,18.7,0,0.49999999999999994,0.8660254037844387,0.10310169744743485,0.9946708199115211,0,0,0,0
2021-01-08,2021,1,24.1,20.0,4.100000000000001,3.0,0.6,4.6,15.0,48.0,0.1,0.5999999999999858,26.033333333333335,19.3,6.733333333333334,0.0,27.3,20.0,0,0.49999999999999994,0.8660254037844387,0.13727877211326478,0.9905324521322229,0,0,1,0
2021-01-09,2021,1,27.0,20.1,6.899999999999999,3.0,0.0,4.5,0.0,210.0,0.7,1.1999999999999857,24.866666666666664,19.566666666666666,5.300000000000001,0.6,24.1,20.0,0,0.49999999999999994,0.8660254037844387,0.15430882066428117,0.9880226656636976,0,0,0,0
2021-01-10,2021,1,24.8,18.6,6.199999999999999,2.0,0.0,4.4,0.0,12.0,0.6,0.6999999999999857,26.133333333333336,20.033333333333335,6.1000000000000005,0.0,27.0,20.1,0,0.49999999999999994,0.8660254037844387,0.1712931441814776,0.9852201067560606,0,0,0,0
2021-01-11,2021,1,26.9,19.7,7.199999999999999,2.0,0.0,54.0,0.0,420.0,0.6,0.6999999999999857,25.3,19.566666666666666,5.733333333333333,0.0,24.8,18.6,0,0.49999999999999994,0.8660254037844387,0.1882267098432442,0.9821256058680006,0,0,0,0
2021-01-12,2021,1,25.4,18.2,7.199999999999999,2.0,0.0,3.7,0.0,420.0,0.0,0.6999999999999857,26.23333333333333,19.46666666666667,6.766666666666666,0.0,26.9,19.7,0,0.49999999999999994,0.8660254037844387,0.2051044998686192,0.9787400799669153,0,0,0,0
2021-01-13,2021,1,23.4,16.8,6.599999999999998,2.0,0.0,4.5,0.0,0.0,0.0,0.6999999999999857,25.7,18.833333333333332,6.866666666666666,0.0,25.4,18.2,0,0.49999999999999994,0.8660254037844387,0.2219215130041655,0.9750645322571948,0,0,0,0
2021-01-14,2021,1,27.6,16.4,11.200000000000003,3.0,0.5,50.0,0.0,330.0,0.0,0.5999999999999858,25.23333333333333,18.233333333333334,6.999999999999999,0.0,23.4,16.8,0,0.49999999999999994,0.8660254037844387,0.2386727660059501,0.9711000518829505,0,0,1,0
2021-01-15,2021,1,24.5,17.3,7.199999999999999,2.0,0.0,50.0,0.0,420.0,0.5,1.0999999999999859,25.46666666666667,17.13333333333333,8.333333333333334,0.5,27.6,16.4,0,0.49999999999999994,0.8660254037844387,0.255353295116187,0.9668478136052775,0,0,0,0
2021-01-16,2021,1,27.4,18.1,9.299999999999997,3.0,0.0,50.0,0.0,420.0,0.5,0.4999999999999858,25.166666666666668,16.833333333333332,8.333333333333334,0.0,24.5,17.3,0,0.49999999999999994,0.8660254037844387,0.2719581575341055,0.9623090774541486,0,0,0,0
2021-01-17,2021,1,29.2,18.2,11.0,3.0,0.0,5.0,0.0,420.0,0.5,0.4999999999999858,26.5,17.26666666666667,9.233333333333333,0.0,27.4,18.1,0,0.49999999999999994,0.8660254037844387,0.288482432880609,0.9574851883550393,0,0,0,0
2021-01-18,2021,1,29.6,15.5,14.100000000000001,3.0,0.0,55.0,0.0,420.0,0.0,0.4999999999999858,27.03333333333333,17.86666666666667,9.166666666666666,0.0,29.2,18.2,0,0.49999999999999994,0.8660254037844387,0.30492122465628907,0.9523775757303974,0,0,0,0
2021-01-19,2021,1,28.8,16.1,12.7,3.0,0.0,5.0,0.0,420.0,0.0,0.4999999999999858,28.733333333333334,17.266666666666666,11.466666666666667,0.0,29.6,15.5,0,0.49999999999999994,0.8660254037844387,0.3212696616923644,0.9469877530760753,0,0,0,0
2021-01-20,2021,1,28.4,16.0,12.399999999999999,2.0,0.0,5.2,0.0,486.0,0.0,0.4999999999999858,29.2,16.599999999999998,12.6,0.0,28.8,16.1,0,0.49999999999999994,0.8660254037844387,0.3375228995941133,0.9413173175128471,0,0,0,0
2021-01-21,2021,1,29.4,17.0,12.399999999999999,2.0,0.0,57.0,0.0,420.0,0.0,0.4999999999999858,28.933333333333334,15.866666666666667,13.066666666666668,0.0,28.4,16.0,0,0.49999999999999994,0.8660254037844387,0.3536761221763716,0.9353679493131483,0,0,0,0
2021-01-22,2021,1,31.1,20.1,11.0,2.0,0.0,62.0,0.0,420.0,0.0,0.0,28.866666666666664,16.366666666666667,12.5,0.0,29.4,17.0,0,0.49999999999999994,0.8660254037844387,0.3697245428906731,0.9291414114031743,0,0,0,0
2021-01-23,2021,1,30.3,18.0,12.3,2.0,0.0,56.0,0.0,420.0,0.0,0.0,29.633333333333336,17.7,11.933333333333332,0.0,31.1,20.1,0,0.49999999999999994,0.8660254037844387,0.38566340624360707,0.9226395488404876,0,0,0,0
2021-01-24,2021,1,29.2,17.0,12.2,3.0,0.0,5.7,0.0,408.0,0.0,0.0,30.266666666666666,18.366666666666667,11.9,0.0,30.3,18.0,0,0.49999999999999994,0.8660254037844387,0.401487989205973,0.9158642882672872,0,0,0,0
2021-01-25,2021,1,29.5,16.3,13.2,2.0,0.0,5.2,0.0,420.0,0.0,0.0,30.2,18.366666666666667,11.833333333333334,0.0,29.2,17.0,0,0.49999999999999994,0.8660254037844387,0.4171936026123168,0.9088176373395029,0,0,0,0
2021-01-26,2021,1,29.4,15.4,13.999999999999998,2.0,0.0,50.0,0.0,486.0,0.0,0.0,29.666666666666668,17.099999999999998,12.566666666666668,0.0,29.5,16.3,0,0.49999999999999994,0.8660254037844387,0.4327755925504312,0.901501684131884,0,0,0,0
2021-01-27,2021,1,30.8,15.4,15.4,2.0,0.0,55.0,0.0,510.0,0.0,0.0,29.366666666666664,16.233333333333334,13.133333333333333,0.0,29.4,15.4,0,0.49999999999999994,0.8660254037844387,0.4482293417404106,0.893918596519257,0,0,0,0
2021-01-28,2021,1,30.2,16.0,14.2,4.0,0.0,5.8,0.0,420.0,0.0,0.0,29.900000000000002,15.700000000000001,14.199999999999998,0.0,30.8,15.4,0,0.49999999999999994,0.8660254037844387,0.4635502709028509,0.886070621534138,0,0,0,0
2021-01-29,2021,1,28.4,18.0,10.399999999999999,4.0,0.0,5.7,0.0,420.0,0.0,0.0,30.133333333333336,15.6,14.533333333333331,0.0,30.2,16.0,0,0.49999999999999994,0.8660254037844387,0.47873384011578846,0.8779600847008882,0,0,0,0
2021-01-30,2021,1,29.3,17.4,11.900000000000002,4.0,0.0,61.0,0.0,366.0,0.0,0.0,29.8,16.46666666666667,13.333333333333334,0.0,28.4,18.0,0,0.49999999999999994,0.8660254037844387,0.4937755501599772,0.869589389346611,0,0,0,0
2021-01-31,2021,1,29.8,17.2,12.600000000000001,4.0,0.0,60.0,0.0,420.0,0.0,0.0,29.3,17.13333333333333,12.166666666666666,0.0,29.3,17.4,0,0.49999999999999994,0.8660254037844387,0.5086709438521044,0.8609610158889943,0,0,0,0
2021-02-01,2021,2,30.1,16.8,13.3,4.0,0.0,5.7,0.0,390.0,0.0,0.0,29.166666666666668,17.53333333333333,11.633333333333335,0.0,29.8,17.2,0,0.8660254037844386,0.5000000000000001,0.5234156073655503,0.8520775211013093,0,0,0,0
2021-02-02,2021,2,29.6,16.8,12.8,4.0,0.0,5.5,0.0,504.0,0.0,0.0,29.733333333333334,17.13333333333333,12.600000000000001,0.0,30.1,16.8,0,0.8660254037844386,0.5000000000000001,0.5380051715382996,0.8429415373547828,0,0,0,0
2021-02-03,2021,2,28.6,17.9,10.700000000000003,5.0,0.0,52.0,0.0,462.0,0.0,0.0,29.833333333333332,16.933333333333334,12.9,0.0,29.6,16.8,0,0.8660254037844386,0.5000000000000001,0.5524353131676196,0.8335557718385699,0,0,0,0
2021-02-04,2021,2,28.4,16.1,12.299999999999997,4.0,0.0,52.0,0.0,504.0,0.0,0.0,29.433333333333337,17.166666666666668,12.266666666666667,0.0,28.6,17.9,0,0.8660254037844386,0.5000000000000001,0.5667017562911176,0.8239230057575542,0,0,0,0
2021-02-05,2021,2,29.4,15.4,13.999999999999998,4.0,0.0,6.0,0.0,468.0,0.0,0.0,28.866666666666664,16.933333333333334,11.933333333333332,0.0,28.4,16.1,0,0.8660254037844386,0.5000000000000001,0.5808002734538009,0.8140460935082178,0,0,0,0
2021-02-06,2021,2,30.4,15.6,14.799999999999999,4.0,0.0,5.5,0.0,504.0,0.0,0.0,28.8,16.466666666666665,12.333333333333334,0.0,29.4,15.4,0,0.8660254037844386,0.5000000000000001,0.5947266869607634,0.8039279618328213,0,0,0,0
2021-02-07,2021,2,30.4,15.0,15.399999999999999,4.0,0.0,55.0,0.0,510.0,0.0,0.0,29.399999999999995,15.700000000000001,13.699999999999998,0.0,30.4,15.6,0,0.8660254037844386,0.5000000000000001,0.6084768701151261,0.7935716089521474,0,0,0,0
2021-02-08,2021,2,30.1,16.1,14.0,3.0,0.0,53.0,0.0,504.0,0.0,0.0,30.066666666666663,15.333333333333334,14.733333333333333,0.0,30.4,15.0,0,0.8660254037844386,0.5000000000000001,0.6220467484408675,0.7829801036770628,0,0,0,0
2021-02-09,2021,2,29.8,14.9,14.9,4.0,0.0,65.0,0.0,540.0,0.0,0.0,30.3,15.566666666666668,14.733333333333333,0.0,30.1,16.1,0,0.8660254037844386,0.5000000000000001,0.6354323008901774,0.7721565844991642,0,0,0,0
2021-02-10,2021,2,28.6,14.4,14.200000000000001,3.0,0.0,20.0,0.0,450.0,0.0,0.0,30.099999999999998,15.333333333333334,14.766666666666666,0.0,29.8,14.9,0,0.8660254037844386,0.5000000000000001,0.6486295610349814,0.7611042586607747,0,0,0,0
2021-02-11,2021,2,30.5,14.5,16.0,3.0,0.0,50.0,0.0,504.0,0.0,0.0,29.5,15.133333333333335,14.366666666666667,0.0,28.6,14.4,0,0.8660254037844386,0.5000000000000001,0.6616346182422783,0.7498264012045686,0,0,0,0
2021-02-12,2021,2,29.7,14.6,15.1,3.0,0.0,60.0,0.0,504.0,0.0,0.0,29.633333333333336,14.6,15.033333333333333,0.0,30.5,14.5,0,0.8660254037844386,0.5000000000000001,0.6744436188329455,0.7383263540031065,0,0,0,0
2021-02-13,2021,2,31.4,14.8,16.599999999999998,3.0,0.0,5.5,0.0,504.0,0.0,0.0,29.600000000000005,14.5,15.100000000000001,0.0,29.7,14.6,0,0.8660254037844386,0.5000000000000001,0.6870527672236669,0.7266075247685656,0,0,0,0
2021-02-14,2021,2,31.0,16.2,14.8,2.0,0.0,55.0,0.0,516.0,0.0,0.0,30.53333333333333,14.633333333333333,15.899999999999999,0.0,31.4,14.8,0,0.8660254037844386,0.5000000000000001,0.6994583270516471,0.7146733860429609,0,0,0,0
2021-02-15,2021,2,31.5,17.9,13.600000000000001,2.0,0.0,50.0,0.0,534.0,0.0,0.0,30.7,15.200000000000001,15.5,0.0,31.0,16.2,0,0.8660254037844386,0.5000000000000001,0.7116566222817746,0.7025274741691571,0,0,0,0
2021-02-16,2021,2,32.0,18.4,13.600000000000001,3.0,0.0,52.0,0.0,491.0,0.0,0.0,31.3,16.3,15.0,0.0,31.5,17.9,0,0.8660254037844386,0.5000000000000001,0.7236440382959124,0.6901733882429719,0,0,0,0
2021-02-17,2021,2,31.4,18.4,13.0,3.0,0.0,5.8,0.0,408.0,0.0,0.0,31.5,17.5,14.0,0.0,32.0,18.4,0,0.8660254037844386,0.5000000000000001,0.7354170229639855,0.6776147890466889,0,0,0,0
2021-02-18,2021,2,31.2,18.0,13.2,4.0,0.0,5.5,0.0,504.0,0.0,0.0,31.633333333333336,18.23333333333333,13.4,0.0,31.4,18.4,0,0.8660254037844386,0.5000000000000001,0.7469720876965552,0.6648553979642865,0,0,0,0
2021-02-19,2021,2,29.3,18.2,11.100000000000001,5.0,0.0,53.0,0.0,192.0,0.0,0.0,31.53333333333333,18.266666666666666,13.266666666666666,0.0,31.2,18.0,0,0.8660254037844386,0.5000000000000001,0.7583058084785624,0.6518989958787126,0,0,0,1
2021-02-20,2021,2,29.4,17.2,12.2,4.0,6.6,36.0,160.0,150.0,0.0,0.0,30.633333333333336,18.2,12.433333333333332,0.0,29.3,18.2,1,0.8660254037844386,0.5000000000000001,0.7694148268839378,0.6387494220515272,0,0,1,1
2021-02-21,2021,2,27.0,18.4,8.600000000000001,5.0,0.5,4.6,90.0,318.0,6.6,6.599999999999985,29.96666666666667,17.8,12.166666666666666,6.6,29.4,17.2,1,0.8660254037844386,0.5000000000000001,0.7802958510707755,0.6254105729852463,0,0,1,0
2021-02-22,2021,2,25.8,18.1,7.699999999999999,5.0,3.2,3.5,0.0,504.0,7.1,7.099999999999985,28.566666666666663,17.933333333333334,10.633333333333335,0.5,27.0,18.4,0,0.8660254037844386,0.5000000000000001,0.7909456567567772,0.6118864012687243,0,0,1,0
2021-02-23,2021,2,28.8,18.2,10.600000000000001,4.0,0.0,40.0,0.0,504.0,10.3,10.299999999999986,27.400000000000002,17.9,9.5,3.2,25.8,18.1,0,0.8660254037844386,0.5000000000000001,0.8013610881746766,0.5981809144059164,0,0,0,0
2021-02-24,2021,2,31.1,18.0,13.100000000000001,3.0,0.0,45.0,0.0,504.0,3.7,10.299999999999986,27.2,18.233333333333334,8.966666666666667,0.0,28.8,18.2,0,0.8660254037844386,0.5000000000000001,0.811539059007361,0.5842981736283684,0,0,0,0
2021-02-25,2021,2,31.6,17.4,14.200000000000003,2.0,0.0,5.6,0.0,528.0,3.2,10.299999999999986,28.566666666666666,18.099999999999998,10.466666666666667,0.0,31.1,18.0,0,0.8660254037844386,0.5000000000000001,0.8214765533024142,0.5702422926917871,0,0,0,0
2021-02-26,2021,2,33.0,18.4,14.600000000000001,2.0,0.0,6.0,0.0,480.0,0.0,10.299999999999986,30.5,17.866666666666664,12.633333333333335,0.0,31.6,17.4,0,0.8660254037844386,0.5000000000000001,0.8311706263658079,0.5560174366570446,0,0,0,0
2021-02-27,2021,2,34.1,19.0,15.100000000000001,2.0,0.0,6.8,0.0,510.0,0.0,10.299999999999986,31.900000000000002,17.933333333333334,13.966666666666669,0.0,33.0,18.4,0,0.8660254037844386,0.5000000000000001,0.8406184056344782,0.5416278206559814,0,0,0,0
2021-02-28,2021,2,33.8,20.0,13.799999999999997,3.0,0.0,62.0,0.0,504.0,0.0,3.699999999999986,32.9,18.266666666666666,14.633333333333335,0.0,34.1,19.0,0,0.8660254037844386,0.5000000000000001,0.8498170915275278,0.5270777086423722,0,0,0,0
2021-03-01,2021,3,33.8,17.4,16.4,3.0,0.0,5.5,0.0,450.0,0.0,3.199999999999986,33.63333333333333,19.133333333333336,14.5,0.0,33.8,20.0,0,1.0,6.123233995736766e-17,0.8587639582758029,0.5123714121284237,1,0,0,0
2021-03-02,2021,3,33.6,18.4,15.200000000000003,3.0,0.0,6.0,0.0,450.0,0.0,0.0,33.9,18.799999999999997,15.1,0.0,33.8,17.4,0,1.0,6.123233995736766e-17,0.8674563547295968,0.49751328890718066,1,0,0,0
2021-03-03,2021,3,32.5,18.2,14.3,3.0,0.0,52.0,0.0,450.0,0.0,0.0,33.733333333333334,18.599999999999998,15.133333333333333,0.0,33.6,18.4,0,1.0,6.123233995736766e-17,0.8758917051442429,0.48250774176121847,1,0,0,0
2021-03-04,2021,3,32.3,16.5,15.799999999999997,3.0,0.0,60.0,0.0,504.0,0.0,0.0,33.300000000000004,17.999999999999996,15.300000000000002,0.0,32.5,18.2,0,1.0,6.123233995736766e-17,0.8840675099433636,0.4673592171580022,1,0,0,0
2021-03-05,2021,3,32.0,16.7,15.3,4.0,0.0,5.5,0.0,450.0,0.0,0.0,32.8,17.7,15.1,0.0,32.3,16.5,0,1.0,6.123233995736766e-17,0.8919813464595485,0.45207220393230435,1,0,0,0
2021-03-06,2021,3,33.4,18.4,15.0,3.0,0.0,60.0,0.0,558.0,0.0,0.0,32.266666666666666,17.133333333333336,15.133333333333333,0.0,32.0,16.7,0,1.0,6.123233995736766e-17,0.8996308696522433,0.43665123195606403,1,0,0,0
2021-03-07,2021,3,35.9,17.5,18.4,2.0,0.0,63.0,0.0,516.0,0.0,0.0,32.56666666666666,17.2,15.366666666666665,0.0,33.4,18.4,0,1.0,6.123233995736766e-17,0.9070138128026359,0.4211008707960896,1,0,0,0
2021-03-08,2021,3,33.8,19.0,14.799999999999997,4.0,0.0,78.0,0.0,528.0,0.0,0.0,33.766666666666666,17.53333333333333,16.233333333333334,0.0,35.9,17.5,0,1.0,6.123233995736766e-17,0.9141279881853337,0.40542572835999735,1,0,0,0
2021-03-09,2021,3,33.6,21.3,12.3,5.0,0.0,6.0,0.0,450.0,0.0,0.0,34.36666666666667,18.299999999999997,16.066666666666666,0.0,33.8,19.0,0,1.0,6.123233995736766e-17,0.9209712877166346,0.38963044953078796,1,0,0,0
2021-03-10,2021,3,33.6,19.5,14.100000000000001,4.0,0.0,6.0,0.0,450.0,0.0,0.0,34.43333333333333,19.26666666666667,15.166666666666666,0.0,33.6,21.3,0,1.0,6.123233995736766e-17,0.9275416835791966,0.37371971479046906,1,0,0,0
2021-03-11,2021,3,33.0,20.3,12.7,4.0,0.0,63.0,0.0,450.0,0.0,0.0,33.666666666666664,19.933333333333334,13.733333333333334,0.0,33.6,19.5,0,1.0,6.123233995736766e-17,0.9338372288229252,0.35769823883312546,1,0,0,0
2021-03-12,2021,3,33.4,19.6,13.799999999999997,3.0,0.0,60.0,0.0,528.0,0.0,0.0,33.4,20.366666666666664,13.033333333333333,0.0,33.0,20.3,0,1.0,6.123233995736766e-17,0.9398560579418954,0.3415707691678556,1,0,0,0
2021-03-13,2021,3,32.6,16.7,15.900000000000002,3.0,0.0,60.0,0.0,450.0,0.0,0.0,33.333333333333336,19.8,13.533333333333331,0.0,33.4,19.6,0,1.0,6.123233995736766e-17,0.9455963874271426,0.3253420847119801,1,0,0,0
2021-03-14,2021,3,33.0,18.6,14.399999999999999,3.0,0.0,6.3,0.0,450.0,0.0,0.0,33.0,18.866666666666667,14.133333333333333,0.0,32.6,16.7,0,1.0,6.123233995736766e-17,0.9510565162951535,0.30901699437494745,1,0,0,0
2021-03-15,2021,3,33.8,18.0,15.799999999999997,3.0,0.0,60.0,0.0,450.0,0.0,0.0,33.0,18.3,14.699999999999998,0.0,33.0,18.6,0,1.0,6.123233995736766e-17,0.9562348265919056,0.29260033563334836,1,0,0,0
2021-03-16,2021,3,34.0,19.8,14.2,3.0,0.0,65.0,0.0,468.0,0.0,0.0,33.13333333333333,17.766666666666666,15.366666666666665,0.0,33.8,18.0,0,1.0,6.123233995736766e-17,0.9611297838723007,0.27609697309746883,1,0,0,0
2021-03-17,2021,3,34.4,19.5,14.899999999999999,3.0,0.0,60.0,0.0,450.0,0.0,0.0,33.6,18.8,14.799999999999997,0.0,34.0,19.8,0,1.0,6.123233995736766e-17,0.9657399376548549,0.2595117970697999,1,0,0,0
2021-03-18,2021,3,33.6,19.8,13.8,3.0,0.0,6.3,0.0,450.0,0.0,0.0,34.06666666666666,19.099999999999998,14.966666666666663,0.0,34.4,19.5,0,1.0,6.123233995736766e-17,0.9700639218515071,0.2428497220959356,1,0,0,0
2021-03-19,2021,3,33.8,22.8,10.999999999999996,4.0,0.0,6.0,0.0,432.0,0.0,0.0,34.0,19.7,14.299999999999999,0.0,33.6,19.8,0,1.0,6.123233995736766e-17,0.9741004551724205,0.22611568550828828,1,0,0,0
2021-03-20,2021,3,33.8,19.6,14.199999999999996,3.0,0.0,60.0,0.0,498.0,0.0,0.0,33.93333333333333,20.7,13.233333333333333,0.0,33.8,22.8,0,1.0,6.123233995736766e-17,0.9778483415056568,0.20931464596304847,1,0,0,0
2021-03-21,2021,3,34.2,19.7,14.500000000000004,3.0,0.0,61.0,0.0,450.0,0.0,0.0,33.733333333333334,20.733333333333334,12.999999999999998,0.0,33.8,19.6,0,1.0,6.123233995736766e-17,0.9813064702716093,0.19245158197082998,1,0,0,0
2021-03-22,2021,3,34.6,18.8,15.8,3.0,0.0,6.5,0.0,450.0,0.0,0.0,33.93333333333333,20.7,13.233333333333333,0.0,34.2,19.7,0,1.0,6.123233995736766e-17,0.9844738167520922,0.1755314904214282,1,0,0,0
2021-03-23,2021,3,35.6,25.2,10.400000000000002,5.0,0.0,6.0,0.0,450.0,0.0,0.0,34.199999999999996,19.366666666666664,14.833333333333334,0.0,34.6,18.8,0,1.0,6.123233995736766e-17,0.9873494423939864,0.15855938510313478,1,0,0,0
2021-03-24,2021,3,35.6,20.8,14.8,3.0,0.0,78.0,0.0,564.0,0.0,0.0,34.800000000000004,21.233333333333334,13.566666666666668,0.0,35.6,25.2,0,1.0,6.123233995736766e-17,0.989932495087353,0.141540295217043,1,0,0,0
2021-03-25,2021,3,34.5,21.6,12.899999999999999,3.0,0.0,73.0,0.0,450.0,0.0,0.0,35.26666666666667,21.599999999999998,13.666666666666666,0.0,35.6,20.8,0,1.0,6.123233995736766e-17,0.9922222094179323,0.12447926388678915,1,0,0,0
2021-03-26,2021,3,35.1,21.6,13.5,3.0,0.0,7.5,0.0,450.0,0.0,0.0,35.23333333333334,22.533333333333335,12.700000000000001,0.0,34.5,21.6,0,1.0,6.123233995736766e-17,0.994217906893952,0.10738134666416309,1,0,0,0
2021-03-27,2021,3,35.7,21.0,14.700000000000003,3.0,0.0,70.0,0.0,498.0,0.0,0.0,35.06666666666667,21.333333333333332,13.733333333333334,0.0,35.1,21.6,0,1.0,6.123233995736766e-17,0.995918996147179,0.09025161003104117,1,0,0,0
2021-03-28,2021,3,35.0,22.5,12.5,4.0,0.0,70.0,0.0,450.0,0.0,0.0,35.1,21.400000000000002,13.700000000000001,0.0,35.7,21.0,0,1.0,6.123233995736766e-17,0.9973249731081555,0.07309512989807777,1,0,0,0
2021-03-29,2021,3,34.0,21.7,12.3,2.0,0.0,67.0,0.0,450.0,0.0,0.0,35.26666666666667,21.7,13.566666666666668,0.0,35.0,22.5,0,1.0,6.123233995736766e-17,0.9984354211555643,0.055916990100603484,1,0,0,0
2021-03-30,2021,3,35.4,24.1,11.299999999999997,5.0,0.0,6.0,0.0,450.0,0.0,0.0,34.9,21.733333333333334,13.166666666666666,0.0,34.0,21.7,0,1.0,6.123233995736766e-17,0.9992500112396835,0.03872228089217446,1,0,0,0
2021-03-31,2021,3,35.4,22.4,13.0,2.0,0.0,6.5,0.0,450.0,0.0,0.0,34.800000000000004,22.76666666666667,12.033333333333331,0.0,35.4,24.1,0,1.0,6.123233995736766e-17,0.9997685019798909,0.021516097436222254,1,0,0,0
2021-04-01,2021,4,37.2,23.1,14.100000000000001,4.0,0.0,6.7,0.0,486.0,0.0,0.0,34.93333333333333,22.733333333333334,12.199999999999998,0.0,35.4,22.4,0,0.8660254037844387,-0.4999999999999998,0.9999907397361901,0.004303538296244289,1,0,0,0
2021-04-02,2021,4,36.7,21.4,15.300000000000004,4.0,0.0,70.0,0.0,480.0,0.0,0.0,36.0,23.2,12.799999999999999,0.0,37.2,23.1,0,0.8660254037844387,-0.4999999999999998,0.9999166586547379,-0.01291029607500882,1,0,0,0
2021-04-03,2021,4,36.8,22.4,14.399999999999999,4.0,0.0,75.0,0.0,540.0,0.0,0.0,36.43333333333333,22.3,14.133333333333335,0.0,36.7,21.4,0,0.8660254037844387,-0.4999999999999998,0.9995462806873573,-0.030120304846908114,1,0,0,0
2021-04-04,2021,4,35.0,23.0,12.0,3.0,0.0,60.0,30.0,456.0,0.0,0.0,36.9,22.3,14.600000000000001,0.0,36.8,22.4,0,0.8660254037844387,-0.4999999999999998,0.9988797155850336,-0.04732138832243185,1,0,0,0
2021-04-05,2021,4,36.0,22.8,13.2,3.0,0.0,65.0,0.0,491.0,0.0,0.0,36.166666666666664,22.266666666666666,13.9,0.0,35.0,23.0,0,0.8660254037844387,-0.4999999999999998,0.9979171608653922,-0.06450844944931623,1,0,0,0
2021-04-06,2021,4,35.3,22.5,12.799999999999997,3.0,0.0,60.0,0.0,426.0,0.0,0.0,35.93333333333333,22.733333333333334,13.199999999999998,0.0,36.0,22.8,0,0.8660254037844387,-0.4999999999999998,0.9966589017541702,-0.08167639533042241,1,0,0,0
2021-04-07,2021,4,34.8,20.8,13.999999999999996,3.0,0.0,6.8,0.0,384.0,0.0,0.0,35.43333333333333,22.766666666666666,12.666666666666666,0.0,35.3,22.5,0,0.8660254037844387,-0.4999999999999998,0.9951053111006976,-0.09882013873287143,1,0,0,0
2021-04-08,2021,4,35.6,22.6,13.0,3.0,0.0,58.0,0.0,426.0,0.0,0.0,35.36666666666667,22.03333333333333,13.33333333333333,0.0,34.8,20.8,0,0.8660254037844387,-0.4999999999999998,0.9932568492674143,-0.11593459959550041,1,0,0,0
2021-04-09,2021,4,35.0,22.0,13.0,3.0,0.0,55.0,0.0,330.0,0.0,0.0,35.23333333333333,21.96666666666667,13.266666666666666,0.0,35.6,22.6,0,0.8660254037844387,-0.4999999999999998,0.9911140639934547,-0.1330147065341959,1,0,0,0
2021-04-10,2021,4,34.8,21.0,13.799999999999997,3.0,0.0,60.0,0.0,426.0,0.0,0.0,35.13333333333333,21.8,13.333333333333334,0.0,35.0,22.0,0,0.8660254037844387,-0.4999999999999998,0.9886775902323405,-0.1500553983446526,1,0,0,0
2021-04-11,2021,4,33.8,21.5,12.299999999999997,3.0,0.0,6.1,0.0,324.0,0.0,0.0,35.13333333333333,21.866666666666664,13.266666666666666,0.0,34.8,21.0,0,0.8660254037844387,-0.4999999999999998,0.9859481499638304,-0.16705162550211924,1,0,0,0
2021-04-12,2021,4,34.4,22.6,11.799999999999997,3.0,0.0,65.0,0.0,426.0,0.0,0.0,34.53333333333333,21.5,13.033333333333331,0.0,33.8,21.5,0,0.8660254037844387,-0.4999999999999998,0.9829265519799822,-0.18399835165768005,1,0,0,0
2021-04-14,2021,4,33.4,23.4,10.0,3.0,0.0,64.0,0.0,426.0,0.0,0.0,34.333333333333336,21.7,12.633333333333331,0.0,34.4,22.6,0,0.8660254037844387,-0.4999999999999998,0.9760105506323683,-0.21772323039653177,1,0,0,1
2021-04-15,2021,4,33.2,19.8,13.400000000000002,3.0,1.9,4.8,120.0,72.0,0.0,0.0,33.86666666666667,22.5,11.366666666666665,0.0,33.4,23.4,1,0.8660254037844387,-0.4999999999999998,0.9721181966290613,-0.23449138957040985,1,0,1,1
2021-04-16,2021,4,32.6,20.8,11.8,3.0,0.3,65.0,20.0,234.0,1.9,1.8999999999999857,33.666666666666664,21.933333333333334,11.733333333333334,1.9,33.2,19.8,1,0.8660254037844387,-0.4999999999999998,0.9679377830240642,-0.25119006388481935,1,0,1,0
2021-04-17,2021,4,33.4,22.4,11.0,3.0,0.0,65.0,0.0,444.0,2.1999999999999997,2.1999999999999855,33.06666666666667,21.333333333333332,11.733333333333334,0.3,32.6,20.8,0,0.8660254037844387,-0.4999999999999998,0.9634705485641488,-0.2678143051621742,1,0,0,0
2021-04-18,2021,4,33.4,23.4,10.0,2.0,0.0,7.3,0.0,426.0,2.1999999999999997,2.1999999999999855,33.06666666666667,21.0,12.066666666666668,0.0,33.4,22.4,0,0.8660254037844387,-0.4999999999999998,0.9587178169872964,-0.2843591872810034,1,0,0,0
2021-04-19,2021,4,34.3,22.7,11.599999999999998,4.0,0.0,6.3,0.0,372.0,0.3,2.1999999999999855,33.13333333333333,22.2,10.933333333333332,0.0,33.4,23.4,0,0.8660254037844387,-0.4999999999999998,0.9536809966304457,-0.30081980763566735,1,0,0,0
2021-04-20,2021,4,34.6,23.4,11.200000000000003,4.0,0.0,3.5,0.0,240.0,0.0,2.1999999999999855,33.699999999999996,22.833333333333332,10.866666666666665,0.0,34.3,22.7,0,0.8660254037844387,-0.4999999999999998,0.9483615800121715,-0.3171912885891061,1,0,0,1
2021-04-21,2021,4,34.4,22.8,11.599999999999998,3.0,0.0,56.0,0.0,264.0,0.0,2.1999999999999855,34.099999999999994,23.166666666666668,10.933333333333332,0.0,34.6,23.4,1,0.8660254037844387,-0.4999999999999998,0.9427611433904207,-0.3334687789181868,1,0,0,1
2021-04-23,2021,4,32.2,21.0,11.200000000000003,3.0,21.4,4.5,165.0,288.0,0.0,2.1999999999999855,34.43333333333333,22.96666666666667,11.466666666666667,0.0,34.4,22.8,1,0.8660254037844387,-0.4999999999999998,0.9307239310379795,-0.36572252349726897,1,0,1,1
2021-04-24,2021,4,31.7,20.0,11.7,3.0,65.8,38.0,0.0,354.0,21.4,21.699999999999985,33.733333333333334,22.399999999999995,11.333333333333334,21.4,32.2,21.0,1,0.8660254037844387,-0.4999999999999998,0.9242907221930934,-0.3816892202666588,1,0,1,1
2021-04-25,2021,4,31.9,21.8,10.099999999999998,3.0,0.0,50.0,0.0,378.0,87.19999999999999,87.19999999999999,32.766666666666666,21.26666666666667,11.5,65.8,31.7,20.0,1,0.8660254037844387,-0.4999999999999998,0.9175836260593937,-0.39754281428255595,1,0,0,0
2021-04-26,2021,4,32.4,23.0,9.399999999999999,2.0,0.0,6.0,0.0,300.0,87.2,87.19999999999997,31.933333333333334,20.933333333333334,11.0,0.0,31.9,21.8,0,0.8660254037844387,-0.4999999999999998,0.9106046300942163,-0.4132786077829042,1,0,0,0
2021-04-27,2021,4,33.6,23.0,10.600000000000001,2.0,0.0,6.3,0.0,468.0,65.80000000000001,87.19999999999997,32.0,21.599999999999998,10.399999999999999,0.0,32.4,23.0,0,0.8660254037844387,-0.4999999999999998,0.9033558023246845,-0.4288919379124835,1,0,0,0
2021-04-28,2021,4,33.0,21.5,11.5,1.0,0.0,6.0,0.0,426.0,0.0,87.19999999999997,32.63333333333333,22.599999999999998,10.033333333333333,0.0,33.6,23.0,0,0.8660254037844387,-0.4999999999999998,0.895839290734909,-0.4443781781046132,1,0,0,0
2021-04-29,2021,4,34.0,24.8,9.2,2.0,0.0,50.0,0.0,390.0,0.0,87.19999999999997,33.0,22.5,10.5,0.0,33.0,21.5,0,0.8660254037844387,-0.4999999999999998,0.8880573226294932,-0.45973273945210397,1,0,0,1
2021-04-30,2021,4,34.4,21.2,13.2,3.0,0.0,6.0,0.0,282.0,0.0,87.19999999999997,33.53333333333333,23.100000000000005,10.433333333333334,0.0,34.0,24.8,1,0.8660254037844387,-0.4999999999999998,0.8800122039735357,-0.47495107206704995,1,0,0,1
2021-05-01,2021,5,33.4,22.5,10.899999999999999,2.0,0.0,58.0,5.0,264.0,0.0,65.79999999999998,33.800000000000004,22.5,11.299999999999999,0.0,34.4,21.2,1,0.49999999999999994,-0.8660254037844387,0.8717063187093219,-0.49002866642905923,1,0,0,0
2021-05-02,2021,5,32.9,23.4,9.5,2.0,0.0,5.5,2.0,342.0,0.0,0.0,33.93333333333334,22.833333333333332,11.1,0.0,33.4,22.5,0,0.49999999999999994,-0.8660254037844387,0.8631421280499114,-0.5049610547215204,1,0,0,0
2021-05-03,2021,5,33.0,22.7,10.3,3.0,0.0,49.0,2.0,342.0,0.0,0.0,33.56666666666667,22.366666666666664,11.199999999999998,0.0,32.9,23.4,0,0.49999999999999994,-0.8660254037844387,0.854322169749827,-0.5197438121555155,1,0,0,0
2021-05-04,2021,5,32.7,22.7,10.000000000000004,2.0,0.0,6.8,0.0,342.0,0.0,0.0,33.1,22.866666666666664,10.233333333333333,0.0,33.0,22.7,0,0.49999999999999994,-0.8660254037844387,0.8452490573530633,-0.5343725582809786,1,0,0,1
2021-05-05,2021,5,31.8,23.0,8.8,2.0,0.8,1.5,35.0,245.0,0.0,0.0,32.86666666666667,23.049999999999997,9.9,0.0,32.7,,1,0.49999999999999994,-0.8660254037844387,0.8359254794186372,-0.548842958284719,1,0,1,0
2021-05-06,2021,5,33.7,23.9,9.800000000000004,3.0,0.0,5.5,2.0,342.0,0.8,0.7999999999999716,32.5,22.85,9.55,0.8,31.8,23.0,0,0.49999999999999994,-0.8660254037844387,0.8263541987239096,-0.5631507242749186,1,0,0,0
2021-05-07,2021,5,33.0,22.6,10.399999999999999,3.0,0.0,68.0,0.0,234.0,0.8,0.7999999999999716,32.733333333333334,23.45,9.300000000000002,0.0,33.7,23.9,0,0.49999999999999994,-0.8660254037844387,0.8165380514459161,-0.5772916165517272,1,0,0,0
2021-05-08,2021,5,33.0,23.3,9.7,3.0,0.0,68.0,2.0,342.0,0.8,0.7999999999999716,32.833333333333336,23.166666666666668,9.666666666666668,0.0,33.0,22.6,0,0.49999999999999994,-0.8660254037844387,0.8064799463209448,-0.5912614448635781,1,0,0,0
2021-05-09,2021,5,32.7,22.3,10.400000000000002,3.0,0.0,70.0,2.0,372.0,0.0,0.7999999999999716,33.233333333333334,23.266666666666666,9.966666666666667,0.0,33.0,23.3,0,0.49999999999999994,-0.8660254037844387,0.7961828637826158,-0.6050560696488488,1,0,0,0
2021-05-10,2021,5,34.4,24.5,9.899999999999999,2.0,0.0,5.5,2.0,342.0,0.0,0.7999999999999716,32.9,22.733333333333334,10.166666666666666,0.0,32.7,22.3,0,0.49999999999999994,-0.8660254037844387,0.7856498550787147,-0.6186714032625031,1,0,0,1
2021-05-11,2021,5,33.8,23.4,10.399999999999999,3.0,2.1,5.5,2.0,342.0,0.0,0.7999999999999716,33.36666666666667,23.366666666666664,10.0,0.0,34.4,24.5,1,0.49999999999999994,-0.8660254037844387,0.7748840413670407,-0.6321034111873487,1,0,1,1
2021-05-12,2021,5,33.9,23.5,10.399999999999999,3.0,0.0,5.5,2.0,0.0,2.1,2.899999999999972,33.63333333333333,23.400000000000002,10.233333333333333,2.1,33.8,23.4,1,0.49999999999999994,-0.8660254037844387,0.7638886127905428,-0.6453481132295501,1,0,0,1
2021-05-13,2021,5,31.9,20.7,11.2,1.0,35.0,5.5,2.0,342.0,2.1,2.0999999999999717,34.03333333333333,23.8,10.233333333333333,0.0,33.9,23.5,1,0.49999999999999994,-0.8660254037844387,0.7526668275320084,-0.6584015846980488,1,0,1,1
2021-05-14,2021,5,31.9,21.4,10.5,2.0,26.2,5.5,255.0,396.0,37.1,37.09999999999997,33.199999999999996,22.53333333333333,10.666666666666666,35.0,31.9,20.7,1,0.49999999999999994,-0.8660254037844387,0.741222010848596,-0.6712599575675313,1,0,1,1
2021-05-15,2021,5,32.6,22.2,10.400000000000002,5.0,0.0,5.5,2.0,342.0,61.2,63.29999999999997,32.56666666666667,21.866666666666664,10.699999999999998,26.2,31.9,21.4,1,0.49999999999999994,-0.8660254037844387,0.7295575540864875,-0.6839194216246106,1,0,0,0
2021-05-16,2021,5,28.0,21.4,6.600000000000001,5.0,0.0,4.5,165.0,54.0,61.2,63.29999999999997,32.13333333333333,21.433333333333334,10.700000000000001,0.0,32.6,22.2,0,0.49999999999999994,-0.8660254037844387,0.717676913675962,-0.6963762255968722,1,0,0,0
2021-05-17,2021,5,27.8,21.0,6.800000000000001,5.0,0.0,5.5,2.0,342.0,26.2,63.29999999999997,30.833333333333332,21.666666666666668,9.166666666666668,0.0,28.0,21.4,0,0.49999999999999994,-0.8660254037844387,0.705583610107178,-0.7086266782644596,1,0,0,1
2021-05-18,2021,5,32.6,21.6,11.0,5.0,0.0,5.5,2.0,342.0,0.0,63.29999999999997,29.46666666666667,21.53333333333333,7.9333333333333345,0.0,27.8,21.0,1,0.49999999999999994,-0.8660254037844387,0.6932812268869777,-0.7206671495538609,1,0,0,1
2021-05-19,2021,5,33.1,21.6,11.5,4.0,0.0,5.5,2.0,342.0,0.0,61.199999999999974,29.46666666666667,21.333333333333332,8.133333333333335,0.0,32.6,21.6,1,0.49999999999999994,-0.8660254037844387,0.6807734094770161,-0.7324940716135789,1,0,0,1
2021-05-20,2021,5,33.4,22.2,11.2,5.0,0.0,5.5,2.0,594.0,0.0,61.199999999999974,31.166666666666668,21.400000000000002,9.766666666666667,0.0,33.1,21.6,1,0.49999999999999994,-0.8660254037844387,0.6680638642135335,-0.7441039398713607,1,0,0,1
2021-05-21,2021,5,30.8,21.6,9.2,5.0,2.7,5.5,2.0,342.0,0.0,26.19999999999997,33.03333333333333,21.8,11.233333333333334,0.0,33.4,22.2,1,0.49999999999999994,-0.8660254037844387,0.6551563572090853,-0.7554933140726803,1,0,1,1
2021-05-22,2021,5,28.5,21.0,7.5,3.0,25.3,5.5,2.0,342.0,2.7,2.6999999999999718,32.43333333333333,21.8,10.633333333333333,2.7,30.8,21.6,1,0.49999999999999994,-0.8660254037844387,0.6420547132365637,-0.766658819300159,1,0,1,1
2021-05-23,2021,5,29.5,20.9,8.600000000000001,4.0,7.4,5.5,2.0,342.0,28.0,27.99999999999997,30.899999999999995,21.599999999999998,9.299999999999999,25.3,28.5,21.0,1,0.49999999999999994,-0.8660254037844387,0.6287628145958344,-0.777597146973627,1,0,1,0
2021-05-24,2021,5,30.2,22.0,8.2,4.0,0.0,5.5,2.0,342.0,35.4,35.39999999999997,29.599999999999998,21.166666666666668,8.433333333333334,7.4,29.5,20.9,0,0.49999999999999994,-0.8660254037844387,0.6152845999633276,-0.7883050558305255,1,0,0,0
2021-05-25,2021,5,31.7,22.0,9.7,5.0,0.0,5.5,2.0,342.0,32.699999999999996,35.39999999999997,29.399999999999995,21.3,8.1,0.0,30.2,22.0,0,0.49999999999999994,-0.8660254037844387,0.6016240632249226,-0.7987793728863649,1,0,0,1
2021-05-26,2021,5,30.2,20.4,9.8,5.0,31.0,5.5,2.0,342.0,7.4,35.39999999999997,30.466666666666665,21.633333333333336,8.833333333333334,0.0,31.7,22.0,1,0.49999999999999994,-0.8660254037844387,0.5877852522924732,-0.8090169943749473,1,0,1,0
2021-05-27,2021,5,30.1,21.2,8.900000000000002,1.0,0.0,5.5,0.0,330.0,31.0,66.39999999999998,30.7,21.466666666666665,9.233333333333333,31.0,30.2,20.4,0,0.49999999999999994,-0.8660254037844387,0.5737722679043246,-0.8190148866680801,1,0,0,0
2021-05-28,2021,5,30.6,20.4,10.200000000000003,7.0,0.0,5.5,2.0,342.0,31.0,66.39999999999998,30.666666666666668,21.2,9.466666666666667,0.0,30.1,21.2,0,0.49999999999999994,-0.8660254037844387,0.5595892624101765,-0.8287700871745038,1,0,0,0
2021-05-29,2021,5,30.9,21.0,9.899999999999999,5.0,0.0,5.5,2.0,342.0,31.0,63.69999999999997,30.299999999999997,20.666666666666664,9.633333333333335,0.0,30.6,20.4,0,0.49999999999999994,-0.8660254037844387,0.545240438540651,-0.8382797052177744,1,0,0,0
2021-05-30,2021,5,31.9,20.9,11.0,5.0,0.0,6.3,0.0,606.0,0.0,38.39999999999997,30.53333333333333,20.866666666666664,9.666666666666668,0.0,30.9,21.0,0,0.49999999999999994,-0.8660254037844387,0.5307300481619334,-0.8475409228928311,1,0,0,0
2021-05-31,2021,5,32.1,21.4,10.700000000000003,6.0,0.0,5.5,2.0,540.0,0.0,30.99999999999997,31.13333333333333,20.766666666666666,10.366666666666667,0.0,31.9,20.9,0,0.49999999999999994,-0.8660254037844387,0.5160623910158528,-0.8565509959010036,1,0,0,0
2021-06-01,2021,6,32.3,21.1,11.199999999999996,6.0,0.0,60.0,0.0,642.0,0.0,30.99999999999997,31.63333333333333,21.099999999999998,10.533333333333333,0.0,32.1,21.4,0,1.2246467991473532e-16,-1.0,0.5012418134457758,-0.865307254363206,2,0,0,1
2021-06-02,2021,6,32.0,22.2,9.8,4.0,1.1,6.0,11.0,195.0,0.0,30.99999999999997,32.099999999999994,21.133333333333333,10.966666666666667,0.0,32.3,21.1,1,1.2246467991473532e-16,-1.0,0.48627270710869,-0.8738071036110808,2,0,1,1
2021-06-03,2021,6,33.7,21.9,11.800000000000004,3.0,0.4,5.0,11.0,402.0,1.1,1.0999999999999717,32.133333333333326,21.566666666666666,10.566666666666666,1.1,32.0,22.2,1,1.2246467991473532e-16,-1.0,0.4711595076738638,-0.8820480249558537,2,0,1,1
2021-06-04,2021,6,31.0,21.4,9.600000000000001,1.0,52.4,44.0,11.0,120.0,1.5,1.4999999999999716,32.666666666666664,21.733333333333334,10.933333333333332,0.4,33.7,21.9,1,1.2246467991473532e-16,-1.0,0.4559066935084588,-0.8900275764346767,2,0,1,1
2021-06-05,2021,6,31.5,21.2,10.3,2.0,12.6,5.0,395.0,258.0,53.9,53.89999999999997,32.23333333333333,21.833333333333332,10.400000000000002,52.4,31.0,21.4,1,1.2246467991473532e-16,-1.0,0.440518784350495,-0.8977433935342337,2,0,1,1
2021-06-06,2021,6,29.2,20.7,8.5,4.0,4.6,56.0,11.0,195.0,65.39999999999999,66.49999999999997,32.06666666666666,21.5,10.566666666666668,12.6,31.5,21.2,1,1.2246467991473532e-16,-1.0,0.42500033996955416,-0.9051931898913974,2,0,1,0
2021-06-07,2021,6,29.7,22.1,7.599999999999998,4.0,0.4,5.0,15.0,552.0,69.6,71.09999999999997,30.566666666666663,21.099999999999998,9.466666666666667,4.6,29.2,20.7,0,1.2246467991473532e-16,-1.0,0.4093559588156213,-0.9123747579707273,2,0,1,0
2021-06-08,2021,6,31.0,21.9,9.100000000000001,4.0,0.0,6.0,11.0,195.0,17.599999999999998,71.49999999999997,30.13333333333333,21.333333333333332,8.799999999999999,0.4,29.7,22.1,0,1.2246467991473532e-16,-1.0,0.39359027665646673,-0.9192859697186104,2,0,0,0
2021-06-09,2021,6,31.1,20.5,10.600000000000001,5.0,0.0,55.0,11.0,195.0,5.0,71.49999999999997,29.966666666666665,21.566666666666666,8.4,0.0,31.0,21.9,0,1.2246467991473532e-16,-1.0,0.3777079652039649,-0.9259247771938498,2,0,0,0
2021-06-10,2021,6,29.5,20.4,9.100000000000001,5.0,3.2,5.0,11.0,354.0,0.4,70.39999999999998,30.599999999999994,21.5,9.1,0.0,31.1,20.5,0,1.2246467991473532e-16,-1.0,0.36171373072976765,-0.9322892131745133,2,0,1,0
2021-06-11,2021,6,29.0,20.4,8.600000000000001,6.0,0.0,60.0,11.0,195.0,3.2,73.19999999999997,30.53333333333333,20.933333333333334,9.600000000000001,3.2,29.5,20.4,0,1.2246467991473532e-16,-1.0,0.3456123126707335,-0.9383773917408641,2,0,0,0
2021-06-12,2021,6,28.2,20.0,8.2,7.0,0.0,60.0,11.0,195.0,3.2,20.799999999999972,29.866666666666664,20.433333333333334,9.433333333333335,0.0,29.0,20.4,0,1.2246467991473532e-16,-1.0,0.3294084822245304,-0.9441875088341993,2,0,0,0
2021-06-13,2021,6,29.0,20.0,9.0,5.0,3.0,5.0,11.0,195.0,3.2,8.19999999999997,28.899999999999995,20.266666666666666,8.633333333333335,0.0,28.2,20.0,0,1.2246467991473532e-16,-1.0,0.3131070409358269,-0.9497178427914316,2,0,1,0
2021-06-14,2021,6,27.6,21.0,6.600000000000001,6.0,0.0,5.0,11.0,84.0,3.0,6.599999999999971,28.73333333333333,20.133333333333336,8.6,3.0,29.0,20.0,0,1.2246467991473532e-16,-1.0,0.29671281927349075,-0.9549667548552551,2,0,0,0
2021-06-15,2021,6,26.5,20.2,6.300000000000001,7.0,4.2,5.0,11.0,195.0,3.0,6.199999999999971,28.266666666666666,20.333333333333332,7.933333333333334,0.0,27.6,21.0,0,1.2246467991473532e-16,-1.0,0.2802306751992159,-0.9599326896597447,2,0,1,0
2021-06-16,2021,6,26.7,20.8,5.899999999999999,6.0,0.4,5.0,11.0,195.0,7.2,10.399999999999972,27.7,20.4,7.300000000000001,4.2,26.5,20.2,0,1.2246467991473532e-16,-1.0,0.26366549272800704,-0.9646141756912435,2,0,1,0
2021-06-17,2021,6,28.0,20.8,7.199999999999999,6.0,5.0,5.0,11.0,192.0,4.6000000000000005,10.799999999999972,26.933333333333326,20.666666666666668,6.266666666666667,0.4,26.7,20.8,0,1.2246467991473532e-16,-1.0,0.24702218048093552,-0.9690098257244062,2,0,1,0
2021-06-18,2021,6,28.4,20.4,8.0,7.0,1.2,5.0,11.0,204.0,9.600000000000001,12.599999999999973,27.066666666666663,20.6,6.466666666666666,5.0,28.0,20.8,0,1.2246467991473532e-16,-1.0,0.23030567023061221,-0.9731183372332619,2,0,1,0
2021-06-19,2021,6,28.0,20.8,7.199999999999999,7.0,0.0,5.0,11.0,60.0,6.6000000000000005,13.799999999999972,27.7,20.666666666666668,7.033333333333332,1.2,28.4,20.4,0,1.2246467991473532e-16,-1.0,0.21352091543979612,-0.9769384927771817,2,0,0,0
2021-06-20,2021,6,28.2,20.5,7.699999999999999,7.0,0.0,5.0,11.0,195.0,6.2,13.799999999999972,28.13333333333333,20.666666666666668,7.466666666666666,0.0,28.0,20.8,0,1.2246467991473532e-16,-1.0,0.19667288979357647,-0.980469160361632,2,0,0,0
2021-06-21,2021,6,29.6,20.4,9.200000000000003,5.0,0.0,5.0,11.0,438.0,1.2,10.799999999999972,28.2,20.566666666666666,7.633333333333333,0.0,28.2,20.5,0,1.2246467991473532e-16,-1.0,0.1797665857255624,-0.9837092937736097,2,0,0,0
2021-06-22,2021,6,30.6,21.0,9.600000000000001,5.0,0.0,5.0,11.0,444.0,0.0,10.799999999999972,28.599999999999998,20.566666666666666,8.033333333333333,0.0,29.6,20.4,0,1.2246467991473532e-16,-1.0,0.16280701293851715,-0.986657932891657,2,0,0,0
2021-06-23,2021,6,28.4,21.2,7.199999999999999,2.0,0.0,5.0,11.0,195.0,0.0,6.599999999999972,29.466666666666665,20.633333333333336,8.833333333333334,0.0,30.6,21.0,0,1.2246467991473532e-16,-1.0,0.1457991969198751,-0.9893142039703663,2,0,0,0
2021-06-24,2021,6,30.5,21.4,9.100000000000001,4.0,1.0,60.0,11.0,186.0,0.0,6.199999999999972,29.53333333333333,20.866666666666667,8.666666666666668,0.0,28.4,21.2,0,1.2246467991473532e-16,-1.0,0.12874817745258132,-0.99167731989929,2,0,1,0
2021-06-25,2021,6,29.4,20.1,9.299999999999997,6.0,0.0,55.0,11.0,108.0,1.0,2.1999999999999718,29.833333333333332,21.2,8.633333333333335,1.0,30.5,21.4,0,1.2246467991473532e-16,-1.0,0.11165900712169512,-0.993746580436178,2,0,0,0
2021-06-26,2021,6,29.7,20.5,9.2,6.0,0.0,55.0,11.0,204.0,1.0,0.9999999999999716,29.433333333333326,20.9,8.533333333333333,0.0,29.4,20.1,0,1.2246467991473532e-16,-1.0,0.09453674981719912,-0.9955213724144752,2,0,0,1
2021-06-27,2021,6,27.2,20.2,7.0,5.0,2.2,5.5,11.0,48.0,1.0,0.9999999999999716,29.866666666666664,20.666666666666668,9.2,0.0,29.7,20.5,1,1.2246467991473532e-16,-1.0,0.07738647923346301,-0.9970011699250151,2,0,1,0
2021-06-28,2021,6,26.6,20.8,5.800000000000001,4.0,0.4,45.0,11.0,120.0,2.2,3.1999999999999718,28.766666666666666,20.266666666666666,8.499999999999998,2.2,27.2,20.2,0,1.2246467991473532e-16,-1.0,0.06021327736579302,-0.9981855344718586,2,0,1,0
2021-06-29,2021,6,27.6,20.9,6.700000000000003,1.0,0.0,55.0,11.0,48.0,2.6,3.5999999999999717,27.83333333333333,20.5,7.333333333333333,0.4,26.6,20.8,0,1.2246467991473532e-16,-1.0,0.04302223300453059,-0.99907411510223,2,0,0,0
2021-06-30,2021,6,32.6,22.5,10.100000000000001,4.0,0.0,5.5,11.0,408.0,2.6,3.5999999999999717,27.13333333333333,20.633333333333333,6.500000000000001,0.0,27.6,20.9,0,1.2246467991473532e-16,-1.0,0.02581844022713308,-0.9996666485105112,2,0,0,1
2021-07-01,2021,7,32.7,23.0,9.700000000000003,2.0,2.6,55.0,40.0,491.0,0.4,3.5999999999999717,28.933333333333334,21.400000000000002,7.533333333333335,0.0,32.6,22.5,1,-0.4999999999999997,-0.8660254037844388,0.008606996888688698,-0.9999629591162655,2,0,1,0
2021-07-02,2021,7,30.0,22.0,8.0,4.0,0.0,50.0,10.0,96.0,2.6,5.199999999999972,30.96666666666667,22.133333333333336,8.833333333333336,2.6,32.7,23.0,0,-0.4999999999999997,-0.8660254037844388,-0.008606996888688009,-0.9999629591162655,2,0,0,0
2021-07-03,2021,7,31.4,21.7,9.7,5.0,0.0,55.0,10.0,432.0,2.6,5.199999999999972,31.766666666666666,22.5,9.266666666666667,0.0,30.0,22.0,0,-0.4999999999999997,-0.8660254037844388,-0.02581844022713239,-0.9996666485105112,2,0,0,0
2021-07-04,2021,7,31.0,22.4,8.600000000000001,4.0,0.0,50.0,10.0,264.0,2.6,5.199999999999972,31.366666666666664,22.233333333333334,9.133333333333335,0.0,31.4,21.7,0,-0.4999999999999997,-0.8660254037844388,-0.04302223300453034,-0.99907411510223,2,0,0,1
2021-07-05,2021,7,30.8,20.1,10.7,4.0,46.6,46.0,10.0,204.0,0.0,2.9999999999999716,30.8,22.03333333333333,8.766666666666667,0.0,31.0,22.4,1,-0.4999999999999997,-0.8660254037844388,-0.060213277365792774,-0.9981855344718586,2,0,1,0
2021-07-06,2021,7,29.4,20.2,9.2,3.0,1.3,4.8,10.0,378.0,46.6,49.199999999999974,31.066666666666666,21.400000000000002,9.666666666666666,46.6,30.8,20.1,0,-0.4999999999999997,-0.8660254037844388,-0.07738647923346322,-0.9970011699250151,2,0,1,1
2021-07-07,2021,7,30.0,22.3,7.699999999999999,2.0,0.0,50.0,10.0,180.0,47.9,50.49999999999997,30.400000000000002,20.9,9.5,1.3,29.4,20.2,1,-0.4999999999999997,-0.8660254037844388,-0.09453674981719933,-0.9955213724144752,2,0,0,1
2021-07-08,2021,7,29.4,21.8,7.599999999999998,4.0,0.0,40.0,10.0,240.0,47.9,50.49999999999997,30.066666666666666,20.866666666666664,9.2,0.0,30.0,22.3,1,-0.4999999999999997,-0.8660254037844388,-0.11165900712169444,-0.9937465804361781,2,0,0,0
2021-07-09,2021,7,30.1,22.2,7.900000000000002,3.0,0.0,45.0,10.0,288.0,1.3,47.89999999999997,29.599999999999998,21.433333333333337,8.166666666666666,0.0,29.4,21.8,0,-0.4999999999999997,-0.8660254037844388,-0.12874817745258066,-0.99167731989929,2,0,0,1
2021-07-10,2021,7,29.0,21.3,7.699999999999999,5.0,0.2,40.0,10.0,168.0,0.0,47.89999999999997,29.833333333333332,22.099999999999998,7.733333333333333,0.0,30.1,22.2,1,-0.4999999999999997,-0.8660254037844388,-0.14579919691987442,-0.9893142039703664,2,0,1,0
2021-07-11,2021,7,26.8,20.1,6.699999999999999,7.0,0.6,40.0,10.0,30.0,0.2,48.09999999999997,29.5,21.76666666666667,7.733333333333333,0.2,29.0,21.3,0,-0.4999999999999997,-0.8660254037844388,-0.16280701293851646,-0.9866579328916572,2,0,1,0
2021-07-12,2021,7,26.8,20.2,6.600000000000001,6.0,0.0,45.0,10.0,24.0,0.8,48.699999999999974,28.633333333333336,21.2,7.433333333333334,0.6,26.8,20.1,0,-0.4999999999999997,-0.8660254037844388,-0.17976658572556214,-0.9837092937736098,2,0,0,0
2021-07-13,2021,7,27.0,20.4,6.600000000000001,7.0,0.0,35.0,10.0,132.0,0.7999999999999999,2.0999999999999717,27.53333333333333,20.533333333333335,7.0,0.0,26.8,20.2,0,-0.4999999999999997,-0.8660254037844388,-0.19667288979357622,-0.9804691603616321,2,0,0,0
2021-07-14,2021,7,25.2,20.5,4.699999999999999,5.0,9.2,5.0,10.0,0.0,0.5999999999999999,0.7999999999999716,26.866666666666664,20.233333333333334,6.633333333333334,0.0,27.0,20.4,0,-0.4999999999999997,-0.8660254037844388,-0.2135209154397959,-0.9769384927771817,2,0,1,0
2021-07-15,2021,7,25.2,19.9,5.300000000000001,6.0,18.8,4.8,10.0,132.0,9.2,9.999999999999972,26.333333333333332,20.366666666666664,5.966666666666668,9.2,25.2,20.5,0,-0.4999999999999997,-0.8660254037844388,-0.23030567023061196,-0.973118337233262,2,0,1,0
2021-07-17,2021,7,27.0,20.7,6.300000000000001,4.0,1.3,3.5,135.0,108.0,28.0,28.799999999999972,26.1,20.266666666666666,5.65,18.8,,19.9,0,-0.4999999999999997,-0.8660254037844388,-0.2636654927280072,-0.9646141756912435,2,0,1,0
2021-07-18,2021,7,28.2,20.0,8.2,5.0,17.8,4.8,660.0,162.0,29.3,30.099999999999973,26.1,20.366666666666667,5.5,1.3,27.0,20.7,0,-0.4999999999999997,-0.8660254037844388,-0.2802306751992161,-0.9599326896597445,2,0,1,0
2021-07-19,2021,7,23.8,20.3,3.5,4.0,4.3,2.7,10.0,0.0,37.900000000000006,47.699999999999974,27.6,20.2,7.25,17.8,28.2,20.0,0,-0.4999999999999997,-0.8660254037844388,-0.2967128192734901,-0.9549667548552553,2,0,1,0
2021-07-20,2021,7,27.6,19.7,7.900000000000002,5.0,7.0,4.8,40.0,132.0,23.400000000000002,51.39999999999997,26.333333333333332,20.333333333333332,6.0,4.3,23.8,20.3,0,-0.4999999999999997,-0.8660254037844388,-0.3131070409358267,-0.9497178427914317,2,0,1,0
2021-07-21,2021,7,27.8,20.4,7.400000000000002,7.0,0.0,4.5,5.0,312.0,29.1,58.39999999999997,26.53333333333333,20.0,6.533333333333334,7.0,27.6,19.7,0,-0.4999999999999997,-0.8660254037844388,-0.3294084822245302,-0.9441875088341994,2,0,0,0
2021-07-22,2021,7,24.2,20.1,4.099999999999998,6.0,3.2,2.0,10.0,0.0,11.3,58.39999999999997,26.400000000000002,20.133333333333333,6.266666666666668,0.0,27.8,20.4,0,-0.4999999999999997,-0.8660254037844388,-0.3456123126707333,-0.9383773917408642,2,0,1,0
2021-07-23,2021,7,24.7,19.7,5.0,7.0,1.4,0.6,10.0,0.0,10.2,52.39999999999998,26.53333333333333,20.066666666666666,6.466666666666668,3.2,24.2,20.1,0,-0.4999999999999997,-0.8660254037844388,-0.3617137307297674,-0.9322892131745134,2,0,1,0
2021-07-24,2021,7,23.7,20.0,3.6999999999999993,6.0,0.4,27.0,10.0,132.0,4.6,34.99999999999997,25.566666666666666,20.066666666666666,5.5,1.4,24.7,19.7,0,-0.4999999999999997,-0.8660254037844388,-0.37770796520396466,-0.9259247771938499,2,0,1,1
2021-07-25,2021,7,28.3,20.6,7.699999999999999,5.0,24.4,34.0,80.0,162.0,5.0,34.09999999999997,24.2,19.933333333333334,4.266666666666666,0.4,23.7,20.0,1,-0.4999999999999997,-0.8660254037844388,-0.39359027665646645,-0.9192859697186105,2,0,1,1
2021-07-26,2021,7,28.4,20.5,7.899999999999999,5.0,59.8,4.8,10.0,245.0,26.2,40.699999999999974,25.566666666666666,20.099999999999998,5.466666666666666,24.4,28.3,20.6,1,-0.4999999999999997,-0.8660254037844388,-0.4093559588156211,-0.9123747579707274,2,0,1,0
2021-07-27,2021,7,28.3,20.1,8.2,6.0,0.0,5.5,10.0,126.0,84.6,96.19999999999997,26.799999999999997,20.366666666666664,6.433333333333333,59.8,28.4,20.5,0,-0.4999999999999997,-0.8660254037844388,-0.42500033996955394,-0.9051931898913975,2,0,0,0
2021-07-28,2021,7,27.7,20.0,7.699999999999999,6.0,0.0,56.0,10.0,132.0,84.19999999999999,89.19999999999997,28.333333333333332,20.400000000000002,7.933333333333333,0.0,28.3,20.1,0,-0.4999999999999997,-0.8660254037844388,-0.4405187843504952,-0.8977433935342336,2,0,0,0
2021-07-29,2021,7,28.3,19.8,8.5,7.0,0.0,4.5,0.0,342.0,59.8,89.19999999999997,28.133333333333336,20.200000000000003,7.933333333333333,0.0,27.7,20.0,0,-0.4999999999999997,-0.8660254037844388,-0.455906693508459,-0.8900275764346766,2,0,0,0
2021-07-30,2021,7,28.0,19.6,8.399999999999999,6.0,0.0,50.0,5.0,186.0,0.0,85.99999999999997,28.099999999999998,19.96666666666667,8.133333333333333,0.0,28.3,19.8,0,-0.4999999999999997,-0.8660254037844388,-0.47115950767386394,-0.8820480249558535,2,0,0,0
2021-07-31,2021,7,28.7,19.9,8.8,6.0,0.0,5.4,240.0,234.0,0.0,84.59999999999997,28.0,19.8,8.2,0.0,28.0,19.6,0,-0.4999999999999997,-0.8660254037844388,-0.4862727071086902,-0.8738071036110807,2,0,0,0
2021-08-01,2021,8,28.0,20.7,7.300000000000001,3.0,0.0,59.0,5.0,204.0,0.0,84.19999999999997,28.333333333333332,19.76666666666667,8.566666666666666,0.0,28.7,19.9,0,-0.8660254037844384,-0.5000000000000004,-0.5012418134457756,-0.8653072543632061,2,0,0,0
2021-08-02,2021,8,27.5,19.6,7.899999999999999,6.0,0.0,4.3,5.0,216.0,0.0,59.79999999999997,28.233333333333334,20.066666666666666,8.166666666666666,0.0,28.0,20.7,0,-0.8660254037844384,-0.5000000000000004,-0.5160623910158526,-0.8565509959010037,2,0,0,0
2021-08-03,2021,8,27.8,20.0,7.800000000000001,6.0,0.0,55.0,0.0,252.0,0.0,0.0,28.066666666666666,20.066666666666666,8.0,0.0,27.5,19.6,0,-0.8660254037844384,-0.5000000000000004,-0.5307300481619331,-0.8475409228928312,2,0,0,0
2021-08-04,2021,8,29.3,21.0,8.3,6.0,1.0,4.0,15.0,336.0,0.0,0.0,27.766666666666666,20.099999999999998,7.666666666666667,0.0,27.8,20.0,0,-0.8660254037844384,-0.5000000000000004,-0.5452404385406507,-0.8382797052177745,2,0,1,0
2021-08-05,2021,8,27.6,20.4,7.200000000000003,5.0,1.0,42.0,30.0,48.0,1.0,0.9999999999999716,28.2,20.2,8.0,1.0,29.3,21.0,0,-0.8660254037844384,-0.5000000000000004,-0.5595892624101763,-0.828770087174504,2,0,1,0
2021-08-06,2021,8,28.0,20.5,7.5,5.0,5.6,4.1,75.0,138.0,2.0,1.9999999999999716,28.233333333333334,20.46666666666667,7.766666666666668,1.0,27.6,20.4,0,-0.8660254037844384,-0.5000000000000004,-0.5737722679043243,-0.8190148866680802,2,0,1,0
2021-08-07,2021,8,29.4,20.9,8.5,4.0,4.2,32.0,15.0,264.0,7.6,7.599999999999971,28.3,20.633333333333336,7.666666666666668,5.6,28.0,20.5,0,-0.8660254037844384,-0.5000000000000004,-0.5877852522924734,-0.8090169943749472,2,0,1,0
2021-08-08,2021,8,30.3,20.8,9.5,5.0,1.2,5.2,15.0,528.0,10.8,11.799999999999972,28.333333333333332,20.599999999999998,7.733333333333334,4.2,29.4,20.9,0,-0.8660254037844384,-0.5000000000000004,-0.6016240632249227,-0.7987793728863648,2,0,1,0
2021-08-09,2021,8,30.7,21.7,9.0,4.0,0.6,5.0,15.0,360.0,11.0,12.999999999999972,29.23333333333333,20.73333333333333,8.5,1.2,30.3,20.8,0,-0.8660254037844384,-0.5000000000000004,-0.6152845999633277,-0.7883050558305253,2,0,1,0
2021-08-10,2021,8,30.7,21.8,8.899999999999999,4.0,0.0,5.0,5.0,491.0,6.0,13.599999999999971,30.13333333333333,21.133333333333336,9.0,0.6,30.7,21.7,0,-0.8660254037844384,-0.5000000000000004,-0.6287628145958345,-0.7775971469736268,2,0,0,0
2021-08-11,2021,8,27.3,20.8,6.5,4.0,0.0,65.0,20.0,54.0,1.7999999999999998,13.599999999999971,30.566666666666666,21.433333333333334,9.133333333333333,0.0,30.7,21.8,0,-0.8660254037844384,-0.5000000000000004,-0.6420547132365636,-0.7666588193001592,2,0,0,0
2021-08-12,2021,8,28.8,21.3,7.5,5.0,1.6,5.1,15.0,174.0,0.6,12.599999999999971,29.566666666666666,21.433333333333334,8.133333333333333,0.0,27.3,20.8,0,-0.8660254037844384,-0.5000000000000004,-0.655156357209085,-0.7554933140726804,2,0,1,0
2021-08-13,2021,8,27.0,20.0,7.0,5.0,3.8,2.6,15.0,216.0,1.6,13.19999999999997,28.933333333333334,21.3,7.633333333333333,1.6,28.8,21.3,0,-0.8660254037844384,-0.5000000000000004,-0.6680638642135333,-0.7441039398713608,2,0,1,0
2021-08-14,2021,8,27.4,20.3,7.099999999999998,5.0,0.0,5.0,15.0,216.0,5.4,11.399999999999972,27.7,20.7,7.0,3.8,27.0,20.0,0,-0.8660254037844384,-0.5000000000000004,-0.680773409477016,-0.732494071613579,2,0,0,0
2021-08-15,2021,8,28.0,20.0,8.0,5.0,0.0,40.0,0.0,222.0,5.4,7.199999999999971,27.733333333333334,20.53333333333333,7.199999999999999,0.0,27.4,20.3,0,-0.8660254037844384,-0.5000000000000004,-0.6932812268869771,-0.7206671495538615,2,0,0,0
2021-08-16,2021,8,28.0,20.7,7.300000000000001,5.0,0.0,4.8,5.0,78.0,3.8,5.999999999999972,27.46666666666667,20.099999999999998,7.366666666666666,0.0,28.0,20.0,0,-0.8660254037844384,-0.5000000000000004,-0.7055836101071774,-0.70862667826446,2,0,0,0
2021-08-17,2021,8,26.5,20.3,6.199999999999999,4.0,13.6,35.0,100.0,0.0,0.0,5.399999999999972,27.8,20.333333333333332,7.466666666666666,0.0,28.0,20.7,0,-0.8660254037844384,-0.5000000000000004,-0.7176769136759615,-0.6963762255968726,2,0,1,0
2021-08-18,2021,8,26.7,20.8,5.899999999999999,5.0,0.0,4.5,0.0,12.0,13.6,18.99999999999997,27.5,20.333333333333332,7.166666666666667,13.6,26.5,20.3,0,-0.8660254037844384,-0.5000000000000004,-0.7295575540864876,-0.6839194216246105,2,0,0,0
2021-08-19,2021,8,28.4,20.4,8.0,5.0,0.2,52.0,11.0,210.0,13.6,18.99999999999997,27.066666666666666,20.6,6.466666666666666,0.0,26.7,20.8,0,-0.8660254037844384,-0.5000000000000004,-0.7412220108485957,-0.6712599575675315,2,0,1,1
2021-08-20,2021,8,28.8,20.8,8.0,5.0,7.0,4.0,15.0,384.0,13.799999999999999,17.59999999999997,27.2,20.5,6.699999999999999,0.2,28.4,20.4,1,-0.8660254037844384,-0.5000000000000004,-0.7526668275320083,-0.6584015846980489,2,0,1,0
2021-08-21,2021,8,28.6,21.1,7.5,3.0,0.3,4.5,15.0,216.0,7.2,20.799999999999972,27.96666666666667,20.666666666666668,7.3,7.0,28.8,20.8,0,-0.8660254037844384,-0.5000000000000004,-0.7638886127905429,-0.64534811322955,2,0,1,1
2021-08-22,2021,8,27.7,19.2,8.5,2.0,5.5,2.0,320.0,48.0,7.5,21.099999999999973,28.599999999999998,20.766666666666666,7.833333333333333,0.3,28.6,21.1,1,-0.8660254037844384,-0.5000000000000004,-0.7748840413670406,-0.6321034111873488,2,0,1,0
2021-08-23,2021,8,27.1,20.5,6.600000000000001,2.0,3.1,16.0,65.0,198.0,12.8,26.599999999999973,28.36666666666667,20.366666666666667,8.0,5.5,27.7,19.2,0,-0.8660254037844384,-0.5000000000000004,-0.7856498550787144,-0.6186714032625032,2,0,1,1
2021-08-24,2021,8,29.0,20.3,8.7,5.0,3.7,3.7,15.0,192.0,8.9,29.69999999999997,27.8,20.266666666666666,7.533333333333334,3.1,27.1,20.5,1,-0.8660254037844384,-0.5000000000000004,-0.7961828637826154,-0.6050560696488494,2,0,1,0
2021-08-25,2021,8,29.1,20.7,8.400000000000002,4.0,1.0,4.3,120.0,252.0,12.299999999999999,19.799999999999972,27.933333333333334,20.0,7.933333333333334,3.7,29.0,20.3,0,-0.8660254037844384,-0.5000000000000004,-0.8064799463209447,-0.5912614448635783,2,0,1,0
2021-08-26,2021,8,28.8,21.0,7.800000000000001,4.0,0.0,5.8,5.0,234.0,7.800000000000001,20.79999999999997,28.400000000000002,20.5,7.900000000000001,1.0,29.1,20.7,0,-0.8660254037844384,-0.5000000000000004,-0.8165380514459157,-0.5772916165517278,2,0,0,1
2021-08-27,2021,8,30.4,20.5,9.899999999999999,4.0,25.0,5.5,215.0,384.0,4.700000000000001,20.59999999999997,28.96666666666667,20.666666666666668,8.3,0.0,28.8,21.0,1,-0.8660254037844384,-0.5000000000000004,-0.8263541987239094,-0.5631507242749189,2,0,1,1
2021-08-28,2021,8,28.4,20.3,8.099999999999998,4.0,11.6,1.6,15.0,156.0,26.0,38.599999999999966,29.433333333333337,20.733333333333334,8.700000000000001,25.0,30.4,20.5,1,-0.8660254037844384,-0.5000000000000004,-0.8359254794186365,-0.5488429582847199,2,0,1,0
2021-08-29,2021,8,25.8,19.2,6.600000000000001,5.0,4.0,4.0,20.0,0.0,36.6,49.89999999999997,29.2,20.599999999999998,8.6,11.6,28.4,20.3,0,-0.8660254037844384,-0.5000000000000004,-0.8452490573530633,-0.5343725582809785,2,0,1,0
2021-08-30,2021,8,25.0,19.7,5.300000000000001,5.0,3.9,2.8,50.0,0.0,40.6,48.39999999999997,28.2,20.0,8.2,4.0,25.8,19.2,0,-0.8660254037844384,-0.5000000000000004,-0.8543221697498269,-0.5197438121555157,2,0,1,0
2021-08-31,2021,8,26.6,19.7,6.900000000000002,4.0,0.6,36.0,15.0,126.0,19.5,49.19999999999997,26.400000000000002,19.733333333333334,6.666666666666667,3.9,25.0,19.7,0,-0.8660254037844384,-0.5000000000000004,-0.8631421280499115,-0.5049610547215202,2,0,1,0
2021-09-01,2021,9,29.3,20.9,8.400000000000002,4.0,0.0,6.0,11.0,342.0,8.5,46.099999999999966,25.8,19.533333333333335,6.266666666666668,0.6,26.6,19.7,0,-1.0,-1.8369701987210297e-16,-0.8717063187093217,-0.4900286664290594,2,0,0,1
2021-09-02,2021,9,29.4,20.6,8.799999999999997,4.0,2.9,5.2,11.0,201.0,4.5,45.099999999999966,26.96666666666667,20.099999999999998,6.866666666666668,0.0,29.3,20.9,1,-1.0,-1.8369701987210297e-16,-0.8800122039735356,-0.4749510720670502,2,0,1,0
2021-09-03,2021,9,26.7,19.8,6.899999999999999,4.0,44.6,2.6,315.0,42.0,3.5,47.999999999999964,28.433333333333337,20.4,8.033333333333333,2.9,29.4,20.6,0,-1.0,-1.8369701987210297e-16,-0.888057322629493,-0.4597327394521046,2,0,1,0
2021-09-04,2021,9,26.2,20.4,5.800000000000001,4.0,0.1,56.0,11.0,201.0,47.5,67.59999999999997,28.466666666666665,20.433333333333334,8.033333333333333,44.6,26.7,19.8,0,-1.0,-1.8369701987210297e-16,-0.8958392907349089,-0.4443781781046134,2,0,1,0
2021-09-05,2021,9,26.6,20.2,6.400000000000002,4.0,1.2,3.2,11.0,0.0,47.6,56.09999999999997,27.433333333333334,20.266666666666666,7.166666666666665,0.1,26.2,20.4,0,-1.0,-1.8369701987210297e-16,-0.9033558023246842,-0.4288919379124841,2,0,1,0
2021-09-06,2021,9,27.2,20.2,7.0,4.0,7.8,3.3,11.0,0.0,45.9,53.29999999999997,26.5,20.133333333333333,6.366666666666667,1.2,26.6,20.2,0,-1.0,-1.8369701987210297e-16,-0.9106046300942162,-0.41327860778290443,2,0,1,0
2021-09-07,2021,9,27.0,20.0,7.0,6.0,2.0,3.0,70.0,174.0,9.1,57.199999999999974,26.666666666666668,20.266666666666666,6.400000000000001,7.8,27.2,20.2,0,-1.0,-1.8369701987210297e-16,-0.9175836260593934,-0.3975428142825566,2,0,1,0
2021-09-08,2021,9,26.0,20.5,5.5,4.0,0.4,4.0,11.0,72.0,11.0,58.59999999999997,26.933333333333334,20.133333333333336,6.800000000000001,2.0,27.0,20.0,0,-1.0,-1.8369701987210297e-16,-0.9242907221930934,-0.3816892202666586,2,0,1,0
2021-09-09,2021,9,27.6,20.0,7.600000000000001,6.0,0.5,5.0,0.0,198.0,10.2,58.99999999999997,26.733333333333334,20.233333333333334,6.5,0.4,26.0,20.5,0,-1.0,-1.8369701987210297e-16,-0.9307239310379793,-0.3657225234972692,2,0,1,0
2021-09-10,2021,9,29.1,20.2,8.900000000000002,5.0,0.0,6.0,0.0,300.0,2.9,56.59999999999997,26.866666666666664,20.166666666666668,6.7,0.5,27.6,20.0,0,-1.0,-1.8369701987210297e-16,-0.9368813462954315,-0.34964745525122826,2,0,0,0
2021-09-11,2021,9,28.4,20.5,7.899999999999999,6.0,0.0,4.5,11.0,201.0,0.9,11.999999999999972,27.566666666666666,20.23333333333333,7.333333333333335,0.0,29.1,20.2,0,-1.0,-1.8369701987210297e-16,-0.9427611433904206,-0.33346877891818705,2,0,0,0
2021-09-12,2021,9,28.5,20.7,7.800000000000001,6.0,0.0,50.0,10.0,372.0,0.5,11.899999999999972,28.366666666666664,20.233333333333334,8.133333333333335,0.0,28.4,20.5,0,-1.0,-1.8369701987210297e-16,-0.9483615800121716,-0.31719128858910595,2,0,0,0
2021-09-13,2021,9,28.0,20.9,7.100000000000001,4.0,0.1,6.1,11.0,312.0,0.0,10.69999999999997,28.666666666666668,20.46666666666667,8.200000000000001,0.0,28.5,20.7,0,-1.0,-1.8369701987210297e-16,-0.9536809966304455,-0.300819807635668,2,0,1,0
2021-09-14,2021,9,28.2,21.2,7.0,6.0,0.0,5.5,5.0,156.0,0.1,2.9999999999999716,28.299999999999997,20.7,7.6000000000000005,0.1,28.0,20.9,0,-1.0,-1.8369701987210297e-16,-0.9587178169872964,-0.2843591872810036,2,0,0,0
2021-09-15,2021,9,28.2,20.5,7.699999999999999,4.0,0.0,53.0,11.0,201.0,0.1,0.9999999999999716,28.233333333333334,20.933333333333334,7.300000000000001,0.0,28.2,21.2,0,-1.0,-1.8369701987210297e-16,-0.9634705485641486,-0.26781430516217486,2,0,0,0
2021-09-16,2021,9,28.7,20.8,7.899999999999999,5.0,4.0,40.0,11.0,366.0,0.1,0.5999999999999716,28.133333333333336,20.866666666666664,7.266666666666667,0.0,28.2,20.5,0,-1.0,-1.8369701987210297e-16,-0.9679377830240641,-0.25119006388481957,2,0,1,0
2021-09-17,2021,9,29.9,21.1,8.799999999999997,4.0,0.0,50.0,0.0,486.0,4.0,4.099999999999971,28.366666666666664,20.833333333333332,7.533333333333332,4.0,28.7,20.8,0,-1.0,-1.8369701987210297e-16,-0.9721181966290612,-0.23449138957041052,2,0,0,0
2021-09-18,2021,9,30.9,21.1,9.799999999999997,3.0,1.2,50.0,20.0,201.0,4.0,4.099999999999971,28.933333333333334,20.8,8.133333333333331,0.0,29.9,21.1,0,-1.0,-1.8369701987210297e-16,-0.9760105506323682,-0.21772323039653224,2,0,1,0
2021-09-19,2021,9,30.8,22.2,8.600000000000001,3.0,0.0,55.0,0.0,491.0,5.2,5.299999999999971,29.833333333333332,20.950000000000003,8.349999999999998,1.2,30.9,,0,-1.0,-1.8369701987210297e-16,-0.9796136916454901,-0.20089055513063528,2,0,0,1
2021-09-20,2021,9,31.3,19.8,11.5,2.0,26.2,52.0,65.0,318.0,1.2,5.299999999999971,30.53333333333333,21.65,8.7,0.0,30.8,22.2,1,-1.0,-1.8369701987210297e-16,-0.9829265519799822,-0.18399835165767986,2,0,1,1
2021-09-21,2021,9,28.5,20.3,8.2,2.0,53.4,0.4,11.0,102.0,27.4,31.39999999999997,31.0,21.0,10.05,26.2,31.3,19.8,1,-1.0,-1.8369701987210297e-16,-0.9859481499638303,-0.1670516255021195,2,0,1,0
2021-09-22,2021,9,29.7,20.6,9.099999999999998,4.0,11.3,43.0,130.0,378.0,79.6,84.79999999999997,30.2,20.766666666666666,9.433333333333334,53.4,28.5,20.3,0,-1.0,-1.8369701987210297e-16,-0.9886775902323404,-0.15005539834465262,2,0,1,0
2021-09-23,2021,9,28.0,20.6,7.399999999999999,4.0,0.0,4.5,11.0,162.0,90.9,96.09999999999997,29.833333333333332,20.233333333333334,9.6,11.3,29.7,20.6,0,-1.0,-1.8369701987210297e-16,-0.9911140639934546,-0.13301470653419636,2,0,0,0
2021-09-24,2021,9,28.2,20.7,7.5,5.0,0.3,58.0,5.0,300.0,64.7,92.09999999999997,28.733333333333334,20.5,8.233333333333333,0.0,28.0,20.6,0,-1.0,-1.8369701987210297e-16,-0.9932568492674143,-0.11593459959550066,2,0,1,0
2021-09-25,2021,9,28.8,20.8,8.0,3.0,0.6,56.0,15.0,174.0,11.600000000000009,92.39999999999996,28.633333333333336,20.633333333333336,7.999999999999999,0.3,28.2,20.7,0,-1.0,-1.8369701987210297e-16,-0.9951053111006974,-0.09882013873287211,2,0,1,1
2021-09-26,2021,9,29.2,20.1,9.099999999999998,4.0,12.2,32.0,350.0,306.0,0.900000000000007,91.79999999999997,28.333333333333332,20.7,7.633333333333333,0.6,28.8,20.8,1,-1.0,-1.8369701987210297e-16,-0.99665890175417,-0.08167639533042288,2,0,1,1
2021-09-27,2021,9,27.0,20.2,6.800000000000001,4.0,0.4,5.2,11.0,60.0,13.100000000000007,103.99999999999997,28.73333333333333,20.533333333333335,8.2,12.2,29.2,20.1,1,-1.0,-1.8369701987210297e-16,-0.9979171608653922,-0.06450844944931625,2,0,1,1
2021-09-28,2021,9,27.0,20.4,6.600000000000001,6.0,10.2,2.7,11.0,66.0,13.200000000000006,78.19999999999997,28.333333333333332,20.366666666666667,7.966666666666666,0.4,27.0,20.2,1,-1.0,-1.8369701987210297e-16,-0.9988797155850335,-0.04732138832243232,2,0,1,0
2021-09-29,2021,9,26.6,19.4,7.200000000000003,5.0,9.1,1.6,11.0,54.0,22.800000000000004,34.99999999999997,27.733333333333334,20.23333333333333,7.5,10.2,27.0,20.4,0,-1.0,-1.8369701987210297e-16,-0.9995462806873573,-0.03012030484690836,2,0,1,0
2021-09-30,2021,9,28.0,20.4,7.600000000000001,4.0,0.0,4.5,0.0,462.0,19.700000000000006,32.79999999999997,26.866666666666664,19.999999999999996,6.866666666666668,9.1,26.6,19.4,0,-1.0,-1.8369701987210297e-16,-0.9999166586547379,-0.012910296075008843,2,0,0,0
2021-10-01,2021,10,28.8,21.7,7.100000000000001,2.0,0.0,48.0,0.0,294.0,19.300000000000008,32.79999999999997,27.2,20.066666666666666,7.1333333333333355,0.0,28.0,20.4,0,-0.8660254037844386,0.5000000000000001,-0.9999907397361901,0.004303538296243821,3,0,0,1
2021-10-02,2021,10,30.8,21.0,9.8,2.0,0.9,49.0,25.0,360.0,9.100000000000007,32.49999999999997,27.8,20.5,7.300000000000002,0.0,28.8,21.7,1,-0.8660254037844386,0.5000000000000001,-0.9997685019798909,0.021516097436222233,3,0,1,1
2021-10-03,2021,10,30.0,21.4,8.600000000000001,3.0,0.0,5.0,0.0,204.0,0.9000000000000071,32.79999999999997,29.2,21.03333333333333,8.166666666666668,0.9,30.8,21.0,1,-0.8660254037844386,0.5000000000000001,-0.9992500112396835,0.03872228089217399,3,0,0,1
2021-10-04,2021,10,29.7,20.2,9.5,2.0,63.8,38.0,0.0,288.0,0.9000000000000071,20.59999999999997,29.866666666666664,21.366666666666664,8.500000000000002,0.0,30.0,21.4,1,-0.8660254037844386,0.5000000000000001,-0.9984354211555643,0.05591699010060302,3,0,1,1
2021-10-05,2021,10,30.6,21.4,9.200000000000003,2.0,0.0,50.0,0.0,450.0,64.7,83.99999999999997,30.166666666666668,20.866666666666664,9.3,63.8,29.7,20.2,1,-0.8660254037844386,0.5000000000000001,-0.9973249731081555,0.07309512989807776,3,0,0,0
2021-10-06,2021,10,28.0,21.4,6.600000000000001,2.0,38.6,46.0,545.0,156.0,63.800000000000004,73.79999999999997,30.099999999999998,20.999999999999996,9.100000000000001,0.0,30.6,21.4,0,-0.8660254037844386,0.5000000000000001,-0.9959189961471792,0.0902516100310407,3,0,1,0
2021-10-07,2021,10,25.4,21.0,4.399999999999999,2.0,4.2,35.0,0.0,66.0,102.4,103.29999999999998,29.433333333333334,20.799999999999997,9.350000000000001,38.6,28.0,,0,-0.8660254037844386,0.5000000000000001,-0.994217906893952,0.10738134666416306,3,0,1,0
2021-10-08,2021,10,30.6,21.8,8.8,2.0,5.9,65.0,0.0,294.0,42.80000000000001,107.49999999999997,28.0,21.2,6.800000000000001,4.2,25.4,21.0,0,-0.8660254037844386,0.5000000000000001,-0.9922222094179324,0.12447926388678869,3,0,1,1
2021-10-09,2021,10,27.2,20.8,6.399999999999999,3.0,8.4,75.0,0.0,294.0,48.70000000000001,113.39999999999998,28.0,21.4,6.6,5.9,30.6,21.8,1,-0.8660254037844386,0.5000000000000001,-0.989932495087353,0.141540295217043,3,0,1,1
2021-10-10,2021,10,24.2,21.1,3.099999999999998,3.0,14.5,43.0,200.0,0.0,18.500000000000007,120.89999999999998,27.733333333333334,21.2,6.533333333333332,8.4,27.2,20.8,1,-0.8660254037844386,0.5000000000000001,-0.9873494423939864,0.15855938510313475,3,0,1,1
2021-10-11,2021,10,27.0,21.0,6.0,2.0,13.0,4.0,0.0,96.0,28.800000000000008,135.39999999999998,27.333333333333332,21.233333333333334,6.099999999999999,14.5,24.2,21.1,1,-0.8660254037844386,0.5000000000000001,-0.9844738167520923,0.17553149042142777,3,0,1,1
2021-10-12,2021,10,27.5,20.5,7.0,3.0,31.6,5.1,0.0,96.0,35.900000000000006,84.6,26.133333333333336,20.96666666666667,5.166666666666665,13.0,27.0,21.0,1,-0.8660254037844386,0.5000000000000001,-0.9813064702716093,0.19245158197082995,3,0,1,1
2021-10-13,2021,10,27.8,19.7,8.100000000000001,4.0,18.3,17.0,200.0,192.0,59.10000000000001,116.19999999999999,26.233333333333334,20.866666666666667,5.366666666666666,31.6,27.5,20.5,1,-0.8660254037844386,0.5000000000000001,-0.9778483415056568,0.20931464596304888,3,0,1,1
2021-10-14,2021,10,28.0,20.4,7.600000000000001,3.0,27.8,34.0,0.0,186.0,62.900000000000006,95.89999999999998,27.433333333333334,20.400000000000002,7.033333333333334,18.3,27.8,19.7,1,-0.8660254037844386,0.5000000000000001,-0.9741004551724206,0.22611568550828803,3,0,1,0
2021-10-15,2021,10,29.0,21.5,7.5,2.0,0.0,3.6,0.0,270.0,77.70000000000002,119.49999999999997,27.766666666666666,20.2,7.566666666666667,27.8,28.0,20.4,0,-0.8660254037844386,0.5000000000000001,-0.970063921851507,0.2428497220959358,3,0,0,1
2021-10-16,2021,10,28.3,21.5,6.800000000000001,1.0,15.0,24.0,110.0,36.0,46.100000000000016,113.59999999999998,28.266666666666666,20.53333333333333,7.733333333333334,0.0,29.0,21.5,1,-0.8660254037844386,0.5000000000000001,-0.965739937654855,0.25951179706979943,3,0,1,1
2021-10-17,2021,10,28.9,20.6,8.299999999999997,2.0,7.4,5.1,0.0,294.0,42.80000000000001,120.19999999999999,28.433333333333334,21.13333333333333,7.300000000000001,15.0,28.3,21.5,1,-0.8660254037844386,0.5000000000000001,-0.9611297838723007,0.27609697309746883,3,0,1,0
2021-10-18,2021,10,25.5,20.8,4.699999999999999,3.0,0.8,38.0,10.0,0.0,22.400000000000006,113.09999999999998,28.733333333333334,21.200000000000003,7.533333333333332,7.4,28.9,20.6,0,-0.8660254037844386,0.5000000000000001,-0.9562348265919058,0.2926003356333479,3,0,1,1
2021-10-19,2021,10,27.6,20.5,7.100000000000001,3.0,15.2,1.7,0.0,204.0,23.200000000000006,100.89999999999998,27.566666666666666,20.96666666666667,6.599999999999999,0.8,25.5,20.8,1,-0.8660254037844386,0.5000000000000001,-0.9510565162951536,0.30901699437494723,3,0,1,0
2021-10-20,2021,10,28.2,22.0,6.199999999999999,2.0,0.0,4.5,0.0,306.0,23.400000000000006,84.49999999999999,27.333333333333332,20.633333333333336,6.699999999999999,15.2,27.6,20.5,0,-0.8660254037844386,0.5000000000000001,-0.9455963874271428,0.3253420847119795,3,0,0,0
2021-10-21,2021,10,29.3,20.9,8.400000000000002,1.0,0.6,41.0,30.0,222.0,16.000000000000007,66.19999999999997,27.099999999999998,21.099999999999998,6.0,0.0,28.2,22.0,0,-0.8660254037844386,0.5000000000000001,-0.9398560579418953,0.341570769167856,3,0,1,0
2021-10-22,2021,10,30.7,21.8,8.899999999999999,2.0,0.3,48.0,20.0,486.0,15.800000000000006,38.99999999999998,28.366666666666664,21.133333333333333,7.233333333333334,0.6,29.3,20.9,0,-0.8660254037844386,0.5000000000000001,-0.9338372288229252,0.35769823883312546,3,0,1,1
2021-10-23,2021,10,31.6,20.4,11.200000000000003,2.0,17.2,3.2,0.0,432.0,0.900000000000007,39.299999999999976,29.400000000000002,21.566666666666666,7.833333333333333,0.3,30.7,21.8,1,-0.8660254037844386,0.5000000000000001,-0.9275416835791965,0.3737197147904692,3,0,1,1
2021-10-24,2021,10,30.1,19.2,10.900000000000002,2.0,41.8,4.8,0.0,294.0,18.100000000000005,41.49999999999998,30.53333333333333,21.03333333333333,9.500000000000002,17.2,31.6,20.4,1,-0.8660254037844386,0.5000000000000001,-0.9209712877166346,0.38963044953078774,3,0,1,1
2021-10-25,2021,10,29.4,20.9,8.5,2.0,0.0,7.0,0.0,294.0,59.3,75.89999999999998,30.8,20.466666666666665,10.333333333333334,41.8,30.1,19.2,1,-0.8660254037844386,0.5000000000000001,-0.9141279881853337,0.4054257283599973,3,0,0,0
2021-10-26,2021,10,28.1,21.0,7.100000000000001,1.0,0.0,50.0,0.0,156.0,59.0,75.09999999999998,30.366666666666664,20.166666666666664,10.200000000000001,0.0,29.4,20.9,0,-0.8660254037844386,0.5000000000000001,-0.9070138128026362,0.42110087079608916,3,0,0,0
2021-10-27,2021,10,28.4,20.1,8.299999999999997,2.0,0.0,4.5,0.0,186.0,41.8,59.89999999999998,29.2,20.366666666666664,8.833333333333334,0.0,28.1,21.0,0,-0.8660254037844386,0.5000000000000001,-0.8996308696522434,0.4366512319560638,3,0,0,0
2021-10-28,2021,10,27.1,18.5,8.600000000000001,1.0,0.0,4.5,0.0,234.0,0.0,59.89999999999998,28.633333333333336,20.666666666666668,7.966666666666666,0.0,28.4,20.1,0,-0.8660254037844386,0.5000000000000001,-0.8919813464595487,0.45207220393230374,3,0,0,0
2021-10-29,2021,10,28.2,20.2,8.0,3.0,0.0,35.0,0.0,228.0,0.0,59.299999999999976,27.866666666666664,19.866666666666667,8.0,0.0,27.1,18.5,0,-0.8660254037844386,0.5000000000000001,-0.8840675099433637,0.46735921715800205,3,0,0,0
2021-10-30,2021,10,27.0,20.8,6.199999999999999,2.0,1.3,2.5,0.0,18.0,0.0,58.99999999999998,27.900000000000002,19.599999999999998,8.299999999999999,0.0,28.2,20.2,0,-0.8660254037844386,0.5000000000000001,-0.8758917051442433,0.48250774176121763,3,0,1,0
2021-10-31,2021,10,28.0,20.3,7.699999999999999,3.0,0.3,2.8,0.0,174.0,1.3,43.09999999999997,27.433333333333334,19.833333333333332,7.6000000000000005,1.3,27.0,20.8,0,-0.8660254037844386,0.5000000000000001,-0.8674563547295971,0.4975132889071803,3,0,1,1
2021-11-01,2021,11,27.8,20.8,7.0,3.0,0.6,3.0,50.0,258.0,1.6,1.5999999999999788,27.733333333333334,20.433333333333334,7.3,0.3,28.0,20.3,1,-0.5000000000000004,0.8660254037844384,-0.8587639582758031,0.5123714121284235,3,0,1,0
2021-11-02,2021,11,27.6,21.6,6.0,3.0,0.0,3.1,0.0,252.0,2.2,2.199999999999979,27.599999999999998,20.633333333333333,6.966666666666666,0.6,27.8,20.8,0,-0.5000000000000004,0.8660254037844384,-0.8498170915275277,0.5270777086423724,3,0,0,0
2021-11-03,2021,11,26.8,20.2,6.600000000000001,3.0,0.0,3.7,0.0,252.0,0.9000000000000001,2.199999999999979,27.8,20.900000000000002,6.8999999999999995,0.0,27.6,21.6,0,-0.5000000000000004,0.8660254037844384,-0.8406184056344783,0.5416278206559811,3,0,0,0
2021-11-04,2021,11,26.2,20.2,6.0,2.0,0.0,4.0,0.0,60.0,0.5999999999999999,2.199999999999979,27.400000000000002,20.86666666666667,6.533333333333334,0.0,26.8,20.2,0,-0.5000000000000004,0.8660254037844384,-0.8311706263658079,0.5560174366570446,3,0,0,1
2021-11-05,2021,11,28.4,19.2,9.2,1.0,55.8,3.8,11.0,66.0,0.0,2.199999999999979,26.866666666666664,20.666666666666668,6.2,0.0,26.2,20.2,1,-0.5000000000000004,0.8660254037844384,-0.8214765533024145,0.5702422926917867,3,0,1,1
2021-11-06,2021,11,25.0,19.6,5.399999999999999,1.0,12.6,34.0,0.0,252.0,55.8,57.99999999999998,27.133333333333336,19.866666666666664,7.266666666666667,55.8,28.4,19.2,1,-0.5000000000000004,0.8660254037844384,-0.8115390590073611,0.5842981736283683,3,0,1,0
2021-11-07,2021,11,27.4,19.4,8.0,2.0,0.0,4.5,0.0,318.0,68.39999999999999,69.29999999999998,26.53333333333333,19.666666666666668,6.866666666666666,12.6,25.0,19.6,0,-0.5000000000000004,0.8660254037844384,-0.801361088174677,0.5981809144059159,3,0,0,0
2021-11-08,2021,11,24.5,19.8,4.699999999999999,2.0,2.0,2.2,0.0,0.0,68.39999999999999,68.99999999999999,26.933333333333334,19.400000000000002,7.533333333333332,0.0,27.4,19.4,0,-0.5000000000000004,0.8660254037844384,-0.7909456567567774,0.6118864012687242,3,0,1,0
2021-11-09,2021,11,23.0,18.2,4.800000000000001,1.0,1.0,20.0,195.0,0.0,14.6,70.39999999999998,25.633333333333336,19.599999999999998,6.033333333333332,2.0,24.5,19.8,0,-0.5000000000000004,0.8660254037844384,-0.780295851070776,0.6254105729852457,3,0,1,0
2021-11-10,2021,11,26.6,19.2,7.400000000000002,2.0,0.0,5.0,0.0,252.0,3.0,71.39999999999998,24.96666666666667,19.133333333333336,5.833333333333333,1.0,23.0,18.2,0,-0.5000000000000004,0.8660254037844384,-0.7694148268839381,0.6387494220515268,3,0,0,0
2021-11-11,2021,11,24.0,18.0,6.0,2.0,4.2,2.7,0.0,0.0,3.0,71.39999999999998,24.7,19.066666666666666,5.633333333333334,0.0,26.6,19.2,0,-0.5000000000000004,0.8660254037844384,-0.7583058084785625,0.6518989958787125,3,0,1,0
2021-11-12,2021,11,19.8,16.8,3.0,2.0,19.0,7.0,0.0,0.0,5.2,75.59999999999998,24.53333333333333,18.466666666666665,6.066666666666667,4.2,24.0,18.0,0,-0.5000000000000004,0.8660254037844384,-0.7469720876965551,0.6648553979642866,3,0,1,0
2021-11-13,2021,11,21.8,21.1,0.6999999999999993,2.0,6.7,6.0,30.0,252.0,23.2,38.79999999999998,23.46666666666667,18.0,5.466666666666668,19.0,19.8,16.8,0,-0.5000000000000004,0.8660254037844384,-0.7354170229639858,0.6776147890466887,3,0,1,0
2021-11-14,2021,11,24.3,20.4,3.900000000000002,1.0,15.1,4.9,40.0,0.0,29.9,32.89999999999998,21.866666666666664,18.633333333333336,3.233333333333333,6.7,21.8,21.1,0,-0.5000000000000004,0.8660254037844384,-0.7236440382959123,0.690173388242972,3,0,1,0
2021-11-15,2021,11,25.6,20.7,4.900000000000002,2.0,1.0,25.0,10.0,0.0,40.8,47.99999999999998,21.96666666666667,19.433333333333334,2.5333333333333337,15.1,24.3,20.4,0,-0.5000000000000004,0.8660254037844384,-0.7116566222817751,0.7025274741691566,3,0,1,1
2021-11-16,2021,11,26.8,18.3,8.5,1.0,52.0,2.0,90.0,126.0,22.8,46.99999999999998,23.900000000000002,20.733333333333334,3.166666666666668,1.0,25.6,20.7,1,-0.5000000000000004,0.8660254037844384,-0.6994583270516471,0.7146733860429609,3,0,1,1
2021-11-17,2021,11,27.6,19.8,7.800000000000001,2.0,7.1,31.0,0.0,120.0,68.1,97.99999999999997,25.566666666666666,19.799999999999997,5.766666666666668,52.0,26.8,18.3,1,-0.5000000000000004,0.8660254037844384,-0.6870527672236675,0.726607524768565,3,0,1,0
2021-11-18,2021,11,27.2,20.0,7.199999999999999,2.0,3.6,16.0,20.0,198.0,60.1,105.09999999999998,26.666666666666668,19.6,7.066666666666667,7.1,27.6,19.8,0,-0.5000000000000004,0.8660254037844384,-0.6744436188329457,0.7383263540031063,3,0,1,0
2021-11-19,2021,11,21.6,19.8,1.8000000000000007,3.0,73.4,38.0,250.0,252.0,62.7,104.49999999999997,27.2,19.366666666666667,7.833333333333333,3.6,27.2,20.0,0,-0.5000000000000004,0.8660254037844384,-0.661634618242279,0.749826401204568,3,0,1,0
2021-11-20,2021,11,22.6,20.1,2.5,2.0,3.9,20.0,30.0,252.0,84.10000000000001,158.89999999999998,25.46666666666667,19.866666666666664,5.6000000000000005,73.4,21.6,19.8,0,-0.5000000000000004,0.8660254037844384,-0.6486295610349818,0.7611042586607742,3,0,1,0
2021-11-21,2021,11,23.4,19.3,4.099999999999998,2.0,2.4,28.0,0.0,252.0,80.90000000000002,156.1,23.8,19.96666666666667,3.8333333333333335,3.9,22.6,20.1,0,-0.5000000000000004,0.8660254037844384,-0.6354323008901775,0.7721565844991641,3,0,1,1
2021-11-22,2021,11,26.5,20.5,6.0,1.0,5.2,27.0,30.0,252.0,79.7,143.4,22.53333333333333,19.733333333333334,2.7999999999999994,2.4,23.4,19.3,1,-0.5000000000000004,0.8660254037844384,-0.622046748440868,0.7829801036770625,3,0,1,0
2021-11-23,2021,11,27.8,20.1,7.699999999999999,2.0,0.0,27.0,0.0,252.0,11.5,147.59999999999997,24.166666666666668,19.96666666666667,4.199999999999999,5.2,26.5,20.5,0,-0.5000000000000004,0.8660254037844384,-0.6084768701151264,0.7935716089521472,3,0,0,0
2021-11-24,2021,11,29.8,20.1,9.7,2.0,0.0,25.0,0.0,252.0,7.6,95.59999999999998,25.899999999999995,19.966666666666665,5.933333333333333,0.0,27.8,20.1,0,-0.5000000000000004,0.8660254037844384,-0.594726686960764,0.8039279618328208,3,0,0,0
2021-11-25,2021,11,27.0,19.4,7.600000000000001,2.0,11.4,4.9,0.0,294.0,5.2,88.49999999999999,28.033333333333335,20.233333333333334,7.8,0.0,29.8,20.1,0,-0.5000000000000004,0.8660254037844384,-0.5808002734538013,0.8140460935082175,3,0,1,0
2021-11-26,2021,11,27.0,19.1,7.899999999999999,3.0,0.0,28.0,0.0,252.0,11.4,96.29999999999998,28.200000000000003,19.866666666666667,8.333333333333334,11.4,27.0,19.4,0,-0.5000000000000004,0.8660254037844384,-0.5667017562911184,0.8239230057575536,3,0,0,0
2021-11-27,2021,11,24.8,19.5,5.300000000000001,2.0,0.0,55.0,0.0,252.0,11.4,22.89999999999997,27.933333333333334,19.533333333333335,8.4,0.0,27.0,19.1,0,-0.5000000000000004,0.8660254037844384,-0.5524353131676203,0.8335557718385695,3,0,0,0
2021-11-28,2021,11,23.4,19.5,3.8999999999999986,2.0,0.0,4.9,0.0,0.0,11.4,18.99999999999997,26.26666666666667,19.333333333333332,6.933333333333334,0.0,24.8,19.5,0,-0.5000000000000004,0.8660254037844384,-0.5380051715382992,0.8429415373547832,3,0,0,0
2021-11-29,2021,11,22.6,19.5,3.1000000000000014,3.0,0.0,3.2,5.0,0.0,0.0,16.599999999999973,25.066666666666666,19.366666666666667,5.699999999999999,0.0,23.4,19.5,0,-0.5000000000000004,0.8660254037844384,-0.5234156073655503,0.8520775211013093,3,0,0,0
2021-11-30,2021,11,22.5,19.8,2.6999999999999993,3.0,0.6,20.0,10.0,0.0,0.0,11.399999999999972,23.600000000000005,19.5,4.1000000000000005,0.0,22.6,19.5,0,-0.5000000000000004,0.8660254037844384,-0.5086709438521042,0.8609610158889945,3,0,1,0
2021-12-01,2021,12,26.4,20.0,6.399999999999999,3.0,0.0,55.0,0.0,360.0,0.6,11.999999999999972,22.833333333333332,19.599999999999998,3.233333333333333,0.6,22.5,19.8,0,-2.4492935982947064e-16,1.0,-0.49377555015997737,0.8695893893466109,0,0,0,0
2021-12-02,2021,12,25.4,19.5,5.899999999999999,3.0,0.0,53.0,0.0,48.0,0.6,11.999999999999972,23.833333333333332,19.766666666666666,4.066666666666666,0.0,26.4,20.0,0,-2.4492935982947064e-16,1.0,-0.4787338401157883,0.8779600847008883,0,0,0,0
2021-12-03,2021,12,25.6,20.0,5.600000000000001,2.0,0.0,55.0,0.0,360.0,0.6,0.5999999999999712,24.766666666666666,19.766666666666666,4.999999999999999,0.0,25.4,19.5,0,-2.4492935982947064e-16,1.0,-0.4635502709028512,0.8860706215341378,0,0,0,0
2021-12-04,2021,12,28.2,21.0,7.199999999999999,1.0,0.0,5.0,0.0,162.0,0.0,0.5999999999999716,25.8,19.833333333333332,5.966666666666666,0.0,25.6,20.0,0,-2.4492935982947064e-16,1.0,-0.4482293417404106,0.893918596519257,0,0,0,0
2021-12-05,2021,12,28.4,19.8,8.599999999999998,1.0,1.0,50.0,20.0,96.0,0.0,0.5999999999999716,26.400000000000002,20.166666666666668,6.233333333333333,0.0,28.2,21.0,0,-2.4492935982947064e-16,1.0,-0.4327755925504317,0.9015016841318838,0,0,1,0
2021-12-06,2021,12,29.2,19.3,9.899999999999999,2.0,0.0,50.0,5.0,228.0,1.0,1.5999999999999717,27.400000000000002,20.26666666666667,7.133333333333333,1.0,28.4,19.8,0,-2.4492935982947064e-16,1.0,-0.41719360261231697,0.9088176373395028,0,0,0,0
2021-12-07,2021,12,28.2,20.5,7.699999999999999,1.0,0.0,45.0,0.0,36.0,1.0,1.5999999999999717,28.599999999999998,20.03333333333333,8.566666666666665,0.0,29.2,19.3,0,-2.4492935982947064e-16,1.0,-0.4014879892059737,0.9158642882672868,0,0,0,0
2021-12-08,2021,12,28.4,18.6,9.799999999999997,2.0,0.0,40.0,0.0,294.0,1.0,0.9999999999999717,28.599999999999998,19.866666666666664,8.733333333333333,0.0,28.2,20.5,0,-2.4492935982947064e-16,1.0,-0.38566340624360745,0.9226395488404875,0,0,0,0
2021-12-09,2021,12,28.2,20.2,8.0,3.0,0.0,5.0,0.0,360.0,0.0,0.9999999999999717,28.599999999999998,19.46666666666667,9.133333333333331,0.0,28.4,18.6,0,-2.4492935982947064e-16,1.0,-0.3697245428906732,0.9291414114031743,0,0,0,0
2021-12-10,2021,12,26.6,18.6,8.0,3.0,1.0,38.0,10.0,120.0,0.0,0.9999999999999717,28.266666666666666,19.76666666666667,8.499999999999998,0.0,28.2,20.2,0,-2.4492935982947064e-16,1.0,-0.35367612217637207,0.935367949313148,0,0,1,0
2021-12-11,2021,12,28.4,19.8,8.599999999999998,3.0,0.0,45.0,0.0,384.0,1.0,1.9999999999999716,27.73333333333333,19.133333333333333,8.6,1.0,26.6,18.6,0,-2.4492935982947064e-16,1.0,-0.33752289959411347,0.941317317512847,0,0,0,0
2021-12-12,2021,12,26.3,18.4,7.900000000000002,3.0,1.2,40.0,25.0,228.0,1.0,1.9999999999999716,27.733333333333334,19.53333333333333,8.2,0.0,28.4,19.8,0,-2.4492935982947064e-16,1.0,-0.32126966169236515,0.9469877530760751,0,0,1,0
2021-12-13,2021,12,26.0,19.2,6.800000000000001,3.0,0.3,3.3,0.0,360.0,2.2,2.1999999999999718,27.099999999999998,18.933333333333334,8.166666666666666,1.2,26.3,18.4,0,-2.4492935982947064e-16,1.0,-0.3049212246562894,0.9523775757303973,0,0,1,0
2021-12-14,2021,12,24.4,18.3,6.099999999999998,3.0,2.7,18.0,120.0,48.0,1.5,2.4999999999999716,26.900000000000002,19.133333333333333,7.766666666666667,0.3,26.0,19.2,0,-2.4492935982947064e-16,1.0,-0.2884824328806098,0.9574851883550389,0,0,1,0
2021-12-15,2021,12,24.4,19.1,5.299999999999997,3.0,0.2,17.0,2.0,24.0,4.2,5.199999999999972,25.566666666666666,18.63333333333333,6.933333333333334,2.7,24.4,18.3,0,-2.4492935982947064e-16,1.0,-0.27195815753410524,0.9623090774541487,0,0,1,0
2021-12-16,2021,12,24.4,17.2,7.199999999999999,2.0,0.0,15.0,0.0,0.0,3.2,5.399999999999972,24.933333333333334,18.86666666666667,6.0666666666666655,0.2,24.4,19.1,0,-2.4492935982947064e-16,1.0,-0.2553532951161881,0.9668478136052773,0,0,0,0
2021-12-17,2021,12,27.4,16.8,10.599999999999998,2.0,0.0,35.0,0.0,354.0,2.9000000000000004,5.399999999999972,24.4,18.2,6.199999999999998,0.0,24.4,17.2,0,-2.4492935982947064e-16,1.0,-0.23867276600594997,0.9711000518829505,0,0,0,0
2021-12-18,2021,12,28.6,16.5,12.100000000000001,2.0,0.0,40.0,0.0,360.0,0.2,4.399999999999972,25.399999999999995,17.7,7.699999999999998,0.0,27.4,16.8,0,-2.4492935982947064e-16,1.0,-0.22192151300416674,0.9750645322571945,0,0,0,0
2021-12-19,2021,12,27.0,15.6,11.4,2.0,0.0,35.0,0.0,245.0,0.0,4.399999999999972,26.8,16.833333333333332,9.966666666666667,0.0,28.6,16.5,0,-2.4492935982947064e-16,1.0,-0.20510449986861926,0.9787400799669153,0,0,0,0
2021-12-20,2021,12,26.8,14.8,12.0,3.0,0.0,35.0,0.0,390.0,0.0,3.1999999999999718,27.666666666666668,16.3,11.366666666666667,0.0,27.0,15.6,0,-2.4492935982947064e-16,1.0,-0.1882267098432439,0.9821256058680006,0,0,0,0
2021-12-21,2021,12,27.2,16.0,11.2,2.0,0.0,35.0,0.0,342.0,0.0,2.899999999999972,27.46666666666667,15.633333333333333,11.833333333333334,0.0,26.8,14.8,0,-2.4492935982947064e-16,1.0,-0.1712931441814778,0.9852201067560606,0,0,0,0
2021-12-22,2021,12,27.0,14.2,12.8,1.0,0.0,30.0,0.0,330.0,0.0,0.1999999999999716,27.0,15.466666666666667,11.533333333333333,0.0,27.2,16.0,0,-2.4492935982947064e-16,1.0,-0.154308820664281,0.9880226656636976,0,0,0,0
2021-12-23,2021,12,28.2,16.0,12.2,1.0,0.0,40.0,0.0,336.0,0.0,0.0,27.0,15.0,12.0,0.0,27.0,14.2,0,-2.4492935982947064e-16,1.0,-0.13727877211326517,0.9905324521322227,0,0,0,0
2021-12-24,2021,12,28.2,14.3,13.899999999999999,1.0,0.0,45.0,0.0,360.0,0.0,0.0,27.46666666666667,15.4,12.066666666666668,0.0,28.2,16.0,0,-2.4492935982947064e-16,1.0,-0.12020804489935275,0.9927487224577402,0,0,0,0
2021-12-25,2021,12,30.0,14.7,15.3,1.0,0.0,45.0,0.0,360.0,0.0,0.0,27.799999999999997,14.833333333333334,12.966666666666667,0.0,28.2,14.3,0,-2.4492935982947064e-16,1.0,-0.10310169744743544,0.9946708199115211,0,0,0,0
2021-12-26,2021,12,30.2,15.1,15.1,1.0,0.0,53.0,0.0,408.0,0.0,0.0,28.799999999999997,15.0,13.799999999999999,0.0,30.0,14.7,0,-2.4492935982947064e-16,1.0,-0.0859647987374467,0.9962981749346077,0,0,0,0
2021-12-27,2021,12,30.2,16.6,13.599999999999998,2.0,0.0,45.0,0.0,360.0,0.0,0.0,29.46666666666667,14.700000000000001,14.766666666666666,0.0,30.2,15.1,0,-2.4492935982947064e-16,1.0,-0.06880242680232064,0.9976303053065857,0,0,0,0
2021-12-28,2021,12,28.4,16.3,12.099999999999998,3.0,0.0,55.0,0.0,402.0,0.0,0.0,30.13333333333333,15.466666666666669,14.666666666666666,0.0,30.2,16.6,0,-2.4492935982947064e-16,1.0,-0.05161966722325418,0.9986668162884759,0,0,0,0
2021-12-29,2021,12,27.4,15.6,11.799999999999999,3.0,0.0,55.0,0.0,372.0,0.0,0.0,29.599999999999998,16.0,13.6,0.0,28.4,16.3,0,-2.4492935982947064e-16,1.0,-0.034421611622745804,0.9994074007397048,0,0,0,0
2021-12-30,2021,12,27.6,15.7,11.900000000000002,3.0,0.0,45.0,0.0,384.0,0.0,0.0,28.666666666666668,16.166666666666668,12.499999999999998,0.0,27.4,15.6,0,-2.4492935982947064e-16,1.0,-0.01721335615583528,0.9998518392091162,0,0,0,0
2021-12-31,2021,12,26.5,18.9,7.600000000000001,4.0,0.0,50.0,5.0,324.0,0.0,0.0,27.799999999999997,15.866666666666667,11.933333333333332,0.0,27.6,15.7,0,-2.4492935982947064e-16,1.0,6.432490598706546e-16,1.0,0,0,0,0
2022-01-01,2022,1,24.6,18.5,6.100000000000001,4.0,3.0,2.7,10.0,72.0,0.0,0.0,27.166666666666668,16.733333333333334,10.433333333333335,0.0,26.5,18.9,0,0.49999999999999994,0.8660254037844387,0.017213356155834685,0.9998518392091162,0,0,1,0
2022-01-02,2022,1,25.6,17.5,8.100000000000001,4.0,0.0,3.5,2.0,162.0,3.0,2.9999999999999716,26.233333333333334,17.7,8.533333333333337,3.0,24.6,18.5,0,0.49999999999999994,0.8660254037844387,0.03442161162274574,0.9994074007397048,0,0,0,0
2022-01-03,2022,1,27.2,16.3,10.899999999999999,4.0,0.0,4.0,0.0,378.0,3.0,2.9999999999999716,25.566666666666666,18.3,7.266666666666668,0.0,25.6,17.5,0,0.49999999999999994,0.8660254037844387,0.051619667223253764,0.998666816288476,0,0,0,0
2022-01-04,2022,1,27.3,16.8,10.5,3.0,0.0,4.5,0.0,306.0,3.0,2.9999999999999716,25.8,17.433333333333334,8.366666666666667,0.0,27.2,16.3,0,0.49999999999999994,0.8660254037844387,0.06880242680231986,0.9976303053065857,0,0,0,0
2022-01-05,2022,1,27.2,16.0,11.2,3.0,0.0,5.5,0.0,372.0,0.0,2.9999999999999716,26.7,16.86666666666667,9.833333333333334,0.0,27.3,16.8,0,0.49999999999999994,0.8660254037844387,0.08596479873744647,0.9962981749346078,0,0,0,0
2022-01-06,2022,1,28.0,16.8,11.2,2.0,0.0,5.0,0.0,330.0,0.0,2.9999999999999716,27.233333333333334,16.36666666666667,10.866666666666665,0.0,27.2,16.0,0,0.49999999999999994,0.8660254037844387,0.10310169744743485,0.9946708199115211,0,0,0,0
2022-01-07,2022,1,28.4,18.1,10.299999999999997,3.0,0.0,5.5,0.0,384.0,0.0,2.9999999999999716,27.5,16.533333333333335,10.966666666666667,0.0,28.0,16.8,0,0.49999999999999994,0.8660254037844387,0.1202080448993527,0.9927487224577402,0,0,0,0
2022-01-08,2022,1,28.2,18.4,9.8,3.0,0.0,5.0,0.0,294.0,0.0,2.9999999999999716,27.866666666666664,16.96666666666667,10.899999999999999,0.0,28.4,18.1,0,0.49999999999999994,0.8660254037844387,0.13727877211326478,0.9905324521322229,0,0,0,0
2022-01-09,2022,1,28.4,18.3,10.099999999999998,2.0,0.0,4.5,0.0,234.0,0.0,0.0,28.2,17.76666666666667,10.433333333333332,0.0,28.2,18.4,0,0.49999999999999994,0.8660254037844387,0.15430882066428117,0.9880226656636976,0,0,0,0
2022-01-10,2022,1,28.2,17.4,10.8,2.0,0.0,5.0,0.0,228.0,0.0,0.0,28.333333333333332,18.266666666666666,10.066666666666665,0.0,28.4,18.3,0,0.49999999999999994,0.8660254037844387,0.1712931441814776,0.9852201067560606,0,0,0,0
2022-01-11,2022,1,29.0,16.8,12.2,3.0,0.0,5.0,0.0,420.0,0.0,0.0,28.266666666666666,18.033333333333335,10.233333333333333,0.0,28.2,17.4,0,0.49999999999999994,0.8660254037844387,0.1882267098432442,0.9821256058680006,0,0,0,0
2022-01-12,2022,1,30.6,20.0,10.600000000000001,3.0,0.0,5.0,0.0,342.0,0.0,0.0,28.53333333333333,17.5,11.033333333333331,0.0,29.0,16.8,0,0.49999999999999994,0.8660254037844387,0.2051044998686192,0.9787400799669153,0,0,0,0
2022-01-13,2022,1,29.4,19.2,10.2,3.0,0.0,5.0,0.0,354.0,0.0,0.0,29.26666666666667,18.066666666666666,11.200000000000001,0.0,30.6,20.0,0,0.49999999999999994,0.8660254037844387,0.2219215130041655,0.9750645322571948,0,0,0,0
2022-01-14,2022,1,29.0,16.5,12.5,2.0,0.0,6.0,0.0,318.0,0.0,0.0,29.666666666666668,18.666666666666668,11.0,0.0,29.4,19.2,0,0.49999999999999994,0.8660254037844387,0.2386727660059501,0.9711000518829505,0,0,0,0
2022-01-15,2022,1,29.2,17.4,11.8,2.0,0.0,5.0,0.0,420.0,0.0,0.0,29.666666666666668,18.566666666666666,11.1,0.0,29.0,16.5,0,0.49999999999999994,0.8660254037844387,0.255353295116187,0.9668478136052775,0,0,0,0
2022-01-16,2022,1,30.2,19.0,11.2,2.0,0.0,6.3,0.0,336.0,0.0,0.0,29.2,17.700000000000003,11.5,0.0,29.2,17.4,0,0.49999999999999994,0.8660254037844387,0.2719581575341055,0.9623090774541486,0,0,0,0
2022-01-17,2022,1,29.2,18.0,11.2,4.0,0.0,5.0,0.0,306.0,0.0,0.0,29.46666666666667,17.633333333333336,11.833333333333334,0.0,30.2,19.0,0,0.49999999999999994,0.8660254037844387,0.288482432880609,0.9574851883550393,0,0,0,0
2022-01-18,2022,1,28.4,16.4,12.0,3.0,0.0,5.0,0.0,318.0,0.0,0.0,29.53333333333333,18.133333333333336,11.4,0.0,29.2,18.0,0,0.49999999999999994,0.8660254037844387,0.30492122465628907,0.9523775757303974,0,0,0,0
2022-01-19,2022,1,27.9,16.6,11.299999999999997,3.0,0.0,5.0,0.0,330.0,0.0,0.0,29.266666666666666,17.8,11.466666666666667,0.0,28.4,16.4,0,0.49999999999999994,0.8660254037844387,0.3212696616923644,0.9469877530760753,0,0,0,0
2022-01-20,2022,1,28.6,15.0,13.600000000000001,1.0,0.0,5.5,0.0,366.0,0.0,0.0,28.5,17.0,11.5,0.0,27.9,16.6,0,0.49999999999999994,0.8660254037844387,0.3375228995941133,0.9413173175128471,0,0,0,0
2022-01-21,2022,1,30.5,16.6,13.899999999999999,2.0,0.0,5.2,0.0,438.0,0.0,0.0,28.299999999999997,16.0,12.299999999999999,0.0,28.6,15.0,0,0.49999999999999994,0.8660254037844387,0.3536761221763716,0.9353679493131483,0,0,0,0
2022-01-22,2022,1,31.8,17.5,14.3,3.0,0.0,5.2,0.0,408.0,0.0,0.0,29.0,16.066666666666666,12.933333333333332,0.0,30.5,16.6,0,0.49999999999999994,0.8660254037844387,0.3697245428906731,0.9291414114031743,0,0,0,0
2022-01-23,2022,1,31.2,17.0,14.2,2.0,0.0,5.0,0.0,426.0,0.0,0.0,30.3,16.36666666666667,13.933333333333332,0.0,31.8,17.5,0,0.49999999999999994,0.8660254037844387,0.38566340624360707,0.9226395488404876,0,0,0,0
2022-01-24,2022,1,31.0,16.5,14.5,2.0,0.0,5.0,0.0,372.0,0.0,0.0,31.166666666666668,17.033333333333335,14.133333333333333,0.0,31.2,17.0,0,0.49999999999999994,0.8660254037844387,0.401487989205973,0.9158642882672872,0,0,0,0
2022-01-25,2022,1,30.2,16.2,14.0,2.0,0.0,5.0,0.0,432.0,0.0,0.0,31.333333333333332,17.0,14.333333333333334,0.0,31.0,16.5,0,0.49999999999999994,0.8660254037844387,0.4171936026123168,0.9088176373395029,0,0,0,0
2022-01-26,2022,1,29.0,17.8,11.2,2.0,0.0,5.0,0.0,204.0,0.0,0.0,30.8,16.566666666666666,14.233333333333334,0.0,30.2,16.2,0,0.49999999999999994,0.8660254037844387,0.4327755925504312,0.901501684131884,0,0,0,0
2022-01-27,2022,1,28.8,19.8,9.0,2.0,0.0,5.0,0.0,288.0,0.0,0.0,30.066666666666663,16.833333333333332,13.233333333333334,0.0,29.0,17.8,0,0.49999999999999994,0.8660254037844387,0.4482293417404106,0.893918596519257,0,0,0,0
2022-01-28,2022,1,27.2,18.3,8.899999999999999,4.0,0.0,5.0,0.0,24.0,0.0,0.0,29.333333333333332,17.933333333333334,11.4,0.0,28.8,19.8,0,0.49999999999999994,0.8660254037844387,0.4635502709028509,0.886070621534138,0,0,0,0
2022-01-29,2022,1,26.7,17.6,9.099999999999998,5.0,0.0,5.0,0.0,336.0,0.0,0.0,28.333333333333332,18.633333333333336,9.7,0.0,27.2,18.3,0,0.49999999999999994,0.8660254037844387,0.47873384011578846,0.8779600847008882,0,0,0,0
2022-01-30,2022,1,28.3,18.3,10.0,3.0,0.0,4.5,0.0,162.0,0.0,0.0,27.566666666666666,18.566666666666666,8.999999999999998,0.0,26.7,17.6,0,0.49999999999999994,0.8660254037844387,0.4937755501599772,0.869589389346611,0,0,0,0
2022-01-31,2022,1,31.6,19.2,12.400000000000002,2.0,0.0,5.0,0.0,468.0,0.0,0.0,27.400000000000002,18.06666666666667,9.333333333333332,0.0,28.3,18.3,0,0.49999999999999994,0.8660254037844387,0.5086709438521044,0.8609610158889943,0,0,0,0
2022-02-01,2022,2,30.6,19.5,11.100000000000001,2.0,0.0,3.0,0.0,288.0,0.0,0.0,28.866666666666664,18.36666666666667,10.5,0.0,31.6,19.2,0,0.8660254037844386,0.5000000000000001,0.5234156073655503,0.8520775211013093,0,0,0,0
2022-02-02,2022,2,31.5,17.8,13.7,2.0,0.0,5.5,0.0,306.0,0.0,0.0,30.166666666666668,19.0,11.166666666666666,0.0,30.6,19.5,0,0.8660254037844386,0.5000000000000001,0.5380051715382996,0.8429415373547828,0,0,0,0
2022-02-03,2022,2,31.3,18.9,12.400000000000002,2.0,0.0,5.2,0.0,348.0,0.0,0.0,31.233333333333334,18.833333333333336,12.4,0.0,31.5,17.8,0,0.8660254037844386,0.5000000000000001,0.5524353131676196,0.8335557718385699,0,0,0,0
2022-02-04,2022,2,29.6,18.2,11.400000000000002,3.0,0.0,5.5,0.0,252.0,0.0,0.0,31.133333333333336,18.733333333333334,12.4,0.0,31.3,18.9,0,0.8660254037844386,0.5000000000000001,0.5667017562911176,0.8239230057575542,0,0,0,0
2022-02-05,2022,2,31.5,17.5,14.0,3.0,0.0,5.2,0.0,480.0,0.0,0.0,30.8,18.3,12.5,0.0,29.6,18.2,0,0.8660254037844386,0.5000000000000001,0.5808002734538009,0.8140460935082178,0,0,0,0
2022-02-06,2022,2,32.5,19.6,12.899999999999999,3.0,0.0,5.7,0.0,498.0,0.0,0.0,30.8,18.200000000000003,12.600000000000001,0.0,31.5,17.5,0,0.8660254037844386,0.5000000000000001,0.5947266869607634,0.8039279618328213,0,0,0,0
2022-02-07,2022,2,29.8,18.9,10.900000000000002,3.0,0.0,3.0,0.0,180.0,0.0,0.0,31.200000000000003,18.433333333333334,12.766666666666666,0.0,32.5,19.6,0,0.8660254037844386,0.5000000000000001,0.6084768701151261,0.7935716089521474,0,0,0,0
2022-02-08,2022,2,30.0,17.6,12.399999999999999,2.0,0.0,5.2,0.0,282.0,0.0,0.0,31.266666666666666,18.666666666666668,12.6,0.0,29.8,18.9,0,0.8660254037844386,0.5000000000000001,0.6220467484408675,0.7829801036770628,0,0,0,0
2022-02-09,2022,2,29.5,16.8,12.7,3.0,0.0,5.0,0.0,180.0,0.0,0.0,30.766666666666666,18.700000000000003,12.066666666666668,0.0,30.0,17.6,0,0.8660254037844386,0.5000000000000001,0.6354323008901774,0.7721565844991642,0,0,0,0
2022-02-10,2022,2,30.1,16.2,13.900000000000002,4.0,0.0,5.5,0.0,438.0,0.0,0.0,29.766666666666666,17.76666666666667,12.0,0.0,29.5,16.8,0,0.8660254037844386,0.5000000000000001,0.6486295610349814,0.7611042586607747,0,0,0,0
2022-02-11,2022,2,31.0,15.1,15.9,3.0,0.0,4.5,0.0,474.0,0.0,0.0,29.86666666666667,16.86666666666667,13.0,0.0,30.1,16.2,0,0.8660254037844386,0.5000000000000001,0.6616346182422783,0.7498264012045686,0,0,0,0
2022-02-12,2022,2,30.5,17.2,13.3,5.0,0.0,5.2,0.0,552.0,0.0,0.0,30.200000000000003,16.033333333333335,14.166666666666666,0.0,31.0,15.1,0,0.8660254037844386,0.5000000000000001,0.6744436188329455,0.7383263540031065,0,0,0,0
2022-02-13,2022,2,30.3,17.6,12.7,4.0,0.0,5.2,0.0,468.0,0.0,0.0,30.533333333333335,16.166666666666668,14.366666666666667,0.0,30.5,17.2,0,0.8660254037844386,0.5000000000000001,0.6870527672236669,0.7266075247685656,0,0,0,0
2022-02-14,2022,2,30.1,17.0,13.100000000000001,3.0,0.0,5.5,0.0,384.0,0.0,0.0,30.599999999999998,16.633333333333336,13.966666666666667,0.0,30.3,17.6,0,0.8660254037844386,0.5000000000000001,0.6994583270516471,0.7146733860429609,0,0,0,0
2022-02-15,2022,2,30.0,18.3,11.7,3.0,0.0,5.2,0.0,390.0,0.0,0.0,30.3,17.26666666666667,13.033333333333333,0.0,30.1,17.0,0,0.8660254037844386,0.5000000000000001,0.7116566222817746,0.7025274741691571,0,0,0,0
2022-02-16,2022,2,29.2,16.8,12.399999999999999,3.0,0.0,5.5,0.0,318.0,0.0,0.0,30.133333333333336,17.633333333333336,12.5,0.0,30.0,18.3,0,0.8660254037844386,0.5000000000000001,0.7236440382959124,0.6901733882429719,0,0,0,0
2022-02-17,2022,2,29.6,18.0,11.600000000000001,3.0,0.0,5.2,0.0,282.0,0.0,0.0,29.766666666666666,17.36666666666667,12.4,0.0,29.2,16.8,0,0.8660254037844386,0.5000000000000001,0.7354170229639855,0.6776147890466889,0,0,0,0
2022-02-18,2022,2,31.0,16.6,14.399999999999999,4.0,0.0,5.5,0.0,456.0,0.0,0.0,29.599999999999998,17.700000000000003,11.9,0.0,29.6,18.0,0,0.8660254037844386,0.5000000000000001,0.7469720876965552,0.6648553979642865,0,0,0,0
2022-02-19,2022,2,30.6,16.0,14.600000000000001,4.0,0.0,5.2,0.0,402.0,0.0,0.0,29.933333333333334,17.133333333333336,12.799999999999999,0.0,31.0,16.6,0,0.8660254037844386,0.5000000000000001,0.7583058084785624,0.6518989958787126,0,0,0,0
2022-02-20,2022,2,31.1,16.8,14.3,3.0,0.0,5.5,0.0,546.0,0.0,0.0,30.400000000000002,16.86666666666667,13.533333333333333,0.0,30.6,16.0,0,0.8660254037844386,0.5000000000000001,0.7694148268839378,0.6387494220515272,0,0,0,0
2022-02-21,2022,2,33.1,17.6,15.5,2.0,0.0,5.5,0.0,540.0,0.0,0.0,30.900000000000002,16.46666666666667,14.433333333333332,0.0,31.1,16.8,0,0.8660254037844386,0.5000000000000001,0.7802958510707755,0.6254105729852463,0,0,0,0
2022-02-22,2022,2,33.4,20.0,13.399999999999999,2.0,0.0,5.5,0.0,504.0,0.0,0.0,31.600000000000005,16.8,14.799999999999999,0.0,33.1,17.6,0,0.8660254037844386,0.5000000000000001,0.7909456567567772,0.6118864012687243,0,0,0,0
2022-02-23,2022,2,32.0,18.5,13.5,4.0,0.0,5.2,0.0,504.0,0.0,0.0,32.53333333333333,18.133333333333336,14.399999999999999,0.0,33.4,20.0,0,0.8660254037844386,0.5000000000000001,0.8013610881746766,0.5981809144059164,0,0,0,0
2022-02-24,2022,2,31.5,17.0,14.5,4.0,0.0,6.0,0.0,558.0,0.0,0.0,32.833333333333336,18.700000000000003,14.133333333333333,0.0,32.0,18.5,0,0.8660254037844386,0.5000000000000001,0.811539059007361,0.5842981736283684,0,0,0,0
2022-02-25,2022,2,31.2,17.0,14.2,3.0,0.0,5.5,0.0,552.0,0.0,0.0,32.300000000000004,18.5,13.799999999999999,0.0,31.5,17.0,0,0.8660254037844386,0.5000000000000001,0.8214765533024142,0.5702422926917871,0,0,0,0
2022-02-26,2022,2,33.0,16.0,17.0,3.0,0.0,5.5,0.0,606.0,0.0,0.0,31.566666666666666,17.5,14.066666666666668,0.0,31.2,17.0,0,0.8660254037844386,0.5000000000000001,0.8311706263658079,0.5560174366570446,0,0,0,0
2022-02-27,2022,2,31.6,17.2,14.400000000000002,4.0,0.0,5.5,0.0,558.0,0.0,0.0,31.900000000000002,16.666666666666668,15.233333333333334,0.0,33.0,16.0,0,0.8660254037844386,0.5000000000000001,0.8406184056344782,0.5416278206559814,0,0,0,0
2022-02-28,2022,2,31.4,16.1,15.299999999999997,3.0,0.0,5.0,0.0,600.0,0.0,0.0,31.933333333333337,16.733333333333334,15.200000000000003,0.0,31.6,17.2,0,0.8660254037844386,0.5000000000000001,0.8498170915275278,0.5270777086423722,0,0,0,0
2022-03-01,2022,3,32.1,18.4,13.700000000000003,3.0,0.0,5.0,0.0,564.0,0.0,0.0,32.0,16.433333333333334,15.566666666666668,0.0,31.4,16.1,0,1.0,6.123233995736766e-17,0.8587639582758029,0.5123714121284237,1,0,0,0
2022-03-02,2022,3,32.8,17.2,15.599999999999998,3.0,0.0,5.5,0.0,474.0,0.0,0.0,31.7,17.233333333333334,14.466666666666669,0.0,32.1,18.4,0,1.0,6.123233995736766e-17,0.8674563547295968,0.49751328890718066,1,0,0,0
2022-03-03,2022,3,31.8,15.7,16.1,3.0,0.0,5.0,0.0,450.0,0.0,0.0,32.1,17.233333333333334,14.866666666666665,0.0,32.8,17.2,0,1.0,6.123233995736766e-17,0.8758917051442429,0.48250774176121847,1,0,0,0
2022-03-04,2022,3,31.5,17.6,13.899999999999999,4.0,0.0,5.0,0.0,498.0,0.0,0.0,32.233333333333334,17.099999999999998,15.133333333333335,0.0,31.8,15.7,0,1.0,6.123233995736766e-17,0.8840675099433636,0.4673592171580022,1,0,0,0
2022-03-05,2022,3,32.5,18.6,13.899999999999999,4.0,0.0,5.5,0.0,491.0,0.0,0.0,32.03333333333333,16.833333333333332,15.199999999999998,0.0,31.5,17.6,0,1.0,6.123233995736766e-17,0.8919813464595485,0.45207220393230435,1,0,0,0
2022-03-06,2022,3,32.1,18.6,13.5,3.0,0.0,2.5,0.0,504.0,0.0,0.0,31.933333333333334,17.3,14.633333333333333,0.0,32.5,18.6,0,1.0,6.123233995736766e-17,0.8996308696522433,0.43665123195606403,1,0,0,0
2022-03-07,2022,3,30.7,18.7,12.0,5.0,0.0,4.8,0.0,402.0,0.0,0.0,32.03333333333333,18.26666666666667,13.766666666666666,0.0,32.1,18.6,0,1.0,6.123233995736766e-17,0.9070138128026359,0.4211008707960896,1,0,0,0
2022-03-08,2022,3,27.2,18.0,9.2,3.0,0.0,5.0,0.0,96.0,0.0,0.0,31.766666666666666,18.633333333333336,13.133333333333333,0.0,30.7,18.7,0,1.0,6.123233995736766e-17,0.9141279881853337,0.40542572835999735,1,0,0,0
2022-03-09,2022,3,32.3,18.5,13.799999999999997,4.0,0.0,5.5,0.0,498.0,0.0,0.0,30.0,18.433333333333334,11.566666666666668,0.0,27.2,18.0,0,1.0,6.123233995736766e-17,0.9209712877166346,0.38963044953078796,1,0,0,0
2022-03-10,2022,3,33.6,19.4,14.200000000000003,3.0,0.0,5.5,0.0,528.0,0.0,0.0,30.066666666666663,18.400000000000002,11.666666666666666,0.0,32.3,18.5,0,1.0,6.123233995736766e-17,0.9275416835791966,0.37371971479046906,1,0,0,0
2022-03-11,2022,3,33.4,19.1,14.299999999999997,4.0,0.0,5.8,0.0,438.0,0.0,0.0,31.03333333333333,18.633333333333333,12.4,0.0,33.6,19.4,0,1.0,6.123233995736766e-17,0.9338372288229252,0.35769823883312546,1,0,0,0
2022-03-12,2022,3,33.5,18.3,15.2,3.0,0.0,5.2,0.0,552.0,0.0,0.0,33.1,19.000000000000004,14.1,0.0,33.4,19.1,0,1.0,6.123233995736766e-17,0.9398560579418954,0.3415707691678556,1,0,0,0
2022-03-13,2022,3,33.6,18.6,15.0,3.0,0.0,5.2,0.0,468.0,0.0,0.0,33.5,18.933333333333334,14.566666666666668,0.0,33.5,18.3,0,1.0,6.123233995736766e-17,0.9455963874271426,0.3253420847119801,1,0,0,0
2022-03-14,2022,3,33.3,19.3,13.999999999999996,3.0,0.0,6.2,0.0,474.0,0.0,0.0,33.5,18.66666666666667,14.833333333333334,0.0,33.6,18.6,0,1.0,6.123233995736766e-17,0.9510565162951535,0.30901699437494745,1,0,0,0
2022-03-15,2022,3,33.8,20.1,13.699999999999996,2.0,0.0,5.5,0.0,408.0,0.0,0.0,33.46666666666666,18.733333333333334,14.733333333333333,0.0,33.3,19.3,0,1.0,6.123233995736766e-17,0.9562348265919056,0.29260033563334836,1,0,0,0
2022-03-16,2022,3,34.6,21.0,13.600000000000001,3.0,0.0,5.5,0.0,450.0,0.0,0.0,33.56666666666667,19.333333333333336,14.233333333333329,0.0,33.8,20.1,0,1.0,6.123233995736766e-17,0.9611297838723007,0.27609697309746883,1,0,0,0
2022-03-17,2022,3,34.5,20.4,14.100000000000001,2.0,0.0,6.7,0.0,252.0,0.0,0.0,33.9,20.133333333333336,13.766666666666666,0.0,34.6,21.0,0,1.0,6.123233995736766e-17,0.9657399376548549,0.2595117970697999,1,0,0,0
2022-03-18,2022,3,34.8,21.9,12.899999999999999,2.0,0.0,5.5,0.0,288.0,0.0,0.0,34.300000000000004,20.500000000000004,13.799999999999999,0.0,34.5,20.4,0,1.0,6.123233995736766e-17,0.9700639218515071,0.2428497220959356,1,0,0,0
2022-03-19,2022,3,34.8,21.7,13.099999999999998,3.0,0.0,6.0,0.0,245.0,0.0,0.0,34.63333333333333,21.1,13.533333333333333,0.0,34.8,21.9,0,1.0,6.123233995736766e-17,0.9741004551724205,0.22611568550828828,1,0,0,0
2022-03-20,2022,3,34.1,22.5,11.600000000000001,4.0,0.0,6.1,0.0,264.0,0.0,0.0,34.699999999999996,21.333333333333332,13.366666666666665,0.0,34.8,21.7,0,1.0,6.123233995736766e-17,0.9778483415056568,0.20931464596304847,1,0,0,1
2022-03-21,2022,3,33.2,21.3,11.900000000000002,4.0,6.2,7.2,0.0,0.0,0.0,0.0,34.56666666666667,22.033333333333335,12.533333333333331,0.0,34.1,22.5,1,1.0,6.123233995736766e-17,0.9813064702716093,0.19245158197082998,1,0,1,0
2022-03-22,2022,3,33.5,21.8,11.7,3.0,7.7,3.7,30.0,408.0,6.2,6.199999999999972,34.03333333333334,21.833333333333332,12.200000000000001,6.2,33.2,21.3,0,1.0,6.123233995736766e-17,0.9844738167520922,0.1755314904214282,1,0,1,0
2022-03-23,2022,3,32.0,21.4,10.600000000000001,1.0,1.6,6.0,0.0,450.0,13.9,13.899999999999972,33.6,21.86666666666667,11.733333333333334,7.7,33.5,21.8,0,1.0,6.123233995736766e-17,0.9873494423939864,0.15855938510313478,1,0,1,0
2022-03-24,2022,3,33.6,23.4,10.200000000000003,3.0,0.0,6.0,0.0,450.0,15.5,15.499999999999972,32.9,21.5,11.4,1.6,32.0,21.4,0,1.0,6.123233995736766e-17,0.989932495087353,0.141540295217043,1,0,0,0
2022-03-25,2022,3,32.6,22.4,10.200000000000003,3.0,0.0,5.4,0.0,0.0,9.3,15.499999999999972,33.03333333333333,22.200000000000003,10.833333333333334,0.0,33.6,23.4,0,1.0,6.123233995736766e-17,0.9922222094179323,0.12447926388678915,1,0,0,0
2022-03-26,2022,3,31.7,22.7,9.0,2.0,0.0,6.2,0.0,66.0,1.6,15.499999999999972,32.733333333333334,22.400000000000002,10.333333333333336,0.0,32.6,22.4,0,1.0,6.123233995736766e-17,0.994217906893952,0.10738134666416309,1,0,0,0
2022-03-27,2022,3,33.1,23.0,10.100000000000001,2.0,0.0,5.4,0.0,0.0,0.0,15.499999999999972,32.63333333333333,22.833333333333332,9.800000000000002,0.0,31.7,22.7,0,1.0,6.123233995736766e-17,0.995918996147179,0.09025161003104117,1,0,0,0
2022-03-28,2022,3,34.5,23.0,11.5,2.0,0.0,7.0,0.0,408.0,0.0,15.499999999999972,32.46666666666667,22.7,9.766666666666667,0.0,33.1,23.0,0,1.0,6.123233995736766e-17,0.9973249731081555,0.07309512989807777,1,0,0,0
2022-03-29,2022,3,34.7,23.3,11.400000000000002,3.0,0.0,7.2,0.0,240.0,0.0,9.299999999999972,33.1,22.900000000000002,10.200000000000001,0.0,34.5,23.0,0,1.0,6.123233995736766e-17,0.9984354211555643,0.055916990100603484,1,0,0,0
2022-03-30,2022,3,35.3,23.2,12.099999999999998,3.0,0.0,6.0,0.0,378.0,0.0,1.5999999999999717,34.1,23.099999999999998,11.0,0.0,34.7,23.3,0,1.0,6.123233995736766e-17,0.9992500112396835,0.03872228089217446,1,0,0,0
2022-03-31,2022,3,34.3,22.7,11.599999999999998,3.0,0.0,6.3,0.0,144.0,0.0,0.0,34.833333333333336,23.166666666666668,11.666666666666666,0.0,35.3,23.2,0,1.0,6.123233995736766e-17,0.9997685019798909,0.021516097436222254,1,0,0,0
2022-04-01,2022,4,34.6,23.4,11.200000000000003,3.0,0.0,6.7,0.0,384.0,0.0,0.0,34.766666666666666,23.066666666666666,11.699999999999998,0.0,34.3,22.7,0,0.8660254037844387,-0.4999999999999998,0.9999907397361901,0.004303538296244289,1,0,0,0
2022-04-02,2022,4,34.0,22.0,12.0,3.0,0.2,6.0,0.0,426.0,0.0,0.0,34.73333333333333,23.099999999999998,11.633333333333333,0.0,34.6,23.4,0,0.8660254037844387,-0.4999999999999998,0.9999166586547379,-0.01291029607500882,1,0,1,0
2022-04-03,2022,4,34.0,22.4,11.600000000000001,2.0,0.0,6.1,0.0,414.0,0.2,0.1999999999999716,34.300000000000004,22.7,11.6,0.2,34.0,22.0,0,0.8660254037844387,-0.4999999999999998,0.9995462806873573,-0.030120304846908114,1,0,0,0
2022-04-04,2022,4,34.5,22.0,12.5,3.0,0.0,7.3,0.0,342.0,0.2,0.1999999999999716,34.199999999999996,22.599999999999998,11.600000000000001,0.0,34.0,22.4,0,0.8660254037844387,-0.4999999999999998,0.9988797155850336,-0.04732138832243185,1,0,0,0
2022-04-05,2022,4,34.6,21.7,12.900000000000002,3.0,0.0,7.0,0.0,420.0,0.2,0.1999999999999716,34.166666666666664,22.133333333333336,12.033333333333333,0.0,34.5,22.0,0,0.8660254037844387,-0.4999999999999998,0.9979171608653922,-0.06450844944931623,1,0,0,0
2022-04-06,2022,4,34.0,21.9,12.100000000000001,3.0,0.0,6.2,0.0,342.0,0.0,0.1999999999999716,34.36666666666667,22.03333333333333,12.333333333333334,0.0,34.6,21.7,0,0.8660254037844387,-0.4999999999999998,0.9966589017541702,-0.08167639533042241,1,0,0,0
2022-04-07,2022,4,35.8,22.6,13.199999999999996,2.0,0.0,6.0,0.0,426.0,0.0,0.1999999999999716,34.36666666666667,21.866666666666664,12.5,0.0,34.0,21.9,0,0.8660254037844387,-0.4999999999999998,0.9951053111006976,-0.09882013873287143,1,0,0,0
2022-04-08,2022,4,35.5,22.0,13.5,3.0,0.0,5.8,0.0,426.0,0.0,0.1999999999999716,34.8,22.066666666666666,12.733333333333334,0.0,35.8,22.6,0,0.8660254037844387,-0.4999999999999998,0.9932568492674143,-0.11593459959550041,1,0,0,0
2022-04-09,2022,4,34.7,23.4,11.300000000000004,3.0,0.0,6.0,0.0,426.0,0.0,0.1999999999999716,35.1,22.166666666666668,12.933333333333332,0.0,35.5,22.0,0,0.8660254037844387,-0.4999999999999998,0.9911140639934547,-0.1330147065341959,1,0,0,0
2022-04-10,2022,4,34.9,23.8,11.099999999999998,3.0,0.0,6.0,0.0,312.0,0.0,0.0,35.333333333333336,22.666666666666668,12.666666666666666,0.0,34.7,23.4,0,0.8660254037844387,-0.4999999999999998,0.9886775902323405,-0.1500553983446526,1,0,0,0
2022-04-11,2022,4,31.7,22.9,8.8,2.0,0.0,5.6,0.0,60.0,0.0,0.0,35.03333333333333,23.066666666666666,11.966666666666669,0.0,34.9,23.8,0,0.8660254037844387,-0.4999999999999998,0.9859481499638304,-0.16705162550211924,1,0,0,0
2022-04-12,2022,4,35.1,22.6,12.5,3.0,0.0,7.2,0.0,336.0,0.0,0.0,33.766666666666666,23.366666666666664,10.4,0.0,31.7,22.9,0,0.8660254037844387,-0.4999999999999998,0.9829265519799822,-0.18399835165768005,1,0,0,0
2022-04-13,2022,4,34.8,23.7,11.099999999999998,3.0,0.0,7.0,0.0,438.0,0.0,0.0,33.9,23.100000000000005,10.799999999999999,0.0,35.1,22.6,0,0.8660254037844387,-0.4999999999999998,0.9796136916454901,-0.20089055513063506,1,0,0,1
2022-04-14,2022,4,33.7,21.2,12.500000000000004,2.0,12.3,3.5,83.0,300.0,0.0,0.0,33.86666666666667,23.066666666666666,10.799999999999999,0.0,34.8,23.7,1,0.8660254037844387,-0.4999999999999998,0.9760105506323683,-0.21772323039653177,1,0,1,1
2022-04-16,2022,4,33.0,21.9,11.100000000000001,2.0,0.0,6.7,20.0,378.0,12.3,12.299999999999972,34.53333333333334,22.5,12.033333333333333,12.3,33.7,21.2,1,0.8660254037844387,-0.4999999999999998,0.9679377830240642,-0.25119006388481935,1,0,0,1
2022-04-17,2022,4,34.1,20.0,14.100000000000001,2.0,51.0,5.0,240.0,498.0,12.3,12.299999999999972,33.833333333333336,22.266666666666666,11.566666666666668,0.0,33.0,21.9,1,0.8660254037844387,-0.4999999999999998,0.9634705485641488,-0.2678143051621742,1,0,1,1
2022-04-18,2022,4,34.1,21.5,12.600000000000001,3.0,1.3,5.2,15.0,300.0,63.3,63.29999999999997,33.6,21.03333333333333,12.566666666666668,51.0,34.1,20.0,1,0.8660254037844387,-0.4999999999999998,0.9587178169872964,-0.2843591872810034,1,0,1,1
2022-04-19,2022,4,31.8,20.0,11.8,2.0,32.8,4.3,208.0,402.0,52.3,64.59999999999997,33.733333333333334,21.133333333333336,12.600000000000001,1.3,34.1,21.5,1,0.8660254037844387,-0.4999999999999998,0.9536809966304457,-0.30081980763566735,1,0,1,0
2022-04-20,2022,4,32.4,21.8,10.599999999999998,1.0,0.0,5.7,0.0,270.0,85.1,97.39999999999996,33.333333333333336,20.5,12.833333333333334,32.8,31.8,20.0,0,0.8660254037844387,-0.4999999999999998,0.9483615800121715,-0.3171912885891061,1,0,0,0
2022-04-21,2022,4,34.1,23.0,11.100000000000001,2.0,0.0,7.0,0.0,456.0,34.099999999999994,97.39999999999996,32.76666666666667,21.1,11.666666666666666,0.0,32.4,21.8,0,0.8660254037844387,-0.4999999999999998,0.9427611433904207,-0.3334687789181868,1,0,0,0
2022-04-22,2022,4,34.5,22.7,11.8,2.0,0.0,6.5,0.0,426.0,32.8,97.39999999999996,32.76666666666667,21.600000000000005,11.166666666666666,0.0,34.1,23.0,0,0.8660254037844387,-0.4999999999999998,0.9368813462954315,-0.3496474552512284,1,0,0,0
2022-04-23,2022,4,33.5,22.7,10.8,3.0,0.0,6.2,0.0,432.0,0.0,85.09999999999997,33.666666666666664,22.5,11.166666666666666,0.0,34.5,22.7,0,0.8660254037844387,-0.4999999999999998,0.9307239310379795,-0.36572252349726897,1,0,0,0
2022-04-24,2022,4,31.2,23.3,7.899999999999999,2.0,0.0,6.0,0.0,132.0,0.0,85.09999999999997,34.03333333333333,22.8,11.233333333333334,0.0,33.5,22.7,0,0.8660254037844387,-0.4999999999999998,0.9242907221930934,-0.3816892202666588,1,0,0,0
2022-04-25,2022,4,34.0,23.2,10.8,2.0,0.0,70.0,0.0,426.0,0.0,34.099999999999966,33.06666666666667,22.900000000000002,10.166666666666666,0.0,31.2,23.3,0,0.8660254037844387,-0.4999999999999998,0.9175836260593937,-0.39754281428255595,1,0,0,0
2022-04-26,2022,4,34.6,23.4,11.200000000000003,2.0,0.0,6.4,0.0,396.0,0.0,32.79999999999997,32.9,23.066666666666666,9.833333333333334,0.0,34.0,23.2,0,0.8660254037844387,-0.4999999999999998,0.9106046300942163,-0.4132786077829042,1,0,0,0
2022-04-27,2022,4,34.4,23.7,10.7,2.0,0.0,5.7,0.0,491.0,0.0,0.0,33.26666666666666,23.3,9.966666666666667,0.0,34.6,23.4,0,0.8660254037844387,-0.4999999999999998,0.9033558023246845,-0.4288919379124835,1,0,0,0
2022-04-28,2022,4,35.0,24.2,10.8,3.0,0.0,67.0,0.0,426.0,0.0,0.0,34.333333333333336,23.433333333333334,10.9,0.0,34.4,23.7,0,0.8660254037844387,-0.4999999999999998,0.895839290734909,-0.4443781781046132,1,0,0,0
2022-04-29,2022,4,34.7,23.3,11.400000000000002,3.0,0.0,6.5,0.0,438.0,0.0,0.0,34.666666666666664,23.766666666666666,10.9,0.0,35.0,24.2,0,0.8660254037844387,-0.4999999999999998,0.8880573226294932,-0.45973273945210397,1,0,0,0
2022-04-30,2022,4,36.7,22.7,14.000000000000004,3.0,0.0,6.3,5.0,426.0,0.0,0.0,34.7,23.733333333333334,10.966666666666669,0.0,34.7,23.3,0,0.8660254037844387,-0.4999999999999998,0.8800122039735357,-0.47495107206704995,1,0,0,1
2022-05-01,2022,5,34.8,23.0,11.799999999999997,3.0,0.0,7.2,5.0,456.0,0.0,0.0,35.46666666666667,23.400000000000002,12.066666666666668,0.0,36.7,22.7,1,0.49999999999999994,-0.8660254037844387,0.8717063187093219,-0.49002866642905923,1,0,0,1
2022-05-02,2022,5,33.9,20.2,13.7,3.0,54.4,7.2,335.0,372.0,0.0,0.0,35.4,23.0,12.4,0.0,34.8,23.0,1,0.49999999999999994,-0.8660254037844387,0.8631421280499114,-0.5049610547215204,1,0,1,0
2022-05-03,2022,5,32.5,22.4,10.100000000000001,3.0,0.0,6.7,0.0,432.0,54.4,54.39999999999997,35.13333333333333,21.96666666666667,13.166666666666666,54.4,33.9,20.2,0,0.49999999999999994,-0.8660254037844387,0.854322169749827,-0.5197438121555155,1,0,0,1
2022-05-04,2022,5,34.0,20.9,13.100000000000001,3.0,9.2,7.0,175.0,510.0,54.4,54.39999999999997,33.73333333333333,21.866666666666664,11.866666666666665,0.0,32.5,22.4,1,0.49999999999999994,-0.8660254037844387,0.8452490573530633,-0.5343725582809786,1,0,1,1
2022-05-05,2022,5,34.2,21.6,12.600000000000001,2.0,4.2,5.3,42.0,462.0,63.599999999999994,63.599999999999966,33.46666666666667,21.166666666666668,12.300000000000002,9.2,34.0,20.9,1,0.49999999999999994,-0.8660254037844387,0.8359254794186372,-0.548842958284719,1,0,1,1
2022-05-06,2022,5,31.2,21.3,9.899999999999999,2.0,0.2,5.2,2.0,342.0,13.399999999999999,67.79999999999997,33.56666666666666,21.633333333333336,11.933333333333335,4.2,34.2,21.6,1,0.49999999999999994,-0.8660254037844387,0.8263541987239096,-0.5631507242749186,1,0,1,1
2022-05-07,2022,5,32.4,21.2,11.2,2.0,4.6,5.5,2.0,342.0,13.6,67.99999999999997,33.13333333333333,21.26666666666667,11.866666666666667,0.2,31.2,21.3,1,0.49999999999999994,-0.8660254037844387,0.8165380514459161,-0.5772916165517272,1,0,1,1
2022-05-08,2022,5,33.5,21.8,11.7,3.0,2.4,5.3,24.0,330.0,9.0,72.59999999999997,32.6,21.36666666666667,11.233333333333334,4.6,32.4,21.2,1,0.49999999999999994,-0.8660254037844387,0.8064799463209448,-0.5912614448635781,1,0,1,1
2022-05-09,2022,5,33.2,21.9,11.300000000000004,3.0,1.7,4.3,50.0,240.0,7.199999999999999,74.99999999999997,32.36666666666667,21.433333333333337,10.933333333333332,2.4,33.5,21.8,1,0.49999999999999994,-0.8660254037844387,0.7961828637826158,-0.6050560696488488,1,0,1,1
2022-05-10,2022,5,31.5,20.2,11.3,5.0,22.8,5.5,148.0,168.0,8.7,22.299999999999972,33.03333333333333,21.633333333333336,11.4,1.7,33.2,21.9,1,0.49999999999999994,-0.8660254037844387,0.7856498550787147,-0.6186714032625031,1,0,1,0
2022-05-11,2022,5,24.3,21.5,2.8000000000000007,5.0,5.2,2.8,2.0,0.0,26.9,45.09999999999997,32.73333333333334,21.3,11.433333333333335,22.8,31.5,20.2,0,0.49999999999999994,-0.8660254037844387,0.7748840413670407,-0.6321034111873487,1,0,1,0
2022-05-12,2022,5,25.0,19.5,5.5,6.0,5.5,2.0,55.0,0.0,29.700000000000003,41.09999999999998,29.66666666666667,21.200000000000003,8.466666666666669,5.2,24.3,21.5,0,0.49999999999999994,-0.8660254037844387,0.7638886127905428,-0.6453481132295501,1,0,1,0
2022-05-13,2022,5,23.0,20.0,3.0,5.0,1.9,2.4,45.0,0.0,33.5,42.39999999999998,26.933333333333337,20.400000000000002,6.533333333333334,5.5,25.0,19.5,0,0.49999999999999994,-0.8660254037844387,0.7526668275320084,-0.6584015846980488,1,0,1,1
2022-05-14,2022,5,26.3,21.9,4.400000000000002,5.0,0.0,3.4,5.0,0.0,12.6,44.09999999999997,24.100000000000005,20.333333333333332,3.766666666666667,1.9,23.0,20.0,1,0.49999999999999994,-0.8660254037844387,0.741222010848596,-0.6712599575675313,1,0,0,1
2022-05-15,2022,5,29.7,20.9,8.8,3.0,20.8,3.6,570.0,294.0,7.4,39.49999999999997,24.76666666666667,20.46666666666667,4.300000000000001,0.0,26.3,21.9,1,0.49999999999999994,-0.8660254037844387,0.7295575540864875,-0.6839194216246106,1,0,1,1
2022-05-16,2022,5,29.5,22.4,7.100000000000001,3.0,0.2,5.3,2.0,294.0,22.700000000000003,57.89999999999998,26.33333333333334,20.933333333333334,5.400000000000001,20.8,29.7,20.9,1,0.49999999999999994,-0.8660254037844387,0.717676913675962,-0.6963762255968722,1,0,1,1
2022-05-18,2022,5,27.6,20.2,7.400000000000002,1.0,114.6,4.4,706.0,66.0,21.0,56.39999999999998,28.500000000000004,21.733333333333334,6.766666666666668,0.2,29.5,22.4,1,0.49999999999999994,-0.8660254037844387,0.6932812268869777,-0.7206671495538609,1,0,1,1
2022-05-19,2022,5,29.0,21.5,7.5,3.0,0.8,4.6,8.0,54.0,135.6,148.19999999999996,28.933333333333337,21.166666666666668,7.766666666666668,114.6,27.6,20.2,1,0.49999999999999994,-0.8660254037844387,0.6807734094770161,-0.7324940716135789,1,0,1,0
2022-05-20,2022,5,22.4,17.9,4.5,5.0,4.9,3.3,49.0,0.0,115.6,143.79999999999998,28.700000000000003,21.366666666666664,7.333333333333335,0.8,29.0,21.5,0,0.49999999999999994,-0.8660254037844387,0.6680638642135335,-0.7441039398713607,1,0,1,0
2022-05-21,2022,5,27.0,18.8,8.2,5.0,3.7,4.7,95.0,120.0,120.3,143.19999999999996,26.333333333333332,19.866666666666667,6.466666666666668,4.9,22.4,17.9,0,0.49999999999999994,-0.8660254037844387,0.6551563572090853,-0.7554933140726803,1,0,1,0
2022-05-22,2022,5,26.7,20.7,6.0,5.0,0.0,5.6,10.0,378.0,9.4,144.99999999999997,26.133333333333336,19.400000000000002,6.733333333333333,3.7,27.0,18.8,0,0.49999999999999994,-0.8660254037844387,0.6420547132365637,-0.766658819300159,1,0,0,0
2022-05-23,2022,5,28.5,21.0,7.5,5.0,0.0,5.2,0.0,174.0,8.6,144.99999999999997,25.36666666666667,19.133333333333336,6.233333333333333,0.0,26.7,20.7,0,0.49999999999999994,-0.8660254037844387,0.6287628145958344,-0.777597146973627,1,0,0,0
2022-05-24,2022,5,30.3,22.1,8.2,4.0,0.0,5.5,0.0,462.0,3.7,124.19999999999996,27.400000000000002,20.166666666666668,7.233333333333333,0.0,28.5,21.0,0,0.49999999999999994,-0.8660254037844387,0.6152845999633276,-0.7883050558305255,1,0,0,0
2022-05-25,2022,5,30.7,22.2,8.5,3.0,0.0,5.6,0.0,390.0,0.0,123.99999999999996,28.5,21.26666666666667,7.233333333333333,0.0,30.3,22.1,0,0.49999999999999994,-0.8660254037844387,0.6016240632249226,-0.7987793728863649,1,0,0,0
2022-05-26,2022,5,31.1,22.6,8.5,2.0,0.0,5.3,0.0,342.0,0.0,9.399999999999958,29.833333333333332,21.76666666666667,8.066666666666666,0.0,30.7,22.2,0,0.49999999999999994,-0.8660254037844387,0.5877852522924732,-0.8090169943749473,1,0,0,0
2022-05-27,2022,5,31.9,21.6,10.299999999999997,4.0,0.0,5.6,0.0,342.0,0.0,8.599999999999957,30.700000000000003,22.3,8.4,0.0,31.1,22.6,0,0.49999999999999994,-0.8660254037844387,0.5737722679043246,-0.8190148866680801,1,0,0,0
2022-05-28,2022,5,31.0,21.2,9.8,4.0,0.0,5.6,0.0,342.0,0.0,3.6999999999999575,31.233333333333338,22.133333333333336,9.1,0.0,31.9,21.6,0,0.49999999999999994,-0.8660254037844387,0.5595892624101765,-0.8287700871745038,1,0,0,0
2022-05-29,2022,5,30.6,21.2,9.400000000000002,4.0,0.0,5.3,2.0,486.0,0.0,0.0,31.333333333333332,21.8,9.533333333333333,0.0,31.0,21.2,0,0.49999999999999994,-0.8660254037844387,0.545240438540651,-0.8382797052177744,1,0,0,0
2022-05-30,2022,5,30.6,21.6,9.0,4.0,0.0,5.1,0.0,534.0,0.0,0.0,31.166666666666668,21.333333333333332,9.833333333333334,0.0,30.6,21.2,0,0.49999999999999994,-0.8660254037844387,0.5307300481619334,-0.8475409228928311,1,0,0,1
2022-06-01,2022,6,30.4,21.1,9.299999999999997,4.0,3.4,4.3,34.0,312.0,0.0,0.0,30.733333333333338,21.333333333333332,9.4,0.0,30.6,21.6,1,1.2246467991473532e-16,-1.0,0.5012418134457758,-0.865307254363206,2,0,1,0
2022-06-02,2022,6,29.8,22.0,7.800000000000001,4.0,0.0,5.2,0.0,245.0,3.4,3.3999999999999573,30.533333333333335,21.3,9.233333333333333,3.4,30.4,21.1,0,1.2246467991473532e-16,-1.0,0.48627270710869,-0.8738071036110808,2,0,0,1
2022-06-03,2022,6,31.0,21.3,9.7,4.0,0.0,5.2,0.0,366.0,3.4,3.3999999999999573,30.26666666666667,21.566666666666666,8.7,0.0,29.8,22.0,1,1.2246467991473532e-16,-1.0,0.4711595076738638,-0.8820480249558537,2,0,0,1
2022-06-04,2022,6,32.2,19.5,12.700000000000003,4.0,28.0,5.5,145.0,360.0,3.4,3.3999999999999573,30.400000000000002,21.46666666666667,8.933333333333332,0.0,31.0,21.3,1,1.2246467991473532e-16,-1.0,0.4559066935084588,-0.8900275764346767,2,0,1,1
2022-06-05,2022,6,33.0,20.6,12.399999999999999,3.0,4.4,5.5,44.0,444.0,28.0,31.399999999999956,31.0,20.933333333333334,10.066666666666668,28.0,32.2,19.5,1,1.2246467991473532e-16,-1.0,0.440518784350495,-0.8977433935342337,2,0,1,1
2022-06-06,2022,6,32.5,19.1,13.399999999999999,4.0,32.0,4.8,200.0,324.0,32.4,35.799999999999955,32.06666666666667,20.46666666666667,11.6,4.4,33.0,20.6,1,1.2246467991473532e-16,-1.0,0.42500033996955416,-0.9051931898913974,2,0,1,1
2022-06-07,2022,6,30.6,21.1,9.5,3.0,0.8,4.8,8.0,300.0,64.4,67.79999999999995,32.56666666666667,19.733333333333338,12.833333333333334,32.0,32.5,19.1,1,1.2246467991473532e-16,-1.0,0.4093559588156213,-0.9123747579707273,2,0,1,0
2022-06-08,2022,6,29.0,21.2,7.800000000000001,4.0,0.0,4.9,0.0,54.0,37.199999999999996,68.59999999999995,32.03333333333334,20.26666666666667,11.766666666666666,0.8,30.6,21.1,0,1.2246467991473532e-16,-1.0,0.39359027665646673,-0.9192859697186104,2,0,0,0
2022-06-09,2022,6,30.6,21.5,9.100000000000001,5.0,0.0,48.0,0.0,195.0,32.8,65.19999999999995,30.700000000000003,20.46666666666667,10.233333333333333,0.0,29.0,21.2,0,1.2246467991473532e-16,-1.0,0.3777079652039649,-0.9259247771938498,2,0,0,0
2022-06-10,2022,6,30.6,21.1,9.5,4.0,0.0,5.2,0.0,378.0,0.8,65.19999999999995,30.066666666666674,21.26666666666667,8.8,0.0,30.6,21.5,0,1.2246467991473532e-16,-1.0,0.36171373072976765,-0.9322892131745133,2,0,0,0
2022-06-11,2022,6,29.9,20.6,9.299999999999997,5.0,0.0,5.2,0.0,150.0,0.0,65.19999999999995,30.066666666666674,21.266666666666666,8.8,0.0,30.6,21.1,0,1.2246467991473532e-16,-1.0,0.3456123126707335,-0.9383773917408641,2,0,0,0
2022-06-12,2022,6,30.4,20.9,9.5,5.0,0.0,5.4,0.0,366.0,0.0,37.19999999999995,30.36666666666667,21.066666666666666,9.299999999999999,0.0,29.9,20.6,0,1.2246467991473532e-16,-1.0,0.3294084822245304,-0.9441875088341993,2,0,0,0
2022-06-13,2022,6,30.5,20.6,9.899999999999999,5.0,0.0,5.4,0.0,594.0,0.0,32.799999999999955,30.3,20.86666666666667,9.433333333333332,0.0,30.4,20.9,0,1.2246467991473532e-16,-1.0,0.3131070409358269,-0.9497178427914316,2,0,0,0
2022-06-14,2022,6,29.5,20.6,8.899999999999999,4.0,0.0,5.2,0.0,168.0,0.0,0.7999999999999574,30.26666666666667,20.700000000000003,9.566666666666665,0.0,30.5,20.6,0,1.2246467991473532e-16,-1.0,0.29671281927349075,-0.9549667548552551,2,0,0,1
2022-06-15,2022,6,31.9,20.2,11.7,3.0,31.0,5.4,190.0,522.0,0.0,0.0,30.133333333333336,20.700000000000003,9.433333333333332,0.0,29.5,20.6,1,1.2246467991473532e-16,-1.0,0.2802306751992159,-0.9599326896597447,2,0,1,0
2022-06-16,2022,6,28.0,21.3,6.699999999999999,3.0,0.0,4.9,0.0,0.0,31.0,30.999999999999957,30.633333333333336,20.46666666666667,10.166666666666666,31.0,31.9,20.2,0,1.2246467991473532e-16,-1.0,0.26366549272800704,-0.9646141756912435,2,0,0,1
2022-06-17,2022,6,30.6,19.7,10.900000000000002,3.0,38.9,4.6,230.0,294.0,31.0,30.999999999999957,29.8,20.700000000000003,9.1,0.0,28.0,21.3,1,1.2246467991473532e-16,-1.0,0.24702218048093552,-0.9690098257244062,2,0,1,1
2022-06-18,2022,6,30.5,21.2,9.3,2.0,43.1,4.0,11.0,195.0,69.9,69.89999999999995,30.166666666666668,20.400000000000002,9.766666666666667,38.9,30.6,19.7,1,1.2246467991473532e-16,-1.0,0.23030567023061221,-0.9731183372332619,2,0,1,1
2022-06-19,2022,6,27.2,21.1,6.099999999999998,3.0,0.9,3.6,85.0,126.0,82.0,112.99999999999996,29.700000000000003,20.733333333333334,8.966666666666667,43.1,30.5,21.2,1,1.2246467991473532e-16,-1.0,0.21352091543979612,-0.9769384927771817,2,0,1,1
2022-06-20,2022,6,29.5,20.7,8.8,4.0,1.6,5.0,16.0,312.0,82.9,113.89999999999996,29.433333333333337,20.666666666666668,8.766666666666667,0.9,27.2,21.1,1,1.2246467991473532e-16,-1.0,0.19667288979357647,-0.980469160361632,2,0,1,1
2022-06-21,2022,6,28.4,20.5,7.899999999999999,4.0,14.5,4.6,105.0,288.0,45.6,115.49999999999996,29.066666666666666,21.0,8.066666666666666,1.6,29.5,20.7,1,1.2246467991473532e-16,-1.0,0.1797665857255624,-0.9837092937736097,2,0,1,0
2022-06-22,2022,6,27.8,20.4,7.400000000000002,5.0,0.2,4.8,2.0,144.0,17.0,129.99999999999994,28.36666666666667,20.76666666666667,7.599999999999999,14.5,28.4,20.5,0,1.2246467991473532e-16,-1.0,0.16280701293851715,-0.986657932891657,2,0,1,0
2022-06-23,2022,6,25.6,20.4,5.200000000000003,5.0,0.0,4.5,0.0,195.0,16.3,99.19999999999996,28.566666666666666,20.533333333333335,8.033333333333333,0.2,27.8,20.4,0,1.2246467991473532e-16,-1.0,0.1457991969198751,-0.9893142039703663,2,0,0,0
2022-06-24,2022,6,26.2,20.7,5.5,5.0,0.0,4.8,0.0,0.0,14.7,99.19999999999996,27.26666666666667,20.433333333333334,6.833333333333335,0.0,25.6,20.4,0,1.2246467991473532e-16,-1.0,0.12874817745258132,-0.99167731989929,2,0,0,0
2022-06-25,2022,6,28.8,20.5,8.3,6.0,0.0,1.8,0.0,468.0,0.2,60.29999999999996,26.533333333333335,20.5,6.033333333333335,0.0,26.2,20.7,0,1.2246467991473532e-16,-1.0,0.11165900712169512,-0.993746580436178,2,0,0,0
2022-06-26,2022,6,26.9,20.5,6.399999999999999,6.0,3.1,5.0,85.0,36.0,0.0,17.199999999999957,26.86666666666667,20.533333333333335,6.333333333333335,0.0,28.8,20.5,0,1.2246467991473532e-16,-1.0,0.09453674981719912,-0.9955213724144752,2,0,1,0
2022-06-27,2022,6,28.3,20.1,8.2,6.0,0.0,4.8,0.0,270.0,3.1,19.39999999999996,27.3,20.566666666666666,6.733333333333333,3.1,26.9,20.5,0,1.2246467991473532e-16,-1.0,0.07738647923346301,-0.9970011699250151,2,0,0,0
2022-06-28,2022,6,28.0,20.2,7.800000000000001,5.0,0.0,4.8,0.0,0.0,3.1,17.799999999999958,28.0,20.36666666666667,7.633333333333333,0.0,28.3,20.1,0,1.2246467991473532e-16,-1.0,0.06021327736579302,-0.9981855344718586,2,0,0,0
2022-06-29,2022,6,27.5,21.1,6.399999999999999,5.0,0.0,4.8,0.0,102.0,3.1,3.2999999999999576,27.733333333333334,20.26666666666667,7.466666666666666,0.0,28.0,20.2,0,1.2246467991473532e-16,-1.0,0.04302223300453059,-0.99907411510223,2,0,0,0
2022-06-30,2022,6,29.5,20.5,9.0,4.0,5.8,5.0,180.0,336.0,0.0,3.0999999999999575,27.933333333333337,20.46666666666667,7.466666666666666,0.0,27.5,21.1,0,1.2246467991473532e-16,-1.0,0.02581844022713308,-0.9996666485105112,2,0,1,0
2022-07-01,2022,7,27.8,20.5,7.300000000000001,5.0,3.5,4.8,248.0,258.0,5.8,8.899999999999958,28.33333333333334,20.6,7.733333333333333,5.8,29.5,20.5,0,-0.4999999999999997,-0.8660254037844388,0.008606996888688698,-0.9999629591162655,2,0,1,0
2022-07-02,2022,7,28.7,20.9,7.800000000000001,5.0,0.0,5.0,5.0,300.0,9.3,12.399999999999956,28.26666666666667,20.700000000000003,7.566666666666666,3.5,27.8,20.5,0,-0.4999999999999997,-0.8660254037844388,-0.008606996888688009,-0.9999629591162655,2,0,0,0
2022-07-03,2022,7,28.5,21.1,7.399999999999999,6.0,0.0,4.6,0.0,204.0,9.3,12.399999999999956,28.66666666666667,20.633333333333333,8.033333333333333,0.0,28.7,20.9,0,-0.4999999999999997,-0.8660254037844388,-0.02581844022713239,-0.9996666485105112,2,0,0,0
2022-07-04,2022,7,27.0,20.6,6.399999999999999,6.0,0.0,4.6,0.0,0.0,3.5,9.299999999999958,28.33333333333334,20.833333333333336,7.5,0.0,28.5,21.1,0,-0.4999999999999997,-0.8660254037844388,-0.04302223300453034,-0.99907411510223,2,0,0,0
2022-07-05,2022,7,25.8,20.1,5.699999999999999,6.0,1.8,4.0,18.0,0.0,0.0,9.299999999999958,28.066666666666666,20.866666666666667,7.199999999999999,0.0,27.0,20.6,0,-0.4999999999999997,-0.8660254037844388,-0.060213277365792774,-0.9981855344718586,2,0,1,0
2022-07-06,2022,7,26.5,20.6,5.899999999999999,6.0,0.2,4.2,2.0,42.0,1.8,11.099999999999957,27.100000000000005,20.6,6.499999999999999,1.8,25.8,20.1,0,-0.4999999999999997,-0.8660254037844388,-0.07738647923346322,-0.9970011699250151,2,0,1,0
2022-07-07,2022,7,25.0,20.3,4.699999999999999,5.0,1.2,4.4,12.0,0.0,2.0,11.299999999999958,26.433333333333337,20.433333333333334,5.999999999999999,0.2,26.5,20.6,0,-0.4999999999999997,-0.8660254037844388,-0.09453674981719933,-0.9955213724144752,2,0,1,0
2022-07-08,2022,7,23.7,19.7,4.0,5.0,5.5,2.8,55.0,0.0,3.2,6.699999999999957,25.76666666666667,20.333333333333332,5.433333333333333,1.2,25.0,20.3,0,-0.4999999999999997,-0.8660254037844388,-0.11165900712169444,-0.9937465804361781,2,0,1,0
2022-07-09,2022,7,25.5,19.8,5.699999999999999,5.0,7.3,2.8,10.0,132.0,6.9,8.699999999999957,25.066666666666666,20.200000000000003,4.866666666666666,5.5,23.7,19.7,0,-0.4999999999999997,-0.8660254037844388,-0.12874817745258066,-0.99167731989929,2,0,1,0
2022-07-10,2022,7,25.4,20.0,5.399999999999999,5.0,15.4,2.2,114.0,0.0,14.0,15.999999999999957,24.733333333333334,19.933333333333334,4.8,7.3,25.5,19.8,0,-0.4999999999999997,-0.8660254037844388,-0.14579919691987442,-0.9893142039703664,2,0,1,0
2022-07-11,2022,7,26.2,20.2,6.0,5.0,0.8,3.1,8.0,54.0,28.200000000000003,31.399999999999956,24.86666666666667,19.833333333333332,5.033333333333332,15.4,25.4,20.0,0,-0.4999999999999997,-0.8660254037844388,-0.16280701293851646,-0.9866579328916572,2,0,1,0
2022-07-12,2022,7,25.6,19.8,5.800000000000001,5.0,4.6,4.0,46.0,0.0,23.5,32.19999999999995,25.7,20.0,5.699999999999999,0.8,26.2,20.2,0,-0.4999999999999997,-0.8660254037844388,-0.17976658572556214,-0.9837092937736098,2,0,1,0
2022-07-13,2022,7,27.5,19.7,7.800000000000001,6.0,1.1,30.4,11.0,204.0,20.8,34.99999999999996,25.733333333333334,20.0,5.733333333333333,4.6,25.6,19.8,0,-0.4999999999999997,-0.8660254037844388,-0.19667288979357622,-0.9804691603616321,2,0,1,0
2022-07-14,2022,7,24.3,19.5,4.800000000000001,6.0,1.6,3.6,16.0,0.0,6.500000000000002,35.89999999999995,26.433333333333337,19.900000000000002,6.533333333333334,1.1,27.5,19.7,0,-0.4999999999999997,-0.8660254037844388,-0.2135209154397959,-0.9769384927771817,2,0,1,0
2022-07-15,2022,7,25.0,19.5,5.5,6.0,2.2,3.6,22.0,72.0,7.300000000000002,36.299999999999955,25.8,19.666666666666668,6.133333333333334,1.6,24.3,19.5,0,-0.4999999999999997,-0.8660254037844388,-0.23030567023061196,-0.973118337233262,2,0,1,0
2022-07-16,2022,7,25.6,20.1,5.5,5.0,0.4,4.0,4.0,36.0,4.900000000000002,32.99999999999996,25.600000000000005,19.566666666666666,6.033333333333334,2.2,25.0,19.5,0,-0.4999999999999997,-0.8660254037844388,-0.24702218048093527,-0.9690098257244063,2,0,1,0
2022-07-17,2022,7,25.6,20.2,5.400000000000002,5.0,4.7,3.5,47.0,24.0,4.200000000000002,26.099999999999955,24.96666666666667,19.7,5.266666666666667,0.4,25.6,20.1,0,-0.4999999999999997,-0.8660254037844388,-0.2636654927280072,-0.9646141756912435,2,0,1,0
2022-07-18,2022,7,27.5,20.9,6.600000000000001,4.0,0.3,1.4,335.0,30.0,7.3000000000000025,15.399999999999956,25.400000000000006,19.933333333333337,5.466666666666668,4.7,25.6,20.2,0,-0.4999999999999997,-0.8660254037844388,-0.2802306751992161,-0.9599326896597445,2,0,1,0
2022-07-19,2022,7,25.8,20.1,5.699999999999999,4.0,0.2,4.0,2.0,0.0,5.400000000000001,14.899999999999956,26.233333333333338,20.400000000000002,5.833333333333335,0.3,27.5,20.9,0,-0.4999999999999997,-0.8660254037844388,-0.2967128192734901,-0.9549667548552553,2,0,1,0
2022-07-20,2022,7,29.6,21.5,8.100000000000001,4.0,0.0,5.7,0.0,438.0,5.200000000000001,10.499999999999957,26.3,20.400000000000002,5.900000000000001,0.2,25.8,20.1,0,-0.4999999999999997,-0.8660254037844388,-0.3131070409358267,-0.9497178427914317,2,0,0,0
2022-07-21,2022,7,30.8,20.4,10.400000000000002,3.0,82.6,4.8,10.0,132.0,0.5000000000000009,9.399999999999956,27.633333333333336,20.833333333333332,6.800000000000001,0.0,29.6,21.5,0,-0.4999999999999997,-0.8660254037844388,-0.3294084822245302,-0.9441875088341994,2,0,1,1
2022-07-22,2022,7,27.9,21.1,6.799999999999997,4.0,0.0,5.0,0.0,132.0,82.8,90.39999999999995,28.733333333333338,20.666666666666668,8.066666666666668,82.6,30.8,20.4,1,-0.4999999999999997,-0.8660254037844388,-0.3456123126707333,-0.9383773917408642,2,0,0,0
2022-07-23,2022,7,26.3,20.9,5.400000000000002,3.0,0.0,4.6,0.0,30.0,82.6,88.19999999999995,29.433333333333337,21.0,8.433333333333334,0.0,27.9,21.1,0,-0.4999999999999997,-0.8660254037844388,-0.3617137307297674,-0.9322892131745134,2,0,0,0
2022-07-24,2022,7,26.7,20.0,6.699999999999999,4.0,0.3,4.8,3.0,132.0,82.6,87.79999999999995,28.333333333333332,20.8,7.533333333333334,0.0,26.3,20.9,0,-0.4999999999999997,-0.8660254037844388,-0.37770796520396466,-0.9259247771938499,2,0,1,0
2022-07-25,2022,7,26.5,20.2,6.300000000000001,4.0,0.4,4.8,4.0,6.0,0.3,83.39999999999995,26.96666666666667,20.666666666666668,6.3,0.3,26.7,20.0,0,-0.4999999999999997,-0.8660254037844388,-0.39359027665646645,-0.9192859697186105,2,0,1,0
2022-07-26,2022,7,28.5,21.2,7.300000000000001,3.0,0.0,5.2,0.0,306.0,0.7,83.49999999999996,26.5,20.366666666666667,6.133333333333334,0.4,26.5,20.2,0,-0.4999999999999997,-0.8660254037844388,-0.4093559588156211,-0.9123747579707274,2,0,0,0
2022-07-27,2022,7,27.5,20.8,6.699999999999999,4.0,0.8,4.5,8.0,96.0,0.7,83.29999999999995,27.233333333333334,20.46666666666667,6.766666666666667,0.0,28.5,21.2,0,-0.4999999999999997,-0.8660254037844388,-0.42500033996955394,-0.9051931898913975,2,0,1,1
2022-07-28,2022,7,29.5,20.9,8.600000000000001,2.0,3.4,4.2,34.0,186.0,1.2,84.09999999999995,27.5,20.733333333333334,6.766666666666667,0.8,27.5,20.8,1,-0.4999999999999997,-0.8660254037844388,-0.4405187843504952,-0.8977433935342336,2,0,1,1
2022-07-29,2022,7,30.2,22.3,7.899999999999999,1.0,1.3,5.1,13.0,384.0,4.2,4.899999999999958,28.5,20.966666666666665,7.533333333333334,3.4,29.5,20.9,1,-0.4999999999999997,-0.8660254037844388,-0.455906693508459,-0.8900275764346766,2,0,1,1
2022-07-30,2022,7,30.7,20.3,10.399999999999999,2.0,4.1,5.5,41.0,324.0,5.5,6.1999999999999575,29.066666666666666,21.333333333333332,7.733333333333333,1.3,30.2,22.3,1,-0.4999999999999997,-0.8660254037844388,-0.47115950767386394,-0.8820480249558535,2,0,1,1
2022-07-31,2022,7,31.5,20.5,11.0,2.0,48.2,4.8,10.0,132.0,8.8,10.299999999999958,30.133333333333336,21.166666666666668,8.966666666666667,4.1,30.7,20.3,1,-0.4999999999999997,-0.8660254037844388,-0.4862727071086902,-0.8738071036110807,2,0,1,0
2022-08-01,2022,8,28.4,20.3,8.099999999999998,2.0,14.0,5.2,100.0,216.0,53.6,58.19999999999996,30.8,21.033333333333335,9.766666666666666,48.2,31.5,20.5,0,-0.8660254037844384,-0.5000000000000004,-0.5012418134457756,-0.8653072543632061,2,0,1,1
2022-08-02,2022,8,30.5,20.1,10.399999999999999,2.0,45.7,4.0,297.0,372.0,66.30000000000001,71.79999999999995,30.200000000000003,20.36666666666667,9.833333333333332,14.0,28.4,20.3,1,-0.8660254037844384,-0.5000000000000004,-0.5160623910158526,-0.8565509959010037,2,0,1,1
2022-08-03,2022,8,28.0,19.7,8.3,2.0,63.3,1.8,393.0,180.0,107.9,117.49999999999997,30.133333333333336,20.3,9.833333333333332,45.7,30.5,20.1,1,-0.8660254037844384,-0.5000000000000004,-0.5307300481619331,-0.8475409228928312,2,0,1,1
2022-08-04,2022,8,27.5,21.2,6.300000000000001,1.0,1.9,2.0,19.0,102.0,123.0,179.99999999999997,28.96666666666667,20.033333333333335,8.933333333333332,63.3,28.0,19.7,1,-0.8660254037844384,-0.5000000000000004,-0.5452404385406507,-0.8382797052177745,2,0,1,0
2022-08-05,2022,8,23.9,20.0,3.8999999999999986,4.0,7.8,5.0,790.0,0.0,110.9,178.49999999999997,28.66666666666667,20.333333333333332,8.333333333333334,1.9,27.5,21.2,0,-0.8660254037844384,-0.5000000000000004,-0.5595892624101763,-0.828770087174504,2,0,1,0
2022-08-06,2022,8,24.3,19.8,4.5,6.0,2.5,5.0,400.0,216.0,73.0,184.99999999999994,26.46666666666667,20.3,6.166666666666667,7.8,23.9,20.0,0,-0.8660254037844384,-0.5000000000000004,-0.5737722679043243,-0.8190148866680802,2,0,1,0
2022-08-07,2022,8,24.2,20.2,4.0,5.0,3.7,5.0,15.0,216.0,12.2,183.39999999999995,25.233333333333338,20.333333333333332,4.8999999999999995,2.5,24.3,19.8,0,-0.8660254037844384,-0.5000000000000004,-0.5877852522924734,-0.8090169943749472,2,0,1,0
2022-08-08,2022,8,24.6,20.2,4.400000000000002,5.0,3.1,1.8,31.0,0.0,14.0,138.89999999999998,24.133333333333336,20.0,4.133333333333333,3.7,24.2,20.2,0,-0.8660254037844384,-0.5000000000000004,-0.6016240632249227,-0.7987793728863648,2,0,1,0
2022-08-09,2022,8,24.5,19.8,4.699999999999999,6.0,2.5,2.0,25.0,0.0,9.3,127.99999999999996,24.36666666666667,20.066666666666666,4.300000000000001,3.1,24.6,20.2,0,-0.8660254037844384,-0.5000000000000004,-0.6152845999633277,-0.7883050558305253,2,0,1,0
2022-08-10,2022,8,26.1,19.6,6.5,6.0,2.2,4.0,22.0,18.0,9.3,84.79999999999995,24.433333333333337,20.066666666666666,4.366666666666667,2.5,24.5,19.8,0,-0.8660254037844384,-0.5000000000000004,-0.6287628145958345,-0.7775971469736268,2,0,1,0
2022-08-11,2022,8,26.9,19.7,7.199999999999999,6.0,0.1,4.8,1.0,210.0,7.800000000000001,23.699999999999957,25.066666666666666,19.86666666666667,5.2,2.2,26.1,19.6,0,-0.8660254037844384,-0.5000000000000004,-0.6420547132365636,-0.7666588193001592,2,0,1,0
2022-08-12,2022,8,27.5,20.1,7.399999999999999,6.0,1.9,4.8,19.0,276.0,4.800000000000001,21.89999999999996,25.83333333333334,19.7,6.133333333333333,0.1,26.9,19.7,0,-0.8660254037844384,-0.5000000000000004,-0.655156357209085,-0.7554933140726804,2,0,1,0
2022-08-13,2022,8,27.1,19.8,7.300000000000001,5.0,0.3,32.0,15.0,216.0,4.2,15.999999999999957,26.83333333333334,19.8,7.033333333333332,1.9,27.5,20.1,0,-0.8660254037844384,-0.5000000000000004,-0.6680638642135333,-0.7441039398713608,2,0,1,0
2022-08-14,2022,8,27.6,19.6,8.0,5.0,0.0,4.0,0.0,264.0,2.3,13.799999999999958,27.166666666666668,19.86666666666667,7.3,0.3,27.1,19.8,0,-0.8660254037844384,-0.5000000000000004,-0.680773409477016,-0.732494071613579,2,0,0,0
2022-08-15,2022,8,26.5,20.1,6.399999999999999,4.0,0.0,4.1,0.0,0.0,2.1999999999999997,10.099999999999959,27.400000000000006,19.833333333333332,7.566666666666666,0.0,27.6,19.6,0,-0.8660254037844384,-0.5000000000000004,-0.6932812268869771,-0.7206671495538615,2,0,0,0
2022-08-16,2022,8,28.0,20.5,7.5,3.0,0.0,5.4,0.0,192.0,0.3,6.999999999999957,27.066666666666674,19.83333333333334,7.233333333333333,0.0,26.5,20.1,0,-0.8660254037844384,-0.5000000000000004,-0.7055836101071774,-0.70862667826446,2,0,0,0
2022-08-17,2022,8,30.0,21.1,8.899999999999999,3.0,0.0,5.8,0.0,216.0,0.0,4.499999999999957,27.36666666666667,20.066666666666666,7.3,0.0,28.0,20.5,0,-0.8660254037844384,-0.5000000000000004,-0.7176769136759615,-0.6963762255968726,2,0,0,0
2022-08-18,2022,8,29.5,21.4,8.100000000000001,3.0,0.0,5.7,0.0,444.0,0.0,2.299999999999957,28.16666666666667,20.566666666666666,7.599999999999999,0.0,30.0,21.1,0,-0.8660254037844384,-0.5000000000000004,-0.7295575540864876,-0.6839194216246105,2,0,0,0
2022-08-19,2022,8,30.0,21.1,8.899999999999999,4.0,0.0,5.2,0.0,216.0,0.0,2.199999999999957,29.16666666666667,21.0,8.166666666666666,0.0,29.5,21.4,0,-0.8660254037844384,-0.5000000000000004,-0.7412220108485957,-0.6712599575675315,2,0,0,0
2022-08-20,2022,8,28.9,20.5,8.399999999999999,5.0,0.0,5.9,0.0,60.0,0.0,0.29999999999995736,29.83333333333334,21.200000000000003,8.633333333333333,0.0,30.0,21.1,0,-0.8660254037844384,-0.5000000000000004,-0.7526668275320083,-0.6584015846980489,2,0,0,0
2022-08-21,2022,8,29.1,21.2,7.900000000000002,4.0,0.0,5.3,0.0,48.0,0.0,0.0,29.46666666666667,21.0,8.466666666666667,0.0,28.9,20.5,0,-0.8660254037844384,-0.5000000000000004,-0.7638886127905429,-0.64534811322955,2,0,0,1
2022-08-22,2022,8,28.5,20.7,7.800000000000001,4.0,16.4,3.2,94.0,240.0,0.0,0.0,29.33333333333334,20.933333333333334,8.4,0.0,29.1,21.2,1,-0.8660254037844384,-0.5000000000000004,-0.7748840413670406,-0.6321034111873488,2,0,1,0
2022-08-23,2022,8,28.3,20.8,7.5,4.0,7.8,2.0,55.0,186.0,16.4,16.399999999999956,28.83333333333334,20.8,8.033333333333333,16.4,28.5,20.7,0,-0.8660254037844384,-0.5000000000000004,-0.7856498550787144,-0.6186714032625032,2,0,1,0
2022-08-24,2022,8,28.7,20.9,7.800000000000001,4.0,0.0,4.7,0.0,216.0,24.2,24.199999999999957,28.633333333333336,20.900000000000002,7.733333333333334,7.8,28.3,20.8,0,-0.8660254037844384,-0.5000000000000004,-0.7961828637826154,-0.6050560696488494,2,0,0,0
2022-08-25,2022,8,27.9,20.1,7.799999999999997,4.0,19.0,1.3,396.0,84.0,24.2,24.199999999999957,28.500000000000004,20.8,7.7,0.0,28.7,20.9,0,-0.8660254037844384,-0.5000000000000004,-0.8064799463209447,-0.5912614448635783,2,0,1,0
2022-08-26,2022,8,28.0,20.3,7.699999999999999,3.0,41.4,5.0,330.0,114.0,26.8,43.19999999999996,28.3,20.6,7.699999999999999,19.0,27.9,20.1,0,-0.8660254037844384,-0.5000000000000004,-0.8165380514459157,-0.5772916165517278,2,0,1,1
2022-08-27,2022,8,27.2,19.3,7.899999999999999,3.0,21.1,1.3,131.0,120.0,60.4,84.59999999999995,28.200000000000003,20.433333333333334,7.766666666666666,41.4,28.0,20.3,1,-0.8660254037844384,-0.5000000000000004,-0.8263541987239094,-0.5631507242749189,2,0,1,1
2022-08-28,2022,8,27.9,19.2,8.7,3.0,15.1,4.1,111.0,156.0,81.5,105.69999999999996,27.7,19.900000000000002,7.799999999999998,21.1,27.2,19.3,1,-0.8660254037844384,-0.5000000000000004,-0.8359254794186365,-0.5488429582847199,2,0,1,0
2022-08-29,2022,8,28.4,21.6,6.799999999999997,2.0,0.4,5.2,4.0,258.0,77.6,120.79999999999995,27.700000000000003,19.600000000000005,8.1,15.1,27.9,19.2,0,-0.8660254037844384,-0.5000000000000004,-0.8452490573530633,-0.5343725582809785,2,0,1,1
2022-08-30,2022,8,26.3,20.2,6.100000000000001,1.0,93.7,1.0,577.0,0.0,36.6,104.79999999999994,27.833333333333332,20.033333333333335,7.799999999999998,0.4,28.4,21.6,1,-0.8660254037844384,-0.5000000000000004,-0.8543221697498269,-0.5197438121555157,2,0,1,1
2022-08-31,2022,8,28.8,20.0,8.8,1.0,2.6,5.0,15.0,216.0,109.2,190.69999999999993,27.533333333333335,20.333333333333336,7.199999999999999,93.7,26.3,20.2,1,-0.8660254037844384,-0.5000000000000004,-0.8631421280499115,-0.5049610547215202,2,0,1,1
2022-09-01,2022,9,28.2,20.5,7.699999999999999,2.0,2.9,4.7,29.0,60.0,96.7,193.29999999999995,27.833333333333332,20.6,7.233333333333333,2.6,28.8,20.0,1,-1.0,-1.8369701987210297e-16,-0.8717063187093217,-0.4900286664290594,2,0,1,1
2022-09-02,2022,9,28.4,20.0,8.399999999999999,1.0,11.9,1.8,79.0,96.0,99.2,177.19999999999993,27.76666666666667,20.233333333333334,7.533333333333334,2.9,28.2,20.5,1,-1.0,-1.8369701987210297e-16,-0.8800122039735356,-0.4749510720670502,2,0,1,0
2022-09-03,2022,9,27.4,21.0,6.399999999999999,1.0,0.0,5.1,0.0,216.0,17.4,147.69999999999996,28.46666666666667,20.166666666666668,8.299999999999999,11.9,28.4,20.0,0,-1.0,-1.8369701987210297e-16,-0.888057322629493,-0.4597327394521046,2,0,0,1
2022-09-04,2022,9,30.0,20.4,9.600000000000001,2.0,41.0,5.3,250.0,234.0,14.8,126.59999999999995,28.0,20.5,7.499999999999999,0.0,27.4,21.0,1,-1.0,-1.8369701987210297e-16,-0.8958392907349089,-0.4443781781046134,2,0,1,1
2022-09-05,2022,9,30.0,19.5,10.5,2.0,131.6,4.1,655.0,222.0,52.9,152.49999999999994,28.599999999999998,20.466666666666665,8.133333333333333,41.0,30.0,20.4,1,-1.0,-1.8369701987210297e-16,-0.9033558023246842,-0.4288919379124841,2,0,1,1
2022-09-06,2022,9,31.0,20.1,10.899999999999999,2.0,40.0,4.7,690.0,366.0,172.6,283.69999999999993,29.133333333333336,20.3,8.833333333333334,131.6,30.0,19.5,1,-1.0,-1.8369701987210297e-16,-0.9106046300942162,-0.41327860778290443,2,0,1,1
2022-09-07,2022,9,29.5,20.7,8.8,3.0,38.8,5.1,710.0,222.0,212.6,229.99999999999994,30.333333333333332,20.000000000000004,10.333333333333334,40.0,31.0,20.1,1,-1.0,-1.8369701987210297e-16,-0.9175836260593934,-0.3975428142825566,2,0,1,0
2022-09-08,2022,9,26.0,19.9,6.100000000000001,4.0,3.6,4.8,36.0,0.0,210.39999999999998,266.19999999999993,30.166666666666668,20.100000000000005,10.066666666666666,38.8,29.5,20.7,0,-1.0,-1.8369701987210297e-16,-0.9242907221930934,-0.3816892202666586,2,0,1,0
2022-09-09,2022,9,24.5,20.3,4.199999999999999,4.0,0.7,2.0,7.0,0.0,82.39999999999999,266.9,28.833333333333332,20.233333333333334,8.6,3.6,26.0,19.9,0,-1.0,-1.8369701987210297e-16,-0.9307239310379793,-0.3657225234972692,2,0,1,0
2022-09-10,2022,9,27.5,21.0,6.5,5.0,0.0,4.7,0.0,228.0,43.099999999999994,255.69999999999993,26.666666666666668,20.3,6.366666666666667,0.7,24.5,20.3,0,-1.0,-1.8369701987210297e-16,-0.9368813462954315,-0.34964745525122826,2,0,0,0
2022-09-11,2022,9,26.7,20.5,6.199999999999999,6.0,0.8,4.8,8.0,54.0,4.3,255.69999999999993,26.0,20.400000000000002,5.6000000000000005,0.0,27.5,21.0,0,-1.0,-1.8369701987210297e-16,-0.9427611433904206,-0.33346877891818705,2,0,1,0
2022-09-12,2022,9,26.8,20.1,6.699999999999999,6.0,0.8,5.6,8.0,66.0,1.5,215.49999999999994,26.233333333333334,20.6,5.633333333333333,0.8,26.7,20.5,0,-1.0,-1.8369701987210297e-16,-0.9483615800121716,-0.31719128858910595,2,0,1,0
2022-09-13,2022,9,28.3,19.6,8.7,6.0,0.0,4.7,0.0,252.0,1.6,84.69999999999995,27.0,20.533333333333335,6.466666666666666,0.8,26.8,20.1,0,-1.0,-1.8369701987210297e-16,-0.9536809966304455,-0.300819807635668,2,0,0,0
2022-09-14,2022,9,26.3,20.0,6.300000000000001,4.0,3.0,4.4,30.0,120.0,1.6,44.69999999999994,27.26666666666667,20.06666666666667,7.199999999999999,0.0,28.3,19.6,0,-1.0,-1.8369701987210297e-16,-0.9587178169872964,-0.2843591872810036,2,0,1,0
2022-09-15,2022,9,27.8,19.8,8.0,4.0,0.2,5.2,2.0,336.0,3.8,8.899999999999944,27.133333333333336,19.900000000000002,7.233333333333333,3.0,26.3,20.0,0,-1.0,-1.8369701987210297e-16,-0.9634705485641486,-0.26781430516217486,2,0,1,0
2022-09-16,2022,9,27.7,20.0,7.699999999999999,4.0,0.0,5.0,0.0,66.0,3.2,5.499999999999944,27.46666666666667,19.8,7.666666666666667,0.2,27.8,19.8,0,-1.0,-1.8369701987210297e-16,-0.9679377830240641,-0.25119006388481957,2,0,0,0
2022-09-17,2022,9,28.0,20.3,7.699999999999999,4.0,0.0,5.1,0.0,306.0,3.2,4.799999999999944,27.26666666666667,19.933333333333334,7.333333333333333,0.0,27.7,20.0,0,-1.0,-1.8369701987210297e-16,-0.9721181966290612,-0.23449138957041052,2,0,0,0
2022-09-18,2022,9,29.5,20.6,8.899999999999999,4.0,0.0,5.7,0.0,432.0,0.2,4.799999999999944,27.83333333333334,20.033333333333335,7.8,0.0,28.0,20.3,0,-1.0,-1.8369701987210297e-16,-0.9760105506323682,-0.21772323039653224,2,0,0,0
2022-09-19,2022,9,29.3,20.5,8.8,4.0,0.2,4.8,2.0,426.0,0.0,3.9999999999999436,28.400000000000002,20.3,8.1,0.0,29.5,20.6,0,-1.0,-1.8369701987210297e-16,-0.9796136916454901,-0.20089055513063528,2,0,1,0
2022-09-20,2022,9,28.2,19.1,9.099999999999998,5.0,0.0,5.0,0.0,126.0,0.2,3.399999999999943,28.933333333333337,20.46666666666667,8.466666666666667,0.2,29.3,20.5,0,-1.0,-1.8369701987210297e-16,-0.9829265519799822,-0.18399835165767986,2,0,0,0
2022-09-21,2022,9,27.9,19.6,8.299999999999997,4.0,0.0,5.3,0.0,240.0,0.2,3.3999999999999435,29.0,20.06666666666667,8.933333333333332,0.0,28.2,19.1,0,-1.0,-1.8369701987210297e-16,-0.9859481499638303,-0.1670516255021195,2,0,0,0
2022-09-22,2022,9,28.0,19.1,8.899999999999999,3.0,0.0,5.1,0.0,228.0,0.2,0.3999999999999436,28.46666666666667,19.733333333333338,8.733333333333333,0.0,27.9,19.6,0,-1.0,-1.8369701987210297e-16,-0.9886775902323404,-0.15005539834465262,2,0,0,0
2022-09-23,2022,9,28.9,19.7,9.2,4.0,0.0,5.7,0.0,432.0,0.0,0.1999999999999436,28.033333333333335,19.26666666666667,8.766666666666664,0.0,28.0,19.1,0,-1.0,-1.8369701987210297e-16,-0.9911140639934546,-0.13301470653419636,2,0,0,0
2022-09-24,2022,9,28.9,20.4,8.5,5.0,0.0,5.3,0.0,84.0,0.0,0.1999999999999436,28.266666666666666,19.46666666666667,8.799999999999999,0.0,28.9,19.7,0,-1.0,-1.8369701987210297e-16,-0.9932568492674143,-0.11593459959550066,2,0,0,0
2022-09-25,2022,9,28.9,19.6,9.299999999999997,4.0,9.6,4.8,70.0,426.0,0.0,0.1999999999999436,28.600000000000005,19.733333333333334,8.866666666666665,0.0,28.9,20.4,0,-1.0,-1.8369701987210297e-16,-0.9951053111006974,-0.09882013873287211,2,0,1,0
2022-09-26,2022,9,29.4,21.0,8.399999999999999,2.0,0.0,5.7,0.0,456.0,9.6,9.799999999999944,28.9,19.900000000000002,8.999999999999998,9.6,28.9,19.6,0,-1.0,-1.8369701987210297e-16,-0.99665890175417,-0.08167639533042288,2,0,0,0
2022-09-27,2022,9,27.1,20.6,6.5,2.0,13.5,2.2,95.0,108.0,9.6,9.599999999999945,29.066666666666666,20.333333333333332,8.733333333333333,0.0,29.4,21.0,0,-1.0,-1.8369701987210297e-16,-0.9979171608653922,-0.06450844944931625,2,0,1,0
2022-09-28,2022,9,27.7,21.1,6.599999999999998,3.0,0.0,5.2,0.0,192.0,23.1,23.099999999999945,28.46666666666667,20.400000000000002,8.066666666666665,13.5,27.1,20.6,0,-1.0,-1.8369701987210297e-16,-0.9988797155850335,-0.04732138832243232,2,0,0,0
2022-09-29,2022,9,27.6,20.4,7.200000000000003,3.0,0.0,52.0,30.0,456.0,13.5,23.099999999999945,28.066666666666666,20.900000000000002,7.166666666666665,0.0,27.7,21.1,0,-1.0,-1.8369701987210297e-16,-0.9995462806873573,-0.03012030484690836,2,0,0,0
2022-09-30,2022,9,27.2,20.0,7.199999999999999,3.0,1.1,5.0,170.0,0.0,13.5,23.099999999999945,27.46666666666667,20.700000000000003,6.766666666666667,0.0,27.6,20.4,0,-1.0,-1.8369701987210297e-16,-0.9999166586547379,-0.012910296075008843,2,0,1,0
2022-10-01,2022,10,25.4,18.7,6.699999999999999,4.0,18.2,3.3,610.0,0.0,1.1,24.199999999999946,27.5,20.5,7.0,1.1,27.2,20.0,0,-0.8660254037844386,0.5000000000000001,-0.9999907397361901,0.004303538296243821,3,0,1,0
2022-10-02,2022,10,24.2,18.2,6.0,2.0,2.5,3.3,25.0,0.0,19.3,42.39999999999995,26.733333333333334,19.7,7.033333333333334,18.2,25.4,18.7,0,-0.8660254037844386,0.5000000000000001,-0.9997685019798909,0.021516097436222233,3,0,1,0
2022-10-03,2022,10,26.2,20.2,6.0,4.0,0.0,4.5,0.0,36.0,21.8,35.29999999999994,25.600000000000005,18.96666666666667,6.633333333333333,2.5,24.2,18.2,0,-0.8660254037844386,0.5000000000000001,-0.9992500112396835,0.03872228089217399,3,0,0,0
2022-10-04,2022,10,26.5,20.5,6.0,3.0,0.5,20.0,75.0,0.0,20.7,35.29999999999994,25.266666666666666,19.033333333333335,6.233333333333333,0.0,26.2,20.2,0,-0.8660254037844386,0.5000000000000001,-0.9984354211555643,0.05591699010060302,3,0,1,0
2022-10-05,2022,10,27.5,20.4,7.100000000000001,3.0,0.0,50.0,0.0,0.0,3.0,22.299999999999944,25.633333333333336,19.633333333333336,6.0,0.5,26.5,20.5,0,-0.8660254037844386,0.5000000000000001,-0.9973249731081555,0.07309512989807776,3,0,0,0
2022-10-06,2022,10,27.7,20.7,7.0,3.0,0.0,5.0,0.0,294.0,0.5,22.299999999999947,26.733333333333334,20.366666666666667,6.366666666666667,0.0,27.5,20.4,0,-0.8660254037844386,0.5000000000000001,-0.9959189961471792,0.0902516100310407,3,0,0,0
2022-10-07,2022,10,27.0,19.3,7.699999999999999,4.0,0.0,4.5,0.0,294.0,0.5,22.299999999999947,27.233333333333334,20.533333333333335,6.7,0.0,27.7,20.7,0,-0.8660254037844386,0.5000000000000001,-0.994217906893952,0.10738134666416306,3,0,0,0
2022-10-08,2022,10,27.5,20.0,7.5,3.0,0.0,4.5,0.0,216.0,0.0,21.199999999999946,27.400000000000002,20.133333333333336,7.266666666666667,0.0,27.0,19.3,0,-0.8660254037844386,0.5000000000000001,-0.9922222094179324,0.12447926388678869,3,0,0,0
2022-10-09,2022,10,28.0,21.3,6.699999999999999,2.0,0.0,5.2,0.0,108.0,0.0,2.9999999999999467,27.400000000000002,20.0,7.3999999999999995,0.0,27.5,20.0,0,-0.8660254037844386,0.5000000000000001,-0.989932495087353,0.141540295217043,3,0,0,1
2022-10-10,2022,10,26.5,20.8,5.699999999999999,1.0,1.7,4.8,17.0,18.0,0.0,0.4999999999999467,27.5,20.200000000000003,7.3,0.0,28.0,21.3,1,-0.8660254037844386,0.5000000000000001,-0.9873494423939864,0.15855938510313475,3,0,1,1
2022-10-11,2022,10,28.3,21.5,6.800000000000001,1.0,28.2,4.0,305.0,54.0,1.7,2.199999999999947,27.333333333333332,20.700000000000003,6.633333333333333,1.7,26.5,20.8,1,-0.8660254037844386,0.5000000000000001,-0.9844738167520923,0.17553149042142777,3,0,1,1
2022-10-12,2022,10,27.7,21.4,6.300000000000001,2.0,0.0,5.2,0.0,144.0,29.9,29.899999999999945,27.600000000000005,21.200000000000003,6.3999999999999995,28.2,28.3,21.5,1,-0.8660254037844386,0.5000000000000001,-0.9813064702716093,0.19245158197082995,3,0,0,0
2022-10-13,2022,10,28.2,20.6,7.599999999999998,2.0,4.1,4.8,41.0,198.0,29.9,29.899999999999945,27.5,21.233333333333334,6.266666666666667,0.0,27.7,21.4,0,-0.8660254037844386,0.5000000000000001,-0.9778483415056568,0.20931464596304888,3,0,1,1
2022-10-14,2022,10,29.0,20.1,8.899999999999999,2.0,66.0,3.3,673.0,144.0,32.3,33.99999999999994,28.066666666666666,21.166666666666668,6.8999999999999995,4.1,28.2,20.6,1,-0.8660254037844386,0.5000000000000001,-0.9741004551724206,0.22611568550828803,3,0,1,1
2022-10-15,2022,10,26.9,19.8,7.099999999999998,1.0,46.2,5.1,0.0,294.0,70.1,99.99999999999994,28.3,20.7,7.599999999999999,66.0,29.0,20.1,1,-0.8660254037844386,0.5000000000000001,-0.970063921851507,0.2428497220959358,3,0,1,1
2022-10-16,2022,10,29.0,20.1,8.899999999999999,2.0,35.4,4.0,234.0,0.0,116.3,146.19999999999993,28.033333333333335,20.166666666666668,7.8666666666666645,46.2,26.9,19.8,1,-0.8660254037844386,0.5000000000000001,-0.965739937654855,0.25951179706979943,3,0,1,1
2022-10-17,2022,10,26.6,19.7,6.900000000000002,1.0,18.8,3.4,409.0,114.0,147.6,181.59999999999994,28.3,20.000000000000004,8.299999999999999,35.4,29.0,20.1,1,-0.8660254037844386,0.5000000000000001,-0.9611297838723007,0.27609697309746883,3,0,1,1
2022-10-18,2022,10,28.5,20.6,7.899999999999999,2.0,0.3,5.1,3.0,198.0,100.4,198.69999999999996,27.5,19.866666666666667,7.633333333333333,18.8,26.6,19.7,1,-0.8660254037844386,0.5000000000000001,-0.9562348265919058,0.2926003356333479,3,0,1,1
2022-10-19,2022,10,28.5,19.4,9.100000000000001,1.0,29.0,5.1,88.0,192.0,54.5,170.79999999999993,28.033333333333335,20.133333333333336,7.8999999999999995,0.3,28.5,20.6,1,-0.8660254037844386,0.5000000000000001,-0.9510565162951536,0.30901699437494723,3,0,1,1
2022-10-20,2022,10,30.0,19.4,10.600000000000001,1.0,60.5,4.6,365.0,390.0,48.1,199.79999999999995,27.86666666666667,19.900000000000002,7.966666666666668,29.0,28.5,19.4,1,-0.8660254037844386,0.5000000000000001,-0.9455963874271428,0.3253420847119795,3,0,1,1
2022-10-21,2022,10,28.8,20.1,8.7,1.0,0.1,5.0,1.0,288.0,89.8,256.19999999999993,29.0,19.8,9.200000000000001,60.5,30.0,19.4,1,-0.8660254037844386,0.5000000000000001,-0.9398560579418953,0.341570769167856,3,0,1,0
2022-10-22,2022,10,28.0,19.4,8.600000000000001,2.0,0.0,5.1,0.0,150.0,89.6,190.29999999999995,29.100000000000005,19.633333333333333,9.466666666666667,0.1,28.8,20.1,0,-0.8660254037844386,0.5000000000000001,-0.9338372288229252,0.35769823883312546,3,0,0,0
2022-10-23,2022,10,27.9,18.1,9.799999999999997,1.0,0.1,5.2,1.0,150.0,60.6,144.09999999999997,28.933333333333337,19.633333333333333,9.3,0.0,28.0,19.4,0,-0.8660254037844386,0.5000000000000001,-0.9275416835791965,0.3737197147904692,3,0,1,0
2022-10-24,2022,10,28.4,17.0,11.399999999999999,3.0,0.0,5.0,0.0,432.0,0.2,108.79999999999995,28.233333333333334,19.2,9.033333333333333,0.1,27.9,18.1,0,-0.8660254037844386,0.5000000000000001,-0.9209712877166346,0.38963044953078774,3,0,0,0
2022-10-25,2022,10,28.0,15.4,12.6,3.0,0.0,4.8,0.0,570.0,0.1,89.99999999999994,28.100000000000005,18.166666666666668,9.933333333333332,0.0,28.4,17.0,0,-0.8660254037844386,0.5000000000000001,-0.9141279881853337,0.4054257283599973,3,0,0,0
2022-10-26,2022,10,29.0,16.3,12.7,1.0,0.0,4.6,0.0,498.0,0.1,89.69999999999995,28.100000000000005,16.833333333333336,11.266666666666666,0.0,28.0,15.4,0,-0.8660254037844386,0.5000000000000001,-0.9070138128026362,0.42110087079608916,3,0,0,0
2022-10-27,2022,10,29.5,15.5,14.0,1.0,0.0,5.1,0.0,294.0,0.0,60.699999999999946,28.46666666666667,16.233333333333338,12.233333333333333,0.0,29.0,16.3,0,-0.8660254037844386,0.5000000000000001,-0.8996308696522434,0.4366512319560638,3,0,0,0
2022-10-28,2022,10,29.7,18.7,11.0,1.0,0.0,5.0,0.0,576.0,0.0,0.19999999999994317,28.833333333333332,15.733333333333334,13.1,0.0,29.5,15.5,0,-0.8660254037844386,0.5000000000000001,-0.8919813464595487,0.45207220393230374,3,0,0,0
2022-10-29,2022,10,27.7,19.2,8.5,2.0,0.2,18.0,77.0,180.0,0.0,0.09999999999994316,29.400000000000002,16.833333333333336,12.566666666666665,0.0,29.7,18.7,0,-0.8660254037844386,0.5000000000000001,-0.8840675099433637,0.46735921715800205,3,0,1,0
2022-10-30,2022,10,26.9,18.7,8.2,2.0,10.7,4.5,67.0,294.0,0.2,0.2999999999999432,28.96666666666667,17.8,11.166666666666666,0.2,27.7,19.2,0,-0.8660254037844386,0.5000000000000001,-0.8758917051442433,0.48250774176121763,3,0,1,0
2022-10-31,2022,10,28.2,19.0,9.2,2.0,0.0,50.0,0.0,306.0,10.899999999999999,10.899999999999942,28.100000000000005,18.866666666666667,9.233333333333334,10.7,26.9,18.7,0,-0.8660254037844386,0.5000000000000001,-0.8674563547295971,0.4975132889071803,3,0,0,0
2022-11-01,2022,11,29.3,19.8,9.5,2.0,0.0,5.1,0.0,366.0,10.899999999999999,10.899999999999942,27.599999999999998,18.96666666666667,8.633333333333333,0.0,28.2,19.0,0,-0.5000000000000004,0.8660254037844384,-0.8587639582758031,0.5123714121284235,3,0,0,0
2022-11-02,2022,11,26.5,18.8,7.699999999999999,1.0,8.3,3.5,165.0,48.0,10.7,10.899999999999942,28.133333333333336,19.166666666666668,8.966666666666667,0.0,29.3,19.8,0,-0.5000000000000004,0.8660254037844384,-0.8498170915275277,0.5270777086423724,3,0,1,0
2022-11-03,2022,11,24.0,19.6,4.399999999999999,2.0,3.4,4.5,34.0,12.0,8.3,19.199999999999942,28.0,19.2,8.799999999999999,8.3,26.5,18.8,0,-0.5000000000000004,0.8660254037844384,-0.8406184056344783,0.5416278206559811,3,0,1,0
2022-11-04,2022,11,26.0,20.1,5.899999999999999,1.0,8.0,4.0,177.0,66.0,11.700000000000001,22.59999999999994,26.600000000000005,19.400000000000002,7.2,3.4,24.0,19.6,0,-0.5000000000000004,0.8660254037844384,-0.8311706263658079,0.5560174366570446,3,0,1,0
2022-11-05,2022,11,27.0,19.4,7.600000000000001,2.0,0.0,4.9,0.0,168.0,19.700000000000003,30.599999999999945,25.5,19.500000000000004,5.999999999999999,8.0,26.0,20.1,0,-0.5000000000000004,0.8660254037844384,-0.8214765533024145,0.5702422926917867,3,0,0,0
2022-11-06,2022,11,27.5,19.1,8.399999999999999,2.0,0.0,4.8,0.0,306.0,11.4,30.39999999999994,25.666666666666668,19.7,5.966666666666666,0.0,27.0,19.4,0,-0.5000000000000004,0.8660254037844384,-0.8115390590073611,0.5842981736283683,3,0,0,0
2022-11-07,2022,11,27.8,18.5,9.3,1.0,4.3,5.0,43.0,186.0,8.0,19.699999999999946,26.833333333333332,19.533333333333335,7.3,0.0,27.5,19.1,0,-0.5000000000000004,0.8660254037844384,-0.801361088174677,0.5981809144059159,3,0,1,0
2022-11-08,2022,11,29.0,17.9,11.100000000000001,1.0,0.0,5.0,0.0,438.0,4.3,23.999999999999943,27.433333333333337,19.0,8.433333333333334,4.3,27.8,18.5,0,-0.5000000000000004,0.8660254037844384,-0.7909456567567774,0.6118864012687242,3,0,0,0
2022-11-09,2022,11,29.0,18.5,10.5,1.0,0.0,5.0,0.0,450.0,4.3,23.999999999999943,28.100000000000005,18.500000000000004,9.6,0.0,29.0,17.9,0,-0.5000000000000004,0.8660254037844384,-0.780295851070776,0.6254105729852457,3,0,0,0
2022-11-10,2022,11,27.8,18.1,9.7,1.0,0.0,4.8,0.0,240.0,4.3,15.699999999999942,28.600000000000005,18.3,10.3,0.0,29.0,18.5,0,-0.5000000000000004,0.8660254037844384,-0.7694148268839381,0.6387494220515268,3,0,0,0
2022-11-11,2022,11,28.4,19.6,8.799999999999997,3.0,0.0,5.0,5.0,402.0,0.0,12.299999999999944,28.600000000000005,18.166666666666668,10.433333333333334,0.0,27.8,18.1,0,-0.5000000000000004,0.8660254037844384,-0.7583058084785625,0.6518989958787125,3,0,0,0
2022-11-12,2022,11,22.2,19.5,2.6999999999999993,3.0,0.7,3.0,510.0,0.0,0.0,4.299999999999943,28.400000000000006,18.733333333333338,9.666666666666666,0.0,28.4,19.6,0,-0.5000000000000004,0.8660254037844384,-0.7469720876965551,0.6648553979642866,3,0,1,0
2022-11-13,2022,11,21.6,19.4,2.200000000000003,2.0,22.8,2.1,148.0,0.0,0.7,4.999999999999943,26.133333333333336,19.066666666666666,7.0666666666666655,0.7,22.2,19.5,0,-0.5000000000000004,0.8660254037844384,-0.7354170229639858,0.6776147890466887,3,0,1,0
2022-11-14,2022,11,23.8,19.0,4.800000000000001,2.0,0.2,3.8,115.0,36.0,23.5,27.799999999999944,24.066666666666666,19.500000000000004,4.566666666666666,22.8,21.6,19.4,0,-0.5000000000000004,0.8660254037844384,-0.7236440382959123,0.690173388242972,3,0,1,0
2022-11-15,2022,11,28.2,18.8,9.399999999999999,2.0,0.8,4.6,8.0,342.0,23.7,23.699999999999942,22.533333333333335,19.3,3.2333333333333343,0.2,23.8,19.0,0,-0.5000000000000004,0.8660254037844384,-0.7116566222817751,0.7025274741691566,3,0,1,0
2022-11-16,2022,11,27.0,19.0,8.0,2.0,0.0,5.0,0.0,192.0,23.8,24.499999999999943,24.533333333333335,19.066666666666666,5.466666666666668,0.8,28.2,18.8,0,-0.5000000000000004,0.8660254037844384,-0.6994583270516471,0.7146733860429609,3,0,0,0
2022-11-17,2022,11,28.4,17.6,10.799999999999997,1.0,0.0,4.7,0.0,245.0,1.0,24.499999999999943,26.33333333333334,18.933333333333334,7.3999999999999995,0.0,27.0,19.0,0,-0.5000000000000004,0.8660254037844384,-0.6870527672236675,0.726607524768565,3,0,0,0
2022-11-18,2022,11,28.4,15.6,12.799999999999999,2.0,0.0,4.5,0.0,426.0,0.8,24.499999999999943,27.86666666666667,18.46666666666667,9.399999999999999,0.0,28.4,17.6,0,-0.5000000000000004,0.8660254037844384,-0.6744436188329457,0.7383263540031063,3,0,0,0
2022-11-19,2022,11,27.8,15.8,12.0,1.0,0.0,5.0,0.0,288.0,0.0,24.499999999999943,27.933333333333334,17.400000000000002,10.533333333333331,0.0,28.4,15.6,0,-0.5000000000000004,0.8660254037844384,-0.661634618242279,0.749826401204568,3,0,0,0
2022-11-20,2022,11,27.0,15.4,11.6,1.0,0.0,4.0,0.0,366.0,0.0,23.799999999999944,28.2,16.333333333333336,11.866666666666665,0.0,27.8,15.8,0,-0.5000000000000004,0.8660254037844384,-0.6486295610349818,0.7611042586607742,3,0,0,0
2022-11-21,2022,11,25.2,13.9,11.299999999999999,1.0,0.0,3.8,0.0,228.0,0.0,0.9999999999999432,27.733333333333338,15.600000000000001,12.133333333333333,0.0,27.0,15.4,0,-0.5000000000000004,0.8660254037844384,-0.6354323008901775,0.7721565844991641,3,0,0,0
2022-11-22,2022,11,27.2,19.2,8.0,2.0,0.2,2.5,115.0,36.0,0.0,0.7999999999999432,26.666666666666668,15.033333333333333,11.633333333333333,0.0,25.2,13.9,0,-0.5000000000000004,0.8660254037844384,-0.622046748440868,0.7829801036770625,3,0,1,0
2022-11-23,2022,11,24.1,20.3,3.8000000000000007,1.0,0.0,4.2,113.0,0.0,0.2,0.19999999999994317,26.46666666666667,16.166666666666668,10.299999999999999,0.2,27.2,19.2,0,-0.5000000000000004,0.8660254037844384,-0.6084768701151264,0.7935716089521472,3,0,0,0
2022-11-24,2022,11,25.6,20.4,5.200000000000003,1.0,3.4,3.4,395.0,78.0,0.2,0.19999999999994317,25.5,17.8,7.7,0.0,24.1,20.3,0,-0.5000000000000004,0.8660254037844384,-0.594726686960764,0.8039279618328208,3,0,1,0
2022-11-25,2022,11,22.8,18.6,4.199999999999999,2.0,6.4,3.0,380.0,372.0,3.6,3.5999999999999432,25.633333333333336,19.96666666666667,5.666666666666668,3.4,25.6,20.4,0,-0.5000000000000004,0.8660254037844384,-0.5808002734538013,0.8140460935082175,3,0,1,0
2022-11-26,2022,11,27.3,18.8,8.5,2.0,0.0,5.3,0.0,282.0,9.8,9.999999999999943,24.16666666666667,19.76666666666667,4.400000000000001,6.4,22.8,18.6,0,-0.5000000000000004,0.8660254037844384,-0.5667017562911184,0.8239230057575536,3,0,0,0
2022-11-27,2022,11,28.2,20.0,8.2,2.0,0.0,4.5,0.0,372.0,9.8,9.999999999999943,25.233333333333338,19.26666666666667,5.966666666666668,0.0,27.3,18.8,0,-0.5000000000000004,0.8660254037844384,-0.5524353131676203,0.8335557718385695,3,0,0,0
2022-11-28,2022,11,28.0,20.2,7.800000000000001,1.0,0.0,5.6,0.0,234.0,6.4,9.999999999999943,26.100000000000005,19.133333333333336,6.966666666666666,0.0,28.2,20.0,0,-0.5000000000000004,0.8660254037844384,-0.5380051715382992,0.8429415373547832,3,0,0,0
2022-11-29,2022,11,28.3,19.8,8.5,1.0,0.0,4.8,0.0,18.0,0.0,9.999999999999943,27.83333333333334,19.66666666666667,8.166666666666666,0.0,28.0,20.2,0,-0.5000000000000004,0.8660254037844384,-0.5234156073655503,0.8520775211013093,3,0,0,0
2022-11-30,2022,11,27.8,17.0,10.8,1.0,0.0,4.5,0.0,180.0,0.0,9.799999999999944,28.166666666666668,20.000000000000004,8.166666666666666,0.0,28.3,19.8,0,-0.5000000000000004,0.8660254037844384,-0.5086709438521042,0.8609610158889945,3,0,0,0
2022-12-01,2022,12,28.1,17.8,10.3,1.0,0.0,5.0,0.0,360.0,0.0,9.799999999999944,28.033333333333335,19.000000000000004,9.033333333333333,0.0,27.8,17.0,0,-2.4492935982947064e-16,1.0,-0.49377555015997737,0.8695893893466109,0,0,0,0
2022-12-02,2022,12,25.5,19.8,5.699999999999999,2.0,0.0,46.0,0.0,90.0,0.0,6.3999999999999435,28.066666666666666,18.200000000000003,9.866666666666667,0.0,28.1,17.8,0,-2.4492935982947064e-16,1.0,-0.4787338401157883,0.8779600847008883,0,0,0,0
2022-12-03,2022,12,28.5,19.4,9.100000000000001,2.0,0.0,5.0,0.0,360.0,0.0,0.0,27.133333333333336,18.200000000000003,8.933333333333334,0.0,25.5,19.8,0,-2.4492935982947064e-16,1.0,-0.4635502709028512,0.8860706215341378,0,0,0,0
2022-12-04,2022,12,29.0,19.5,9.5,2.0,0.0,5.0,0.0,396.0,0.0,0.0,27.36666666666667,19.000000000000004,8.366666666666667,0.0,28.5,19.4,0,-2.4492935982947064e-16,1.0,-0.4482293417404106,0.893918596519257,0,0,0,0
2022-12-05,2022,12,28.5,18.6,9.899999999999999,2.0,0.0,5.0,0.0,245.0,0.0,0.0,27.666666666666668,19.566666666666666,8.1,0.0,29.0,19.5,0,-2.4492935982947064e-16,1.0,-0.4327755925504317,0.9015016841318838,0,0,0,0
2022-12-06,2022,12,27.4,19.7,7.699999999999999,2.0,0.0,4.6,0.0,84.0,0.0,0.0,28.666666666666668,19.166666666666668,9.5,0.0,28.5,18.6,0,-2.4492935982947064e-16,1.0,-0.41719360261231697,0.9088176373395028,0,0,0,0
2022-12-07,2022,12,27.4,17.8,9.599999999999998,1.0,0.0,4.6,0.0,66.0,0.0,0.0,28.3,19.26666666666667,9.033333333333333,0.0,27.4,19.7,0,-2.4492935982947064e-16,1.0,-0.4014879892059737,0.9158642882672868,0,0,0,0
2022-12-08,2022,12,27.4,17.3,10.099999999999998,1.0,0.0,4.8,0.0,360.0,0.0,0.0,27.766666666666666,18.700000000000003,9.066666666666665,0.0,27.4,17.8,0,-2.4492935982947064e-16,1.0,-0.38566340624360745,0.9226395488404875,0,0,0,0
2022-12-09,2022,12,26.0,18.2,7.800000000000001,4.0,0.0,5.0,10.0,54.0,0.0,0.0,27.4,18.26666666666667,9.133333333333331,0.0,27.4,17.3,0,-2.4492935982947064e-16,1.0,-0.3697245428906732,0.9291414114031743,0,0,0,0
2022-12-10,2022,12,21.8,16.8,5.0,4.0,4.3,1.3,375.0,0.0,0.0,0.0,26.933333333333337,17.76666666666667,9.166666666666666,0.0,26.0,18.2,0,-2.4492935982947064e-16,1.0,-0.35367612217637207,0.935367949313148,0,0,1,0
2022-12-11,2022,12,19.6,17.8,1.8000000000000007,3.0,41.0,0.5,0.0,360.0,4.3,4.299999999999943,25.066666666666666,17.433333333333337,7.633333333333333,4.3,21.8,16.8,0,-2.4492935982947064e-16,1.0,-0.33752289959411347,0.941317317512847,0,0,1,0
2022-12-12,2022,12,21.6,19.0,2.6000000000000014,2.0,20.7,1.2,590.0,0.0,45.3,45.29999999999994,22.46666666666667,17.600000000000005,4.866666666666667,41.0,19.6,17.8,0,-2.4492935982947064e-16,1.0,-0.32126966169236515,0.9469877530760751,0,0,1,0
2022-12-13,2022,12,24.0,19.4,4.600000000000001,2.0,9.2,5.0,0.0,360.0,66.0,65.99999999999994,21.000000000000004,17.86666666666667,3.133333333333334,20.7,21.6,19.0,0,-2.4492935982947064e-16,1.0,-0.3049212246562894,0.9523775757303973,0,0,1,0
2022-12-14,2022,12,25.4,18.6,6.799999999999997,3.0,7.6,5.0,0.0,360.0,70.9,75.19999999999993,21.733333333333338,18.733333333333338,3.0000000000000013,9.2,24.0,19.4,0,-2.4492935982947064e-16,1.0,-0.2884824328806098,0.9574851883550389,0,0,1,0
2022-12-15,2022,12,26.2,18.0,8.2,2.0,0.0,5.0,0.0,360.0,37.5,82.79999999999994,23.666666666666668,19.000000000000004,4.666666666666667,7.6,25.4,18.6,0,-2.4492935982947064e-16,1.0,-0.27195815753410524,0.9623090774541487,0,0,0,0
2022-12-16,2022,12,27.6,15.0,12.600000000000001,2.0,0.0,5.0,0.0,360.0,16.799999999999997,82.79999999999994,25.200000000000003,18.666666666666668,6.533333333333332,0.0,26.2,18.0,0,-2.4492935982947064e-16,1.0,-0.2553532951161881,0.9668478136052773,0,0,0,0
2022-12-17,2022,12,29.0,15.6,13.4,4.0,0.0,5.0,0.0,360.0,7.599999999999998,82.79999999999994,26.400000000000002,17.200000000000003,9.2,0.0,27.6,15.0,0,-2.4492935982947064e-16,1.0,-0.23867276600594997,0.9711000518829505,0,0,0,0
2022-12-18,2022,12,28.4,18.4,10.0,0.0,0.0,3.0,0.0,360.0,0.0,78.49999999999994,27.600000000000005,16.200000000000003,11.4,0.0,29.0,15.6,0,-2.4492935982947064e-16,1.0,-0.22192151300416674,0.9750645322571945,0,0,0,0
2022-12-19,2022,12,26.5,17.6,8.899999999999999,2.0,0.0,5.0,0.0,360.0,0.0,37.49999999999994,28.333333333333332,16.333333333333336,12.0,0.0,28.4,18.4,0,-2.4492935982947064e-16,1.0,-0.20510449986861926,0.9787400799669153,0,0,0,0
2022-12-20,2022,12,26.2,16.6,9.599999999999998,2.0,0.0,5.0,0.0,360.0,0.0,16.79999999999994,27.96666666666667,17.200000000000003,10.766666666666666,0.0,26.5,17.6,0,-2.4492935982947064e-16,1.0,-0.1882267098432439,0.9821256058680006,0,0,0,0
2022-12-21,2022,12,28.3,17.2,11.100000000000001,2.0,0.0,5.0,0.0,360.0,0.0,7.599999999999943,27.033333333333335,17.533333333333335,9.5,0.0,26.2,16.6,0,-2.4492935982947064e-16,1.0,-0.1712931441814778,0.9852201067560606,0,0,0,0
2022-12-22,2022,12,27.7,14.4,13.299999999999999,1.0,0.0,5.0,0.0,360.0,0.0,0.0,27.0,17.133333333333336,9.866666666666667,0.0,28.3,17.2,0,-2.4492935982947064e-16,1.0,-0.154308820664281,0.9880226656636976,0,0,0,0
2022-12-23,2022,12,28.2,15.2,13.0,2.0,0.0,5.0,0.0,360.0,0.0,0.0,27.400000000000002,16.06666666666667,11.333333333333334,0.0,27.7,14.4,0,-2.4492935982947064e-16,1.0,-0.13727877211326517,0.9905324521322227,0,0,0,0
2022-12-24,2022,12,29.2,18.7,10.5,1.0,0.0,5.0,0.0,360.0,0.0,0.0,28.066666666666666,15.600000000000001,12.466666666666667,0.0,28.2,15.2,0,-2.4492935982947064e-16,1.0,-0.12020804489935275,0.9927487224577402,0,0,0,0
2022-12-25,2022,12,29.0,18.4,10.600000000000001,2.0,0.0,5.0,0.0,360.0,0.0,0.0,28.36666666666667,16.100000000000005,12.266666666666666,0.0,29.2,18.7,0,-2.4492935982947064e-16,1.0,-0.10310169744743544,0.9946708199115211,0,0,0,0
2022-12-26,2022,12,24.4,19.8,4.599999999999998,2.0,3.9,3.0,270.0,24.0,0.0,0.0,28.8,17.433333333333337,11.366666666666667,0.0,29.0,18.4,0,-2.4492935982947064e-16,1.0,-0.0859647987374467,0.9962981749346077,0,0,1,0
2022-12-27,2022,12,25.4,19.8,5.599999999999998,3.0,1.3,5.0,60.0,48.0,3.9,3.899999999999943,27.53333333333333,18.96666666666667,8.566666666666666,3.9,24.4,19.8,0,-2.4492935982947064e-16,1.0,-0.06880242680232064,0.9976303053065857,0,0,1,0
2022-12-28,2022,12,23.6,19.1,4.5,2.0,0.0,5.0,50.0,0.0,5.2,5.199999999999943,26.26666666666667,19.33333333333334,6.933333333333333,1.3,25.4,19.8,0,-2.4492935982947064e-16,1.0,-0.05161966722325418,0.9986668162884759,0,0,0,0
2022-12-29,2022,12,28.2,18.5,9.7,2.0,0.0,2.0,0.0,366.0,5.2,5.199999999999943,24.46666666666667,19.566666666666674,4.899999999999999,0.0,23.6,19.1,0,-2.4492935982947064e-16,1.0,-0.034421611622745804,0.9994074007397048,0,0,0,0
2022-12-30,2022,12,28.4,16.2,12.2,1.0,0.0,5.0,0.0,360.0,1.3,5.199999999999943,25.733333333333334,19.13333333333334,6.599999999999999,0.0,28.2,18.5,0,-2.4492935982947064e-16,1.0,-0.01721335615583528,0.9998518392091162,0,0,0,0
2022-12-31,2022,12,28.4,16.5,11.899999999999999,1.0,0.0,2.0,0.0,462.0,0.0,5.199999999999943,26.733333333333334,17.933333333333337,8.799999999999999,0.0,28.4,16.2,0,-2.4492935982947064e-16,1.0,6.432490598706546e-16,1.0,0,0,0,0
2023-01-01,2023,1,29.0,15.9,13.1,1.0,0.0,5.4,0.0,462.0,0.0,5.199999999999943,28.333333333333332,17.06666666666667,11.266666666666666,0.0,28.4,16.5,0,0.49999999999999994,0.8660254037844387,0.017213356155834685,0.9998518392091162,0,0,0,0
2023-01-02,2023,1,29.1,16.1,13.0,2.0,0.0,5.0,0.0,438.0,0.0,5.199999999999943,28.599999999999998,16.200000000000003,12.399999999999999,0.0,29.0,15.9,0,0.49999999999999994,0.8660254037844387,0.03442161162274574,0.9994074007397048,0,0,0,0
2023-01-03,2023,1,28.0,16.3,11.7,2.0,0.0,5.2,0.0,474.0,0.0,1.2999999999999432,28.83333333333334,16.166666666666668,12.666666666666666,0.0,29.1,16.1,0,0.49999999999999994,0.8660254037844387,0.051619667223253764,0.998666816288476,0,0,0,0
2023-01-04,2023,1,26.8,16.8,10.0,2.0,0.0,6.0,0.0,420.0,0.0,0.0,28.700000000000003,16.100000000000005,12.6,0.0,28.0,16.3,0,0.49999999999999994,0.8660254037844387,0.06880242680231986,0.9976303053065857,0,0,0,0
2023-01-05,2023,1,26.3,16.8,9.5,3.0,0.0,6.0,0.0,420.0,0.0,0.0,27.96666666666667,16.400000000000002,11.566666666666665,0.0,26.8,16.8,0,0.49999999999999994,0.8660254037844387,0.08596479873744647,0.9962981749346078,0,0,0,0
2023-01-06,2023,1,25.0,16.2,8.8,3.0,0.0,1.8,0.0,186.0,0.0,0.0,27.033333333333335,16.633333333333336,10.399999999999999,0.0,26.3,16.8,0,0.49999999999999994,0.8660254037844387,0.10310169744743485,0.9946708199115211,0,0,0,0
2023-01-07,2023,1,26.4,16.3,10.099999999999998,4.0,0.0,4.6,0.0,420.0,0.0,0.0,26.033333333333335,16.600000000000005,9.433333333333335,0.0,25.0,16.2,0,0.49999999999999994,0.8660254037844387,0.1202080448993527,0.9927487224577402,0,0,0,0
2023-01-08,2023,1,26.2,17.0,9.2,2.0,0.0,4.5,0.0,120.0,0.0,0.0,25.900000000000002,16.433333333333337,9.466666666666667,0.0,26.4,16.3,0,0.49999999999999994,0.8660254037844387,0.13727877211326478,0.9905324521322229,0,0,0,0
2023-01-09,2023,1,26.4,14.5,11.899999999999999,1.0,0.0,5.7,0.0,420.0,0.0,0.0,25.86666666666667,16.500000000000004,9.366666666666667,0.0,26.2,17.0,0,0.49999999999999994,0.8660254037844387,0.15430882066428117,0.9880226656636976,0,0,0,0
2023-01-10,2023,1,28.0,14.3,13.7,2.0,0.0,5.8,0.0,462.0,0.0,0.0,26.333333333333332,15.933333333333337,10.399999999999999,0.0,26.4,14.5,0,0.49999999999999994,0.8660254037844387,0.1712931441814776,0.9852201067560606,0,0,0,0
2023-01-11,2023,1,28.0,13.0,15.0,2.0,0.0,4.6,0.0,486.0,0.0,0.0,26.866666666666664,15.266666666666671,11.6,0.0,28.0,14.3,0,0.49999999999999994,0.8660254037844387,0.1882267098432442,0.9821256058680006,0,0,0,0
2023-01-12,2023,1,29.0,14.2,14.8,1.0,0.0,5.5,0.0,420.0,0.0,0.0,27.46666666666667,13.933333333333337,13.533333333333331,0.0,28.0,13.0,0,0.49999999999999994,0.8660254037844387,0.2051044998686192,0.9787400799669153,0,0,0,0
2023-01-13,2023,1,30.1,13.4,16.700000000000003,1.0,0.0,5.8,0.0,420.0,0.0,0.0,28.333333333333332,13.833333333333336,14.5,0.0,29.0,14.2,0,0.49999999999999994,0.8660254037844387,0.2219215130041655,0.9750645322571948,0,0,0,0
2023-01-14,2023,1,29.6,14.5,15.100000000000001,1.0,0.0,6.5,0.0,420.0,0.0,0.0,29.033333333333335,13.533333333333337,15.500000000000002,0.0,30.1,13.4,0,0.49999999999999994,0.8660254037844387,0.2386727660059501,0.9711000518829505,0,0,0,0
2023-01-15,2023,1,29.8,12.8,17.0,1.0,0.0,3.0,0.0,420.0,0.0,0.0,29.566666666666674,14.033333333333337,15.533333333333337,0.0,29.6,14.5,0,0.49999999999999994,0.8660254037844387,0.255353295116187,0.9668478136052775,0,0,0,0
2023-01-16,2023,1,30.9,13.4,17.5,2.0,0.0,5.6,0.0,468.0,0.0,0.0,29.83333333333334,13.56666666666667,16.26666666666667,0.0,29.8,12.8,0,0.49999999999999994,0.8660254037844387,0.2719581575341055,0.9623090774541486,0,0,0,0
2023-01-17,2023,1,30.3,14.7,15.600000000000001,2.0,0.0,5.7,0.0,486.0,0.0,0.0,30.100000000000005,13.56666666666667,16.533333333333335,0.0,30.9,13.4,0,0.49999999999999994,0.8660254037844387,0.288482432880609,0.9574851883550393,0,0,0,0
2023-01-18,2023,1,30.0,14.7,15.3,2.0,0.0,5.6,0.0,528.0,0.0,0.0,30.333333333333332,13.633333333333335,16.7,0.0,30.3,14.7,0,0.49999999999999994,0.8660254037844387,0.30492122465628907,0.9523775757303974,0,0,0,0
2023-01-19,2023,1,29.5,14.5,15.0,2.0,0.0,4.9,0.0,462.0,0.0,0.0,30.400000000000006,14.266666666666667,16.133333333333336,0.0,30.0,14.7,0,0.49999999999999994,0.8660254037844387,0.3212696616923644,0.9469877530760753,0,0,0,0
2023-01-20,2023,1,29.5,14.0,15.5,2.0,0.0,5.2,0.0,558.0,0.0,0.0,29.933333333333337,14.633333333333335,15.300000000000002,0.0,29.5,14.5,0,0.49999999999999994,0.8660254037844387,0.3375228995941133,0.9413173175128471,0,0,0,0
2023-01-21,2023,1,26.6,16.6,10.0,3.0,0.0,5.9,0.0,426.0,0.0,0.0,29.666666666666668,14.4,15.266666666666666,0.0,29.5,14.0,0,0.49999999999999994,0.8660254037844387,0.3536761221763716,0.9353679493131483,0,0,0,0
2023-01-22,2023,1,26.4,15.1,11.299999999999999,2.0,0.0,5.5,0.0,420.0,0.0,0.0,28.533333333333335,15.033333333333337,13.5,0.0,26.6,16.6,0,0.49999999999999994,0.8660254037844387,0.3697245428906731,0.9291414114031743,0,0,0,0
2023-01-23,2023,1,27.5,16.2,11.3,3.0,0.0,5.4,0.0,498.0,0.0,0.0,27.5,15.233333333333336,12.266666666666666,0.0,26.4,15.1,0,0.49999999999999994,0.8660254037844387,0.38566340624360707,0.9226395488404876,0,0,0,0
2023-01-24,2023,1,24.2,18.5,5.699999999999999,3.0,0.0,5.4,0.0,420.0,0.0,0.0,26.833333333333332,15.966666666666669,10.866666666666667,0.0,27.5,16.2,0,0.49999999999999994,0.8660254037844387,0.401487989205973,0.9158642882672872,0,0,0,0
2023-01-25,2023,1,26.6,16.3,10.3,3.0,0.0,5.2,0.0,138.0,0.0,0.0,26.033333333333335,16.6,9.433333333333332,0.0,24.2,18.5,0,0.49999999999999994,0.8660254037844387,0.4171936026123168,0.9088176373395029,0,0,0,0
2023-01-26,2023,1,29.2,15.5,13.7,2.0,0.0,5.2,0.0,444.0,0.0,0.0,26.100000000000005,17.0,9.100000000000001,0.0,26.6,16.3,0,0.49999999999999994,0.8660254037844387,0.4327755925504312,0.901501684131884,0,0,0,0
2023-01-27,2023,1,29.6,16.4,13.200000000000003,2.0,0.0,5.7,0.0,534.0,0.0,0.0,26.666666666666668,16.76666666666667,9.899999999999999,0.0,29.2,15.5,0,0.49999999999999994,0.8660254037844387,0.4482293417404106,0.893918596519257,0,0,0,0
2023-01-28,2023,1,29.6,14.7,14.900000000000002,2.0,0.0,5.5,0.0,420.0,0.0,0.0,28.46666666666667,16.066666666666666,12.4,0.0,29.6,16.4,0,0.49999999999999994,0.8660254037844387,0.4635502709028509,0.886070621534138,0,0,0,0
2023-01-29,2023,1,29.4,14.4,14.999999999999998,2.0,0.0,5.4,0.0,420.0,0.0,0.0,29.46666666666667,15.533333333333337,13.933333333333335,0.0,29.6,14.7,0,0.49999999999999994,0.8660254037844387,0.47873384011578846,0.8779600847008882,0,0,0,0
2023-01-30,2023,1,29.7,18.0,11.7,3.0,0.0,5.4,0.0,474.0,0.0,0.0,29.533333333333335,15.16666666666667,14.366666666666669,0.0,29.4,14.4,0,0.49999999999999994,0.8660254037844387,0.4937755501599772,0.869589389346611,0,0,0,0
2023-01-31,2023,1,27.7,18.6,9.099999999999998,3.0,0.0,5.4,0.0,162.0,0.0,0.0,29.566666666666666,15.700000000000003,13.866666666666667,0.0,29.7,18.0,0,0.49999999999999994,0.8660254037844387,0.5086709438521044,0.8609610158889943,0,0,0,0
2023-02-01,2023,2,28.8,15.4,13.4,1.0,0.0,5.0,0.0,504.0,0.0,0.0,28.933333333333337,17.000000000000004,11.933333333333332,0.0,27.7,18.6,0,0.8660254037844386,0.5000000000000001,0.5234156073655503,0.8520775211013093,0,0,0,0
2023-02-02,2023,2,28.9,17.8,11.099999999999998,3.0,0.0,5.0,0.0,222.0,0.0,0.0,28.733333333333334,17.333333333333336,11.399999999999999,0.0,28.8,15.4,0,0.8660254037844386,0.5000000000000001,0.5380051715382996,0.8429415373547828,0,0,0,0
2023-02-03,2023,2,26.6,17.2,9.400000000000002,3.0,0.0,5.2,0.0,54.0,0.0,0.0,28.46666666666667,17.26666666666667,11.199999999999998,0.0,28.9,17.8,0,0.8660254037844386,0.5000000000000001,0.5524353131676196,0.8335557718385699,0,0,0,0
2023-02-04,2023,2,26.0,18.4,7.600000000000001,2.0,0.0,5.0,0.0,504.0,0.0,0.0,28.100000000000005,16.8,11.299999999999999,0.0,26.6,17.2,0,0.8660254037844386,0.5000000000000001,0.5667017562911176,0.8239230057575542,0,0,0,0
2023-02-05,2023,2,31.0,17.5,13.5,2.0,0.0,5.2,0.0,486.0,0.0,0.0,27.16666666666667,17.8,9.366666666666667,0.0,26.0,18.4,0,0.8660254037844386,0.5000000000000001,0.5808002734538009,0.8140460935082178,0,0,0,0
2023-02-06,2023,2,32.2,17.2,15.000000000000004,3.0,0.0,5.0,0.0,498.0,0.0,0.0,27.86666666666667,17.700000000000003,10.166666666666666,0.0,31.0,17.5,0,0.8660254037844386,0.5000000000000001,0.5947266869607634,0.8039279618328213,0,0,0,0
2023-02-07,2023,2,31.1,17.5,13.600000000000001,2.0,0.0,5.0,0.0,504.0,0.0,0.0,29.733333333333338,17.7,12.033333333333337,0.0,32.2,17.2,0,0.8660254037844386,0.5000000000000001,0.6084768701151261,0.7935716089521474,0,0,0,0
2023-02-08,2023,2,31.5,18.1,13.399999999999999,1.0,0.0,5.2,0.0,504.0,0.0,0.0,31.433333333333337,17.400000000000002,14.033333333333337,0.0,31.1,17.5,0,0.8660254037844386,0.5000000000000001,0.6220467484408675,0.7829801036770628,0,0,0,0
2023-02-09,2023,2,31.1,17.5,13.600000000000001,2.0,0.0,5.0,0.0,324.0,0.0,0.0,31.600000000000005,17.6,14.000000000000002,0.0,31.5,18.1,0,0.8660254037844386,0.5000000000000001,0.6354323008901774,0.7721565844991642,0,0,0,0
2023-02-10,2023,2,31.3,17.0,14.3,2.0,0.0,5.2,0.0,462.0,0.0,0.0,31.233333333333338,17.700000000000003,13.533333333333333,0.0,31.1,17.5,0,0.8660254037844386,0.5000000000000001,0.6486295610349814,0.7611042586607747,0,0,0,0
2023-02-11,2023,2,31.0,15.7,15.3,2.0,0.0,5.4,0.0,504.0,0.0,0.0,31.300000000000008,17.533333333333335,13.766666666666666,0.0,31.3,17.0,0,0.8660254037844386,0.5000000000000001,0.6616346182422783,0.7498264012045686,0,0,0,0
2023-02-12,2023,2,31.9,15.9,15.999999999999998,1.0,0.0,5.2,0.0,366.0,0.0,0.0,31.13333333333334,16.733333333333334,14.4,0.0,31.0,15.7,0,0.8660254037844386,0.5000000000000001,0.6744436188329455,0.7383263540031065,0,0,0,0
2023-02-13,2023,2,33.0,16.2,16.8,2.0,0.0,5.7,0.0,504.0,0.0,0.0,31.400000000000006,16.200000000000003,15.199999999999998,0.0,31.9,15.9,0,0.8660254037844386,0.5000000000000001,0.6870527672236669,0.7266075247685656,0,0,0,0
2023-02-14,2023,2,32.4,15.7,16.7,2.0,0.0,5.6,0.0,510.0,0.0,0.0,31.966666666666672,15.933333333333335,16.033333333333335,0.0,33.0,16.2,0,0.8660254037844386,0.5000000000000001,0.6994583270516471,0.7146733860429609,0,0,0,0
2023-02-15,2023,2,31.7,15.8,15.899999999999999,2.0,0.0,5.5,0.0,504.0,0.0,0.0,32.43333333333334,15.933333333333337,16.5,0.0,32.4,15.7,0,0.8660254037844386,0.5000000000000001,0.7116566222817746,0.7025274741691571,0,0,0,0
2023-02-16,2023,2,32.5,16.1,16.4,2.0,0.0,5.2,0.0,540.0,0.0,0.0,32.36666666666667,15.9,16.466666666666665,0.0,31.7,15.8,0,0.8660254037844386,0.5000000000000001,0.7236440382959124,0.6901733882429719,0,0,0,0
2023-02-17,2023,2,32.0,16.6,15.399999999999999,3.0,0.0,5.2,0.0,504.0,0.0,0.0,32.2,15.866666666666669,16.333333333333332,0.0,32.5,16.1,0,0.8660254037844386,0.5000000000000001,0.7354170229639855,0.6776147890466889,0,0,0,0
2023-02-18,2023,2,31.1,17.0,14.100000000000001,2.0,0.0,5.0,0.0,504.0,0.0,0.0,32.06666666666667,16.16666666666667,15.899999999999997,0.0,32.0,16.6,0,0.8660254037844386,0.5000000000000001,0.7469720876965552,0.6648553979642865,0,0,0,0
2023-02-19,2023,2,31.6,17.2,14.400000000000002,2.0,0.0,5.0,0.0,504.0,0.0,0.0,31.866666666666674,16.566666666666674,15.299999999999999,0.0,31.1,17.0,0,0.8660254037844386,0.5000000000000001,0.7583058084785624,0.6518989958787126,0,0,0,0
2023-02-20,2023,2,31.6,18.0,13.600000000000001,2.0,0.0,5.0,0.0,504.0,0.0,0.0,31.566666666666674,16.933333333333334,14.633333333333335,0.0,31.6,17.2,0,0.8660254037844386,0.5000000000000001,0.7694148268839378,0.6387494220515272,0,0,0,0
2023-02-21,2023,2,31.2,16.8,14.399999999999999,2.0,0.0,5.4,0.0,504.0,0.0,0.0,31.433333333333337,17.400000000000002,14.033333333333337,0.0,31.6,18.0,0,0.8660254037844386,0.5000000000000001,0.7802958510707755,0.6254105729852463,0,0,0,0
2023-02-22,2023,2,32.3,17.5,14.799999999999997,2.0,0.0,5.5,0.0,504.0,0.0,0.0,31.466666666666672,17.333333333333332,14.133333333333335,0.0,31.2,16.8,0,0.8660254037844386,0.5000000000000001,0.7909456567567772,0.6118864012687243,0,0,0,0
2023-02-23,2023,2,32.3,16.2,16.099999999999998,3.0,0.0,5.2,0.0,474.0,0.0,0.0,31.700000000000006,17.433333333333337,14.266666666666666,0.0,32.3,17.5,0,0.8660254037844386,0.5000000000000001,0.8013610881746766,0.5981809144059164,0,0,0,0
2023-02-24,2023,2,31.6,16.5,15.100000000000001,2.0,0.0,2.4,0.0,540.0,0.0,0.0,31.933333333333337,16.833333333333336,15.1,0.0,32.3,16.2,0,0.8660254037844386,0.5000000000000001,0.811539059007361,0.5842981736283684,0,0,0,0
2023-02-25,2023,2,32.6,15.6,17.0,2.0,0.0,5.5,0.0,546.0,0.0,0.0,32.06666666666667,16.733333333333334,15.333333333333334,0.0,31.6,16.5,0,0.8660254037844386,0.5000000000000001,0.8214765533024142,0.5702422926917871,0,0,0,0
2023-02-26,2023,2,33.2,17.8,15.400000000000002,3.0,0.0,5.5,0.0,504.0,0.0,0.0,32.16666666666667,16.1,16.066666666666666,0.0,32.6,15.6,0,0.8660254037844386,0.5000000000000001,0.8311706263658079,0.5560174366570446,0,0,0,0
2023-02-27,2023,2,31.3,16.2,15.100000000000001,3.0,0.0,5.4,0.0,390.0,0.0,0.0,32.466666666666676,16.633333333333336,15.833333333333336,0.0,33.2,17.8,0,0.8660254037844386,0.5000000000000001,0.8406184056344782,0.5416278206559814,0,0,0,0
2023-02-28,2023,2,30.6,16.0,14.600000000000001,2.0,0.0,5.2,0.0,528.0,0.0,0.0,32.36666666666667,16.533333333333335,15.833333333333336,0.0,31.3,16.2,0,0.8660254037844386,0.5000000000000001,0.8498170915275278,0.5270777086423722,0,0,0,0
2023-03-01,2023,3,30.5,18.5,12.0,4.0,0.0,5.4,0.0,414.0,0.0,0.0,31.700000000000006,16.666666666666668,15.033333333333337,0.0,30.6,16.0,0,1.0,6.123233995736766e-17,0.8587639582758029,0.5123714121284237,1,0,0,0
2023-03-02,2023,3,30.9,17.8,13.099999999999998,3.0,0.0,5.4,0.0,432.0,0.0,0.0,30.800000000000008,16.900000000000002,13.9,0.0,30.5,18.5,0,1.0,6.123233995736766e-17,0.8674563547295968,0.49751328890718066,1,0,0,0
2023-03-03,2023,3,30.7,15.4,15.299999999999999,3.0,0.0,5.2,0.0,462.0,0.0,0.0,30.66666666666667,17.433333333333334,13.233333333333334,0.0,30.9,17.8,0,1.0,6.123233995736766e-17,0.8758917051442429,0.48250774176121847,1,0,0,0
2023-03-04,2023,3,31.3,16.5,14.8,3.0,0.0,5.2,0.0,462.0,0.0,0.0,30.700000000000003,17.233333333333338,13.466666666666667,0.0,30.7,15.4,0,1.0,6.123233995736766e-17,0.8840675099433636,0.4673592171580022,1,0,0,0
2023-03-05,2023,3,32.4,18.8,13.599999999999998,3.0,0.0,5.2,0.0,486.0,0.0,0.0,30.96666666666667,16.566666666666666,14.399999999999999,0.0,31.3,16.5,0,1.0,6.123233995736766e-17,0.8919813464595485,0.45207220393230435,1,0,0,0
2023-03-06,2023,3,32.2,17.3,14.900000000000002,3.0,0.0,2.4,0.0,486.0,0.0,0.0,31.466666666666672,16.900000000000002,14.566666666666665,0.0,32.4,18.8,0,1.0,6.123233995736766e-17,0.8996308696522433,0.43665123195606403,1,0,0,0
2023-03-07,2023,3,32.4,16.4,16.0,3.0,0.0,5.2,0.0,498.0,0.0,0.0,31.966666666666672,17.533333333333335,14.433333333333335,0.0,32.2,17.3,0,1.0,6.123233995736766e-17,0.9070138128026359,0.4211008707960896,1,0,0,0
2023-03-08,2023,3,31.8,19.1,12.7,3.0,0.0,5.2,0.0,336.0,0.0,0.0,32.33333333333334,17.500000000000004,14.833333333333334,0.0,32.4,16.4,0,1.0,6.123233995736766e-17,0.9141279881853337,0.40542572835999735,1,0,0,0
2023-03-09,2023,3,30.6,18.2,12.400000000000002,3.0,0.0,5.8,0.0,504.0,0.0,0.0,32.13333333333334,17.6,14.533333333333333,0.0,31.8,19.1,0,1.0,6.123233995736766e-17,0.9209712877166346,0.38963044953078796,1,0,0,0
2023-03-10,2023,3,29.6,17.4,12.200000000000003,2.0,0.0,5.5,0.0,66.0,0.0,0.0,31.600000000000005,17.900000000000002,13.700000000000001,0.0,30.6,18.2,0,1.0,6.123233995736766e-17,0.9275416835791966,0.37371971479046906,1,0,0,0
2023-03-11,2023,3,30.5,17.0,13.5,2.0,0.0,5.0,0.0,312.0,0.0,0.0,30.66666666666667,18.233333333333334,12.433333333333335,0.0,29.6,17.4,0,1.0,6.123233995736766e-17,0.9338372288229252,0.35769823883312546,1,0,0,0
2023-03-12,2023,3,31.8,17.4,14.400000000000002,3.0,0.0,5.0,0.0,444.0,0.0,0.0,30.233333333333338,17.533333333333335,12.700000000000003,0.0,30.5,17.0,0,1.0,6.123233995736766e-17,0.9398560579418954,0.3415707691678556,1,0,0,0
2023-03-13,2023,3,32.5,19.2,13.3,4.0,0.0,5.5,0.0,504.0,0.0,0.0,30.633333333333336,17.266666666666666,13.366666666666667,0.0,31.8,17.4,0,1.0,6.123233995736766e-17,0.9455963874271426,0.3253420847119801,1,0,0,0
2023-03-14,2023,3,32.9,19.1,13.799999999999997,3.0,0.0,5.0,0.0,432.0,0.0,0.0,31.600000000000005,17.86666666666667,13.733333333333334,0.0,32.5,19.2,0,1.0,6.123233995736766e-17,0.9510565162951535,0.30901699437494745,1,0,0,0
2023-03-15,2023,3,33.6,19.8,13.8,2.0,0.0,5.5,0.0,450.0,0.0,0.0,32.400000000000006,18.56666666666667,13.833333333333334,0.0,32.9,19.1,0,1.0,6.123233995736766e-17,0.9562348265919056,0.29260033563334836,1,0,0,0
2023-03-16,2023,3,33.6,21.7,11.900000000000002,3.0,0.0,5.0,0.0,450.0,0.0,0.0,33.0,19.36666666666667,13.633333333333333,0.0,33.6,19.8,0,1.0,6.123233995736766e-17,0.9611297838723007,0.27609697309746883,1,0,0,1
2023-03-17,2023,3,33.0,20.0,13.0,2.0,3.4,6.0,0.0,450.0,0.0,0.0,33.36666666666667,20.200000000000003,13.166666666666666,0.0,33.6,21.7,1,1.0,6.123233995736766e-17,0.9657399376548549,0.2595117970697999,1,0,1,1
2023-03-18,2023,3,31.6,20.0,11.600000000000001,2.0,5.3,4.5,35.0,264.0,3.4,3.399999999999943,33.400000000000006,20.500000000000004,12.9,3.4,33.0,20.0,1,1.0,6.123233995736766e-17,0.9700639218515071,0.2428497220959356,1,0,1,0
2023-03-19,2023,3,31.4,21.0,10.399999999999999,4.0,0.1,5.0,0.0,450.0,8.7,8.699999999999942,32.73333333333334,20.566666666666666,12.16666666666667,5.3,31.6,20.0,0,1.0,6.123233995736766e-17,0.9741004551724205,0.22611568550828828,1,0,1,0
2023-03-20,2023,3,32.6,21.0,11.600000000000001,4.0,0.0,5.8,0.0,450.0,8.8,8.799999999999944,32.00000000000001,20.333333333333336,11.666666666666666,0.1,31.4,21.0,0,1.0,6.123233995736766e-17,0.9778483415056568,0.20931464596304847,1,0,0,0
2023-03-21,2023,3,32.3,20.0,12.299999999999997,3.0,0.0,5.5,0.0,450.0,5.3999999999999995,8.799999999999944,31.866666666666674,20.666666666666668,11.200000000000001,0.0,32.6,21.0,0,1.0,6.123233995736766e-17,0.9813064702716093,0.19245158197082998,1,0,0,0
2023-03-22,2023,3,32.9,20.1,12.799999999999997,2.0,0.0,5.6,0.0,491.0,0.1000000000000009,8.799999999999944,32.1,20.666666666666668,11.433333333333332,0.0,32.3,20.0,0,1.0,6.123233995736766e-17,0.9844738167520922,0.1755314904214282,1,0,0,0
2023-03-23,2023,3,33.8,22.0,11.799999999999997,2.0,0.0,5.8,0.0,432.0,0.0,8.799999999999944,32.6,20.36666666666667,12.233333333333333,0.0,32.9,20.1,0,1.0,6.123233995736766e-17,0.9873494423939864,0.15855938510313478,1,0,0,0
2023-03-24,2023,3,34.5,22.8,11.7,2.0,0.0,5.8,0.0,390.0,0.0,8.799999999999944,33.00000000000001,20.700000000000003,12.299999999999997,0.0,33.8,22.0,0,1.0,6.123233995736766e-17,0.989932495087353,0.141540295217043,1,0,0,0
2023-03-25,2023,3,34.5,22.8,11.7,3.0,0.0,5.6,0.0,438.0,0.0,5.399999999999943,33.73333333333334,21.633333333333336,12.099999999999996,0.0,34.5,22.8,0,1.0,6.123233995736766e-17,0.9922222094179323,0.12447926388678915,1,0,0,0
2023-03-26,2023,3,32.6,22.5,10.100000000000001,3.0,0.0,5.2,0.0,450.0,0.0,0.09999999999994405,34.26666666666667,22.533333333333335,11.733333333333333,0.0,34.5,22.8,0,1.0,6.123233995736766e-17,0.994217906893952,0.10738134666416309,1,0,0,0
2023-03-27,2023,3,33.4,22.1,11.299999999999997,2.0,0.2,5.2,15.0,48.0,0.0,0.0,33.866666666666674,22.700000000000003,11.166666666666666,0.0,32.6,22.5,0,1.0,6.123233995736766e-17,0.995918996147179,0.09025161003104117,1,0,1,0
2023-03-28,2023,3,34.5,21.8,12.7,2.0,0.0,5.0,0.0,390.0,0.2000000000000009,0.19999999999994406,33.50000000000001,22.46666666666667,11.033333333333333,0.2,33.4,22.1,0,1.0,6.123233995736766e-17,0.9973249731081555,0.07309512989807777,1,0,0,0
2023-03-29,2023,3,35.5,23.4,12.100000000000001,2.0,0.0,5.6,0.0,450.0,0.2000000000000009,0.19999999999994406,33.50000000000001,22.133333333333336,11.366666666666665,0.0,34.5,21.8,0,1.0,6.123233995736766e-17,0.9984354211555643,0.055916990100603484,1,0,0,0
2023-03-30,2023,3,34.0,23.1,10.899999999999999,3.0,0.0,5.4,12.0,276.0,0.2000000000000009,0.19999999999994406,34.46666666666667,22.433333333333337,12.033333333333331,0.0,35.5,23.4,0,1.0,6.123233995736766e-17,0.9992500112396835,0.03872228089217446,1,0,0,0
2023-03-31,2023,3,33.8,22.4,11.399999999999999,3.0,0.0,5.6,10.0,228.0,0.0,0.19999999999994406,34.66666666666667,22.76666666666667,11.899999999999999,0.0,34.0,23.1,0,1.0,6.123233995736766e-17,0.9997685019798909,0.021516097436222254,1,0,0,0
2023-04-01,2023,4,35.0,23.5,11.5,2.0,0.0,5.6,5.0,390.0,0.0,0.19999999999994406,34.43333333333334,22.96666666666667,11.466666666666667,0.0,33.8,22.4,0,0.8660254037844387,-0.4999999999999998,0.9999907397361901,0.004303538296244289,1,0,0,0
2023-04-02,2023,4,34.1,23.3,10.8,3.0,0.0,5.4,0.0,426.0,0.0,0.19999999999994406,34.26666666666667,23.0,11.266666666666666,0.0,35.0,23.5,0,0.8660254037844387,-0.4999999999999998,0.9999166586547379,-0.01291029607500882,1,0,0,0
2023-04-03,2023,4,34.5,22.5,12.0,3.0,0.0,5.4,0.0,426.0,0.0,0.19999999999994406,34.300000000000004,23.066666666666674,11.233333333333334,0.0,34.1,23.3,0,0.8660254037844387,-0.4999999999999998,0.9995462806873573,-0.030120304846908114,1,0,0,1
2023-04-04,2023,4,34.0,22.0,12.0,2.0,1.0,5.4,20.0,174.0,0.0,0.0,34.53333333333334,23.100000000000005,11.433333333333335,0.0,34.5,22.5,1,0.8660254037844387,-0.4999999999999998,0.9988797155850336,-0.04732138832243185,1,0,1,1
2023-04-05,2023,4,31.2,21.7,9.5,2.0,0.0,5.2,50.0,150.0,1.0000000000000009,0.999999999999944,34.20000000000001,22.600000000000005,11.600000000000001,1.0,34.0,22.0,1,0.8660254037844387,-0.4999999999999998,0.9979171608653922,-0.06450844944931623,1,0,0,0
2023-04-06,2023,4,34.8,22.7,12.099999999999998,2.0,0.0,5.0,0.0,294.0,1.0000000000000009,0.999999999999944,33.23333333333334,22.066666666666666,11.166666666666666,0.0,31.2,21.7,0,0.8660254037844387,-0.4999999999999998,0.9966589017541702,-0.08167639533042241,1,0,0,0
2023-04-07,2023,4,33.9,22.2,11.7,2.0,0.0,5.0,5.0,252.0,1.0000000000000009,0.999999999999944,33.333333333333336,22.133333333333336,11.199999999999998,0.0,34.8,22.7,0,0.8660254037844387,-0.4999999999999998,0.9951053111006976,-0.09882013873287143,1,0,0,0
2023-04-08,2023,4,33.0,21.5,11.5,3.0,0.0,5.0,0.0,462.0,0.0,0.999999999999944,33.300000000000004,22.200000000000003,11.1,0.0,33.9,22.2,0,0.8660254037844387,-0.4999999999999998,0.9932568492674143,-0.11593459959550041,1,0,0,0
2023-04-09,2023,4,33.6,20.5,13.100000000000001,3.0,0.0,5.2,0.0,504.0,0.0,0.999999999999944,33.900000000000006,22.133333333333336,11.766666666666666,0.0,33.0,21.5,0,0.8660254037844387,-0.4999999999999998,0.9911140639934547,-0.1330147065341959,1,0,0,0
2023-04-10,2023,4,34.5,21.0,13.5,3.0,0.0,5.0,0.0,480.0,0.0,0.999999999999944,33.50000000000001,21.400000000000002,12.100000000000001,0.0,33.6,20.5,0,0.8660254037844387,-0.4999999999999998,0.9886775902323405,-0.1500553983446526,1,0,0,0
2023-04-11,2023,4,34.3,20.7,13.599999999999998,3.0,0.0,5.3,0.0,540.0,0.0,0.999999999999944,33.70000000000001,21.0,12.700000000000001,0.0,34.5,21.0,0,0.8660254037844387,-0.4999999999999998,0.9859481499638304,-0.16705162550211924,1,0,0,0
2023-04-12,2023,4,35.7,21.4,14.300000000000004,2.0,0.0,5.0,0.0,486.0,0.0,0.0,34.13333333333334,20.733333333333334,13.399999999999999,0.0,34.3,20.7,0,0.8660254037844387,-0.4999999999999998,0.9829265519799822,-0.18399835165768005,1,0,0,0
2023-04-13,2023,4,35.6,20.0,15.600000000000001,2.0,0.0,5.0,0.0,522.0,0.0,0.0,34.833333333333336,21.033333333333335,13.799999999999999,0.0,35.7,21.4,0,0.8660254037844387,-0.4999999999999998,0.9796136916454901,-0.20089055513063506,1,0,0,0
2023-04-14,2023,4,36.4,21.7,14.7,3.0,0.0,5.4,0.0,516.0,0.0,0.0,35.20000000000001,20.700000000000003,14.5,0.0,35.6,20.0,0,0.8660254037844387,-0.4999999999999998,0.9760105506323683,-0.21772323039653177,1,0,0,0
2023-04-15,2023,4,36.0,22.3,13.7,2.0,0.0,5.4,0.0,474.0,0.0,0.0,35.900000000000006,21.033333333333335,14.866666666666669,0.0,36.4,21.7,0,0.8660254037844387,-0.4999999999999998,0.9721181966290613,-0.23449138957040985,1,0,0,0
2023-04-16,2023,4,35.1,19.7,15.400000000000002,2.0,0.0,6.0,0.0,426.0,0.0,0.0,36.00000000000001,21.333333333333332,14.666666666666666,0.0,36.0,22.3,0,0.8660254037844387,-0.4999999999999998,0.9679377830240642,-0.25119006388481935,1,0,0,0
2023-04-17,2023,4,36.0,20.8,15.2,2.0,0.0,5.0,0.0,414.0,0.0,0.0,35.833333333333336,21.233333333333334,14.600000000000001,0.0,35.1,19.7,0,0.8660254037844387,-0.4999999999999998,0.9634705485641488,-0.2678143051621742,1,0,0,0
2023-04-18,2023,4,35.4,21.0,14.399999999999999,2.0,0.0,6.0,0.0,426.0,0.0,0.0,35.70000000000001,20.933333333333334,14.766666666666666,0.0,36.0,20.8,0,0.8660254037844387,-0.4999999999999998,0.9587178169872964,-0.2843591872810034,1,0,0,0
2023-04-19,2023,4,36.5,22.2,14.3,2.0,0.0,5.9,0.0,528.0,0.0,0.0,35.50000000000001,20.500000000000004,15.0,0.0,35.4,21.0,0,0.8660254037844387,-0.4999999999999998,0.9536809966304457,-0.30081980763566735,1,0,0,0
2023-04-20,2023,4,36.1,23.6,12.5,3.0,0.0,5.2,0.0,456.0,0.0,0.0,35.96666666666667,21.33333333333334,14.633333333333333,0.0,36.5,22.2,0,0.8660254037844387,-0.4999999999999998,0.9483615800121715,-0.3171912885891061,1,0,0,0
2023-04-21,2023,4,36.0,23.4,12.600000000000001,3.0,0.0,6.0,0.0,426.0,0.0,0.0,36.0,22.26666666666667,13.733333333333334,0.0,36.1,23.6,0,0.8660254037844387,-0.4999999999999998,0.9427611433904207,-0.3334687789181868,1,0,0,0
2023-04-22,2023,4,35.2,22.3,12.900000000000002,3.0,6.8,5.3,85.0,348.0,0.0,0.0,36.20000000000001,23.066666666666666,13.133333333333335,0.0,36.0,23.4,0,0.8660254037844387,-0.4999999999999998,0.9368813462954315,-0.3496474552512284,1,0,1,0
2023-04-23,2023,4,34.8,23.5,11.299999999999997,2.0,0.0,5.0,0.0,312.0,6.800000000000001,6.799999999999944,35.76666666666667,23.100000000000005,12.666666666666666,6.8,35.2,22.3,0,0.8660254037844387,-0.4999999999999998,0.9307239310379795,-0.36572252349726897,1,0,0,0
2023-04-24,2023,4,35.0,22.5,12.5,3.0,0.0,5.5,0.0,426.0,6.800000000000001,6.799999999999944,35.33333333333334,23.066666666666674,12.266666666666666,0.0,34.8,23.5,0,0.8660254037844387,-0.4999999999999998,0.9242907221930934,-0.3816892202666588,1,0,0,0
2023-04-25,2023,4,34.0,23.0,11.0,4.0,0.0,5.0,0.0,282.0,6.800000000000001,6.799999999999944,35.00000000000001,22.76666666666667,12.233333333333333,0.0,35.0,22.5,0,0.8660254037844387,-0.4999999999999998,0.9175836260593937,-0.39754281428255595,1,0,0,0
2023-04-26,2023,4,33.3,23.7,9.599999999999998,3.0,0.0,4.8,0.0,336.0,0.0,6.799999999999944,34.6,23.0,11.6,0.0,34.0,23.0,0,0.8660254037844387,-0.4999999999999998,0.9106046300942163,-0.4132786077829042,1,0,0,0
2023-04-27,2023,4,33.0,23.2,9.8,3.0,0.0,4.8,0.0,426.0,0.0,6.799999999999944,34.1,23.066666666666666,11.033333333333333,0.0,33.3,23.7,0,0.8660254037844387,-0.4999999999999998,0.9033558023246845,-0.4288919379124835,1,0,0,0
2023-04-28,2023,4,33.5,22.0,11.5,4.0,0.0,4.8,0.0,342.0,0.0,6.799999999999944,33.43333333333334,23.3,10.133333333333333,0.0,33.0,23.2,0,0.8660254037844387,-0.4999999999999998,0.895839290734909,-0.4443781781046132,1,0,0,0
2023-04-29,2023,4,34.5,22.2,12.3,3.0,0.0,6.0,0.0,426.0,0.0,6.799999999999944,33.26666666666667,22.96666666666667,10.299999999999999,0.0,33.5,22.0,0,0.8660254037844387,-0.4999999999999998,0.8880573226294932,-0.45973273945210397,1,0,0,1
2023-04-30,2023,4,31.1,22.5,8.600000000000001,2.0,20.4,3.0,50.0,288.0,0.0,0.0,33.666666666666664,22.46666666666667,11.200000000000001,0.0,34.5,22.2,1,0.8660254037844387,-0.4999999999999998,0.8800122039735357,-0.47495107206704995,1,0,1,1
2023-05-01,2023,5,32.0,21.6,10.399999999999999,3.0,26.1,4.7,135.0,288.0,20.4,20.39999999999994,33.03333333333334,22.233333333333334,10.800000000000002,20.4,31.1,22.5,1,0.49999999999999994,-0.8660254037844387,0.8717063187093219,-0.49002866642905923,1,0,1,1
2023-05-02,2023,5,31.0,21.0,10.0,2.0,27.1,4.7,2.0,342.0,46.5,46.49999999999994,32.53333333333334,22.100000000000005,10.433333333333335,26.1,32.0,21.6,1,0.49999999999999994,-0.8660254037844387,0.8631421280499114,-0.5049610547215204,1,0,1,0
2023-05-03,2023,5,30.4,21.4,9.0,3.0,0.0,4.3,8.0,264.0,73.6,73.59999999999994,31.366666666666674,21.700000000000003,9.666666666666666,27.1,31.0,21.0,0,0.49999999999999994,-0.8660254037844387,0.854322169749827,-0.5197438121555155,1,0,0,0
2023-05-04,2023,5,29.0,21.2,7.800000000000001,1.0,13.6,4.1,215.0,0.0,53.199999999999996,73.59999999999994,31.133333333333336,21.333333333333332,9.799999999999999,0.0,30.4,21.4,0,0.49999999999999994,-0.8660254037844387,0.8452490573530633,-0.5343725582809786,1,0,1,1
2023-05-05,2023,5,30.6,20.8,9.8,2.0,40.0,4.8,105.0,162.0,40.7,87.19999999999995,30.133333333333336,21.200000000000003,8.933333333333332,13.6,29.0,21.2,1,0.49999999999999994,-0.8660254037844387,0.8359254794186372,-0.548842958284719,1,0,1,0
2023-05-06,2023,5,28.4,22.1,6.299999999999997,2.0,0.0,4.4,55.0,108.0,53.6,127.19999999999995,30.000000000000004,21.133333333333336,8.866666666666667,40.0,30.6,20.8,0,0.49999999999999994,-0.8660254037844387,0.8263541987239096,-0.5631507242749186,1,0,0,1
2023-05-07,2023,5,29.3,21.1,8.2,3.0,2.6,1.6,26.0,156.0,53.6,127.19999999999995,29.33333333333334,21.36666666666667,7.966666666666666,0.0,28.4,22.1,1,0.49999999999999994,-0.8660254037844387,0.8165380514459161,-0.5772916165517272,1,0,1,0
2023-05-08,2023,5,28.1,21.4,6.700000000000003,2.0,5.9,2.9,2.0,342.0,42.6,109.39999999999995,29.433333333333337,21.33333333333334,8.1,2.6,29.3,21.1,0,0.49999999999999994,-0.8660254037844387,0.8064799463209448,-0.5912614448635781,1,0,1,1
2023-05-09,2023,5,29.8,20.5,9.3,2.0,4.8,3.8,30.0,84.0,8.5,89.19999999999995,28.600000000000005,21.533333333333335,7.066666666666666,5.9,28.1,21.4,1,0.49999999999999994,-0.8660254037844387,0.7961828637826158,-0.6050560696488488,1,0,1,0
2023-05-10,2023,5,32.5,22.3,10.2,2.0,0.6,3.4,35.0,510.0,13.3,66.89999999999995,29.066666666666674,21.0,8.066666666666668,4.8,29.8,20.5,0,0.49999999999999994,-0.8660254037844387,0.7856498550787147,-0.6186714032625031,1,0,1,0
2023-05-11,2023,5,33.4,23.6,9.799999999999997,2.0,0.0,4.5,0.0,342.0,11.3,67.49999999999994,30.13333333333334,21.400000000000006,8.733333333333334,0.6,32.5,22.3,0,0.49999999999999994,-0.8660254037844387,0.7748840413670407,-0.6321034111873487,1,0,0,1
2023-05-12,2023,5,33.4,20.9,12.5,3.0,13.4,12.8,130.0,384.0,5.3999999999999995,53.89999999999994,31.900000000000006,22.133333333333336,9.766666666666666,0.0,33.4,23.6,1,0.49999999999999994,-0.8660254037844387,0.7638886127905428,-0.6453481132295501,1,0,1,1
2023-05-13,2023,5,32.4,22.6,9.799999999999997,3.0,0.0,5.4,0.0,288.0,14.0,27.299999999999944,33.1,22.26666666666667,10.833333333333334,13.4,33.4,20.9,1,0.49999999999999994,-0.8660254037844387,0.7526668275320084,-0.6584015846980488,1,0,0,1
2023-05-14,2023,5,31.0,22.3,8.7,5.0,0.0,5.2,0.0,30.0,13.4,27.299999999999944,33.06666666666667,22.36666666666667,10.699999999999998,0.0,32.4,22.6,1,0.49999999999999994,-0.8660254037844387,0.741222010848596,-0.6712599575675313,1,0,0,0
2023-05-15,2023,5,32.8,23.0,9.799999999999997,4.0,0.0,5.6,0.0,432.0,13.4,24.699999999999942,32.26666666666667,21.933333333333337,10.333333333333332,0.0,31.0,22.3,0,0.49999999999999994,-0.8660254037844387,0.7295575540864875,-0.6839194216246106,1,0,0,0
2023-05-16,2023,5,33.0,23.0,10.0,3.0,0.0,5.4,0.0,540.0,0.0,18.799999999999944,32.06666666666667,22.633333333333336,9.433333333333332,0.0,32.8,23.0,0,0.49999999999999994,-0.8660254037844387,0.717676913675962,-0.6963762255968722,1,0,0,0
2023-05-17,2023,5,35.0,23.6,11.399999999999999,2.0,0.0,5.0,0.0,504.0,0.0,13.999999999999943,32.26666666666667,22.76666666666667,9.499999999999998,0.0,33.0,23.0,0,0.49999999999999994,-0.8660254037844387,0.705583610107178,-0.7086266782644596,1,0,0,0
2023-05-18,2023,5,35.5,25.1,10.399999999999999,2.0,0.0,6.0,10.0,366.0,0.0,13.399999999999944,33.6,23.200000000000003,10.399999999999999,0.0,35.0,23.6,0,0.49999999999999994,-0.8660254037844387,0.6932812268869777,-0.7206671495538609,1,0,0,0
2023-05-19,2023,5,35.5,23.5,12.0,3.0,0.0,6.1,0.0,444.0,0.0,13.399999999999944,34.50000000000001,23.900000000000006,10.6,0.0,35.5,25.1,0,0.49999999999999994,-0.8660254037844387,0.6807734094770161,-0.7324940716135789,1,0,0,0
2023-05-20,2023,5,35.4,23.4,12.0,4.0,0.0,3.2,10.0,498.0,0.0,0.0,35.333333333333336,24.066666666666674,11.266666666666666,0.0,35.5,23.5,0,0.49999999999999994,-0.8660254037844387,0.6680638642135335,-0.7441039398713607,1,0,0,1
2023-05-21,2023,5,34.4,21.2,13.2,2.0,30.4,5.2,2.0,294.0,0.0,0.0,35.46666666666667,24.0,11.466666666666667,0.0,35.4,23.4,1,0.49999999999999994,-0.8660254037844387,0.6551563572090853,-0.7554933140726803,1,1,1,1
2023-05-22,2023,5,33.4,21.0,12.399999999999999,2.0,31.4,5.5,2.0,366.0,30.4,30.39999999999994,35.1,22.700000000000003,12.4,30.4,34.4,21.2,1,0.49999999999999994,-0.8660254037844387,0.6420547132365637,-0.766658819300159,1,0,1,1
2023-05-23,2023,5,32.2,22.0,10.200000000000003,2.0,16.3,5.9,2.0,474.0,61.8,61.79999999999994,34.400000000000006,21.86666666666667,12.533333333333331,31.4,33.4,21.0,1,0.49999999999999994,-0.8660254037844387,0.6287628145958344,-0.777597146973627,1,0,1,1
2023-05-24,2023,5,33.2,20.2,13.000000000000004,3.0,25.8,3.4,225.0,432.0,78.1,78.09999999999994,33.333333333333336,21.400000000000002,11.933333333333332,16.3,32.2,22.0,1,0.49999999999999994,-0.8660254037844387,0.6152845999633276,-0.7883050558305255,1,0,1,1
2023-05-25,2023,5,32.0,21.5,10.5,3.0,1.4,5.2,25.0,444.0,73.5,103.89999999999995,32.93333333333334,21.066666666666666,11.866666666666669,25.8,33.2,20.2,1,0.49999999999999994,-0.8660254037844387,0.6016240632249226,-0.7987793728863649,1,0,1,0
2023-05-26,2023,5,32.1,22.0,10.100000000000001,3.0,0.0,5.2,0.0,324.0,43.5,105.29999999999994,32.46666666666667,21.233333333333334,11.233333333333334,1.4,32.0,21.5,0,0.49999999999999994,-0.8660254037844387,0.5877852522924732,-0.8090169943749473,1,0,0,0
2023-05-27,2023,5,31.9,21.8,10.099999999999998,4.0,0.0,5.4,0.0,462.0,27.2,105.29999999999994,32.433333333333344,21.233333333333334,11.200000000000003,0.0,32.1,22.0,0,0.49999999999999994,-0.8660254037844387,0.5737722679043246,-0.8190148866680801,1,0,0,0
2023-05-28,2023,5,32.5,23.1,9.399999999999999,3.0,0.0,5.8,12.0,456.0,1.4,105.29999999999994,32.00000000000001,21.76666666666667,10.233333333333333,0.0,31.9,21.8,0,0.49999999999999994,-0.8660254037844387,0.5595892624101765,-0.8287700871745038,1,0,0,0
2023-05-29,2023,5,33.6,23.3,10.3,3.0,0.0,5.3,0.0,498.0,0.0,74.89999999999995,32.16666666666668,22.3,9.866666666666665,0.0,32.5,23.1,0,0.49999999999999994,-0.8660254037844387,0.545240438540651,-0.8382797052177744,1,0,0,1
2023-05-30,2023,5,33.3,23.4,9.899999999999999,2.0,0.0,5.4,60.0,252.0,0.0,43.49999999999994,32.66666666666667,22.733333333333334,9.933333333333332,0.0,33.6,23.3,1,0.49999999999999994,-0.8660254037844387,0.5307300481619334,-0.8475409228928311,1,0,0,1
2023-05-31,2023,5,31.3,19.6,11.7,2.0,65.2,3.8,290.0,60.0,0.0,27.199999999999942,33.13333333333334,23.26666666666667,9.866666666666665,0.0,33.3,23.4,1,0.49999999999999994,-0.8660254037844387,0.5160623910158528,-0.8565509959010036,1,0,1,0
2023-06-01,2023,6,31.3,19.6,11.7,2.0,0.0,5.2,11.0,195.0,65.2,66.59999999999994,32.733333333333334,22.100000000000005,10.633333333333333,65.2,31.3,19.6,0,1.2246467991473532e-16,-1.0,0.5012418134457758,-0.865307254363206,2,0,0,1
2023-06-02,2023,6,31.3,22.6,8.7,4.0,0.0,2.8,11.0,195.0,65.2,65.19999999999995,31.96666666666667,21.500000000000007,10.799999999999999,0.0,31.3,,1,1.2246467991473532e-16,-1.0,0.48627270710869,-0.8738071036110808,2,0,0,0
2023-06-03,2023,6,32.4,23.0,9.399999999999999,3.0,0.0,4.5,0.0,264.0,65.2,65.19999999999995,31.3,21.100000000000005,10.2,0.0,31.3,22.6,0,1.2246467991473532e-16,-1.0,0.4711595076738638,-0.8820480249558537,2,0,0,0
2023-06-04,2023,6,33.4,23.0,10.399999999999999,4.0,0.0,5.5,0.0,372.0,0.0,65.19999999999995,31.66666666666667,22.800000000000004,9.049999999999999,0.0,32.4,23.0,0,1.2246467991473532e-16,-1.0,0.4559066935084588,-0.8900275764346767,2,0,0,0
2023-06-05,2023,6,30.6,22.5,8.100000000000001,4.0,0.0,5.4,0.0,138.0,0.0,65.19999999999995,32.36666666666667,22.86666666666667,9.499999999999998,0.0,33.4,23.0,0,1.2246467991473532e-16,-1.0,0.440518784350495,-0.8977433935342337,2,0,0,0
2023-06-06,2023,6,31.6,22.0,9.600000000000001,5.0,0.0,5.8,0.0,390.0,0.0,65.19999999999995,32.13333333333333,22.833333333333332,9.299999999999999,0.0,30.6,22.5,0,1.2246467991473532e-16,-1.0,0.42500033996955416,-0.9051931898913974,2,0,0,1
2023-06-07,2023,6,32.2,22.3,9.900000000000002,3.0,4.6,5.0,11.0,195.0,0.0,65.19999999999995,31.86666666666667,22.5,9.366666666666667,0.0,31.6,22.0,1,1.2246467991473532e-16,-1.0,0.4093559588156213,-0.9123747579707273,2,0,1,0
2023-06-08,2023,6,32.0,22.4,9.600000000000001,4.0,0.3,5.0,3.0,324.0,4.6,4.599999999999943,31.46666666666667,22.26666666666667,9.200000000000001,4.6,32.2,22.3,0,1.2246467991473532e-16,-1.0,0.39359027665646673,-0.9192859697186104,2,0,1,0
2023-06-09,2023,6,32.5,22.1,10.399999999999999,5.0,0.0,5.2,0.0,498.0,4.8999999999999995,4.899999999999943,31.933333333333337,22.233333333333334,9.700000000000001,0.3,32.0,22.4,0,1.2246467991473532e-16,-1.0,0.3777079652039649,-0.9259247771938498,2,0,0,1
2023-06-10,2023,6,32.3,21.1,11.199999999999996,5.0,1.0,5.4,20.0,546.0,4.8999999999999995,4.899999999999943,32.23333333333334,22.26666666666667,9.966666666666667,0.0,32.5,22.1,1,1.2246467991473532e-16,-1.0,0.36171373072976765,-0.9322892131745133,2,0,1,0
2023-06-11,2023,6,31.0,21.2,9.8,5.0,0.0,5.5,11.0,195.0,1.3,5.899999999999943,32.266666666666666,21.86666666666667,10.399999999999999,1.0,32.3,21.1,0,1.2246467991473532e-16,-1.0,0.3456123126707335,-0.9383773917408641,2,0,0,1
2023-06-12,2023,6,30.8,21.7,9.100000000000001,4.0,0.0,5.0,11.0,195.0,1.0,5.899999999999943,31.933333333333337,21.46666666666667,10.466666666666665,0.0,31.0,21.2,1,1.2246467991473532e-16,-1.0,0.3294084822245304,-0.9441875088341993,2,0,0,1
2023-06-13,2023,6,32.6,21.4,11.200000000000003,4.0,21.0,1.3,170.0,372.0,1.0,5.899999999999943,31.36666666666667,21.33333333333334,10.033333333333333,0.0,30.8,21.7,1,1.2246467991473532e-16,-1.0,0.3131070409358269,-0.9497178427914316,2,0,1,0
2023-06-14,2023,6,31.5,21.6,9.899999999999999,4.0,0.0,5.0,11.0,195.0,21.0,26.89999999999994,31.46666666666667,21.433333333333334,10.033333333333335,21.0,32.6,21.4,0,1.2246467991473532e-16,-1.0,0.29671281927349075,-0.9549667548552551,2,0,0,1
2023-06-15,2023,6,32.0,21.9,10.100000000000001,4.0,1.9,6.4,15.0,468.0,21.0,22.29999999999994,31.633333333333336,21.566666666666666,10.066666666666668,0.0,31.5,21.6,1,1.2246467991473532e-16,-1.0,0.2802306751992159,-0.9599326896597447,2,0,1,0
2023-06-16,2023,6,31.5,21.8,9.7,4.0,0.0,6.5,11.0,546.0,22.9,23.89999999999994,32.03333333333334,21.633333333333336,10.4,1.9,32.0,21.9,0,1.2246467991473532e-16,-1.0,0.26366549272800704,-0.9646141756912435,2,0,0,0
2023-06-17,2023,6,32.1,22.0,10.100000000000001,4.0,0.0,5.4,0.0,444.0,1.9,23.89999999999994,31.666666666666668,21.76666666666667,9.9,0.0,31.5,21.8,0,1.2246467991473532e-16,-1.0,0.24702218048093552,-0.9690098257244062,2,0,0,1
2023-06-18,2023,6,31.5,22.6,8.899999999999999,4.0,1.0,5.0,25.0,192.0,1.9,22.89999999999994,31.866666666666664,21.900000000000002,9.966666666666667,0.0,32.1,22.0,1,1.2246467991473532e-16,-1.0,0.23030567023061221,-0.9731183372332619,2,0,1,0
2023-06-19,2023,6,28.4,21.7,6.699999999999999,4.0,0.0,5.0,11.0,195.0,1.0,23.89999999999994,31.7,22.133333333333336,9.566666666666666,1.0,31.5,22.6,0,1.2246467991473532e-16,-1.0,0.21352091543979612,-0.9769384927771817,2,0,0,0
2023-06-20,2023,6,28.2,22.2,6.0,2.0,1.7,4.8,17.0,0.0,1.0,23.89999999999994,30.666666666666668,22.100000000000005,8.566666666666666,0.0,28.4,21.7,0,1.2246467991473532e-16,-1.0,0.19667288979357647,-0.980469160361632,2,0,1,1
2023-06-21,2023,6,24.8,21.6,3.1999999999999993,2.0,18.9,3.9,270.0,0.0,2.7,4.599999999999943,29.366666666666664,22.166666666666668,7.199999999999999,1.7,28.2,22.2,1,1.2246467991473532e-16,-1.0,0.1797665857255624,-0.9837092937736097,2,0,1,0
2023-06-22,2023,6,28.3,21.0,7.300000000000001,2.0,2.7,4.5,135.0,0.0,20.599999999999998,23.499999999999943,27.133333333333336,21.833333333333332,5.3,18.9,24.8,21.6,0,1.2246467991473532e-16,-1.0,0.16280701293851715,-0.986657932891657,2,0,1,1
2023-06-23,2023,6,30.7,21.2,9.5,3.0,7.7,5.0,11.0,195.0,23.299999999999997,24.299999999999944,27.099999999999998,21.600000000000005,5.5,2.7,28.3,21.0,1,1.2246467991473532e-16,-1.0,0.1457991969198751,-0.9893142039703663,2,0,1,0
2023-06-24,2023,6,29.1,21.0,8.100000000000001,4.0,0.2,4.8,2.0,108.0,29.299999999999997,31.999999999999943,27.933333333333334,21.26666666666667,6.666666666666667,7.7,30.7,21.2,0,1.2246467991473532e-16,-1.0,0.12874817745258132,-0.99167731989929,2,0,1,0
2023-06-25,2023,6,27.0,20.9,6.100000000000001,4.0,0.6,4.8,15.0,0.0,10.6,32.199999999999946,29.366666666666664,21.066666666666666,8.3,0.2,29.1,21.0,0,1.2246467991473532e-16,-1.0,0.11165900712169512,-0.993746580436178,2,0,1,0
2023-06-26,2023,6,29.1,21.1,8.0,4.0,6.6,4.8,45.0,126.0,8.5,31.799999999999944,28.933333333333337,21.033333333333335,7.900000000000001,0.6,27.0,20.9,0,1.2246467991473532e-16,-1.0,0.09453674981719912,-0.9955213724144752,2,0,1,0
2023-06-27,2023,6,27.6,20.3,7.300000000000001,4.0,0.0,5.0,11.0,195.0,7.3999999999999995,38.39999999999994,28.400000000000002,21.0,7.400000000000001,6.6,29.1,21.1,0,1.2246467991473532e-16,-1.0,0.07738647923346301,-0.9970011699250151,2,0,0,0
2023-06-28,2023,6,29.4,20.3,9.099999999999998,5.0,2.0,6.0,15.0,186.0,7.199999999999999,36.69999999999994,27.900000000000002,20.76666666666667,7.133333333333334,0.0,27.6,20.3,0,1.2246467991473532e-16,-1.0,0.06021327736579302,-0.9981855344718586,2,0,1,0
2023-06-29,2023,6,28.2,20.6,7.599999999999998,4.0,0.0,5.0,0.0,245.0,8.6,19.799999999999944,28.7,20.566666666666666,8.133333333333333,2.0,29.4,20.3,0,1.2246467991473532e-16,-1.0,0.04302223300453059,-0.99907411510223,2,0,0,0
2023-06-30,2023,6,29.3,21.0,8.3,4.0,1.7,6.3,20.0,228.0,2.0,17.099999999999945,28.400000000000002,20.400000000000006,7.999999999999999,0.0,28.2,20.6,0,1.2246467991473532e-16,-1.0,0.02581844022713308,-0.9996666485105112,2,0,1,0
2023-07-01,2023,7,29.9,21.4,8.5,5.0,0.0,5.0,0.0,330.0,3.7,11.099999999999943,28.96666666666667,20.633333333333336,8.333333333333332,1.7,29.3,21.0,0,-0.4999999999999997,-0.8660254037844388,0.008606996888688698,-0.9999629591162655,2,0,0,1
2023-07-02,2023,7,30.8,22.0,8.8,4.0,0.0,5.2,0.0,276.0,1.7,10.899999999999944,29.133333333333336,21.000000000000004,8.133333333333333,0.0,29.9,21.4,1,-0.4999999999999997,-0.8660254037844388,-0.008606996888688009,-0.9999629591162655,2,0,0,1
2023-07-03,2023,7,28.6,21.2,7.400000000000002,4.0,18.2,1.3,110.0,0.0,1.7,10.299999999999942,30.0,21.46666666666667,8.533333333333333,0.0,30.8,22.0,1,-0.4999999999999997,-0.8660254037844388,-0.02581844022713239,-0.9996666485105112,2,0,1,0
2023-07-04,2023,7,30.1,20.3,9.8,5.0,3.7,4.6,70.0,330.0,18.2,21.89999999999994,29.766666666666666,21.53333333333333,8.233333333333334,18.2,28.6,21.2,0,-0.4999999999999997,-0.8660254037844388,-0.04302223300453034,-0.99907411510223,2,0,1,0
2023-07-05,2023,7,27.1,20.2,6.900000000000002,5.0,1.3,4.3,10.0,30.0,21.9,25.59999999999994,29.833333333333332,21.16666666666667,8.666666666666668,3.7,30.1,20.3,0,-0.4999999999999997,-0.8660254037844388,-0.060213277365792774,-0.9981855344718586,2,0,1,0
2023-07-06,2023,7,26.6,20.5,6.100000000000001,6.0,0.3,4.3,190.0,42.0,23.2,24.89999999999994,28.600000000000005,20.56666666666667,8.033333333333335,1.3,27.1,20.2,0,-0.4999999999999997,-0.8660254037844388,-0.07738647923346322,-0.9970011699250151,2,0,1,0
2023-07-07,2023,7,26.9,20.6,6.299999999999997,6.0,0.3,4.3,5.0,54.0,5.3,25.199999999999942,27.933333333333334,20.333333333333336,7.600000000000001,0.3,26.6,20.5,0,-0.4999999999999997,-0.8660254037844388,-0.09453674981719933,-0.9955213724144752,2,0,1,0
2023-07-08,2023,7,27.5,20.5,7.0,4.0,7.6,4.8,100.0,0.0,1.9,23.799999999999944,26.86666666666667,20.433333333333334,6.433333333333334,0.3,26.9,20.6,0,-0.4999999999999997,-0.8660254037844388,-0.11165900712169444,-0.9937465804361781,2,0,1,0
2023-07-09,2023,7,26.5,20.9,5.600000000000001,4.0,7.6,4.2,200.0,0.0,8.2,31.39999999999994,27.0,20.533333333333335,6.466666666666666,7.6,27.5,20.5,0,-0.4999999999999997,-0.8660254037844388,-0.12874817745258066,-0.99167731989929,2,0,1,0
2023-07-10,2023,7,27.3,21.2,6.100000000000001,3.0,1.1,4.6,10.0,60.0,15.5,38.99999999999994,26.96666666666667,20.666666666666668,6.3,7.6,26.5,20.9,0,-0.4999999999999997,-0.8660254037844388,-0.14579919691987442,-0.9893142039703664,2,0,1,0
2023-07-11,2023,7,28.5,21.0,7.5,2.0,10.3,4.6,550.0,36.0,16.299999999999997,21.89999999999994,27.099999999999998,20.86666666666667,6.233333333333334,1.1,27.3,21.2,0,-0.4999999999999997,-0.8660254037844388,-0.16280701293851646,-0.9866579328916572,2,0,1,1
2023-07-12,2023,7,27.4,20.3,7.099999999999998,3.0,15.3,4.4,70.0,0.0,19.0,28.499999999999943,27.433333333333334,21.033333333333335,6.400000000000001,10.3,28.5,21.0,1,-0.4999999999999997,-0.8660254037844388,-0.17976658572556214,-0.9837092937736098,2,0,1,0
2023-07-13,2023,7,28.2,20.8,7.399999999999999,3.0,11.8,4.6,120.0,72.0,26.700000000000003,42.49999999999994,27.73333333333333,20.833333333333336,6.8999999999999995,15.3,27.4,20.3,0,-0.4999999999999997,-0.8660254037844388,-0.19667288979357622,-0.9804691603616321,2,0,1,1
2023-07-14,2023,7,27.2,20.1,7.099999999999998,6.0,25.0,4.8,10.0,0.0,37.400000000000006,53.99999999999995,28.03333333333333,20.700000000000003,7.333333333333332,11.8,28.2,20.8,1,-0.4999999999999997,-0.8660254037844388,-0.2135209154397959,-0.9769384927771817,2,0,1,0
2023-07-15,2023,7,27.5,20.4,7.100000000000001,4.0,1.2,5.0,65.0,198.0,52.1,78.69999999999995,27.599999999999998,20.400000000000006,7.199999999999998,25.0,27.2,20.1,0,-0.4999999999999997,-0.8660254037844388,-0.23030567023061196,-0.973118337233262,2,0,1,0
2023-07-16,2023,7,29.1,21.4,7.700000000000003,4.0,1.6,5.0,15.0,498.0,38.00000000000001,72.29999999999995,27.633333333333336,20.433333333333337,7.199999999999999,1.2,27.5,20.4,0,-0.4999999999999997,-0.8660254037844388,-0.24702218048093527,-0.9690098257244063,2,0,1,0
2023-07-17,2023,7,28.5,21.0,7.5,4.0,0.0,4.8,10.0,132.0,27.8,66.29999999999994,27.933333333333334,20.633333333333336,7.300000000000001,1.6,29.1,21.4,0,-0.4999999999999997,-0.8660254037844388,-0.2636654927280072,-0.9646141756912435,2,0,0,0
2023-07-18,2023,7,28.1,20.6,7.5,5.0,0.2,4.6,10.0,30.0,2.8,65.19999999999995,28.366666666666664,20.933333333333334,7.4333333333333345,0.0,28.5,21.0,0,-0.4999999999999997,-0.8660254037844388,-0.2802306751992161,-0.9599326896597445,2,0,1,0
2023-07-19,2023,7,28.8,20.8,8.0,6.0,0.0,4.8,0.0,288.0,1.8,55.099999999999945,28.566666666666666,21.000000000000004,7.566666666666667,0.2,28.1,20.6,0,-0.4999999999999997,-0.8660254037844388,-0.2967128192734901,-0.9549667548552553,2,0,0,0
2023-07-20,2023,7,27.3,20.7,6.600000000000001,6.0,0.0,4.8,5.0,0.0,0.2,39.79999999999995,28.46666666666667,20.8,7.666666666666667,0.0,28.8,20.8,0,-0.4999999999999997,-0.8660254037844388,-0.3131070409358267,-0.9497178427914317,2,0,0,0
2023-07-21,2023,7,28.7,21.5,7.199999999999999,7.0,0.0,5.2,0.0,168.0,0.2,27.999999999999943,28.066666666666666,20.700000000000003,7.366666666666667,0.0,27.3,20.7,0,-0.4999999999999997,-0.8660254037844388,-0.3294084822245302,-0.9441875088341994,2,0,0,0
2023-07-22,2023,7,28.4,21.4,7.0,6.0,0.0,5.2,0.0,144.0,0.0,2.999999999999943,28.266666666666666,21.000000000000004,7.266666666666667,0.0,28.7,21.5,0,-0.4999999999999997,-0.8660254037844388,-0.3456123126707333,-0.9383773917408642,2,0,0,0
2023-07-23,2023,7,26.7,20.7,6.0,6.0,0.2,4.8,30.0,0.0,0.0,1.7999999999999432,28.133333333333336,21.200000000000003,6.933333333333334,0.0,28.4,21.4,0,-0.4999999999999997,-0.8660254037844388,-0.3617137307297674,-0.9322892131745134,2,0,1,0
2023-07-24,2023,7,26.6,19.9,6.700000000000003,4.0,7.5,4.3,435.0,0.0,0.2,0.3999999999999432,27.933333333333334,21.2,6.733333333333333,0.2,26.7,20.7,0,-0.4999999999999997,-0.8660254037844388,-0.37770796520396466,-0.9259247771938499,2,0,1,0
2023-07-25,2023,7,24.9,20.2,4.699999999999999,4.0,6.5,4.8,10.0,132.0,7.7,7.8999999999999435,27.23333333333333,20.666666666666668,6.566666666666667,7.5,26.6,19.9,0,-0.4999999999999997,-0.8660254037844388,-0.39359027665646645,-0.9192859697186105,2,0,1,0
2023-07-26,2023,7,24.5,19.4,5.100000000000001,4.0,12.3,3.9,83.0,0.0,14.2,14.199999999999942,26.066666666666666,20.26666666666667,5.800000000000001,6.5,24.9,20.2,0,-0.4999999999999997,-0.8660254037844388,-0.4093559588156211,-0.9123747579707274,2,0,1,0
2023-07-27,2023,7,24.0,18.8,5.199999999999999,4.0,6.9,3.9,210.0,0.0,26.3,26.499999999999943,25.333333333333332,19.833333333333332,5.500000000000001,12.3,24.5,19.4,0,-0.4999999999999997,-0.8660254037844388,-0.42500033996955394,-0.9051931898913975,2,0,1,0
2023-07-28,2023,7,25.8,19.2,6.600000000000001,4.0,0.0,4.5,5.0,30.0,25.700000000000003,33.39999999999994,24.46666666666667,19.46666666666667,5.0,6.9,24.0,18.8,0,-0.4999999999999997,-0.8660254037844388,-0.4405187843504952,-0.8977433935342336,2,0,0,0
2023-07-29,2023,7,28.4,20.1,8.299999999999997,4.0,1.8,4.8,10.0,132.0,19.200000000000003,33.39999999999994,24.766666666666666,19.133333333333336,5.633333333333334,0.0,25.8,19.2,0,-0.4999999999999997,-0.8660254037844388,-0.455906693508459,-0.8900275764346766,2,0,1,0
2023-07-30,2023,7,26.7,19.8,6.899999999999999,4.0,0.6,4.0,10.0,108.0,8.700000000000001,35.199999999999946,26.066666666666666,19.36666666666667,6.699999999999999,1.8,28.4,20.1,0,-0.4999999999999997,-0.8660254037844388,-0.47115950767386394,-0.8820480249558535,2,0,1,0
2023-07-31,2023,7,29.2,20.8,8.399999999999999,5.0,0.0,5.0,0.0,438.0,2.4,35.59999999999994,26.96666666666667,19.700000000000003,7.266666666666666,0.6,26.7,19.8,0,-0.4999999999999997,-0.8660254037844388,-0.4862727071086902,-0.8738071036110807,2,0,0,0
2023-08-01,2023,8,29.3,20.8,8.5,5.0,0.0,5.4,0.0,312.0,2.4,28.099999999999945,28.099999999999998,20.233333333333334,7.8666666666666645,0.0,29.2,20.8,0,-0.8660254037844384,-0.5000000000000004,-0.5012418134457756,-0.8653072543632061,2,0,0,0
2023-08-02,2023,8,28.0,19.5,8.5,5.0,0.0,5.2,15.0,216.0,0.6,21.599999999999945,28.399999999999995,20.466666666666672,7.933333333333333,0.0,29.3,20.8,0,-0.8660254037844384,-0.5000000000000004,-0.5160623910158526,-0.8565509959010037,2,0,0,0
2023-08-03,2023,8,28.3,20.2,8.100000000000001,6.0,0.0,5.5,0.0,222.0,0.0,9.299999999999944,28.833333333333332,20.36666666666667,8.466666666666667,0.0,28.0,19.5,0,-0.8660254037844384,-0.5000000000000004,-0.5307300481619331,-0.8475409228928312,2,0,0,0
2023-08-04,2023,8,28.7,20.2,8.5,5.0,0.0,4.8,10.0,318.0,0.0,2.399999999999943,28.53333333333333,20.16666666666667,8.366666666666667,0.0,28.3,20.2,0,-0.8660254037844384,-0.5000000000000004,-0.5452404385406507,-0.8382797052177745,2,0,0,0
2023-08-05,2023,8,30.1,20.4,9.700000000000003,5.0,0.0,5.2,5.0,306.0,0.0,2.399999999999943,28.333333333333332,19.96666666666667,8.366666666666667,0.0,28.7,20.2,0,-0.8660254037844384,-0.5000000000000004,-0.5595892624101763,-0.828770087174504,2,0,0,0
2023-08-06,2023,8,29.0,21.2,7.800000000000001,4.0,0.2,5.0,15.0,216.0,0.0,0.5999999999999431,29.03333333333333,20.26666666666667,8.766666666666667,0.0,30.1,20.4,0,-0.8660254037844384,-0.5000000000000004,-0.5737722679043243,-0.8190148866680802,2,0,1,1
2023-08-07,2023,8,29.8,20.6,9.2,3.0,2.2,5.0,45.0,216.0,0.2,0.19999999999994317,29.26666666666667,20.600000000000005,8.666666666666668,0.2,29.0,21.2,1,-0.8660254037844384,-0.5000000000000004,-0.5877852522924734,-0.8090169943749472,2,0,1,0
2023-08-08,2023,8,29.5,20.5,9.0,4.0,0.0,5.0,10.0,318.0,2.4000000000000004,2.3999999999999435,29.633333333333336,20.733333333333334,8.9,2.2,29.8,20.6,0,-0.8660254037844384,-0.5000000000000004,-0.6016240632249227,-0.7987793728863648,2,0,0,0
2023-08-09,2023,8,28.4,20.8,7.599999999999998,3.0,1.2,2.0,30.0,0.0,2.4000000000000004,2.3999999999999435,29.433333333333334,20.76666666666667,8.666666666666666,0.0,29.5,20.5,0,-0.8660254037844384,-0.5000000000000004,-0.6152845999633277,-0.7883050558305253,2,0,1,0
2023-08-10,2023,8,30.4,21.8,8.599999999999998,3.0,0.0,5.0,15.0,216.0,3.4000000000000004,3.5999999999999437,29.233333333333334,20.633333333333336,8.6,1.2,28.4,20.8,0,-0.8660254037844384,-0.5000000000000004,-0.6287628145958345,-0.7775971469736268,2,0,0,0
2023-08-11,2023,8,30.0,22.0,8.0,3.0,0.0,5.0,0.0,258.0,1.2,3.5999999999999437,29.433333333333334,21.033333333333335,8.399999999999999,0.0,30.4,21.8,0,-0.8660254037844384,-0.5000000000000004,-0.6420547132365636,-0.7666588193001592,2,0,0,0
2023-08-12,2023,8,30.4,22.3,8.099999999999998,3.0,0.0,5.0,0.0,252.0,1.2,3.5999999999999437,29.599999999999998,21.533333333333335,8.066666666666665,0.0,30.0,22.0,0,-0.8660254037844384,-0.5000000000000004,-0.655156357209085,-0.7554933140726804,2,0,0,0
2023-08-13,2023,8,31.3,21.0,10.3,3.0,0.0,5.0,15.0,216.0,0.0,3.5999999999999437,30.266666666666666,22.033333333333335,8.233333333333333,0.0,30.4,22.3,0,-0.8660254037844384,-0.5000000000000004,-0.6680638642135333,-0.7441039398713608,2,0,0,0
2023-08-14,2023,8,30.4,21.5,8.899999999999999,3.0,0.4,5.0,4.0,432.0,0.0,3.3999999999999435,30.566666666666666,21.76666666666667,8.799999999999999,0.0,31.3,21.0,0,-0.8660254037844384,-0.5000000000000004,-0.680773409477016,-0.732494071613579,2,0,1,0
2023-08-15,2023,8,30.0,21.0,9.0,3.0,0.0,5.0,0.0,216.0,0.4,1.5999999999999432,30.7,21.600000000000005,9.1,0.4,30.4,21.5,0,-0.8660254037844384,-0.5000000000000004,-0.6932812268869771,-0.7206671495538615,2,0,0,0
2023-08-16,2023,8,31.0,21.0,10.0,3.0,0.0,5.0,15.0,216.0,0.4,1.5999999999999432,30.566666666666663,21.166666666666668,9.4,0.0,30.0,21.0,0,-0.8660254037844384,-0.5000000000000004,-0.7055836101071774,-0.70862667826446,2,0,0,0
2023-08-17,2023,8,31.8,21.8,10.0,3.0,0.0,5.0,15.0,216.0,0.4,0.3999999999999432,30.46666666666667,21.166666666666668,9.299999999999999,0.0,31.0,21.0,0,-0.8660254037844384,-0.5000000000000004,-0.7176769136759615,-0.6963762255968726,2,0,0,0
2023-08-18,2023,8,31.0,21.2,9.8,4.0,0.0,5.2,15.0,216.0,0.0,0.3999999999999432,30.933333333333334,21.26666666666667,9.666666666666666,0.0,31.8,21.8,0,-0.8660254037844384,-0.5000000000000004,-0.7295575540864876,-0.6839194216246105,2,0,0,0
2023-08-19,2023,8,29.5,21.1,8.399999999999999,4.0,0.0,5.1,3.0,288.0,0.0,0.3999999999999432,31.266666666666666,21.333333333333332,9.933333333333334,0.0,31.0,21.2,0,-0.8660254037844384,-0.5000000000000004,-0.7412220108485957,-0.6712599575675315,2,0,0,0
2023-08-20,2023,8,29.0,20.2,8.8,4.0,8.2,5.0,100.0,114.0,0.0,0.3999999999999432,30.766666666666666,21.36666666666667,9.4,0.0,29.5,21.1,0,-0.8660254037844384,-0.5000000000000004,-0.7526668275320083,-0.6584015846980489,2,0,1,0
2023-08-21,2023,8,29.5,20.9,8.600000000000001,4.0,0.0,5.4,5.0,312.0,8.2,8.599999999999943,29.833333333333332,20.83333333333334,9.0,8.2,29.0,20.2,0,-0.8660254037844384,-0.5000000000000004,-0.7638886127905429,-0.64534811322955,2,0,0,0
2023-08-22,2023,8,30.8,21.8,9.0,2.0,0.0,6.2,0.0,462.0,8.2,8.199999999999942,29.333333333333332,20.733333333333334,8.6,0.0,29.5,20.9,0,-0.8660254037844384,-0.5000000000000004,-0.7748840413670406,-0.6321034111873488,2,0,0,0
2023-08-23,2023,8,31.0,22.0,9.0,2.0,0.0,5.8,0.0,282.0,8.2,8.199999999999942,29.76666666666667,20.96666666666667,8.8,0.0,30.8,21.8,0,-0.8660254037844384,-0.5000000000000004,-0.7856498550787144,-0.6186714032625032,2,0,0,0
2023-08-24,2023,8,31.6,21.6,10.0,3.0,0.0,6.1,5.0,330.0,0.0,8.199999999999942,30.433333333333337,21.566666666666666,8.866666666666667,0.0,31.0,22.0,0,-0.8660254037844384,-0.5000000000000004,-0.7961828637826154,-0.6050560696488494,2,0,0,0
2023-08-25,2023,8,30.5,20.6,9.899999999999999,3.0,0.0,6.0,0.0,102.0,0.0,8.199999999999942,31.133333333333336,21.8,9.333333333333334,0.0,31.6,21.6,0,-0.8660254037844384,-0.5000000000000004,-0.8064799463209447,-0.5912614448635783,2,0,0,0
2023-08-26,2023,8,32.2,21.8,10.400000000000002,3.0,0.0,6.5,0.0,420.0,0.0,8.199999999999942,31.03333333333333,21.400000000000006,9.633333333333333,0.0,30.5,20.6,0,-0.8660254037844384,-0.5000000000000004,-0.8165380514459157,-0.5772916165517278,2,0,0,0
2023-08-27,2023,8,31.8,22.2,9.600000000000001,3.0,0.0,6.5,0.0,312.0,0.0,8.199999999999942,31.433333333333337,21.33333333333334,10.1,0.0,32.2,21.8,0,-0.8660254037844384,-0.5000000000000004,-0.8263541987239094,-0.5631507242749189,2,0,0,0
2023-08-28,2023,8,31.4,21.9,9.5,3.0,0.0,6.2,5.0,491.0,0.0,0.0,31.5,21.533333333333335,9.966666666666667,0.0,31.8,22.2,0,-0.8660254037844384,-0.5000000000000004,-0.8359254794186365,-0.5488429582847199,2,0,0,0
2023-08-29,2023,8,32.6,22.6,10.0,3.0,0.0,6.5,0.0,444.0,0.0,0.0,31.8,21.96666666666667,9.833333333333334,0.0,31.4,21.9,0,-0.8660254037844384,-0.5000000000000004,-0.8452490573530633,-0.5343725582809785,2,0,0,0
2023-08-30,2023,8,30.6,21.9,8.700000000000003,3.0,0.0,6.5,0.0,60.0,0.0,0.0,31.933333333333334,22.233333333333338,9.700000000000001,0.0,32.6,22.6,0,-0.8660254037844384,-0.5000000000000004,-0.8543221697498269,-0.5197438121555157,2,0,0,0
2023-08-31,2023,8,32.5,22.9,9.600000000000001,3.0,0.4,5.4,10.0,491.0,0.0,0.0,31.53333333333333,22.133333333333336,9.4,0.0,30.6,21.9,0,-0.8660254037844384,-0.5000000000000004,-0.8631421280499115,-0.5049610547215202,2,0,1,1
2023-09-01,2023,9,29.4,20.0,9.399999999999999,4.0,88.9,5.2,11.0,201.0,0.4,0.3999999999999432,31.899999999999995,22.46666666666667,9.433333333333335,0.4,32.5,22.9,1,-1.0,-1.8369701987210297e-16,-0.8717063187093217,-0.4900286664290594,2,0,1,0
2023-09-02,2023,9,29.6,22.2,7.400000000000002,4.0,0.0,5.2,11.0,201.0,89.30000000000001,89.29999999999995,30.833333333333332,21.600000000000005,9.233333333333334,88.9,29.4,20.0,0,-1.0,-1.8369701987210297e-16,-0.8800122039735356,-0.4749510720670502,2,0,0,0
2023-09-03,2023,9,28.1,21.4,6.700000000000003,4.0,1.9,5.2,11.0,201.0,89.30000000000001,89.29999999999995,30.5,21.700000000000003,8.8,0.0,29.6,22.2,0,-1.0,-1.8369701987210297e-16,-0.888057322629493,-0.4597327394521046,2,0,1,0
2023-09-04,2023,9,25.6,21.0,4.600000000000001,4.0,0.2,5.2,11.0,201.0,90.80000000000001,91.19999999999996,29.03333333333333,21.200000000000003,7.833333333333335,1.9,28.1,21.4,0,-1.0,-1.8369701987210297e-16,-0.8958392907349089,-0.4443781781046134,2,0,1,0
2023-09-05,2023,9,27.4,20.6,6.799999999999997,4.0,0.0,5.2,11.0,201.0,2.1,91.39999999999995,27.76666666666667,21.533333333333335,6.233333333333335,0.2,25.6,21.0,0,-1.0,-1.8369701987210297e-16,-0.9033558023246842,-0.4288919379124841,2,0,0,0
2023-09-06,2023,9,28.5,20.4,8.100000000000001,4.0,25.2,5.2,11.0,201.0,2.1,91.39999999999995,27.03333333333333,21.0,6.033333333333334,0.0,27.4,20.6,0,-1.0,-1.8369701987210297e-16,-0.9106046300942162,-0.41327860778290443,2,0,1,0
2023-09-07,2023,9,29.0,21.3,7.699999999999999,4.0,0.0,5.2,11.0,201.0,25.4,116.59999999999995,27.166666666666668,20.66666666666667,6.5,25.2,28.5,20.4,0,-1.0,-1.8369701987210297e-16,-0.9175836260593934,-0.3975428142825566,2,0,0,0
2023-09-08,2023,9,28.5,21.0,7.5,4.0,4.4,5.2,11.0,201.0,25.2,116.19999999999995,28.3,20.76666666666667,7.533333333333332,0.0,29.0,21.3,0,-1.0,-1.8369701987210297e-16,-0.9242907221930934,-0.3816892202666586,2,0,1,0
2023-09-09,2023,9,30.5,20.8,9.7,4.0,0.0,5.2,11.0,201.0,29.6,31.699999999999946,28.666666666666668,20.900000000000002,7.766666666666667,4.4,28.5,21.0,0,-1.0,-1.8369701987210297e-16,-0.9307239310379793,-0.3657225234972692,2,0,0,0
2023-09-10,2023,9,29.5,21.2,8.3,4.0,0.0,5.2,11.0,201.0,4.4,31.699999999999946,29.333333333333332,21.033333333333335,8.299999999999999,0.0,30.5,20.8,0,-1.0,-1.8369701987210297e-16,-0.9368813462954315,-0.34964745525122826,2,0,0,0
2023-09-11,2023,9,29.5,21.2,8.3,4.0,1.2,4.8,11.0,201.0,4.4,29.799999999999947,29.5,21.000000000000004,8.5,0.0,29.5,21.2,0,-1.0,-1.8369701987210297e-16,-0.9427611433904206,-0.33346877891818705,2,0,1,0
2023-09-12,2023,9,30.3,20.8,9.5,4.0,0.0,5.2,11.0,201.0,1.2,30.799999999999944,29.833333333333332,21.066666666666666,8.766666666666667,1.2,29.5,21.2,0,-1.0,-1.8369701987210297e-16,-0.9483615800121716,-0.31719128858910595,2,0,0,0
2023-09-13,2023,9,29.3,21.0,8.3,4.0,0.0,5.2,11.0,201.0,1.2,30.799999999999944,29.766666666666666,21.06666666666667,8.700000000000001,0.0,30.3,20.8,0,-1.0,-1.8369701987210297e-16,-0.9536809966304455,-0.300819807635668,2,0,0,0
2023-09-14,2023,9,27.7,20.0,7.699999999999999,4.0,18.7,5.2,11.0,201.0,1.2,5.599999999999944,29.7,21.000000000000004,8.700000000000001,0.0,29.3,21.0,0,-1.0,-1.8369701987210297e-16,-0.9587178169872964,-0.2843591872810036,2,0,1,0
2023-09-15,2023,9,27.8,20.8,7.0,4.0,0.0,5.2,11.0,201.0,18.7,24.299999999999944,29.099999999999998,20.600000000000005,8.5,18.7,27.7,20.0,0,-1.0,-1.8369701987210297e-16,-0.9634705485641486,-0.26781430516217486,2,0,0,0
2023-10-01,2023,10,28.1,21.1,7.0,6.0,0.4,4.5,5.0,156.0,18.7,19.89999999999994,28.26666666666667,20.600000000000005,7.666666666666667,0.0,27.8,20.8,0,-0.8660254037844386,0.5000000000000001,-0.9999907397361901,0.004303538296243821,3,0,1,0
2023-10-02,2023,10,29.3,20.2,9.100000000000001,6.0,0.0,4.8,0.0,282.0,19.099999999999998,20.29999999999994,27.866666666666664,20.633333333333336,7.233333333333333,0.4,28.1,21.1,0,-0.8660254037844386,0.5000000000000001,-0.9997685019798909,0.021516097436222233,3,0,0,0
2023-10-03,2023,10,29.7,20.4,9.3,4.0,0.0,5.0,0.0,456.0,0.4,20.29999999999994,28.400000000000002,20.700000000000003,7.7,0.0,29.3,20.2,0,-0.8660254037844386,0.5000000000000001,-0.9992500112396835,0.03872228089217399,3,0,0,0
2023-10-04,2023,10,29.8,21.0,8.8,3.0,0.0,5.0,0.0,462.0,0.4,19.09999999999994,29.03333333333333,20.56666666666667,8.466666666666667,0.0,29.7,20.4,0,-0.8660254037844386,0.5000000000000001,-0.9984354211555643,0.05591699010060302,3,0,0,0
2023-10-05,2023,10,30.1,21.7,8.400000000000002,2.0,0.0,4.8,5.0,336.0,0.0,19.09999999999994,29.599999999999998,20.533333333333335,9.066666666666668,0.0,29.8,21.0,0,-0.8660254037844386,0.5000000000000001,-0.9973249731081555,0.07309512989807776,3,0,0,0
2023-10-06,2023,10,30.5,21.7,8.8,2.0,0.0,5.0,0.0,126.0,0.0,19.09999999999994,29.86666666666667,21.033333333333335,8.833333333333334,0.0,30.1,21.7,0,-0.8660254037844386,0.5000000000000001,-0.9959189961471792,0.0902516100310407,3,0,0,0
2023-10-07,2023,10,29.8,21.8,8.0,2.0,0.0,4.5,0.0,192.0,0.0,0.3999999999999432,30.133333333333336,21.46666666666667,8.666666666666668,0.0,30.5,21.7,0,-0.8660254037844386,0.5000000000000001,-0.994217906893952,0.10738134666416306,3,0,0,0
2023-10-08,2023,10,29.7,21.9,7.800000000000001,1.0,0.0,5.0,0.0,132.0,0.0,0.3999999999999432,30.133333333333336,21.733333333333334,8.4,0.0,29.8,21.8,0,-0.8660254037844386,0.5000000000000001,-0.9922222094179324,0.12447926388678869,3,0,0,0
2023-10-09,2023,10,29.7,21.4,8.3,2.0,14.0,5.1,0.0,294.0,0.0,0.0,30.0,21.8,8.200000000000001,0.0,29.7,21.9,0,-0.8660254037844386,0.5000000000000001,-0.989932495087353,0.141540295217043,3,0,1,0
2023-10-10,2023,10,29.4,20.6,8.799999999999997,2.0,66.3,4.2,340.0,0.0,14.0,13.999999999999943,29.75,21.700000000000003,7.9,14.0,,21.4,0,-0.8660254037844386,0.5000000000000001,-0.9873494423939864,0.15855938510313475,3,0,1,1
2023-10-11,2023,10,29.6,21.3,8.3,2.0,1.0,4.8,15.0,6.0,80.3,80.29999999999994,29.549999999999997,21.3,8.299999999999999,66.3,29.4,20.6,1,-0.8660254037844386,0.5000000000000001,-0.9844738167520923,0.17553149042142777,3,0,1,1
2023-10-12,2023,10,28.6,21.0,7.600000000000001,1.0,4.5,3.5,45.0,6.0,81.3,81.29999999999994,29.5,21.1,8.549999999999999,1.0,29.6,21.3,1,-0.8660254037844386,0.5000000000000001,-0.9813064702716093,0.19245158197082995,3,0,1,0
2023-10-13,2023,10,29.3,19.7,9.600000000000001,1.0,0.0,4.6,0.0,294.0,71.8,85.79999999999994,29.2,20.96666666666667,8.233333333333333,4.5,28.6,21.0,0,-0.8660254037844386,0.5000000000000001,-0.9778483415056568,0.20931464596304888,3,0,0,0
2023-10-14,2023,10,31.0,20.1,10.899999999999999,1.0,0.0,4.8,0.0,498.0,5.5,85.79999999999994,29.166666666666668,20.66666666666667,8.500000000000002,0.0,29.3,19.7,0,-0.8660254037844386,0.5000000000000001,-0.9741004551724206,0.22611568550828803,3,0,0,0
2023-10-15,2023,10,31.3,21.6,9.7,1.0,1.0,5.6,90.0,491.0,4.5,85.79999999999994,29.633333333333336,20.26666666666667,9.366666666666667,0.0,31.0,20.1,0,-0.8660254037844386,0.5000000000000001,-0.970063921851507,0.2428497220959358,3,0,1,0
2023-10-16,2023,10,31.2,21.5,9.7,2.0,0.0,5.0,0.0,318.0,1.0,86.79999999999994,30.53333333333333,20.46666666666667,10.066666666666666,1.0,31.3,21.6,0,-0.8660254037844386,0.5000000000000001,-0.965739937654855,0.25951179706979943,3,0,0,0
2023-10-17,2023,10,29.2,21.1,8.099999999999998,2.0,0.0,4.6,0.0,270.0,1.0,72.79999999999994,31.166666666666668,21.066666666666666,10.1,0.0,31.2,21.5,0,-0.8660254037844386,0.5000000000000001,-0.9611297838723007,0.27609697309746883,3,0,0,0
2023-10-18,2023,10,30.5,18.6,11.899999999999999,2.0,0.0,4.8,0.0,294.0,1.0,6.499999999999943,30.566666666666666,21.400000000000006,9.166666666666666,0.0,29.2,21.1,0,-0.8660254037844386,0.5000000000000001,-0.9562348265919058,0.2926003356333479,3,0,0,0
2023-10-19,2023,10,30.0,19.4,10.600000000000001,2.0,0.0,3.5,0.0,468.0,0.0,5.499999999999943,30.3,20.400000000000002,9.899999999999999,0.0,30.5,18.6,0,-0.8660254037844386,0.5000000000000001,-0.9510565162951536,0.30901699437494723,3,0,0,0
2023-10-20,2023,10,29.5,19.4,10.100000000000001,2.0,0.0,4.6,0.0,438.0,0.0,0.9999999999999432,29.899999999999995,19.700000000000003,10.2,0.0,30.0,19.4,0,-0.8660254037844386,0.5000000000000001,-0.9455963874271428,0.3253420847119795,3,0,0,0
2023-10-21,2023,10,30.7,20.5,10.2,2.0,0.0,4.5,0.0,462.0,0.0,0.9999999999999432,30.0,19.133333333333336,10.866666666666667,0.0,29.5,19.4,0,-0.8660254037844386,0.5000000000000001,-0.9398560579418953,0.341570769167856,3,0,0,0
2023-10-22,2023,10,30.2,21.7,8.5,2.0,0.0,5.0,0.0,396.0,0.0,0.9999999999999432,30.066666666666666,19.766666666666666,10.3,0.0,30.7,20.5,0,-0.8660254037844386,0.5000000000000001,-0.9338372288229252,0.35769823883312546,3,0,0,0
2023-10-23,2023,10,31.2,19.6,11.599999999999998,1.0,0.0,3.0,0.0,330.0,0.0,0.0,30.133333333333336,20.533333333333335,9.6,0.0,30.2,21.7,0,-0.8660254037844386,0.5000000000000001,-0.9275416835791965,0.3737197147904692,3,0,0,0
2023-10-24,2023,10,30.5,17.1,13.399999999999999,1.0,0.0,4.0,0.0,522.0,0.0,0.0,30.7,20.6,10.1,0.0,31.2,19.6,0,-0.8660254037844386,0.5000000000000001,-0.9209712877166346,0.38963044953078774,3,0,0,0
2023-10-25,2023,10,31.6,17.3,14.3,1.0,0.0,4.5,0.0,576.0,0.0,0.0,30.63333333333333,19.466666666666672,11.166666666666666,0.0,30.5,17.1,0,-0.8660254037844386,0.5000000000000001,-0.9141279881853337,0.4054257283599973,3,0,0,0
2023-10-26,2023,10,31.4,18.4,13.0,1.0,0.0,4.5,0.0,528.0,0.0,0.0,31.099999999999998,18.000000000000004,13.1,0.0,31.6,17.3,0,-0.8660254037844386,0.5000000000000001,-0.9070138128026362,0.42110087079608916,3,0,0,0
2023-10-27,2023,10,30.8,19.6,11.2,2.0,0.0,4.5,0.0,534.0,0.0,0.0,31.166666666666668,17.600000000000005,13.566666666666668,0.0,31.4,18.4,0,-0.8660254037844386,0.5000000000000001,-0.8996308696522434,0.4366512319560638,3,0,0,0
2023-10-28,2023,10,29.3,20.7,8.600000000000001,3.0,0.0,4.8,0.0,498.0,0.0,0.0,31.266666666666666,18.433333333333337,12.833333333333334,0.0,30.8,19.6,0,-0.8660254037844386,0.5000000000000001,-0.8919813464595487,0.45207220393230374,3,0,0,0
2023-10-29,2023,10,29.8,21.4,8.400000000000002,3.0,0.0,4.5,0.0,396.0,0.0,0.0,30.5,19.56666666666667,10.933333333333332,0.0,29.3,20.7,0,-0.8660254037844386,0.5000000000000001,-0.8840675099433637,0.46735921715800205,3,0,0,0
2023-10-30,2023,10,29.5,20.4,9.100000000000001,3.0,0.0,4.5,0.0,384.0,0.0,0.0,29.96666666666667,20.56666666666667,9.4,0.0,29.8,21.4,0,-0.8660254037844386,0.5000000000000001,-0.8758917051442433,0.48250774176121763,3,0,0,1
2023-11-01,2023,11,27.2,20.4,6.800000000000001,2.0,0.0,4.8,0.0,252.0,0.0,0.0,29.53333333333333,20.833333333333336,8.700000000000001,0.0,29.5,20.4,1,-0.5000000000000004,0.8660254037844384,-0.8587639582758031,0.5123714121284235,3,0,0,0
2023-11-02,2023,11,29.2,20.4,8.8,2.0,0.0,45.0,0.0,252.0,0.0,0.0,28.833333333333332,20.733333333333334,8.100000000000001,0.0,27.2,20.4,0,-0.5000000000000004,0.8660254037844384,-0.8498170915275277,0.5270777086423724,3,0,0,0
2023-11-03,2023,11,28.5,21.2,7.300000000000001,2.0,0.0,4.5,0.0,114.0,0.0,0.0,28.633333333333336,20.4,8.233333333333334,0.0,29.2,20.4,0,-0.5000000000000004,0.8660254037844384,-0.8406184056344783,0.5416278206559811,3,0,0,0
2023-11-04,2023,11,31.3,20.8,10.5,2.0,2.3,4.5,0.0,438.0,0.0,0.0,28.3,20.666666666666668,7.633333333333334,0.0,28.5,21.2,0,-0.5000000000000004,0.8660254037844384,-0.8311706263658079,0.5560174366570446,3,0,1,1
2023-11-05,2023,11,29.0,20.8,8.2,2.0,1.7,4.3,17.0,252.0,2.3,2.299999999999943,29.666666666666668,20.8,8.866666666666667,2.3,31.3,20.8,1,-0.5000000000000004,0.8660254037844384,-0.8214765533024145,0.5702422926917867,3,0,1,0
2023-11-06,2023,11,29.0,21.7,7.300000000000001,3.0,0.0,45.0,0.0,360.0,4.0,3.999999999999943,29.599999999999998,20.933333333333337,8.666666666666666,1.7,29.0,20.8,0,-0.5000000000000004,0.8660254037844384,-0.8115390590073611,0.5842981736283683,3,0,0,1
2023-11-07,2023,11,28.7,19.1,9.599999999999998,1.0,71.2,4.9,0.0,144.0,4.0,3.999999999999943,29.766666666666666,21.1,8.666666666666666,0.0,29.0,21.7,1,-0.5000000000000004,0.8660254037844384,-0.801361088174677,0.5981809144059159,3,0,1,1
2023-11-08,2023,11,25.6,20.5,5.100000000000001,1.0,29.2,3.6,0.0,12.0,72.9,75.19999999999995,28.900000000000002,20.533333333333335,8.366666666666665,71.2,28.7,19.1,1,-0.5000000000000004,0.8660254037844384,-0.7909456567567774,0.6118864012687242,3,0,1,0
2023-11-09,2023,11,28.2,20.6,7.599999999999998,2.0,0.0,48.0,0.0,348.0,100.4,104.39999999999995,27.76666666666667,20.433333333333337,7.333333333333333,29.2,25.6,20.5,0,-0.5000000000000004,0.8660254037844384,-0.780295851070776,0.6254105729852457,3,0,0,0
2023-11-10,2023,11,27.6,19.8,7.800000000000001,2.0,0.0,40.0,0.0,60.0,100.4,104.39999999999995,27.5,20.06666666666667,7.433333333333333,0.0,28.2,20.6,0,-0.5000000000000004,0.8660254037844384,-0.7694148268839381,0.6387494220515268,3,0,0,0
2023-11-11,2023,11,27.6,18.4,9.200000000000003,2.0,0.0,4.8,0.0,276.0,29.200000000000003,104.39999999999995,27.133333333333336,20.3,6.833333333333333,0.0,27.6,19.8,0,-0.5000000000000004,0.8660254037844384,-0.7583058084785625,0.6518989958787125,3,0,0,0
2023-11-12,2023,11,30.0,18.3,11.7,2.0,0.0,4.5,0.0,534.0,0.0,102.09999999999995,27.8,19.600000000000005,8.200000000000001,0.0,27.6,18.4,0,-0.5000000000000004,0.8660254037844384,-0.7469720876965551,0.6648553979642866,3,0,0,0
2023-11-13,2023,11,28.4,17.5,10.899999999999999,2.0,0.0,4.5,0.0,252.0,0.0,100.39999999999995,28.400000000000002,18.833333333333336,9.566666666666668,0.0,30.0,18.3,0,-0.5000000000000004,0.8660254037844384,-0.7354170229639858,0.6776147890466887,3,0,0,0
2023-11-14,2023,11,28.2,18.5,9.7,3.0,0.0,4.5,0.0,276.0,0.0,100.39999999999995,28.666666666666668,18.066666666666666,10.6,0.0,28.4,17.5,0,-0.5000000000000004,0.8660254037844384,-0.7236440382959123,0.690173388242972,3,0,0,0
2023-11-15,2023,11,24.7,19.4,5.300000000000001,2.0,0.0,4.0,0.0,0.0,0.0,29.199999999999942,28.866666666666664,18.100000000000005,10.766666666666666,0.0,28.2,18.5,0,-0.5000000000000004,0.8660254037844384,-0.7116566222817751,0.7025274741691566,3,0,0,0
2023-11-16,2023,11,28.4,19.1,9.299999999999997,2.0,0.0,4.0,0.0,432.0,0.0,0.0,27.099999999999998,18.46666666666667,8.633333333333333,0.0,24.7,19.4,0,-0.5000000000000004,0.8660254037844384,-0.6994583270516471,0.7146733860429609,3,0,0,0
2023-11-17,2023,11,29.6,21.0,8.600000000000001,2.0,0.0,4.6,0.0,252.0,0.0,0.0,27.099999999999998,19.000000000000004,8.1,0.0,28.4,19.1,0,-0.5000000000000004,0.8660254037844384,-0.6870527672236675,0.726607524768565,3,0,0,0
2023-11-18,2023,11,29.7,20.2,9.5,3.0,0.0,4.5,0.0,360.0,0.0,0.0,27.566666666666666,19.833333333333336,7.733333333333333,0.0,29.6,21.0,0,-0.5000000000000004,0.8660254037844384,-0.6744436188329457,0.7383263540031063,3,0,0,0
2023-11-19,2023,11,30.0,19.1,10.899999999999999,3.0,0.0,4.6,0.0,450.0,0.0,0.0,29.23333333333333,20.100000000000005,9.133333333333333,0.0,29.7,20.2,0,-0.5000000000000004,0.8660254037844384,-0.661634618242279,0.749826401204568,3,0,0,0
2023-11-20,2023,11,29.9,18.9,11.0,3.0,0.0,4.6,0.0,510.0,0.0,0.0,29.76666666666667,20.100000000000005,9.666666666666666,0.0,30.0,19.1,0,-0.5000000000000004,0.8660254037844384,-0.6486295610349818,0.7611042586607742,3,0,0,0
2023-11-21,2023,11,29.3,20.4,8.900000000000002,3.0,0.0,4.8,0.0,534.0,0.0,0.0,29.866666666666664,19.400000000000002,10.466666666666667,0.0,29.9,18.9,0,-0.5000000000000004,0.8660254037844384,-0.6354323008901775,0.7721565844991641,3,0,0,0
2023-11-22,2023,11,27.4,21.1,6.299999999999997,2.0,0.0,4.3,0.0,168.0,0.0,0.0,29.733333333333334,19.46666666666667,10.266666666666667,0.0,29.3,20.4,0,-0.5000000000000004,0.8660254037844384,-0.622046748440868,0.7829801036770625,3,0,0,0
2023-11-23,2023,11,28.3,20.8,7.5,2.0,1.6,4.1,20.0,132.0,0.0,0.0,28.866666666666664,20.133333333333336,8.733333333333333,0.0,27.4,21.1,0,-0.5000000000000004,0.8660254037844384,-0.6084768701151264,0.7935716089521472,3,0,1,0
2023-11-24,2023,11,28.0,19.9,8.100000000000001,3.0,0.6,4.1,30.0,210.0,1.6,1.5999999999999432,28.333333333333332,20.76666666666667,7.566666666666666,1.6,28.3,20.8,0,-0.5000000000000004,0.8660254037844384,-0.594726686960764,0.8039279618328208,3,0,1,0
2023-11-25,2023,11,27.0,20.2,6.800000000000001,3.0,0.0,4.3,0.0,132.0,2.2,2.1999999999999433,27.900000000000002,20.6,7.3,0.6,28.0,19.9,0,-0.5000000000000004,0.8660254037844384,-0.5808002734538013,0.8140460935082175,3,0,0,0
2023-11-26,2023,11,26.7,18.8,7.899999999999999,3.0,0.0,4.1,79.0,156.0,2.2,2.1999999999999433,27.766666666666666,20.3,7.466666666666668,0.0,27.0,20.2,0,-0.5000000000000004,0.8660254037844384,-0.5667017562911184,0.8239230057575536,3,0,0,0
2023-11-27,2023,11,27.1,20.2,6.900000000000002,4.0,0.0,4.3,0.0,396.0,0.6,2.1999999999999433,27.233333333333334,19.633333333333336,7.6000000000000005,0.0,26.7,18.8,0,-0.5000000000000004,0.8660254037844384,-0.5524353131676203,0.8335557718385695,3,0,0,0
2023-11-28,2023,11,29.0,20.0,9.0,3.0,0.0,4.3,0.0,354.0,0.0,2.1999999999999433,26.933333333333334,19.733333333333334,7.2,0.0,27.1,20.2,0,-0.5000000000000004,0.8660254037844384,-0.5380051715382992,0.8429415373547832,3,0,0,0
2023-11-29,2023,11,28.2,20.7,7.5,2.0,0.0,4.8,0.0,264.0,0.0,2.1999999999999433,27.599999999999998,19.666666666666668,7.933333333333334,0.0,29.0,20.0,0,-0.5000000000000004,0.8660254037844384,-0.5234156073655503,0.8520775211013093,3,0,0,0
2023-11-30,2023,11,28.5,19.7,8.8,3.0,0.0,4.8,0.0,360.0,0.0,2.1999999999999433,28.099999999999998,20.3,7.800000000000001,0.0,28.2,20.7,0,-0.5000000000000004,0.8660254037844384,-0.5086709438521042,0.8609610158889945,3,0,0,0
2023-12-01,2023,12,27.4,19.9,7.5,2.0,0.0,5.0,0.0,360.0,0.0,0.5999999999999431,28.566666666666666,20.133333333333336,8.433333333333334,0.0,28.5,19.7,0,-2.4492935982947064e-16,1.0,-0.49377555015997737,0.8695893893466109,0,0,0,0
2023-12-02,2023,12,27.4,18.7,8.7,2.0,0.0,5.0,0.0,360.0,0.0,0.0,28.03333333333333,20.099999999999998,7.933333333333334,0.0,27.4,19.9,0,-2.4492935982947064e-16,1.0,-0.4787338401157883,0.8779600847008883,0,0,0,0
2023-12-03,2023,12,27.4,20.4,7.0,2.0,0.3,4.6,3.0,156.0,0.0,0.0,27.766666666666666,19.433333333333334,8.333333333333334,0.0,27.4,18.7,0,-2.4492935982947064e-16,1.0,-0.4635502709028512,0.8860706215341378,0,0,1,0
2023-12-04,2023,12,24.5,20.2,4.300000000000001,3.0,0.3,3.6,0.0,360.0,0.3,0.29999999999994315,27.4,19.666666666666668,7.733333333333333,0.3,27.4,20.4,0,-2.4492935982947064e-16,1.0,-0.4482293417404106,0.893918596519257,0,0,1,0
2023-12-05,2023,12,28.2,19.4,8.8,2.0,0.0,5.0,0.0,360.0,0.6,0.5999999999999431,26.433333333333334,19.76666666666667,6.666666666666667,0.3,24.5,20.2,0,-2.4492935982947064e-16,1.0,-0.4327755925504317,0.9015016841318838,0,0,0,0
2023-12-06,2023,12,31.2,19.4,11.8,2.0,0.0,5.0,0.0,360.0,0.6,0.5999999999999431,26.7,20.0,6.7,0.0,28.2,19.4,0,-2.4492935982947064e-16,1.0,-0.41719360261231697,0.9088176373395028,0,0,0,0
2023-12-07,2023,12,31.2,20.4,10.8,1.0,0.0,4.8,0.0,330.0,0.3,0.5999999999999431,27.96666666666667,19.666666666666668,8.3,0.0,31.2,19.4,0,-2.4492935982947064e-16,1.0,-0.4014879892059737,0.9158642882672868,0,0,0,0
2023-12-11,2023,12,29.0,19.5,9.5,3.0,0.0,5.0,0.0,252.0,0.0,0.5999999999999431,30.2,19.733333333333334,10.466666666666667,0.0,31.2,20.4,0,-2.4492935982947064e-16,1.0,-0.33752289959411347,0.941317317512847,0,0,0,0
2023-12-12,2023,12,29.0,19.4,9.600000000000001,2.0,0.0,5.0,0.0,180.0,0.0,0.5999999999999431,30.466666666666665,19.76666666666667,10.700000000000001,0.0,29.0,19.5,0,-2.4492935982947064e-16,1.0,-0.32126966169236515,0.9469877530760751,0,0,0,0
2023-12-15,2023,12,26.4,17.4,9.0,3.0,0.0,4.0,0.0,438.0,0.0,0.5999999999999431,29.733333333333334,19.766666666666666,9.966666666666667,0.0,29.0,19.4,0,-2.4492935982947064e-16,1.0,-0.27195815753410524,0.9623090774541487,0,0,0,0
2023-12-19,2023,12,23.6,17.7,5.900000000000002,3.0,0.0,4.0,0.0,360.0,0.0,0.29999999999994315,28.13333333333333,18.76666666666667,9.366666666666667,0.0,26.4,17.4,0,-2.4492935982947064e-16,1.0,-0.20510449986861926,0.9787400799669153,0,0,0,0
2023-12-23,2023,12,29.2,16.3,12.899999999999999,2.0,0.0,4.6,0.0,360.0,0.0,0.0,26.333333333333332,18.166666666666668,8.166666666666668,0.0,23.6,17.7,0,-2.4492935982947064e-16,1.0,-0.13727877211326517,0.9905324521322227,0,0,0,0
2023-12-24,2023,12,29.0,15.0,14.0,2.0,0.0,4.5,0.0,438.0,0.0,0.0,26.399999999999995,17.133333333333336,9.266666666666667,0.0,29.2,16.3,0,-2.4492935982947064e-16,1.0,-0.12020804489935275,0.9927487224577402,0,0,0,0
2024-01-01,2024,1,27.3,17.0,10.3,3.0,0.0,4.3,0.0,408.0,0.0,0.0,27.26666666666667,16.333333333333332,10.933333333333332,0.0,29.0,15.0,0,0.49999999999999994,0.8660254037844387,0.017213356155834685,0.9998518392091162,0,0,0,0
2024-01-02,2024,1,28.2,18.5,9.7,3.0,0.0,4.3,0.0,366.0,0.0,0.0,28.5,16.100000000000005,12.4,0.0,27.3,17.0,0,0.49999999999999994,0.8660254037844387,0.03442161162274574,0.9994074007397048,0,0,0,0
2024-01-03,2024,1,28.2,17.4,10.8,3.0,0.0,4.5,0.0,252.0,0.0,0.0,28.166666666666668,16.83333333333334,11.333333333333334,0.0,28.2,18.5,0,0.49999999999999994,0.8660254037844387,0.051619667223253764,0.998666816288476,0,0,0,0
2024-01-04,2024,1,25.6,18.8,6.800000000000001,3.0,0.0,3.9,0.0,420.0,0.0,0.0,27.900000000000002,17.633333333333336,10.266666666666667,0.0,28.2,17.4,0,0.49999999999999994,0.8660254037844387,0.06880242680231986,0.9976303053065857,0,0,0,0
2024-01-05,2024,1,25.3,18.9,6.400000000000002,3.0,0.0,4.5,0.0,420.0,0.0,0.0,27.333333333333332,18.233333333333338,9.1,0.0,25.6,18.8,0,0.49999999999999994,0.8660254037844387,0.08596479873744647,0.9962981749346078,0,0,0,0
2024-01-06,2024,1,28.4,18.5,9.899999999999999,3.0,0.0,41.0,0.0,222.0,0.0,0.0,26.366666666666664,18.366666666666667,8.000000000000002,0.0,25.3,18.9,0,0.49999999999999994,0.8660254037844387,0.10310169744743485,0.9946708199115211,0,0,0,0
2024-01-07,2024,1,28.6,18.0,10.600000000000001,3.0,0.0,4.5,0.0,348.0,0.0,0.0,26.433333333333334,18.733333333333334,7.7,0.0,28.4,18.5,0,0.49999999999999994,0.8660254037844387,0.1202080448993527,0.9927487224577402,0,0,0,0
2024-01-08,2024,1,29.6,19.9,9.700000000000003,4.0,0.0,4.0,0.0,372.0,0.0,0.0,27.433333333333337,18.46666666666667,8.966666666666667,0.0,28.6,18.0,0,0.49999999999999994,0.8660254037844387,0.13727877211326478,0.9905324521322229,0,0,0,0
2024-01-09,2024,1,23.4,19.3,4.099999999999998,3.0,2.0,4.5,0.0,420.0,0.0,0.0,28.866666666666664,18.8,10.066666666666668,0.0,29.6,19.9,0,0.49999999999999994,0.8660254037844387,0.15430882066428117,0.9880226656636976,0,0,1,0
2024-01-10,2024,1,25.4,17.5,7.899999999999999,4.0,0.0,5.0,0.0,420.0,2.0,1.9999999999999432,27.2,19.066666666666666,8.133333333333335,2.0,23.4,19.3,0,0.49999999999999994,0.8660254037844387,0.1712931441814776,0.9852201067560606,0,0,0,0
2024-01-11,2024,1,26.4,17.4,9.0,3.0,0.0,4.0,0.0,96.0,2.0,1.9999999999999432,26.133333333333336,18.900000000000002,7.233333333333333,0.0,25.4,17.5,0,0.49999999999999994,0.8660254037844387,0.1882267098432442,0.9821256058680006,0,0,0,0
2024-01-12,2024,1,29.6,16.9,12.700000000000003,3.0,0.0,4.0,0.0,480.0,2.0,1.9999999999999432,25.066666666666663,18.066666666666666,6.999999999999999,0.0,26.4,17.4,0,0.49999999999999994,0.8660254037844387,0.2051044998686192,0.9787400799669153,0,0,0,0
2024-01-13,2024,1,28.4,16.6,11.799999999999997,3.0,0.0,5.0,0.0,504.0,0.0,1.9999999999999432,27.133333333333336,17.26666666666667,9.866666666666667,0.0,29.6,16.9,0,0.49999999999999994,0.8660254037844387,0.2219215130041655,0.9750645322571948,0,0,0,0
2024-01-14,2024,1,28.0,18.0,10.0,2.0,0.0,5.0,0.0,420.0,0.0,1.9999999999999432,28.133333333333336,16.96666666666667,11.166666666666666,0.0,28.4,16.6,0,0.49999999999999994,0.8660254037844387,0.2386727660059501,0.9711000518829505,0,0,0,0
2024-01-15,2024,1,29.8,17.0,12.8,2.0,0.0,4.0,0.0,450.0,0.0,1.9999999999999432,28.666666666666668,17.166666666666668,11.5,0.0,28.0,18.0,0,0.49999999999999994,0.8660254037844387,0.255353295116187,0.9668478136052775,0,0,0,0
2024-01-16,2024,1,29.9,17.4,12.5,2.0,0.0,4.0,0.0,432.0,0.0,1.9999999999999432,28.733333333333334,17.200000000000003,11.533333333333331,0.0,29.8,17.0,0,0.49999999999999994,0.8660254037844387,0.2719581575341055,0.9623090774541486,0,0,0,0
2024-01-17,2024,1,29.1,17.3,11.8,2.0,0.0,4.3,0.0,432.0,0.0,0.0,29.233333333333334,17.46666666666667,11.766666666666666,0.0,29.9,17.4,0,0.49999999999999994,0.8660254037844387,0.288482432880609,0.9574851883550393,0,0,0,0
2024-01-18,2024,1,29.1,17.1,12.0,2.0,0.0,5.0,0.0,420.0,0.0,0.0,29.599999999999998,17.233333333333334,12.366666666666667,0.0,29.1,17.3,0,0.49999999999999994,0.8660254037844387,0.30492122465628907,0.9523775757303974,0,0,0,0
2024-01-19,2024,1,29.2,17.0,12.2,2.0,0.0,4.0,0.0,420.0,0.0,0.0,29.36666666666667,17.26666666666667,12.1,0.0,29.1,17.1,0,0.49999999999999994,0.8660254037844387,0.3212696616923644,0.9469877530760753,0,0,0,0
2024-01-20,2024,1,29.5,17.8,11.7,3.0,0.0,4.8,0.0,324.0,0.0,0.0,29.133333333333336,17.133333333333336,12.0,0.0,29.2,17.0,0,0.49999999999999994,0.8660254037844387,0.3375228995941133,0.9413173175128471,0,0,0,0
2024-01-21,2024,1,29.5,17.9,11.600000000000001,3.0,0.0,4.6,0.0,396.0,0.0,0.0,29.26666666666667,17.3,11.966666666666667,0.0,29.5,17.8,0,0.49999999999999994,0.8660254037844387,0.3536761221763716,0.9353679493131483,0,0,0,0
2024-01-22,2024,1,30.5,18.5,12.0,2.0,0.0,47.0,0.0,438.0,0.0,0.0,29.399999999999995,17.566666666666666,11.833333333333334,0.0,29.5,17.9,0,0.49999999999999994,0.8660254037844387,0.3697245428906731,0.9291414114031743,0,0,0,0
2024-01-23,2024,1,30.6,16.3,14.3,3.0,0.0,4.5,0.0,444.0,0.0,0.0,29.833333333333332,18.066666666666666,11.766666666666666,0.0,30.5,18.5,0,0.49999999999999994,0.8660254037844387,0.38566340624360707,0.9226395488404876,0,0,0,0
2024-01-24,2024,1,30.4,17.9,12.5,2.0,0.0,4.8,0.0,474.0,0.0,0.0,30.2,17.56666666666667,12.633333333333335,0.0,30.6,16.3,0,0.49999999999999994,0.8660254037844387,0.401487989205973,0.9158642882672872,0,0,0,0
2024-01-25,2024,1,30.0,18.9,11.100000000000001,3.0,0.0,4.5,0.0,318.0,0.0,0.0,30.5,17.56666666666667,12.933333333333332,0.0,30.4,17.9,0,0.49999999999999994,0.8660254037844387,0.4171936026123168,0.9088176373395029,0,0,0,0
2024-01-26,2024,1,29.5,17.5,12.0,3.0,0.0,42.0,0.0,360.0,0.0,0.0,30.333333333333332,17.7,12.633333333333335,0.0,30.0,18.9,0,0.49999999999999994,0.8660254037844387,0.4327755925504312,0.901501684131884,0,0,0,0
2024-01-27,2024,1,29.5,16.2,13.3,3.0,0.0,4.5,0.0,420.0,0.0,0.0,29.96666666666667,18.1,11.866666666666667,0.0,29.5,17.5,0,0.49999999999999994,0.8660254037844387,0.4482293417404106,0.893918596519257,0,0,0,0
2024-01-28,2024,1,28.7,17.5,11.2,3.0,0.0,4.6,0.0,480.0,0.0,0.0,29.666666666666668,17.533333333333335,12.133333333333335,0.0,29.5,16.2,0,0.49999999999999994,0.8660254037844387,0.4635502709028509,0.886070621534138,0,0,0,0
2024-01-29,2024,1,28.5,17.6,10.899999999999999,3.0,0.0,4.5,0.0,468.0,0.0,0.0,29.233333333333334,17.066666666666666,12.166666666666666,0.0,28.7,17.5,0,0.49999999999999994,0.8660254037844387,0.47873384011578846,0.8779600847008882,0,0,0,0
2024-01-30,2024,1,29.0,16.3,12.7,3.0,0.0,45.0,0.0,491.0,0.0,0.0,28.900000000000002,17.100000000000005,11.799999999999999,0.0,28.5,17.6,0,0.49999999999999994,0.8660254037844387,0.4937755501599772,0.869589389346611,0,0,0,0
2024-01-31,2024,1,30.4,16.4,14.0,2.0,0.0,4.5,0.0,468.0,0.0,0.0,28.733333333333334,17.133333333333336,11.6,0.0,29.0,16.3,0,0.49999999999999994,0.8660254037844387,0.5086709438521044,0.8609610158889943,0,0,0,0
2024-02-01,2024,2,31.6,19.3,12.3,2.0,0.0,5.0,0.0,474.0,0.0,0.0,29.299999999999997,16.76666666666667,12.533333333333331,0.0,30.4,16.4,0,0.8660254037844386,0.5000000000000001,0.5234156073655503,0.8520775211013093,0,0,0,0
2024-02-02,2024,2,31.4,20.1,11.299999999999997,2.0,0.0,4.8,0.0,480.0,0.0,0.0,30.333333333333332,17.333333333333332,13.0,0.0,31.6,19.3,0,0.8660254037844386,0.5000000000000001,0.5380051715382996,0.8429415373547828,0,0,0,0
2024-02-03,2024,2,31.3,20.2,11.100000000000001,2.0,0.0,4.5,0.0,426.0,0.0,0.0,31.13333333333333,18.600000000000005,12.533333333333331,0.0,31.4,20.1,0,0.8660254037844386,0.5000000000000001,0.5524353131676196,0.8335557718385699,0,0,0,0
2024-02-04,2024,2,30.6,18.6,12.0,3.0,0.0,4.5,0.0,282.0,0.0,0.0,31.433333333333337,19.86666666666667,11.566666666666668,0.0,31.3,20.2,0,0.8660254037844386,0.5000000000000001,0.5667017562911176,0.8239230057575542,0,0,0,0
2024-02-05,2024,2,31.4,18.3,13.099999999999998,3.0,0.0,4.5,0.0,498.0,0.0,0.0,31.099999999999998,19.633333333333336,11.466666666666667,0.0,30.6,18.6,0,0.8660254037844386,0.5000000000000001,0.5808002734538009,0.8140460935082178,0,0,0,0
2024-02-06,2024,2,31.8,18.1,13.7,3.0,0.0,4.8,0.0,534.0,0.0,0.0,31.100000000000005,19.033333333333335,12.066666666666668,0.0,31.4,18.3,0,0.8660254037844386,0.5000000000000001,0.5947266869607634,0.8039279618328213,0,0,0,0
2024-02-07,2024,2,33.1,17.4,15.700000000000003,3.0,0.0,4.5,0.0,534.0,0.0,0.0,31.266666666666666,18.33333333333334,12.933333333333332,0.0,31.8,18.1,0,0.8660254037844386,0.5000000000000001,0.6084768701151261,0.7935716089521474,0,0,0,0
2024-02-08,2024,2,34.1,18.4,15.700000000000003,3.0,0.0,4.5,0.0,552.0,0.0,0.0,32.1,17.933333333333337,14.166666666666666,0.0,33.1,17.4,0,0.8660254037844386,0.5000000000000001,0.6220467484408675,0.7829801036770628,0,0,0,0
2024-02-09,2024,2,34.2,18.4,15.800000000000004,2.0,0.0,4.5,0.0,432.0,0.0,0.0,33.0,17.96666666666667,15.033333333333337,0.0,34.1,18.4,0,0.8660254037844386,0.5000000000000001,0.6354323008901774,0.7721565844991642,0,0,0,0
2024-02-10,2024,2,33.2,19.2,14.000000000000004,3.0,0.0,4.5,0.0,540.0,0.0,0.0,33.800000000000004,18.066666666666666,15.733333333333336,0.0,34.2,18.4,0,0.8660254037844386,0.5000000000000001,0.6486295610349814,0.7611042586607747,0,0,0,0
2024-02-11,2024,2,31.2,18.0,13.2,4.0,0.0,4.5,0.0,486.0,0.0,0.0,33.833333333333336,18.666666666666668,15.166666666666671,0.0,33.2,19.2,0,0.8660254037844386,0.5000000000000001,0.6616346182422783,0.7498264012045686,0,0,0,0
2024-02-12,2024,2,31.0,16.5,14.5,3.0,0.0,4.5,0.0,498.0,0.0,0.0,32.86666666666667,18.533333333333335,14.333333333333336,0.0,31.2,18.0,0,0.8660254037844386,0.5000000000000001,0.6744436188329455,0.7383263540031065,0,0,0,0
2024-02-13,2024,2,32.0,17.2,14.8,4.0,0.0,5.8,0.0,504.0,0.0,0.0,31.8,17.900000000000002,13.9,0.0,31.0,16.5,0,0.8660254037844386,0.5000000000000001,0.6870527672236669,0.7266075247685656,0,0,0,0
2024-02-14,2024,2,31.0,18.6,12.399999999999999,3.0,0.0,48.0,0.0,486.0,0.0,0.0,31.400000000000002,17.233333333333334,14.166666666666666,0.0,32.0,17.2,0,0.8660254037844386,0.5000000000000001,0.6994583270516471,0.7146733860429609,0,0,0,0
2024-02-15,2024,2,31.2,17.9,13.3,3.0,0.0,4.5,0.0,491.0,0.0,0.0,31.333333333333332,17.433333333333337,13.9,0.0,31.0,18.6,0,0.8660254037844386,0.5000000000000001,0.7116566222817746,0.7025274741691571,0,0,0,0
2024-02-16,2024,2,31.4,18.2,13.2,4.0,0.0,4.5,0.0,438.0,0.0,0.0,31.400000000000002,17.900000000000002,13.5,0.0,31.2,17.9,0,0.8660254037844386,0.5000000000000001,0.7236440382959124,0.6901733882429719,0,0,0,0
2024-02-17,2024,2,30.4,17.7,12.7,4.0,0.0,4.5,0.0,510.0,0.0,0.0,31.2,18.233333333333334,12.966666666666667,0.0,31.4,18.2,0,0.8660254037844386,0.5000000000000001,0.7354170229639855,0.6776147890466889,0,0,0,0
2024-02-18,2024,2,32.0,18.3,13.7,3.0,0.0,48.0,0.0,558.0,0.0,0.0,31.0,17.933333333333337,13.066666666666668,0.0,30.4,17.7,0,0.8660254037844386,0.5000000000000001,0.7469720876965552,0.6648553979642865,0,0,0,0
2024-02-19,2024,2,32.6,18.4,14.200000000000003,3.0,0.0,5.2,0.0,510.0,0.0,0.0,31.26666666666667,18.066666666666666,13.199999999999998,0.0,32.0,18.3,0,0.8660254037844386,0.5000000000000001,0.7583058084785624,0.6518989958787126,0,0,0,0
2024-02-20,2024,2,33.0,19.4,13.600000000000001,3.0,0.0,5.0,0.0,510.0,0.0,0.0,31.666666666666668,18.133333333333336,13.533333333333333,0.0,32.6,18.4,0,0.8660254037844386,0.5000000000000001,0.7694148268839378,0.6387494220515272,0,0,0,0
2024-02-21,2024,2,33.0,21.4,11.600000000000001,3.0,0.0,5.0,0.0,522.0,0.0,0.0,32.53333333333333,18.7,13.833333333333334,0.0,33.0,19.4,0,0.8660254037844386,0.5000000000000001,0.7802958510707755,0.6254105729852463,0,0,0,0
2024-02-22,2024,2,32.8,21.8,10.999999999999996,3.0,0.0,4.6,0.0,414.0,0.0,0.0,32.86666666666667,19.733333333333334,13.133333333333335,0.0,33.0,21.4,0,0.8660254037844386,0.5000000000000001,0.7909456567567772,0.6118864012687243,0,0,0,0
2024-02-23,2024,2,33.4,21.0,12.399999999999999,2.0,0.0,4.5,0.0,456.0,0.0,0.0,32.93333333333334,20.86666666666667,12.066666666666668,0.0,32.8,21.8,0,0.8660254037844386,0.5000000000000001,0.8013610881746766,0.5981809144059164,0,0,0,0
2024-02-24,2024,2,34.5,21.6,12.899999999999999,2.0,0.0,5.7,0.0,498.0,0.0,0.0,33.06666666666667,21.400000000000002,11.666666666666666,0.0,33.4,21.0,0,0.8660254037844386,0.5000000000000001,0.811539059007361,0.5842981736283684,0,0,0,0
2024-02-25,2024,2,32.5,21.0,11.5,4.0,0.0,5.5,0.0,330.0,0.0,0.0,33.56666666666667,21.46666666666667,12.1,0.0,34.5,21.6,0,0.8660254037844386,0.5000000000000001,0.8214765533024142,0.5702422926917871,0,0,0,0
2024-02-26,2024,2,32.0,19.0,13.0,4.0,0.0,50.0,0.0,378.0,0.0,0.0,33.46666666666667,21.200000000000003,12.266666666666666,0.0,32.5,21.0,0,0.8660254037844386,0.5000000000000001,0.8311706263658079,0.5560174366570446,0,0,0,0
2024-02-27,2024,2,31.2,20.0,11.2,5.0,0.0,4.5,0.0,522.0,0.0,0.0,33.0,20.533333333333335,12.466666666666667,0.0,32.0,19.0,0,0.8660254037844386,0.5000000000000001,0.8406184056344782,0.5416278206559814,0,0,0,0
2024-02-28,2024,2,31.5,19.0,12.5,4.0,0.0,4.8,0.0,504.0,0.0,0.0,31.900000000000002,20.0,11.9,0.0,31.2,20.0,0,0.8660254037844386,0.5000000000000001,0.8498170915275278,0.5270777086423722,0,0,0,0
2024-02-29,2024,2,33.3,18.1,15.199999999999996,3.0,0.0,4.8,0.0,516.0,0.0,0.0,31.566666666666666,19.333333333333332,12.233333333333334,0.0,31.5,19.0,0,0.8660254037844386,0.5000000000000001,0.8587639582758029,0.5123714121284237,0,0,0,0
2024-03-01,2024,3,33.5,18.6,14.899999999999999,3.0,0.0,6.0,0.0,450.0,0.0,0.0,32.0,19.033333333333335,12.966666666666663,0.0,33.3,18.1,0,1.0,6.123233995736766e-17,0.8674563547295968,0.49751328890718066,1,0,0,0
2024-03-02,2024,3,32.8,19.4,13.399999999999999,3.0,0.0,5.2,0.0,516.0,0.0,0.0,32.766666666666666,18.566666666666666,14.199999999999998,0.0,33.5,18.6,0,1.0,6.123233995736766e-17,0.8758917051442429,0.48250774176121847,1,0,0,0
2024-03-03,2024,3,33.1,20.0,13.100000000000001,3.0,0.0,5.0,0.0,360.0,0.0,0.0,33.199999999999996,18.700000000000003,14.499999999999998,0.0,32.8,19.4,0,1.0,6.123233995736766e-17,0.8840675099433636,0.4673592171580022,1,0,0,0
2024-03-04,2024,3,33.0,20.3,12.7,2.0,0.0,5.0,0.0,444.0,0.0,0.0,33.13333333333333,19.33333333333334,13.799999999999999,0.0,33.1,20.0,0,1.0,6.123233995736766e-17,0.8919813464595485,0.45207220393230435,1,0,0,0
2024-03-05,2024,3,34.8,20.5,14.299999999999997,2.0,0.0,50.0,0.0,450.0,0.0,0.0,32.96666666666667,19.900000000000002,13.066666666666668,0.0,33.0,20.3,0,1.0,6.123233995736766e-17,0.8996308696522433,0.43665123195606403,1,0,0,0
2024-03-06,2024,3,36.0,22.2,13.8,3.0,0.0,6.0,0.0,450.0,0.0,0.0,33.63333333333333,20.26666666666667,13.366666666666665,0.0,34.8,20.5,0,1.0,6.123233995736766e-17,0.9070138128026359,0.4211008707960896,1,0,0,0
2024-03-07,2024,3,34.5,21.4,13.100000000000001,2.0,0.0,5.4,0.0,438.0,0.0,0.0,34.6,21.000000000000004,13.6,0.0,36.0,22.2,0,1.0,6.123233995736766e-17,0.9141279881853337,0.40542572835999735,1,0,0,0
2024-03-08,2024,3,34.8,21.5,13.299999999999997,2.0,0.0,5.4,0.0,468.0,0.0,0.0,35.1,21.36666666666667,13.733333333333334,0.0,34.5,21.4,0,1.0,6.123233995736766e-17,0.9209712877166346,0.38963044953078796,1,0,0,0
2024-03-09,2024,3,34.5,23.3,11.2,2.0,0.0,5.4,0.0,438.0,0.0,0.0,35.099999999999994,21.700000000000003,13.4,0.0,34.8,21.5,0,1.0,6.123233995736766e-17,0.9275416835791966,0.37371971479046906,1,0,0,0
2024-03-10,2024,3,35.1,23.0,12.100000000000001,3.0,0.0,5.4,0.0,294.0,0.0,0.0,34.599999999999994,22.066666666666666,12.533333333333331,0.0,34.5,23.3,0,1.0,6.123233995736766e-17,0.9338372288229252,0.35769823883312546,1,0,0,0
2024-03-11,2024,3,34.2,21.6,12.600000000000001,4.0,0.0,5.2,0.0,348.0,0.0,0.0,34.8,22.600000000000005,12.199999999999998,0.0,35.1,23.0,0,1.0,6.123233995736766e-17,0.9398560579418954,0.3415707691678556,1,0,0,0
2024-03-12,2024,3,34.0,21.8,12.2,3.0,0.0,5.1,0.0,432.0,0.0,0.0,34.6,22.633333333333336,11.966666666666669,0.0,34.2,21.6,0,1.0,6.123233995736766e-17,0.9455963874271426,0.3253420847119801,1,0,0,0
2024-03-13,2024,3,34.6,22.0,12.600000000000001,3.0,0.0,5.0,0.0,408.0,0.0,0.0,34.43333333333334,22.133333333333336,12.300000000000002,0.0,34.0,21.8,0,1.0,6.123233995736766e-17,0.9510565162951535,0.30901699437494745,1,0,0,0
2024-03-14,2024,3,34.2,23.5,10.700000000000003,3.0,0.0,5.2,0.0,384.0,0.0,0.0,34.26666666666667,21.8,12.466666666666669,0.0,34.6,22.0,0,1.0,6.123233995736766e-17,0.9562348265919056,0.29260033563334836,1,0,0,0
2024-03-15,2024,3,34.6,24.2,10.400000000000002,3.0,0.0,5.4,0.0,156.0,0.0,0.0,34.26666666666667,22.433333333333337,11.833333333333334,0.0,34.2,23.5,0,1.0,6.123233995736766e-17,0.9611297838723007,0.27609697309746883,1,0,0,0
2024-03-16,2024,3,35.1,24.0,11.100000000000001,3.0,0.0,5.3,0.0,288.0,0.0,0.0,34.46666666666667,23.233333333333338,11.233333333333334,0.0,34.6,24.2,0,1.0,6.123233995736766e-17,0.9657399376548549,0.2595117970697999,1,0,0,0
2024-03-17,2024,3,34.5,22.1,12.399999999999999,3.0,0.0,5.0,0.0,312.0,0.0,0.0,34.63333333333333,23.900000000000006,10.733333333333334,0.0,35.1,24.0,0,1.0,6.123233995736766e-17,0.9700639218515071,0.2428497220959356,1,0,0,0
2024-03-18,2024,3,34.4,22.2,12.2,3.0,0.0,5.2,0.0,432.0,0.0,0.0,34.73333333333333,23.433333333333337,11.300000000000002,0.0,34.5,22.1,0,1.0,6.123233995736766e-17,0.9741004551724205,0.22611568550828828,1,0,0,0
2024-03-19,2024,3,34.1,22.3,11.8,3.0,0.0,5.2,0.0,420.0,0.0,0.0,34.666666666666664,22.76666666666667,11.9,0.0,34.4,22.2,0,1.0,6.123233995736766e-17,0.9778483415056568,0.20931464596304847,1,0,0,0
2024-03-20,2024,3,34.5,21.0,13.5,3.0,0.0,5.1,0.0,330.0,0.0,0.0,34.333333333333336,22.200000000000003,12.133333333333333,0.0,34.1,22.3,0,1.0,6.123233995736766e-17,0.9813064702716093,0.19245158197082998,1,0,0,0
2024-03-21,2024,3,34.6,20.5,14.100000000000001,4.0,0.0,5.2,0.0,396.0,0.0,0.0,34.333333333333336,21.833333333333332,12.5,0.0,34.5,21.0,0,1.0,6.123233995736766e-17,0.9844738167520922,0.1755314904214282,1,0,0,0
2024-03-22,2024,3,32.6,21.2,11.400000000000002,4.0,0.0,5.0,0.0,450.0,0.0,0.0,34.4,21.26666666666667,13.133333333333335,0.0,34.6,20.5,0,1.0,6.123233995736766e-17,0.9873494423939864,0.15855938510313478,1,0,0,0
2024-03-23,2024,3,33.0,21.3,11.7,2.0,0.0,5.0,0.0,324.0,0.0,0.0,33.9,20.900000000000002,13.0,0.0,32.6,21.2,0,1.0,6.123233995736766e-17,0.989932495087353,0.141540295217043,1,0,0,0
2024-03-24,2024,3,34.6,21.2,13.400000000000002,3.0,0.0,5.1,0.0,462.0,0.0,0.0,33.4,21.000000000000004,12.4,0.0,33.0,21.3,0,1.0,6.123233995736766e-17,0.9922222094179323,0.12447926388678915,1,0,0,0
2024-03-25,2024,3,35.4,21.0,14.399999999999999,3.0,0.0,5.6,0.0,450.0,0.0,0.0,33.4,21.233333333333334,12.166666666666666,0.0,34.6,21.2,0,1.0,6.123233995736766e-17,0.994217906893952,0.10738134666416309,1,0,0,0
2024-03-26,2024,3,35.2,21.0,14.200000000000003,3.0,0.0,5.0,0.0,462.0,0.0,0.0,34.333333333333336,21.166666666666668,13.166666666666666,0.0,35.4,21.0,0,1.0,6.123233995736766e-17,0.995918996147179,0.09025161003104117,1,0,0,0
2024-03-27,2024,3,35.6,21.0,14.600000000000001,3.0,0.0,5.0,0.0,468.0,0.0,0.0,35.06666666666666,21.066666666666666,14.0,0.0,35.2,21.0,0,1.0,6.123233995736766e-17,0.9973249731081555,0.07309512989807777,1,0,0,0
2024-03-28,2024,3,35.2,22.0,13.200000000000003,3.0,0.0,5.2,0.0,450.0,0.0,0.0,35.4,21.0,14.4,0.0,35.6,21.0,0,1.0,6.123233995736766e-17,0.9984354211555643,0.055916990100603484,1,0,0,0
2024-03-29,2024,3,36.0,23.6,12.399999999999999,3.0,0.0,5.7,0.0,450.0,0.0,0.0,35.333333333333336,21.333333333333332,14.000000000000002,0.0,35.2,22.0,0,1.0,6.123233995736766e-17,0.9992500112396835,0.03872228089217446,1,0,0,0
2024-03-30,2024,3,36.4,23.2,13.2,3.0,0.0,5.0,0.0,456.0,0.0,0.0,35.6,22.200000000000003,13.4,0.0,36.0,23.6,0,1.0,6.123233995736766e-17,0.9997685019798909,0.021516097436222254,1,0,0,0
2024-03-31,2024,3,36.6,22.6,14.0,3.0,0.0,5.0,0.0,480.0,0.0,0.0,35.86666666666667,22.933333333333337,12.933333333333332,0.0,36.4,23.2,0,1.0,6.123233995736766e-17,0.9999907397361901,0.004303538296244289,1,0,0,0
2024-04-01,2024,4,35.4,23.4,12.0,3.0,0.0,5.2,0.0,510.0,0.0,0.0,36.333333333333336,23.133333333333336,13.199999999999998,0.0,36.6,22.6,0,0.8660254037844387,-0.4999999999999998,0.9999166586547379,-0.01291029607500882,1,0,0,0
2024-04-02,2024,4,35.1,24.5,10.600000000000001,2.0,0.0,5.8,0.0,426.0,0.0,0.0,36.13333333333333,23.066666666666674,13.066666666666668,0.0,35.4,23.4,0,0.8660254037844387,-0.4999999999999998,0.9995462806873573,-0.030120304846908114,1,0,0,0
2024-04-03,2024,4,37.2,24.3,12.900000000000002,3.0,0.0,5.1,0.0,426.0,0.0,0.0,35.699999999999996,23.5,12.200000000000001,0.0,35.1,24.5,0,0.8660254037844387,-0.4999999999999998,0.9988797155850336,-0.04732138832243185,1,0,0,0
2024-04-04,2024,4,36.6,22.4,14.200000000000003,3.0,0.0,5.3,0.0,408.0,0.0,0.0,35.9,24.066666666666666,11.833333333333334,0.0,37.2,24.3,0,0.8660254037844387,-0.4999999999999998,0.9979171608653922,-0.06450844944931623,1,0,0,0
2024-04-05,2024,4,37.0,24.0,13.0,3.0,0.0,5.2,0.0,480.0,0.0,0.0,36.300000000000004,23.733333333333334,12.566666666666668,0.0,36.6,22.4,0,0.8660254037844387,-0.4999999999999998,0.9966589017541702,-0.08167639533042241,1,0,0,0
2024-04-06,2024,4,37.0,23.6,13.399999999999999,3.0,0.0,5.2,0.0,480.0,0.0,0.0,36.93333333333334,23.566666666666666,13.366666666666669,0.0,37.0,24.0,0,0.8660254037844387,-0.4999999999999998,0.9951053111006976,-0.09882013873287143,1,0,0,0
2024-04-07,2024,4,37.6,24.0,13.600000000000001,2.0,0.0,5.0,0.0,378.0,0.0,0.0,36.86666666666667,23.33333333333334,13.533333333333333,0.0,37.0,23.6,0,0.8660254037844387,-0.4999999999999998,0.9932568492674143,-0.11593459959550041,1,0,0,0
2024-04-08,2024,4,37.2,24.0,13.200000000000003,3.0,0.0,5.4,0.0,480.0,0.0,0.0,37.2,23.86666666666667,13.333333333333334,0.0,37.6,24.0,0,0.8660254037844387,-0.4999999999999998,0.9911140639934547,-0.1330147065341959,1,0,0,0
2024-04-09,2024,4,37.0,22.5,14.5,4.0,0.0,5.2,0.0,504.0,0.0,0.0,37.266666666666666,23.86666666666667,13.4,0.0,37.2,24.0,0,0.8660254037844387,-0.4999999999999998,0.9886775902323405,-0.1500553983446526,1,0,0,0
2024-04-10,2024,4,35.2,22.5,12.700000000000003,4.0,0.0,5.2,0.0,516.0,0.0,0.0,37.26666666666667,23.500000000000004,13.766666666666667,0.0,37.0,22.5,0,0.8660254037844387,-0.4999999999999998,0.9859481499638304,-0.16705162550211924,1,0,0,0
2024-04-11,2024,4,36.0,21.6,14.399999999999999,3.0,0.0,5.1,0.0,426.0,0.0,0.0,36.46666666666667,23.000000000000004,13.466666666666669,0.0,35.2,22.5,0,0.8660254037844387,-0.4999999999999998,0.9829265519799822,-0.18399835165768005,1,0,0,0
2024-04-12,2024,4,35.8,22.6,13.199999999999996,4.0,0.0,5.2,0.0,516.0,0.0,0.0,36.06666666666667,22.200000000000003,13.866666666666667,0.0,36.0,21.6,0,0.8660254037844387,-0.4999999999999998,0.9796136916454901,-0.20089055513063506,1,0,0,0
2024-04-13,2024,4,34.6,22.5,12.100000000000001,4.0,0.0,5.2,0.0,474.0,0.0,0.0,35.666666666666664,22.233333333333338,13.433333333333332,0.0,35.8,22.6,0,0.8660254037844387,-0.4999999999999998,0.9760105506323683,-0.21772323039653177,1,0,0,0
2024-04-14,2024,4,34.5,22.3,12.2,3.0,0.0,5.1,0.0,426.0,0.0,0.0,35.46666666666667,22.233333333333338,13.233333333333333,0.0,34.6,22.5,0,0.8660254037844387,-0.4999999999999998,0.9721181966290613,-0.23449138957040985,1,0,0,0
2024-04-15,2024,4,35.4,22.0,13.399999999999999,3.0,0.0,5.3,0.0,528.0,0.0,0.0,34.96666666666667,22.46666666666667,12.5,0.0,34.5,22.3,0,0.8660254037844387,-0.4999999999999998,0.9679377830240642,-0.25119006388481935,1,0,0,0
2024-04-16,2024,4,35.9,21.6,14.299999999999997,4.0,0.0,5.7,0.0,516.0,0.0,0.0,34.833333333333336,22.26666666666667,12.566666666666668,0.0,35.4,22.0,0,0.8660254037844387,-0.4999999999999998,0.9634705485641488,-0.2678143051621742,1,0,0,0
2024-04-17,2024,4,36.7,24.5,12.200000000000003,3.0,0.0,5.0,0.0,504.0,0.0,0.0,35.26666666666667,21.96666666666667,13.299999999999997,0.0,35.9,21.6,0,0.8660254037844387,-0.4999999999999998,0.9587178169872964,-0.2843591872810034,1,0,0,0
2024-04-18,2024,4,35.8,24.4,11.399999999999999,2.0,0.0,5.2,0.0,102.0,0.0,0.0,36.0,22.700000000000003,13.299999999999999,0.0,36.7,24.5,0,0.8660254037844387,-0.4999999999999998,0.9536809966304457,-0.30081980763566735,1,0,0,0
2024-04-19,2024,4,37.2,24.4,12.800000000000004,3.0,0.0,5.5,0.0,438.0,0.0,0.0,36.13333333333333,23.5,12.633333333333333,0.0,35.8,24.4,0,0.8660254037844387,-0.4999999999999998,0.9483615800121715,-0.3171912885891061,1,0,0,0
2024-04-20,2024,4,36.6,24.2,12.400000000000002,3.0,0.0,5.2,0.0,30.0,0.0,0.0,36.56666666666666,24.433333333333337,12.133333333333335,0.0,37.2,24.4,0,0.8660254037844387,-0.4999999999999998,0.9427611433904207,-0.3334687789181868,1,0,0,0
2024-04-21,2024,4,34.0,24.2,9.8,2.0,0.0,5.0,0.0,0.0,0.0,0.0,36.53333333333334,24.333333333333332,12.200000000000003,0.0,36.6,24.2,0,0.8660254037844387,-0.4999999999999998,0.9368813462954315,-0.3496474552512284,1,0,0,0
2024-04-22,2024,4,37.4,25.2,12.2,3.0,0.0,5.5,0.0,450.0,0.0,0.0,35.93333333333334,24.26666666666667,11.66666666666667,0.0,34.0,24.2,0,0.8660254037844387,-0.4999999999999998,0.9307239310379795,-0.36572252349726897,1,0,0,0
2024-04-23,2024,4,37.2,24.8,12.400000000000002,2.0,0.0,5.5,0.0,498.0,0.0,0.0,36.0,24.533333333333335,11.466666666666669,0.0,37.4,25.2,0,0.8660254037844387,-0.4999999999999998,0.9242907221930934,-0.3816892202666588,1,0,0,0
2024-04-24,2024,4,37.6,23.4,14.200000000000003,4.0,0.0,6.0,0.0,426.0,0.0,0.0,36.199999999999996,24.733333333333334,11.466666666666669,0.0,37.2,24.8,0,0.8660254037844387,-0.4999999999999998,0.9175836260593937,-0.39754281428255595,1,0,0,0
2024-04-25,2024,4,37.0,24.8,12.2,3.0,0.0,5.2,0.0,450.0,0.0,0.0,37.4,24.46666666666667,12.933333333333335,0.0,37.6,23.4,0,0.8660254037844387,-0.4999999999999998,0.9106046300942163,-0.4132786077829042,1,0,0,0
2024-04-26,2024,4,37.4,24.4,13.0,3.0,0.0,5.0,0.0,264.0,0.0,0.0,37.26666666666667,24.333333333333332,12.933333333333335,0.0,37.0,24.8,0,0.8660254037844387,-0.4999999999999998,0.9033558023246845,-0.4288919379124835,1,0,0,0
2024-04-27,2024,4,37.4,23.4,14.0,3.0,0.0,5.5,0.0,438.0,0.0,0.0,37.333333333333336,24.200000000000003,13.133333333333335,0.0,37.4,24.4,0,0.8660254037844387,-0.4999999999999998,0.895839290734909,-0.4443781781046132,1,0,0,0
2024-04-28,2024,4,38.0,23.4,14.600000000000001,3.0,0.0,6.0,0.0,426.0,0.0,0.0,37.266666666666666,24.200000000000003,13.066666666666668,0.0,37.4,23.4,0,0.8660254037844387,-0.4999999999999998,0.8880573226294932,-0.45973273945210397,1,0,0,0
2024-04-29,2024,4,38.5,25.0,13.5,3.0,0.0,5.0,0.0,504.0,0.0,0.0,37.6,23.733333333333334,13.866666666666667,0.0,38.0,23.4,0,0.8660254037844387,-0.4999999999999998,0.8800122039735357,-0.47495107206704995,1,0,0,0
2024-04-30,2024,4,37.8,25.2,12.599999999999998,2.0,0.0,5.2,0.0,504.0,0.0,0.0,37.96666666666667,23.933333333333334,14.033333333333333,0.0,38.5,25.0,0,0.8660254037844387,-0.4999999999999998,0.8717063187093219,-0.49002866642905923,1,0,0,0
2024-05-01,2024,5,38.2,24.8,13.400000000000002,4.0,0.0,5.5,0.0,498.0,0.0,0.0,38.1,24.533333333333335,13.566666666666668,0.0,37.8,25.2,0,0.49999999999999994,-0.8660254037844387,0.8631421280499114,-0.5049610547215204,1,0,0,0
2024-05-02,2024,5,38.1,25.5,12.600000000000001,3.0,0.0,5.2,0.0,378.0,0.0,0.0,38.166666666666664,25.0,13.166666666666666,0.0,38.2,24.8,0,0.49999999999999994,-0.8660254037844387,0.854322169749827,-0.5197438121555155,1,0,0,0
2024-05-03,2024,5,37.0,26.4,10.600000000000001,3.0,0.0,5.5,2.0,342.0,0.0,0.0,38.03333333333333,25.166666666666668,12.866666666666667,0.0,38.1,25.5,0,0.49999999999999994,-0.8660254037844387,0.8452490573530633,-0.5343725582809786,1,0,0,0
2024-05-04,2024,5,37.0,23.3,13.7,3.0,17.2,4.0,65.0,228.0,0.0,0.0,37.76666666666667,25.566666666666666,12.200000000000003,0.0,37.0,26.4,0,0.49999999999999994,-0.8660254037844387,0.8359254794186372,-0.548842958284719,1,0,1,0
2024-05-05,2024,5,37.0,24.1,12.899999999999999,3.0,0.0,5.5,2.0,342.0,17.2,17.199999999999942,37.36666666666667,25.066666666666674,12.300000000000002,17.2,37.0,23.3,0,0.49999999999999994,-0.8660254037844387,0.8263541987239096,-0.5631507242749186,1,0,0,0
2024-05-06,2024,5,36.3,24.2,12.099999999999998,3.0,0.0,5.5,2.0,342.0,17.2,17.199999999999942,37.0,24.600000000000005,12.4,0.0,37.0,24.1,0,0.49999999999999994,-0.8660254037844387,0.8165380514459161,-0.5772916165517272,1,0,0,0
2024-05-07,2024,5,33.8,21.3,12.499999999999996,3.0,19.5,5.5,2.0,342.0,17.2,17.199999999999942,36.76666666666667,23.86666666666667,12.899999999999999,0.0,36.3,24.2,0,0.49999999999999994,-0.8660254037844387,0.8064799463209448,-0.5912614448635781,1,0,1,0
2024-05-08,2024,5,34.2,21.2,13.000000000000004,3.0,0.0,5.5,2.0,342.0,19.5,36.699999999999946,35.699999999999996,23.200000000000003,12.499999999999998,19.5,33.8,21.3,0,0.49999999999999994,-0.8660254037844387,0.7961828637826158,-0.6050560696488488,1,0,0,0
2024-05-09,2024,5,33.6,20.2,13.400000000000002,3.0,17.9,5.5,2.0,342.0,19.5,36.699999999999946,34.76666666666667,22.233333333333334,12.533333333333331,0.0,34.2,21.2,0,0.49999999999999994,-0.8660254037844387,0.7856498550787147,-0.6186714032625031,1,0,1,0
2024-05-10,2024,5,31.9,21.8,10.099999999999998,3.0,0.0,5.5,2.0,342.0,37.4,54.59999999999994,33.86666666666667,20.900000000000002,12.966666666666669,17.9,33.6,20.2,0,0.49999999999999994,-0.8660254037844387,0.7748840413670407,-0.6321034111873487,1,0,0,0
2024-05-11,2024,5,32.6,21.0,11.600000000000001,3.0,0.0,5.5,2.0,342.0,17.9,54.59999999999994,33.23333333333334,21.066666666666666,12.166666666666666,0.0,31.9,21.8,0,0.49999999999999994,-0.8660254037844387,0.7638886127905428,-0.6453481132295501,1,0,0,0
2024-05-12,2024,5,32.6,24.0,8.600000000000001,2.0,0.0,5.0,2.0,354.0,17.9,37.399999999999935,32.699999999999996,21.0,11.700000000000001,0.0,32.6,21.0,0,0.49999999999999994,-0.8660254037844387,0.7526668275320084,-0.6584015846980488,1,0,0,1
2024-05-13,2024,5,30.4,21.0,9.399999999999999,3.0,14.4,5.5,2.0,342.0,0.0,37.399999999999935,32.36666666666667,22.26666666666667,10.1,0.0,32.6,24.0,1,0.49999999999999994,-0.8660254037844387,0.741222010848596,-0.6712599575675313,1,0,1,0
2024-05-14,2024,5,31.4,20.2,11.2,3.0,26.0,5.5,2.0,342.0,14.4,51.79999999999994,31.866666666666664,22.000000000000004,9.866666666666667,14.4,30.4,21.0,0,0.49999999999999994,-0.8660254037844387,0.7295575540864875,-0.6839194216246106,1,0,1,0
2024-05-15,2024,5,31.8,20.2,11.600000000000001,3.0,0.0,5.5,2.0,342.0,40.4,58.29999999999994,31.46666666666667,21.733333333333338,9.733333333333333,26.0,31.4,20.2,0,0.49999999999999994,-0.8660254037844387,0.717676913675962,-0.6963762255968722,1,0,0,0
2024-05-16,2024,5,31.8,23.2,8.600000000000001,3.0,0.0,4.7,2.0,192.0,40.4,58.29999999999994,31.2,20.60000000000001,10.299999999999999,0.0,31.8,,0,0.49999999999999994,-0.8660254037844387,0.705583610107178,-0.7086266782644596,1,0,0,0
2024-05-17,2024,5,29.2,22.1,7.099999999999998,3.0,19.1,5.5,2.0,342.0,26.0,40.39999999999995,31.666666666666668,21.700000000000003,9.9,0.0,31.8,23.2,0,0.49999999999999994,-0.8660254037844387,0.6932812268869777,-0.7206671495538609,1,0,1,0
2024-05-18,2024,5,29.3,22.0,7.300000000000001,3.0,0.0,5.5,2.0,342.0,19.1,59.49999999999995,30.933333333333334,22.650000000000006,7.85,19.1,29.2,22.1,0,0.49999999999999994,-0.8660254037844387,0.6807734094770161,-0.7324940716135789,1,0,0,0
2024-05-19,2024,5,28.6,22.0,6.600000000000001,3.0,30.3,5.5,2.0,342.0,19.1,59.49999999999995,30.100000000000005,22.433333333333337,7.666666666666667,0.0,29.3,22.0,0,0.49999999999999994,-0.8660254037844387,0.6680638642135335,-0.7441039398713607,1,0,1,0
2024-05-20,2024,5,28.6,22.0,6.600000000000001,1.0,18.0,3.0,2.0,48.0,49.400000000000006,89.79999999999994,29.03333333333333,22.033333333333335,7.0,30.3,28.6,22.0,0,0.49999999999999994,-0.8660254037844387,0.6551563572090853,-0.7554933140726803,1,0,1,0
2024-05-21,2024,5,29.1,21.7,7.400000000000002,2.0,2.2,4.7,175.0,72.0,48.3,93.39999999999995,28.833333333333332,22.0,6.833333333333335,18.0,28.6,22.0,0,0.49999999999999994,-0.8660254037844387,0.6420547132365637,-0.766658819300159,1,0,1,0
2024-05-22,2024,5,31.8,22.1,9.7,3.0,0.0,5.5,2.0,342.0,50.5,69.59999999999995,28.76666666666667,21.900000000000006,6.866666666666668,2.2,29.1,21.7,0,0.49999999999999994,-0.8660254037844387,0.6287628145958344,-0.777597146973627,1,0,0,0
2024-05-23,2024,5,33.4,22.0,11.399999999999999,3.0,0.2,5.5,2.0,342.0,20.2,69.59999999999995,29.833333333333332,21.933333333333337,7.900000000000001,0.0,31.8,22.1,0,0.49999999999999994,-0.8660254037844387,0.6152845999633276,-0.7883050558305255,1,0,1,0
2024-05-24,2024,5,32.0,24.0,8.0,3.0,0.0,5.5,2.0,342.0,2.4000000000000004,69.79999999999994,31.433333333333337,21.933333333333337,9.5,0.2,33.4,22.0,0,0.49999999999999994,-0.8660254037844387,0.6016240632249226,-0.7987793728863649,1,0,0,0
2024-05-25,2024,5,32.0,21.6,10.399999999999999,3.0,1.1,4.8,75.0,12.0,0.2,50.699999999999946,32.400000000000006,22.700000000000003,9.7,0.0,32.0,24.0,0,0.49999999999999994,-0.8660254037844387,0.5877852522924732,-0.8090169943749473,1,0,1,0
2024-05-26,2024,5,30.2,21.6,8.599999999999998,3.0,0.0,5.5,2.0,342.0,1.3,51.79999999999995,32.46666666666667,22.533333333333335,9.933333333333332,1.1,32.0,21.6,0,0.49999999999999994,-0.8660254037844387,0.5737722679043246,-0.8190148866680801,1,0,0,0
2024-05-27,2024,5,31.6,21.9,9.700000000000003,3.0,0.0,5.5,2.0,342.0,1.1,21.499999999999943,31.400000000000002,22.400000000000006,8.999999999999998,0.0,30.2,21.6,0,0.49999999999999994,-0.8660254037844387,0.5595892624101765,-0.8287700871745038,1,0,0,0
2024-05-28,2024,5,31.6,22.4,9.200000000000003,5.0,0.0,5.0,0.0,282.0,1.1,3.499999999999943,31.26666666666667,21.700000000000003,9.566666666666666,0.0,31.6,21.9,0,0.49999999999999994,-0.8660254037844387,0.545240438540651,-0.8382797052177744,1,0,0,0
2024-05-29,2024,5,31.2,22.2,9.0,4.0,0.0,5.0,0.0,162.0,0.0,1.2999999999999432,31.133333333333336,21.96666666666667,9.166666666666668,0.0,31.6,22.4,0,0.49999999999999994,-0.8660254037844387,0.5307300481619334,-0.8475409228928311,1,0,0,0
2024-05-30,2024,5,33.0,22.0,11.0,3.0,0.0,5.5,2.0,342.0,0.0,1.2999999999999432,31.46666666666667,22.166666666666668,9.300000000000002,0.0,31.2,22.2,0,0.49999999999999994,-0.8660254037844387,0.5160623910158528,-0.8565509959010036,1,0,0,0
2024-05-31,2024,5,35.4,23.3,12.099999999999998,3.0,0.0,5.5,2.0,342.0,0.0,1.0999999999999432,31.933333333333337,22.200000000000003,9.733333333333334,0.0,33.0,22.0,0,0.49999999999999994,-0.8660254037844387,0.5012418134457758,-0.865307254363206,1,0,0,0
2024-06-01,2024,6,33.8,24.6,9.199999999999996,5.0,0.0,5.0,11.0,195.0,0.0,1.0999999999999432,33.199999999999996,22.5,10.699999999999998,0.0,35.4,23.3,0,1.2246467991473532e-16,-1.0,0.48627270710869,-0.8738071036110808,2,0,0,0
2024-06-02,2024,6,31.8,20.4,11.400000000000002,5.0,29.6,5.0,11.0,195.0,0.0,0.0,34.06666666666667,23.3,10.766666666666666,0.0,33.8,24.6,0,1.2246467991473532e-16,-1.0,0.4711595076738638,-0.8820480249558537,2,0,1,1
2024-06-03,2024,6,29.5,19.3,10.2,5.0,111.1,5.0,11.0,195.0,29.6,29.599999999999945,33.66666666666667,22.76666666666667,10.899999999999999,29.6,31.8,20.4,1,1.2246467991473532e-16,-1.0,0.4559066935084588,-0.8900275764346767,2,0,1,1
2024-06-04,2024,6,31.4,21.9,9.5,5.0,0.0,5.0,11.0,195.0,140.7,140.69999999999993,31.700000000000003,21.433333333333337,10.266666666666666,111.1,29.5,19.3,1,1.2246467991473532e-16,-1.0,0.440518784350495,-0.8977433935342337,2,0,0,0
2024-06-05,2024,6,31.2,23.0,8.2,5.0,0.5,5.0,11.0,195.0,140.7,140.69999999999993,30.900000000000002,20.533333333333335,10.366666666666667,0.0,31.4,21.9,0,1.2246467991473532e-16,-1.0,0.42500033996955416,-0.9051931898913974,2,0,1,0
2024-06-06,2024,6,29.6,21.6,8.0,5.0,6.1,5.0,11.0,195.0,111.6,141.19999999999993,30.700000000000003,21.400000000000002,9.299999999999999,0.5,31.2,23.0,0,1.2246467991473532e-16,-1.0,0.4093559588156213,-0.9123747579707273,2,0,1,0
2024-06-07,2024,6,29.0,21.8,7.199999999999999,5.0,4.7,5.0,11.0,195.0,6.6,147.29999999999993,30.733333333333338,22.16666666666667,8.566666666666666,6.1,29.6,21.6,0,1.2246467991473532e-16,-1.0,0.39359027665646673,-0.9192859697186104,2,0,1,0
2024-06-08,2024,6,29.6,21.4,8.200000000000003,5.0,14.5,5.0,11.0,195.0,11.3,151.99999999999994,29.933333333333337,22.133333333333336,7.8,4.7,29.0,21.8,0,1.2246467991473532e-16,-1.0,0.3777079652039649,-0.9259247771938498,2,0,1,1
2024-06-09,2024,6,29.6,20.8,8.8,5.0,0.0,5.0,11.0,195.0,25.3,166.49999999999994,29.400000000000006,21.600000000000005,7.800000000000001,14.5,29.6,21.4,1,1.2246467991473532e-16,-1.0,0.36171373072976765,-0.9322892131745133,2,0,0,0
2024-06-10,2024,6,27.1,21.2,5.900000000000002,5.0,9.0,5.0,11.0,195.0,19.200000000000003,136.89999999999995,29.400000000000006,21.33333333333334,8.066666666666668,0.0,29.6,20.8,0,1.2246467991473532e-16,-1.0,0.3456123126707335,-0.9383773917408641,2,0,1,0
2024-06-11,2024,6,29.2,21.6,7.599999999999998,5.0,3.2,5.0,11.0,195.0,23.5,34.79999999999994,28.76666666666667,21.133333333333336,7.6333333333333355,9.0,27.1,21.2,0,1.2246467991473532e-16,-1.0,0.3294084822245304,-0.9441875088341993,2,0,1,0
2024-06-12,2024,6,29.0,21.5,7.5,5.0,3.1,5.0,11.0,195.0,12.2,37.99999999999994,28.633333333333336,21.200000000000003,7.433333333333334,3.2,29.2,21.6,0,1.2246467991473532e-16,-1.0,0.3131070409358269,-0.9497178427914316,2,0,1,0
2024-06-13,2024,6,29.6,21.2,8.400000000000002,5.0,0.0,5.0,11.0,195.0,15.3,40.599999999999945,28.433333333333337,21.433333333333337,7.0,3.1,29.0,21.5,0,1.2246467991473532e-16,-1.0,0.29671281927349075,-0.9549667548552551,2,0,0,0
2024-06-14,2024,6,29.1,21.0,8.100000000000001,5.0,4.3,5.0,11.0,195.0,6.300000000000001,34.49999999999994,29.26666666666667,21.433333333333337,7.833333333333333,0.0,29.6,21.2,0,1.2246467991473532e-16,-1.0,0.2802306751992159,-0.9599326896597447,2,0,1,0
2024-06-15,2024,6,30.0,21.1,8.899999999999999,5.0,0.0,5.0,11.0,195.0,7.3999999999999995,34.099999999999945,29.233333333333334,21.233333333333334,8.000000000000002,4.3,29.1,21.0,0,1.2246467991473532e-16,-1.0,0.26366549272800704,-0.9646141756912435,2,0,0,0
2024-06-16,2024,6,30.1,21.0,9.100000000000001,5.0,0.0,5.0,11.0,195.0,4.299999999999999,19.599999999999945,29.566666666666666,21.100000000000005,8.466666666666667,0.0,30.0,21.1,0,1.2246467991473532e-16,-1.0,0.24702218048093552,-0.9690098257244062,2,0,0,0
2024-06-17,2024,6,30.8,21.5,9.3,5.0,0.0,5.0,11.0,195.0,4.299999999999999,19.599999999999945,29.733333333333338,21.033333333333335,8.700000000000001,0.0,30.1,21.0,0,1.2246467991473532e-16,-1.0,0.23030567023061221,-0.9731183372332619,2,0,0,0
2024-06-18,2024,6,30.3,22.0,8.3,5.0,2.3,5.0,11.0,195.0,0.0,10.599999999999943,30.3,21.200000000000003,9.1,0.0,30.8,21.5,0,1.2246467991473532e-16,-1.0,0.21352091543979612,-0.9769384927771817,2,0,1,0
2024-06-19,2024,6,31.0,22.2,8.8,5.0,0.4,5.0,11.0,195.0,2.3,9.699999999999942,30.400000000000002,21.500000000000004,8.9,2.3,30.3,22.0,0,1.2246467991473532e-16,-1.0,0.19667288979357647,-0.980469160361632,2,0,1,0
2024-06-20,2024,6,30.8,22.0,8.8,5.0,0.0,5.0,11.0,195.0,2.6999999999999997,6.999999999999943,30.700000000000003,21.900000000000006,8.8,0.4,31.0,22.2,0,1.2246467991473532e-16,-1.0,0.1797665857255624,-0.9837092937736097,2,0,0,0
2024-06-21,2024,6,29.2,20.8,8.399999999999999,5.0,13.8,5.0,11.0,195.0,2.6999999999999997,6.999999999999943,30.700000000000003,22.066666666666674,8.633333333333335,0.0,30.8,22.0,0,1.2246467991473532e-16,-1.0,0.16280701293851715,-0.986657932891657,2,0,1,0
2024-06-22,2024,6,28.6,21.0,7.600000000000001,5.0,0.0,5.0,11.0,195.0,14.200000000000001,16.499999999999943,30.33333333333334,21.66666666666667,8.666666666666666,13.8,29.2,20.8,0,1.2246467991473532e-16,-1.0,0.1457991969198751,-0.9893142039703663,2,0,0,0
2024-06-23,2024,6,30.3,21.2,9.100000000000001,5.0,0.0,5.0,11.0,195.0,13.8,16.499999999999943,29.533333333333335,21.26666666666667,8.266666666666667,0.0,28.6,21.0,0,1.2246467991473532e-16,-1.0,0.12874817745258132,-0.99167731989929,2,0,0,0
2024-06-24,2024,6,28.5,20.9,7.600000000000001,5.0,0.0,5.0,11.0,195.0,13.8,16.499999999999943,29.36666666666667,21.000000000000004,8.366666666666667,0.0,30.3,21.2,0,1.2246467991473532e-16,-1.0,0.11165900712169512,-0.993746580436178,2,0,0,0
2024-06-25,2024,6,29.9,21.5,8.399999999999999,5.0,0.0,5.0,11.0,195.0,0.0,16.499999999999943,29.133333333333336,21.033333333333335,8.100000000000001,0.0,28.5,20.9,0,1.2246467991473532e-16,-1.0,0.09453674981719912,-0.9955213724144752,2,0,0,0
2024-06-26,2024,6,27.8,21.5,6.300000000000001,5.0,0.2,5.0,11.0,195.0,0.0,14.199999999999942,29.566666666666674,21.200000000000003,8.366666666666667,0.0,29.9,21.5,0,1.2246467991473532e-16,-1.0,0.07738647923346301,-0.9970011699250151,2,0,1,0
2024-06-27,2024,6,26.4,21.4,5.0,5.0,0.0,5.0,11.0,195.0,0.2,13.999999999999943,28.733333333333334,21.3,7.433333333333334,0.2,27.8,21.5,0,1.2246467991473532e-16,-1.0,0.06021327736579302,-0.9981855344718586,2,0,0,0
2024-06-28,2024,6,29.7,21.3,8.399999999999999,5.0,0.1,5.0,11.0,195.0,0.2,13.999999999999943,28.033333333333335,21.46666666666667,6.566666666666666,0.0,26.4,21.4,0,1.2246467991473532e-16,-1.0,0.04302223300453059,-0.99907411510223,2,0,1,0
2024-06-29,2024,6,29.7,21.1,8.599999999999998,5.0,1.3,5.0,11.0,195.0,0.30000000000000004,0.2999999999999432,27.96666666666667,21.400000000000002,6.566666666666666,0.1,29.7,21.3,0,1.2246467991473532e-16,-1.0,0.02581844022713308,-0.9996666485105112,2,0,1,0
2024-06-30,2024,6,27.8,21.8,6.0,5.0,0.0,5.0,11.0,195.0,1.4000000000000001,1.5999999999999432,28.600000000000005,21.26666666666667,7.333333333333332,1.3,29.7,21.1,0,1.2246467991473532e-16,-1.0,0.008606996888688698,-0.9999629591162655,2,0,0,0
2024-07-01,2024,7,27.4,21.8,5.599999999999998,6.0,2.9,4.8,10.0,132.0,1.4000000000000001,1.5999999999999432,29.066666666666666,21.400000000000006,7.666666666666665,0.0,27.8,21.8,0,-0.4999999999999997,-0.8660254037844388,-0.008606996888688009,-0.9999629591162655,2,0,1,0
2024-07-02,2024,7,28.4,21.3,7.099999999999998,6.0,2.0,4.8,10.0,132.0,4.2,4.499999999999943,28.3,21.566666666666674,6.733333333333332,2.9,27.4,21.8,0,-0.4999999999999997,-0.8660254037844388,-0.02581844022713239,-0.9996666485105112,2,0,1,0
2024-07-03,2024,7,28.8,21.8,7.0,6.0,0.0,4.8,10.0,132.0,4.9,6.499999999999943,27.866666666666664,21.633333333333336,6.233333333333332,2.0,28.4,21.3,0,-0.4999999999999997,-0.8660254037844388,-0.04302223300453034,-0.99907411510223,2,0,0,0
2024-07-04,2024,7,28.6,21.4,7.200000000000003,6.0,3.0,4.8,10.0,132.0,4.9,6.299999999999943,28.200000000000003,21.633333333333336,6.5666666666666655,0.0,28.8,21.8,0,-0.4999999999999997,-0.8660254037844388,-0.060213277365792774,-0.9981855344718586,2,0,1,0
2024-07-05,2024,7,29.5,21.4,8.100000000000001,6.0,0.0,4.8,10.0,132.0,5.0,9.299999999999944,28.600000000000005,21.500000000000004,7.1000000000000005,3.0,28.6,21.4,0,-0.4999999999999997,-0.8660254037844388,-0.07738647923346322,-0.9970011699250151,2,0,0,0
2024-07-06,2024,7,27.8,20.4,7.400000000000002,6.0,2.1,4.8,10.0,132.0,2.9999999999999996,9.199999999999942,28.96666666666667,21.533333333333335,7.4333333333333345,0.0,29.5,21.4,0,-0.4999999999999997,-0.8660254037844388,-0.09453674981719933,-0.9955213724144752,2,0,1,0
2024-07-07,2024,7,28.8,21.2,7.600000000000001,6.0,0.0,4.8,10.0,132.0,5.1,9.999999999999943,28.633333333333336,21.066666666666666,7.566666666666669,2.1,27.8,20.4,0,-0.4999999999999997,-0.8660254037844388,-0.11165900712169444,-0.9937465804361781,2,0,0,0
2024-07-08,2024,7,26.4,21.0,5.399999999999999,6.0,3.5,4.8,10.0,132.0,2.0999999999999996,9.999999999999943,28.700000000000003,21.0,7.700000000000002,0.0,28.8,21.2,0,-0.4999999999999997,-0.8660254037844388,-0.12874817745258066,-0.99167731989929,2,0,1,0
2024-07-09,2024,7,26.1,19.8,6.300000000000001,6.0,22.3,4.8,10.0,132.0,5.6,10.599999999999943,27.666666666666668,20.86666666666667,6.800000000000001,3.5,26.4,21.0,0,-0.4999999999999997,-0.8660254037844388,-0.14579919691987442,-0.9893142039703664,2,0,1,1
2024-07-10,2024,7,30.2,20.2,10.0,6.0,0.0,4.8,10.0,132.0,25.8,30.89999999999994,27.100000000000005,20.666666666666668,6.433333333333334,22.3,26.1,19.8,1,-0.4999999999999997,-0.8660254037844388,-0.16280701293851646,-0.9866579328916572,2,0,0,0
2024-07-11,2024,7,29.6,21.5,8.100000000000001,6.0,0.0,4.8,10.0,132.0,25.8,30.899999999999945,27.566666666666674,20.333333333333336,7.233333333333333,0.0,30.2,20.2,0,-0.4999999999999997,-0.8660254037844388,-0.17976658572556214,-0.9837092937736098,2,0,0,0
2024-07-12,2024,7,31.0,21.4,9.600000000000001,6.0,0.0,4.8,10.0,132.0,22.3,27.899999999999945,28.633333333333336,20.500000000000004,8.133333333333335,0.0,29.6,21.5,0,-0.4999999999999997,-0.8660254037844388,-0.19667288979357622,-0.9804691603616321,2,0,0,0
2024-07-13,2024,7,28.0,21.4,6.600000000000001,6.0,16.3,4.8,10.0,132.0,0.0,27.899999999999945,30.26666666666667,21.033333333333335,9.233333333333334,0.0,31.0,21.4,0,-0.4999999999999997,-0.8660254037844388,-0.2135209154397959,-0.9769384927771817,2,0,1,0
2024-07-14,2024,7,26.4,21.5,4.899999999999999,6.0,0.0,4.8,10.0,132.0,16.3,42.099999999999945,29.533333333333335,21.450000000000003,8.850000000000001,16.3,28.0,,0,-0.4999999999999997,-0.8660254037844388,-0.23030567023061196,-0.973118337233262,2,0,0,0
2024-07-15,2024,7,24.1,21.5,2.6000000000000014,6.0,2.0,4.8,10.0,132.0,16.3,42.099999999999945,28.46666666666667,21.450000000000003,7.25,0.0,26.4,21.5,0,-0.4999999999999997,-0.8660254037844388,-0.24702218048093527,-0.9690098257244063,2,0,1,0
2024-07-16,2024,7,25.7,20.2,5.5,6.0,9.4,4.8,10.0,132.0,18.3,40.599999999999945,26.166666666666668,21.5,4.899999999999999,2.0,24.1,,0,-0.4999999999999997,-0.8660254037844388,-0.2636654927280072,-0.9646141756912435,2,0,1,0
2024-07-17,2024,7,27.6,20.0,7.600000000000001,6.0,0.2,4.8,10.0,132.0,11.4,27.699999999999946,25.400000000000002,20.85,5.199999999999999,9.4,25.7,20.2,0,-0.4999999999999997,-0.8660254037844388,-0.2802306751992161,-0.9599326896597445,2,0,1,0
2024-07-18,2024,7,27.0,21.0,6.0,6.0,0.2,4.8,10.0,132.0,11.6,27.899999999999945,25.8,20.1,6.550000000000001,0.2,27.6,20.0,0,-0.4999999999999997,-0.8660254037844388,-0.2967128192734901,-0.9549667548552553,2,0,1,0
2024-07-19,2024,7,23.8,20.2,3.6000000000000014,6.0,5.0,4.8,10.0,132.0,9.8,28.099999999999945,26.76666666666667,20.400000000000002,6.366666666666667,0.2,27.0,21.0,0,-0.4999999999999997,-0.8660254037844388,-0.3131070409358267,-0.9497178427914317,2,0,1,0
2024-07-20,2024,7,26.6,19.8,6.800000000000001,6.0,3.5,4.8,10.0,132.0,5.4,33.099999999999945,26.133333333333336,20.400000000000002,5.733333333333334,5.0,23.8,20.2,0,-0.4999999999999997,-0.8660254037844388,-0.3294084822245302,-0.9441875088341994,2,0,1,0
2024-07-21,2024,7,26.2,20.6,5.599999999999998,6.0,0.0,4.8,10.0,132.0,8.7,20.299999999999944,25.8,20.333333333333332,5.466666666666668,3.5,26.6,19.8,0,-0.4999999999999997,-0.8660254037844388,-0.3456123126707333,-0.9383773917408642,2,0,0,0
2024-07-22,2024,7,26.5,20.4,6.100000000000001,6.0,5.4,4.8,10.0,132.0,8.5,20.299999999999944,25.533333333333335,20.200000000000003,5.333333333333333,0.0,26.2,20.6,0,-0.4999999999999997,-0.8660254037844388,-0.3617137307297674,-0.9322892131745134,2,0,1,0
2024-07-23,2024,7,27.0,21.0,6.0,6.0,0.2,4.8,10.0,132.0,8.9,23.699999999999946,26.433333333333337,20.26666666666667,6.166666666666667,5.4,26.5,20.4,0,-0.4999999999999997,-0.8660254037844388,-0.37770796520396466,-0.9259247771938499,2,0,1,0
2024-07-24,2024,7,25.5,20.2,5.300000000000001,6.0,1.3,4.8,10.0,132.0,5.6000000000000005,14.499999999999943,26.566666666666666,20.66666666666667,5.8999999999999995,0.2,27.0,21.0,0,-0.4999999999999997,-0.8660254037844388,-0.39359027665646645,-0.9192859697186105,2,0,1,0
2024-07-25,2024,7,26.0,20.2,5.800000000000001,6.0,3.6,4.8,10.0,132.0,6.9,15.599999999999945,26.333333333333332,20.533333333333335,5.800000000000001,1.3,25.5,20.2,0,-0.4999999999999997,-0.8660254037844388,-0.4093559588156211,-0.9123747579707274,2,0,1,0
2024-07-26,2024,7,26.6,20.3,6.300000000000001,6.0,0.5,4.8,10.0,132.0,5.1,18.999999999999943,26.166666666666668,20.46666666666667,5.7,3.6,26.0,20.2,0,-0.4999999999999997,-0.8660254037844388,-0.42500033996955394,-0.9051931898913975,2,0,1,0
2024-07-27,2024,7,28.3,20.4,7.900000000000002,6.0,2.0,4.8,10.0,132.0,5.4,14.499999999999943,26.033333333333335,20.233333333333334,5.800000000000001,0.5,26.6,20.3,0,-0.4999999999999997,-0.8660254037844388,-0.4405187843504952,-0.8977433935342336,2,0,1,0
2024-07-28,2024,7,26.0,21.2,4.800000000000001,6.0,0.0,4.8,10.0,132.0,6.1,12.999999999999943,26.96666666666667,20.3,6.666666666666668,2.0,28.3,20.4,0,-0.4999999999999997,-0.8660254037844388,-0.455906693508459,-0.8900275764346766,2,0,0,0
2024-07-29,2024,7,28.1,21.0,7.100000000000001,6.0,0.0,4.8,10.0,132.0,2.5,12.999999999999943,26.96666666666667,20.633333333333336,6.333333333333335,0.0,26.0,21.2,0,-0.4999999999999997,-0.8660254037844388,-0.47115950767386394,-0.8820480249558535,2,0,0,0
2024-07-30,2024,7,26.3,21.0,5.300000000000001,6.0,1.2,4.8,10.0,132.0,2.0,7.599999999999943,27.46666666666667,20.86666666666667,6.600000000000001,0.0,28.1,21.0,0,-0.4999999999999997,-0.8660254037844388,-0.4862727071086902,-0.8738071036110807,2,0,1,0
2024-07-31,2024,7,27.2,20.2,7.0,6.0,6.4,4.8,10.0,132.0,1.2,8.599999999999943,26.8,21.066666666666666,5.733333333333334,1.2,26.3,21.0,0,-0.4999999999999997,-0.8660254037844388,-0.5012418134457756,-0.8653072543632061,2,0,1,0
2024-10-01,2024,10,32.0,22.0,10.0,2.0,0.0,5.1,0.0,294.0,7.6000000000000005,13.699999999999942,27.200000000000003,20.733333333333334,6.466666666666668,6.4,27.2,20.2,0,-0.8660254037844386,0.5000000000000001,-0.9997685019798909,0.021516097436222233,3,0,0,0
2024-10-02,2024,10,32.8,23.0,9.799999999999997,2.0,0.0,5.1,0.0,294.0,7.6000000000000005,10.099999999999945,28.5,21.066666666666666,7.433333333333334,0.0,32.0,22.0,0,-0.8660254037844386,0.5000000000000001,-0.9992500112396835,0.03872228089217399,3,0,0,0
2024-10-03,2024,10,29.0,19.8,9.2,2.0,20.7,5.1,0.0,294.0,6.4,9.599999999999945,30.666666666666668,21.733333333333334,8.933333333333332,0.0,32.8,23.0,0,-0.8660254037844386,0.5000000000000001,-0.9984354211555643,0.05591699010060302,3,0,1,1
2024-10-04,2024,10,29.4,21.2,8.2,2.0,8.4,5.1,0.0,294.0,20.7,28.299999999999944,31.26666666666667,21.600000000000005,9.666666666666666,20.7,29.0,19.8,1,-0.8660254037844386,0.5000000000000001,-0.9973249731081555,0.07309512989807776,3,0,1,1
2024-10-05,2024,10,28.5,20.2,8.3,2.0,10.8,5.1,0.0,294.0,29.1,36.699999999999946,30.400000000000002,21.333333333333332,9.066666666666665,8.4,29.4,21.2,1,-0.8660254037844386,0.5000000000000001,-0.9959189961471792,0.0902516100310407,3,0,1,1
2024-10-06,2024,10,29.4,20.4,9.0,2.0,24.8,5.1,0.0,294.0,39.9,47.49999999999994,28.96666666666667,20.400000000000002,8.566666666666666,10.8,28.5,20.2,1,-0.8660254037844386,0.5000000000000001,-0.994217906893952,0.10738134666416306,3,0,1,1
2024-10-07,2024,10,29.4,21.8,7.599999999999998,2.0,0.0,5.1,0.0,294.0,44.0,71.09999999999994,29.100000000000005,20.600000000000005,8.5,24.8,29.4,20.4,1,-0.8660254037844386,0.5000000000000001,-0.9922222094179324,0.12447926388678869,3,0,0,0
2024-10-08,2024,10,29.6,21.5,8.100000000000001,2.0,0.6,5.1,0.0,294.0,35.60000000000001,64.69999999999996,29.100000000000005,20.8,8.299999999999999,0.0,29.4,21.8,0,-0.8660254037844386,0.5000000000000001,-0.989932495087353,0.141540295217043,3,0,1,0
2024-10-09,2024,10,29.3,21.4,7.900000000000002,2.0,0.1,5.1,0.0,294.0,25.400000000000002,65.29999999999995,29.46666666666667,21.233333333333334,8.233333333333333,0.6,29.6,21.5,0,-0.8660254037844386,0.5000000000000001,-0.9873494423939864,0.15855938510313475,3,0,1,0
2024-10-10,2024,10,28.8,21.6,7.199999999999999,2.0,0.0,5.1,0.0,294.0,0.7000000000000035,65.39999999999995,29.433333333333337,21.566666666666674,7.866666666666667,0.1,29.3,21.4,0,-0.8660254037844386,0.5000000000000001,-0.9844738167520923,0.17553149042142777,3,0,0,0
2024-10-11,2024,10,29.0,21.2,7.800000000000001,2.0,2.5,5.1,0.0,294.0,0.7000000000000035,44.69999999999995,29.233333333333338,21.5,7.733333333333334,0.0,28.8,21.6,0,-0.8660254037844386,0.5000000000000001,-0.9813064702716093,0.19245158197082995,3,0,1,1
2024-10-12,2024,10,29.1,20.9,8.200000000000003,2.0,0.2,5.1,0.0,294.0,2.6000000000000036,38.79999999999995,29.033333333333335,21.400000000000002,7.633333333333334,2.5,29.0,21.2,1,-0.8660254037844386,0.5000000000000001,-0.9778483415056568,0.20931464596304888,3,0,1,0
2024-10-13,2024,10,27.4,21.2,6.199999999999999,2.0,4.0,5.1,0.0,294.0,2.7000000000000037,28.199999999999946,28.96666666666667,21.233333333333334,7.733333333333334,0.2,29.1,20.9,0,-0.8660254037844386,0.5000000000000001,-0.9741004551724206,0.22611568550828803,3,0,1,0
2024-10-14,2024,10,25.4,20.7,4.699999999999999,2.0,3.3,5.1,0.0,294.0,6.700000000000004,7.3999999999999435,28.5,21.1,7.400000000000001,4.0,27.4,21.2,0,-0.8660254037844386,0.5000000000000001,-0.970063921851507,0.2428497220959358,3,0,1,0
2024-10-15,2024,10,21.9,20.2,1.6999999999999993,2.0,16.2,5.1,0.0,294.0,7.5000000000000036,10.699999999999942,27.3,20.933333333333337,6.366666666666667,3.3,25.4,20.7,0,-0.8660254037844386,0.5000000000000001,-0.965739937654855,0.25951179706979943,3,0,1,0
2024-10-16,2024,10,22.5,19.6,2.8999999999999986,2.0,66.1,5.1,0.0,294.0,23.500000000000004,26.29999999999994,24.900000000000002,20.7,4.199999999999999,16.2,21.9,20.2,0,-0.8660254037844386,0.5000000000000001,-0.9611297838723007,0.27609697309746883,3,0,1,0
2024-10-17,2024,10,28.2,19.4,8.8,2.0,5.3,5.1,0.0,294.0,85.6,92.29999999999993,23.26666666666667,20.166666666666668,3.099999999999999,66.1,22.5,19.6,0,-0.8660254037844386,0.5000000000000001,-0.9562348265919058,0.2926003356333479,3,0,1,0
2024-10-18,2024,10,28.4,20.2,8.2,2.0,0.0,5.1,0.0,294.0,87.6,97.59999999999992,24.200000000000003,19.733333333333338,4.466666666666666,5.3,28.2,19.4,0,-0.8660254037844386,0.5000000000000001,-0.9510565162951536,0.30901699437494723,3,0,0,0
2024-10-19,2024,10,25.7,21.4,4.300000000000001,2.0,0.8,5.1,0.0,294.0,71.39999999999999,95.09999999999992,26.36666666666667,19.733333333333334,6.633333333333333,0.0,28.4,20.2,0,-0.8660254037844386,0.5000000000000001,-0.9455963874271428,0.3253420847119795,3,0,1,0
2024-10-20,2024,10,29.2,20.9,8.3,2.0,20.2,5.1,0.0,294.0,6.1,95.69999999999992,27.433333333333337,20.333333333333332,7.1000000000000005,0.8,25.7,21.4,0,-0.8660254037844386,0.5000000000000001,-0.9398560579418953,0.341570769167856,3,0,1,1
2024-10-21,2024,10,28.4,20.7,7.699999999999999,2.0,61.9,5.1,0.0,294.0,21.0,111.89999999999992,27.766666666666666,20.833333333333332,6.933333333333334,20.2,29.2,20.9,1,-0.8660254037844386,0.5000000000000001,-0.9338372288229252,0.35769823883312546,3,0,1,1
2024-10-22,2024,10,28.4,19.8,8.599999999999998,2.0,17.1,5.1,0.0,294.0,82.9,170.49999999999994,27.76666666666667,21.0,6.766666666666667,61.9,28.4,20.7,1,-0.8660254037844386,0.5000000000000001,-0.9275416835791965,0.3737197147904692,3,0,1,1
2024-10-23,2024,10,30.0,20.6,9.399999999999999,2.0,23.6,5.1,0.0,294.0,99.2,171.39999999999995,28.666666666666668,20.46666666666667,8.2,17.1,28.4,19.8,1,-0.8660254037844386,0.5000000000000001,-0.9209712877166346,0.38963044953078774,3,0,1,1
2024-10-24,2024,10,26.7,19.9,6.800000000000001,2.0,13.6,5.1,0.0,294.0,102.6,128.89999999999992,28.933333333333334,20.36666666666667,8.566666666666665,23.6,30.0,20.6,1,-0.8660254037844386,0.5000000000000001,-0.9141279881853337,0.4054257283599973,3,0,1,1
2024-10-25,2024,10,28.4,20.5,7.899999999999999,2.0,0.0,5.1,0.0,294.0,54.300000000000004,137.19999999999993,28.36666666666667,20.100000000000005,8.266666666666666,13.6,26.7,19.9,1,-0.8660254037844386,0.5000000000000001,-0.9070138128026362,0.42110087079608916,3,0,0,0
2024-10-26,2024,10,29.6,20.2,9.400000000000002,2.0,0.0,5.1,0.0,294.0,37.2,137.19999999999993,28.366666666666664,20.33333333333334,8.033333333333333,0.0,28.4,20.5,0,-0.8660254037844386,0.5000000000000001,-0.8996308696522434,0.4366512319560638,3,0,0,0
2024-10-27,2024,10,27.7,19.4,8.3,2.0,0.0,5.1,0.0,294.0,13.6,136.39999999999992,28.233333333333334,20.2,8.033333333333333,0.0,29.6,20.2,0,-0.8660254037844386,0.5000000000000001,-0.8919813464595487,0.45207220393230374,3,0,0,0
2024-10-28,2024,10,30.5,20.3,10.2,2.0,0.0,5.1,0.0,294.0,0.0,116.19999999999993,28.566666666666666,20.033333333333335,8.533333333333333,0.0,27.7,19.4,0,-0.8660254037844386,0.5000000000000001,-0.8840675099433637,0.46735921715800205,3,0,0,0
2024-10-29,2024,10,30.0,20.8,9.2,2.0,0.0,5.1,0.0,294.0,0.0,54.29999999999993,29.26666666666667,19.96666666666667,9.3,0.0,30.5,20.3,0,-0.8660254037844386,0.5000000000000001,-0.8758917051442433,0.48250774176121763,3,0,0,0
2024-10-30,2024,10,27.6,21.5,6.100000000000001,2.0,0.0,5.1,0.0,294.0,0.0,37.19999999999993,29.400000000000002,20.166666666666668,9.233333333333333,0.0,30.0,20.8,0,-0.8660254037844386,0.5000000000000001,-0.8674563547295971,0.4975132889071803,3,0,0,0
2024-10-31,2024,10,28.3,21.1,7.199999999999999,2.0,3.8,5.1,0.0,294.0,0.0,13.599999999999929,29.36666666666667,20.86666666666667,8.5,0.0,27.6,21.5,0,-0.8660254037844386,0.5000000000000001,-0.8587639582758031,0.5123714121284235,3,0,1,1
2024-11-01,2024,11,29.7,21.3,8.399999999999999,2.0,0.1,4.9,0.0,252.0,3.8,3.7999999999999288,28.633333333333336,21.133333333333336,7.5,3.8,28.3,21.1,1,-0.5000000000000004,0.8660254037844384,-0.8498170915275277,0.5270777086423724,3,0,1,0
2024-11-02,2024,11,29.4,21.0,8.399999999999999,2.0,0.3,4.9,0.0,252.0,3.9,3.899999999999929,28.533333333333335,21.3,7.233333333333333,0.1,29.7,21.3,0,-0.5000000000000004,0.8660254037844384,-0.8406184056344783,0.5416278206559811,3,0,1,0
2024-11-03,2024,11,29.2,20.4,8.8,2.0,1.0,4.9,0.0,252.0,4.2,4.199999999999929,29.133333333333336,21.133333333333336,7.999999999999999,0.3,29.4,21.0,0,-0.5000000000000004,0.8660254037844384,-0.8311706263658079,0.5560174366570446,3,0,1,1
2024-11-04,2024,11,29.3,20.9,8.400000000000002,2.0,0.0,4.9,0.0,252.0,1.4,5.199999999999929,29.433333333333337,20.900000000000002,8.533333333333333,1.0,29.2,20.4,1,-0.5000000000000004,0.8660254037844384,-0.8214765533024145,0.5702422926917867,3,0,0,0
2024-11-05,2024,11,28.7,19.3,9.399999999999999,2.0,0.7,4.9,0.0,252.0,1.2999999999999998,5.199999999999929,29.3,20.76666666666667,8.533333333333333,0.0,29.3,20.9,0,-0.5000000000000004,0.8660254037844384,-0.8115390590073611,0.5842981736283683,3,0,1,0
2024-11-06,2024,11,29.2,18.6,10.599999999999998,2.0,0.0,4.9,0.0,252.0,1.7,5.899999999999928,29.066666666666674,20.200000000000003,8.866666666666667,0.7,28.7,19.3,0,-0.5000000000000004,0.8660254037844384,-0.801361088174677,0.5981809144059159,3,0,0,0
2024-11-07,2024,11,26.8,20.4,6.400000000000002,2.0,0.0,4.9,0.0,252.0,0.7,5.899999999999928,29.066666666666666,19.6,9.466666666666667,0.0,29.2,18.6,0,-0.5000000000000004,0.8660254037844384,-0.7909456567567774,0.6118864012687242,3,0,0,0
2024-11-08,2024,11,30.0,19.2,10.8,2.0,0.0,4.9,0.0,252.0,0.7,2.099999999999929,28.233333333333338,19.433333333333334,8.799999999999999,0.0,26.8,20.4,0,-0.5000000000000004,0.8660254037844384,-0.780295851070776,0.6254105729852457,3,0,0,0
2024-11-09,2024,11,29.2,19.7,9.5,2.0,0.0,4.9,0.0,252.0,0.0,1.999999999999929,28.666666666666668,19.400000000000002,9.266666666666667,0.0,30.0,19.2,0,-0.5000000000000004,0.8660254037844384,-0.7694148268839381,0.6387494220515268,3,0,0,0
2024-11-10,2024,11,29.2,19.4,9.8,2.0,0.0,4.9,0.0,252.0,0.0,1.6999999999999291,28.666666666666668,19.76666666666667,8.9,0.0,29.2,19.7,0,-0.5000000000000004,0.8660254037844384,-0.7583058084785625,0.6518989958787125,3,0,0,0
2024-11-11,2024,11,28.8,20.3,8.5,2.0,0.0,4.9,0.0,252.0,0.0,0.699999999999929,29.46666666666667,19.433333333333334,10.033333333333333,0.0,29.2,19.4,0,-0.5000000000000004,0.8660254037844384,-0.7469720876965551,0.6648553979642866,3,0,0,0
2024-11-12,2024,11,25.4,21.6,3.799999999999997,2.0,0.0,4.9,0.0,252.0,0.0,0.699999999999929,29.066666666666666,19.8,9.266666666666667,0.0,28.8,20.3,0,-0.5000000000000004,0.8660254037844384,-0.7354170229639858,0.6776147890466887,3,0,0,0
2024-11-13,2024,11,27.4,20.6,6.799999999999997,2.0,0.7,4.9,0.0,252.0,0.0,0.0,27.8,20.433333333333337,7.366666666666666,0.0,25.4,21.6,0,-0.5000000000000004,0.8660254037844384,-0.7236440382959123,0.690173388242972,3,0,1,0
2024-11-14,2024,11,24.8,21.2,3.6000000000000014,2.0,0.0,4.9,0.0,252.0,0.7,0.699999999999929,27.200000000000003,20.83333333333334,6.3666666666666645,0.7,27.4,20.6,0,-0.5000000000000004,0.8660254037844384,-0.7116566222817751,0.7025274741691566,3,0,0,0
2024-11-15,2024,11,28.8,20.4,8.400000000000002,2.0,3.7,4.9,0.0,252.0,0.7,0.699999999999929,25.86666666666667,21.133333333333336,4.733333333333332,0.0,24.8,21.2,0,-0.5000000000000004,0.8660254037844384,-0.6994583270516471,0.7146733860429609,3,0,1,0
2024-11-16,2024,11,27.8,20.4,7.400000000000002,2.0,11.5,4.9,0.0,252.0,4.4,4.399999999999929,27.0,20.733333333333338,6.266666666666667,3.7,28.8,20.4,0,-0.5000000000000004,0.8660254037844384,-0.6870527672236675,0.726607524768565,3,0,1,1
2024-11-17,2024,11,27.4,20.3,7.099999999999998,2.0,3.0,4.9,0.0,252.0,15.2,15.89999999999993,27.133333333333336,20.666666666666668,6.466666666666669,11.5,27.8,20.4,1,-0.5000000000000004,0.8660254037844384,-0.6744436188329457,0.7383263540031063,3,0,1,0
2024-11-18,2024,11,27.6,20.3,7.300000000000001,2.0,0.0,4.9,0.0,252.0,18.2,18.899999999999928,28.0,20.36666666666667,7.633333333333334,3.0,27.4,20.3,0,-0.5000000000000004,0.8660254037844384,-0.661634618242279,0.749826401204568,3,0,0,0
2024-11-19,2024,11,27.4,19.3,8.099999999999998,2.0,0.0,4.9,0.0,252.0,14.5,18.899999999999928,27.600000000000005,20.333333333333336,7.266666666666667,0.0,27.6,20.3,0,-0.5000000000000004,0.8660254037844384,-0.6486295610349818,0.7611042586607742,3,0,0,0
2024-11-20,2024,11,27.8,18.8,9.0,2.0,0.0,4.9,0.0,252.0,3.0,18.899999999999928,27.46666666666667,19.96666666666667,7.499999999999999,0.0,27.4,19.3,0,-0.5000000000000004,0.8660254037844384,-0.6354323008901775,0.7721565844991641,3,0,0,0
2024-11-21,2024,11,27.0,18.8,8.2,2.0,0.0,4.9,0.0,252.0,0.0,18.199999999999932,27.600000000000005,19.466666666666672,8.133333333333333,0.0,27.8,18.8,0,-0.5000000000000004,0.8660254037844384,-0.622046748440868,0.7829801036770625,3,0,0,0
2024-11-22,2024,11,29.5,17.4,12.100000000000001,2.0,0.0,4.9,0.0,252.0,0.0,18.199999999999932,27.400000000000002,18.96666666666667,8.433333333333332,0.0,27.0,18.8,0,-0.5000000000000004,0.8660254037844384,-0.6084768701151264,0.7935716089521472,3,0,0,0
2024-11-23,2024,11,28.3,17.7,10.600000000000001,2.0,0.0,4.9,0.0,252.0,0.0,14.499999999999929,28.100000000000005,18.33333333333334,9.766666666666667,0.0,29.5,17.4,0,-0.5000000000000004,0.8660254037844384,-0.594726686960764,0.8039279618328208,3,0,0,0
2024-11-24,2024,11,28.4,18.8,9.599999999999998,2.0,0.0,4.9,0.0,252.0,0.0,2.999999999999929,28.26666666666667,17.96666666666667,10.3,0.0,28.3,17.7,0,-0.5000000000000004,0.8660254037844384,-0.5808002734538013,0.8140460935082175,3,0,0,0
2024-11-25,2024,11,27.6,18.5,9.100000000000001,2.0,0.0,4.9,0.0,252.0,0.0,0.0,28.733333333333338,17.96666666666667,10.766666666666666,0.0,28.4,18.8,0,-0.5000000000000004,0.8660254037844384,-0.5667017562911184,0.8239230057575536,3,0,0,0
2024-11-26,2024,11,24.4,18.4,6.0,2.0,0.0,4.9,0.0,252.0,0.0,0.0,28.100000000000005,18.333333333333332,9.766666666666667,0.0,27.6,18.5,0,-0.5000000000000004,0.8660254037844384,-0.5524353131676203,0.8335557718385695,3,0,0,0
2024-11-27,2024,11,24.2,18.1,6.099999999999998,2.0,0.6,4.9,0.0,252.0,0.0,0.0,26.8,18.566666666666666,8.233333333333333,0.0,24.4,18.4,0,-0.5000000000000004,0.8660254037844384,-0.5380051715382992,0.8429415373547832,3,0,1,0
2024-11-28,2024,11,27.5,17.3,10.2,2.0,0.0,4.9,0.0,252.0,0.6,0.5999999999999289,25.400000000000002,18.33333333333334,7.066666666666666,0.6,24.2,18.1,0,-0.5000000000000004,0.8660254037844384,-0.5234156073655503,0.8520775211013093,3,0,0,0
2024-11-29,2024,11,27.5,18.3,9.2,2.0,0.0,4.9,0.0,252.0,0.6,0.5999999999999289,25.36666666666667,17.933333333333337,7.433333333333333,0.0,27.5,17.3,0,-0.5000000000000004,0.8660254037844384,-0.5086709438521042,0.8609610158889945,3,0,0,0
2024-11-30,2024,11,22.6,20.3,2.3000000000000007,2.0,0.0,4.9,0.0,252.0,0.6,0.5999999999999289,26.400000000000002,17.900000000000002,8.499999999999998,0.0,27.5,18.3,0,-0.5000000000000004,0.8660254037844384,-0.49377555015997737,0.8695893893466109,3,0,0,0
2024-12-01,2024,12,22.4,19.5,2.8999999999999986,2.0,4.4,5.0,0.0,360.0,0.0,0.5999999999999289,25.86666666666667,18.633333333333336,7.233333333333333,0.0,22.6,20.3,0,-2.4492935982947064e-16,1.0,-0.4787338401157883,0.8779600847008883,0,0,1,0
2024-12-02,2024,12,22.5,20.0,2.5,2.0,18.7,5.0,0.0,360.0,4.4,4.999999999999929,24.166666666666668,19.36666666666667,4.8,4.4,22.4,19.5,0,-2.4492935982947064e-16,1.0,-0.4635502709028512,0.8860706215341378,0,0,1,1
2024-12-03,2024,12,25.1,20.3,4.800000000000001,2.0,39.7,5.0,0.0,360.0,23.1,23.69999999999993,22.5,19.933333333333337,2.5666666666666664,18.7,22.5,20.0,1,-2.4492935982947064e-16,1.0,-0.4482293417404106,0.893918596519257,0,0,1,1
2024-12-04,2024,12,26.3,19.2,7.100000000000001,2.0,21.2,5.0,0.0,360.0,62.800000000000004,63.399999999999935,23.33333333333334,19.933333333333337,3.4,39.7,25.1,20.3,1,-2.4492935982947064e-16,1.0,-0.4327755925504317,0.9015016841318838,0,0,1,0
2024-12-05,2024,12,28.6,20.2,8.400000000000002,2.0,2.5,5.0,0.0,360.0,79.60000000000001,83.99999999999993,24.633333333333336,19.833333333333336,4.800000000000001,21.2,26.3,19.2,0,-2.4492935982947064e-16,1.0,-0.41719360261231697,0.9088176373395028,0,0,1,0
2024-12-06,2024,12,28.7,20.3,8.399999999999999,2.0,2.2,5.0,0.0,360.0,63.400000000000006,86.49999999999993,26.666666666666668,19.900000000000002,6.766666666666668,2.5,28.6,20.2,0,-2.4492935982947064e-16,1.0,-0.4014879892059737,0.9158642882672868,0,0,1,0
2024-12-07,2024,12,29.4,20.2,9.2,2.0,0.0,5.0,0.0,360.0,25.9,88.69999999999993,27.86666666666667,19.900000000000002,7.966666666666668,2.2,28.7,20.3,0,-2.4492935982947064e-16,1.0,-0.38566340624360745,0.9226395488404875,0,0,0,0
2024-12-08,2024,12,29.8,19.3,10.5,2.0,0.0,5.0,0.0,360.0,4.7,88.69999999999993,28.900000000000002,20.233333333333334,8.666666666666666,0.0,29.4,20.2,0,-2.4492935982947064e-16,1.0,-0.3697245428906732,0.9291414114031743,0,0,0,0
2024-12-09,2024,12,28.8,18.9,9.900000000000002,2.0,0.0,5.0,0.0,360.0,2.2,84.29999999999993,29.3,19.933333333333334,9.366666666666665,0.0,29.8,19.3,0,-2.4492935982947064e-16,1.0,-0.35367612217637207,0.935367949313148,0,0,0,0
2024-12-10,2024,12,28.8,19.0,9.8,2.0,0.0,5.0,0.0,360.0,0.0,65.59999999999994,29.333333333333332,19.46666666666667,9.866666666666667,0.0,28.8,18.9,0,-2.4492935982947064e-16,1.0,-0.33752289959411347,0.941317317512847,0,0,0,0
2024-12-11,2024,12,25.9,19.2,6.699999999999999,2.0,0.0,5.0,0.0,360.0,0.0,25.899999999999935,29.133333333333336,19.066666666666666,10.066666666666668,0.0,28.8,19.0,0,-2.4492935982947064e-16,1.0,-0.32126966169236515,0.9469877530760751,0,0,0,0
2024-12-12,2024,12,22.0,19.9,2.1000000000000014,2.0,0.0,5.0,0.0,360.0,0.0,4.699999999999936,27.833333333333332,19.033333333333335,8.8,0.0,25.9,19.2,0,-2.4492935982947064e-16,1.0,-0.3049212246562894,0.9523775757303973,0,0,0,0
2024-12-13,2024,12,24.2,19.8,4.399999999999999,2.0,4.7,5.0,0.0,360.0,0.0,2.1999999999999362,25.566666666666674,19.36666666666667,6.2,0.0,22.0,19.9,0,-2.4492935982947064e-16,1.0,-0.2884824328806098,0.9574851883550389,0,0,1,0
2024-12-14,2024,12,26.6,18.8,7.800000000000001,2.0,0.4,5.0,0.0,360.0,4.7,4.699999999999936,24.033333333333335,19.633333333333336,4.3999999999999995,4.7,24.2,19.8,0,-2.4492935982947064e-16,1.0,-0.27195815753410524,0.9623090774541487,0,0,1,0
2024-12-15,2024,12,26.6,16.6,10.0,2.0,0.0,5.0,0.0,360.0,5.1000000000000005,5.099999999999937,24.26666666666667,19.5,4.766666666666667,0.4,26.6,18.8,0,-2.4492935982947064e-16,1.0,-0.2553532951161881,0.9668478136052773,0,0,0,0
2024-12-16,2024,12,27.2,15.5,11.7,2.0,0.0,5.0,0.0,360.0,5.1000000000000005,5.099999999999937,25.8,18.400000000000006,7.3999999999999995,0.0,26.6,16.6,0,-2.4492935982947064e-16,1.0,-0.23867276600594997,0.9711000518829505,0,0,0,0
2024-12-17,2024,12,28.3,15.5,12.8,2.0,0.0,5.0,0.0,360.0,0.4,5.099999999999937,26.8,16.96666666666667,9.833333333333334,0.0,27.2,15.5,0,-2.4492935982947064e-16,1.0,-0.22192151300416674,0.9750645322571945,0,0,0,0
2024-12-18,2024,12,26.3,18.4,7.900000000000002,2.0,0.0,5.0,0.0,360.0,0.0,5.099999999999937,27.36666666666667,15.866666666666669,11.5,0.0,28.3,15.5,0,-2.4492935982947064e-16,1.0,-0.20510449986861926,0.9787400799669153,0,0,0,0
2024-12-19,2024,12,27.5,19.4,8.100000000000001,2.0,0.0,5.0,0.0,360.0,0.0,5.099999999999937,27.26666666666667,16.46666666666667,10.800000000000002,0.0,26.3,18.4,0,-2.4492935982947064e-16,1.0,-0.1882267098432439,0.9821256058680006,0,0,0,0
2024-12-20,2024,12,28.0,20.0,8.0,2.0,0.0,5.0,0.0,360.0,0.0,5.099999999999937,27.36666666666667,17.76666666666667,9.600000000000001,0.0,27.5,19.4,0,-2.4492935982947064e-16,1.0,-0.1712931441814778,0.9852201067560606,0,0,0,0
2024-12-21,2024,12,29.7,19.3,10.399999999999999,2.0,0.0,5.0,0.0,360.0,0.0,0.3999999999999361,27.26666666666667,19.26666666666667,8.000000000000002,0.0,28.0,20.0,0,-2.4492935982947064e-16,1.0,-0.154308820664281,0.9880226656636976,0,0,0,0
2024-12-22,2024,12,27.8,19.8,8.0,2.0,0.0,5.0,0.0,360.0,0.0,0.0,28.400000000000002,19.566666666666666,8.833333333333334,0.0,29.7,19.3,0,-2.4492935982947064e-16,1.0,-0.13727877211326517,0.9905324521322227,0,0,0,0
2024-12-23,2024,12,27.1,19.4,7.700000000000003,2.0,0.0,5.0,0.0,360.0,0.0,0.0,28.5,19.700000000000003,8.799999999999999,0.0,27.8,19.8,0,-2.4492935982947064e-16,1.0,-0.12020804489935275,0.9927487224577402,0,0,0,0
2024-12-24,2024,12,27.9,17.1,10.799999999999997,2.0,0.0,5.0,0.0,360.0,0.0,0.0,28.200000000000003,19.500000000000004,8.700000000000001,0.0,27.1,19.4,0,-2.4492935982947064e-16,1.0,-0.10310169744743544,0.9946708199115211,0,0,0,0
2024-12-25,2024,12,26.4,18.4,8.0,2.0,0.0,5.0,0.0,360.0,0.0,0.0,27.600000000000005,18.76666666666667,8.833333333333334,0.0,27.9,17.1,0,-2.4492935982947064e-16,1.0,-0.0859647987374467,0.9962981749346077,0,0,0,0
2024-12-26,2024,12,24.7,20.2,4.5,2.0,0.0,5.0,0.0,360.0,0.0,0.0,27.133333333333336,18.3,8.833333333333334,0.0,26.4,18.4,0,-2.4492935982947064e-16,1.0,-0.06880242680232064,0.9976303053065857,0,0,0,0
2024-12-27,2024,12,24.4,19.3,5.099999999999998,2.0,0.9,5.0,0.0,360.0,0.0,0.0,26.333333333333332,18.566666666666666,7.766666666666666,0.0,24.7,20.2,0,-2.4492935982947064e-16,1.0,-0.05161966722325418,0.9986668162884759,0,0,1,0
2024-12-28,2024,12,26.5,17.9,8.600000000000001,2.0,1.2,5.0,0.0,360.0,0.9,0.8999999999999361,25.166666666666668,19.3,5.866666666666666,0.9,24.4,19.3,0,-2.4492935982947064e-16,1.0,-0.034421611622745804,0.9994074007397048,0,0,1,0
2024-12-29,2024,12,28.2,17.4,10.8,2.0,0.0,5.0,0.0,360.0,2.1,2.099999999999936,25.200000000000003,19.133333333333336,6.066666666666666,1.2,26.5,17.9,0,-2.4492935982947064e-16,1.0,-0.01721335615583528,0.9998518392091162,0,0,0,0
2024-12-30,2024,12,27.2,17.8,9.399999999999999,2.0,0.0,5.0,0.0,360.0,2.0999999999999996,2.0999999999999357,26.366666666666664,18.2,8.166666666666666,0.0,28.2,17.4,0,-2.4492935982947064e-16,1.0,6.432490598706546e-16,1.0,0,0,0,0
2024-12-31,2024,12,29.0,16.6,12.399999999999999,2.0,0.0,5.0,0.0,360.0,1.2,2.0999999999999357,27.3,17.700000000000003,9.6,0.0,27.2,17.8,0,-2.4492935982947064e-16,1.0,0.017213356155833904,0.9998518392091162,0,0,0,0
2025-01-01,2025,1,27.5,16.5,11.0,2.0,0.0,5.0,0.0,420.0,0.0,2.0999999999999357,28.133333333333336,17.26666666666667,10.866666666666665,0.0,29.0,16.6,0,0.49999999999999994,0.8660254037844387,0.017213356155834685,0.9998518392091162,0,0,0,0
2025-01-02,2025,1,27.4,16.3,11.099999999999998,2.0,0.0,5.0,0.0,420.0,0.0,2.0999999999999357,27.900000000000002,16.96666666666667,10.933333333333332,0.0,27.5,16.5,0,0.49999999999999994,0.8660254037844387,0.03442161162274574,0.9994074007397048,0,0,0,0
2025-01-03,2025,1,27.6,16.4,11.200000000000003,2.0,0.0,5.0,0.0,420.0,0.0,2.0999999999999357,27.96666666666667,16.466666666666672,11.5,0.0,27.4,16.3,0,0.49999999999999994,0.8660254037844387,0.051619667223253764,0.998666816288476,0,0,0,0
2025-01-04,2025,1,27.1,14.0,13.100000000000001,2.0,0.0,5.0,0.0,420.0,0.0,1.199999999999936,27.5,16.400000000000002,11.1,0.0,27.6,16.4,0,0.49999999999999994,0.8660254037844387,0.06880242680231986,0.9976303053065857,0,0,0,0
2025-01-05,2025,1,28.3,14.9,13.4,2.0,0.0,5.0,0.0,420.0,0.0,0.0,27.36666666666667,15.566666666666668,11.800000000000002,0.0,27.1,14.0,0,0.49999999999999994,0.8660254037844387,0.08596479873744647,0.9962981749346078,0,0,0,0
2025-01-06,2025,1,28.3,15.4,12.9,2.0,0.0,5.0,0.0,420.0,0.0,0.0,27.66666666666667,15.100000000000001,12.566666666666668,0.0,28.3,14.9,0,0.49999999999999994,0.8660254037844387,0.10310169744743485,0.9946708199115211,0,0,0,0
2025-01-07,2025,1,28.0,16.2,11.8,2.0,0.0,5.0,0.0,420.0,0.0,0.0,27.900000000000002,14.766666666666671,13.133333333333335,0.0,28.3,15.4,0,0.49999999999999994,0.8660254037844387,0.1202080448993527,0.9927487224577402,0,0,0,0
2025-01-08,2025,1,28.7,16.4,12.3,2.0,0.0,5.0,0.0,420.0,0.0,0.0,28.200000000000003,15.500000000000002,12.700000000000001,0.0,28.0,16.2,0,0.49999999999999994,0.8660254037844387,0.13727877211326478,0.9905324521322229,0,0,0,0
2025-01-09,2025,1,26.0,14.9,11.1,2.0,0.0,5.0,0.0,420.0,0.0,0.0,28.333333333333332,16.000000000000004,12.333333333333334,0.0,28.7,16.4,0,0.49999999999999994,0.8660254037844387,0.15430882066428117,0.9880226656636976,0,0,0,0
2025-01-10,2025,1,26.0,17.3,8.7,2.0,0.0,5.0,0.0,420.0,0.0,0.0,27.566666666666674,15.833333333333336,11.733333333333334,0.0,26.0,14.9,0,0.49999999999999994,0.8660254037844387,0.1712931441814776,0.9852201067560606,0,0,0,0
2025-01-11,2025,1,24.8,18.2,6.600000000000001,2.0,0.0,5.0,0.0,420.0,0.0,0.0,26.900000000000006,16.200000000000003,10.700000000000001,0.0,26.0,17.3,0,0.49999999999999994,0.8660254037844387,0.1882267098432442,0.9821256058680006,0,0,0,0
2025-01-12,2025,1,29.8,17.0,12.8,2.0,0.0,5.0,0.0,420.0,0.0,0.0,25.600000000000005,16.8,8.799999999999999,0.0,24.8,18.2,0,0.49999999999999994,0.8660254037844387,0.2051044998686192,0.9787400799669153,0,0,0,0
2025-01-13,2025,1,26.3,20.0,6.300000000000001,2.0,0.0,5.0,0.0,420.0,0.0,0.0,26.86666666666667,17.500000000000004,9.366666666666667,0.0,29.8,17.0,0,0.49999999999999994,0.8660254037844387,0.2219215130041655,0.9750645322571948,0,0,0,0
2025-01-14,2025,1,27.4,19.6,7.799999999999997,2.0,0.0,5.0,0.0,420.0,0.0,0.0,26.96666666666667,18.400000000000002,8.566666666666668,0.0,26.3,20.0,0,0.49999999999999994,0.8660254037844387,0.2386727660059501,0.9711000518829505,0,0,0,0
2025-01-15,2025,1,24.2,17.0,7.199999999999999,2.0,0.0,5.0,0.0,420.0,0.0,0.0,27.83333333333334,18.86666666666667,8.966666666666667,0.0,27.4,19.6,0,0.49999999999999994,0.8660254037844387,0.255353295116187,0.9668478136052775,0,0,0,0
2025-01-16,2025,1,26.6,16.8,9.8,2.0,0.0,5.0,0.0,420.0,0.0,0.0,25.96666666666667,18.86666666666667,7.099999999999999,0.0,24.2,17.0,0,0.49999999999999994,0.8660254037844387,0.2719581575341055,0.9623090774541486,0,0,0,0
2025-01-17,2025,1,25.6,16.5,9.100000000000001,2.0,0.0,5.0,0.0,420.0,0.0,0.0,26.066666666666674,17.8,8.266666666666666,0.0,26.6,16.8,0,0.49999999999999994,0.8660254037844387,0.288482432880609,0.9574851883550393,0,0,0,0
2025-01-18,2025,1,27.4,16.9,10.5,2.0,0.0,5.0,0.0,420.0,0.0,0.0,25.46666666666667,16.76666666666667,8.700000000000001,0.0,25.6,16.5,0,0.49999999999999994,0.8660254037844387,0.30492122465628907,0.9523775757303974,0,0,0,0
2025-01-19,2025,1,21.4,18.2,3.1999999999999993,2.0,3.3,5.0,0.0,420.0,0.0,0.0,26.533333333333335,16.733333333333338,9.8,0.0,27.4,16.9,0,0.49999999999999994,0.8660254037844387,0.3212696616923644,0.9469877530760753,0,0,1,0
2025-01-20,2025,1,28.4,18.0,10.399999999999999,2.0,1.9,5.0,0.0,420.0,3.3,3.299999999999936,24.8,17.200000000000003,7.6000000000000005,3.3,21.4,18.2,0,0.49999999999999994,0.8660254037844387,0.3375228995941133,0.9413173175128471,0,0,1,0
2025-01-21,2025,1,28.4,15.2,13.2,2.0,0.0,5.0,0.0,420.0,5.199999999999999,5.199999999999935,25.733333333333334,17.700000000000003,8.033333333333333,1.9,28.4,18.0,0,0.49999999999999994,0.8660254037844387,0.3536761221763716,0.9353679493131483,0,0,0,0
2025-01-22,2025,1,29.1,14.9,14.200000000000001,2.0,0.0,5.0,0.0,420.0,5.199999999999999,5.199999999999935,26.066666666666666,17.133333333333336,8.933333333333332,0.0,28.4,15.2,0,0.49999999999999994,0.8660254037844387,0.3697245428906731,0.9291414114031743,0,0,0,0
2025-01-23,2025,1,29.9,17.8,12.099999999999998,2.0,0.0,5.0,0.0,420.0,1.9,5.199999999999935,28.633333333333336,16.033333333333335,12.6,0.0,29.1,14.9,0,0.49999999999999994,0.8660254037844387,0.38566340624360707,0.9226395488404876,0,0,0,0
2025-01-24,2025,1,28.6,16.4,12.200000000000003,2.0,0.0,5.0,0.0,420.0,0.0,5.199999999999935,29.133333333333336,15.966666666666669,13.166666666666666,0.0,29.9,17.8,0,0.49999999999999994,0.8660254037844387,0.401487989205973,0.9158642882672872,0,0,0,0
2025-01-25,2025,1,30.2,15.0,15.2,2.0,0.0,5.0,0.0,420.0,0.0,5.199999999999935,29.200000000000003,16.36666666666667,12.833333333333334,0.0,28.6,16.4,0,0.49999999999999994,0.8660254037844387,0.4171936026123168,0.9088176373395029,0,0,0,0
2025-01-26,2025,1,31.0,14.9,16.1,2.0,0.0,5.0,0.0,420.0,0.0,5.199999999999935,29.566666666666666,16.400000000000002,13.166666666666666,0.0,30.2,15.0,0,0.49999999999999994,0.8660254037844387,0.4327755925504312,0.901501684131884,0,0,0,0
2025-01-27,2025,1,30.4,15.4,14.999999999999998,2.0,0.0,5.0,0.0,420.0,0.0,1.899999999999936,29.933333333333337,15.433333333333337,14.500000000000002,0.0,31.0,14.9,0,0.49999999999999994,0.8660254037844387,0.4482293417404106,0.893918596519257,0,0,0,0
2025-01-28,2025,1,30.5,15.9,14.6,2.0,0.0,5.0,0.0,420.0,0.0,0.0,30.533333333333335,15.100000000000003,15.433333333333335,0.0,30.4,15.4,0,0.49999999999999994,0.8660254037844387,0.4635502709028509,0.886070621534138,0,0,0,0
2025-01-29,2025,1,31.0,16.4,14.600000000000001,2.0,0.0,5.0,0.0,420.0,0.0,0.0,30.633333333333336,15.400000000000004,15.233333333333334,0.0,30.5,15.9,0,0.49999999999999994,0.8660254037844387,0.47873384011578846,0.8779600847008882,0,0,0,0
2025-01-30,2025,1,29.9,17.7,12.2,2.0,0.0,5.0,0.0,420.0,0.0,0.0,30.633333333333336,15.900000000000004,14.733333333333334,0.0,31.0,16.4,0,0.49999999999999994,0.8660254037844387,0.4937755501599772,0.869589389346611,0,0,0,0
2025-01-31,2025,1,31.4,19.4,12.0,2.0,0.0,5.0,0.0,420.0,0.0,0.0,30.46666666666667,16.66666666666667,13.799999999999999,0.0,29.9,17.7,0,0.49999999999999994,0.8660254037844387,0.5086709438521044,0.8609610158889943,0,0,0,0
2025-02-01,2025,2,32.2,19.7,12.500000000000004,3.0,0.0,5.5,0.0,504.0,0.0,0.0,30.76666666666667,17.833333333333332,12.933333333333332,0.0,31.4,19.4,0,0.8660254037844386,0.5000000000000001,0.5234156073655503,0.8520775211013093,0,0,0,0
2025-02-02,2025,2,32.5,17.9,14.600000000000001,3.0,0.0,5.5,0.0,504.0,0.0,0.0,31.16666666666667,18.933333333333334,12.233333333333334,0.0,32.2,19.7,0,0.8660254037844386,0.5000000000000001,0.5380051715382996,0.8429415373547828,0,0,0,0
2025-02-03,2025,2,31.9,16.7,15.2,3.0,0.0,5.5,0.0,504.0,0.0,0.0,32.03333333333334,19.000000000000004,13.033333333333337,0.0,32.5,17.9,0,0.8660254037844386,0.5000000000000001,0.5524353131676196,0.8335557718385699,0,0,0,0
2025-02-04,2025,2,31.9,15.3,16.599999999999998,3.0,0.0,5.5,0.0,504.0,0.0,0.0,32.20000000000001,18.100000000000005,14.100000000000001,0.0,31.9,16.7,0,0.8660254037844386,0.5000000000000001,0.5667017562911176,0.8239230057575542,0,0,0,0
2025-02-05,2025,2,31.6,17.3,14.3,3.0,0.0,5.5,0.0,504.0,0.0,0.0,32.1,16.633333333333336,15.466666666666667,0.0,31.9,15.3,0,0.8660254037844386,0.5000000000000001,0.5808002734538009,0.8140460935082178,0,0,0,0
2025-02-06,2025,2,30.7,16.3,14.399999999999999,3.0,0.0,5.5,0.0,504.0,0.0,0.0,31.8,16.433333333333337,15.366666666666665,0.0,31.6,17.3,0,0.8660254037844386,0.5000000000000001,0.5947266869607634,0.8039279618328213,0,0,0,0
2025-02-07,2025,2,31.4,15.9,15.499999999999998,3.0,0.0,5.5,0.0,504.0,0.0,0.0,31.400000000000006,16.3,15.1,0.0,30.7,16.3,0,0.8660254037844386,0.5000000000000001,0.6084768701151261,0.7935716089521474,0,0,0,0
2025-02-08,2025,2,30.7,16.9,13.8,3.0,0.0,5.5,0.0,504.0,0.0,0.0,31.233333333333338,16.500000000000004,14.733333333333333,0.0,31.4,15.9,0,0.8660254037844386,0.5000000000000001,0.6220467484408675,0.7829801036770628,0,0,0,0
2025-02-09,2025,2,30.5,17.4,13.100000000000001,3.0,0.0,5.5,0.0,504.0,0.0,0.0,30.933333333333337,16.366666666666667,14.566666666666665,0.0,30.7,16.9,0,0.8660254037844386,0.5000000000000001,0.6354323008901774,0.7721565844991642,0,0,0,0
2025-02-10,2025,2,29.5,18.1,11.399999999999999,3.0,0.0,5.5,0.0,504.0,0.0,0.0,30.86666666666667,16.733333333333334,14.133333333333333,0.0,30.5,17.4,0,0.8660254037844386,0.5000000000000001,0.6486295610349814,0.7611042586607747,0,0,0,0
2025-02-11,2025,2,32.0,16.5,15.5,3.0,0.0,5.5,0.0,504.0,0.0,0.0,30.233333333333338,17.46666666666667,12.766666666666666,0.0,29.5,18.1,0,0.8660254037844386,0.5000000000000001,0.6616346182422783,0.7498264012045686,0,0,0,0
2025-02-12,2025,2,33.6,16.0,17.6,3.0,0.0,5.5,0.0,504.0,0.0,0.0,30.66666666666667,17.333333333333336,13.333333333333334,0.0,32.0,16.5,0,0.8660254037844386,0.5000000000000001,0.6744436188329455,0.7383263540031065,0,0,0,0
2025-02-13,2025,2,33.3,17.0,16.299999999999997,3.0,0.0,5.5,0.0,504.0,0.0,0.0,31.700000000000006,16.86666666666667,14.833333333333334,0.0,33.6,16.0,0,0.8660254037844386,0.5000000000000001,0.6870527672236669,0.7266075247685656,0,0,0,0
2025-02-14,2025,2,33.5,17.1,16.4,3.0,0.0,5.5,0.0,504.0,0.0,0.0,32.96666666666667,16.500000000000004,16.466666666666665,0.0,33.3,17.0,0,0.8660254037844386,0.5000000000000001,0.6994583270516471,0.7146733860429609,0,0,0,0
2025-02-15,2025,2,32.8,18.2,14.599999999999998,3.0,0.0,5.5,0.0,504.0,0.0,0.0,33.46666666666667,16.700000000000003,16.766666666666666,0.0,33.5,17.1,0,0.8660254037844386,0.5000000000000001,0.7116566222817746,0.7025274741691571,0,0,0,0
2025-02-16,2025,2,33.0,18.2,14.8,3.0,0.0,5.5,0.0,504.0,0.0,0.0,33.20000000000001,17.433333333333337,15.766666666666666,0.0,32.8,18.2,0,0.8660254037844386,0.5000000000000001,0.7236440382959124,0.6901733882429719,0,0,0,0
2025-02-17,2025,2,32.6,18.2,14.400000000000002,3.0,0.0,5.5,0.0,504.0,0.0,0.0,33.1,17.833333333333336,15.266666666666666,0.0,33.0,18.2,0,0.8660254037844386,0.5000000000000001,0.7354170229639855,0.6776147890466889,0,0,0,0
2025-02-18,2025,2,32.8,17.7,15.099999999999998,3.0,0.0,5.5,0.0,504.0,0.0,0.0,32.800000000000004,18.2,14.6,0.0,32.6,18.2,0,0.8660254037844386,0.5000000000000001,0.7469720876965552,0.6648553979642865,0,0,0,0
2025-02-19,2025,2,34.4,17.8,16.599999999999998,3.0,0.0,5.5,0.0,504.0,0.0,0.0,32.800000000000004,18.033333333333335,14.766666666666666,0.0,32.8,17.7,0,0.8660254037844386,0.5000000000000001,0.7583058084785624,0.6518989958787126,0,0,0,0
2025-02-20,2025,2,33.2,19.6,13.600000000000001,3.0,0.0,5.5,0.0,504.0,0.0,0.0,33.26666666666667,17.900000000000002,15.366666666666665,0.0,34.4,17.8,0,0.8660254037844386,0.5000000000000001,0.7694148268839378,0.6387494220515272,0,0,0,0
2025-02-21,2025,2,33.4,19.0,14.399999999999999,3.0,0.0,5.5,0.0,504.0,0.0,0.0,33.46666666666667,18.36666666666667,15.1,0.0,33.2,19.6,0,0.8660254037844386,0.5000000000000001,0.7802958510707755,0.6254105729852463,0,0,0,0
2025-02-22,2025,2,33.2,19.4,13.800000000000004,3.0,0.0,5.5,0.0,504.0,0.0,0.0,33.66666666666667,18.8,14.866666666666665,0.0,33.4,19.0,0,0.8660254037844386,0.5000000000000001,0.7909456567567772,0.6118864012687243,0,0,0,0
2025-02-23,2025,2,32.8,19.7,13.099999999999998,3.0,0.0,5.5,0.0,504.0,0.0,0.0,33.26666666666667,19.33333333333334,13.933333333333335,0.0,33.2,19.4,0,0.8660254037844386,0.5000000000000001,0.8013610881746766,0.5981809144059164,0,0,0,0
2025-02-24,2025,2,32.2,19.2,13.000000000000004,3.0,0.0,5.5,0.0,504.0,0.0,0.0,33.13333333333334,19.366666666666667,13.766666666666666,0.0,32.8,19.7,0,0.8660254037844386,0.5000000000000001,0.811539059007361,0.5842981736283684,0,0,0,0
2025-02-25,2025,2,31.6,18.3,13.3,3.0,0.0,5.5,0.0,504.0,0.0,0.0,32.73333333333334,19.433333333333337,13.300000000000002,0.0,32.2,19.2,0,0.8660254037844386,0.5000000000000001,0.8214765533024142,0.5702422926917871,0,0,0,0
2025-02-26,2025,2,31.9,19.4,12.5,3.0,0.0,5.5,0.0,504.0,0.0,0.0,32.20000000000001,19.066666666666666,13.133333333333335,0.0,31.6,18.3,0,0.8660254037844386,0.5000000000000001,0.8311706263658079,0.5560174366570446,0,0,0,0
2025-02-27,2025,2,31.8,18.4,13.400000000000002,3.0,0.0,5.5,0.0,504.0,0.0,0.0,31.900000000000006,18.96666666666667,12.933333333333335,0.0,31.9,19.4,0,0.8660254037844386,0.5000000000000001,0.8406184056344782,0.5416278206559814,0,0,0,0
2025-02-28,2025,2,32.0,18.5,13.5,3.0,0.0,5.5,0.0,504.0,0.0,0.0,31.76666666666667,18.7,13.066666666666668,0.0,31.8,18.4,0,0.8660254037844386,0.5000000000000001,0.8498170915275278,0.5270777086423722,0,0,0,0
2025-03-01,2025,3,32.1,19.4,12.700000000000003,3.0,0.0,6.0,0.0,450.0,0.0,0.0,31.900000000000006,18.76666666666667,13.133333333333335,0.0,32.0,18.5,0,1.0,6.123233995736766e-17,0.8587639582758029,0.5123714121284237,1,0,0,0
2025-03-02,2025,3,32.9,20.7,12.2,3.0,0.0,6.0,0.0,450.0,0.0,0.0,31.96666666666667,18.76666666666667,13.200000000000003,0.0,32.1,19.4,0,1.0,6.123233995736766e-17,0.8674563547295968,0.49751328890718066,1,0,0,0
2025-03-03,2025,3,33.8,21.3,12.499999999999996,3.0,0.0,6.0,0.0,450.0,0.0,0.0,32.333333333333336,19.533333333333335,12.800000000000002,0.0,32.9,20.7,0,1.0,6.123233995736766e-17,0.8758917051442429,0.48250774176121847,1,0,0,0
2025-03-04,2025,3,33.4,21.0,12.399999999999999,3.0,0.0,6.0,0.0,450.0,0.0,0.0,32.93333333333334,20.46666666666667,12.466666666666667,0.0,33.8,21.3,0,1.0,6.123233995736766e-17,0.8840675099433636,0.4673592171580022,1,0,0,0
2025-03-05,2025,3,34.1,20.3,13.8,3.0,0.0,6.0,0.0,450.0,0.0,0.0,33.366666666666674,21.000000000000004,12.366666666666665,0.0,33.4,21.0,0,1.0,6.123233995736766e-17,0.8919813464595485,0.45207220393230435,1,0,0,0
2025-03-06,2025,3,33.5,21.8,11.7,3.0,0.0,6.0,0.0,450.0,0.0,0.0,33.76666666666667,20.86666666666667,12.899999999999999,0.0,34.1,20.3,0,1.0,6.123233995736766e-17,0.8996308696522433,0.43665123195606403,1,0,0,0
2025-03-07,2025,3,34.6,20.0,14.600000000000001,3.0,0.0,6.0,0.0,450.0,0.0,0.0,33.66666666666667,21.033333333333335,12.633333333333333,0.0,33.5,21.8,0,1.0,6.123233995736766e-17,0.9070138128026359,0.4211008707960896,1,0,0,0
2025-03-08,2025,3,34.4,20.4,14.0,3.0,0.0,6.0,0.0,450.0,0.0,0.0,34.06666666666667,20.700000000000003,13.366666666666667,0.0,34.6,20.0,0,1.0,6.123233995736766e-17,0.9141279881853337,0.40542572835999735,1,0,0,0
2025-03-09,2025,3,34.5,19.7,14.8,3.0,0.0,6.0,0.0,450.0,0.0,0.0,34.16666666666667,20.733333333333338,13.433333333333332,0.0,34.4,20.4,0,1.0,6.123233995736766e-17,0.9209712877166346,0.38963044953078796,1,0,0,0
2025-03-10,2025,3,31.5,18.1,13.399999999999999,3.0,0.0,6.0,0.0,450.0,0.0,0.0,34.50000000000001,20.033333333333335,14.466666666666669,0.0,34.5,19.7,0,1.0,6.123233995736766e-17,0.9275416835791966,0.37371971479046906,1,0,0,0
2025-03-11,2025,3,31.9,18.7,13.2,3.0,0.0,6.0,0.0,450.0,0.0,0.0,33.46666666666667,19.400000000000002,14.066666666666668,0.0,31.5,18.1,0,1.0,6.123233995736766e-17,0.9338372288229252,0.35769823883312546,1,0,0,0
2025-03-12,2025,3,32.8,20.8,11.999999999999996,3.0,0.0,6.0,0.0,450.0,0.0,0.0,32.63333333333333,18.833333333333336,13.799999999999999,0.0,31.9,18.7,0,1.0,6.123233995736766e-17,0.9398560579418954,0.3415707691678556,1,0,0,0
2025-03-13,2025,3,34.7,20.7,14.000000000000004,3.0,0.0,6.0,0.0,450.0,0.0,0.0,32.06666666666667,19.200000000000003,12.866666666666665,0.0,32.8,20.8,0,1.0,6.123233995736766e-17,0.9455963874271426,0.3253420847119801,1,0,0,0
2025-03-14,2025,3,35.4,20.6,14.799999999999997,3.0,0.0,6.0,0.0,450.0,0.0,0.0,33.13333333333333,20.066666666666666,13.066666666666668,0.0,34.7,20.7,0,1.0,6.123233995736766e-17,0.9510565162951535,0.30901699437494745,1,0,0,0
2025-03-15,2025,3,34.8,18.8,15.999999999999996,3.0,0.0,6.0,0.0,450.0,0.0,0.0,34.300000000000004,20.700000000000003,13.6,0.0,35.4,20.6,0,1.0,6.123233995736766e-17,0.9562348265919056,0.29260033563334836,1,0,0,0
2025-03-16,2025,3,34.6,19.5,15.100000000000001,3.0,0.0,6.0,0.0,450.0,0.0,0.0,34.966666666666676,20.033333333333335,14.933333333333332,0.0,34.8,18.8,0,1.0,6.123233995736766e-17,0.9611297838723007,0.27609697309746883,1,0,0,0
2025-03-17,2025,3,35.3,23.2,12.099999999999998,3.0,0.0,6.0,0.0,450.0,0.0,0.0,34.93333333333334,19.633333333333336,15.299999999999997,0.0,34.6,19.5,0,1.0,6.123233995736766e-17,0.9657399376548549,0.2595117970697999,1,0,0,0
2025-03-18,2025,3,35.0,22.7,12.3,3.0,0.0,6.0,0.0,450.0,0.0,0.0,34.900000000000006,20.500000000000004,14.399999999999999,0.0,35.3,23.2,0,1.0,6.123233995736766e-17,0.9700639218515071,0.2428497220959356,1,0,0,0
2025-03-19,2025,3,34.7,23.1,11.600000000000001,3.0,0.0,6.0,0.0,450.0,0.0,0.0,34.96666666666667,21.8,13.166666666666666,0.0,35.0,22.7,0,1.0,6.123233995736766e-17,0.9741004551724205,0.22611568550828828,1,0,0,0
2025-03-20,2025,3,34.2,21.4,12.800000000000004,3.0,0.0,6.0,0.0,450.0,0.0,0.0,35.00000000000001,23.0,12.0,0.0,34.7,23.1,0,1.0,6.123233995736766e-17,0.9778483415056568,0.20931464596304847,1,0,0,0
2025-03-21,2025,3,33.2,21.5,11.700000000000003,3.0,0.0,6.0,0.0,450.0,0.0,0.0,34.63333333333333,22.400000000000002,12.233333333333334,0.0,34.2,21.4,0,1.0,6.123233995736766e-17,0.9813064702716093,0.19245158197082998,1,0,0,0
2025-03-22,2025,3,33.4,22.9,10.5,3.0,0.0,6.0,0.0,450.0,0.0,0.0,34.03333333333334,22.0,12.033333333333337,0.0,33.2,21.5,0,1.0,6.123233995736766e-17,0.9844738167520922,0.1755314904214282,1,0,0,0
2025-03-23,2025,3,31.0,19.5,11.5,3.0,11.8,6.0,0.0,450.0,0.0,0.0,33.60000000000001,21.933333333333337,11.66666666666667,0.0,33.4,22.9,0,1.0,6.123233995736766e-17,0.9873494423939864,0.15855938510313478,1,0,1,1
2025-03-24,2025,3,32.7,22.8,9.900000000000002,3.0,0.0,6.0,0.0,450.0,11.8,11.799999999999937,32.53333333333334,21.3,11.233333333333334,11.8,31.0,19.5,1,1.0,6.123233995736766e-17,0.989932495087353,0.141540295217043,1,0,0,1
2025-03-25,2025,3,33.4,21.3,12.099999999999998,3.0,0.0,6.0,0.0,450.0,11.8,11.799999999999937,32.36666666666667,21.733333333333334,10.633333333333335,0.0,32.7,22.8,1,1.0,6.123233995736766e-17,0.9922222094179323,0.12447926388678915,1,0,0,0
2025-03-26,2025,3,33.4,22.9,10.5,3.0,0.0,6.0,0.0,450.0,11.8,11.799999999999937,32.366666666666674,21.200000000000003,11.166666666666666,0.0,33.4,21.3,0,1.0,6.123233995736766e-17,0.994217906893952,0.10738134666416309,1,0,0,0
2025-03-27,2025,3,33.6,22.6,11.0,3.0,0.0,6.0,0.0,450.0,0.0,11.799999999999937,33.16666666666667,22.33333333333334,10.833333333333334,0.0,33.4,22.9,0,1.0,6.123233995736766e-17,0.995918996147179,0.09025161003104117,1,0,0,0
2025-03-28,2025,3,34.1,23.3,10.8,3.0,0.0,6.0,0.0,450.0,0.0,11.799999999999937,33.46666666666667,22.26666666666667,11.199999999999998,0.0,33.6,22.6,0,1.0,6.123233995736766e-17,0.9973249731081555,0.07309512989807777,1,0,0,0
2025-03-29,2025,3,35.2,22.3,12.900000000000002,3.0,0.0,6.0,0.0,450.0,0.0,11.799999999999937,33.7,22.933333333333337,10.766666666666666,0.0,34.1,23.3,0,1.0,6.123233995736766e-17,0.9984354211555643,0.055916990100603484,1,0,0,0
2025-03-30,2025,3,35.0,21.0,14.0,3.0,0.0,6.0,0.0,450.0,0.0,11.799999999999937,34.300000000000004,22.733333333333334,11.566666666666668,0.0,35.2,22.3,0,1.0,6.123233995736766e-17,0.9992500112396835,0.03872228089217446,1,0,0,0
2025-03-31,2025,3,34.4,20.5,13.899999999999999,3.0,0.0,6.0,0.0,450.0,0.0,0.0,34.76666666666667,22.200000000000003,12.566666666666668,0.0,35.0,21.0,0,1.0,6.123233995736766e-17,0.9997685019798909,0.021516097436222254,1,0,0,0
2025-04-01,2025,4,32.0,21.1,10.899999999999999,3.0,0.0,6.0,0.0,426.0,0.0,0.0,34.866666666666674,21.26666666666667,13.6,0.0,34.4,20.5,0,0.8660254037844387,-0.4999999999999998,0.9999907397361901,0.004303538296244289,1,0,0,0
2025-04-02,2025,4,32.4,20.8,11.599999999999998,3.0,0.0,6.0,0.0,426.0,0.0,0.0,33.800000000000004,20.86666666666667,12.933333333333332,0.0,32.0,21.1,0,0.8660254037844387,-0.4999999999999998,0.9999166586547379,-0.01291029607500882,1,0,0,0
2025-04-03,2025,4,28.5,22.8,5.699999999999999,3.0,0.0,6.0,0.0,426.0,0.0,0.0,32.93333333333334,20.800000000000004,12.133333333333331,0.0,32.4,20.8,0,0.8660254037844387,-0.4999999999999998,0.9995462806873573,-0.030120304846908114,1,0,0,0
2025-04-04,2025,4,32.9,21.9,11.0,3.0,4.3,6.0,0.0,426.0,0.0,0.0,30.96666666666667,21.566666666666666,9.399999999999999,0.0,28.5,22.8,0,0.8660254037844387,-0.4999999999999998,0.9988797155850336,-0.04732138832243185,1,0,1,1
2025-04-05,2025,4,33.2,21.5,11.700000000000003,3.0,0.0,6.0,0.0,426.0,4.3,4.299999999999936,31.26666666666667,21.83333333333334,9.433333333333332,4.3,32.9,21.9,1,0.8660254037844387,-0.4999999999999998,0.9979171608653922,-0.06450844944931623,1,0,0,0
2025-04-06,2025,4,33.3,22.4,10.899999999999999,3.0,0.1,6.0,0.0,426.0,4.3,4.299999999999936,31.533333333333342,22.066666666666666,9.466666666666667,0.0,33.2,21.5,0,0.8660254037844387,-0.4999999999999998,0.9966589017541702,-0.08167639533042241,1,0,1,0
2025-04-07,2025,4,34.4,22.9,11.5,3.0,0.0,6.0,0.0,426.0,4.3999999999999995,4.3999999999999355,33.13333333333333,21.933333333333337,11.200000000000001,0.1,33.3,22.4,0,0.8660254037844387,-0.4999999999999998,0.9951053111006976,-0.09882013873287143,1,0,0,0
2025-04-08,2025,4,35.1,22.4,12.700000000000003,3.0,0.0,6.0,0.0,426.0,0.1,4.3999999999999355,33.63333333333333,22.266666666666666,11.366666666666667,0.0,34.4,22.9,0,0.8660254037844387,-0.4999999999999998,0.9932568492674143,-0.11593459959550041,1,0,0,0
2025-04-09,2025,4,34.2,22.0,12.200000000000003,3.0,0.0,6.0,0.0,426.0,0.1,4.3999999999999355,34.26666666666667,22.566666666666666,11.700000000000001,0.0,35.1,22.4,0,0.8660254037844387,-0.4999999999999998,0.9911140639934547,-0.1330147065341959,1,0,0,0
2025-04-10,2025,4,32.9,22.7,10.2,3.0,0.0,6.0,0.0,426.0,0.0,4.3999999999999355,34.56666666666667,22.433333333333337,12.133333333333335,0.0,34.2,22.0,0,0.8660254037844387,-0.4999999999999998,0.9886775902323405,-0.1500553983446526,1,0,0,0
2025-04-11,2025,4,33.3,22.8,10.499999999999996,3.0,0.0,6.0,0.0,426.0,0.0,4.3999999999999355,34.06666666666667,22.366666666666664,11.700000000000003,0.0,32.9,22.7,0,0.8660254037844387,-0.4999999999999998,0.9859481499638304,-0.16705162550211924,1,0,0,0
2025-04-12,2025,4,33.7,21.0,12.700000000000003,3.0,0.8,6.0,0.0,426.0,0.0,0.09999999999993606,33.466666666666676,22.500000000000004,10.966666666666667,0.0,33.3,22.8,0,0.8660254037844387,-0.4999999999999998,0.9829265519799822,-0.18399835165768005,1,0,1,1
2025-04-13,2025,4,33.6,20.3,13.3,3.0,4.3,6.0,0.0,426.0,0.8,0.8999999999999361,33.300000000000004,22.16666666666667,11.133333333333333,0.8,33.7,21.0,1,0.8660254037844387,-0.4999999999999998,0.9796136916454901,-0.20089055513063506,1,0,1,0
2025-04-14,2025,4,34.1,21.9,12.200000000000003,3.0,0.0,6.0,0.0,426.0,5.1,5.099999999999936,33.53333333333334,21.36666666666667,12.166666666666666,4.3,33.6,20.3,0,0.8660254037844387,-0.4999999999999998,0.9760105506323683,-0.21772323039653177,1,0,0,0
2025-04-15,2025,4,34.0,21.0,13.0,3.0,6.2,6.0,0.0,426.0,5.1,5.099999999999936,33.800000000000004,21.06666666666667,12.733333333333334,0.0,34.1,21.9,0,0.8660254037844387,-0.4999999999999998,0.9721181966290613,-0.23449138957040985,1,0,1,1
2025-04-16,2025,4,32.8,20.5,12.299999999999997,3.0,5.8,6.0,0.0,426.0,10.5,11.299999999999937,33.900000000000006,21.066666666666666,12.833333333333334,6.2,34.0,21.0,1,0.8660254037844387,-0.4999999999999998,0.9679377830240642,-0.25119006388481935,1,0,1,0
2025-04-17,2025,4,32.5,20.4,12.100000000000001,3.0,9.3,6.0,0.0,426.0,12.0,17.099999999999937,33.63333333333334,21.133333333333336,12.5,5.8,32.8,20.5,0,0.8660254037844387,-0.4999999999999998,0.9634705485641488,-0.2678143051621742,1,0,1,1
2025-04-18,2025,4,32.2,23.6,8.600000000000001,3.0,0.0,6.0,0.0,426.0,21.3,26.399999999999935,33.1,20.633333333333336,12.466666666666667,9.3,32.5,20.4,1,0.8660254037844387,-0.4999999999999998,0.9587178169872964,-0.2843591872810034,1,0,0,0
2025-04-19,2025,4,32.8,22.4,10.399999999999999,3.0,0.6,6.0,0.0,426.0,15.100000000000001,26.399999999999935,32.50000000000001,21.5,11.0,0.0,32.2,23.6,0,0.8660254037844387,-0.4999999999999998,0.9536809966304457,-0.30081980763566735,1,0,1,1
2025-04-20,2025,4,33.4,23.0,10.399999999999999,3.0,0.1,6.0,0.0,426.0,9.9,26.199999999999935,32.50000000000001,22.133333333333336,10.366666666666667,0.6,32.8,22.4,1,0.8660254037844387,-0.4999999999999998,0.9483615800121715,-0.3171912885891061,1,0,1,0
2025-04-21,2025,4,33.4,20.8,12.599999999999998,3.0,0.8,6.0,0.0,426.0,0.7,21.999999999999936,32.800000000000004,23.0,9.799999999999999,0.1,33.4,23.0,0,0.8660254037844387,-0.4999999999999998,0.9427611433904207,-0.3334687789181868,1,0,1,1
2025-04-22,2025,4,34.4,21.5,12.899999999999999,3.0,0.0,6.0,0.0,426.0,1.5,22.799999999999933,33.2,22.066666666666666,11.133333333333331,0.8,33.4,20.8,1,0.8660254037844387,-0.4999999999999998,0.9368813462954315,-0.3496474552512284,1,0,0,0
2025-04-23,2025,4,35.4,23.9,11.5,3.0,0.0,6.0,0.0,426.0,0.9,16.599999999999937,33.73333333333334,21.76666666666667,11.966666666666663,0.0,34.4,21.5,0,0.8660254037844387,-0.4999999999999998,0.9307239310379795,-0.36572252349726897,1,0,0,0
2025-04-24,2025,4,35.4,23.8,11.599999999999998,3.0,0.0,6.0,0.0,426.0,0.8,10.799999999999937,34.4,22.066666666666666,12.333333333333334,0.0,35.4,23.9,0,0.8660254037844387,-0.4999999999999998,0.9242907221930934,-0.3816892202666588,1,0,0,0
2025-04-25,2025,4,34.4,24.4,10.0,3.0,0.0,6.0,0.0,426.0,0.0,1.499999999999936,35.06666666666667,23.066666666666674,12.0,0.0,35.4,23.8,0,0.8660254037844387,-0.4999999999999998,0.9175836260593937,-0.39754281428255595,1,0,0,0
2025-04-26,2025,4,33.7,24.1,9.600000000000001,3.0,0.0,6.0,0.0,426.0,0.0,1.499999999999936,35.06666666666667,24.033333333333335,11.033333333333331,0.0,34.4,24.4,0,0.8660254037844387,-0.4999999999999998,0.9106046300942163,-0.4132786077829042,1,0,0,0
2025-04-27,2025,4,33.8,23.9,9.899999999999999,3.0,0.0,6.0,0.0,426.0,0.0,0.8999999999999361,34.50000000000001,24.100000000000005,10.4,0.0,33.7,24.1,0,0.8660254037844387,-0.4999999999999998,0.9033558023246845,-0.4288919379124835,1,0,0,0
2025-04-28,2025,4,33.8,23.6,10.199999999999996,3.0,0.0,6.0,0.0,426.0,0.0,0.7999999999999361,33.966666666666676,24.133333333333336,9.833333333333334,0.0,33.8,23.9,0,0.8660254037844387,-0.4999999999999998,0.895839290734909,-0.4443781781046132,1,0,0,0
2025-04-29,2025,4,34.2,24.0,10.200000000000003,3.0,0.0,6.0,0.0,426.0,0.0,0.0,33.76666666666667,23.86666666666667,9.899999999999999,0.0,33.8,23.6,0,0.8660254037844387,-0.4999999999999998,0.8880573226294932,-0.45973273945210397,1,0,0,0
2025-04-30,2025,4,33.5,22.7,10.8,3.0,0.0,6.0,0.0,426.0,0.0,0.0,33.93333333333334,23.833333333333332,10.1,0.0,34.2,24.0,0,0.8660254037844387,-0.4999999999999998,0.8800122039735357,-0.47495107206704995,1,0,0,0
2025-05-01,2025,5,34.0,21.6,12.399999999999999,3.0,6.6,5.5,2.0,342.0,0.0,0.0,33.833333333333336,23.433333333333337,10.4,0.0,33.5,22.7,0,0.49999999999999994,-0.8660254037844387,0.8717063187093219,-0.49002866642905923,1,0,1,0
2025-05-02,2025,5,33.0,20.5,12.5,3.0,19.6,5.5,2.0,342.0,6.6,6.599999999999936,33.900000000000006,22.76666666666667,11.133333333333335,6.6,34.0,21.6,0,0.49999999999999994,-0.8660254037844387,0.8631421280499114,-0.5049610547215204,1,0,1,1
2025-05-03,2025,5,32.0,20.0,12.0,3.0,6.7,5.5,2.0,342.0,26.200000000000003,26.19999999999994,33.50000000000001,21.600000000000005,11.9,19.6,33.0,20.5,1,0.49999999999999994,-0.8660254037844387,0.854322169749827,-0.5197438121555155,1,0,1,1
2025-05-04,2025,5,33.2,21.7,11.500000000000004,3.0,0.0,5.5,2.0,342.0,32.900000000000006,32.89999999999994,33.00000000000001,20.700000000000003,12.299999999999999,6.7,32.0,20.0,1,0.49999999999999994,-0.8660254037844387,0.8452490573530633,-0.5343725582809786,1,0,0,0
2025-05-05,2025,5,32.8,22.4,10.399999999999999,3.0,0.0,5.5,2.0,342.0,26.3,32.89999999999994,32.73333333333334,20.733333333333338,12.0,0.0,33.2,21.7,0,0.49999999999999994,-0.8660254037844387,0.8359254794186372,-0.548842958284719,1,0,0,0
2025-05-06,2025,5,34.4,21.9,12.5,3.0,0.0,5.5,2.0,342.0,6.7,32.89999999999994,32.66666666666667,21.366666666666664,11.300000000000002,0.0,32.8,22.4,0,0.49999999999999994,-0.8660254037844387,0.8263541987239096,-0.5631507242749186,1,0,0,0
2025-05-07,2025,5,33.2,23.6,9.600000000000001,3.0,0.0,5.5,2.0,342.0,0.0,32.89999999999994,33.46666666666667,22.0,11.466666666666669,0.0,34.4,21.9,0,0.49999999999999994,-0.8660254037844387,0.8165380514459161,-0.5772916165517272,1,0,0,0
2025-05-08,2025,5,32.8,22.4,10.399999999999999,3.0,0.0,5.5,2.0,342.0,0.0,32.89999999999994,33.46666666666667,22.633333333333336,10.833333333333334,0.0,33.2,23.6,0,0.49999999999999994,-0.8660254037844387,0.8064799463209448,-0.5912614448635781,1,0,0,0
2025-05-09,2025,5,32.6,22.5,10.100000000000001,3.0,0.0,5.5,2.0,342.0,0.0,26.299999999999937,33.46666666666667,22.633333333333336,10.833333333333334,0.0,32.8,22.4,0,0.49999999999999994,-0.8660254037844387,0.7961828637826158,-0.6050560696488488,1,0,0,0
2025-05-10,2025,5,33.2,23.0,10.200000000000003,3.0,0.0,5.5,2.0,342.0,0.0,6.699999999999936,32.86666666666667,22.833333333333332,10.033333333333333,0.0,32.6,22.5,0,0.49999999999999994,-0.8660254037844387,0.7856498550787147,-0.6186714032625031,1,0,0,0
2025-05-11,2025,5,33.7,23.0,10.700000000000003,3.0,0.1,5.5,2.0,342.0,0.0,0.0,32.86666666666667,22.633333333333336,10.233333333333334,0.0,33.2,23.0,0,0.49999999999999994,-0.8660254037844387,0.7748840413670407,-0.6321034111873487,1,0,1,0
2025-05-12,2025,5,33.7,22.4,11.300000000000004,3.0,0.0,5.5,2.0,342.0,0.1,0.09999999999993606,33.16666666666667,22.833333333333332,10.333333333333336,0.1,33.7,23.0,0,0.49999999999999994,-0.8660254037844387,0.7638886127905428,-0.6453481132295501,1,0,0,0
2025-05-13,2025,5,32.0,21.0,11.0,3.0,7.0,5.5,2.0,342.0,0.1,0.09999999999993606,33.53333333333334,22.8,10.733333333333336,0.0,33.7,22.4,0,0.49999999999999994,-0.8660254037844387,0.7526668275320084,-0.6584015846980488,1,0,1,1
2025-05-14,2025,5,31.3,19.9,11.400000000000002,3.0,34.7,5.5,2.0,342.0,7.1,7.099999999999936,33.13333333333334,22.133333333333336,11.000000000000002,7.0,32.0,21.0,1,0.49999999999999994,-0.8660254037844387,0.741222010848596,-0.6712599575675313,1,0,1,1
2025-05-15,2025,5,31.4,20.0,11.399999999999999,3.0,5.2,5.5,2.0,342.0,41.7,41.79999999999994,32.333333333333336,21.1,11.233333333333334,34.7,31.3,19.9,1,0.49999999999999994,-0.8660254037844387,0.7295575540864875,-0.6839194216246106,1,0,1,1
2025-05-16,2025,5,30.2,21.2,9.0,3.0,14.4,5.5,2.0,342.0,46.900000000000006,46.99999999999994,31.566666666666674,20.3,11.266666666666666,5.2,31.4,20.0,1,0.49999999999999994,-0.8660254037844387,0.717676913675962,-0.6963762255968722,1,0,1,1
2025-05-17,2025,5,29.7,21.2,8.5,3.0,12.3,5.5,2.0,342.0,54.300000000000004,61.39999999999994,30.96666666666667,20.36666666666667,10.6,14.4,30.2,21.2,1,0.49999999999999994,-0.8660254037844387,0.705583610107178,-0.7086266782644596,1,0,1,1
2025-05-18,2025,5,29.4,21.0,8.399999999999999,3.0,34.2,5.5,2.0,342.0,31.900000000000002,73.69999999999995,30.433333333333337,20.8,9.633333333333333,12.3,29.7,21.2,1,0.49999999999999994,-0.8660254037844387,0.6932812268869777,-0.7206671495538609,1,0,1,1
2025-05-19,2025,5,26.8,20.8,6.0,3.0,105.5,5.5,2.0,342.0,60.900000000000006,107.79999999999995,29.76666666666667,21.133333333333336,8.633333333333333,34.2,29.4,21.0,1,0.49999999999999994,-0.8660254037844387,0.6807734094770161,-0.7324940716135789,1,0,1,1
2025-05-20,2025,5,27.2,21.7,5.5,3.0,37.2,5.5,2.0,342.0,152.0,213.29999999999995,28.633333333333336,21.0,7.633333333333333,105.5,26.8,20.8,1,0.49999999999999994,-0.8660254037844387,0.6680638642135335,-0.7441039398713607,1,0,1,0
2025-05-21,2025,5,27.4,21.0,6.399999999999999,3.0,14.1,5.5,2.0,342.0,176.89999999999998,243.49999999999994,27.8,21.166666666666668,6.633333333333333,37.2,27.2,21.7,0,0.49999999999999994,-0.8660254037844387,0.6551563572090853,-0.7554933140726803,1,0,1,0
2025-05-22,2025,5,29.2,20.4,8.8,3.0,0.0,5.5,2.0,342.0,156.8,222.89999999999995,27.13333333333334,21.166666666666668,5.966666666666666,14.1,27.4,21.0,0,0.49999999999999994,-0.8660254037844387,0.6420547132365637,-0.766658819300159,1,0,0,0
2025-05-23,2025,5,28.7,21.0,7.699999999999999,3.0,0.0,5.5,2.0,342.0,51.300000000000004,217.69999999999996,27.933333333333337,21.033333333333335,6.8999999999999995,0.0,29.2,20.4,0,0.49999999999999994,-0.8660254037844387,0.6287628145958344,-0.777597146973627,1,0,0,0
2025-05-24,2025,5,26.6,21.7,4.900000000000002,3.0,1.0,5.5,2.0,342.0,14.1,203.29999999999995,28.433333333333337,20.8,7.633333333333333,0.0,28.7,21.0,0,0.49999999999999994,-0.8660254037844387,0.6152845999633276,-0.7883050558305255,1,0,1,0
2025-05-25,2025,5,26.6,21.1,5.5,3.0,1.3,5.5,2.0,342.0,1.0,191.99999999999994,28.16666666666667,21.033333333333335,7.133333333333334,1.0,26.6,21.7,0,0.49999999999999994,-0.8660254037844387,0.6016240632249226,-0.7987793728863649,1,0,1,0
2025-05-26,2025,5,26.7,20.5,6.199999999999999,3.0,3.4,5.5,2.0,342.0,2.3,159.09999999999994,27.300000000000008,21.26666666666667,6.033333333333334,1.3,26.6,21.1,0,0.49999999999999994,-0.8660254037844387,0.5877852522924732,-0.8090169943749473,1,0,1,0
2025-05-27,2025,5,28.2,20.2,8.0,3.0,5.2,5.5,2.0,342.0,5.7,56.99999999999994,26.633333333333336,21.100000000000005,5.533333333333334,3.4,26.7,20.5,0,0.49999999999999994,-0.8660254037844387,0.5737722679043246,-0.8190148866680801,1,0,1,0
2025-05-28,2025,5,28.1,21.6,6.5,3.0,0.0,5.5,2.0,342.0,9.9,24.999999999999943,27.16666666666667,20.6,6.566666666666666,5.2,28.2,20.2,0,0.49999999999999994,-0.8660254037844387,0.5595892624101765,-0.8287700871745038,1,0,0,0
2025-05-29,2025,5,25.6,20.7,4.900000000000002,3.0,2.7,5.5,2.0,342.0,8.6,10.899999999999944,27.66666666666667,20.76666666666667,6.8999999999999995,0.0,28.1,21.6,0,0.49999999999999994,-0.8660254037844387,0.545240438540651,-0.8382797052177744,1,0,1,0
2025-05-30,2025,5,26.6,21.3,5.300000000000001,3.0,0.6,5.5,2.0,342.0,7.9,13.599999999999945,27.300000000000008,20.83333333333334,6.466666666666668,2.7,25.6,20.7,0,0.49999999999999994,-0.8660254037844387,0.5307300481619334,-0.8475409228928311,1,0,1,0
2025-05-31,2025,5,29.4,20.6,8.799999999999997,3.0,3.2,5.5,2.0,342.0,3.3000000000000003,14.199999999999944,26.76666666666667,21.200000000000003,5.566666666666667,0.6,26.6,21.3,0,0.49999999999999994,-0.8660254037844387,0.5160623910158528,-0.8565509959010036,1,0,1,0
2025-06-01,2025,6,30.6,21.3,9.3,5.0,0.0,5.0,11.0,195.0,6.5,16.399999999999945,27.200000000000006,20.86666666666667,6.333333333333333,3.2,29.4,20.6,0,1.2246467991473532e-16,-1.0,0.5012418134457758,-0.865307254363206,2,0,0,0
2025-06-02,2025,6,29.8,21.2,8.600000000000001,5.0,0.0,5.0,11.0,195.0,3.8000000000000003,15.099999999999943,28.86666666666667,21.066666666666666,7.8,0.0,30.6,21.3,0,1.2246467991473532e-16,-1.0,0.48627270710869,-0.8738071036110808,2,0,0,0
2025-06-03,2025,6,28.2,20.9,7.300000000000001,5.0,0.0,5.0,11.0,195.0,3.2,11.699999999999942,29.933333333333337,21.033333333333335,8.9,0.0,29.8,21.2,0,1.2246467991473532e-16,-1.0,0.4711595076738638,-0.8820480249558537,2,0,0,0
2025-06-04,2025,6,31.1,20.9,10.200000000000003,5.0,0.0,5.0,11.0,195.0,0.0,6.499999999999943,29.533333333333335,21.133333333333336,8.4,0.0,28.2,20.9,0,1.2246467991473532e-16,-1.0,0.4559066935084588,-0.8900275764346767,2,0,0,0
2025-06-05,2025,6,30.5,20.7,9.8,5.0,0.8,5.0,11.0,195.0,0.0,6.499999999999943,29.700000000000006,21.000000000000004,8.700000000000001,0.0,31.1,20.9,0,1.2246467991473532e-16,-1.0,0.440518784350495,-0.8977433935342337,2,0,1,0
2025-06-06,2025,6,31.6,22.2,9.400000000000002,5.0,0.0,5.0,11.0,195.0,0.8,4.599999999999944,29.933333333333337,20.833333333333332,9.100000000000001,0.8,30.5,20.7,0,1.2246467991473532e-16,-1.0,0.42500033996955416,-0.9051931898913974,2,0,0,0
2025-06-07,2025,6,31.4,22.2,9.2,5.0,0.0,5.0,11.0,195.0,0.8,3.999999999999943,31.066666666666674,21.26666666666667,9.800000000000002,0.0,31.6,22.2,0,1.2246467991473532e-16,-1.0,0.4093559588156213,-0.9123747579707273,2,0,0,0
2025-06-08,2025,6,31.8,21.6,10.2,5.0,0.0,5.0,11.0,195.0,0.8,0.7999999999999432,31.16666666666667,21.700000000000003,9.466666666666667,0.0,31.4,22.2,0,1.2246467991473532e-16,-1.0,0.39359027665646673,-0.9192859697186104,2,0,0,0
2025-06-09,2025,6,30.2,21.7,8.5,5.0,2.6,5.0,11.0,195.0,0.0,0.7999999999999432,31.600000000000005,22.0,9.6,0.0,31.8,21.6,0,1.2246467991473532e-16,-1.0,0.3777079652039649,-0.9259247771938498,2,0,1,0
2025-06-10,2025,6,30.6,21.2,9.400000000000002,5.0,1.5,5.0,11.0,195.0,2.6,3.3999999999999435,31.133333333333336,21.833333333333332,9.299999999999999,2.6,30.2,21.7,0,1.2246467991473532e-16,-1.0,0.36171373072976765,-0.9322892131745133,2,0,1,0
2025-06-11,2025,6,29.0,21.2,7.800000000000001,5.0,33.0,5.0,11.0,195.0,4.1,4.8999999999999435,30.866666666666674,21.5,9.366666666666667,1.5,30.6,21.2,0,1.2246467991473532e-16,-1.0,0.3456123126707335,-0.9383773917408641,2,0,1,1
2025-06-12,2025,6,28.8,21.0,7.800000000000001,5.0,5.5,5.0,11.0,195.0,37.1,37.89999999999994,29.933333333333337,21.36666666666667,8.566666666666668,33.0,29.0,21.2,1,1.2246467991473532e-16,-1.0,0.3294084822245304,-0.9441875088341993,2,0,1,0
2025-06-13,2025,6,27.5,21.2,6.300000000000001,5.0,0.0,5.0,11.0,195.0,40.0,42.599999999999945,29.46666666666667,21.133333333333336,8.333333333333334,5.5,28.8,21.0,0,1.2246467991473532e-16,-1.0,0.3131070409358269,-0.9497178427914316,2,0,0,0
2025-06-14,2025,6,26.7,21.1,5.599999999999998,5.0,0.6,5.0,11.0,195.0,38.5,42.599999999999945,28.433333333333337,21.133333333333336,7.300000000000001,0.0,27.5,21.2,0,1.2246467991473532e-16,-1.0,0.29671281927349075,-0.9549667548552551,2,0,1,0
2025-06-15,2025,6,26.6,19.9,6.700000000000003,5.0,3.4,5.0,11.0,195.0,6.1,43.199999999999946,27.66666666666667,21.100000000000005,6.566666666666666,0.6,26.7,21.1,0,1.2246467991473532e-16,-1.0,0.2802306751992159,-0.9599326896597447,2,0,1,0
2025-06-16,2025,6,27.1,20.0,7.100000000000001,5.0,0.1,5.0,11.0,195.0,4.0,46.599999999999945,26.933333333333337,20.733333333333334,6.2,3.4,26.6,19.9,0,1.2246467991473532e-16,-1.0,0.26366549272800704,-0.9646141756912435,2,0,1,0
2025-06-17,2025,6,27.6,20.8,6.800000000000001,5.0,0.2,5.0,11.0,195.0,4.1,44.099999999999945,26.800000000000008,20.333333333333332,6.466666666666668,0.1,27.1,20.0,0,1.2246467991473532e-16,-1.0,0.24702218048093552,-0.9690098257244062,2,0,1,0
2025-06-18,2025,6,29.3,20.4,8.900000000000002,5.0,1.1,5.0,11.0,195.0,3.6999999999999997,42.79999999999994,27.100000000000005,20.233333333333338,6.866666666666668,0.2,27.6,20.8,0,1.2246467991473532e-16,-1.0,0.23030567023061221,-0.9731183372332619,2,0,1,0
2025-06-19,2025,6,28.4,20.5,7.899999999999999,5.0,1.7,5.0,11.0,195.0,1.4000000000000001,10.899999999999944,28.00000000000001,20.400000000000002,7.600000000000001,1.1,29.3,20.4,0,1.2246467991473532e-16,-1.0,0.21352091543979612,-0.9769384927771817,2,0,1,0
2025-06-20,2025,6,30.2,21.2,9.0,5.0,0.0,5.0,11.0,195.0,3.0,7.099999999999943,28.433333333333337,20.566666666666666,7.866666666666667,1.7,28.4,20.5,0,1.2246467991473532e-16,-1.0,0.19667288979357647,-0.980469160361632,2,0,0,0
2025-06-21,2025,6,29.8,21.4,8.400000000000002,5.0,0.0,5.0,11.0,195.0,2.8000000000000003,7.099999999999943,29.300000000000008,20.700000000000003,8.6,0.0,30.2,21.2,0,1.2246467991473532e-16,-1.0,0.1797665857255624,-0.9837092937736097,2,0,0,0
2025-06-22,2025,6,28.1,21.0,7.100000000000001,5.0,0.0,5.0,11.0,195.0,1.7,6.499999999999943,29.46666666666667,21.033333333333335,8.433333333333334,0.0,29.8,21.4,0,1.2246467991473532e-16,-1.0,0.16280701293851715,-0.986657932891657,2,0,0,0
2025-06-23,2025,6,27.8,20.3,7.5,5.0,6.9,5.0,11.0,195.0,0.0,3.0999999999999432,29.366666666666674,21.200000000000003,8.166666666666668,0.0,28.1,21.0,0,1.2246467991473532e-16,-1.0,0.1457991969198751,-0.9893142039703663,2,0,1,0
2025-06-24,2025,6,27.2,21.0,6.199999999999999,5.0,0.0,5.0,11.0,195.0,6.9,9.899999999999944,28.566666666666674,20.900000000000002,7.666666666666668,6.9,27.8,20.3,0,1.2246467991473532e-16,-1.0,0.12874817745258132,-0.99167731989929,2,0,0,0
2025-06-25,2025,6,27.6,21.0,6.600000000000001,5.0,0.0,5.0,11.0,195.0,6.9,9.699999999999944,27.700000000000006,20.76666666666667,6.933333333333334,0.0,27.2,21.0,0,1.2246467991473532e-16,-1.0,0.11165900712169512,-0.993746580436178,2,0,0,0
2025-06-26,2025,6,28.4,21.0,7.399999999999999,5.0,0.0,5.0,11.0,195.0,6.9,8.599999999999943,27.533333333333342,20.76666666666667,6.766666666666667,0.0,27.6,21.0,0,1.2246467991473532e-16,-1.0,0.09453674981719912,-0.9955213724144752,2,0,0,0
2025-06-27,2025,6,28.8,20.5,8.3,5.0,0.0,5.0,11.0,195.0,0.0,6.8999999999999435,27.733333333333338,21.0,6.733333333333333,0.0,28.4,21.0,0,1.2246467991473532e-16,-1.0,0.07738647923346301,-0.9970011699250151,2,0,0,0
2025-06-28,2025,6,29.2,21.0,8.2,5.0,0.6,5.0,11.0,195.0,0.0,6.8999999999999435,28.26666666666667,20.833333333333336,7.433333333333334,0.0,28.8,20.5,0,1.2246467991473532e-16,-1.0,0.06021327736579302,-0.9981855344718586,2,0,1,0
2025-06-29,2025,6,29.9,21.0,8.899999999999999,5.0,0.0,5.0,11.0,195.0,0.6,7.499999999999943,28.8,20.833333333333336,7.966666666666666,0.6,29.2,21.0,0,1.2246467991473532e-16,-1.0,0.04302223300453059,-0.99907411510223,2,0,0,0
2025-06-30,2025,6,29.5,20.3,9.2,5.0,0.0,5.0,11.0,195.0,0.6,7.499999999999943,29.3,20.833333333333336,8.466666666666667,0.0,29.9,21.0,0,1.2246467991473532e-16,-1.0,0.02581844022713308,-0.9996666485105112,2,0,0,0
2025-07-01,2025,7,26.6,20.5,6.100000000000001,6.0,0.0,4.8,10.0,132.0,0.6,0.5999999999999431,29.533333333333342,20.76666666666667,8.766666666666666,0.0,29.5,20.3,0,-0.4999999999999997,-0.8660254037844388,0.008606996888688698,-0.9999629591162655,2,0,0,0
2025-07-02,2025,7,28.2,20.6,7.599999999999998,6.0,0.8,4.8,10.0,132.0,0.0,0.5999999999999431,28.66666666666667,20.600000000000005,8.066666666666666,0.0,26.6,20.5,0,-0.4999999999999997,-0.8660254037844388,-0.008606996888688009,-0.9999629591162655,2,0,1,0
2025-07-03,2025,7,28.1,20.6,7.5,6.0,0.6,4.8,10.0,132.0,0.8,1.399999999999943,28.100000000000005,20.46666666666667,7.633333333333333,0.8,28.2,20.6,0,-0.4999999999999997,-0.8660254037844388,-0.02581844022713239,-0.9996666485105112,2,0,1,0
2025-07-04,2025,7,28.7,20.4,8.3,6.0,0.0,4.8,10.0,132.0,1.4,1.9999999999999432,27.63333333333334,20.566666666666674,7.066666666666666,0.6,28.1,20.6,0,-0.4999999999999997,-0.8660254037844388,-0.04302223300453034,-0.99907411510223,2,0,0,0
2025-07-05,2025,7,26.7,19.8,6.899999999999999,6.0,0.0,4.8,10.0,132.0,1.4,1.9999999999999432,28.33333333333334,20.533333333333335,7.8,0.0,28.7,20.4,0,-0.4999999999999997,-0.8660254037844388,-0.060213277365792774,-0.9981855344718586,2,0,0,0
2025-07-06,2025,7,26.6,20.5,6.100000000000001,6.0,0.1,4.8,10.0,132.0,0.6,1.399999999999943,27.83333333333334,20.26666666666667,7.566666666666666,0.0,26.7,19.8,0,-0.4999999999999997,-0.8660254037844388,-0.07738647923346322,-0.9970011699250151,2,0,1,0
2025-07-07,2025,7,28.6,20.6,8.0,6.0,0.6,4.8,10.0,132.0,0.1,1.4999999999999432,27.33333333333334,20.233333333333334,7.1000000000000005,0.1,26.6,20.5,0,-0.4999999999999997,-0.8660254037844388,-0.09453674981719933,-0.9955213724144752,2,0,1,0
2025-07-08,2025,7,29.4,20.4,9.0,6.0,0.0,4.8,10.0,132.0,0.7,2.099999999999943,27.300000000000008,20.300000000000004,7.0,0.6,28.6,20.6,0,-0.4999999999999997,-0.8660254037844388,-0.11165900712169444,-0.9937465804361781,2,0,0,0
2025-07-09,2025,7,30.0,20.2,9.8,6.0,0.0,4.8,10.0,132.0,0.7,2.099999999999943,28.200000000000003,20.500000000000004,7.7,0.0,29.4,20.4,0,-0.4999999999999997,-0.8660254037844388,-0.12874817745258066,-0.99167731989929,2,0,0,0
2025-07-10,2025,7,29.2,20.9,8.3,6.0,0.0,4.8,10.0,132.0,0.6,1.2999999999999432,29.33333333333334,20.400000000000002,8.933333333333334,0.0,30.0,20.2,0,-0.4999999999999997,-0.8660254037844388,-0.14579919691987442,-0.9893142039703664,2,0,0,0
2025-07-11,2025,7,30.0,20.8,9.2,6.0,0.1,4.8,10.0,132.0,0.0,0.6999999999999431,29.533333333333335,20.5,9.033333333333333,0.0,29.2,20.9,0,-0.4999999999999997,-0.8660254037844388,-0.16280701293851646,-0.9866579328916572,2,0,1,0
2025-07-12,2025,7,27.6,20.6,7.0,6.0,7.4,4.8,10.0,132.0,0.1,0.7999999999999431,29.733333333333338,20.633333333333336,9.1,0.1,30.0,20.8,0,-0.4999999999999997,-0.8660254037844388,-0.17976658572556214,-0.9837092937736098,2,0,1,0
2025-07-13,2025,7,29.4,20.9,8.5,6.0,1.1,4.8,10.0,132.0,7.5,8.199999999999944,28.933333333333337,20.76666666666667,8.166666666666666,7.4,27.6,20.6,0,-0.4999999999999997,-0.8660254037844388,-0.19667288979357622,-0.9804691603616321,2,0,1,0
2025-07-14,2025,7,29.1,20.1,9.0,6.0,34.0,4.8,10.0,132.0,8.6,9.199999999999944,29.000000000000004,20.76666666666667,8.233333333333333,1.1,29.4,20.9,0,-0.4999999999999997,-0.8660254037844388,-0.2135209154397959,-0.9769384927771817,2,0,1,0
2025-07-15,2025,7,28.4,20.4,8.0,6.0,0.1,4.8,10.0,132.0,42.5,42.599999999999945,28.700000000000006,20.533333333333335,8.166666666666666,34.0,29.1,20.1,0,-0.4999999999999997,-0.8660254037844388,-0.23030567023061196,-0.973118337233262,2,0,1,0
2025-07-16,2025,7,29.5,20.6,8.899999999999999,6.0,0.0,4.8,10.0,132.0,35.2,42.699999999999946,28.96666666666667,20.46666666666667,8.5,0.1,28.4,20.4,0,-0.4999999999999997,-0.8660254037844388,-0.24702218048093527,-0.9690098257244063,2,0,0,0
2025-07-17,2025,7,28.8,20.3,8.5,6.0,4.5,4.8,10.0,132.0,34.1,42.699999999999946,29.000000000000004,20.36666666666667,8.633333333333333,0.0,29.5,20.6,0,-0.4999999999999997,-0.8660254037844388,-0.2636654927280072,-0.9646141756912435,2,0,1,0
2025-07-18,2025,7,27.9,20.1,7.799999999999997,6.0,7.0,4.8,10.0,132.0,4.6,47.199999999999946,28.900000000000006,20.433333333333337,8.466666666666667,4.5,28.8,20.3,0,-0.4999999999999997,-0.8660254037844388,-0.2802306751992161,-0.9599326896597445,2,0,1,0
2025-07-19,2025,7,26.2,20.3,5.899999999999999,6.0,0.2,4.8,10.0,132.0,11.5,54.099999999999945,28.733333333333338,20.33333333333334,8.399999999999999,7.0,27.9,20.1,0,-0.4999999999999997,-0.8660254037844388,-0.2967128192734901,-0.9549667548552553,2,0,1,0
2025-07-20,2025,7,26.6,19.6,7.0,6.0,5.9,4.8,10.0,132.0,11.7,46.89999999999994,27.633333333333336,20.233333333333338,7.399999999999999,0.2,26.2,20.3,0,-0.4999999999999997,-0.8660254037844388,-0.3131070409358267,-0.9497178427914317,2,0,1,0
2025-07-21,2025,7,26.6,19.5,7.100000000000001,6.0,6.0,4.8,10.0,132.0,13.100000000000001,51.699999999999946,26.900000000000006,20.000000000000004,6.899999999999999,5.9,26.6,19.6,0,-0.4999999999999997,-0.8660254037844388,-0.3294084822245302,-0.9441875088341994,2,0,1,0
2025-07-22,2025,7,27.2,19.7,7.5,6.0,11.8,4.8,10.0,132.0,12.100000000000001,23.699999999999942,26.46666666666667,19.8,6.666666666666667,6.0,26.6,19.5,0,-0.4999999999999997,-0.8660254037844388,-0.3456123126707333,-0.9383773917408642,2,0,1,0
2025-07-23,2025,7,26.4,20.2,6.199999999999999,6.0,1.4,4.8,10.0,132.0,23.700000000000003,35.39999999999994,26.800000000000008,19.600000000000005,7.2,11.8,27.2,19.7,0,-0.4999999999999997,-0.8660254037844388,-0.3617137307297674,-0.9322892131745134,2,0,1,0
2025-07-24,2025,7,25.6,19.8,5.800000000000001,6.0,1.1,4.8,10.0,132.0,19.2,36.79999999999994,26.733333333333338,19.8,6.933333333333334,1.4,26.4,20.2,0,-0.4999999999999997,-0.8660254037844388,-0.37770796520396466,-0.9259247771938499,2,0,1,0
2025-07-25,2025,7,25.7,20.2,5.5,6.0,1.6,4.8,10.0,132.0,14.3,33.39999999999994,26.400000000000006,19.900000000000002,6.5,1.1,25.6,19.8,0,-0.4999999999999997,-0.8660254037844388,-0.39359027665646645,-0.9192859697186105,2,0,1,0
2025-07-26,2025,7,26.6,19.8,6.800000000000001,6.0,0.8,4.8,10.0,132.0,4.1,27.999999999999943,25.900000000000006,20.066666666666666,5.833333333333333,1.6,25.7,20.2,0,-0.4999999999999997,-0.8660254037844388,-0.4093559588156211,-0.9123747579707274,2,0,1,0
2025-07-27,2025,7,25.9,19.5,6.399999999999999,6.0,0.7,4.8,10.0,132.0,3.5,28.59999999999994,25.966666666666672,19.933333333333337,6.033333333333334,0.8,26.6,19.8,0,-0.4999999999999997,-0.8660254037844388,-0.42500033996955394,-0.9051931898913975,2,0,1,0
2025-07-28,2025,7,26.6,19.0,7.600000000000001,6.0,0.2,4.8,10.0,132.0,3.1,23.399999999999945,26.066666666666674,19.83333333333334,6.233333333333333,0.7,25.9,19.5,0,-0.4999999999999997,-0.8660254037844388,-0.4405187843504952,-0.8977433935342336,2,0,1,0
2025-07-29,2025,7,27.0,19.3,7.699999999999999,6.0,0.4,4.8,10.0,132.0,1.7,17.599999999999945,26.366666666666674,19.433333333333337,6.933333333333334,0.2,26.6,19.0,0,-0.4999999999999997,-0.8660254037844388,-0.455906693508459,-0.8900275764346766,2,0,1,0
2025-07-30,2025,7,28.2,19.8,8.399999999999999,6.0,1.1,4.8,10.0,132.0,1.3,6.199999999999943,26.500000000000004,19.26666666666667,7.233333333333333,0.4,27.0,19.3,0,-0.4999999999999997,-0.8660254037844388,-0.47115950767386394,-0.8820480249558535,2,0,1,0
2025-07-31,2025,7,27.8,20.9,6.900000000000002,6.0,0.0,4.8,10.0,132.0,1.7000000000000002,5.8999999999999435,27.26666666666667,19.36666666666667,7.8999999999999995,1.1,28.2,19.8,0,-0.4999999999999997,-0.8660254037844388,-0.4862727071086902,-0.8738071036110807,2,0,0,0
2025-08-01,2025,8,29.0,20.0,9.0,5.0,1.2,5.0,15.0,216.0,1.5000000000000002,4.799999999999944,27.66666666666667,20.000000000000004,7.666666666666667,0.0,27.8,20.9,0,-0.8660254037844384,-0.5000000000000004,-0.5012418134457756,-0.8653072543632061,2,0,1,0
2025-08-02,2025,8,29.5,20.0,9.5,5.0,0.0,5.0,15.0,216.0,2.3,4.3999999999999435,28.33333333333334,20.233333333333334,8.1,1.2,29.0,20.0,0,-0.8660254037844384,-0.5000000000000004,-0.5160623910158526,-0.8565509959010037,2,0,0,0
2025-08-03,2025,8,29.0,21.5,7.5,5.0,0.0,5.0,15.0,216.0,1.2,3.5999999999999437,28.76666666666667,20.3,8.466666666666667,0.0,29.5,20.0,0,-0.8660254037844384,-0.5000000000000004,-0.5307300481619331,-0.8475409228928312,2,0,0,0
2025-08-04,2025,8,29.2,20.2,9.0,5.0,45.2,5.0,15.0,216.0,1.2,2.8999999999999435,29.16666666666667,20.5,8.666666666666666,0.0,29.0,21.5,0,-0.8660254037844384,-0.5000000000000004,-0.5452404385406507,-0.8382797052177745,2,0,1,1
2025-08-05,2025,8,28.2,20.4,7.800000000000001,5.0,16.3,5.0,15.0,216.0,45.2,47.89999999999995,29.233333333333338,20.566666666666666,8.666666666666666,45.2,29.2,20.2,1,-0.8660254037844384,-0.5000000000000004,-0.5595892624101763,-0.828770087174504,2,0,1,0
2025-08-06,2025,8,28.5,20.5,8.0,5.0,1.6,5.0,15.0,216.0,61.5,63.799999999999955,28.8,20.7,8.1,16.3,28.2,20.4,0,-0.8660254037844384,-0.5000000000000004,-0.5737722679043243,-0.8190148866680802,2,0,1,0
2025-08-07,2025,8,28.3,20.6,7.699999999999999,5.0,25.4,5.0,15.0,216.0,63.1,64.29999999999995,28.633333333333336,20.36666666666667,8.266666666666667,1.6,28.5,20.5,0,-0.8660254037844384,-0.5000000000000004,-0.5877852522924734,-0.8090169943749472,2,0,1,1
2025-08-08,2025,8,29.0,21.6,7.399999999999999,5.0,0.0,5.0,15.0,216.0,43.3,89.69999999999995,28.33333333333334,20.500000000000004,7.833333333333333,25.4,28.3,20.6,1,-0.8660254037844384,-0.5000000000000004,-0.6016240632249227,-0.7987793728863648,2,0,0,0
2025-08-09,2025,8,27.6,21.5,6.100000000000001,5.0,0.0,5.0,15.0,216.0,27.0,88.49999999999994,28.600000000000005,20.900000000000002,7.699999999999999,0.0,29.0,21.6,0,-0.8660254037844384,-0.5000000000000004,-0.6152845999633277,-0.7883050558305253,2,0,0,0
2025-08-10,2025,8,27.0,20.3,6.699999999999999,5.0,4.7,5.0,15.0,216.0,25.4,88.49999999999994,28.300000000000008,21.233333333333338,7.066666666666666,0.0,27.6,21.5,0,-0.8660254037844384,-0.5000000000000004,-0.6287628145958345,-0.7775971469736268,2,0,1,1
2025-08-11,2025,8,27.2,19.7,7.5,5.0,16.1,5.0,15.0,216.0,4.7,93.19999999999995,27.866666666666674,21.133333333333336,6.733333333333333,4.7,27.0,20.3,1,-0.8660254037844384,-0.5000000000000004,-0.6420547132365636,-0.7666588193001592,2,0,1,0
2025-08-12,2025,8,25.5,20.2,5.300000000000001,5.0,3.4,5.0,15.0,216.0,20.8,64.09999999999994,27.26666666666667,20.500000000000004,6.766666666666667,16.1,27.2,19.7,0,-0.8660254037844384,-0.5000000000000004,-0.655156357209085,-0.7554933140726804,2,0,1,0
2025-08-13,2025,8,22.6,19.6,3.0,5.0,2.1,5.0,15.0,216.0,24.2,51.199999999999946,26.566666666666674,20.066666666666666,6.5,3.4,25.5,20.2,0,-0.8660254037844384,-0.5000000000000004,-0.6680638642135333,-0.7441039398713608,2,0,1,0
2025-08-14,2025,8,24.8,19.4,5.400000000000002,5.0,11.6,5.0,15.0,216.0,21.6,51.699999999999946,25.100000000000005,19.83333333333334,5.266666666666667,2.1,22.6,19.6,0,-0.8660254037844384,-0.5000000000000004,-0.680773409477016,-0.732494071613579,2,0,1,0
2025-08-15,2025,8,26.8,19.3,7.5,5.0,0.4,5.0,15.0,216.0,17.1,37.89999999999994,24.300000000000008,19.733333333333334,4.566666666666667,11.6,24.8,19.4,0,-0.8660254037844384,-0.5000000000000004,-0.6932812268869771,-0.7206671495538615,2,0,1,0
2025-08-16,2025,8,26.4,20.1,6.299999999999997,5.0,1.8,5.0,15.0,216.0,14.1,38.29999999999994,24.733333333333338,19.433333333333334,5.300000000000001,0.4,26.8,19.3,0,-0.8660254037844384,-0.5000000000000004,-0.7055836101071774,-0.70862667826446,2,0,1,0
2025-08-17,2025,8,24.6,20.1,4.5,5.0,1.2,5.0,15.0,216.0,13.8,40.099999999999945,26.000000000000004,19.6,6.3999999999999995,1.8,26.4,20.1,0,-0.8660254037844384,-0.5000000000000004,-0.7176769136759615,-0.6963762255968726,2,0,1,0
2025-08-18,2025,8,24.4,19.4,5.0,5.0,5.2,5.0,15.0,216.0,3.4000000000000004,36.59999999999994,25.933333333333337,19.833333333333336,6.099999999999999,1.2,24.6,20.1,0,-0.8660254037844384,-0.5000000000000004,-0.7295575540864876,-0.6839194216246105,2,0,1,0
2025-08-19,2025,8,24.4,19.5,4.899999999999999,5.0,2.6,5.0,15.0,216.0,8.200000000000001,25.699999999999942,25.133333333333336,19.86666666666667,5.266666666666666,5.2,24.4,19.4,0,-0.8660254037844384,-0.5000000000000004,-0.7412220108485957,-0.6712599575675315,2,0,1,0
2025-08-20,2025,8,26.6,19.4,7.200000000000003,5.0,0.0,5.0,15.0,216.0,9.0,24.899999999999945,24.46666666666667,19.666666666666668,4.8,2.6,24.4,19.5,0,-0.8660254037844384,-0.5000000000000004,-0.7526668275320083,-0.6584015846980489,2,0,0,0
2025-08-21,2025,8,27.4,19.0,8.399999999999999,5.0,0.0,5.0,15.0,216.0,7.800000000000001,22.799999999999944,25.133333333333336,19.433333333333334,5.7,0.0,26.6,19.4,0,-0.8660254037844384,-0.5000000000000004,-0.7638886127905429,-0.64534811322955,2,0,0,0
2025-08-22,2025,8,29.2,20.9,8.3,5.0,0.0,5.0,15.0,216.0,2.6,11.199999999999944,26.133333333333336,19.3,6.833333333333333,0.0,27.4,19.0,0,-0.8660254037844384,-0.5000000000000004,-0.7748840413670406,-0.6321034111873488,2,0,0,0
2025-08-23,2025,8,28.2,21.0,7.199999999999999,5.0,0.0,5.0,15.0,216.0,0.0,10.799999999999944,27.733333333333338,19.76666666666667,7.966666666666668,0.0,29.2,20.9,0,-0.8660254037844384,-0.5000000000000004,-0.7856498550787144,-0.6186714032625032,2,0,0,1
2025-08-24,2025,8,28.8,20.4,8.400000000000002,5.0,1.4,5.0,15.0,216.0,0.0,8.999999999999943,28.26666666666667,20.3,7.966666666666666,0.0,28.2,21.0,1,-0.8660254037844384,-0.5000000000000004,-0.7961828637826154,-0.6050560696488494,2,0,1,0
2025-08-25,2025,8,28.2,19.8,8.399999999999999,5.0,0.0,5.0,15.0,216.0,1.4,9.199999999999942,28.733333333333338,20.76666666666667,7.966666666666668,1.4,28.8,20.4,0,-0.8660254037844384,-0.5000000000000004,-0.8064799463209447,-0.5912614448635783,2,0,0,0
2025-08-26,2025,8,28.0,20.3,7.699999999999999,5.0,0.0,5.0,15.0,216.0,1.4,3.999999999999943,28.400000000000006,20.400000000000002,8.0,0.0,28.2,19.8,0,-0.8660254037844384,-0.5000000000000004,-0.8165380514459157,-0.5772916165517278,2,0,0,0
2025-08-27,2025,8,26.5,20.3,6.199999999999999,5.0,0.0,5.0,15.0,216.0,1.4,1.399999999999943,28.33333333333334,20.166666666666668,8.166666666666666,0.0,28.0,20.3,0,-0.8660254037844384,-0.5000000000000004,-0.8263541987239094,-0.5631507242749189,2,0,0,0
2025-08-28,2025,8,28.2,20.5,7.699999999999999,5.0,4.9,5.0,15.0,216.0,0.0,1.399999999999943,27.566666666666674,20.133333333333336,7.433333333333333,0.0,26.5,20.3,0,-0.8660254037844384,-0.5000000000000004,-0.8359254794186365,-0.5488429582847199,2,0,1,0
2025-08-29,2025,8,28.1,20.2,7.900000000000002,5.0,16.1,5.0,15.0,216.0,4.9,6.299999999999944,27.566666666666674,20.36666666666667,7.199999999999999,4.9,28.2,20.5,0,-0.8660254037844384,-0.5000000000000004,-0.8452490573530633,-0.5343725582809785,2,0,1,1
2025-08-30,2025,8,29.1,20.5,8.600000000000001,5.0,0.0,5.0,15.0,216.0,21.0,22.399999999999945,27.600000000000005,20.333333333333336,7.266666666666667,16.1,28.1,20.2,1,-0.8660254037844384,-0.5000000000000004,-0.8543221697498269,-0.5197438121555157,2,0,0,0
2025-08-31,2025,8,28.0,20.8,7.199999999999999,5.0,0.6,5.0,15.0,216.0,21.0,22.399999999999945,28.466666666666672,20.400000000000002,8.066666666666668,0.0,29.1,20.5,0,-0.8660254037844384,-0.5000000000000004,-0.8631421280499115,-0.5049610547215202,2,0,1,0
2025-09-01,2025,9,27.6,20.6,7.0,4.0,3.9,5.2,11.0,201.0,16.700000000000003,21.599999999999948,28.400000000000006,20.5,7.900000000000001,0.6,28.0,20.8,0,-1.0,-1.8369701987210297e-16,-0.8717063187093217,-0.4900286664290594,2,0,1,0
2025-09-02,2025,9,26.7,19.6,7.099999999999998,4.0,30.6,5.2,11.0,201.0,4.5,25.499999999999947,28.233333333333338,20.633333333333336,7.6000000000000005,3.9,27.6,20.6,0,-1.0,-1.8369701987210297e-16,-0.8800122039735356,-0.4749510720670502,2,0,1,1
2025-09-03,2025,9,27.2,20.0,7.199999999999999,4.0,2.3,5.2,11.0,201.0,35.1,56.09999999999995,27.433333333333337,20.33333333333334,7.099999999999999,30.6,26.7,19.6,1,-1.0,-1.8369701987210297e-16,-0.888057322629493,-0.4597327394521046,2,0,1,0
2025-09-04,2025,9,27.6,19.8,7.800000000000001,4.0,33.2,5.2,11.0,201.0,36.8,58.39999999999995,27.16666666666667,20.066666666666674,7.099999999999999,2.3,27.2,20.0,0,-1.0,-1.8369701987210297e-16,-0.8958392907349089,-0.4443781781046134,2,0,1,0
2025-09-05,2025,9,27.4,20.6,6.799999999999997,4.0,1.8,5.2,11.0,201.0,66.1,86.69999999999995,27.16666666666667,19.8,7.366666666666666,33.2,27.6,19.8,0,-1.0,-1.8369701987210297e-16,-0.9033558023246842,-0.4288919379124841,2,0,1,1
2025-09-06,2025,9,27.7,20.4,7.300000000000001,4.0,0.0,5.2,11.0,201.0,37.3,72.39999999999995,27.400000000000006,20.133333333333336,7.266666666666666,1.8,27.4,20.6,1,-1.0,-1.8369701987210297e-16,-0.9106046300942162,-0.41327860778290443,2,0,0,0
2025-09-07,2025,9,28.4,19.5,8.899999999999999,4.0,18.4,5.2,11.0,201.0,35.0,72.39999999999995,27.566666666666674,20.26666666666667,7.3,0.0,27.7,20.4,0,-1.0,-1.8369701987210297e-16,-0.9175836260593934,-0.3975428142825566,2,0,1,0
2025-09-08,2025,9,29.2,20.7,8.5,4.0,0.1,5.2,11.0,201.0,20.2,90.19999999999995,27.83333333333334,20.166666666666668,7.666666666666665,18.4,28.4,19.5,0,-1.0,-1.8369701987210297e-16,-0.9242907221930934,-0.3816892202666586,2,0,1,0
2025-09-09,2025,9,29.0,20.6,8.399999999999999,4.0,0.0,5.2,11.0,201.0,18.5,86.39999999999995,28.433333333333337,20.200000000000003,8.233333333333333,0.1,29.2,20.7,0,-1.0,-1.8369701987210297e-16,-0.9307239310379793,-0.3657225234972692,2,0,0,0
2025-09-10,2025,9,29.9,22.0,7.899999999999999,4.0,0.0,5.2,11.0,201.0,18.5,55.79999999999994,28.86666666666667,20.26666666666667,8.6,0.0,29.0,20.6,0,-1.0,-1.8369701987210297e-16,-0.9368813462954315,-0.34964745525122826,2,0,0,0
2025-09-11,2025,9,26.0,19.9,6.100000000000001,4.0,55.7,5.2,11.0,201.0,0.1,53.49999999999994,29.36666666666667,21.100000000000005,8.266666666666666,0.0,29.9,22.0,0,-1.0,-1.8369701987210297e-16,-0.9427611433904206,-0.33346877891818705,2,0,1,1
2025-09-12,2025,9,28.0,20.7,7.300000000000001,4.0,0.0,5.2,11.0,201.0,55.7,75.99999999999994,28.3,20.833333333333332,7.466666666666666,55.7,26.0,19.9,1,-1.0,-1.8369701987210297e-16,-0.9483615800121716,-0.31719128858910595,2,0,0,0
2025-09-13,2025,9,28.0,21.5,6.5,4.0,0.0,5.2,11.0,201.0,55.7,74.19999999999995,27.96666666666667,20.86666666666667,7.1000000000000005,0.0,28.0,20.7,0,-1.0,-1.8369701987210297e-16,-0.9536809966304455,-0.300819807635668,2,0,0,0
2025-09-14,2025,9,28.4,20.4,8.0,4.0,0.0,5.2,11.0,201.0,55.7,74.19999999999995,27.33333333333334,20.700000000000003,6.633333333333334,0.0,28.0,21.5,0,-1.0,-1.8369701987210297e-16,-0.9587178169872964,-0.2843591872810036,2,0,0,0
2025-09-15,2025,9,28.5,20.5,8.0,4.0,0.0,5.2,11.0,201.0,0.0,55.79999999999994,28.13333333333334,20.866666666666667,7.266666666666667,0.0,28.4,20.4,0,-1.0,-1.8369701987210297e-16,-0.9634705485641486,-0.26781430516217486,2,0,0,0
2025-09-16,2025,9,28.6,21.3,7.300000000000001,4.0,0.0,5.2,11.0,201.0,0.0,55.699999999999946,28.300000000000008,20.8,7.5,0.0,28.5,20.5,0,-1.0,-1.8369701987210297e-16,-0.9679377830240641,-0.25119006388481957,2,0,0,0
2025-09-17,2025,9,26.8,21.1,5.699999999999999,4.0,0.0,5.2,11.0,201.0,0.0,55.699999999999946,28.500000000000004,20.733333333333334,7.766666666666667,0.0,28.6,21.3,0,-1.0,-1.8369701987210297e-16,-0.9721181966290612,-0.23449138957041052,2,0,0,0
2025-09-18,2025,9,29.0,20.2,8.8,4.0,16.0,5.2,11.0,201.0,0.0,55.699999999999946,27.96666666666667,20.96666666666667,7.0,0.0,26.8,21.1,0,-1.0,-1.8369701987210297e-16,-0.9760105506323682,-0.21772323039653224,2,0,1,1
2025-09-19,2025,9,26.2,19.9,6.300000000000001,4.0,71.2,5.2,11.0,201.0,16.0,15.999999999999943,28.133333333333336,20.86666666666667,7.266666666666667,16.0,29.0,20.2,1,-1.0,-1.8369701987210297e-16,-0.9796136916454901,-0.20089055513063528,2,0,1,1
2025-09-20,2025,9,27.6,20.9,6.700000000000003,4.0,2.1,5.2,11.0,201.0,87.2,87.19999999999995,27.33333333333334,20.400000000000002,6.933333333333334,71.2,26.2,19.9,1,-1.0,-1.8369701987210297e-16,-0.9829265519799822,-0.18399835165767986,2,0,1,0
2025-09-21,2025,9,27.4,20.8,6.599999999999998,4.0,0.0,5.2,11.0,201.0,89.3,89.29999999999994,27.600000000000005,20.333333333333336,7.266666666666668,2.1,27.6,20.9,0,-1.0,-1.8369701987210297e-16,-0.9859481499638303,-0.1670516255021195,2,0,0,0
2025-09-22,2025,9,27.9,20.6,7.299999999999997,4.0,0.0,5.2,11.0,201.0,73.3,89.29999999999994,27.066666666666674,20.533333333333335,6.533333333333334,0.0,27.4,20.8,0,-1.0,-1.8369701987210297e-16,-0.9886775902323404,-0.15005539834465262,2,0,0,0
2025-09-23,2025,9,26.5,20.5,6.0,4.0,1.9,5.2,11.0,201.0,2.1,89.29999999999994,27.633333333333336,20.76666666666667,6.866666666666666,0.0,27.9,20.6,0,-1.0,-1.8369701987210297e-16,-0.9911140639934546,-0.13301470653419636,2,0,1,0
2025-09-24,2025,9,26.2,19.9,6.300000000000001,4.0,1.0,5.2,11.0,201.0,1.9,91.19999999999995,27.26666666666667,20.633333333333336,6.633333333333332,1.9,26.5,20.5,0,-1.0,-1.8369701987210297e-16,-0.9932568492674143,-0.11593459959550066,2,0,1,0
2025-09-25,2025,9,28.6,20.4,8.200000000000003,4.0,2.8,5.2,11.0,201.0,2.9,92.19999999999995,26.86666666666667,20.33333333333334,6.533333333333332,1.0,26.2,19.9,0,-1.0,-1.8369701987210297e-16,-0.9951053111006974,-0.09882013873287211,2,0,1,0
2025-09-26,2025,9,27.4,20.2,7.199999999999999,4.0,0.0,5.2,11.0,201.0,5.699999999999999,78.99999999999994,27.100000000000005,20.266666666666666,6.833333333333335,2.8,28.6,20.4,0,-1.0,-1.8369701987210297e-16,-0.99665890175417,-0.08167639533042288,2,0,0,0
2025-09-27,2025,9,26.0,19.4,6.600000000000001,4.0,2.8,5.2,11.0,201.0,3.8,7.799999999999943,27.400000000000006,20.166666666666668,7.233333333333334,0.0,27.4,20.2,0,-1.0,-1.8369701987210297e-16,-0.9979171608653922,-0.06450844944931625,2,0,1,0
2025-09-28,2025,9,27.8,20.2,7.600000000000001,4.0,1.0,5.2,11.0,201.0,5.6,8.499999999999943,27.33333333333334,20.000000000000004,7.333333333333335,2.8,26.0,19.4,0,-1.0,-1.8369701987210297e-16,-0.9988797155850335,-0.04732138832243232,2,0,1,0
2025-09-29,2025,9,29.2,19.8,9.399999999999999,4.0,0.0,5.2,11.0,201.0,3.8,9.499999999999943,27.066666666666674,19.933333333333337,7.133333333333334,1.0,27.8,20.2,0,-1.0,-1.8369701987210297e-16,-0.9995462806873573,-0.03012030484690836,2,0,0,0
2025-09-30,2025,9,28.9,19.4,9.5,4.0,0.0,5.2,11.0,201.0,3.8,9.499999999999943,27.66666666666667,19.8,7.866666666666667,0.0,29.2,19.8,0,-1.0,-1.8369701987210297e-16,-0.9999166586547379,-0.012910296075008843,2,0,0,0
2025-10-01,2025,10,28.7,20.1,8.599999999999998,2.0,0.0,5.1,0.0,294.0,1.0,7.599999999999943,28.633333333333336,19.8,8.833333333333334,0.0,28.9,19.4,0,-0.8660254037844386,0.5000000000000001,-0.9999907397361901,0.004303538296243821,3,0,0,0
2025-10-02,2025,10,28.6,20.3,8.3,2.0,0.0,5.1,0.0,294.0,0.0,6.599999999999943,28.933333333333337,19.76666666666667,9.166666666666666,0.0,28.7,20.1,0,-0.8660254037844386,0.5000000000000001,-0.9997685019798909,0.021516097436222233,3,0,0,0
2025-10-03,2025,10,30.2,20.2,10.0,2.0,3.2,5.1,0.0,294.0,0.0,3.799999999999943,28.733333333333338,19.933333333333337,8.799999999999999,0.0,28.6,20.3,0,-0.8660254037844386,0.5000000000000001,-0.9992500112396835,0.03872228089217399,3,0,1,1
2025-10-04,2025,10,26.0,21.4,4.600000000000001,2.0,0.8,5.1,0.0,294.0,3.2,6.999999999999943,29.16666666666667,20.200000000000003,8.966666666666667,3.2,30.2,20.2,1,-0.8660254037844386,0.5000000000000001,-0.9984354211555643,0.05591699010060302,3,0,1,1
2025-10-05,2025,10,30.3,21.5,8.8,2.0,0.8,5.1,0.0,294.0,4.0,4.999999999999943,28.26666666666667,20.633333333333336,7.633333333333334,0.8,26.0,21.4,1,-0.8660254037844386,0.5000000000000001,-0.9973249731081555,0.07309512989807776,3,0,1,0
2025-10-06,2025,10,28.0,20.3,7.699999999999999,2.0,6.8,5.1,0.0,294.0,4.800000000000001,4.799999999999944,28.83333333333334,21.033333333333335,7.800000000000001,0.8,30.3,21.5,0,-0.8660254037844386,0.5000000000000001,-0.9959189961471792,0.0902516100310407,3,0,1,0
2025-10-07,2025,10,29.2,19.8,9.399999999999999,2.0,0.0,5.1,0.0,294.0,8.399999999999999,11.599999999999943,28.100000000000005,21.066666666666666,7.033333333333334,6.8,28.0,20.3,0,-0.8660254037844386,0.5000000000000001,-0.994217906893952,0.10738134666416306,3,0,0,0
2025-10-08,2025,10,28.7,21.6,7.099999999999998,2.0,0.0,5.1,0.0,294.0,7.6,11.599999999999943,29.16666666666667,20.533333333333335,8.633333333333333,0.0,29.2,19.8,0,-0.8660254037844386,0.5000000000000001,-0.9922222094179324,0.12447926388678869,3,0,0,0
2025-10-09,2025,10,29.9,21.1,8.799999999999997,2.0,0.0,5.1,0.0,294.0,6.799999999999999,11.599999999999943,28.63333333333334,20.56666666666667,8.066666666666665,0.0,28.7,21.6,0,-0.8660254037844386,0.5000000000000001,-0.989932495087353,0.141540295217043,3,0,0,0
2025-10-10,2025,10,29.1,19.7,9.400000000000002,2.0,7.8,5.1,0.0,294.0,0.0,11.599999999999943,29.26666666666667,20.833333333333336,8.433333333333332,0.0,29.9,21.1,0,-0.8660254037844386,0.5000000000000001,-0.9873494423939864,0.15855938510313475,3,0,1,1
2025-10-11,2025,10,29.0,20.0,9.0,2.0,68.3,5.1,0.0,294.0,7.8,16.199999999999942,29.233333333333338,20.8,8.433333333333332,7.8,29.1,19.7,1,-0.8660254037844386,0.5000000000000001,-0.9844738167520923,0.17553149042142777,3,0,1,1
2025-10-12,2025,10,29.7,20.8,8.899999999999999,2.0,0.0,5.1,0.0,294.0,76.1,83.69999999999995,29.33333333333334,20.26666666666667,9.066666666666666,68.3,29.0,20.0,1,-0.8660254037844386,0.5000000000000001,-0.9813064702716093,0.19245158197082995,3,0,0,0
2025-10-13,2025,10,30.1,20.4,9.700000000000003,2.0,0.0,5.1,0.0,294.0,76.1,82.89999999999995,29.26666666666667,20.166666666666668,9.1,0.0,29.7,20.8,0,-0.8660254037844386,0.5000000000000001,-0.9778483415056568,0.20931464596304888,3,0,0,0
2025-10-14,2025,10,28.5,21.3,7.199999999999999,2.0,0.0,5.1,0.0,294.0,68.3,76.09999999999995,29.600000000000005,20.400000000000002,9.200000000000001,0.0,30.1,20.4,0,-0.8660254037844386,0.5000000000000001,-0.9741004551724206,0.22611568550828803,3,0,0,0
2025-10-15,2025,10,27.6,21.2,6.400000000000002,2.0,1.2,5.1,0.0,294.0,0.0,76.09999999999995,29.433333333333337,20.833333333333332,8.6,0.0,28.5,21.3,0,-0.8660254037844386,0.5000000000000001,-0.970063921851507,0.2428497220959358,3,0,1,0
2025-10-16,2025,10,28.9,20.8,8.099999999999998,2.0,1.2,5.1,0.0,294.0,1.2,77.29999999999995,28.733333333333338,20.96666666666667,7.766666666666668,1.2,27.6,21.2,0,-0.8660254037844386,0.5000000000000001,-0.965739937654855,0.25951179706979943,3,0,1,0
2025-10-17,2025,10,28.4,21.2,7.199999999999999,2.0,4.8,5.1,0.0,294.0,2.4,78.49999999999996,28.33333333333334,21.100000000000005,7.233333333333333,1.2,28.9,20.8,0,-0.8660254037844386,0.5000000000000001,-0.9611297838723007,0.27609697309746883,3,0,1,1
2025-10-18,2025,10,28.0,21.7,6.300000000000001,2.0,0.0,5.1,0.0,294.0,7.199999999999999,75.49999999999994,28.3,21.06666666666667,7.233333333333333,4.8,28.4,21.2,1,-0.8660254037844386,0.5000000000000001,-0.9562348265919058,0.2926003356333479,3,0,0,0
2025-10-19,2025,10,29.4,20.6,8.799999999999997,2.0,7.8,5.1,0.0,294.0,6.0,7.1999999999999424,28.433333333333337,21.233333333333334,7.199999999999999,0.0,28.0,21.7,0,-0.8660254037844386,0.5000000000000001,-0.9510565162951536,0.30901699437494723,3,0,1,1
2025-10-20,2025,10,28.8,21.4,7.400000000000002,2.0,0.0,5.1,0.0,294.0,12.600000000000001,14.999999999999943,28.600000000000005,21.16666666666667,7.433333333333333,7.8,29.4,20.6,1,-0.8660254037844386,0.5000000000000001,-0.9455963874271428,0.3253420847119795,3,0,0,0
2025-10-21,2025,10,26.2,20.8,5.399999999999999,2.0,1.6,5.1,0.0,294.0,7.8,14.999999999999943,28.733333333333338,21.233333333333334,7.5,0.0,28.8,21.4,0,-0.8660254037844386,0.5000000000000001,-0.9398560579418953,0.341570769167856,3,0,1,1
2025-10-22,2025,10,25.6,20.8,4.800000000000001,2.0,15.0,5.1,0.0,294.0,9.4,16.59999999999994,28.133333333333336,20.933333333333334,7.199999999999999,1.6,26.2,20.8,1,-0.8660254037844386,0.5000000000000001,-0.9338372288229252,0.35769823883312546,3,0,1,0
2025-10-23,2025,10,27.7,20.2,7.5,2.0,2.5,5.1,0.0,294.0,16.6,30.39999999999994,26.866666666666674,21.0,5.866666666666667,15.0,25.6,20.8,0,-0.8660254037844386,0.5000000000000001,-0.9275416835791965,0.3737197147904692,3,0,1,0
2025-10-24,2025,10,25.6,20.2,5.400000000000002,2.0,5.0,5.1,0.0,294.0,19.1,31.699999999999946,26.500000000000004,20.600000000000005,5.8999999999999995,2.5,27.7,20.2,0,-0.8660254037844386,0.5000000000000001,-0.9209712877166346,0.38963044953078774,3,0,1,0
2025-10-25,2025,10,29.0,20.0,9.0,2.0,0.0,5.1,0.0,294.0,22.5,31.89999999999994,26.300000000000008,20.400000000000002,5.900000000000001,5.0,25.6,20.2,0,-0.8660254037844386,0.5000000000000001,-0.9141279881853337,0.4054257283599973,3,0,0,0
2025-10-26,2025,10,29.1,20.6,8.5,2.0,0.0,5.1,0.0,294.0,7.500000000000002,31.89999999999994,27.433333333333337,20.133333333333336,7.300000000000001,0.0,29.0,20.0,0,-0.8660254037844386,0.5000000000000001,-0.9070138128026362,0.42110087079608916,3,0,0,0
2025-10-27,2025,10,25.0,21.3,3.6999999999999993,2.0,0.0,5.1,0.0,294.0,5.000000000000002,24.099999999999945,27.900000000000006,20.26666666666667,7.633333333333334,0.0,29.1,20.6,0,-0.8660254037844386,0.5000000000000001,-0.8996308696522434,0.4366512319560638,3,0,0,0
2025-10-28,2025,10,24.3,19.9,4.400000000000002,2.0,1.1,5.1,0.0,294.0,0.0,24.099999999999945,27.700000000000006,20.633333333333336,7.066666666666666,0.0,25.0,21.3,0,-0.8660254037844386,0.5000000000000001,-0.8919813464595487,0.45207220393230374,3,0,1,0
2025-10-29,2025,10,26.6,19.9,6.700000000000003,2.0,0.0,5.1,0.0,294.0,1.1000000000000019,23.599999999999945,26.13333333333334,20.6,5.533333333333334,1.1,24.3,19.9,0,-0.8660254037844386,0.5000000000000001,-0.8840675099433637,0.46735921715800205,3,0,0,0
2025-10-30,2025,10,28.5,18.9,9.600000000000001,2.0,0.0,5.1,0.0,294.0,1.1000000000000019,8.599999999999943,25.3,20.366666666666667,4.9333333333333345,0.0,26.6,19.9,0,-0.8660254037844386,0.5000000000000001,-0.8758917051442433,0.48250774176121763,3,0,0,0
2025-10-31,2025,10,28.8,18.9,9.900000000000002,2.0,0.0,5.1,0.0,294.0,1.1000000000000019,6.099999999999943,26.46666666666667,19.566666666666666,6.900000000000002,0.0,28.5,18.9,0,-0.8660254037844386,0.5000000000000001,-0.8674563547295971,0.4975132889071803,3,0,0,0
2025-11-01,2025,11,30.1,19.2,10.900000000000002,2.0,0.0,4.9,0.0,252.0,0.0,1.0999999999999432,27.966666666666672,19.233333333333334,8.733333333333336,0.0,28.8,18.9,0,-0.5000000000000004,0.8660254037844384,-0.8587639582758031,0.5123714121284235,3,0,0,0
2025-11-02,2025,11,29.2,19.1,10.099999999999998,2.0,0.0,4.9,0.0,252.0,0.0,1.0999999999999432,29.13333333333334,19.0,10.133333333333335,0.0,30.1,19.2,0,-0.5000000000000004,0.8660254037844384,-0.8498170915275277,0.5270777086423724,3,0,0,0
2025-11-03,2025,11,28.2,19.8,8.399999999999999,2.0,0.0,4.9,0.0,252.0,0.0,1.0999999999999432,29.366666666666674,19.066666666666666,10.3,0.0,29.2,19.1,0,-0.5000000000000004,0.8660254037844384,-0.8406184056344783,0.5416278206559811,3,0,0,0
2025-11-04,2025,11,27.2,19.6,7.599999999999998,2.0,0.0,4.9,0.0,252.0,0.0,1.0999999999999432,29.16666666666667,19.36666666666667,9.799999999999999,0.0,28.2,19.8,0,-0.5000000000000004,0.8660254037844384,-0.8311706263658079,0.5560174366570446,3,0,0,0
2025-11-05,2025,11,28.4,21.0,7.399999999999999,2.0,0.0,4.9,0.0,252.0,0.0,0.0,28.200000000000003,19.500000000000004,8.699999999999998,0.0,27.2,19.6,0,-0.5000000000000004,0.8660254037844384,-0.8214765533024145,0.5702422926917867,3,0,0,0
2025-11-06,2025,11,28.4,20.0,8.399999999999999,2.0,0.0,4.9,0.0,252.0,0.0,0.0,27.933333333333337,20.133333333333336,7.799999999999998,0.0,28.4,21.0,0,-0.5000000000000004,0.8660254037844384,-0.8115390590073611,0.5842981736283683,3,0,0,0
2025-11-07,2025,11,28.8,20.7,8.100000000000001,2.0,0.0,4.9,0.0,252.0,0.0,0.0,28.0,20.200000000000003,7.799999999999998,0.0,28.4,20.0,0,-0.5000000000000004,0.8660254037844384,-0.801361088174677,0.5981809144059159,3,0,0,0
2025-11-08,2025,11,27.6,19.3,8.3,2.0,0.0,4.9,0.0,252.0,0.0,0.0,28.533333333333335,20.566666666666666,7.966666666666666,0.0,28.8,20.7,0,-0.5000000000000004,0.8660254037844384,-0.7909456567567774,0.6118864012687242,3,0,0,0
2025-11-09,2025,11,28.9,16.2,12.7,2.0,0.0,4.9,0.0,252.0,0.0,0.0,28.26666666666667,20.000000000000004,8.266666666666667,0.0,27.6,19.3,0,-0.5000000000000004,0.8660254037844384,-0.780295851070776,0.6254105729852457,3,0,0,0
2025-11-10,2025,11,28.6,17.5,11.100000000000001,2.0,0.0,4.9,0.0,252.0,0.0,0.0,28.433333333333337,18.733333333333334,9.700000000000001,0.0,28.9,16.2,0,-0.5000000000000004,0.8660254037844384,-0.7694148268839381,0.6387494220515268,3,0,0,0
2025-11-11,2025,11,28.5,19.7,8.8,2.0,0.0,4.9,0.0,252.0,0.0,0.0,28.366666666666674,17.666666666666668,10.700000000000001,0.0,28.6,17.5,0,-0.5000000000000004,0.8660254037844384,-0.7583058084785625,0.6518989958787125,3,0,0,0
2025-11-12,2025,11,28.8,19.4,9.400000000000002,2.0,0.0,4.9,0.0,252.0,0.0,0.0,28.66666666666667,17.8,10.866666666666667,0.0,28.5,19.7,0,-0.5000000000000004,0.8660254037844384,-0.7469720876965551,0.6648553979642866,3,0,0,0
2025-11-13,2025,11,28.8,20.6,8.2,2.0,0.0,4.9,0.0,252.0,0.0,0.0,28.63333333333334,18.866666666666667,9.766666666666667,0.0,28.8,19.4,0,-0.5000000000000004,0.8660254037844384,-0.7354170229639858,0.6776147890466887,3,0,0,0
2025-11-14,2025,11,27.1,19.8,7.300000000000001,2.0,0.0,4.9,0.0,252.0,0.0,0.0,28.700000000000003,19.900000000000002,8.8,0.0,28.8,20.6,0,-0.5000000000000004,0.8660254037844384,-0.7236440382959123,0.690173388242972,3,0,0,0
2025-11-15,2025,11,27.7,17.2,10.5,2.0,0.0,4.9,0.0,252.0,0.0,0.0,28.233333333333338,19.933333333333337,8.3,0.0,27.1,19.8,0,-0.5000000000000004,0.8660254037844384,-0.7116566222817751,0.7025274741691566,3,0,0,0
2025-11-16,2025,11,26.4,17.5,8.899999999999999,2.0,0.0,4.9,0.0,252.0,0.0,0.0,27.866666666666674,19.200000000000003,8.666666666666666,0.0,27.7,17.2,0,-0.5000000000000004,0.8660254037844384,-0.6994583270516471,0.7146733860429609,3,0,0,0
2025-11-17,2025,11,26.3,17.2,9.100000000000001,2.0,0.0,4.9,0.0,252.0,0.0,0.0,27.066666666666674,18.166666666666668,8.9,0.0,26.4,17.5,0,-0.5000000000000004,0.8660254037844384,-0.6870527672236675,0.726607524768565,3,0,0,0
2025-11-18,2025,11,25.0,18.5,6.5,2.0,0.0,4.9,0.0,252.0,0.0,0.0,26.8,17.3,9.5,0.0,26.3,17.2,0,-0.5000000000000004,0.8660254037844384,-0.6744436188329457,0.7383263540031063,3,0,0,0
2025-11-19,2025,11,27.7,19.4,8.3,2.0,0.1,4.9,0.0,252.0,0.0,0.0,25.900000000000006,17.733333333333334,8.166666666666666,0.0,25.0,18.5,0,-0.5000000000000004,0.8660254037844384,-0.661634618242279,0.749826401204568,3,0,1,0
2025-11-20,2025,11,29.0,19.4,9.600000000000001,2.0,0.0,4.9,0.0,252.0,0.10000000000000178,0.09999999999994316,26.33333333333334,18.36666666666667,7.966666666666668,0.1,27.7,19.4,0,-0.5000000000000004,0.8660254037844384,-0.6486295610349818,0.7611042586607742,3,0,0,0
2025-11-21,2025,11,28.1,18.6,9.5,2.0,0.0,4.9,0.0,252.0,0.10000000000000178,0.09999999999994316,27.233333333333338,19.099999999999998,8.133333333333335,0.0,29.0,19.4,0,-0.5000000000000004,0.8660254037844384,-0.6354323008901775,0.7721565844991641,3,0,0,0
2025-11-22,2025,11,27.3,19.2,8.100000000000001,2.0,1.2,4.9,0.0,252.0,0.10000000000000178,0.09999999999994316,28.26666666666667,19.133333333333336,9.133333333333335,0.0,28.1,18.6,0,-0.5000000000000004,0.8660254037844384,-0.622046748440868,0.7829801036770625,3,0,1,0
2025-11-23,2025,11,27.2,19.9,7.300000000000001,2.0,0.8,4.9,0.0,252.0,1.2000000000000017,1.2999999999999432,28.13333333333334,19.06666666666667,9.066666666666668,1.2,27.3,19.2,0,-0.5000000000000004,0.8660254037844384,-0.6084768701151264,0.7935716089521472,3,0,1,0
2025-11-24,2025,11,27.4,20.0,7.399999999999999,2.0,0.0,4.9,0.0,252.0,2.0000000000000018,2.0999999999999432,27.533333333333342,19.233333333333338,8.3,0.8,27.2,19.9,0,-0.5000000000000004,0.8660254037844384,-0.594726686960764,0.8039279618328208,3,0,0,0
2025-11-25,2025,11,26.8,18.8,8.0,2.0,0.0,4.9,0.0,252.0,2.0000000000000018,2.0999999999999432,27.3,19.700000000000003,7.6000000000000005,0.0,27.4,20.0,0,-0.5000000000000004,0.8660254037844384,-0.5808002734538013,0.8140460935082175,3,0,0,0
2025-11-26,2025,11,26.6,18.0,8.600000000000001,2.0,0.0,4.9,0.0,252.0,0.8000000000000018,2.0999999999999432,27.13333333333334,19.566666666666666,7.566666666666666,0.0,26.8,18.8,0,-0.5000000000000004,0.8660254037844384,-0.5667017562911184,0.8239230057575536,3,0,0,0
2025-11-27,2025,11,25.2,16.7,8.5,2.0,0.0,4.9,0.0,252.0,0.0,1.9999999999999432,26.933333333333337,18.933333333333337,8.0,0.0,26.6,18.0,0,-0.5000000000000004,0.8660254037844384,-0.5524353131676203,0.8335557718385695,3,0,0,0
2025-11-28,2025,11,25.3,16.1,9.2,2.0,0.0,4.9,0.0,252.0,0.0,1.9999999999999432,26.200000000000006,17.833333333333336,8.366666666666667,0.0,25.2,16.7,0,-0.5000000000000004,0.8660254037844384,-0.5380051715382992,0.8429415373547832,3,0,0,0
2025-11-29,2025,11,21.6,16.6,5.0,2.0,0.0,4.9,0.0,252.0,0.0,1.9999999999999432,25.700000000000006,16.933333333333334,8.766666666666667,0.0,25.3,16.1,0,-0.5000000000000004,0.8660254037844384,-0.5234156073655503,0.8520775211013093,3,0,0,0
2025-11-30,2025,11,20.2,18.4,1.8000000000000007,2.0,0.3,4.9,0.0,252.0,0.0,0.7999999999999432,24.033333333333335,16.466666666666672,7.566666666666666,0.0,21.6,16.6,0,-0.5000000000000004,0.8660254037844384,-0.5086709438521042,0.8609610158889945,3,0,1,0
2025-12-01,2025,12,23.3,18.2,5.100000000000001,2.0,0.2,5.0,0.0,360.0,0.30000000000000177,0.29999999999994315,22.366666666666674,17.033333333333335,5.333333333333333,0.3,20.2,18.4,0,-2.4492935982947064e-16,1.0,-0.49377555015997737,0.8695893893466109,0,0,1,0
2025-12-02,2025,12,26.6,19.2,7.400000000000002,2.0,0.0,5.0,0.0,360.0,0.5000000000000018,0.49999999999994316,21.700000000000006,17.733333333333334,3.9666666666666672,0.2,23.3,18.2,0,-2.4492935982947064e-16,1.0,-0.4787338401157883,0.8779600847008883,0,0,0,0
2025-12-03,2025,12,26.6,19.4,7.200000000000003,2.0,0.8,5.0,0.0,360.0,0.5000000000000018,0.49999999999994316,23.36666666666667,18.6,4.766666666666668,0.0,26.6,19.2,0,-2.4492935982947064e-16,1.0,-0.4635502709028512,0.8860706215341378,0,0,1,0
2025-12-04,2025,12,27.4,20.1,7.299999999999997,2.0,0.0,5.0,0.0,360.0,1.0000000000000018,1.2999999999999432,25.500000000000004,18.933333333333334,6.566666666666669,0.8,26.6,19.4,0,-2.4492935982947064e-16,1.0,-0.4482293417404106,0.893918596519257,0,0,0,0
2025-12-05,2025,12,24.6,20.2,4.400000000000002,2.0,0.0,5.0,0.0,360.0,0.8000000000000018,1.2999999999999432,26.866666666666674,19.56666666666667,7.300000000000001,0.0,27.4,20.1,0,-2.4492935982947064e-16,1.0,-0.4327755925504317,0.9015016841318838,0,0,0,0
2025-12-06,2025,12,26.6,17.9,8.700000000000003,2.0,0.2,5.0,0.0,360.0,0.8000000000000018,1.2999999999999432,26.200000000000003,19.900000000000002,6.300000000000001,0.0,24.6,20.2,0,-2.4492935982947064e-16,1.0,-0.41719360261231697,0.9088176373395028,0,0,1,0
2025-12-07,2025,12,27.4,17.6,9.799999999999997,2.0,0.0,5.0,0.0,360.0,0.2000000000000018,1.4999999999999432,26.200000000000006,19.400000000000002,6.800000000000001,0.2,26.6,17.9,0,-2.4492935982947064e-16,1.0,-0.4014879892059737,0.9158642882672868,0,0,0,0
2025-12-08,2025,12,29.2,16.0,13.2,2.0,0.0,5.0,0.0,360.0,0.2000000000000018,1.1999999999999431,26.200000000000003,18.566666666666666,7.633333333333334,0.0,27.4,17.6,0,-2.4492935982947064e-16,1.0,-0.38566340624360745,0.9226395488404875,0,0,0,0
2025-12-09,2025,12,27.6,16.1,11.5,2.0,0.0,5.0,0.0,360.0,0.2000000000000018,0.9999999999999432,27.733333333333338,17.166666666666668,10.566666666666666,0.0,29.2,16.0,0,-2.4492935982947064e-16,1.0,-0.3697245428906732,0.9291414114031743,0,0,0,0
2025-12-10,2025,12,28.8,17.5,11.3,2.0,0.0,5.0,0.0,360.0,0.0,0.9999999999999432,28.066666666666674,16.566666666666674,11.5,0.0,27.6,16.1,0,-2.4492935982947064e-16,1.0,-0.35367612217637207,0.935367949313148,0,0,0,0
2025-12-11,2025,12,27.6,15.6,12.000000000000002,2.0,0.0,5.0,0.0,360.0,0.0,0.19999999999994317,28.533333333333342,16.533333333333335,12.0,0.0,28.8,17.5,0,-2.4492935982947064e-16,1.0,-0.33752289959411347,0.941317317512847,0,0,0,0
2025-12-12,2025,12,27.7,15.0,12.7,2.0,0.0,5.0,0.0,360.0,0.0,0.19999999999994317,28.000000000000004,16.400000000000002,11.600000000000001,0.0,27.6,15.6,0,-2.4492935982947064e-16,1.0,-0.32126966169236515,0.9469877530760751,0,0,0,0
2025-12-13,2025,12,29.2,14.7,14.5,2.0,0.0,5.0,0.0,360.0,0.0,0.19999999999994317,28.033333333333342,16.033333333333335,12.0,0.0,27.7,15.0,0,-2.4492935982947064e-16,1.0,-0.3049212246562894,0.9523775757303973,0,0,0,0
2025-12-14,2025,12,27.5,14.5,13.0,2.0,0.0,5.0,0.0,360.0,0.0,0.0,28.16666666666667,15.100000000000001,13.066666666666668,0.0,29.2,14.7,0,-2.4492935982947064e-16,1.0,-0.2884824328806098,0.9574851883550389,0,0,0,0
2025-12-15,2025,12,27.2,14.6,12.6,2.0,0.0,5.0,0.0,360.0,0.0,0.0,28.133333333333336,14.733333333333334,13.4,0.0,27.5,14.5,0,-2.4492935982947064e-16,1.0,-0.27195815753410524,0.9623090774541487,0,0,0,0
2025-12-16,2025,12,24.4,16.4,8.0,2.0,0.0,5.0,0.0,360.0,0.0,0.0,27.96666666666667,14.600000000000001,13.366666666666665,0.0,27.2,14.6,0,-2.4492935982947064e-16,1.0,-0.2553532951161881,0.9668478136052773,0,0,0,0
2025-12-17,2025,12,27.7,18.7,9.0,2.0,0.0,5.0,0.0,360.0,0.0,0.0,26.36666666666667,15.16666666666667,11.199999999999998,0.0,24.4,16.4,0,-2.4492935982947064e-16,1.0,-0.23867276600594997,0.9711000518829505,0,0,0,0
2025-12-18,2025,12,28.2,15.6,12.6,2.0,0.0,5.0,0.0,360.0,0.0,0.0,26.433333333333337,16.566666666666666,9.866666666666665,0.0,27.7,18.7,0,-2.4492935982947064e-16,1.0,-0.22192151300416674,0.9750645322571945,0,0,0,0
2025-12-19,2025,12,26.5,15.4,11.1,2.0,0.0,5.0,0.0,360.0,0.0,0.0,26.76666666666667,16.900000000000002,9.866666666666667,0.0,28.2,15.6,0,-2.4492935982947064e-16,1.0,-0.20510449986861926,0.9787400799669153,0,0,0,0
2025-12-20,2025,12,26.2,14.4,11.799999999999999,2.0,0.0,5.0,0.0,360.0,0.0,0.0,27.46666666666667,16.566666666666666,10.9,0.0,26.5,15.4,0,-2.4492935982947064e-16,1.0,-0.1882267098432439,0.9821256058680006,0,0,0,0
2025-12-21,2025,12,26.6,14.7,11.900000000000002,2.0,0.0,5.0,0.0,360.0,0.0,0.0,26.96666666666667,15.133333333333335,11.833333333333334,0.0,26.2,14.4,0,-2.4492935982947064e-16,1.0,-0.1712931441814778,0.9852201067560606,0,0,0,0
2025-12-22,2025,12,26.0,15.2,10.8,2.0,0.0,5.0,0.0,360.0,0.0,0.0,26.433333333333337,14.833333333333336,11.6,0.0,26.6,14.7,0,-2.4492935982947064e-16,1.0,-0.154308820664281,0.9880226656636976,0,0,0,0
2025-12-23,2025,12,26.9,15.2,11.7,2.0,0.0,5.0,0.0,360.0,0.0,0.0,26.26666666666667,14.766666666666667,11.5,0.0,26.0,15.2,0,-2.4492935982947064e-16,1.0,-0.13727877211326517,0.9905324521322227,0,0,0,0
2025-12-24,2025,12,27.0,15.1,11.9,2.0,0.0,5.0,0.0,360.0,0.0,0.0,26.500000000000004,15.033333333333337,11.466666666666669,0.0,26.9,15.2,0,-2.4492935982947064e-16,1.0,-0.12020804489935275,0.9927487224577402,0,0,0,0
2025-12-25,2025,12,27.7,15.0,12.7,2.0,0.0,5.0,0.0,360.0,0.0,0.0,26.63333333333334,15.166666666666666,11.466666666666667,0.0,27.0,15.1,0,-2.4492935982947064e-16,1.0,-0.10310169744743544,0.9946708199115211,0,0,0,0
2025-12-26,2025,12,26.8,17.0,9.8,2.0,0.0,5.0,0.0,360.0,0.0,0.0,27.200000000000006,15.100000000000003,12.1,0.0,27.7,15.0,0,-2.4492935982947064e-16,1.0,-0.0859647987374467,0.9962981749346077,0,0,0,0
2025-12-27,2025,12,26.7,15.9,10.799999999999999,2.0,0.0,5.0,0.0,360.0,0.0,0.0,27.16666666666667,15.700000000000003,11.466666666666667,0.0,26.8,17.0,0,-2.4492935982947064e-16,1.0,-0.06880242680232064,0.9976303053065857,0,0,0,0
2025-12-28,2025,12,26.4,15.9,10.499999999999998,2.0,0.0,5.0,0.0,360.0,0.0,0.0,27.066666666666674,15.96666666666667,11.1,0.0,26.7,15.9,0,-2.4492935982947064e-16,1.0,-0.05161966722325418,0.9986668162884759,0,0,0,0
2025-12-29,2025,12,28.0,16.7,11.3,2.0,0.0,5.0,0.0,360.0,0.0,0.0,26.633333333333336,16.26666666666667,10.366666666666665,0.0,26.4,15.9,0,-2.4492935982947064e-16,1.0,-0.034421611622745804,0.9994074007397048,0,0,0,0
2025-12-30,2025,12,28.5,18.4,10.100000000000001,2.0,0.0,5.0,0.0,360.0,0.0,0.0,27.033333333333342,16.166666666666668,10.866666666666665,0.0,28.0,16.7,0,-2.4492935982947064e-16,1.0,-0.01721335615583528,0.9998518392091162,0,0,0,0
2025-12-31,2025,12,28.7,17.4,11.3,2.0,0.0,5.0,0.0,360.0,0.0,0.0,27.633333333333336,17.000000000000004,10.633333333333335,0.0,28.5,18.4,0,-2.4492935982947064e-16,1.0,6.432490598706546e-16,1.0,0,0,0,0
