date,T850,T700,T500,Td850,Td700,KI,TT,CT,VT,SI,LI,CAPE,wind_shear
2015-01-01,19.961569999999995,8.31310000000002,-4.584569999999985,1.5441082611506545,-0.23142150998387478,17.54572675116674,30.67481826115062,6.12867826115064,24.54613999999998,10.327542853991986,-0.0,0.0,8.39146977575041
2015-01-02,19.517970000000048,7.736300000000028,-5.523169999999993,1.474574591628766,-0.6399215134877068,18.139493078141072,32.0388845916288,6.997744591628759,25.04114000000004,9.69316486688632,-0.0,0.0,11.451384729929774
2015-01-03,19.63960000000003,7.530420000000049,-4.242399999999975,1.3351831055639423,-0.9516866325266164,16.73507647303728,29.459583105563922,5.577583105563917,23.882000000000005,10.982177187511638,-0.0375,1.5,11.753175393849057
2015-01-04,20.11880000000002,9.015039999999999,-4.052159999999958,1.2210720754865747,-2.3240402421111526,14.052951833375403,29.444192075486512,5.273232075486533,24.17095999999998,10.953538696669398,-0.0,0.0,8.562872386157629
2015-01-05,20.042500000000018,6.535420000000045,-4.359229999999968,1.1807591199765852,-0.28122492985841063,18.765844190118116,29.94171911997654,5.539989119976553,24.401729999999986,10.714890756401417,-0.03125,1.25,9.64329148782555
2015-01-06,18.980650000000026,10.038720000000012,-3.3783599999999865,1.2908944202969224,-1.2926967456492662,12.318487674647656,27.02826442029692,4.669254420296909,22.359010000000012,12.266395443336023,-0.41875,16.75,5.391266390047553
2015-01-07,19.542230000000018,11.348400000000026,-3.429359999999974,1.1507720133398038,-2.763766085708369,10.0101959276314,27.55172201333977,4.580132013339778,22.971589999999992,11.95915328376384,-0.0,0.0,10.670836850554641
2015-01-08,19.80680000000001,6.519800000000032,-4.083349999999996,1.1546166839476086,-0.347369960175854,18.177596723771728,29.12811668394761,5.2379666839476045,23.890150000000006,11.146231919817069,-0.015625,0.625,13.12525729117413
2015-01-09,18.90270000000004,10.763500000000022,-4.677039999999977,1.0987262825543098,-2.9112198178526683,11.003746464701635,29.355506282554302,5.775766282554287,23.579740000000015,11.125430462893405,-0.0,0.0,9.956554991118182
2015-01-10,19.237150000000042,10.292259999999999,-4.284999999999968,0.44376490676552294,-3.714393216055555,9.95926169070998,28.2509149067655,4.728764906765491,23.52215000000001,11.68678624523352,-0.0,0.0,3.909999157436597
2015-01-11,18.81710000000004,10.712850000000003,-3.6982799999999543,0.0221783613177422,-4.072411416578291,7.752296944739442,26.23583836131769,3.7204583613176965,22.515379999999993,12.761243750573442,-0.0,0.0,3.755700504237592
2015-01-12,18.736050000000034,10.3245,-4.219029999999975,0.15167973897979437,-4.742130653301501,8.040129085678302,27.32578973897978,4.3707097389797696,22.95508000000001,12.219535691924648,-0.0,0.0,4.501268403416984
2015-01-13,18.95180000000005,11.469930000000033,-3.6976699999999596,0.23845154239614885,-4.446377041851406,6.971614500544717,26.585591542396116,3.9361215423961085,22.649470000000008,12.561271932005525,-0.0,0.0,1.8456495160135062
2015-01-14,19.20010000000002,10.700220000000002,-3.8342700000000036,0.42295487972143064,-4.492728437669143,8.26437644205231,27.29159487972146,4.257224879721434,23.034370000000024,12.171570359496286,-0.0,0.0,3.436486190902074
2015-01-15,19.3236,10.199800000000039,-2.9706199999999967,0.4503763285619016,-3.1715304712055854,9.373265857356273,25.715216328561894,3.4209963285618983,22.294219999999996,12.944755815848282,-0.0,0.0,6.747174346305446
2015-01-16,19.005980000000022,11.05758000000003,-3.558399999999949,1.0002038693214672,-1.7999832741799082,10.7070205951415,27.122983869321388,4.558603869321416,22.56437999999997,12.239055555575476,-0.0,0.0,8.223787794906896
2015-01-17,19.78000000000003,5.895530000000008,-4.591439999999977,1.1676774738206745,0.49735297520635413,20.140940449027028,30.13055747382066,5.759117473820652,24.371440000000007,10.646582566855898,-0.14375,5.75,5.725678301487153
2015-01-18,20.364599999999996,6.458280000000002,-5.147919999999999,1.1689019046023645,0.3966514603611131,20.61979336496347,31.82934190460236,6.316821904602364,25.512519999999995,9.743379887615959,-0.015625,0.625,4.440452297012981
2015-01-19,20.727869999999996,5.544579999999996,-5.894399999999962,1.0915769990230615,0.4346598330731126,22.603926832096136,33.60824699902298,6.985976999023023,26.622269999999958,8.827123726611887,-0.153125,6.125,5.5876545496459835
2015-01-20,19.587730000000022,5.488060000000019,-5.71963999999997,1.15392601619169,0.1976714177197323,21.170907433911395,32.18093601619165,6.87356601619166,25.30736999999999,9.640182893638894,-0.00625,0.25,4.315207621012489
2015-01-21,18.833460000000002,5.624780000000044,-5.8431999999999675,1.1113067962677405,-0.05584431471481821,20.10734248155285,31.631166796267678,6.954506796267708,24.67665999999997,9.994255904163708,-0.0,0.0,5.389170072616567
2015-01-22,19.85763000000003,5.980860000000007,-5.213999999999999,0.5515728636640347,-0.6933555029484637,18.94898736071559,30.83720286366406,5.765572863664033,25.071630000000027,10.324957614628147,-0.0,0.0,6.246530942670013
2015-01-23,20.133500000000026,4.603600000000029,-3.898719999999969,0.8322161125087177,0.3299543825312412,20.590790495039926,28.763156112508682,4.730936112508687,24.032219999999995,11.319289915143713,-0.0,0.0,7.161060453582517
2015-01-24,18.893460000000005,5.351100000000031,-3.6584499999999593,1.2944729725303432,0.3196733674805614,18.814956340010838,27.504832972530266,4.952922972530303,22.551909999999964,12.036843940836945,-0.328125,13.125,5.03649293178612
2015-01-25,20.435940000000016,5.02773000000002,-4.990939999999966,0.7361565937330283,0.29815039225337614,21.433456985986368,31.153976593732978,5.727096593732995,25.426879999999983,10.101818914205467,-0.0,0.0,5.915108966383281
2015-01-26,19.308250000000044,9.894800000000032,-5.269799999999975,0.5635006871644919,-3.6831685749972394,11.56358211216724,30.411350687164486,5.833300687164467,24.57805000000002,10.592532084726429,-0.0,0.0,10.570077527073211
2015-01-27,19.405970000000025,9.529320000000041,-4.826300000000003,0.982542549839934,-1.2111073736710978,14.474385176168823,30.041112549839966,5.808842549839937,24.232270000000028,10.740256593201366,-0.0,0.0,8.691614323586302
2015-01-28,19.714930000000038,11.250200000000007,-5.850129999999979,1.250422088218329,-0.9944403994937829,14.570841688724556,32.665612088218325,7.100552088218308,25.565060000000017,9.378595645619214,-0.0,0.0,6.086786925756006
2015-01-29,20.679160000000024,6.40652,-4.789829999999995,1.3161184303113487,0.7648458557987965,21.143434286110164,31.574938430311363,6.105948430311344,25.46899000000002,9.832422997620881,-0.2,8.0,1.812280116801641
2015-01-30,20.84450000000004,6.5400600000000395,-5.761629999999968,1.3005132095730119,0.6827141460249209,22.0492973555979,33.66827320957299,7.06214320957298,26.606130000000007,8.77279696339815,-0.171875,6.875,3.0628281749701376
2015-01-31,20.329060000000027,9.083430000000021,-5.4967699999999695,1.0338080285048932,-0.8744735447376115,16.901734483767257,32.35640802850486,6.530578028504863,25.825829999999996,9.491946140254356,-0.0,0.0,8.287015561458668
2015-02-01,20.03000000000003,6.983730000000037,-7.151299999999992,0.9796352708412996,-0.8113152523346798,20.365890018506605,35.31223527084131,8.130935270841292,27.18130000000002,8.045092524065751,-0.0,0.0,3.2878761060350774
2015-02-02,18.77645000000001,9.179160000000024,-5.677699999999959,0.8891938985576644,-3.205622861868676,12.958561036688934,31.021043898557593,6.566893898557623,24.45414999999997,10.32158323854236,-0.0,0.0,8.295265113408234
2015-02-03,19.16897,8.533400000000029,-6.599099999999964,0.9499664554073206,-3.2661642918560005,14.918472163551257,33.31713645540725,7.549066455407285,25.768069999999966,9.128830841713068,-0.0,0.0,3.9043960129309947
2015-02-04,19.24117000000001,8.286600000000021,-6.378999999999962,0.5991547795467795,-0.3792772790803838,17.553447500466348,32.598324779546715,6.978154779546742,25.620169999999973,9.504074019024586,-0.0,0.0,6.538370276369445
2015-02-05,20.096400000000017,9.02767,-7.459019999999953,0.3670326450211405,-1.3795259790273917,17.515256665993718,35.38147264502106,7.826052645021093,27.55541999999997,8.039421870840783,-0.0,0.0,7.058245793923044
2015-02-06,20.73690000000005,9.158100000000047,-6.522739999999999,0.24415439997579824,-1.2807250698584767,17.06496933011732,34.026534399975844,6.766894399975797,27.259640000000047,8.661060412060294,-0.0,0.0,10.318876452315655
2015-02-07,21.191430000000025,8.597300000000018,-6.569429999999954,0.29612625723024166,-0.6397744268763859,18.819911830353817,34.626416257230176,6.865556257230196,27.76085999999998,8.319142159743592,-0.0,0.0,11.368373177260384
2015-02-08,21.85656,6.350850000000037,-6.007360000000006,0.3605646995133611,0.011763015960980283,21.885397715474312,34.231844699513374,6.367924699513367,27.863920000000007,8.458060032359072,-0.0,0.0,11.838009433180167
2015-02-09,21.426540000000045,7.9167000000000485,-6.639139999999998,0.06387048849580879,-1.7126391449234006,18.500211343572403,34.76869048849585,6.703010488495806,28.065680000000043,8.236036600926866,-0.0,0.0,13.79306317372185
2015-02-10,19.736440000000016,8.959069999999997,-8.73584999999997,0.5682693922672684,-2.8801841779690562,17.201305214298202,37.776409392267226,9.30411939226724,28.472289999999987,6.866688244127886,-0.0,0.0,16.34842271276074
2015-02-11,21.224500000000035,6.86710000000005,-7.5005199999999945,0.6101965824985882,-0.7816784728424295,21.686438109656137,36.83573658249861,8.110716582498583,28.72502000000003,7.197583901173346,-0.0,0.0,8.606015403844559
2015-02-12,21.579769999999996,6.710840000000019,-8.236459999999965,0.7018656123776736,-0.4094065921233323,23.397849020254284,38.7545556123776,8.93832561237764,29.816229999999962,6.204727384868875,-0.0,0.0,11.72631539810142
2015-02-13,22.124300000000005,6.23974000000004,-6.073299999999961,0.6599545784605994,0.2533664159713567,22.87118099443188,34.930854578460526,6.73325457846056,28.197599999999966,8.075675908474864,-0.0,0.0,14.467318478953342
2015-02-14,23.21096,7.164240000000007,-7.205299999999966,0.2602900528527812,-0.07836333321432676,23.433946719638413,37.88185005285271,7.465590052852747,30.416259999999966,6.535287373284746,-0.0,0.0,10.484742531122993
2015-02-15,23.339170000000024,7.24606,-6.428699999999992,0.4510750521234854,0.10483372005489855,23.0777187721784,36.647645052123494,6.8797750521234775,29.767870000000016,7.138167363076775,-0.0,0.0,9.124116513407312
2015-02-16,23.28027000000003,7.174040000000048,-8.150899999999979,0.28129935105170034,-0.06586216209296936,24.472567188958692,39.86336935105169,8.432199351051679,31.43117000000001,5.539344241726155,-0.0,0.0,8.276744975231221
2015-02-17,23.08820000000003,7.033100000000047,-9.57965999999999,0.08605281889964544,-0.26177324749625086,25.459039571403366,42.333572818899654,9.665712818899635,32.66786000000002,4.322266327308057,-0.0,0.0,6.689485674061767
2015-02-18,23.740499999999997,7.7135000000000105,-7.3434199999999805,0.11755179523794368,-0.2184789704300556,23.269492824807855,38.5448917952379,7.460971795237924,31.083919999999978,6.171744273073955,-0.0,0.0,4.6637765995284655
2015-02-19,22.996759999999995,6.996900000000039,-4.568369999999959,0.297517804805409,-0.04323387892412711,20.822513925881196,32.43101780480532,4.865887804805368,27.565129999999954,9.274161418842482,-0.0,0.0,10.425530880205367
2015-02-20,21.934600000000046,6.001280000000008,-5.69969999999995,0.22837142726297088,-0.10405324421952855,21.75733818304343,33.56237142726292,5.928071427262921,27.634299999999996,8.790911465624106,-0.0,0.0,13.45741278473081
2015-02-21,21.442700000000002,5.508600000000001,-3.8907199999999875,0.2574385571518292,-0.10099549195814461,19.981263065193673,29.481578557151806,4.148158557151817,25.33341999999999,10.871241136111507,-0.0,0.0,15.000009227751503
2015-02-22,21.44583,5.587000000000046,-4.962869999999953,0.37045538995369043,-0.010399856630670001,21.181755533322928,31.742025389953596,5.333325389953643,26.408699999999953,9.73576362291999,-0.0,0.0,6.094982473120035
2015-02-23,21.61755000000005,6.817830000000015,-5.721839999999986,-0.4449179711857596,-1.4634748618224194,18.613167166991843,32.616312028814264,5.2769220288142265,27.339390000000037,9.30754985099162,-0.0,0.0,5.185323406559148
2015-02-24,22.082730000000026,7.16482000000002,-4.991859999999974,-0.9146742926510001,-2.144679502240649,16.85041620510833,31.151775707348975,4.077185707348974,27.07459,10.004260542668192,-0.0,0.0,10.504180782069582
2015-02-25,22.990560000000016,7.032920000000047,-4.057259999999985,-0.08108456002872799,-0.3625724067402416,19.571243033230985,31.02399543997126,3.976175439971257,27.04782,9.987441423459302,-0.0,0.0,2.153197771678224
2015-02-26,23.98583000000002,7.936760000000049,-5.007180000000005,0.8511998327143147,0.47735815518893787,22.38480798790323,34.85138983271435,5.85837983271432,28.993010000000027,7.983296988232894,-0.0,0.0,3.006165123054049
2015-02-27,23.633170000000007,7.709040000000016,-6.942019999999957,0.7715971767585756,0.3533974107295421,23.991144587488066,38.288807176758496,7.713617176758532,30.575189999999964,6.287926637316787,-0.0,0.0,8.977626516024726
2015-02-28,20.566300000000012,8.395000000000039,-7.783669999999972,1.4975948386008326,0.5585810601994581,22.011145898800237,37.63123483860079,9.281264838600805,28.349969999999985,6.8006098833024,-1.46875,58.75,6.407992736559931
2015-03-01,20.45718000000005,8.988500000000045,-6.59348,1.5897821328554755,0.5946544211590776,20.24659655401456,35.233922132855525,8.183262132855475,27.05066000000005,8.000976301087633,-1.2625,50.5,11.70763493907245
2015-03-02,22.575900000000047,9.484200000000044,-6.311800000000005,1.4053001708972488,0.23470079024798451,21.04350096114524,36.604800170897306,7.717100170897254,28.887700000000052,7.167027017899386,-0.08125,3.25,13.445961716303778
2015-03-03,21.79522000000003,9.612850000000037,-5.997469999999964,1.6370793762522453,0.24337669279418606,20.060296069046387,35.4272393762522,7.63454937625221,27.792689999999993,7.795305621546447,-3.103125,124.125,8.432824474404525
2015-03-04,20.87270000000001,9.041280000000029,-5.570299999999975,1.636287645842799,0.24358422438513117,19.281591870227885,33.64958764584276,7.206587645842774,26.442999999999984,8.755389449265124,-1.534375,61.375,5.454431688554658
2015-03-05,21.64993000000004,8.863699999999994,-5.873749999999973,1.6255142919719106,0.6255315768887613,20.91102586886069,35.022944291971896,7.499264291971883,27.523680000000013,8.008225955643866,-0.759375,30.375,4.024839530052481
2015-03-06,21.46243000000004,9.248800000000017,-6.218699999999956,1.6940789048559282,0.6577833661555132,20.78419227101142,35.59390890485588,7.912778904855884,27.681129999999996,7.732615105091611,-3.875,155.0,4.690130486516035
2015-03-07,20.74368000000004,8.829600000000028,-6.628099999999961,1.716754700905767,0.4581365457239599,20.7170712466297,35.71663470090573,8.344854700905728,27.37178,7.725461952422393,-5.60625,224.25,2.216151517677391
2015-03-08,21.24484000000001,7.770560000000046,-6.133459999999957,1.3061054745158458,0.6019300886966334,21.5157755632124,34.81786547451577,7.439565474515803,27.378299999999967,8.164770967080642,-0.0,0.0,4.212398574159849
2015-03-09,21.75582000000003,6.976460000000031,-5.63297,1.1795104810873909,0.32894081488296933,21.920781295970357,34.20127048108742,6.812480481087391,27.38879000000003,8.440924041666221,-0.0,0.0,8.660296148227392
2015-03-10,22.20297000000005,6.657800000000009,-6.7249799999999595,0.46387587000054964,-0.06827508359026524,22.665750786410285,36.11680587000052,7.188855870000509,28.92795000000001,7.484347221290477,-0.0,0.0,11.335584126215025
2015-03-11,21.865139999999997,8.47634000000005,-6.309820000000002,0.8779479280622127,-0.7591304832379251,19.817437444824236,35.36272792806221,7.187767928062215,28.17496,7.869052038946563,-0.0,0.0,8.862609348953896
2015-03-12,21.59304000000003,8.667140000000018,-6.118139999999983,1.2903864022290463,-0.13253738061081322,20.20188902161823,35.11970640222904,7.408526402229029,27.711180000000013,7.98812512542014,-0.0,0.0,8.271362470208246
2015-03-13,22.077420000000018,9.094000000000051,-7.03529999999995,0.815095189169881,-1.7498386460501933,19.083976543119604,36.9631151891698,7.850395189169831,29.112719999999968,7.055976830573854,-0.0,0.0,15.139169978552664
2015-03-14,22.90432000000004,8.116420000000005,-7.509899999999959,0.9051779332410206,-0.5300155879606905,22.672962345280325,38.82929793324098,8.41507793324098,30.41422,6.05976559534065,-0.0,0.0,7.349873437481544
2015-03-15,21.7432,8.918880000000001,-5.767740000000003,1.488405133476249,0.6555121827071844,20.735977316183437,34.76708513347626,7.256145133476252,27.510940000000005,8.139934398879745,-0.090625,3.625,7.809516160982727
2015-03-16,23.76460000000003,8.197230000000047,-6.325779999999952,1.1045953338339132,0.48307242325893185,23.48081775709278,37.52075533383385,7.430375333833865,30.090379999999982,6.65102201605788,-0.0,0.0,3.7334186939660614
2015-03-17,25.054470000000038,9.11447000000004,-4.82589999999999,-0.2884362764812636,-0.6366140918811425,19.84084963163758,34.417833723518754,4.5374637235187265,29.880370000000028,8.160180219718484,-0.0,0.0,3.350779798542101
2015-03-18,25.734520000000032,9.538400000000024,-5.3057999999999765,-0.05473563618301114,-0.3698305748660573,21.077353788950916,36.291384363816974,5.251064363816965,31.04032000000001,7.187629457422588,-0.0,0.0,3.3152839923775717
2015-03-19,25.749840000000006,9.704800000000034,-5.947119999999984,-0.22640046956917104,-0.5479883034673207,21.217771226963464,37.4176795304308,5.720719530430813,31.69695999999999,6.624201597986712,-0.0,0.0,4.11062486695703
2015-03-20,24.956080000000043,9.045280000000048,-5.6743999999999915,-0.15363173768270144,-0.5390974776859707,20.892470784631314,36.151248262317324,5.52076826231729,30.630480000000034,7.297744419520313,-0.0,0.0,5.530720219560525
2015-03-21,25.31990000000002,9.283230000000003,-5.41459999999995,-0.4260437744673595,-0.764024012158643,20.261202213373963,35.72305622553256,4.988556225532591,30.73449999999997,7.492159314865091,-0.0,0.0,3.2276289493508075
2015-03-22,26.555570000000046,10.42733000000004,-5.707459999999969,0.14091859208093638,-0.18904552541641806,21.787573066664493,38.11140859208092,5.8483785920809055,32.263030000000015,6.241605779517727,-0.0,0.0,3.817570126707804
2015-03-23,26.623440000000016,10.402250000000038,-7.11355999999995,0.6790527032434284,0.32805626228099527,24.341858965524352,41.529612703243345,7.792612703243378,33.736999999999966,4.526019872848735,-0.0,0.0,4.951262431289286
2015-03-24,26.723100000000045,10.48257000000001,-6.6655999999999835,0.5834246664246621,0.23770476368855498,23.727259430113236,40.637724666424674,7.249024666424646,33.38870000000003,4.9698036242375,-0.0,0.0,5.210502839760247
2015-03-25,25.74526000000003,9.651270000000011,-6.480379999999968,0.5515533545901121,0.1933192925057483,23.319242647095848,39.25757335459008,7.03193335459008,32.22564,5.698190231829301,-0.0,0.0,6.049734791105031
2015-03-26,24.650660000000016,9.42130000000003,-6.453769999999963,0.7607522842789649,0.26272457762797785,22.70660686190689,38.31895228427891,7.214522284278928,31.10442999999998,6.21537410634096,-0.0,0.0,3.9570750125341156
2015-03-27,24.826530000000048,8.850340000000017,-6.7675499999999715,0.27828457425488295,-0.06635676672061663,22.95566780753427,38.639914574254874,7.0458345742548545,31.59408000000002,6.0562119328117205,-0.0,0.0,5.253619667069856
2015-03-28,25.286699999999996,9.263570000000016,-4.421759999999949,0.11733322084398878,-0.23049658131014894,20.33172663953377,34.24755322084388,4.539093220843938,29.708459999999945,8.230532124408057,-0.0,0.0,6.306022449573761
2015-03-29,25.70315000000005,9.60820000000001,-4.205420000000004,0.44981628592807965,0.10813949752235885,20.858325783450482,34.56380628592814,4.655236285928083,29.908570000000054,8.048869161462903,-0.0,0.0,4.693016191984978
2015-03-30,25.630330000000015,9.389340000000004,-4.151700000000005,0.7216475096332715,0.38069142747536944,21.495028937108657,34.6553775096333,4.873347509633277,29.78203000000002,8.001646249462283,-0.0,0.0,9.803335385406056
2015-03-31,24.105680000000007,9.150450000000035,-3.79079999999999,1.3472219196883657,0.88958178764085,20.982833707329178,33.03450191968835,5.138021919688356,27.896479999999997,8.863513504075456,-0.05,2.0,11.292287750019874
2015-04-01,23.140700000000038,9.737500000000011,-4.476259999999968,1.6426908810736904,0.9065024778171846,20.42865335889087,33.735910881073664,6.118950881073658,27.616960000000006,8.551526637821723,-1.03125,41.25,7.6025467320616045
2015-04-02,25.310500000000047,9.451040000000035,-4.903570000000002,1.2941337136245465,0.8369995274510416,22.894163241075603,36.4117737136246,6.1977037136245485,30.21407000000005,7.118969244961647,-0.0,0.0,4.414429820043001
2015-04-03,25.817960000000028,10.157530000000008,-5.493599999999958,1.261743386875196,0.799266508230005,23.21503989510518,38.06690338687514,6.755343386875154,31.311559999999986,6.272077862544393,-0.0,0.0,3.385869718910653
2015-04-04,26.63918000000001,10.44222000000002,-5.539249999999981,1.3530419208080389,0.9622131714006059,24.051465092208616,39.07072192080801,6.89229192080802,32.17842999999999,5.739068532426927,-0.01875,0.75,3.8395229061115153
2015-04-05,26.58430000000004,10.720850000000041,-5.536779999999965,1.473990921700988,1.022205637291222,23.896426558992175,39.13185092170096,7.010770921700953,32.121080000000006,5.706176789126346,-0.55,22.0,3.8471367121912023
2015-04-06,25.581500000000005,10.279020000000003,-5.679939999999988,1.5662041452285393,0.9388317428032451,23.487455888031775,38.50758414522852,7.246144145228527,31.261439999999993,6.0486108590203,-1.346875,53.875,3.153824410477423
2015-04-07,26.106400000000008,10.231160000000045,-5.201099999999997,1.377418240356974,0.9520850416695339,23.405843282026467,37.886018240356975,6.578518240356971,31.307500000000005,6.348277209471007,-0.0375,1.5,1.304539999284597
2015-04-08,25.47103000000004,9.765070000000037,-5.120149999999967,1.1398752902638876,0.6652701995340067,22.631255489797866,36.85120529026386,6.2600252902638545,30.59118000000001,6.898887229228649,-0.0,0.0,0.91108714829759
2015-04-09,25.489400000000046,9.379080000000044,-4.965769999999964,1.1585406695253369,0.766786054954764,23.001416724480066,36.57948066952531,6.1243106695253005,30.45517000000001,7.0333379924952055,-0.0,0.0,3.3061014614282045
2015-04-10,25.13198,10.043450000000007,-4.955629999999985,1.395898643677242,0.7966904307539266,22.236749074431145,36.43913864367721,6.351528643677227,30.087609999999984,7.109708757777241,-0.228125,9.125,2.947281574714218
2015-04-11,24.547270000000026,9.240700000000004,-5.3755199999999945,1.3383661352684726,0.7709771000289152,22.791433235297404,36.63667613526849,6.713886135268467,29.92279000000002,7.040620498433668,-0.4375,17.5,4.721422938649814
2015-04-12,19.890530000000012,8.964620000000025,-5.296419999999955,1.8659675911671911,1.0084679327329127,19.096765523900046,32.349337591167114,7.162387591167146,25.186949999999968,9.469176281893965,-10.0,952.25,14.653819288914987
2015-04-13,18.59340000000003,8.104030000000023,-6.310919999999953,1.9045421680275467,0.6219936313805192,19.326825799408027,33.119782168027484,8.2154621680275,24.904319999999984,9.203157577692252,-10.0,1092.25,11.540142262344597
2015-04-14,19.436239999999998,7.387570000000039,-6.823219999999992,1.6905770843887922,0.7895681531867922,21.352035237575535,34.773257084388774,8.513797084388784,26.25945999999999,8.314742484877002,-10.0,404.125,16.506189654098204
2015-04-15,20.400570000000016,8.734340000000032,-5.158669999999972,1.7116168022475904,0.17668408790501644,18.713200890152564,32.42952680224755,6.870286802247563,25.55923999999999,9.398544635967426,-2.259375,90.375,8.773092291217685
2015-04-16,20.798969999999997,8.443930000000023,-4.731299999999976,1.6384085417141137,0.7152947468612183,19.440043288575282,31.899978541714063,6.36970854171409,25.530269999999973,9.636019241752308,-0.296875,11.875,9.9779902623597
2015-04-17,22.045000000000016,9.372400000000027,-5.798529999999971,1.503598384250381,0.06303852809071486,20.037766912341056,35.14565838425034,7.302128384250352,27.843529999999987,7.9269227905134585,-0.29375,11.75,7.346615503769806
2015-04-18,22.08325000000002,9.718620000000044,-5.112829999999974,1.5633332703337715,0.49820462676183297,19.538997897095555,33.87224327033374,6.6761632703337455,27.196079999999995,8.557032736830706,-0.2125,8.5,9.029395474332524
2015-04-19,23.28033000000005,10.518000000000029,-3.352639999999951,1.4911058109798887,0.2384346189840585,17.84451042996392,31.47671581097984,4.84374581097984,26.63297,9.681559065740998,-0.0875,3.5,2.5193254878253772
2015-04-20,22.781270000000006,10.849150000000009,-4.41641999999996,1.6520473441772765,0.3093893017526739,18.309976645929908,33.2661573441772,6.068467344177236,27.197689999999966,8.807138882200718,-0.0,0.0,2.1062833558621166
2015-04-21,22.024260000000027,10.389830000000018,-5.7885499999999865,1.8262011448641715,0.8056883057987534,20.05486945066292,35.42756114486417,7.614751144864158,27.812810000000013,7.764984310057457,-10.0,440.625,3.334434367384671
2015-04-22,22.217160000000035,10.781150000000025,-4.9091999999999985,1.9601429708343403,0.9123192221609315,19.21767219299528,33.99570297083437,6.869342970834339,27.126360000000034,8.457623900182966,-10.0,1153.75,2.5395216155545066
2015-04-23,22.180499999999995,11.647600000000011,-5.546899999999994,2.2163946743158363,0.4043457242019599,18.700540398517774,35.49069467431582,7.76329467431583,27.72739999999999,7.691129798147472,-10.0,2210.875,3.565179262175989
2015-04-24,22.07125000000002,10.202260000000024,-5.451030000000003,1.8076825945352084,0.7194819995211219,19.84718459405633,34.780992594535235,7.258712594535211,27.522280000000023,8.086569492372575,-10.0,576.25,4.018792831110851
2015-04-25,22.97012000000001,9.373130000000003,-5.2344699999999875,1.7292290423253007,0.5130202738944831,21.073709316219777,35.168289042325284,6.963699042325288,28.204589999999996,7.839699869894389,-6.346875,253.875,3.4020539374110412
2015-04-26,21.207480000000032,9.134360000000015,-5.154459999999972,1.8335226654354528,0.4654055772541028,19.526508242689545,33.34992266543543,6.987982665435425,26.361940000000004,8.86261448369845,-10.0,468.625,5.071419822144494
2015-04-27,22.304400000000044,10.10940000000005,-4.838099999999997,1.6166793071563461,0.1184081885724595,18.768187495728796,33.597279307156384,6.454779307156343,27.14250000000004,8.675827667066585,-0.925,37.0,10.192319270040219
2015-04-28,24.2765,10.349660000000029,-4.876319999999964,1.4701992405467763,0.3031550244419918,20.576514264988703,35.4993392405467,6.3465192405467405,29.152819999999963,7.615858611520935,-0.2375,9.5,3.255756652880378
2015-04-29,22.75033000000002,11.142179999999996,-5.821749999999952,1.8252557556210718,0.2912303542453287,19.546386109866376,36.219085755620995,7.647005755621024,28.57207999999997,7.321663372892374,-6.16875,246.75,6.166518765197125
2015-04-30,22.406900000000007,10.427900000000022,-5.701480000000004,1.9232648639332979,1.076371594798843,20.68011645873213,35.73312486393331,7.6247448639333015,28.10838000000001,7.578999102276953,-10.0,1134.125,2.3026873708013627
2015-05-01,24.888570000000016,10.88560000000001,-6.003150000000005,1.4878638770735506,0.5363357871578955,22.030319664231456,38.382733877073576,7.491013877073556,30.89172000000002,6.143780737799091,-0.378125,15.125,3.3330541844196366
2015-05-02,21.638149999999996,10.493130000000008,-5.082599999999957,2.033237227515599,1.0331531468720527,19.294010374387597,33.83658722751551,7.115837227515556,26.720749999999953,8.570755845775409,-10.0,1595.375,8.260221499408372
2015-05-03,22.178300000000036,10.71410000000003,-5.036229999999989,1.9455969370610546,0.4127635161154899,18.85879045317654,34.19635693706107,6.981826937061044,27.214530000000025,8.360978797156918,-10.0,942.75,1.92904023161916
2015-05-04,22.903220000000033,10.618400000000008,-5.205600000000004,1.9187950807368566,0.5090524913856598,19.918267572122545,35.2332150807369,7.124395080736861,28.108820000000037,7.798399846017389,-10.0,1000.75,3.1390023055892344
2015-05-05,23.25048000000004,10.203520000000026,-4.870429999999999,1.614130512845918,0.3668061923666528,19.898326705212583,34.605470512845955,6.484560512845917,28.120910000000038,8.111459597787473,-0.159375,6.375,3.6709261260349746
2015-05-06,22.150720000000035,10.698050000000023,-4.762900000000002,1.918112229297435,0.7072442279329607,18.84092645723041,33.594632229297474,6.681012229297437,26.913620000000037,8.665836800260763,-10.0,524.5,4.899619256455613
2015-05-07,22.31020000000001,10.904629999999997,-4.127019999999959,1.9038812977444763,0.7617187980503672,18.198190095794814,32.4681212977444,6.030901297744435,26.437219999999968,9.219554274274174,-10.0,527.5,4.642486371291415
2015-05-08,25.211450000000013,10.92452000000003,-5.47802999999999,1.5681057812698782,0.8406306671554375,22.17369644842529,37.73561578126987,7.046135781269868,30.689480000000003,6.450281878731289,-3.840625,153.625,5.020996864087231
2015-05-09,26.011500000000012,10.479270000000042,-4.284639999999968,1.2918056280169594,0.6055667089596,21.714242336976497,35.87258562801691,5.576445628016927,30.29613999999998,7.361377880271107,-0.0,0.0,5.622121052886118
2015-05-10,24.688750000000027,10.556420000000003,-5.920939999999973,1.4518486368748995,0.8366989229148771,22.341817559789774,37.98247863687487,7.372788636874873,30.60969,6.355568732237373,-3.675,147.0,1.8730285756983234
2015-05-11,20.799220000000048,10.193750000000023,-5.287149999999997,1.775068196624943,0.6378351626052563,18.30552335923022,33.148588196624985,7.06221819662494,26.086370000000045,9.000120674157017,-10.0,590.375,9.88724827415045
2015-05-12,22.311059999999998,10.376860000000022,-4.98312999999996,1.8359802898979751,0.7786428256351314,19.531953115533042,34.11330028989789,6.819110289897935,27.294189999999958,8.401777245158257,-2.5125,100.5,5.618062388904765
2015-05-13,19.84316000000001,10.570899999999995,-3.804969999999969,1.7082909867127682,0.9417049082929339,15.727225895005688,29.161390986712718,5.513260986712737,23.64812999999998,11.081805132037346,-4.61875,184.75,13.300303206457755
2015-05-14,20.248469999999998,10.885580000000004,-2.952799999999968,2.0827109982757293,0.9892209084153478,15.387621906691038,28.236780998275663,5.035510998275697,23.201269999999965,11.474361417887678,-2.734375,109.375,8.259338576622001
2015-05-15,19.329499999999996,11.492639999999994,-3.8414399999999773,2.2305184744697044,1.103143496871894,15.011961971341577,29.242898474469655,6.071958474469682,23.170939999999973,11.036917073222924,-10.0,526.0,3.0747610333581488
2015-05-16,19.475150000000042,11.710530000000006,-3.907539999999983,2.242010007221552,0.8630426104872413,14.777212617708813,29.53224000722156,6.149550007221535,23.382690000000025,10.877563409387164,-10.0,644.5,8.999417547269577
2015-05-17,21.583280000000002,11.060140000000047,-4.3492200000000025,2.1501781797567787,0.8934272788542899,17.915965458611026,32.431898179756786,6.499398179756781,25.932500000000005,9.266738355501786,-10.0,936.75,3.0561620850332685
2015-05-18,22.29385000000002,11.491450000000043,-3.880650000000003,2.1277103574209377,0.6719520263916365,17.482712383812554,32.182860357420964,6.0083603574209405,26.174500000000023,9.34525917688552,-10.0,941.5,1.6101242139815488
2015-05-19,22.020399999999995,11.592300000000023,-4.125949999999989,2.242463161387832,0.9053851631058478,17.70189832449364,32.514763161387805,6.368413161387821,26.146349999999984,9.187766593923072,-10.0,2071.5,11.42358371549931
2015-05-20,24.08468000000005,12.524440000000027,-4.089799999999968,2.095890645494137,0.7560559847577224,18.50198663025185,34.36017064549412,6.185690645494105,28.174480000000017,8.158383551113616,-10.0,1537.875,7.672679553120157
2015-05-21,24.050620000000038,13.421870000000013,-3.130650000000003,2.125546363158321,0.6095282324030791,16.494474595561428,32.437466363158364,5.256196363158324,27.18127000000004,9.11923462629403,-10.0,1321.625,14.597954776025063
2015-05-22,23.56283000000002,12.810750000000041,-3.6909499999999866,2.102411456262473,0.5433764454235757,17.088817901686014,33.047141456262466,5.79336145626246,27.253780000000006,8.840881512365513,-10.0,1451.5,13.285599810665738
2015-05-23,22.538900000000012,11.81295,-4.483249999999998,2.024445044823949,0.8566335141819081,18.090278559005867,33.52984504482396,6.507695044823947,27.02215000000001,8.664300035962356,-10.0,1065.25,11.157888121632443
2015-05-24,24.840300000000013,12.57772,-4.319369999999992,1.7745751871055404,0.5322976323465696,18.888822819452116,35.25361518710554,6.093945187105533,29.159670000000006,7.696656873279778,-10.0,565.25,5.52483081237248
2015-05-25,24.61166000000003,12.588950000000011,-4.395699999999977,1.6932915187675235,-0.43443867270013925,17.67726284606738,35.096351518767506,6.0889915187675,29.007360000000006,7.789512046948971,-2.5375,101.5,2.8630640354368464
2015-05-26,24.448820000000012,11.815150000000017,-5.270179999999982,1.7522720894210124,0.060104108336247464,19.716226197757237,36.74145208942099,7.0224520894209945,29.718999999999994,6.971720539847979,-5.55,222.0,9.34119017683865
2015-05-27,21.873320000000035,12.108330000000024,-4.854600000000005,2.081582619317146,0.5950530459392098,17.296225665256372,33.66410261931719,6.936182619317151,26.72792000000004,8.636835753592834,-10.0,927.75,15.943947482611884
2015-05-28,21.833640000000003,12.428950000000043,-6.035859999999957,2.037447066843015,0.775831054121852,18.253828120964783,35.94280706684293,8.073307066842972,27.86949999999996,7.503915127900541,-10.0,758.75,11.47597257464045
2015-05-29,22.089800000000025,11.707600000000014,-5.174599999999998,2.1215850505504363,0.5723312334592379,18.250716284009684,34.56058505055046,7.296185050550434,27.264400000000023,8.170128844201088,-10.0,1944.25,11.526667241147443
2015-05-30,24.631920000000036,11.323140000000024,-4.011199999999974,1.834666479976022,0.6792371970010436,19.833883676977052,34.488986479976006,5.845866479975996,28.64312000000001,8.084340999509777,-10.0,462.0,3.603688964902031
2015-05-31,23.626120000000014,11.854600000000005,-3.2923299999999927,2.236918826034014,1.059914955574186,18.360683781608202,32.447698826034014,5.5292488260340065,26.918450000000007,9.127256868910194,-10.0,2237.5,8.500822345680467
2015-06-01,21.114400000000046,10.342000000000041,-4.902839999999969,1.952415786173674,0.8492122323721105,18.47686801854576,32.87249578617366,6.855255786173643,26.017240000000015,9.098766031302489,-10.0,878.75,3.768438923029439
2015-06-02,21.679650000000038,10.520530000000008,-5.00806,2.1247316212385954,0.89358580075384,19.185497421992466,33.820501621238634,7.132791621238596,26.68771000000004,8.567742532854822,-10.0,1113.0,5.076524469578414
2015-06-03,22.411249999999995,11.16885000000002,-4.113169999999968,2.139451893770513,0.9036389623067294,18.398660856077186,32.777041893770445,6.252621893770481,26.524419999999964,9.040003226679573,-10.0,1059.125,4.939479141400895
2015-06-04,20.677030000000002,11.065330000000017,-3.269399999999962,2.2193444315503825,0.8256438133275878,15.926088244877917,29.43517443155031,5.488744431550344,23.946429999999964,10.826338963706746,-10.0,1934.25,5.025368031186317
2015-06-05,20.790729999999996,10.60958000000005,-3.8358499999999935,2.087714844863001,0.8433922888110033,16.948107133673943,30.550144844862984,5.9235648448629945,24.62657999999999,10.273104950807351,-10.0,884.75,8.45601387918164
2015-06-06,22.79970000000003,11.35537000000005,-4.329079999999976,1.9230173833753952,0.6935074679674358,18.389934851342787,33.38087738337538,6.2520973833753715,27.128780000000006,8.730710744720795,-6.940625,277.625,4.527855563367378
2015-06-07,22.37948,11.14837,-3.569219999999973,1.9139661197305031,0.7577456561294298,17.472041775859907,31.43188611973045,5.483186119730476,25.948699999999974,9.732180745090488,-5.25625,210.25,6.4575939214431015
2015-06-08,20.96523000000002,10.674950000000024,-4.190200000000004,2.051524597281457,0.7249009454772022,17.25690554275866,31.397154597281485,6.241724597281461,25.155430000000024,9.838558550742732,-10.0,621.75,5.777789103247679
2015-06-09,21.05776000000003,11.358400000000017,-3.9496800000000007,1.9273799971057883,0.8765199835125941,16.452939980618396,30.88449999710582,5.877059997105789,25.00744000000003,10.099214371797814,-8.603125,344.125,4.658819675635504
2015-06-10,23.52520000000004,12.422140000000013,-4.426819999999964,1.8554046630555376,0.6078247728653992,17.99310943592093,34.234244663055506,6.282224663055501,27.952020000000005,8.26582238623223,-4.659375,186.375,5.875211000685273
2015-06-11,20.508800000000008,10.470670000000041,-4.455240000000003,2.0803585825329947,1.0172421777826912,17.590970760315656,31.49963858253301,6.535598582532998,24.96404000000001,9.820686264345511,-10.0,1123.25,12.00736375435102
2015-06-12,19.65990000000005,10.296320000000037,-4.358199999999954,1.9389489659423589,0.9368987249512202,16.597627690893546,30.315248965942317,6.297148965942313,24.018100000000004,10.500074160504425,-6.303125,252.125,9.175521784836407
2015-06-13,20.21700000000004,10.602869999999996,-3.9137999999999806,1.9557049698101423,0.9380224685597227,16.42165743836989,30.000304969810145,5.869504969810123,24.130800000000022,10.60703792545047,-1.40625,56.25,6.57464132926413
2015-06-14,18.26815000000005,10.643950000000018,-3.7383799999999496,2.1670431143862174,0.9779380461881715,14.507561160574369,27.911953114386165,5.905423114386167,22.006529999999998,11.812028883102187,-3.978125,159.125,6.342189974524614
2015-06-15,20.819600000000037,11.583799999999997,-3.8093299999999886,1.857619254479573,0.19750862442509742,15.1002578789047,30.295879254479587,5.666949254479562,24.628930000000025,10.417470385920694,-5.4875,219.5,3.936995556735562
2015-06-16,20.03024000000005,9.605980000000045,-4.545320000000004,1.9482649404973813,0.8457369870809543,17.763581927578343,31.069144940497438,6.493584940497385,24.575560000000053,10.089493746694245,-9.86875,394.75,8.326067937395676
2015-06-17,19.194540000000018,10.36465000000004,-4.077979999999968,1.976439103241944,0.7598597413407902,15.64416884458268,29.326939103241898,6.054419103241912,23.272519999999986,11.033537939419773,-1.0875,43.5,11.028370607539559
2015-06-18,17.858000000000004,10.282430000000033,-3.8702799999999797,2.031934216907132,0.6129894403679259,14.090773657275008,27.630494216907096,5.902214216907112,21.728279999999984,12.009901709346423,-4.0,160.0,12.65594732669655
2015-06-19,18.274200000000008,10.245450000000005,-4.0156599999999685,2.084515978228012,0.8293654677332256,14.958291445961208,28.390035978227957,6.1001759782279805,22.289859999999976,11.581325640743614,-3.0375,121.5,3.511783229322505
2015-06-20,18.590660000000014,11.243980000000022,-4.176799999999957,1.8611901545738192,0.8961541473834131,14.280824301957182,28.805450154573748,6.037990154573777,22.76745999999997,11.364835807648205,-0.1625,6.5,6.880619557023704
2015-06-21,18.654530000000022,10.126760000000047,-2.6691699999999514,1.9998332453060925,0.8578885618616141,14.054661807167633,25.992703245306018,4.669003245306044,21.323699999999974,12.75080903028362,-1.66875,66.75,5.018183861745174
2015-06-22,19.24185,11.015700000000038,-1.282420000000002,2.047727045901752,0.5819888880570829,12.138285933958798,23.854417045901755,3.3301470459017537,20.52427,13.758220895525824,-1.1,44.0,6.71079738741591
2015-06-23,18.663020000000017,10.833280000000002,-1.3139400000000023,2.0694331629378553,0.950727113837786,12.163840276775659,23.360333162937877,3.3833731629378576,19.97696000000002,14.058876844642441,-0.3625,14.5,6.965110693943044
2015-06-24,19.69150000000002,10.954580000000021,-2.9196000000000026,2.045034366939092,0.7294521562027967,14.431006523141889,27.575734366939116,4.964634366939094,22.61110000000002,11.85680868412976,-1.290625,51.625,7.080959626145174
2015-06-25,19.631560000000036,11.235680000000002,-3.330600000000004,2.12774409492971,0.8071187760457974,14.661342870975545,28.420504094929754,5.458344094929714,22.96216000000004,11.431286909271762,-3.66875,146.75,4.381218904769541
2015-06-26,20.058500000000038,11.970970000000023,-6.415079999999989,2.114434738863963,0.873321853436039,17.490366592300006,35.00309473886398,8.529514738863952,26.473580000000027,8.10357843003004,-7.88125,315.25,9.268069302042104
2015-06-27,20.645230000000026,11.455600000000004,-7.158669999999972,2.071881398084656,0.5820262885251282,19.00220768660978,37.03445139808463,9.230551398084629,27.8039,7.04380029708409,-10.0,448.375,6.595962037522394
2015-06-28,21.049000000000035,10.339800000000025,-5.60209999999995,1.9100137388176108,0.5698697167210867,18.791183455538658,34.16321373881755,7.512113738817561,26.651099999999985,8.462043368719094,-3.4125,136.5,1.642254044241973
2015-06-29,19.747400000000027,10.25750000000005,-5.118229999999983,2.001934545109407,0.8098509123918802,17.419915457501247,31.9857945451094,7.12016454510939,24.86563000000001,9.650788435620086,-9.36875,374.75,2.488528290933744
2015-06-30,21.66088000000002,10.650630000000035,-4.471349999999973,1.882158257538606,0.309408526150321,17.673166783688885,32.48573825753857,6.353508257538579,26.132229999999993,9.257363851351045,-7.19375,287.75,5.6713335215427705
2015-07-01,21.04110000000003,10.862880000000018,-3.877999999999986,1.9340445494643745,0.3392485994901904,16.32951314895456,30.731144549464375,5.81204454946436,24.919100000000014,10.176543862817596,-1.51875,60.75,0.33882694683221176
2015-07-02,19.782680000000028,10.113,-3.6812999999999647,1.9938537129756924,0.955043672068939,16.299877385044624,29.13913371297565,5.675153712975657,23.463979999999992,11.07157216329523,-3.3875,135.5,3.996009684384292
2015-07-03,20.351950000000045,10.498739999999998,-4.305059999999969,1.9508627331305775,0.9644377249594527,17.073570458090046,30.91293273313056,6.2559227331305465,24.657010000000014,10.139034817346385,-4.99375,199.75,7.8832493958924745
2015-07-04,21.637,10.883260000000007,-4.267499999999984,1.8352392361760508,0.7881306937348427,17.64460992991087,32.00723923617602,6.102739236176035,25.904499999999985,9.502057512817771,-0.2,8.0,5.678863296665931
2015-07-05,21.92523,11.567830000000015,-4.922280000000001,1.7598583993894863,-0.4805467075583465,16.558991691831125,33.52964839938949,6.682138399389487,26.84751,8.725761650220534,-0.328125,13.125,2.845464121198459
2015-07-06,21.88372000000004,10.37050000000005,-5.126620000000003,1.4880176031195447,-0.5939747180768791,17.533882885042658,33.62497760311959,6.614637603119547,27.010340000000042,8.70058226274989,-0.0,0.0,6.257604444905715
2015-07-07,21.77950000000004,9.729730000000018,-3.695959999999957,1.5532315402459176,0.3857654931964021,17.6847270334423,30.724651540245873,5.249191540245874,25.475459999999998,10.153929367686942,-0.065625,2.625,4.593209180803031
2015-07-08,19.458730000000003,10.540369999999996,-4.529200000000003,1.9499074612674008,0.8220755327503753,16.219542994017786,30.46703746126741,6.479107461267404,23.987930000000006,10.441485498626093,-0.9,36.0,8.380220423613991
2015-07-09,19.52624000000003,11.083300000000008,-3.8633199999999874,2.0617191983878342,0.9021813401644181,15.270160538552261,29.31459919838784,5.925039198387822,23.389560000000017,11.000253299610279,-1.25,50.0,8.338558472552032
2015-07-10,19.516200000000026,11.219230000000039,-3.763339999999971,2.0821535767154273,1.025127788023326,15.167591364738712,29.125033576715396,5.845493576715398,23.279539999999997,11.093729742789264,-0.44375,17.75,6.5193858230460195
2015-07-11,19.64196000000004,10.173900000000003,-4.790750000000003,1.95925301991997,0.9082909619727957,17.126353981892805,31.182713019920016,6.750003019919973,24.432710000000043,10.066106225431042,-0.946875,37.875,6.625090525436598
2015-07-12,20.971900000000005,10.718230000000005,-3.8557500000000005,1.9617410256086032,0.7737787553023168,16.84493978091092,30.64514102560861,5.817491025608604,24.827650000000006,10.22208595270871,-2.8875,115.5,6.5889809250282045
2015-07-13,22.119439999999997,11.436550000000011,-2.4320999999999913,1.8656881247474644,0.6170171701442655,15.597695294891707,28.849328124747444,4.297788124747456,24.55153999999999,11.044689942237255,-1.165625,46.625,4.082289564678544
2015-07-14,21.908380000000022,11.738060000000019,-3.509680000000003,2.002192142699016,0.7527991693053764,16.4349913120044,30.929932142699045,5.511872142699019,25.418060000000025,10.007855222465423,-0.215625,8.625,7.617373704438686
2015-07-15,19.27654000000001,10.927670000000035,-3.623239999999953,2.09398972075212,1.01834516572427,15.08444488647632,28.617009720752037,5.717229720752073,22.899779999999964,11.368976412742654,-3.4125,136.5,4.02863992904071
2015-07-16,19.695100000000025,10.73974000000004,-4.160859999999957,2.0492207279406216,0.9017080164327353,16.0671487443733,30.06604072794056,6.2100807279405785,23.855959999999982,10.610920528502277,-2.81875,112.75,2.828348637954896
2015-07-17,19.06268,10.730430000000013,-4.338199999999972,2.0307980431190344,0.9060232219381419,15.607271265057136,29.76987804311898,6.3689980431190065,23.400879999999972,10.819243784809544,-0.4125,16.5,4.966972452799533
2015-07-18,18.891260000000045,10.642719999999997,-2.993259999999964,2.048732761077815,1.1682178174789328,14.45875057855676,26.926512761077788,5.041992761077779,21.88452000000001,12.254656816952547,-0.50625,20.25,5.120841573298471
2015-07-19,17.199640000000045,9.395500000000027,-4.671999999999969,2.0002587093189845,1.072616695609156,15.549015404928127,28.543898709318967,6.672258709318953,21.871640000000014,11.629767937771078,-2.0125,80.5,10.96216767255107
2015-07-20,18.657370000000014,10.816130000000044,-4.127629999999954,2.1111604891894444,0.9513505359936971,15.031381025183066,29.023790489189366,6.238790489189398,22.784999999999968,11.223208309411916,-1.996875,79.875,6.438342353703021
2015-07-21,19.1044,10.792630000000031,-3.9949399999999855,2.0634085249282634,0.9241377753403981,15.294256300268614,29.157688524928233,6.058348524928249,23.099339999999984,11.1180177852155,-2.375,95.0,2.7136561197941127
2015-07-22,18.36053000000004,9.885640000000024,-4.177099999999996,2.1084665750567524,0.9555877450816297,15.716044320138394,28.823196575056784,6.285566575056748,22.537630000000036,11.352997760430128,-6.33125,253.25,7.648094549775902
2015-07-23,19.57534000000004,10.448599999999999,-3.8666000000000054,2.0105413288739555,1.0559521827685217,16.059833511642523,29.319081328874006,5.877141328873961,23.441940000000045,10.99896721717306,-4.30625,172.25,10.295662171833996
2015-07-24,19.954060000000027,9.899130000000014,-4.257599999999968,1.9233926917817143,0.6569157113818846,16.89283840316358,30.392652691781677,6.180992691781682,24.211659999999995,10.436590408026007,-1.90625,76.25,6.436471551629919
2015-07-25,18.368830000000003,10.217579999999998,-4.016179999999963,1.9834326789159604,0.9579923239663799,15.108855002882308,28.38462267891589,5.999612678915923,22.385009999999966,11.584983057359011,-5.3625,214.5,3.0655530385457785
2015-07-26,18.927400000000034,10.327230000000043,-4.495899999999949,1.9795734764000485,0.84028028650323,15.915923762903219,29.89877347639998,6.475473476399998,23.423299999999983,10.77282045086929,-3.44375,137.75,5.157469695687343
2015-07-27,18.502250000000004,10.34292000000005,-4.766059999999982,1.8298459018198514,0.6365288587290365,15.391764760548824,29.86421590181982,6.595905901819833,23.268309999999985,10.847835335159857,-7.6125,304.5,7.119287256410423
2015-07-28,20.117500000000007,10.147199999999998,-5.511499999999955,1.8476625761736614,0.7516172448896441,18.08107982106327,32.98816257617358,7.359162576173617,25.628999999999962,9.131475370633723,-3.4625,138.5,3.1435744344762218
2015-07-29,21.139980000000037,9.976370000000031,-4.906349999999975,1.6962325253944641,0.08261661076784321,17.848809136162288,32.64891252539445,6.602582525394439,26.04633000000001,9.228961626227033,-0.0,0.0,3.965223358166106
2015-07-30,20.054160000000024,9.71646000000004,-4.734839999999963,1.8347793323944188,0.6129108756814503,17.520230208075816,31.35861933239437,6.569619332394382,24.788999999999987,9.953073251994795,-0.13125,5.25,2.9819809505940724
2015-07-31,19.124900000000025,9.769000000000005,-5.606539999999995,1.8615816232826887,0.9248386743279866,17.74886029761069,32.199561623282705,7.468121623282684,24.73144000000002,9.61500184527398,-8.38125,335.25,5.7975456066998365
2015-08-01,18.44586000000004,9.843470000000025,-4.414769999999976,2.0577729890531486,0.8059798459036642,15.880912834956803,29.33317298905314,6.4725429890531245,22.860630000000015,11.094895791425017,-10.0,447.25,6.506818442346365
2015-08-02,20.58540000000005,9.92208000000005,-4.784519999999986,1.8148253022050085,0.6328007583555291,17.895466060560523,31.96926530220503,6.599345302204995,25.369920000000036,9.604278164110383,-2.80625,112.25,6.770000974741943
2015-08-03,19.862420000000043,10.692440000000033,-5.193269999999984,2.018062147403782,0.4503252612776123,16.831637408681388,32.26702214740379,7.211332147403766,25.055690000000027,9.497921627152039,-7.73125,309.25,6.371676652444171
2015-08-04,18.989070000000027,10.025320000000022,-4.601299999999981,1.9860749438308858,0.9334726488046954,16.484597592635566,30.177744943830874,6.587374943830866,23.590370000000007,10.62689504509575,-7.13125,285.25,3.691769854491185
2015-08-05,19.040800000000047,9.750850000000014,-5.3725599999999645,1.9308970137934693,0.8420871135106154,17.435494127304082,31.716817013793445,7.303457013793434,24.41336000000001,9.858068326877685,-4.03125,161.25,3.6085505450333546
2015-08-06,19.84805,10.494259999999997,-4.370180000000005,1.9452844852548878,0.5801145186937333,16.24936900394863,30.533694485254898,6.315464485254893,24.218230000000005,10.372700072124132,-0.6875,27.5,0.899556340555165
2015-08-07,20.04385000000002,10.333900000000028,-3.8001499999999737,1.9466417194079213,0.9448728915829179,16.401614610990805,29.59079171940789,5.746791719407895,23.843999999999994,10.827665443778187,-0.0125,0.5,7.285283170005743
2015-08-08,19.851400000000012,10.022800000000018,-3.545500000000004,1.9360816481548113,1.0094253066517922,16.319606954806602,28.878481648154832,5.481581648154815,23.396900000000016,11.200968534082222,-0.56875,22.75,8.708317346976187
2015-08-09,19.643880000000024,10.535670000000039,-3.846779999999967,2.0497851722581117,1.0034975466363107,16.008272718894375,29.38722517225807,5.896565172258079,23.49065999999999,10.954857519768268,-8.55625,342.25,6.164048667834044
2015-08-10,18.76672000000002,10.818020000000047,-3.4516399999999976,2.0327620866577263,1.0550400441795773,14.488142130837275,27.702762086657742,5.484402086657724,22.21836000000002,11.880947305846973,-0.60625,24.25,8.347165195009422
2015-08-11,20.301840000000027,10.545220000000029,-3.52127999999999,2.016767347197799,0.9795757330876995,16.274243080285487,29.361167347197807,5.538047347197789,23.823120000000017,10.913684629114016,-8.93125,357.25,5.463177144883611
2015-08-12,18.863030000000037,10.69082000000003,-3.762999999999977,2.0384988487228384,0.8134850215895426,14.787193870312365,28.42752884872283,5.801498848722815,22.626030000000014,11.507988888219927,-1.48125,59.25,3.3664289247201347
2015-08-13,20.101920000000007,10.449180000000013,-3.115639999999985,2.0165763709962903,0.833297565489147,15.618253936485416,28.349776370996267,5.132216370996275,23.21755999999999,11.436547965485374,-0.85,34.0,3.5520776976791466
2015-08-14,20.73397,10.924650000000042,-3.4959499999999935,2.0162651668882745,0.8725313828138042,16.19406654970203,29.74213516688826,5.512215166888268,24.229919999999993,10.688123711478397,-1.81875,72.75,7.198129197887696
2015-08-15,21.343260000000043,10.917720000000031,-3.709419999999966,1.8895998504733598,0.7368789940694,16.761438844542738,30.651699850473335,5.599019850473326,25.05268000000001,10.196402257259649,-0.25625,10.25,7.971720593785842
2015-08-16,21.040459999999996,10.169579999999996,-4.266300000000001,1.9056450162912029,1.088052368945398,18.1308773852366,31.4787050162912,6.171945016291204,25.306759999999997,9.805324338121011,-5.925,237.0,8.401989518795821
2015-08-17,21.072900000000004,10.633170000000007,-2.696749999999952,2.1140783825707103,0.9486257021910092,16.19918408476167,28.580478382570618,4.810828382570662,23.769649999999956,11.232701150496894,-10.0,533.5,4.426578643804383
2015-08-18,21.917500000000018,11.386600000000044,-3.1948600000000056,1.9478159358254175,0.6349170777438644,16.30849301356926,30.255035935825447,5.142675935825423,25.112360000000024,10.34877646143542,-0.825,33.0,6.594165790408254
2015-08-19,21.494560000000035,11.01785000000001,-4.07974999999999,2.0235575890002906,1.031510784524528,17.611528373524834,31.677617589000306,6.103307589000281,25.574310000000025,9.660960473676369,-10.0,685.75,4.606810598110406
2015-08-20,21.059230000000014,10.805229999999995,-4.798439999999971,2.06994482545781,0.9200068762004889,18.04239170165829,32.726054825457766,6.868384825457781,25.857669999999985,9.165153215083365,-10.0,1060.75,5.981266651630535
2015-08-21,18.53594000000004,10.641020000000026,-4.944069999999954,2.181911566475037,0.8870295259725367,15.90793109244754,30.605991566474984,7.125981566474991,23.480009999999993,10.43560598450307,-10.0,1072.0,2.692504431703738
2015-08-22,18.386900000000026,10.533530000000042,-4.02759999999995,2.0810172341457474,0.9024515973371763,14.864438831482857,28.523117234145673,6.108617234145697,22.414499999999975,11.503002194932833,-5.15,206.0,4.393528453214188
2015-08-23,19.16735,9.764499999999998,-5.393699999999967,1.9398088398735922,0.7920114922368384,17.5283703321104,31.894558839873525,7.333508839873559,24.561049999999966,9.755923681566514,-6.78125,271.25,7.92197326110282
2015-08-24,19.805300000000045,9.928899999999999,-4.053169999999966,1.769878409868852,0.6186505827388373,16.318098992607702,29.68151840986883,5.823048409868818,23.85847000000001,10.819523903740333,-0.0,0.0,2.940580214200534
2015-08-25,20.567700000000002,9.941200000000038,-3.611059999999952,1.7480740773607408,0.510263879258332,16.49589795661899,29.537894077360647,5.359134077360693,24.178759999999954,10.826926451888767,-0.0125,0.5,1.3370251224332954
2015-08-26,19.88670000000002,9.89163000000002,-5.03922,1.9007783703772816,0.7949680815205511,17.73003645189783,31.8659183703773,6.939998370377282,24.92592000000002,9.70783779354241,-4.54375,181.75,7.497444535634198
2015-08-27,18.94924000000003,10.03463000000005,-5.029200000000003,2.090358372660887,0.7326232883955299,16.766791661056402,31.097998372660925,7.11955837266089,23.978440000000035,10.159052571812992,-7.5875,303.5,3.2097878024931568
2015-08-28,20.37005000000005,10.678200000000004,-3.6767299999999636,1.5243884973804143,-0.2782226218120627,14.61474587556836,29.24789849738039,5.201118497380378,24.046780000000012,11.006800571451151,-0.0,0.0,0.8281515976149352
2015-08-29,20.6721,9.690240000000017,-2.6883599999999888,1.7517657070976043,0.912193805609661,16.334179512707237,27.800585707097582,4.440125707097593,23.36045999999999,11.68607499760651,-0.00625,0.25,2.785956485180544
2015-08-30,20.59910000000002,9.783600000000035,-1.768699999999967,1.811540061920141,0.8638519762242254,15.25959203814432,25.948040061920096,3.580240061920108,22.36779999999999,12.61399168125223,-0.4375,17.5,6.203008987603659
2015-08-31,20.851650000000006,9.98983000000004,-2.515479999999968,1.6661482358991861,0.5053133388786364,15.548761574777757,27.54875823589913,4.181628235899154,23.367129999999975,11.80514990080627,-0.0,0.0,3.766669411574439
2015-09-01,21.41912000000002,10.384670000000028,-2.7526599999999917,1.7184945830283596,0.6093275028450762,16.11493208587342,28.642934583028364,4.471154583028351,24.171780000000012,11.209453102102202,-0.0,0.0,4.714345970720451
2015-09-02,21.57537000000002,10.504970000000014,-3.5564999999999714,1.715106141047272,0.4826896143688941,16.824695755416144,30.403476141047236,5.2716061410472435,25.131869999999992,10.317652876020645,-0.0,0.0,4.146400430000696
2015-09-03,21.29230000000001,10.813130000000001,-3.420749999999998,1.9295144209173145,0.5773214687644668,16.40675588968179,30.063314420917322,5.350264420917313,24.71305000000001,10.49157212413462,-1.640625,65.625,3.241812796279935
2015-09-04,21.241100000000017,10.345799999999997,-3.537329999999997,2.15981169252575,0.9816212355084417,17.57406292803421,30.47557169252576,5.697141692525747,24.778430000000014,10.269066756588586,-10.0,1465.0,6.952533434528202
2015-09-05,21.340300000000013,10.401760000000024,-3.7811999999999557,2.0737285040154916,0.9087660823319084,17.702234586347345,30.976428504015416,5.854928504015447,25.12149999999997,10.019298762443952,-10.0,744.0,1.641705136828514
2015-09-06,21.11510000000004,9.961880000000008,-3.2779599999999505,2.231122796725174,0.9847393487771114,17.64704214550227,29.902142796725116,5.509082796725124,24.39305999999999,10.558393385540512,-10.0,1455.25,4.904917016303848
2015-09-07,18.596280000000036,9.044730000000015,-4.859319999999968,2.091480584742783,0.8660990069946592,17.36844959173743,30.406400584742755,6.950800584742751,23.455600000000004,10.540016703911135,-10.0,680.75,5.522956363149472
2015-09-08,18.266050000000007,10.160240000000044,-5.027439999999956,1.8642813579351696,0.5760718439588004,15.573603201893889,30.18521135793509,6.8917213579351255,23.293489999999963,10.707933191315362,-0.5125,20.5,3.6383881726573866
2015-09-09,19.36160000000001,10.117880000000014,-4.236499999999978,1.9595932642542948,0.8369340551292339,16.276747319383503,29.79419326425426,6.196093264254273,23.598099999999988,10.785454492178815,-10.0,425.5,4.1178783103217125
2015-09-10,18.984460000000013,9.596640000000036,-4.539649999999995,1.8908674059773602,0.8366858266022632,16.655023232579595,29.954627405977362,6.430517405977355,23.524110000000007,10.74861238490422,-2.55,102.0,5.198962310166678
2015-09-11,19.551900000000046,10.613240000000019,-5.209199999999953,1.767034897415897,-0.4840725683840219,15.430822329031855,31.73733489741585,6.97623489741585,24.7611,9.81476175092547,-0.09375,3.75,5.898117335806047
2015-09-12,20.37393000000003,9.881130000000041,-4.724339999999984,1.7200729947772402,0.08154196694619031,17.018754961723403,31.542682994777238,6.444412994777224,25.098270000000014,9.843522157462417,-0.0,0.0,0.9962230661297923
2015-09-13,20.494100000000003,10.029719999999998,-4.051400000000001,1.81014768728636,0.55102209576512,16.876949783051487,30.407047687286365,5.861547687286361,24.545500000000004,10.393498719437275,-1.10625,44.25,2.825283194088411
2015-09-14,20.023600000000044,10.013149999999996,-3.9840999999999553,1.8446995778284077,0.3316071017299578,16.17085667955837,29.836499577828363,5.828799577828363,24.0077,10.71597955052647,-0.0,0.0,4.522002226016367
2015-09-15,18.357349999999997,10.075800000000015,-3.626170000000002,1.8793005634240671,0.9739193600483418,14.760939923472392,27.488990563424068,5.505470563424069,21.98352,12.045317529628619,-0.0,0.0,9.199525058139063
2015-09-16,19.268820000000005,10.101770000000045,-2.5892000000000053,1.9780381407785512,1.13475742304513,14.869045563823647,26.425258140778567,4.5672381407785565,21.85802000000001,12.476870771001984,-2.425,97.0,3.216281745061096
2015-09-17,20.92330000000004,10.888760000000048,-2.467960000000005,1.8654437748400596,1.0917982146262375,15.459741989466295,27.72466377484011,4.333403774840065,23.391260000000045,11.694698840033709,-0.0,0.0,1.312579658947617
2015-09-18,20.024220000000014,10.631619999999998,-3.351599999999962,1.9092514508463978,1.1694563673122502,15.822907818158626,28.636671450846336,5.26085145084636,23.375819999999976,11.309932650274334,-0.18125,7.25,2.307117755134563
2015-09-19,21.012699999999995,10.373000000000047,-3.877839999999992,1.8966449241327155,0.7466960038392472,17.160880927971903,30.665024924132695,5.774484924132707,24.890539999999987,10.215045591064609,-1.98125,79.25,3.32478833597977
2015-09-20,19.37393000000003,10.24377000000004,-4.127970000000005,1.9925021538403485,0.9209269820103714,16.171559135850714,29.622372153840388,6.120472153840353,23.501900000000035,10.866811948270652,-9.48125,379.25,7.381005986098329
2015-09-21,20.26977000000005,9.946740000000034,-2.6123399999999606,1.7379533558737421,0.08951252660665432,14.762835882480374,27.232403355873714,4.350293355873703,22.88211000000001,12.005793175785413,-0.1125,4.5,8.041621651840076
2015-09-22,22.077140000000043,10.891170000000045,-3.373329999999953,1.6189096262753537,-0.5082639573542451,15.66994566892106,30.442709626275303,4.992239626275307,25.450469999999996,10.268707364523607,-0.0,0.0,8.020105543641064
2015-09-23,21.83630000000005,10.796660000000031,-3.8899299999999926,1.9022655681017113,0.901636176116881,17.733471744218605,31.518425568101748,5.792195568101704,25.726230000000044,9.72654803756916,-4.15625,166.25,6.605011007991816
2015-09-24,21.10494,10.639499999999998,-4.260469999999998,2.0610404824887496,0.8403312087701806,17.62728169125893,31.686920482488745,6.321510482488748,25.365409999999997,9.682351410227739,-10.0,1712.75,6.168891326076383
2015-09-25,21.725520000000017,11.079300000000046,-4.418369999999982,1.998816489881051,0.8377246569875183,17.901131146868522,32.56107648988103,6.417186489881033,26.14389,9.205543356933788,-10.0,411.5,7.484270829491283
2015-09-26,20.180229999999995,10.642800000000022,-4.99142999999998,2.091971666073732,0.6421776392882634,17.263009305361948,32.255061666073686,7.083401666073712,25.171659999999974,9.470013754423292,-10.0,768.25,5.880821191975318
2015-09-27,19.878800000000012,10.478800000000035,-4.16459999999995,2.0968614102005176,0.6677835325518799,16.329244942752325,30.30486141020043,6.261461410200468,24.043399999999963,10.470222624261737,-10.0,1152.5,4.3264157637095915
2015-09-28,20.344700000000046,9.724730000000022,-4.584199999999953,1.915904123381722,0.5301699191447256,17.650244042526424,31.429004123381674,6.500104123381675,24.9289,9.884813222263574,-9.8125,392.5,4.9520276407551735
2015-09-29,20.227000000000032,10.337640000000022,-4.790930000000003,1.90343395936776,0.5907870505376991,17.174511009905473,31.7122939593678,6.694363959367763,25.017930000000035,9.754713630400715,-1.55,62.0,3.126647124828441
2015-09-30,18.69082000000003,10.050740000000019,-3.889700000000005,2.0170597536714467,0.9994613088816209,15.546301062553084,28.487279753671487,5.906759753671452,22.580520000000035,11.498058531538618,-3.98125,159.25,3.5885755047360846
2015-10-01,19.24487000000005,10.316980000000001,-4.125279999999975,2.072623152429344,0.9326055141537495,16.058398666583116,29.568053152429343,6.197903152429319,23.370150000000024,10.898628779906517,-10.0,507.0,0.21492087319327569
2015-10-02,20.49770000000001,10.278830000000028,-4.9611999999999625,1.9794016176926448,0.8263262246109093,17.985797842303498,32.39950161769258,6.940601617692607,25.45889999999997,9.38156876842254,-10.0,479.625,9.587043403412213
2015-10-03,20.581600000000037,10.528040000000033,-3.9493999999999687,1.9492742095420112,0.7467013273206362,16.69893553686262,30.429674209541986,5.89867420954198,24.531000000000006,10.362674760272341,-3.35,134.0,4.430657160446795
2015-10-04,18.695370000000025,9.900660000000016,-4.67465999999996,2.1517016837821643,1.0266038171727132,16.647675500954847,30.19639168378211,6.826361683782125,23.370029999999986,10.628761843834639,-10.0,744.5,6.496479097547427
2015-10-05,18.193480000000022,9.42130000000003,-4.532199999999989,2.0531858393964626,0.8557063597446017,16.213272199141045,29.311065839396463,6.5853858393964515,22.72568000000001,11.13272495134089,-8.625,345.0,7.564235330371005
2015-10-06,19.627700000000004,9.591030000000046,-4.867599999999982,1.947062341314279,0.6429512798169412,17.49428362113116,31.309962341314247,6.814662341314261,24.495299999999986,10.004953157296256,-7.025,281.0,3.6985355010682666
2015-10-07,20.67034000000001,9.953120000000013,-4.7420999999999935,1.9335341654158924,0.8945000402522396,18.287354205668123,32.08807416541589,6.675634165415886,25.412440000000004,9.527651933848006,-6.59375,263.75,3.0279723094482365
2015-10-08,20.167140000000018,10.134640000000047,-4.162629999999979,1.9897151176779744,0.9175089461552943,17.102354063833218,30.48211511767795,6.152345117677953,24.329769999999996,10.367386258581917,-4.55625,182.25,4.836524009185094
2015-10-09,19.812340000000006,10.521749999999997,-4.208899999999971,1.9366931450688298,0.9708721872673323,16.407055332336142,30.16683314506878,6.145593145068801,24.021239999999977,10.559995807042185,-6.296875,251.875,3.3390646275601905
2015-10-10,19.430800000000033,9.986050000000034,-4.762149999999963,2.0282737086499196,1.0214169362386087,17.25659064488849,30.98337370864988,6.790423708649882,24.192949999999996,10.177614769476975,-10.0,644.0,5.7915106349533385
2015-10-11,19.977900000000034,9.753870000000006,-4.091469999999958,2.1156666590458713,0.9238432143315549,17.355009873377412,30.276506659045822,6.20713665904583,24.069369999999992,10.473489064374917,-10.0,1113.625,2.8212968461686145
2015-10-12,20.507000000000005,10.057029999999997,-4.716599999999971,1.959174231438567,0.7563884956463767,17.882132727084922,31.899374231438514,6.675774231438538,25.223599999999976,9.632832153932725,-10.0,677.375,6.7996107668854515
2015-10-13,21.323200000000043,9.805020000000013,-3.4957599999999616,1.3347759892172917,-0.1889402473148607,16.159775741902422,29.649495989217257,4.830535989217253,24.818960000000004,10.740503276701986,-0.0,0.0,5.935044056644196
2015-10-14,21.554380000000037,8.345730000000003,-3.5269499999999994,1.002804152914564,-0.7171859401233291,17.02121821279127,29.6110841529146,4.529754152914563,25.081330000000037,10.761848311737992,-0.0,0.0,5.984933232752325
2015-10-15,21.740380000000016,8.258000000000038,-3.6919999999999504,1.3939774432969898,0.47151445928574276,19.03987190258266,30.518357443296907,5.08597744329694,25.432379999999966,10.270846158885035,-0.85,34.0,4.559769500214036
2015-10-16,21.263800000000003,9.554960000000051,-3.257479999999987,1.559352926312613,0.2297298293718768,16.75540275568443,29.33811292631259,4.8168329263126,24.52127999999999,10.885838673713977,-0.00625,0.25,4.101638651448659
2015-10-17,21.512380000000007,10.801170000000013,-2.9496800000000007,1.5456528853189866,-0.5099621765656934,14.696580708753288,28.957392885318995,4.495332885318987,24.462060000000008,11.05744698198805,-0.0,0.0,4.012636340894315
2015-10-18,21.01824000000005,10.23132000000004,-4.469759999999951,1.721714183063682,0.10071443152992288,17.079108614593565,31.679474183063633,6.191474183063633,25.488,9.721894392902357,-0.04375,1.75,2.9846432426677962
2015-10-19,21.959000000000003,11.087730000000022,-3.5649199999999723,1.500011522301918,-1.0122151176542502,14.923986404647621,30.588851522301866,5.06493152230189,25.523919999999976,10.212167161140428,-0.0,0.0,3.9439893317106542
2015-10-20,21.677300000000002,9.432460000000049,-3.4210599999999545,1.579609990506981,0.3575311352127528,17.603041125719642,30.099029990506892,5.000669990506935,25.098359999999957,10.471933844349905,-0.134375,5.375,1.5926077275682322
2015-10-21,21.773650000000032,8.440670000000011,-1.9765999999999622,1.427485051206304,-0.39869950971313983,16.338365541493147,27.15433505120626,3.404085051206266,23.750249999999994,11.948156996194939,-0.2875,11.5,1.7878441139677113
2015-10-22,21.664330000000007,8.949600000000032,-2.1570199999999886,1.0541133017445645,-0.646337319311499,15.279525982433029,27.03248330174455,3.211133301744553,23.821349999999995,12.039956290183738,-0.0,0.0,4.750161811583236
2015-10-23,21.516700000000014,10.724019999999996,-3.0356799999999566,0.600491029829243,-1.9169793196207365,12.511871710208482,28.18855102982917,3.6361710298291996,24.55237999999997,11.497527917891205,-0.0,0.0,1.9211890854870506
2015-10-24,21.364900000000034,9.957899999999995,-3.217749999999967,0.6477570252280316,-1.5877206568356428,13.684786368392395,28.448157025228,3.8655070252279984,24.58265,11.378132270423066,-0.0,0.0,4.1384745666717855
2015-10-25,20.488120000000038,9.368200000000002,-3.521950000000004,1.4927955072722057,-0.7540884343000585,15.380577072972187,29.02481550727225,5.01474550727221,24.01007000000004,11.11052996770701,-0.0,0.0,3.012721672986751
2015-10-26,20.19467000000003,8.614280000000008,-4.378999999999962,1.5718502653554651,-0.07594018016470727,17.455300085190743,30.52452026535542,5.950850265355427,24.573669999999993,10.38044290594388,-0.28125,11.25,3.5609096632257464
2015-10-27,20.350060000000042,8.611720000000048,-4.518959999999993,1.4801633252081388,0.5627371207243641,18.30020044593249,30.868143325208166,5.9991233252081315,24.869020000000035,10.201743765690594,-0.0,0.0,4.5512739920920104
2015-10-28,20.088900000000024,8.835050000000024,-5.092019999999991,1.7458942837178029,0.8821677951607967,18.97393207887859,32.01883428371781,6.837914283717794,25.180920000000015,9.627294303443193,-1.2,48.0,2.7308604350614845
2015-10-29,20.829980000000035,9.734340000000032,-4.062299999999993,1.71950886271037,0.6432489837189905,17.520697846429357,30.67408886271039,5.781808862710363,24.892280000000028,10.239808527565515,-0.003125,0.125,5.093016359274496
2015-10-30,20.895170000000007,9.978970000000004,-3.6234199999999532,1.8111706346651317,0.6061616457722039,16.956952280437292,29.953180634665046,5.434590634665085,24.51858999999996,10.587361561667876,-1.790625,71.625,0.6722300294578416
2015-10-31,19.802760000000035,9.253100000000018,-3.731899999999996,1.8155687792319668,0.8396464756112891,16.93677525484327,29.082128779231994,5.547468779231963,23.53466000000003,11.115117259909141,-0.26875,10.75,4.991967158334006
2015-11-01,18.25155000000001,9.61605000000003,-4.28222999999997,2.123065599850804,0.9619325412662079,16.00272814111696,28.939075599850753,6.405295599850774,22.53377999999998,11.305044945211137,-10.0,550.75,7.489997362048355
2015-11-02,18.808370000000025,9.849080000000015,-4.42376999999999,2.1058327748027637,0.8028450839788093,16.291737858781573,29.76174277480277,6.529602774802754,23.232140000000015,10.839789620603085,-10.0,461.875,5.9747138118268515
2015-11-03,17.917930000000013,9.211970000000008,-4.707619999999963,2.105777306551886,0.9358748393608494,16.455232145912703,29.438947306551825,6.813397306551849,22.625549999999976,11.090877361775995,-10.0,668.625,1.3516478814288617
2015-11-04,17.93237000000005,9.119230000000016,-4.748269999999991,2.04233438164232,0.9731108045384076,16.57685518618075,29.47124438164235,6.790604381642311,22.68064000000004,11.080847235240924,-7.9125,316.5,0.43983079122259083
2015-11-05,19.698720000000037,9.412800000000004,-4.469949999999983,1.7209168310232599,0.45211525026957133,16.928902081292847,30.359536831023263,6.190866831023243,24.16867000000002,10.494394877929324,-0.628125,25.125,5.17927203164385
2015-11-06,20.945760000000007,8.32340000000005,-3.653099999999995,1.4069837457146264,-0.5819640968680915,17.100479648846488,29.658943745714623,5.060083745714621,24.598860000000002,10.761478559980503,-0.6125,24.5,2.2288925883716177
2015-11-07,18.78964000000002,9.092740000000049,-4.111429999999984,1.8334648266153977,0.9147580714776495,16.556552898093003,28.845964826615386,5.944894826615382,22.901070000000004,11.327534820411756,-0.4125,16.5,2.3327372811023186
2015-11-08,18.88656000000003,9.611400000000003,-4.533479999999997,1.7569588982812547,0.7544353995128859,16.320034297794166,29.71047889828128,6.290438898281252,23.42004000000003,10.893349195741791,-0.06875,2.75,1.894392924145674
2015-11-09,17.015950000000032,8.11420000000004,-4.665999999999997,1.9341259614627688,0.6047836048953172,16.106659566358076,28.282075961462795,6.600125961462766,21.68195000000003,11.78967266570595,-4.053125,162.125,16.26354954641443
2015-11-10,16.164030000000025,9.447170000000028,-4.373569999999972,1.942660251154507,1.0242774009062714,14.057367652060748,26.853830251154477,6.3162302511544794,20.537599999999998,12.60422772258255,-0.75,30.0,11.195004905257743
2015-11-11,17.50424000000004,9.696300000000008,-3.198159999999973,1.9936040728123885,1.002568695062223,14.002272767874615,25.894164072812373,5.1917640728123615,20.70240000000001,12.921657074820928,-0.1375,5.5,3.661122590145774
2015-11-12,17.898300000000006,9.864160000000027,-4.369599999999991,2.046601856107202,0.9308704620067942,15.381212318113967,28.68410185610719,6.416201856107193,22.267899999999997,11.47733596374377,-6.46875,258.75,6.90102271871473
2015-11-13,17.469420000000014,11.109460000000013,-5.225099999999998,1.5709780062031768,0.34984100628525994,13.505879012488435,29.490598006203186,6.7960780062031745,22.69452000000001,11.172119520146168,-0.0,0.0,5.559881206549839
2015-11-14,17.37020000000001,9.426400000000001,-4.573499999999967,1.454850827207224,0.8867719822945332,14.858922809501735,27.97205082720717,6.028350827207191,21.94369999999998,11.954367056469266,-0.096875,3.875,3.045797913409871
2015-11-15,17.53832,8.931240000000003,-4.475679999999954,1.6608511974012572,0.6852795734803294,15.428890770881537,28.150531197401165,6.136531197401212,22.013999999999953,11.825107822837651,-1.559375,62.375,10.559307062215758
2015-11-16,16.449550000000045,9.558500000000038,-3.997259999999983,1.8418006781113831,1.043492466265377,13.77360314437675,26.285870678111394,5.839060678111366,20.446810000000028,12.86554189963016,-0.665625,26.625,14.21395564530643
2015-11-17,15.397420000000011,10.220600000000047,-3.314179999999965,1.8533798786054945,1.1501584058028698,11.494538284408293,23.879159878605435,5.167559878605459,18.711599999999976,14.200860255247534,-0.58125,23.25,8.931118981663584
2015-11-18,16.705600000000004,9.564140000000009,-3.4610999999999876,1.9743404614405335,1.028134740889186,13.605035202329702,25.602140461440513,5.435440461440521,20.16669999999999,13.160699936352387,-0.075,3.0,1.8601229476744217
2015-11-19,17.277900000000045,9.470670000000041,-4.655550000000005,2.0584707362909853,1.0205375414231526,15.541788277714147,28.64747073629104,6.7140207362909905,21.93345000000005,11.562318654565729,-4.64375,185.75,5.2953772055267105
2015-11-20,18.17013000000003,9.763970000000029,-5.239299999999957,2.018326106026052,0.9382822446314094,16.60206835065742,30.667056106025996,7.257626106026009,23.409429999999986,10.46092861326838,-7.99375,319.75,1.5324257594544441
2015-11-21,17.633970000000033,9.756430000000023,-5.193429999999978,2.0209816024503198,0.8708636273926231,15.962815229842931,30.04181160245031,7.214411602450298,22.82740000000001,10.83045902821732,-5.634375,225.375,6.037352269980165
2015-11-22,17.311270000000036,9.457570000000032,-4.080240000000003,2.001293220544369,1.0556227850967161,14.990856005641092,27.47304322054441,6.081533220544372,21.39151000000004,12.15196489871272,-2.675,107.0,5.675712346656363
2015-11-23,17.594420000000014,9.751760000000047,-5.125,2.0446566566468505,1.124193064420922,16.13650972106774,29.889076656646864,7.1696566566468505,22.719420000000014,10.908527669936461,-4.425,177.0,3.1156228826912056
2015-11-24,18.51830000000001,9.1644,-5.058799999999962,1.812070172152005,0.8276178651166219,17.0523880372686,30.44797017215194,6.870870172151967,23.577099999999973,10.555977886745211,-0.26875,10.75,1.4625884678925243
2015-11-25,18.630980000000022,11.207670000000007,-3.275299999999959,1.125425151477657,-4.017088478056792,7.806946673420839,26.307005151477597,4.400725151477616,21.90627999999998,12.676687604655115,-0.0,0.0,1.9205066472155103
2015-11-26,19.263329999999996,9.282200000000046,-5.080849999999998,1.6859963771303228,-0.1451226796575611,16.60285369747271,31.111026377130315,6.766846377130321,24.344179999999994,10.163003531970787,-0.878125,35.125,3.576993193067059
2015-11-27,19.85208,9.34277000000003,-3.8811399999999594,1.525797177364609,-0.28256085745698556,15.633686319907554,29.14015717736453,5.4069371773645685,23.73321999999996,11.106623993782875,-0.015625,0.625,4.9297926354760335
2015-11-28,19.018950000000018,9.543480000000045,-5.484929999999963,0.9403576344300859,-1.2554364517025078,14.645321182727514,30.92916763443003,6.425287634430049,24.50387999999998,10.3390954324949,-0.0,0.0,3.747972132981322
2015-11-29,17.701440000000048,9.012050000000045,-4.8035600000000045,1.8942450838827085,0.7790351133884883,16.166230197271204,29.202805083882765,6.697805083882713,22.505000000000052,11.255718068388603,-4.7875,191.5,7.748900405131769
2015-11-30,17.711820000000046,9.822699999999998,-5.123749999999973,2.00484743358021,0.8736713233748219,15.891388756955052,29.9641674335802,7.1285974335801825,22.83557000000002,10.862291556061564,-5.628125,225.125,2.513587622967316
2015-12-01,16.98843000000005,10.058500000000038,-3.964399999999955,1.9377280934479586,0.6034572847262325,13.43551537817416,26.85495809344792,5.902128093447914,20.952830000000006,12.506029204408776,-0.0125,0.5,7.068130248705159
2015-12-02,16.86940000000004,9.475240000000042,-3.740359999999953,1.9248931734069288,0.9835855608008615,14.042998734207742,26.275013173406876,5.665253173406882,20.609759999999994,12.811193252235796,-0.003125,0.125,5.340631257338588
2015-12-03,17.322600000000023,9.290430000000015,-4.220559999999978,1.8871306964850305,0.7809440668803518,14.920804763365368,27.65085069648501,6.107690696485008,21.54316,12.075363821393523,-0.03125,1.25,4.925296693809542
2015-12-04,17.321439999999996,9.448570000000018,-3.6026999999999703,1.53830126594778,-0.6013984774344863,12.412472788513242,26.065141265947716,5.14100126594775,20.924139999999966,12.904394802765296,-0.0,0.0,2.1283498625878905
2015-12-05,17.680440000000033,10.526400000000024,-3.7921199999999544,1.743056075379343,0.9846145056752107,13.673830581054517,27.007736075379285,5.535176075379297,21.472559999999987,12.372393922950607,-0.04375,1.75,8.046825633537681
2015-12-06,16.76696000000004,10.87936000000002,-4.520939999999996,1.8611394615165864,0.7640438664622025,13.033723327978805,27.66997946151662,6.382079461516582,21.287900000000036,12.132951011420232,-0.0,0.0,8.024326952668419
2015-12-07,17.87510000000003,9.85336000000001,-4.035559999999975,1.7115725932422947,0.9719384713081922,14.740811064550485,27.657792593242277,5.74713259324227,21.910660000000007,12.029217769466527,-0.0,0.0,8.89279703447708
2015-12-08,17.23977000000002,10.43768,-5.491799999999955,1.2090541352237096,0.8524139200285958,14.355358055252282,29.43242413522364,6.700854135223665,22.731569999999977,11.262894571773813,-0.84375,33.75,6.227932214081768
2015-12-09,17.829200000000014,10.998400000000004,-3.868439999999964,2.060786654314711,0.7372438273087596,13.497270481623445,27.626866654314654,5.929226654314675,21.69763999999998,12.011675178982898,-0.1125,4.5,5.034076563405755
2015-12-10,18.267359999999996,10.129420000000039,-3.787499999999966,2.026737620720837,0.6700784381980043,14.622256058918765,27.869097620720765,5.814237620720803,22.054859999999962,11.848555630274461,-1.128125,45.125,0.9126773142407786
2015-12-11,19.10235,11.29525000000001,-3.5886600000000044,1.8949673017204987,-1.98760318674897,11.303124114971524,28.17463730172051,5.483627301720503,22.691010000000006,11.626606678142537,-0.165625,6.625,6.7063726773636665
2015-12-12,19.618160000000046,9.778250000000014,-4.11364999999995,0.7220546975752313,0.9898449343687048,15.665459631943918,28.567514697575177,4.835704697575181,23.731809999999996,11.472814214569723,-0.00625,0.25,9.79387430976405
2015-12-13,20.60098000000005,9.597860000000026,-4.445929999999976,1.4712600717330702,0.8918098089743012,17.81211988070737,30.96410007173307,5.917190071733046,25.046910000000025,10.133418040268282,-0.0,0.0,3.496584344032058
2015-12-14,19.224760000000003,10.000699999999995,-4.71402999999998,1.960138466756007,0.7151917337606051,16.6134202005166,30.61295846675597,6.674168466755987,23.938789999999983,10.38909376239144,-8.11875,324.75,1.858826888190741
2015-12-15,20.231700000000046,10.467129999999997,-4.755069999999989,1.6223327651432555,0.22623118447353363,16.368203949616827,31.36417276514328,6.377402765143245,24.986770000000035,9.953195458028347,-0.0,0.0,1.0095354808168848
2015-12-16,19.98824000000002,11.044920000000047,-5.146919999999966,1.3946960260747119,-2.0424785273200996,13.44245749875455,31.676776026074663,6.541616026074678,25.135159999999985,9.836929684064557,-0.0,0.0,5.820611624756451
2015-12-17,18.346339999999998,11.350549999999998,-2.456639999999993,1.2577516163942732,-2.6081455782480134,8.102036038146252,24.517371616394257,3.7143916163942663,20.80297999999999,13.591040389936836,-0.0,0.0,6.8742970314994425
2015-12-18,18.48147,11.038350000000037,-2.454999999999984,1.6433863954125627,-2.283023590868936,9.258482804543576,25.034856395412532,4.098386395412547,20.936469999999986,13.282281851837752,-0.0,0.0,8.840339560975497
2015-12-19,19.17434000000003,9.864770000000021,-3.345299999999952,1.5927551767355794,-0.8925630092589358,13.355062167476603,27.457695176735513,4.938055176735531,22.51963999999998,12.006711946527844,-0.0,0.0,6.845182847430915
2015-12-20,18.52657000000005,9.343350000000044,-3.538729999999987,1.6114561280471662,-1.8384356675696836,12.494970460477475,27.21548612804719,5.150186128047153,22.065300000000036,12.190800362665072,-0.0,0.0,7.659806336391134
2015-12-21,20.002530000000036,7.91885000000002,-4.307839999999999,1.1946867215901307,-0.8407301437096066,16.745476577880538,29.812896721590164,5.5025267215901295,24.310370000000034,10.782279243446965,-0.0,0.0,4.061876357611713
2015-12-22,19.698450000000037,10.314940000000036,-3.9771499999999946,1.0552475933747587,-1.9022578223818414,12.513649770992913,28.707997593374785,5.032397593374753,23.67560000000003,11.373723783427067,-0.0,0.0,2.767985909584809
2015-12-23,18.674950000000024,11.106700000000046,-4.337999999999965,1.2943044861711996,-2.39120682212922,10.809347664041923,28.645254486171154,5.632304486171165,23.01294999999999,11.488576195646488,-0.0,0.0,2.7978643726327066
2015-12-24,19.512350000000026,11.893700000000024,-3.299229999999966,0.9417698570885022,-2.878703475088912,8.980946381999559,27.05257985708846,4.240999857088468,22.811579999999992,12.227390637828023,-0.0,0.0,7.606781363320962
2015-12-25,18.0505,12.761960000000045,-3.3678599999999506,1.2358914466387887,-2.503218779535075,7.389072667103619,26.02211144663869,4.603751446638739,21.41835999999995,12.871926138317406,-0.01875,0.75,2.623886269701459
2015-12-26,18.1173,12.054770000000019,-5.089999999999975,1.267077372269739,-3.7552972782365828,8.664310094033112,29.56437737226969,6.357077372269714,23.207299999999975,11.090961046110067,-0.0,0.0,6.250367705757932
2015-12-27,18.305020000000013,11.903530000000046,-4.198549999999955,1.431030299748329,-2.405388974354196,9.625681325394055,28.13315029974825,5.629580299748284,22.503569999999968,11.771779244939808,-0.0,0.0,9.768783696173614
2015-12-28,17.689099999999996,12.095420000000047,-5.132360000000006,1.1766729266615812,-2.889132732931728,9.013580193729808,29.13049292666159,6.309032926661587,22.821460000000002,11.364432659179727,-0.0,0.0,5.500917984453767
2015-12-29,18.660799999999995,11.453400000000045,-5.64785999999998,1.0503292664386663,-1.5311169339797743,12.374472332458822,31.00684926643862,6.698189266438646,24.308659999999975,10.329555349705458,-0.0,0.0,4.530722205824139
2015-12-30,18.608120000000042,10.677200000000028,-6.016999999999996,0.6143401751634769,-2.704273070689453,11.857987104474034,31.25646017516351,6.631340175163473,24.625120000000038,10.241325277402325,-0.0,0.0,10.664707713390495
2015-12-31,18.38076000000001,10.504850000000033,-6.851349999999968,0.8196511204284889,-2.465678475997322,13.081232644431111,32.903111120428434,7.671001120428457,25.232109999999977,9.428970562021505,-0.0,0.0,12.997665411532134
2016-01-01,17.339380000000006,9.525380000000041,-4.694619999999986,0.9540706792062679,-2.1592445498251323,11.303446129381086,27.682690679206246,5.648690679206254,22.033999999999992,12.147842031665505,-0.0,0.0,10.308988226078238
2016-01-02,18.28353000000004,9.293420000000026,-5.128399999999999,0.42335666687336015,-2.3748249986436463,12.167041668229729,28.9636866668734,5.551756666873359,23.41193000000004,11.435460243293221,-0.0,0.0,8.806994152581357
2016-01-03,19.276900000000012,10.87097,-5.396699999999953,0.4782435357334407,-4.451911537120679,9.828961998612726,30.54854353573336,5.874943535733394,24.673599999999965,10.531860572824598,-0.0,0.0,11.60507299806886
2016-01-04,18.26364000000001,10.79830000000004,-5.469599999999957,0.6031878759118285,-3.2191343024919092,10.318993573419846,29.806027875911752,6.072787875911786,23.733239999999967,11.005481125018434,-0.0,0.0,10.83720757969348
2016-01-05,18.35653000000002,9.537869999999998,-4.5376999999999725,0.3611696899445178,-4.0251379099372,9.692391780007313,27.793099689944484,4.89886968994449,22.894229999999993,12.016815661173098,-0.0,0.0,12.492044438332142
2016-01-06,18.894100000000037,9.138480000000015,-4.956179999999961,0.9243661256202245,-3.333752681704084,12.302413443916123,29.730826125620183,5.880546125620185,23.850279999999998,10.95216673220989,-0.0,0.0,9.755896213632926
2016-01-07,18.900300000000016,8.782000000000039,-4.854039999999998,1.1610227060041325,-1.3684664735844763,14.76489623241963,29.769402706004144,6.01506270600413,23.754340000000013,10.914262319760837,-0.0,0.0,11.912038568831804
2016-01-08,18.57498000000004,8.207600000000014,-4.203959999999995,0.7215221123674382,-0.47511600118860997,14.817746111178849,27.704422112367467,4.925482112367433,22.778940000000034,12.013131151486107,-0.0,0.0,13.05117471979625
2016-01-09,19.198140000000024,8.695700000000045,-4.147339999999986,0.3398401172107697,-1.2018003788634815,13.787819738347252,27.832660117210764,4.487180117210755,23.34548000000001,11.905270129293001,-0.0,0.0,17.769847905867422
2016-01-10,18.724630000000047,9.020000000000039,-5.225679999999954,0.2302146314900142,-1.5193638784600694,13.641160753029908,29.40620463148997,5.455894631489969,23.95031,11.176338587022883,-0.0,0.0,16.963406505042013
2016-01-11,18.447720000000004,10.346120000000042,-6.302219999999977,0.4947896250623671,-2.5157352029921753,12.382874422070131,31.546949625062325,6.797009625062344,24.74993999999998,10.121331036807078,-0.0,0.0,19.22430332835856
2016-01-12,19.42330000000004,9.894920000000013,-5.337259999999958,0.6968438048769485,-1.2934163501366243,14.26906745474031,30.794663804876905,6.0341038048769065,24.760559999999998,10.381130252921253,-0.0,0.0,16.025928301068678
2016-01-13,18.757470000000012,9.916530000000023,-4.96999999999997,0.8084488084358554,-3.4822428582394878,11.137145950196327,29.50591880843581,5.778448808435826,23.727469999999983,11.087208524479308,-0.0,0.0,15.929023567230354
2016-01-14,19.54812000000004,9.057100000000048,-3.7758499999999913,0.6304667882519084,-2.716249701245431,12.18108708700646,27.73028678825193,4.4063167882519,23.32397000000003,11.904137672104127,-0.0,0.0,14.703936990281338
2016-01-15,18.47270000000003,7.805720000000008,-2.9789799999999786,0.9455558919461282,-2.208355385936784,12.383160506009347,25.376215891946117,3.924535891946107,21.45168000000001,13.173031495320515,-0.0,0.0,11.591777199829766
2016-01-16,19.156240000000025,4.518000000000029,-2.608799999999974,1.0348705564537113,0.21625414069740145,18.498164697151083,25.408710556453684,3.643670556453685,21.76504,13.078409198040049,-0.0875,3.5,10.939365187874333
2016-01-17,19.27334000000002,5.108100000000036,-1.9788599999999974,1.1555543166111875,0.08543590501540166,17.38509022162657,24.3866143166112,3.134414316611185,21.252200000000016,13.568668846935623,-0.06875,2.75,9.343866041168553
2016-01-18,18.27230000000003,6.711659999999995,-0.9662199999999643,1.4929578641211378,0.5832081423180853,14.603026006439222,21.697697864121096,2.459177864121102,19.238519999999994,14.987109036646984,-0.190625,7.625,14.012464184746253
2016-01-19,17.74102000000005,7.7789000000000215,-0.040259999999989304,1.6817169132011713,0.6052730272681401,12.289369940469328,19.5032569132012,1.7219769132011606,17.781280000000038,16.124445367909004,-0.4875,19.5,16.693905944222312
2016-01-20,16.805960000000027,8.185820000000035,-0.8446399999999699,1.8428595653665525,0.8947184301492825,12.202357995515797,20.33809956536652,2.6874995653665223,17.650599999999997,15.796544156831885,-0.703125,28.125,14.732845122705912
2016-01-21,18.237940000000037,8.927700000000016,-2.1446299999999496,1.7853401588801603,0.366382963549313,13.606593122429445,24.312540158880097,3.92997015888011,20.382569999999987,13.65553589646305,-0.759375,30.375,9.611839312508604
2016-01-22,18.773220000000038,8.463900000000024,-3.1730699999999956,1.6622320211491797,0.4271208367253507,15.57174285787454,26.78159202114921,4.835302021149175,21.946290000000033,12.378147016643538,-0.0,0.0,10.526101759455658
2016-01-23,18.59677000000005,9.207449999999994,-3.764439999999979,1.6120346998364425,-0.1322600560293381,14.633534643807138,27.73768469983645,5.376474699836422,22.36121000000003,11.9226705424025,-0.0,0.0,15.880189563155476
2016-01-24,18.62933000000004,7.531980000000033,-4.381349999999998,1.6758675913584966,0.37517418141447934,17.52974177277298,29.06789759135853,6.057217591358494,23.010680000000036,11.248069857067037,-0.30625,12.25,14.199726546044127
2016-01-25,19.883260000000007,7.120420000000024,-3.6721000000000004,1.5855846272258987,0.3745184278755005,18.395043055101382,28.813044627225906,5.257684627225899,23.555360000000007,11.262511314388632,-0.43125,17.25,16.22635717182784
2016-01-26,20.71010000000001,7.071200000000033,-4.54464999999999,1.535178437678212,0.33661841016777316,20.055346847845954,31.334578437678203,6.079828437678202,25.25475,9.934158608782752,-0.625,25.0,12.276264063668107
2016-01-27,21.411980000000028,10.627340000000004,-5.907699999999977,1.423089586606693,-1.090054626448591,17.025374960158103,34.650469586606675,7.33078958660667,27.319680000000005,8.227068272897213,-0.128125,5.125,7.099607815172137
2016-01-28,21.86250000000001,10.881600000000049,-6.540930000000003,1.0429995461632302,-2.5599043408847706,16.004925205278425,35.98735954616325,7.583929546163233,28.403430000000014,7.548512201085771,-0.0,0.0,6.946107598241497
2016-01-29,20.91873000000004,11.270600000000002,-5.079779999999971,1.262355585385535,-2.399712247555385,13.590553337830158,32.340645585385516,6.342135585385506,25.99851000000001,9.433445412803906,-0.0,0.0,1.2082219284458997
2016-01-30,20.682860000000005,10.576800000000048,-6.14409999999998,1.015294960880226,-2.550323442717911,14.715131518162252,33.98635496088019,7.159394960880206,26.826959999999985,8.646894144239127,-0.0,0.0,5.258055679895662
2016-01-31,21.201170000000047,9.523130000000037,-3.5184699999999793,0.16772627637027426,-2.932357029594357,12.431879246775907,28.40583627637028,3.6861962763702536,24.719640000000027,11.43274284749566,-0.0,0.0,2.1503408925061347
2016-02-01,21.88076000000001,9.684470000000033,-2.0583599999999933,-0.21398306331110462,-2.1868490722287675,11.853817864460098,25.78349693668889,1.8443769366888887,23.939120000000003,12.696791573637313,-0.0,0.0,1.9033151508511694
2016-02-02,22.380520000000047,10.801450000000045,-3.226599999999962,-0.21807929655227554,-3.427787418493608,11.15980328495408,28.615640703447696,3.0085207034476866,25.60712000000001,11.240304469957039,-0.0,0.0,2.2837146062069804
2016-02-03,22.007470000000012,8.181849999999997,-2.691319999999962,0.5625398124128083,-1.1439149883360642,15.935564824076721,27.952649812412744,3.2538598124127702,24.698789999999974,11.577945682801953,-0.0,0.0,6.527165567978698
2016-02-04,21.370450000000005,6.823270000000036,-2.4782500000000027,0.35812654774224484,-0.8821360758573178,16.5014204718849,26.685076547742256,2.8363765477422476,23.848700000000008,12.27142634026859,-0.0,0.0,6.814533222694479
2016-02-05,20.17715000000004,10.121970000000033,-3.1985799999999927,0.48783635921017776,-4.187462301664084,9.554134057546094,27.062146359210203,3.6864163592101704,23.375730000000033,12.185308470985717,-0.0,0.0,11.31732675355224
2016-02-06,21.362330000000043,8.851530000000025,-3.1767999999999574,1.0372634125240552,-0.2613358020399801,16.46352761048405,28.753193412524013,4.214063412524013,24.53913,11.205086439534853,-0.0,0.0,8.312040837001268
2016-02-07,21.887800000000027,7.1745200000000295,-4.675199999999961,1.3385731826051028,0.634142586990663,21.361195769595724,32.57677318260505,6.013773182605064,26.562999999999988,9.233412371269765,-0.09375,3.75,1.5240100315143372
2016-02-08,22.355600000000038,7.333760000000041,-4.252049999999997,1.3415579942403042,0.7165115506103916,21.33195954485069,32.201257994240336,5.593607994240301,26.607650000000035,9.388012612761884,-0.1375,5.5,4.7606485724066
2016-02-09,22.497029999999995,7.004170000000045,-3.175399999999968,1.0686228888091591,0.5854743899630535,20.32235727877213,29.91645288880909,4.244022888809127,25.672429999999963,10.536246379119746,-0.0,0.0,4.885413889836999
2016-02-10,22.631200000000035,7.322750000000042,-3.1389800000000037,1.1192750227320403,0.44511389752216246,20.0118189202542,30.028435022732083,4.258255022732044,25.77018000000004,10.468164386613466,-0.0,0.0,6.329666412074332
2016-02-11,22.888940000000048,7.2549000000000206,-2.457429999999988,1.12259534644312,0.41488658957609914,19.628951936019234,28.926395346443144,3.580025346443108,25.346370000000036,11.00141614340049,-0.078125,3.125,8.521763888226266
2016-02-12,22.513120000000015,7.536280000000033,-2.685769999999991,1.2447852354191014,0.40709298613541023,19.314488221554484,29.129445235419098,3.9305552354190922,25.198890000000006,10.918866872956471,-0.171875,6.875,4.115039224694652
2016-02-13,22.359770000000026,6.3373000000000275,-2.957499999999982,1.068344891571087,0.6135770374669391,20.661891929038006,29.343114891571076,4.025844891571069,25.317270000000008,10.832521073474993,-0.0,0.0,6.889143168078154
2016-02-14,21.69045,9.347200000000043,-2.938799999999958,0.7736809937812836,-1.1511188635978442,14.904612130183352,28.341730993781198,3.7124809937812415,24.629249999999956,11.398686680311414,-0.0,0.0,5.117372856023044
2016-02-15,20.646749999999997,10.636070000000018,-4.066869999999994,1.316801845812222,-1.298228642282595,14.0961232035296,30.097291845812208,5.383671845812216,24.71361999999999,10.574106370078539,-0.0,0.0,0.705560430457186
2016-02-16,22.00582000000003,9.164940000000001,-5.041719999999998,0.8960670388219114,-2.3248703928048826,16.453796646017054,32.985327038821936,5.937787038821909,27.047540000000026,9.04553590064944,-0.0,0.0,4.003589087316954
2016-02-17,19.954250000000002,9.872700000000009,-5.855899999999963,1.388952629585674,0.07888151053299453,17.405284140118624,33.0550026295856,7.244852629585637,25.810149999999965,9.15131014146857,-0.0,0.0,7.315257866270812
2016-02-18,20.28842000000003,11.452539999999999,-5.213399999999979,1.2295309290903447,-1.4119987757317176,13.866812153358637,31.944750929090333,6.442930929090323,25.50182000000001,9.687997164453463,-0.0,0.0,2.492003672732007
2016-02-19,21.393700000000024,9.212900000000047,-3.7695699999999874,1.1284579076001364,0.13729599374727286,17.216123901347373,30.061297907600135,4.898027907600124,25.16327000000001,10.54308905017507,-0.0,0.0,6.532964421899573
2016-02-20,23.936239999999998,7.956450000000018,-3.9226999999999634,1.0764313480840428,0.6846218067370842,21.66354315482107,32.85807134808397,4.999131348084006,27.85893999999996,8.97321925259746,-0.0,0.0,6.345483069161661
2016-02-21,25.208500000000015,9.076999999999998,-3.9788999999999533,0.9835652944046842,0.5907299729930742,21.68469526739773,34.149865294404606,4.9624652944046375,29.18739999999997,8.266253948862243,-0.0,0.0,4.6602214064870555
2016-02-22,25.834400000000016,9.687160000000006,-3.647069999999985,0.5432733453316132,0.1306465208324994,20.46822986616411,33.6718133453316,4.190343345331598,29.48147,8.487765121247548,-0.0,0.0,3.5068203105060296
2016-02-23,25.124900000000025,9.91384000000005,-3.1788399999999797,0.20252558383265296,-0.6694682803960745,17.922957303436533,31.685105583832637,3.3813655838326326,28.303740000000005,9.519691075728815,-0.0,0.0,5.299634908857992
2016-02-24,24.537440000000004,8.677580000000034,-3.9988199999999665,1.2297880620360502,0.5784564662459388,21.666924528281925,33.76486806203599,5.228608062036017,28.53625999999997,8.481443441168949,-0.0,0.0,4.796168081279664
2016-02-25,24.394800000000032,9.043800000000033,-4.380349999999964,1.3770765477542,0.8524947720956106,21.960921319849774,34.53257654775416,5.757426547754164,28.775149999999996,8.09844137811001,-0.28125,11.25,2.3363379182221427
2016-02-26,22.173180000000002,10.694420000000036,-4.9541999999999575,1.0633242621166232,-3.0481783906607802,14.448105871455766,33.14490426211654,6.017524262116581,27.12737999999996,8.9444915714285,-0.0,0.0,2.450435953726243
2016-02-27,22.084130000000016,9.579250000000002,-5.980799999999988,0.9642559474350492,-1.667037872248443,17.78289807518661,35.00998594743504,6.945055947435037,28.064930000000004,8.023873305708776,-0.0,0.0,7.2264020687528765
2016-02-28,21.505640000000028,9.733360000000005,-6.099339999999984,1.1710943985066251,-1.3680527262182522,17.67466167228838,34.87541439850662,7.270434398506609,27.604980000000012,8.12451806544641,-0.0,0.0,8.900328807317475
2016-02-29,21.458460000000002,9.698050000000023,-6.234139999999968,1.208198680050259,-0.09710892116470404,19.105639758885502,35.1349386800502,7.442338680050227,27.69259999999997,7.996186570504108,-0.0,0.0,7.357389298280368
2016-03-01,22.07534000000004,9.986630000000048,-6.24661999999995,1.2731144164676493,-0.14625421200321398,19.462190204464378,35.84169441646759,7.5197344164676,28.32195999999999,7.592175339466905,-0.0,0.0,8.842890318127933
2016-03-02,21.973659999999995,8.099400000000003,-6.282600000000002,1.067995590282294,0.026260671246120637,21.25111626152841,35.606855590282294,7.350595590282296,28.256259999999997,7.72891452771961,-0.0,0.0,7.04416679575654
2016-03-03,22.763500000000022,8.829679999999996,-5.475959999999986,1.0238360516431158,0.09128369344881548,20.524899745091943,34.73925605164311,6.499796051643102,28.239460000000008,8.108202863605243,-0.0,0.0,13.454925138357316
2016-03-04,23.87080000000003,8.518520000000024,-5.8870000000000005,0.27328298439408627,-0.3439870074711848,21.16857597692291,35.91808298439412,6.160282984394087,29.75780000000003,7.473673539405695,-0.0,0.0,17.859701119109282
2016-03-05,24.22958,8.229700000000037,-4.543199999999956,0.5119330120448353,0.15186368762641678,21.20687669967117,33.827913012044746,5.0551330120447915,28.772779999999955,8.491459430681175,-0.0,0.0,14.144035835435878
2016-03-06,24.39790000000005,8.763270000000034,-4.571199999999976,0.6864836401915113,0.08817659009014278,20.980490230281646,34.22678364019151,5.2576836401914875,28.969100000000026,8.27774176872532,-0.0,0.0,11.092702552021697
2016-03-07,23.81545,11.060330000000022,-4.251170000000002,0.646660813641688,-1.1830235508234068,16.46992726281826,32.96445081364169,4.89783081364169,28.06662,8.943768151503377,-0.0,0.0,7.937311259684278
2016-03-08,25.053740000000005,9.129800000000046,-3.8716999999999757,0.4860988775255919,-0.04561556607552575,20.23612331145,33.28323887752555,4.357798877525568,28.92543999999998,8.71902313381122,-0.0,0.0,5.231548667831861
2016-03-09,25.426660000000027,9.614770000000021,-4.782699999999977,0.7164489014635365,0.08520872953056369,21.396247630994083,35.70850890146352,5.4991489014635135,30.209360000000004,7.484096183801057,-0.0,0.0,9.657058272973847
2016-03-10,25.23720000000003,10.941430000000025,-4.4192299999999705,0.7990835073226776,-0.7850011848805707,18.729082322442082,34.87474350732265,5.218313507322648,29.65643,7.907555089161576,-0.0,0.0,6.375006733642036
2016-03-11,25.73690000000005,9.639520000000005,-5.183969999999988,0.6638765599162184,0.27004127043835524,22.215267830354605,36.76871655991624,5.847846559916206,30.920870000000036,6.941054764588046,-0.0,0.0,6.820333674341023
2016-03-12,25.389550000000042,9.77224000000001,-5.50927999999999,1.121833492889209,0.3322397147565539,22.580663207645784,37.52994349288923,6.631113492889199,30.898830000000032,6.563640097210964,-0.0,0.0,7.323878110472136
2016-03-13,25.578820000000007,10.24944000000005,-5.632329999999968,1.5158947518613672,0.8564698283464054,23.334074580207698,38.35937475186131,7.148224751861335,31.211149999999975,6.12531048339963,-3.809375,152.375,8.2253135496528
2016-03-14,24.474270000000047,11.294730000000015,-5.153099999999995,1.7394631106555494,0.38380772375381866,20.455910834409394,36.519933110655586,6.892563110655544,29.62737000000004,7.081864552336015,-9.678125,387.125,11.643698911661115
2016-03-15,23.138940000000048,10.503630000000044,-4.163430000000005,1.7796702657171295,0.8528890959009914,19.43129936161813,33.24547026571719,5.943100265717135,27.302370000000053,8.787957174448138,-2.98125,119.25,1.0254428706696705
2016-03-16,24.454060000000027,10.747500000000002,-4.515229999999974,1.5680079318360072,0.5475842148980519,20.337382146734058,35.05252793183598,6.083237931835981,28.96929,7.825434925901959,-0.39375,15.75,7.447322083524977
2016-03-17,23.842600000000004,11.296170000000018,-4.517830000000004,1.699219514506865,0.28944550705676875,19.052925021563624,34.57747951450688,6.2170495145068685,28.360430000000008,8.0872548339741,-0.453125,18.125,4.160972260258624
2016-03-18,26.178860000000043,10.40658000000002,-4.431069999999977,1.2343694455566947,0.814791155514456,22.25251060107115,36.27536944555669,5.665439445556672,30.60993000000002,7.1561445240116655,-0.0125,0.5,3.210768523945543
2016-03-19,27.01138000000003,10.734000000000037,-5.35427999999996,1.0181938059463391,0.6455765290161821,23.295430334962475,38.73813380594629,6.372473805946299,32.36565999999999,5.903300362154312,-0.0,0.0,2.4569737221307277
2016-03-20,27.764730000000043,11.572140000000047,-4.775999999999954,0.9364643971574651,0.5701472569006683,22.475201654058083,38.253194397157415,5.712464397157419,32.540729999999996,6.127139937965524,-0.025,1.0,1.1451533286540496
2016-03-21,27.59396000000004,11.363980000000026,-2.634469999999965,0.9935962866844079,0.6319882583192111,20.490034545003596,33.856496286684376,3.6280662866843727,30.228430000000003,8.328804231004085,-0.14375,5.75,3.080180986361947
2016-03-22,26.873000000000047,10.864100000000008,-2.213480000000004,1.2986969671682687,0.8221113760235426,20.343188343191855,32.598656967168324,3.5121769671682728,29.08648000000005,8.970208759965658,-0.0,0.0,3.4236712229196113
2016-03-23,25.39303000000001,10.75768000000005,-2.990419999999972,1.5378612659341115,0.895309914355721,20.058941180289764,32.911731265934066,4.528281265934083,28.383449999999982,8.856007861497858,-0.259375,10.375,2.670695541806203
2016-03-24,26.41067000000004,10.162380000000041,-4.164829999999995,0.9675576079572465,0.6043075049029767,21.984985112860215,35.707887607957275,5.1323876079572415,30.575500000000034,7.439043975560537,-0.03125,1.25,2.935961069549949
2016-03-25,26.139430000000004,10.033870000000036,-4.732119999999952,0.5438202709128177,0.1709966988155429,21.55249696972828,36.147490270912726,5.27594027091277,30.871549999999957,7.237217371950862,-0.0,0.0,3.837479320241491
2016-03-26,26.20930000000004,10.21078,-4.780519999999967,0.23249899969289345,-0.17395000740822297,20.83758899228468,36.00283899969287,5.013018999692861,30.98982000000001,7.310045020253199,-0.0,0.0,5.015805994459272
2016-03-27,26.20437000000004,10.162869999999998,-5.565279999999973,0.08633238038606805,-0.5172639290443044,21.17584845134178,37.421262380386054,5.651612380386041,31.769650000000013,6.601596933029782,-0.0,0.0,5.242493065307014
2016-03-28,25.366900000000044,9.251180000000033,-6.677649999999971,0.6852737415982233,0.2975561414264689,23.776199883024674,39.40747374159821,7.362923741598195,32.044550000000015,5.637989066981277,-0.0,0.0,7.0374062039863245
2016-03-29,25.47317000000004,9.483420000000024,-5.657999999999959,0.8015698317491342,0.43292877045428213,22.88224860220339,37.59073983174909,6.459569831749093,31.131169999999997,6.538656115336664,-0.0,0.0,6.792324824398377
2016-03-30,25.53982000000002,9.514760000000024,-6.405159999999967,0.8978026675009119,0.5379186333594248,23.8659413008603,39.247942667500865,7.3029626675008785,31.944979999999987,5.704436636229957,-0.0,0.0,9.601896511468599
2016-03-31,25.703520000000026,9.629020000000025,-6.681979999999953,1.0502000037966468,0.6904811621179192,24.49716116591452,40.11768000379658,7.7321800037966,32.38549999999998,5.258308311186852,-0.0,0.0,7.841406927419675
2016-04-01,25.20500000000004,9.913960000000031,-6.231899999999996,1.1761581980608753,0.6891700030533343,23.388268201114215,38.84495819806091,7.408058198060871,31.436900000000037,5.911567139714691,-0.0,0.0,7.1701116896030515
2016-04-02,26.496000000000038,10.393060000000048,-4.920799999999986,0.9309057476735916,0.5739854956362365,22.528631243309803,37.2685057476736,5.851705747673577,31.416800000000023,6.656501154996079,-0.0,0.0,2.7451700502910725
2016-04-03,26.672750000000008,10.474850000000004,-6.255650000000003,0.965798468560024,0.60508815882298,24.02443662738301,40.14984846856004,7.221448468560027,32.92840000000001,5.208625979721717,-0.0,0.0,3.554566032739908
2016-04-04,27.038720000000012,10.868130000000008,-4.046799999999962,0.742362682438511,0.36014630935119385,21.31989899178967,35.87468268243845,4.789162682438473,31.085519999999974,7.338452661064366,-0.0,0.0,3.4703231190266886
2016-04-05,27.01785000000001,10.768950000000018,-3.9730599999999754,0.6295288038368767,0.2773058519559868,21.12879465579283,35.59349880383684,4.602588803836852,30.990909999999985,7.48076802412595,-0.0,0.0,4.073182252500898
2016-04-06,26.178500000000042,10.225900000000024,-4.210759999999993,1.1031349598081874,0.6020115315627095,21.86850649137091,35.70315495980822,5.313894959808181,30.389260000000036,7.445814746979806,-0.0,0.0,4.200724564184363
2016-04-07,26.868300000000033,10.517449999999997,-4.2444999999999595,1.240701567093197,0.8597683618596648,22.695819928952858,36.59800156709315,5.485201567093156,31.112799999999993,6.972162808806672,-0.0,0.0,11.603865609721439
2016-04-08,25.670000000000016,11.36038000000002,-3.5534399999999664,1.6192855139269113,0.926460372245856,20.40880588617273,34.39616551392686,5.172725513926878,29.223439999999982,8.098784379108679,-0.465625,18.625,7.81720303654469
2016-04-09,23.85250000000002,11.752280000000042,-3.081519999999955,1.7719594019852707,0.4818362035132395,17.435535605498444,31.7874994019852,4.853479401985226,26.934019999999975,9.47749472206965,-4.340625,173.625,4.275308088305306
2016-04-10,25.348960000000034,10.670370000000048,-4.088480000000004,1.6448093409625244,0.9494944315595149,21.36137377252203,35.170729340962566,5.7332893409625285,29.437440000000038,7.723525416232178,-1.6,64.0,2.9252031117021278
2016-04-11,27.923969999999997,11.52328,-3.2876999999999725,1.2835549617079778,0.9135130963178426,21.88545805802579,35.78292496170792,4.57125496170795,31.21166999999997,7.352887022756306,-0.0375,1.5,1.6504839286940307
2016-04-12,28.51565000000005,12.147180000000048,-3.4804999999999495,1.209511255112659,0.8349862715410836,21.893467526653694,36.68616125511261,4.6900112551126085,31.99615,6.892350442265581,-0.0,0.0,2.0059640478113807
2016-04-13,27.99783000000002,12.048460000000034,-4.118569999999977,1.40491910308441,0.9475211501832632,22.420380253267638,37.639889103084386,5.523489103084387,32.1164,6.4201436051541805,-0.0,0.0,2.5654027228157106
2016-04-14,27.85116000000005,11.993250000000046,-3.7998999999999796,1.6060061836855652,1.0320577427529543,22.295873926438503,37.056966183685574,5.405906183685545,31.65106000000003,6.70895569070359,-1.54375,61.75,5.8219272017763
2016-04-15,27.828450000000032,11.863760000000013,-4.395420000000001,1.352498646509389,0.9295586560371021,22.64216730254651,37.971788646509424,5.74791864650939,32.22387000000003,6.258252150274984,-0.0,0.0,8.788877347372997
2016-04-16,27.856600000000014,11.552450000000022,-4.604769999999974,1.1904788712038226,0.8205811464488875,22.919980017652676,38.256618871203784,5.795248871203796,32.46136999999999,6.119344338909627,-0.0,0.0,0.9636526292188015
2016-04-17,28.85647,12.374960000000044,-3.98855999999995,1.0606161848006082,0.6900224210439205,22.220708605844436,37.89420618480051,5.049176184800558,32.84502999999995,6.285117365363817,-0.0,0.0,3.1786396199250215
2016-04-18,27.439480000000003,11.38820000000004,-5.007360000000006,1.0155401152752006,0.4648473769608472,22.539027492236016,38.469740115275215,6.022900115275206,32.44684000000001,6.025014332501371,-0.0,0.0,2.152243801982503
2016-04-19,27.230800000000045,10.999050000000011,-3.548999999999978,1.1996000623394139,0.7870457332923024,21.767395795631728,35.528400062339415,4.748600062339392,30.779800000000023,7.498055698825851,-0.0,0.0,2.0212134176168277
2016-04-20,28.081080000000043,11.870200000000011,-4.888559999999984,1.1966627756222579,0.7879948062209792,23.084097581843253,39.05486277562227,6.085222775622242,32.96964000000003,5.715362268572164,-0.0,0.0,3.659437646097255
2016-04-21,27.732020000000034,11.626550000000009,-2.89609999999999,1.2719059752640192,0.8436187249174054,21.11709470018144,34.79612597526403,4.168005975264009,30.628120000000024,7.849885219464909,-0.0,0.0,5.244138468047296
2016-04-22,26.29000000000002,11.769980000000032,-4.618499999999983,1.7366777391328014,0.8763864976924083,21.75158423682518,37.26367773913279,6.355177739132785,30.908500000000004,6.638810457239458,-5.2125,208.5,4.9095843917381385
2016-04-23,29.091700000000003,12.694450000000018,-3.62519999999995,1.0552554918458554,0.6879894508489883,21.76569494269478,37.39735549184576,4.680455491845805,32.71689999999995,6.530920853084297,-0.0,0.0,3.2967232863654936
2016-04-24,29.89013,13.473659999999995,-3.6195999999999913,0.8717093287702937,0.5203770629436235,21.428156391713912,38.001039328770275,4.491309328770285,33.50972999999999,6.222611119070564,-0.0,0.0,1.3367194593397078
2016-04-25,27.491970000000038,11.381130000000041,-4.676729999999964,1.5289289241152915,1.0709875701584792,23.38748649427373,38.374358924115256,6.205658924115255,32.1687,6.0596635466312705,-1.546875,61.875,4.976794733179767
2016-04-26,26.80728000000005,11.69894000000005,-4.454319999999996,1.2334033823798336,0.7260738474088839,21.52213722978871,36.94932338237987,5.687723382379829,31.261600000000044,6.798628712517939,-0.0,0.0,4.128240668069499
2016-04-27,26.95156000000003,11.667349999999999,-4.438329999999951,0.825772580621333,0.033422986541950195,20.581735567163264,36.653992580621264,5.264102580621284,31.38988999999998,6.950792270647298,-0.0,0.0,2.9038165406445793
2016-04-28,27.64443,11.440330000000017,-5.124369999999999,1.0113237089159384,0.6268210754568599,22.96661478437278,38.904493708915936,6.135693708915937,32.7688,5.8033468176472525,-0.0,0.0,5.901257987976838
2016-04-29,27.664270000000045,11.472530000000006,-4.911779999999965,0.946681366829921,0.5872209189568594,22.637422285786784,38.434511366829895,5.858461366829886,32.57605000000001,6.03890144441425,-0.0,0.0,3.510615949963325
2016-04-30,28.07230000000004,11.81844000000001,-4.590549999999951,0.8781932935442569,0.5140708003510213,22.23667409389526,38.1315932935442,5.4687432935442075,32.66284999999999,6.181796526956077,-0.0,0.0,4.158538015247677
2016-05-01,28.191670000000045,11.796840000000032,-4.684519999999964,1.06199717364359,0.7130228135846437,22.85436998722821,38.62270717364356,5.746517173643554,32.87619000000001,5.931384358232663,-0.0,0.0,4.457618699014532
2016-05-02,24.532129999999995,11.963220000000035,-5.2126199999999585,1.6723976358931623,0.9615110622123098,20.41543869810539,36.629767635893074,6.885017635893121,29.744749999999954,7.027320403236217,-9.896875,395.875,3.2118680669277433
2016-05-03,26.634299999999996,11.063870000000009,-4.4547999999999774,1.4416911771177183,0.9312006501724568,22.39812182729014,36.98559117711767,5.896491177117696,31.089099999999974,6.778460052196749,-2.98125,119.25,5.994594768417167
2016-05-04,25.274,10.935820000000035,-5.1017799999999625,1.648198623345479,0.842159039818057,21.930317663163464,37.125758623345405,6.7499786233454415,30.375779999999963,6.748764439895126,-3.890625,155.625,2.3451997562966036
2016-05-05,22.28860000000003,10.715970000000027,-4.908059999999978,1.8464427552526672,1.1468437775175175,19.473976532770166,33.95116275525265,6.754502755252645,27.19666000000001,8.483686313043393,-8.175,327.0,2.448114144964234
2016-05-06,20.266999999999996,10.487630000000024,-5.1482299999999555,2.08609541408066,0.9579272997243606,17.971622713804948,32.64955541408057,7.234325414080615,25.41522999999995,9.26608885790273,-10.0,1509.75,13.77328397262512
2016-05-07,23.61447000000004,11.080160000000035,-4.740149999999971,1.891443143013987,0.9940657378024866,20.15996888081645,34.98621314301397,6.6315931430139585,28.35462000000001,7.882312087543767,-10.0,523.375,12.044200686316145
2016-05-08,22.023900000000026,10.726370000000031,-4.279359999999997,2.060628231591295,1.101586565446837,18.739104797038124,32.643248231591315,6.339988231591292,26.303260000000023,9.138285243324276,-10.0,1278.125,8.756319154015184
2016-05-09,25.425200000000018,11.137230000000045,-5.601199999999949,1.4594328717179224,0.6256679452251888,21.974270816943033,38.08703287171784,7.060632871717871,31.026399999999967,6.26997117968989,-0.034375,1.375,10.583160176479064
2016-05-10,22.778340000000014,11.482020000000034,-4.451819999999998,1.9333977006202758,0.6433174620640898,18.324855162684344,33.615377700620286,6.385217700620274,27.230160000000012,8.613996849486227,-10.0,534.75,9.786238141743302
2016-05-11,24.231650000000002,11.412959999999998,-5.092629999999986,1.6700289613037285,0.541510507632438,20.122859468936156,36.0869389613037,6.762658961303714,29.324279999999987,7.31440589807994,-1.64375,65.75,3.7460854612842898
2016-05-12,22.21798000000001,11.063500000000033,-4.044259999999952,1.9326543136592704,0.912480916766583,18.043875230425783,32.239154313659185,5.976914313659222,26.262239999999963,9.338024812991591,-8.5375,341.5,8.578730898530603
2016-05-13,26.045470000000023,11.386770000000013,-4.231819999999971,1.6661142142556855,0.9361488319304954,21.49278304618616,36.17522421425565,5.897934214255656,30.277289999999994,7.194579224701613,-1.296875,51.875,5.459450017895784
2016-05-14,24.02633000000003,11.321000000000026,-3.343629999999962,1.867219437647634,1.1005814072378257,19.016760844885425,32.58080943764759,5.210849437647596,27.369959999999992,9.06571972123379,-6.4625,258.5,1.4570329892893197
2016-05-15,27.340599999999995,11.115440000000035,-4.29019999999997,1.2959047238530275,0.9064834305380032,22.71774815439096,37.21690472385296,5.586104723852998,31.630799999999965,6.648636548221134,-0.0,0.0,7.495177719750662
2016-05-16,23.805800000000033,11.82507000000004,-2.575400000000002,1.6526746675949653,0.37829766191879344,16.587102329513755,30.609274667595002,4.228074667594967,26.381200000000035,10.076042976630788,-0.309375,12.375,15.370761031964886
2016-05-17,23.01397000000003,11.624300000000005,-2.7203700000000026,1.9081969307647455,0.48146499328038317,16.499701924045155,30.36290693076478,4.628566930764748,25.73434000000003,10.227151547260064,-6.48125,259.25,8.432042981063404
2016-05-18,21.865380000000016,12.382800000000032,-4.46999999999997,2.306139118300962,1.005272440428314,17.26399155872923,33.11151911830092,6.776139118300932,26.335379999999986,8.893364724064782,-10.0,1801.0,19.01247910034486
2016-05-19,21.718800000000044,11.56510000000003,-3.2568999999999733,2.1568702696220043,1.0876500711576682,16.65512034077966,30.389470269621995,5.413770269621978,24.975700000000018,10.277753743199355,-10.0,802.0,7.853639483028298
2016-05-20,22.030400000000043,13.174770000000024,-4.83902999999998,2.2079739787371295,0.5683390342678081,16.470973013004937,33.91643397873713,7.047003978737109,26.869430000000023,8.489251662978745,-10.0,765.625,8.957600895127163
2016-05-21,25.548500000000047,14.112330000000043,-4.641939999999977,1.879452792931943,0.468115496922735,18.42567828985466,36.71183279293194,6.52139279293192,30.190440000000024,6.933466671280371,-10.0,466.125,5.259886181523425
2016-05-22,25.83865000000003,13.343230000000005,-4.913579999999968,1.7693869950803105,0.2804150274677113,19.458802022548014,37.435196995080275,6.682966995080278,30.752229999999997,6.566269820471575,-4.2875,171.5,5.149028976205685
2016-05-23,25.798699999999997,13.970150000000046,-3.2790999999999713,1.7417244417057987,-0.40436333962890103,16.44501110207682,34.09862444170574,5.02082444170577,29.077799999999968,8.23721254641896,-2.66875,106.75,1.710640140934162
2016-05-24,25.839620000000025,12.271900000000016,-2.5762699999999654,1.5705082237209353,0.48026757488855765,18.194765798609467,32.56266822372089,4.146778223720901,28.41588999999999,9.012191560137637,-0.61875,24.75,6.618486320386946
2016-05-25,24.63240000000002,12.228400000000022,-2.7162199999999643,1.7003957408672932,0.26841486358432576,17.08903060445158,31.76523574086724,4.4166157408672575,27.348619999999983,9.453792310531867,-0.3,12.0,2.188955874429473
2016-05-26,25.603170000000034,12.416160000000048,-3.309699999999964,1.642169009742986,0.15726875490560133,18.296147764648538,33.86473900974295,4.95186900974295,28.912869999999998,8.366130217402656,-0.553125,22.125,4.679145243315232
2016-05-27,25.426540000000045,11.781640000000039,-4.637579999999957,1.7969370648203267,0.6825328645306286,20.76194992935092,36.49863706482029,6.434517064820284,30.064120000000003,7.048858042842312,-5.725,229.0,8.281027798976574
2016-05-28,24.08480000000003,11.13232000000005,-3.225779999999986,1.9491648524366951,1.0783198703874746,19.205744722824136,32.4855248524367,5.174944852436681,27.310580000000016,9.105305509851917,-10.0,541.25,6.132884372500721
2016-05-29,21.675700000000006,11.907650000000046,-4.418430000000001,1.9644091066478495,0.48386187375291456,16.634750980400725,32.47696910664786,6.38283910664785,26.094130000000007,9.253960521883187,-6.35,254.0,4.495325857984636
2016-05-30,24.165250000000015,11.50594000000001,-4.348119999999994,2.0357589464500165,0.7748253561859428,19.81801430263596,34.89724894645002,6.383878946450011,28.51337000000001,7.889873414395879,-10.0,597.375,4.374908283853943
2016-05-31,21.251860000000022,11.046960000000013,-3.962379999999996,2.038227656670699,0.9984750371810378,17.203982693851742,31.214847656670713,6.000607656670695,25.214240000000018,9.909784125405281,-10.0,1333.25,5.112744703021238
2016-06-01,22.366900000000044,11.03298000000001,-4.166359999999997,2.061843687847386,1.145195229378885,18.707318917226303,32.761463687847424,6.228203687847383,26.53326000000004,9.056948215698753,-10.0,1009.75,6.212351637556376
2016-06-02,21.775480000000016,11.242639999999994,-3.4421799999999507,2.0884280002697437,0.8533144456377499,16.916762445907466,30.74826800026966,5.5306080002696945,25.217659999999967,10.100836967863245,-10.0,525.0,6.285507863322945
2016-06-03,21.439480000000003,10.783299999999997,-3.7725999999999544,2.144663186590435,0.955730267933177,17.529173454523573,31.129343186590347,5.9172631865903895,25.212079999999958,9.929293535015972,-10.0,1493.75,9.724435223867198
2016-06-04,20.789450000000045,10.710630000000037,-3.640299999999968,2.212768799046387,0.8581636783717386,16.7900524774181,30.282818799046368,5.853068799046355,24.429750000000013,10.394929438810152,-10.0,1644.25,1.6721721302345407
2016-06-05,19.91366000000005,11.201960000000042,-2.9203599999999597,2.2859319042487414,0.8842332045470016,14.80222510879571,28.04031190424871,5.206291904248701,22.83402000000001,11.580645678471683,-10.0,1091.375,4.755934063261391
2016-06-06,21.20712000000003,11.655100000000004,-3.0923199999999724,2.0775096170544884,1.0381377789063322,15.75998739596082,29.469269617054465,5.169829617054461,24.299440000000004,10.782327430035878,-10.0,476.75,2.8454056737976763
2016-06-07,20.179560000000038,11.213340000000017,-2.4644499999999994,2.2730422158424517,1.101555407437786,14.805267623280258,27.381502215842488,4.737492215842451,22.644010000000037,11.8880090758974,-10.0,733.75,3.524354661335184
2016-06-08,19.43524000000002,11.004200000000026,-3.7146399999999744,2.249587612402138,1.1623885658211748,15.557656178223283,29.11410761240211,5.964227612402112,23.149879999999996,11.089570564710641,-10.0,648.875,5.178690457281991
2016-06-09,20.302760000000035,11.616020000000049,-3.615639999999985,2.1308068916561638,0.9462810859547517,15.379467977610886,29.66484689165617,5.746446891656149,23.91840000000002,10.751160322033456,-3.60625,144.25,6.803971429382715
2016-06-10,19.815480000000036,11.375100000000032,-3.0528299999999717,2.108262128804199,1.0216335227823947,14.62310565158657,28.02940212880418,5.161092128804171,22.868310000000008,11.612624827740433,-0.175,7.0,4.535384039030966
2016-06-11,20.9649,10.617460000000051,-3.293549999999982,1.9508790481766027,1.024797263771518,16.61666631194805,29.502879048176567,5.244429048176585,24.258449999999982,10.794735061489348,-0.025,1.0,7.347580063316294
2016-06-12,20.118980000000022,10.867850000000033,-2.774879999999996,2.1422685102394894,1.0322811168666703,15.200559627106145,27.811008510239503,4.917148510239485,22.893860000000018,11.69191385560913,-8.725,349.0,4.544354721017137
2016-06-13,19.75472000000002,10.209860000000049,-4.119299999999953,2.0060437201350396,0.8440242961751778,16.514228016310142,29.999363720134966,6.1253437201349925,23.874019999999973,10.642940853735581,-7.85,314.0,6.954284933629464
2016-06-14,19.478970000000004,9.889550000000042,-3.665930000000003,2.05214729476171,1.0694806549282703,16.376977949689945,28.86297729476172,5.718077294761713,23.144900000000007,11.23114114142976,-9.934375,397.375,6.315674225738415
2016-06-15,21.238820000000032,11.11605000000003,-3.8239999999999554,1.8316997783379065,0.2819283438157072,16.060398122153572,30.71851977833785,5.655699778337862,25.062819999999988,10.175908467919498,-0.80625,32.25,6.499903355889852
2016-06-16,19.343230000000005,9.95675,-4.766399999999976,1.9756171068070785,0.8910410595221379,17.0195381663292,30.851647106807036,6.7420171068070545,24.10962999999998,10.25661465737494,-4.85,194.0,6.347630579398473
2016-06-17,20.66512,10.476530000000025,-4.847139999999968,2.0137221137185293,0.770303662700826,17.8197557764193,32.373122113718466,6.860862113718497,25.51225999999997,9.378376129085211,-10.0,850.5,7.921220474504967
2016-06-18,20.452480000000037,10.203300000000013,-4.041999999999973,1.9842379488991355,0.9988596756075481,17.27427762450668,30.52071794889912,6.026237948899109,24.49448000000001,10.323981002124754,-6.9125,276.5,4.2355543621780765
2016-06-19,19.69512000000003,10.612700000000018,-3.259649999999965,2.069589943786184,0.9493975766481526,15.361057520434315,28.284009943786145,5.329239943786149,22.954769999999996,11.499922010726834,-1.7625,70.5,4.720115452983317
2016-06-20,20.52000000000004,10.62832000000003,-3.4410199999999804,1.953982593627245,1.0855390679431594,16.372221661570393,29.356022593627245,5.3950025936272255,23.96102000000002,10.903972146505623,-9.5125,380.5,5.358480028903363
2016-06-21,19.29644000000002,10.420560000000023,-3.3291399999999953,1.960325582465373,1.0452943859715447,15.210639968436908,27.915045582465382,5.289465582465368,22.625580000000014,11.730845541370229,-6.8,272.0,14.983606549567249
2016-06-22,19.574820000000045,10.143150000000048,-4.413979999999981,1.9849444607084479,1.1596206655519836,16.99021512626041,30.387724460708455,6.398924460708429,23.988800000000026,10.467240334967471,-10.0,640.5,11.552708788220318
2016-06-23,17.676350000000014,9.529350000000022,-4.74309999999997,2.042644710776699,1.0884851770853174,16.021229887861978,29.205194710776652,6.785744710776669,22.419449999999983,11.24166371198686,-3.11875,124.75,20.371361877760727
2016-06-24,18.287869999999998,9.564020000000028,-4.836899999999957,1.9201858494827206,1.0450083545602524,16.5259442040429,29.881855849482633,6.757085849482678,23.124769999999955,10.851303966851788,-8.66875,346.75,11.484065320592666
2016-06-25,17.125820000000033,8.88488000000001,-5.143839999999955,1.91547814619679,1.0582239601407082,16.358482106337476,29.328978146196732,7.059318146196745,22.269659999999988,11.255250366040627,-1.95625,78.25,14.123324593577422
2016-06-26,19.10888,10.698080000000004,-4.2099399999999605,1.9723691310533127,0.712931138906697,15.306040269959965,29.501129131053233,6.182309131053273,23.31881999999996,10.955193946583904,-4.86875,194.75,3.8664296341319866
2016-06-27,18.252560000000017,10.233850000000018,-4.032449999999983,2.030596483907516,0.8699526416476147,14.951709125555112,28.3480564839075,6.063046483907499,22.28501,11.610282859711049,-0.5375,21.5,5.653057439100438
2016-06-28,17.624840000000006,10.939600000000041,-3.490880000000004,2.0957568038742806,0.8717928087884843,13.143669612662734,26.702356803874295,5.586636803874285,21.11572000000001,12.492718122150904,-4.5875,183.5,9.556218490606927
2016-06-29,17.285600000000045,10.624750000000006,-3.666939999999954,1.9970586228417346,0.6590759742247201,12.983924597066448,26.616538622841688,5.663998622841689,20.95254,12.583522840068895,-0.73125,29.25,8.585720595700396
2016-06-30,18.592600000000004,10.669500000000028,-3.31899999999996,1.9919909585912592,0.7245675342471145,13.95865849283831,27.222590958591184,5.310990958591219,21.911599999999964,12.142959863797955,-0.0,0.0,4.6540906208086765
2016-07-01,19.238820000000032,10.505330000000015,-3.5646699999999782,1.9726870090962052,0.9384731580314565,15.209320167127657,28.340847009096194,5.5373570090961834,22.80349000000001,11.522566493640113,-0.0,0.0,8.428159574585882
2016-07-02,19.623130000000003,10.821680000000015,-3.287149999999997,2.005176250956879,0.9367098859852376,15.030486136942102,28.202606250956876,5.292326250956876,22.91028,11.553450352731488,-0.09375,3.75,6.917109991072728
2016-07-03,20.201000000000022,11.418020000000013,-2.229379999999992,2.0524463685434853,1.1583425086610646,14.223148877204551,26.71220636854349,4.281826368543477,22.430380000000014,12.243542479217524,-0.19375,7.75,9.096428752334019
2016-07-04,18.901820000000043,10.899069999999995,-2.891969999999958,2.1223097117637053,1.135223989488395,14.152253701252107,26.808069711763665,5.014279711763663,21.79379,12.305444438542224,-2.93125,117.25,8.662886888092252
2016-07-05,19.643370000000004,10.872950000000003,-4.2047000000000025,2.0409476947760936,0.9762582266565119,15.99232592143261,30.093717694776103,6.245647694776096,23.848070000000007,10.602539290292725,-3.1,124.0,10.824431202401264
2016-07-06,18.78665000000001,11.149350000000027,-3.662049999999965,2.078320396645154,1.0385358765948354,14.416206273239936,28.189070396645093,5.740370396645119,22.448699999999974,11.63114882221032,-7.0375,281.5,8.515576184328829
2016-07-07,19.285030000000006,10.381130000000041,-4.840429999999969,2.05614213102416,1.0049069915432938,16.805379122567388,31.022032131024105,6.896572131024129,24.125459999999975,10.169404432079489,-10.0,489.25,6.586880846798685
2016-07-08,19.707700000000045,10.769800000000032,-4.827549999999974,2.014405202329499,0.8233729530358573,16.603228155365343,31.377205202329492,6.841955202329473,24.53525000000002,9.957566510760387,-1.58125,63.25,10.642178418694709
2016-07-09,18.917570000000012,10.91918000000004,-4.998940000000005,1.9872972193614373,0.7458583968739845,15.730485616235399,30.90274721936146,6.986237219361442,23.916510000000017,10.270914262740689,-0.39375,15.75,9.446948214193577
2016-07-10,18.684470000000033,11.197750000000042,-3.441099999999949,1.9981092073865625,0.4411792525266378,13.36710845991314,27.564779207386493,5.4392092073865115,22.125569999999982,11.961882809290842,-0.0,0.0,5.738272347761187
2016-07-11,19.02645000000001,9.786460000000034,-3.58072999999996,1.9590887486817792,0.7865405344641658,15.566349283145883,28.14699874868171,5.539818748681739,22.60717999999997,11.641519807808152,-0.3,12.0,12.223805807048914
2016-07-12,18.881430000000023,10.12097,-4.169839999999965,1.9647672960648492,0.8626696260445215,15.757736922109359,29.185877296064803,6.134607296064814,23.051269999999988,11.135112768053489,-0.03125,1.25,10.385957115545256
2016-07-13,20.158870000000036,10.323820000000012,-2.0136799999999653,1.9514434145637551,1.0027706762633102,14.802944090827054,26.13767341456372,3.9651234145637204,22.17255,12.543844393396,-1.5375,61.5,14.359726618024219
2016-07-14,20.00490000000002,10.966760000000022,-2.835899999999981,2.056302264831288,1.0230954790222313,14.953437743853499,27.73300226483127,4.892202264831269,22.8408,11.748941012751516,-10.0,428.0,7.07663581994483
2016-07-15,21.032399999999996,10.058070000000043,-3.5535600000000045,2.0425371632524048,0.9402457767966439,17.510672940049005,30.18205716325241,5.596097163252409,24.58596,10.441670371192288,-6.15,246.0,2.9786190353759863
2016-07-16,20.675620000000038,10.553770000000043,-4.038729999999987,1.9825370414422423,0.7487346448962171,16.89185168633844,30.735617041442254,6.021267041442229,24.714350000000024,10.19911925868223,-3.925,157.0,3.9795589225989074
2016-07-17,18.485000000000014,9.82650000000001,-4.929169999999999,2.144520335431821,0.9539736618991128,16.686163997330937,30.487860335431833,7.07369033543182,23.414170000000013,10.50380731147601,-10.0,631.5,6.633441260468922
2016-07-18,18.721429999999998,10.30358000000001,-4.45614999999998,1.9630802671222796,0.8074882834931145,15.644568550615361,29.596810267122237,6.419230267122259,23.177579999999978,10.945509209502802,-5.8875,235.5,5.349682034168932
2016-07-19,19.207570000000032,9.348600000000033,-3.8490999999999644,1.9201164098561776,0.8843909498598919,16.512577359716033,28.82588640985614,5.769216409856142,23.056669999999997,11.288088879333998,-4.2,168.0,4.937188854785072
2016-07-20,18.15408000000002,9.290250000000015,-4.343449999999962,2.0562678677250688,0.9839617130630813,16.24750958078812,28.897247867725014,6.39971786772503,22.497529999999983,11.343457449440052,-5.9125,236.5,5.084079996134723
2016-07-21,17.86062000000004,9.95037000000002,-4.9426299999999515,2.042781497918668,0.9893374143717892,15.884998912290428,29.78866149791861,6.985411497918619,22.80324999999999,10.929263136128839,-4.38125,175.25,10.640509420817418
2016-07-22,17.673969999999997,9.381920000000036,-4.5771499999999605,1.8962825922651518,1.07358652765555,15.839069119920623,28.72455259226507,6.473432592265112,22.251119999999958,11.49772542273854,-0.05625,2.25,9.75081880491259
2016-07-23,18.404380000000003,9.71270000000004,-4.563760000000002,2.019811622420434,0.9948494692696954,16.270101091690094,29.55171162242044,6.583571622420436,22.968140000000005,10.99390993471826,-3.75,150.0,6.143850799169637
2016-07-24,18.36178000000001,9.998000000000047,-3.6124599999999987,2.087445711962232,1.1312866499184224,15.194972361880616,27.67414571196224,5.699905711962231,21.97424000000001,11.92956172912642,-2.78125,111.25,7.180597776529025
2016-07-25,20.298460000000034,10.585170000000005,-2.8387799999999856,2.065248266819083,1.0508684233419672,15.668186690161065,28.04126826681909,4.9040282668190684,23.13724000000002,11.569510153633644,-10.0,603.5,8.344506075182546
2016-07-26,20.57534000000004,10.881560000000036,-3.2809499999999616,1.9746035520187775,0.8537280766811364,15.80306162869988,29.11184355201874,5.255553552018739,23.85629,11.019758514612818,-0.54375,21.75,3.9621700428341047
2016-07-27,19.624500000000012,10.637720000000002,-3.831579999999974,2.1019931931320457,1.0068208078201906,15.92717400095222,29.389653193132006,5.93357319313202,23.456079999999986,10.95001665999979,-10.0,714.0,5.001595680058055
2016-07-28,20.006700000000023,10.305050000000051,-3.871600000000001,2.0493829658629465,1.1423857219909337,16.765018687853853,29.79928296586297,5.920982965862947,23.878300000000024,10.71636601317914,-10.0,457.75,4.733914345649295
2016-07-29,17.90136000000001,10.059140000000014,-4.551979999999958,1.9747606313532629,0.8693539869545361,15.238314618307754,28.98008063135319,6.526740631353221,22.45333999999997,11.337373952491873,-2.6375,105.5,6.156813331687934
2016-07-30,17.676840000000027,9.810500000000047,-4.59839999999997,1.8311492836469938,1.0407347144828805,15.336623998129824,28.70478928364696,6.429549283646963,22.275239999999997,11.514504566895368,-2.1125,84.5,9.32665005853411
2016-07-31,18.790830000000028,9.792570000000012,-4.985079999999982,1.9344518537304793,0.4375876649041288,16.355379518634606,30.695441853730472,6.9195318537304615,23.77591000000001,10.391959805260456,-0.475,19.0,3.3864949782246683
2016-08-01,18.429930000000013,9.803899999999999,-4.8339599999999905,1.8899564403499198,0.7269016541288806,16.076848094478805,29.987806440349914,6.72391644034991,23.263890000000004,10.787458120021142,-0.04375,1.75,6.577112980430079
2016-08-02,19.34725000000003,9.391200000000026,-4.0394000000000005,1.7816481620145623,0.31529923808625426,16.092397400100822,29.207698162014594,5.821048162014563,23.38665000000003,11.097806604307891,-0.0,0.0,6.880220616518849
2016-08-03,18.888120000000015,10.76950000000005,-3.925359999999955,1.8456409704635348,0.46112942833997295,14.350750398803427,28.58448097046346,5.77100097046349,22.81347999999997,11.447555893071979,-0.0,0.0,7.294477318412511
2016-08-04,18.862660000000005,9.879480000000001,-3.878879999999981,1.958090414166918,0.9168716302013422,15.737022044368246,28.578510414166885,5.836970414166899,22.741539999999986,11.441249412974173,-0.25,10.0,8.571005467580767
2016-08-05,19.123199999999997,9.946740000000034,-4.658849999999973,1.9697558080104045,0.8212176571475993,16.62628346515794,30.410655808010347,6.628605808010377,23.78204999999997,10.499302001865942,-0.4625,18.5,6.184199940946904
2016-08-06,19.318700000000035,10.178740000000005,-4.78634999999997,1.917484330096272,0.8150467425414831,16.658841072637756,30.808884330096248,6.703834330096242,24.105050000000006,10.2862618300681,-0.09375,3.75,5.7353659934926275
2016-08-07,19.02474000000001,9.982349999999997,-4.8037499999999795,1.9053166415828287,0.9461399055928723,16.697596547175692,30.537556641582796,6.709066641582808,23.828489999999988,10.45179417384162,-2.6,104.0,6.285984760936079
2016-08-08,19.77126000000004,10.59023000000002,-3.969920000000002,1.976848692723479,0.773058018148788,15.90085671087229,29.687948692723523,5.946768692723481,23.741180000000043,10.799789433942237,-6.2,248.0,3.7072038676217476
2016-08-09,19.514670000000024,10.04910000000001,-3.1490799999999695,1.9601582573299083,0.8802334262662157,15.455041683596107,27.77298825732987,5.109238257329878,22.663749999999993,11.782477075917825,-2.68125,107.25,5.815507441139463
2016-08-10,20.11895000000004,10.030300000000011,-3.25491999999997,1.8999938276986654,0.7333023321180008,15.976866159816666,28.528783827698646,5.1549138276986355,23.37387000000001,11.356439319184062,-0.3,12.0,3.4704689264688438
2016-08-11,20.10080000000005,10.39327000000003,-3.179499999999962,1.883964459404467,0.6765814421157756,15.447575901520224,28.34376445940444,5.063464459404429,23.28030000000001,11.451988007988007,-0.475,19.0,5.84328763420611
2016-08-12,19.305440000000033,10.50988000000001,-3.5803599999999847,1.9955737860455542,0.9004865602905738,15.271980346336136,28.461733786045556,5.575933786045539,22.885800000000017,11.453338097261678,-5.725,229.0,5.125961559756656
2016-08-13,20.081450000000018,10.430470000000014,-4.109319999999968,1.9662522343517708,0.8624418273917627,16.588994061743506,30.266342234351725,6.075572234351739,24.190769999999986,10.484821133564196,-7.09375,283.75,4.154739254916607
2016-08-14,20.057029999999997,9.679830000000038,-3.021729999999991,1.8388286319530494,0.8089721535423564,16.046730785495356,27.93931863195303,4.86055863195304,23.07875999999999,11.662110315894154,-0.4,16.0,5.764091160940566
2016-08-15,19.41165000000001,10.292079999999999,-3.191659999999956,1.8999168185140434,0.819477301242955,15.030624119756965,27.694886818513964,5.091576818514,22.603309999999965,11.836796478597364,-0.13125,5.25,4.12377857329925
2016-08-16,19.24505000000005,10.276760000000024,-4.187569999999994,1.966797043044778,0.7888159989252017,15.911473041969998,29.586987043044815,6.154367043044772,23.432620000000043,10.899431501260892,-1.375,55.0,4.978520916300122
2016-08-17,19.193750000000023,10.36020000000002,-2.934820000000002,1.9466693330758176,0.5788616198682917,14.293900952944114,27.010059333075844,4.88148933307582,22.128570000000025,12.194900842875938,-3.03125,121.25,3.8089985011480856
2016-08-18,20.206960000000038,10.262050000000045,-2.9709499999999593,1.9131854650392484,0.5499393538424897,15.37898481888169,28.062045465039205,4.884135465039208,23.177909999999997,11.58080252232935,-4.375,175.0,4.527792692493993
2016-08-19,20.49648000000002,10.160000000000025,-2.302599999999984,1.8769471325218774,0.7935302225773171,15.309557355099173,26.978627132521865,4.179547132521861,22.799080000000004,12.101630422192216,-2.00625,80.25,4.770233906456333
2016-08-20,21.096550000000036,10.236170000000016,-0.677159999999958,1.7320398190959168,0.47906067283321363,13.748640491929109,24.18290981909587,2.4091998190958748,21.773709999999994,13.462957128198639,-0.025,1.0,5.815201858798642
2016-08-21,20.962760000000003,10.976530000000025,-1.3160799999999995,1.8779765791993555,0.4241551583165233,13.604441737515856,25.472896579199357,3.194056579199355,22.278840000000002,12.816511522309838,-0.74375,29.75,6.940441972939834
2016-08-22,20.93258000000003,10.66744,-2.16946999999999,1.8532818429833924,0.681698305432576,14.969590148415989,27.124801842983402,4.022751842983382,23.10205000000002,11.99501590682911,-0.00625,0.25,4.649703487612837
2016-08-23,20.977840000000015,10.509000000000015,-3.7882999999999925,1.8694177156874616,0.7240051607941496,16.850562876481604,30.42385771568746,5.657717715687454,24.766140000000007,10.340651812236615,-1.15,46.0,5.118036941238741
2016-08-24,20.963220000000035,10.369100000000003,-4.288579999999968,1.9132098998802007,0.8960396322516431,17.691949532131844,31.45358989988017,6.201789899880168,25.251800000000003,9.822965148724734,-1.13125,45.25,5.625261200745389
2016-08-25,18.911100000000033,10.431120000000021,-4.575049999999976,2.0918804776942466,0.9092446651549153,16.05615514284915,30.153080477694232,6.666930477694223,23.48615000000001,10.635001914013174,-4.73125,189.25,7.7711201362332085
2016-08-26,19.477599999999995,10.073720000000037,-5.5154999999999745,2.00831414791827,0.877743911234063,17.805438059152266,32.516914147918214,7.5238141479182445,24.99309999999997,9.40890024628061,-9.025,361.0,4.546963566369588
2016-08-27,19.08218000000005,9.853570000000047,-4.340499999999963,1.967880926573514,0.9137056004225883,16.45069652699607,29.73106092657349,6.308380926573477,23.422680000000014,10.843253521304234,-6.68125,267.25,5.9973500046437085
2016-08-28,19.290220000000033,10.10537000000005,-3.6446599999999876,1.9313967016919378,0.8866180494134142,15.647524751105323,28.510936701691946,5.576056701691925,22.93488000000002,11.436250559271741,-1.55625,62.25,8.17291882501109
2016-08-29,20.948020000000042,9.522800000000018,-3.8102199999999584,1.8800275441222425,1.1083871848926492,18.223854729014874,30.4484875441222,5.690247544122201,24.75824,10.329635849969407,-2.4,96.0,11.510265532729848
2016-08-30,19.711000000000013,11.708500000000015,-3.9931399999999826,2.024352426290079,0.9460669091304226,14.966059335420482,29.721632426290057,6.017492426290062,23.704139999999995,10.784098102516396,-10.0,468.5,6.766238353609896
2016-08-31,18.91300000000001,10.18676000000005,-3.3554399999999873,2.010933834063678,1.008199132593802,15.10081296665743,27.634813834063664,5.3663738340636655,22.26844,11.902735013489803,-3.325,133.0,4.985864926683468
2016-09-01,18.556759999999997,10.454499999999996,-3.7672000000000025,2.016839589513495,0.9506802846348137,14.836979874148312,28.107999589513497,5.7840395895134975,22.32396,11.701217162839612,-0.0,0.0,10.282200918416533
2016-09-02,18.96610000000004,9.90115000000003,-4.235329999999976,1.9129873226900713,0.979244889326992,16.19251221201705,29.349747322690064,6.148317322690048,23.201430000000016,11.050609918452324,-2.7375,109.5,8.744770948688986
2016-09-03,19.670500000000004,9.963160000000016,-3.946399999999983,1.9225219161576774,0.9288642030901428,16.50512611924779,29.485821916157647,5.86892191615766,23.616899999999987,10.915304769898796,-5.9125,236.5,8.656269744577715
2016-09-04,19.431880000000035,9.637100000000032,-4.162099999999953,1.8594941230126665,0.7298093051483647,16.546183428160987,29.615574123012607,6.021594123012619,23.593979999999988,10.878578053489491,-1.1625,46.5,9.870864886331665
2016-09-05,19.25436000000002,9.036460000000034,-3.6376699999999573,1.8116335085555875,0.6064446221191133,16.273648130674644,28.341333508555522,5.449303508555545,22.892029999999977,11.536585229989043,-2.8625,114.5,6.38238514773957
2016-09-06,18.519460000000038,8.625730000000033,-4.399900000000002,1.834764247083001,0.8906083740100712,17.01900262109308,29.154024247083044,6.234664247083003,22.91936000000004,11.200636689323005,-2.98125,119.25,6.950166868940068
2016-09-07,18.805780000000027,8.234670000000051,-4.195099999999968,1.758558279382214,0.5070162329917594,17.031784512373918,28.954538279382177,5.953658279382182,23.000879999999995,11.279208662349049,-2.05625,82.25,1.658150162311583
2016-09-08,19.889250000000004,8.688260000000014,-3.207740000000001,1.6161405543689398,0.48124778981178906,16.50611834418072,27.920870554368946,4.823880554368941,23.096990000000005,11.705584012770544,-0.0875,3.5,2.098145089992713
2016-09-09,20.689940000000036,9.23580000000004,-1.7289499999999975,1.8235960106505331,0.522225132632002,15.528911143282528,25.971436010650564,3.5525460106505307,22.418890000000033,12.593478554353908,-5.15,206.0,5.3349429031046265
2016-09-10,20.67022000000003,10.192470000000014,-3.084329999999966,1.8768090003088105,0.302613409596745,15.741502409905536,28.71568900030877,4.961139000308776,23.754549999999995,11.218694882247405,-3.26875,130.75,6.912847742778941
2016-09-11,20.397760000000005,9.50863000000004,-4.111879999999985,1.6630196520447385,0.17480977983433377,16.838839431879023,30.284539652044714,5.7748996520447236,24.50963999999999,10.475280857298344,-0.0,0.0,3.5944304479954376
2016-09-12,19.847440000000006,9.698540000000037,-4.70623999999998,1.771405505181633,0.50799662842104,17.134542133602622,31.0313255051816,6.477645505181613,24.553679999999986,10.14078353833213,-0.1125,4.5,5.447638617560149
2016-09-13,20.12673000000001,9.752340000000004,-4.26706999999999,1.8341487009290063,0.8062955654335724,17.281904266362574,30.495018700928995,6.101218700928996,24.3938,10.378367541612647,-0.925,37.0,2.757832743867976
2016-09-14,20.083030000000008,10.304280000000006,-4.812719999999956,1.8951677476529198,0.8028094800432086,17.289447227696087,31.60363774765284,6.707887747652876,24.895749999999964,9.822616625900196,-3.01875,120.75,3.372910213163479
2016-09-15,20.248400000000004,10.198750000000018,-3.6368999999999687,1.9918367957976102,0.7801143005589211,16.458501096356486,29.51403679579755,5.628736795797579,23.885299999999972,10.844173316290437,-3.50625,140.25,3.448695601846441
2016-09-16,19.384600000000034,10.174599999999998,-3.787499999999966,1.9123609335641163,1.027347709763717,15.937208643327835,28.871960933564083,5.699860933564082,23.1721,11.249430054368531,-4.56875,182.75,7.691950014742343
2016-09-17,20.482100000000003,10.559439999999995,-4.52401999999995,1.7930998301968089,-0.35103287134097627,15.88874695885579,31.323239830196712,6.317119830196759,25.006119999999953,9.937873350032419,-0.13125,5.25,8.201762629441395
2016-09-18,20.891170000000045,9.440940000000012,-5.376620000000003,1.7384925841862469,0.5024063978042932,19.067748981990576,33.3829025841863,7.1151125841862495,26.267790000000048,8.879009984897834,-0.6875,27.5,6.768302634187979
2016-09-19,20.58483000000001,9.611720000000048,-4.763800000000003,1.800687939516422,0.5363026687908814,18.07390060830727,31.91311793951644,6.564487939516425,25.348630000000014,9.633569245222361,-0.9125,36.5,5.173858693478591
2016-09-20,19.99798000000004,9.269949999999994,-4.7914499999999975,1.7954917166835003,0.8362727588235543,18.1512444755071,31.376371716683536,6.586941716683498,24.78943000000004,9.952692539117038,-0.009375,0.375,7.499437211210313
2016-09-21,18.237570000000005,9.42962,-4.100349999999992,1.9240732416871538,0.9423534320570752,15.774726673744226,28.362343241687142,6.0244232416871455,22.337919999999997,11.615492089317911,-2.675,107.0,2.24951523557539
2016-09-22,19.03048000000001,9.957360000000051,-3.5594199999999887,1.9557595445717197,0.8170491590408915,15.40534870361256,28.10507954457171,5.5151795445717084,22.5899,11.66243236015805,-0.03125,1.25,5.965513105930575
2016-09-23,18.64993000000004,9.678300000000036,-2.8640499999999633,1.9387538348453859,1.0267650326015882,14.801198867446942,26.316783834845353,4.802803834845349,21.513980000000004,12.595381903271914,-0.15625,6.25,2.799117838070246
2016-09-24,18.94598000000002,9.769530000000032,-2.2976400000000012,1.9423422607462726,0.9546646812390804,14.371096941985343,25.483602260746295,4.239982260746274,21.24362000000002,12.982588968119558,-0.046875,1.875,7.206432298090943
2016-09-25,18.98610000000002,10.494349999999997,-2.6482999999999493,2.032519598969998,0.9255449245607679,14.09811452353074,26.315219598969918,4.680819598969947,21.63439999999997,12.553491463973955,-0.01875,0.75,8.42941838882934
2016-09-26,20.725150000000042,10.783230000000003,-2.841349999999977,1.9960195099650946,0.965187831622643,15.744477341587753,28.40386950996509,4.837369509965072,23.56650000000002,11.359775602614036,-3.1,124.0,5.349385771183464
2016-09-27,20.582670000000007,10.720700000000022,-3.253399999999999,2.1094740272039303,0.9625947344906649,16.18743876169458,29.198944027203936,5.3628740272039295,23.836070000000007,10.962597698759225,-10.0,706.5,3.895615222991595
2016-09-28,20.496270000000038,10.498250000000041,-3.6313799999999787,2.0189949424914175,1.0565633007956308,16.704958243287024,29.778024942491413,5.650374942491396,24.127650000000017,10.688569233938154,-10.0,718.5,2.7877132385397627
2016-09-29,21.062040000000025,10.328820000000007,-3.9271999999999707,1.9228864748562273,0.6541153635338901,17.237421838390105,30.839326474856193,5.850086474856198,24.989239999999995,10.121875893955803,-8.94375,357.75,6.549594725158369
2016-09-30,20.971220000000017,11.097740000000044,-3.8332299999999577,1.7970229052850186,-0.025590408303116874,15.478142496981832,30.43470290528495,5.630252905284976,24.804449999999974,10.341949073898434,-0.6375,25.5,2.451091089110183
2016-10-01,20.26183000000003,9.995800000000031,-3.3880399999999895,1.5946394681506604,-0.6499719129783443,14.598737555172306,28.63254946815067,4.98267946815065,23.64987000000002,11.31870489822063,-0.0,0.0,3.641870024248659
2016-10-02,21.020530000000008,10.848540000000014,-3.225379999999973,1.5053939515460115,-1.0350014229838393,13.867762528562139,28.976683951545965,4.730773951545984,24.24590999999998,11.089173972043966,-0.009375,0.375,2.427612689998272
2016-10-03,22.03594000000004,9.811640000000011,-2.6129999999999995,1.618196667444522,0.1645062088403506,16.6200028762849,28.88013666744456,4.231196667444522,24.64894000000004,11.053083857658635,-0.090625,3.625,1.3480005366676313
2016-10-04,21.24487000000005,9.293900000000008,-3.0451699999999846,1.622278852626721,0.3341825654511581,16.952601418077904,28.95748885262674,4.6674488526267055,24.290040000000033,11.072717845910347,-0.0,0.0,5.012843311189634
2016-10-05,21.84942000000001,9.025630000000035,-4.236149999999952,1.5350119554531716,0.21916805541701478,18.814120010870113,31.856731955453085,5.771161955453124,26.08556999999996,9.584115971899564,-0.0,0.0,1.588530966105584
2016-10-06,21.717250000000035,8.026400000000024,-3.5988499999999704,1.5670921829420763,0.4490458068727321,19.30583798981479,30.482042182942052,5.165942182942047,25.316100000000006,10.278611210261829,-0.865625,34.625,4.085800649138786
2016-10-07,21.46105,9.472280000000012,-2.6730399999999577,1.4574661220810867,-0.45577686994386113,15.663499252137171,28.264596122081002,4.130506122081044,24.134089999999958,11.413738629632746,-0.0,0.0,4.686458328092745
2016-10-08,21.699900000000014,8.998739999999998,-2.8680200000000013,1.5496720169250011,0.42961044250176883,17.548462459426787,28.985612016925018,4.4176920169250025,24.567920000000015,11.029346367361597,-0.0375,1.5,3.1945144383062227
2016-10-09,20.43118000000004,9.819119999999998,-3.144169999999974,1.8394691171256454,0.8252006680056638,16.420899785131326,28.558989117125634,4.98363911712562,23.575350000000014,11.320142923239757,-0.353125,14.125,5.729586821944065
2016-10-10,19.609460000000013,10.406370000000038,-3.546329999999955,1.9157814783085314,0.8314255139653142,15.496626992273775,28.617901478308454,5.462111478308486,23.155789999999968,11.355615673435068,-0.18125,7.25,4.03058774702031
2016-10-11,20.413720000000012,10.127250000000004,-4.136359999999968,2.019383726286094,0.9521530238570222,17.394366750143092,30.70582372628604,6.155743726286062,24.55007999999998,10.23120143170911,-10.0,434.75,2.7333414211420055
2016-10-12,20.464350000000024,10.082600000000014,-3.7883999999999673,2.003690748640736,0.9949058887273168,17.16874663736803,30.044840748640695,5.792090748640703,24.252749999999992,10.559100845008004,-10.0,840.5,2.365230209996678
2016-10-13,20.89602000000002,9.96792000000005,-4.549099999999953,1.8050921011156333,0.9157504771521303,18.19804257826769,31.79931210111556,6.354192101115586,25.445119999999974,9.66476079767034,-1.353125,54.125,6.081464959067256
2016-10-14,22.06704000000002,7.81588000000005,-2.549599999999998,1.2548470689039277,0.20971165371855705,18.265318722622453,28.421087068903944,3.804447068903926,24.616640000000018,11.304190285149502,-0.384375,15.375,6.119040750289719
2016-10-15,21.939720000000023,8.02633000000003,-2.6701400000000035,0.9732268773325359,-0.5170362377674564,17.039720639565076,28.253226877332565,3.6433668773325394,24.609860000000026,11.413243699378768,-0.0,0.0,4.7989977409660165
2016-10-16,21.85623000000004,8.591820000000041,-3.2525999999999726,0.992572123351863,-0.2881231938609403,17.221458929490893,29.354002123351847,4.245172123351836,25.10883000000001,10.868417661345575,-0.0,0.0,7.967722236373782
2016-10-17,21.57570000000004,7.546350000000018,-3.1295499999999947,1.1772106086549456,0.11551923367113659,18.4516298423261,29.012010608654975,4.30676060865494,24.705250000000035,11.050222653491119,-0.0,0.0,7.201536562778298
2016-10-18,21.652030000000025,6.647550000000024,-1.4856299999999578,1.148846785079627,0.611503409184877,18.250460194264463,25.772136785079567,2.6344767850795847,23.137659999999983,12.6654726750225,-0.18125,7.25,10.666726049313748
2016-10-19,22.027250000000038,7.9188800000000015,-2.4475499999999784,1.2626585370077805,0.4099699274743216,18.228548464482117,28.185008537007775,3.710208537007759,24.474800000000016,11.424595820514185,-0.0,0.0,7.105944152083241
2016-10-20,22.422900000000027,7.179280000000006,-2.437539999999956,1.0908319678585485,0.10270186637649203,18.874693834235018,28.388811967858487,3.5283719678585044,24.860439999999983,11.304083372315233,-0.0,0.0,5.756017974884412
2016-10-21,21.660500000000013,7.160799999999995,-3.286199999999951,0.997849823660431,0.1539779778496495,18.93772780151005,29.230749823660346,4.284049823660382,24.946699999999964,10.944568907933842,-0.0,0.0,9.05643605814673
2016-10-22,21.69213000000002,6.986540000000048,-4.199649999999963,1.0064813388637504,0.19059991874667048,20.102321257610356,31.097911338863696,5.206131338863713,25.891779999999983,10.008126902945435,-0.053125,2.125,9.943704826547668
2016-10-23,20.924860000000024,7.77290000000005,-4.534949999999981,1.0355172861454207,0.17521855351276372,18.89764583965814,31.030277286145406,5.570467286145401,25.459810000000004,10.102514970511265,-0.0,0.0,8.896187268217862
2016-10-24,21.903279999999995,6.508500000000026,-4.321399999999983,1.0189749551075238,0.37111310406532994,21.106268059172805,31.565054955107485,5.340374955107507,26.224679999999978,9.757848271212652,-0.0,0.0,9.637093511108256
2016-10-25,21.48956000000004,6.855130000000031,-3.592199999999991,1.0161752404812319,0.05611403848001828,19.29891927896125,29.690135240481254,4.608375240481223,25.08176000000003,10.727126708971468,-0.0,0.0,9.93043340461384
2016-10-26,21.75994000000003,9.344719999999995,-3.7759999999999536,0.9955635932145697,-0.34790034547080495,16.838883247743752,30.307503593214506,4.771563593214523,25.535939999999982,10.398878540223222,-0.0,0.0,12.622010590442322
2016-10-27,21.21215000000001,11.23702000000003,-4.879699999999957,1.0904899647459843,-4.133690672747775,11.811629291998145,32.06203996474591,5.970189964745941,26.091849999999965,9.559401851981931,-0.0,0.0,13.595056420939008
2016-10-28,22.111170000000016,9.395399999999995,-3.4510999999999967,1.1145401918412858,0.44820486927756065,17.729615061118864,30.127910191841295,4.565640191841283,25.562270000000012,10.455337310460038,-0.0,0.0,5.863443993875971
2016-10-29,22.49430000000001,8.527150000000006,-3.584329999999966,1.3963256881007737,0.7346706241120273,19.68247631221277,31.059285688100715,4.9806556881007396,26.078629999999976,9.945721252706619,-0.0,0.0,2.5878605559071164
2016-10-30,20.78463000000005,9.517420000000016,-4.197360000000003,1.7714043083751108,0.6780030240419705,17.91397733241712,30.950754308375167,5.968764308375114,24.981990000000053,10.100466759787082,-0.18125,7.25,3.9211788563489125
2016-10-31,20.575649999999996,9.592700000000036,-5.455799999999954,1.799822938879231,0.6593274936690818,18.897900432548226,33.287072938879135,7.255622938879185,26.03144999999995,8.947449865902286,-0.515625,20.625,3.695099088664894
2016-11-01,19.08578,8.971220000000017,-5.364019999999982,1.843257283919172,0.8316052354729209,18.15344251939206,31.657077283919136,7.207277283919154,24.449799999999982,9.89189421160222,-3.04375,121.75,2.304259230905725
2016-11-02,19.731600000000014,9.443780000000004,-5.278139999999951,1.8055098543740087,0.8187212618466333,18.190191116220603,32.093389854373925,7.083649854373959,25.009739999999965,9.616518011937387,-0.071875,2.875,2.1332360550147866
2016-11-03,21.53988000000004,9.288499999999999,-4.7336199999999735,1.6248897961277748,0.5157546674368518,19.12564446356464,32.63200979612776,6.358509796127748,26.273500000000013,9.212581403069862,-0.0,0.0,3.1619139083114276
2016-11-04,22.461270000000013,7.76418000000001,-4.1077999999999975,1.216717282608215,-0.21845552256473866,19.803151760043477,31.893587282608223,5.3245172826082126,26.56907000000001,9.541877643701525,-0.0,0.0,0.7094380424952977
2016-11-05,21.997900000000016,7.371820000000014,-3.3870599999999627,0.8512703969709605,-0.18132883002175504,18.68308156694917,29.6232903969709,4.238330396970923,25.384959999999978,10.729644635043996,-0.0,0.0,7.849044867489323
2016-11-06,21.689450000000022,6.32797000000005,-3.339269999999999,0.8680884966667577,0.07747715806380029,19.64631565473053,29.236078496666778,4.207358496666757,25.02872000000002,10.946952563395882,-0.0,0.0,7.746413264927712
2016-11-07,21.08200000000005,6.198450000000037,-2.917669999999987,1.0953758859050708,-0.1237484445246082,18.772847441380463,28.012715885905095,4.013045885905058,23.999670000000037,11.593857963201572,-0.025,1.0,10.729223934439913
2016-11-08,20.73490000000004,5.4226300000000265,-2.7352699999999572,0.6749016471272853,0.08698079922612578,18.80942244635338,26.88034164712724,3.4101716471272425,23.470169999999996,12.214540917844943,-0.0,0.0,14.425613738301879
2016-11-09,19.90258,5.763329999999996,-3.443459999999959,0.547829359405057,-0.49849158417453054,17.63204777523049,27.337329359404976,3.991289359405016,23.34603999999996,12.070460941076306,-0.0,0.0,9.114892999281098
2016-11-10,20.806570000000022,8.90658000000002,-4.391199999999969,0.6677052712801697,-0.9595328348646603,15.999362436415481,30.25667527128013,5.058905271280139,25.19776999999999,10.520718206185109,-0.0,0.0,7.753728409605178
2016-11-11,21.129700000000014,7.733120000000042,-5.411599999999964,0.9506339802150023,0.0866593463978802,19.84547332661282,32.903533980214945,6.362233980214967,26.54129999999998,9.154005560471603,-0.0,0.0,5.966361214548737
2016-11-12,21.37838000000005,6.967100000000016,-4.876440000000002,1.289532523996968,0.7154156501809439,21.292668174177948,32.42079252399702,6.16597252399697,26.254820000000052,9.353850290395258,-0.03125,1.25,4.2709546089038675
2016-11-13,21.152600000000007,9.115499999999997,-5.638099999999952,1.5900434330422968,0.7484670959293567,20.013710528971615,34.01884343304221,7.2281434330422485,26.79069999999996,8.551462101801121,-0.0,0.0,3.93740248225173
2016-11-14,20.512170000000026,9.861320000000035,-6.094200000000001,1.7487176701407066,0.5918172403450512,19.08558491048575,34.449287670140734,7.842917670140707,26.606370000000027,8.376000668351367,-1.53125,61.25,4.092313251320402
2016-11-15,21.049220000000048,10.46646000000004,-5.590729999999951,1.4057458230633983,-0.34423323022292607,17.23500259284043,33.63642582306335,6.996475823063349,26.63995,8.764802629502128,-0.0,0.0,4.887640216007592
2016-11-16,21.119650000000036,9.246730000000014,-5.311249999999973,1.6263502957212381,0.4417523996907562,19.25227269541199,33.36850029572122,6.937600295721211,26.43090000000001,8.87604402485158,-0.053125,2.125,5.416729720139575
2016-11-17,20.741720000000043,8.77896000000004,-4.688539999999989,1.6162692030364383,0.39895543463291006,18.66652463766934,31.73506920303646,6.304809203036427,25.430260000000033,9.72487583764854,-0.2,8.0,2.6784780076268118
2016-11-18,20.77493000000004,10.600300000000004,-3.3292599999999766,1.1677510980747456,-1.4863339702657754,13.185307127808983,28.60120109807474,4.497011098074722,24.104190000000017,11.321531215750042,-0.0,0.0,4.205300587015772
2016-11-19,20.843470000000025,10.595799999999997,-3.8028299999999717,1.0554885892819357,-0.9260999504287497,14.179888638853186,29.504618589281904,4.858318589281907,24.646299999999997,10.871355011740206,-0.0,0.0,1.3493389465441403
2016-11-20,21.826530000000048,9.78298000000001,-2.6660499999999843,0.5596338071183027,-0.98683861506845,14.282395192049876,27.71826380711832,3.225683807118287,24.492580000000032,11.709481224381193,-0.0,0.0,7.131597978269053
2016-11-21,20.99404000000004,9.917380000000037,-3.3455299999999966,0.6000252812228837,-1.0402668695260786,13.981948411696806,28.285125281222918,3.9455552812228802,24.339570000000037,11.493367634062224,-0.0,0.0,5.788582353786003
2016-11-22,22.202570000000037,10.510770000000036,-3.9926999999999566,-0.11605898531763614,-2.087747707891765,13.480693306790556,30.071911014682314,3.8766410146823205,26.195269999999994,10.524337487969603,-0.0,0.0,13.199367068458473
2016-11-23,22.163900000000012,10.605860000000007,-5.152299999999968,0.4518017264637706,-1.9281028470107344,15.23403887945301,32.92030172646372,5.604101726463739,27.31619999999998,9.08593033648998,-0.0,0.0,8.455368433278249
2016-11-24,21.694800000000043,11.660000000000025,-4.430459999999982,-0.22886647092724388,-3.0738820692550917,11.162511459817665,30.326853529072764,4.201593529072738,26.125260000000026,10.441770903468694,-0.0,0.0,12.14415755441143
2016-11-25,21.84426000000002,12.439540000000022,-4.623239999999953,0.23018781130286925,-3.4955908520661296,10.76255695923669,31.320927811302795,4.853427811302822,26.467499999999973,9.918453540980806,-0.0,0.0,9.344217597957003
2016-11-26,22.239900000000034,12.151940000000025,-5.5680999999999585,-0.36314350041624266,-3.4342419233331043,11.858674576250621,33.01295649958371,5.204956499583716,27.807999999999993,9.05536327500863,-0.0,0.0,10.224265704226665
2016-11-27,22.901800000000037,11.753700000000038,-4.843019999999967,0.16829669969712313,-2.4431581051871376,13.716258594509952,32.756136699697095,5.01131669969709,27.744820000000004,9.121576069745629,-0.0,0.0,9.189540626335752
2016-11-28,23.342070000000035,11.522640000000024,-4.662819999999954,0.14960290310773416,-2.793449030618035,13.838403872489664,32.81731290310768,4.812422903107688,28.00488999999999,9.061123029879809,-0.0,0.0,9.618391474236285
2016-11-29,21.825980000000015,10.935850000000016,-3.316699999999969,0.37489050677044133,-2.516528636568694,12.065191870201716,28.834270506770395,3.6915905067704102,25.142679999999984,11.15892299212129,-0.0,0.0,8.803211480332338
2016-11-30,20.543800000000033,10.965000000000032,-4.7707999999999515,0.5549114719883619,-2.9307323041094264,11.973779167878888,30.640311471988298,5.325711471988313,25.314599999999984,10.357645577329151,-0.0,0.0,7.179173375963082
2016-12-01,18.309780000000046,9.216730000000041,-4.6447,1.3706803165169958,1.0443936326757353,16.152823949192737,28.969860316517043,6.015380316516996,22.954480000000046,11.35865773389213,-0.61875,24.75,10.060520302428658
2016-12-02,17.169340000000034,9.09310000000005,-4.036229999999989,1.9034063219211816,1.1060571110509159,15.121933432972071,27.145206321921194,5.939636321921171,21.205570000000023,12.343153683047547,-0.615625,24.625,1.2505196988585023
2016-12-03,17.149440000000027,8.738980000000026,-4.650299999999959,1.9224711813794784,0.8784331688374323,15.86166435021687,28.372511181379423,6.572771181379437,21.799739999999986,11.729892145722829,-0.540625,21.625,2.3524230191198376
2016-12-04,19.280050000000017,8.593770000000006,-5.693879999999979,1.6550330137318383,0.30501175468816655,18.340204768419994,32.32284301373181,7.348913013731817,24.973929999999996,9.558310161413601,-0.0,0.0,1.9247714779753884
2016-12-05,19.58157,9.070300000000032,-5.460499999999968,1.6741762606358748,0.2911257645778278,17.937072025213638,32.17674626063581,7.1346762606358425,25.042069999999967,9.600398814833568,-0.0,0.0,3.2658349201624155
2016-12-06,18.990139999999997,12.284140000000036,-4.2582799999999565,1.1008700979065793,-5.358964466192219,6.706185631714277,28.60757009790649,5.359150097906536,23.248419999999953,11.49029682738626,-0.0,0.0,3.7529383586203116
2016-12-07,19.38810000000001,10.026450000000011,-5.035159999999962,1.443980471804366,-2.261050418315392,13.579740053488933,30.9024004718043,6.479140471804328,24.42325999999997,10.276035397303303,-0.0,0.0,11.667156309915104
2016-12-08,20.271450000000016,11.433070000000043,-5.947099999999978,1.3109185359319326,-1.3383790334868308,14.758019502445052,33.476568535931904,7.25801853593191,26.218549999999993,8.917192652938581,-0.0,0.0,6.506777591470037
2016-12-09,20.775000000000034,11.685240000000022,-6.4986299999999915,0.47270104507447286,-4.62363002073397,11.437461024340507,34.24496104507449,6.971331045074464,27.273630000000026,8.539194594189325,-0.0,0.0,5.283232062556533
2016-12-10,20.628870000000006,11.897270000000049,-6.733859999999993,0.13383622388209915,-4.639429480694503,10.959866743187547,34.23042622388209,6.867696223882092,27.36273,8.573460163219124,-0.0,0.0,10.025582502527039
2016-12-11,20.129970000000014,9.420900000000017,-5.827919999999949,0.8338357231638724,0.11367461799488865,17.484500341158707,32.619645723163785,6.661755723163822,25.957889999999963,9.391295447964694,-0.0,0.0,7.148676204381269
2016-12-12,17.68380000000002,9.490440000000035,-6.388899999999978,1.5105992143787716,0.8359517056526897,16.928810920031424,31.972199214378747,7.89949921437875,24.072699999999998,9.913099431233718,-0.0,0.0,8.540805612820286
2016-12-13,16.0779,8.853139999999996,-5.883249999999975,1.8091439108328018,0.9719711165238891,15.88912502735667,29.653543910832752,7.692393910832777,21.961149999999975,11.230622821388522,-0.2875,11.5,1.1588946667432025
2016-12-14,17.41058000000004,8.03472000000005,-5.334079999999972,1.778301107008076,0.7450263700776532,17.23326747708569,29.857041107008058,7.112381107008048,22.74466000000001,10.974243152540794,-0.1625,6.5,5.306531789135446
2016-12-15,18.635860000000037,9.877920000000017,-6.155679999999961,1.3977603833118906,-1.3822687882624791,14.929111595049392,32.34498038331185,7.553440383311852,24.791539999999998,9.634100471235513,-0.0,0.0,3.1764238300637264
2016-12-16,17.559600000000046,8.229150000000004,-3.9676299999999856,1.8001115096462286,0.4672096660346483,15.565401175680904,27.294971509646246,5.767741509646214,21.52723000000003,12.235610936345779,-0.18125,7.25,6.077535743392896
2016-12-17,19.233120000000042,9.933040000000005,-4.081199999999967,1.496336610326125,-0.8425030705743097,14.03511353975182,28.8918566103261,5.577536610326092,23.31432000000001,11.29207683501022,-0.0,0.0,5.844806128099187
2016-12-18,19.001180000000033,9.831200000000024,-4.493999999999971,1.227900541896986,-1.2340456838218756,13.657834858075091,29.217080541896962,5.721900541896957,23.495180000000005,11.174634025003684,-0.0,0.0,14.21561010483254
2016-12-19,19.151820000000043,11.11993000000001,-4.451759999999979,0.8607459589065343,-1.4261131753927998,11.918282783513746,28.916085958906535,5.312505958906513,23.603580000000022,11.336982850184313,-0.0,0.0,18.181075837546068
2016-12-20,19.20870000000002,12.372640000000047,-4.436999999999955,1.5455357297281012,-3.3198032479683093,9.498792481759722,29.628235729728033,5.982535729728056,23.645699999999977,10.922218651233834,-0.0,0.0,11.465765361827637
2016-12-21,20.261930000000007,11.959900000000005,-4.064249999999959,1.1666763170946979,-4.082409116632846,9.450547200461813,29.55710631709462,5.2309263170946565,24.326179999999965,10.888751593869358,-0.0,0.0,16.842181315355838
2016-12-22,20.786699999999996,11.74523000000005,-4.370199999999954,0.6002551249388262,-3.815133544846333,10.196791580092395,30.12735512493873,4.9704551249387805,25.15689999999995,10.590724918107185,-0.0,0.0,12.572455479758727
2016-12-23,20.421780000000012,11.40405000000004,-4.6159999999999854,0.47724441018925745,-3.0963543226469596,11.014620087542255,30.13102441018924,5.093244410189243,25.037779999999998,10.62746416162355,-0.0,0.0,9.32417163658964
2016-12-24,20.42532,12.618650000000002,-3.815899999999999,0.3213363517752441,-3.45265166651609,8.49125468525915,28.37845635177524,4.137236351775243,24.24122,11.511443888890483,-0.0,0.0,4.714330908139708
2016-12-25,20.322100000000034,11.35345000000001,-4.132059999999967,0.5068707397867911,-3.1787638067034436,10.42881693308334,29.09309073978676,4.638930739786758,24.45416,11.154937665306079,-0.0,0.0,6.1288241253964735
2016-12-26,20.80343000000005,11.240470000000016,-5.025519999999972,0.4561310099704201,-2.7072839400770476,12.337327069893377,31.310601009970412,5.481651009970392,25.82895000000002,10.004492323039074,-0.0,0.0,5.236658167527591
2016-12-27,20.501059999999995,11.61886000000004,-5.043899999999951,0.6452188782033659,-2.4490040698356665,12.122314808367605,31.234078878203263,5.689118878203317,25.544959999999946,10.060502458406859,-0.0,0.0,6.357229812010244
2016-12-28,19.039330000000007,11.910600000000045,-5.855399999999975,1.32464610942435,-4.078017183619693,10.230758925804594,32.074776109424306,7.180046109424325,24.89472999999998,9.734358660561497,-0.0,0.0,6.267053262297726
2016-12-29,19.21816000000001,11.003000000000043,-6.347969999999975,0.5439948880610359,-3.223164806869761,11.88396008119122,32.458094888061,6.891964888061011,25.566129999999987,9.579833876175371,-0.0,0.0,3.3135159796857803
2016-12-30,18.604030000000023,11.236100000000022,-7.65152999999998,0.8193713941948317,-3.244905251340697,12.593926142854116,34.726461394194814,8.470901394194811,26.255560000000003,8.492235491043914,-0.0,0.0,4.532123837217648
2016-12-31,19.141200000000026,11.58280000000002,-6.439549999999997,0.5170376773584167,-3.332323708049728,11.182663969308692,32.53733767735844,6.956587677358414,25.580750000000023,9.549896747015282,-0.0,0.0,11.433730267860675
2017-01-01,19.036220000000014,10.058280000000025,-6.708469999999977,0.9953660046629693,-3.42222018911923,13.259555815543706,33.44852600466294,7.703836004662946,25.74468999999999,9.073605765351942,-0.0,0.0,18.45280507483634
2017-01-02,19.767480000000035,7.112570000000005,-4.815599999999961,1.0177667834035447,-1.0069716560849429,17.481305127318592,30.4164467834035,5.8333667834035055,24.583079999999995,10.515303625077763,-0.0,0.0,9.122427260436409
2017-01-03,20.327750000000037,9.051480000000026,-5.635229999999979,0.6698694404961998,-2.655554563592034,14.925814876904155,32.268079440496194,6.305099440496178,25.962980000000016,9.558418563511964,-0.0,0.0,9.515712055062458
2017-01-04,19.951040000000035,6.108360000000005,-4.68732,0.7991841154782264,-0.76329830296811,18.565885812510146,30.12486411547826,5.486504115478226,24.638360000000034,10.657964431307505,-0.0,0.0,7.562316779805513
2017-01-05,20.226770000000045,8.708370000000002,-4.283029999999997,0.5281486098216419,-3.3601827774435833,12.969395832378098,29.32097860982168,4.8111786098216385,24.50980000000004,11.049088775178632,-0.0,0.0,5.270377860491492
2017-01-06,20.18730000000005,10.32528000000002,-3.4967999999999506,0.47394042631555067,-4.003689612835046,9.829070813480485,27.654840426315502,3.9707404263155013,23.6841,11.888697590315246,-0.0,0.0,4.353968786627604
2017-01-07,20.11477000000002,8.896050000000002,-2.8709499999999935,0.9422718323534696,-2.1326461086021027,12.89929572375138,26.798941832353478,3.813221832353463,22.985720000000015,12.29647983420898,-0.0,0.0,4.602923191090798
2017-01-08,19.992999999999995,8.98544000000004,-3.522199999999998,0.9913280486691178,-2.6240888542196785,12.896999194449393,28.02872804866911,4.513528048669116,23.515199999999993,11.68933553387069,-0.0,0.0,8.369590893354596
2017-01-09,19.733820000000037,5.101460000000031,-4.515839999999969,0.9146421912469691,-0.26392322235170695,19.798918968895237,29.680142191246944,5.430482191246938,24.249660000000006,10.893345349240576,-0.0,0.0,7.105906843349635
2017-01-10,19.776850000000024,4.412840000000017,-3.6452999999999633,0.8424514904698981,0.267319891109139,20.119081381579008,27.90990149046985,4.487751490469861,23.422149999999988,11.778740544548668,-0.0,0.0,5.04074904263897
2017-01-11,19.797300000000007,4.557150000000036,-2.8635999999999626,0.9635453958326821,0.33630856997660885,19.403603965809225,26.488045395832614,3.8271453958326447,22.66089999999997,12.479951096739569,-0.175,7.0,5.876645974032983
2017-01-12,19.048900000000003,5.14590000000004,-3.8792499999999563,1.1151158612249787,0.1591825090150678,19.056548370239966,27.922515861224895,4.994365861224935,22.92814999999996,11.825974312591768,-0.15,6.0,3.9768255378440984
2017-01-13,18.700649999999996,5.306420000000003,-4.703769999999963,1.2924481157926948,0.3915074656736124,19.781955581466264,29.400638115792617,5.996218115792658,23.40441999999996,11.108520491369177,-0.359375,14.375,6.909120983578725
2017-01-14,18.919700000000034,10.009900000000016,-5.373199999999997,0.8973693610460032,-1.7753836214834564,13.404985739562562,30.56346936104603,6.270569361046,24.29290000000003,10.535257485780221,-0.0,0.0,3.6009800329641877
2017-01-15,18.554830000000038,11.828970000000027,-4.6493299999999635,0.9849501023106768,-3.3735734943741704,8.986566607936481,28.838440102310642,5.63428010231064,23.20416,11.430096803575623,-0.0,0.0,4.981475712305024
2017-01-16,19.15002000000004,8.684630000000027,-5.127419999999972,0.6702431532629021,-2.781604725536681,13.481448427726207,30.075103153262887,5.797663153262874,24.277440000000013,10.77047341439328,-0.0,0.0,3.0108134452146307
2017-01-17,19.224300000000028,9.133870000000002,-5.913430000000005,0.41217145918511733,-3.434534675220789,12.98149678396436,31.463331459185156,6.325601459185123,25.137730000000033,10.083572147229347,-0.0,0.0,7.331491847772169
2017-01-18,18.372280000000046,9.706140000000005,-5.926279999999963,0.27400058946500394,-3.3366872304792423,11.529733358985766,30.498840589464976,6.200280589464967,24.29856000000001,10.66729556567509,-0.0,0.0,12.432179799377202
2017-01-19,17.68658000000005,9.518200000000036,-5.668399999999963,1.0958808089367835,-1.9100882238735721,13.022572585063187,30.119260808936758,6.764280808936746,23.354980000000012,10.877262553871674,-0.0,0.0,9.236067977280685
2017-01-20,18.321200000000033,7.894620000000032,-5.917519999999968,1.5590776852830572,-0.14542714332458218,17.757750541958444,31.715317685283026,7.476597685283025,24.23872,9.967057351557514,-0.040625,1.625,9.064109437778152
2017-01-21,16.828520000000026,8.148070000000018,-6.644449999999949,1.8054917569287454,0.8625770438628706,17.992968800791573,31.92291175692867,8.449941756928695,23.472969999999975,10.005761787161816,-0.15625,6.25,8.054343189164866
2017-01-22,19.622400000000027,7.427480000000003,-6.836770000000001,0.7960588533144914,0.8069367747238516,20.63468562803837,34.09199885331452,7.632828853314493,26.45917000000003,8.705927434527212,-0.01875,0.75,9.072337819407082
2017-01-23,19.39450000000005,8.95535000000001,-6.379300000000001,0.8502504013517864,-1.2475972402762068,16.42110316107562,33.00335040135184,7.229550401351787,25.77380000000005,9.269873255272785,-0.0,0.0,5.702925618190149
2017-01-24,19.915980000000047,9.183300000000031,-5.385099999999966,1.219141891366064,-0.39983116084044923,16.937090730525597,31.905321891366043,6.60424189136603,25.301080000000013,9.742643638512448,-0.0,0.0,2.419393762570027
2017-01-25,19.368040000000008,8.805260000000033,-5.766459999999995,0.8680605126918408,0.3848812934371608,17.582181806128972,31.76902051269184,6.634520512691836,25.134500000000003,9.88836764759452,-0.0,0.0,7.9157623772614665
2017-01-26,15.823329999999999,8.587300000000027,-5.784159999999986,1.8646956836570325,0.8916583636493556,15.776544047306345,29.256345683657003,7.648855683657018,21.607489999999984,11.455586455186733,-0.41875,16.75,7.2160132819310725
2017-01-27,17.58620000000002,9.002100000000041,-5.400849999999991,1.8783533649179844,0.7570766647511391,16.620380029669093,30.266253364917986,7.279203364917976,22.98705000000001,10.738922258884429,-1.3125,52.5,6.5209151028203465
2017-01-28,18.761040000000037,8.71180000000004,-4.398319999999956,1.8311774730235015,0.8878604057187545,17.16659787874221,29.38885747302345,6.229497473023457,23.159359999999992,11.059050633933623,-0.709375,28.375,6.799979823898939
2017-01-29,20.963160000000016,9.3476,-5.497659999999996,1.1999357093230287,0.33224752064683116,18.645403229969872,33.15841570932304,6.697595709323025,26.460820000000012,9.025102518260269,-0.0,0.0,6.91047580564139
2017-01-30,21.258500000000026,9.623320000000035,-4.841499999999996,1.3183509321671636,-1.964914812246377,15.830116119920774,32.25985093216718,6.15985093216716,26.100000000000023,9.441860859822441,-0.0,0.0,8.836565704564828
2017-01-31,22.314720000000023,11.295950000000005,-5.571019999999976,0.4101787192640245,-3.192274913451854,13.807693805812164,33.866938719264,5.981198719264,27.88574,8.603121894491778,-0.0,0.0,5.55508900535594
2017-02-01,21.187100000000044,10.284880000000044,-5.305099999999982,-0.012297993635684179,-2.973806902456147,13.22121510390815,31.785002006364323,5.2928020063642975,26.492200000000025,9.75110626227746,-0.0,0.0,12.9079079328831
2017-02-02,20.96902,8.04122000000001,-5.557399999999973,0.05375862337234594,-2.4536301888314824,16.085328434540827,32.13757862337229,5.611158623372319,26.526419999999973,9.592210249661775,-0.0,0.0,12.69624770251066
2017-02-03,20.146749999999997,11.216240000000028,-4.673129999999958,0.42910641704162344,-3.883584820301337,10.149161596740214,29.922116417041536,5.102236417041581,24.819879999999955,10.76119852364485,-0.0,0.0,7.516787495590022
2017-02-04,19.90115000000003,11.365840000000048,-4.402619999999956,0.4413612266509972,-3.6347655267820187,9.744525699868916,29.14775122665094,4.843981226650953,24.303769999999986,11.170915030949914,-0.0,0.0,6.1510248309766435
2017-02-05,21.21224000000001,11.618800000000022,-4.4646999999999935,0.05132803509002315,-3.3967073759515642,10.71276065913844,30.19296803509002,4.516028035090017,25.676940000000002,10.542688337340735,-0.0,0.0,7.304730445110892
2017-02-06,21.42324000000002,10.479759999999999,-5.322729999999979,0.5547665338305023,-2.8810103961930054,13.939966137637498,32.62346653383048,5.877496533830481,26.74597,9.289990491762183,-0.0,0.0,6.6343941351429745
2017-02-07,22.055080000000032,10.64960000000002,-5.2932799999999816,0.41234738160642337,-3.284195634379614,13.826911747226802,33.05398738160642,5.705627381606405,27.348360000000014,9.028620234415882,-0.0,0.0,4.843842207689935
2017-02-08,22.089800000000025,11.428770000000043,-5.188329999999951,-0.10405718440898681,-3.9595452657230794,11.785757549867867,32.36240281559094,5.084272815590964,27.278129999999976,9.38731499696604,-0.0,0.0,4.9253836982376376
2017-02-09,22.466499999999996,9.515700000000038,-5.270819999999958,0.2533037421679296,-2.2490214489221216,16.225902293245724,33.26144374216784,5.5241237421678875,27.737319999999954,8.898660829137441,-0.0,0.0,4.4801846085145245
2017-02-10,22.65963000000005,10.13390000000004,-6.19241999999997,-0.3422002488356384,-3.483017239137041,14.8929325120273,34.70226975116435,5.850219751164332,28.85205000000002,8.17733226800766,-0.0,0.0,7.194057789891983
2017-02-11,21.962180000000046,8.312220000000025,-5.386269999999968,-0.22516942035815646,-2.332640266772728,16.478420312869105,32.509550579641825,5.161100579641811,27.348450000000014,9.326911859717313,-0.0,0.0,8.296688946009368
2017-02-12,20.40927000000005,9.789940000000001,-6.196879999999965,0.2161077165968095,-3.5681072358121924,13.46421048078463,33.01913771659679,6.412987716596774,26.606150000000014,9.197434686309862,-0.0,0.0,8.793210111069147
2017-02-13,19.862330000000043,9.45858000000004,-6.29446999999999,0.7381879466613555,-3.8453927996143307,13.591015147047017,33.18945794666138,7.032657946661345,26.156800000000032,9.13789621786924,-0.0,0.0,6.929348915073891
2017-02-14,19.103049999999996,9.582730000000026,-5.940159999999992,1.5061963933098923,-3.010234503683705,13.956441889626149,32.48956639330987,7.446356393309884,25.043209999999988,9.505424103785344,-0.3625,14.5,9.602674185613827
2017-02-15,20.314900000000023,6.473960000000034,-6.5603399999999965,0.6573631455597138,-0.367750863567494,20.690892281992205,34.09294314555973,7.21770314555971,26.87524000000002,8.647872943689094,-0.0,0.0,7.462045171514491
2017-02-16,19.907860000000028,11.255600000000015,-5.770299999999963,0.556009767188641,-5.152164093708109,9.826405673480508,32.004469767188596,6.326309767188604,25.67815999999999,9.735945124681109,-0.0,0.0,2.6135108324446565
2017-02-17,20.360000000000014,10.82116000000002,-5.637549999999976,0.6248518603773618,-3.2704833909525064,12.530758469424825,32.25995186037733,6.262401860377338,25.99754999999999,9.561961796285004,-0.0,0.0,3.225572000687167
2017-02-18,21.452300000000037,10.101650000000006,-4.803099999999972,0.38012603577692516,-1.8332082315921525,14.700667804184775,31.438626035776906,5.183226035776897,26.25540000000001,9.886504071510615,-0.0,0.0,7.929624409010245
2017-02-19,22.731870000000015,7.509420000000034,-5.117699999999957,0.14922260696226886,-0.591344059851906,19.8980285471103,33.1164926069622,5.2669226069622255,27.84956999999997,8.954959195702145,-0.0,0.0,4.7359658923191885
2017-02-20,23.933600000000013,7.904380000000003,-5.9778199999999515,0.48129239448167027,0.11353788932137832,22.60187028380301,36.370532394481586,6.459112394481622,29.911419999999964,7.2380515864235235,-0.0,0.0,5.609130739412539
2017-02-21,24.792100000000005,8.743130000000008,-6.0251799999999776,0.5015086396375068,0.1498623161020305,22.725520955739512,37.34396863963747,6.526688639637484,30.817279999999982,6.702629258400691,-0.0,0.0,2.6953054506886547
2017-02-22,25.56033000000002,9.491330000000005,-6.164099999999962,0.3296959158253685,-0.03322833447242601,22.52956758135292,38.218225915825315,6.493795915825331,31.724429999999984,6.229788690237285,-0.0,0.0,1.8701601938634267
2017-02-23,25.368130000000008,9.243520000000046,-5.634439999999984,0.041718140229818346,-0.3009209779989419,21.49984716223082,36.678728140229794,5.676158140229802,31.00256999999999,7.011997162723048,-0.0,0.0,3.379073553212453
2017-02-24,24.850670000000036,8.79427000000004,-5.728859999999997,0.1777880222874728,-0.20554847400308063,21.757499548284386,36.486178022287504,5.90664802228747,30.579530000000034,7.133858096362815,-0.0,0.0,2.9996773719136205
2017-02-25,25.064840000000004,8.887170000000026,-6.347399999999993,0.14703349461854032,-0.20240514214384575,22.469698352474666,37.90667349461853,6.494433494618534,31.412239999999997,6.412679890934498,-0.0,0.0,3.0706285361082837
2017-02-26,24.250200000000007,8.196740000000034,-7.464200000000005,0.14028607300718932,-0.18598436692309406,23.471961706084073,39.31888607300721,7.604486073007195,31.714400000000012,5.752434791835128,-0.0,0.0,3.5075675176099117
2017-02-27,22.091520000000003,8.523520000000019,-5.86511999999999,0.09185071774425069,-1.830110671503462,17.694860046240763,33.913610717744234,5.956970717744241,27.956639999999993,8.607249435537483,-0.0,0.0,6.73638180759022
2017-02-28,22.448450000000037,7.967740000000049,-4.651099999999985,-0.1692997684562556,-1.4774741019234057,17.485036129620312,31.58135023154375,4.48180023154373,27.099550000000022,9.75111095881806,-0.0,0.0,6.582167113166992
2017-03-01,22.206800000000044,8.108180000000004,-5.783269999999959,0.057614895847564185,-1.6317955853101012,18.30770931053746,33.830954895847526,5.840884895847523,27.990070000000003,8.639667622652212,-0.0,0.0,5.021264630978778
2017-03-02,23.18100000000004,8.72810000000004,-4.705099999999959,-0.6933578203695561,-1.6552564626507547,16.809385716979648,31.897842179630402,4.011742179630403,27.8861,9.541383241390804,-0.0,0.0,4.467542426092417
2017-03-03,24.017600000000016,8.412300000000016,-5.145240000000001,1.1220872701627513,0.6729166429627753,22.545543913125528,35.43016727016277,6.2673272701627525,29.162840000000017,7.68082086517677,-0.03125,1.25,4.223258811627116
2017-03-04,24.67410000000001,8.825130000000001,-4.052279999999996,1.1599625084296008,0.7644543365879599,21.825666845017565,33.9386225084296,5.212242508429597,28.726380000000006,8.390676602033295,-0.0,0.0,3.4543799206785093
2017-03-05,23.80892,9.854669999999999,-4.647220000000004,1.546309566667901,0.8257784670190631,20.97355803368697,34.64966956666791,6.193529566667905,28.456140000000005,8.061149861385786,-0.19375,7.75,4.072789149174099
2017-03-06,22.497640000000047,10.268150000000048,-4.949839999999995,1.7596829712484237,0.7411343918744251,19.680147363122842,34.15700297124846,6.709522971248418,27.44748000000004,8.3733083782829,-2.89375,115.75,2.7889827483912284
2017-03-07,23.64572000000004,10.147970000000043,-4.584969999999998,1.7294269516951886,0.7128015368259639,20.524948488521147,34.545086951695225,6.314396951695187,28.23069000000004,8.112467588582206,-3.49375,139.75,8.327874627456174
2017-03-08,24.31265000000002,9.707060000000013,-4.345429999999965,1.3120316160612333,0.6801713683568664,20.94322298441807,34.31554161606118,5.657461616061198,28.658079999999984,8.214167315998509,-0.0,0.0,3.7037788599633052
2017-03-09,24.8057,9.841520000000003,-4.857759999999985,1.238864240343844,0.6345048071065094,21.695309047450337,35.760084240343815,6.096624240343829,29.663459999999986,7.470538526480254,-0.0,0.0,0.664273547688249
2017-03-10,24.40975000000003,8.943380000000047,-4.229379999999992,1.15557014640558,0.5642236162541963,21.415543762659752,34.024080146405595,5.384950146405572,28.639130000000023,8.361664014449161,-0.0,0.0,0.6100153366828572
2017-03-11,24.615499999999997,8.760100000000023,-2.923000000000002,0.9096918843933395,0.4784100025078146,20.16650188690113,31.37119188439334,3.8326918843933413,27.5385,9.68691905536383,-0.0,0.0,0.6160685933435095
2017-03-12,25.692800000000034,9.55346000000003,-4.69399999999996,0.21594647214647011,-0.1327764814453758,20.91650999070106,35.296746472146424,4.90994647214643,30.386799999999994,7.68597474872297,-0.0,0.0,0.41733604154404175
2017-03-13,25.12942000000004,9.640370000000019,-4.568979999999954,1.1113927067395935,0.5844233478802607,21.753846054619828,35.37877270673954,5.680372706739547,29.698399999999992,7.6503649620869965,-0.0,0.0,7.37324617118567
2017-03-14,21.76522,10.005460000000028,-5.793619999999976,1.902840163722658,0.7395557183603501,20.195775882082955,35.25530016372261,7.696460163722634,27.558839999999975,7.863340574446738,-10.0,691.125,3.070228585196132
2017-03-15,21.214440000000025,9.870450000000005,-4.454779999999971,1.696291500992288,0.5558297534165604,18.05089125440884,31.820291500992255,6.151071500992259,25.669219999999996,9.637454849887376,-0.803125,32.125,11.000813883131551
2017-03-16,23.29170000000005,7.372580000000028,-4.985699999999952,1.0884819441873788,0.6696077853825386,22.66290972956989,34.35158194418733,6.07418194418733,28.2774,8.264321078785997,-0.2375,9.5,5.887890008671532
2017-03-17,23.908749999999998,8.734250000000031,-6.202119999999979,1.2169020790698823,0.6793186131865241,23.272840692256352,37.52989207906984,7.419022079069862,30.110869999999977,6.6330387508691615,-0.0,0.0,8.702175032780971
2017-03-18,26.225430000000017,10.031920000000014,-5.525980000000004,0.5977029981668238,0.24557964495687656,22.562772643123708,37.87509299816685,6.123682998166828,31.75141000000002,6.369102500519205,-0.0,0.0,8.822516316205197
2017-03-19,26.191250000000025,10.022600000000011,-4.6682500000000005,0.5487017980802875,0.20490286620514553,21.590504664285447,36.07645179808031,5.216951798080288,30.859500000000025,7.270416983850964,-0.0,0.0,11.842831702077282
2017-03-20,24.72878000000003,9.072020000000009,-4.815799999999967,1.175137284197092,0.7141013311485835,22.361798615345663,35.535517284197056,5.990937284197059,29.544579999999996,7.58908168240697,-0.034375,1.375,7.008277445314923
2017-03-21,23.650900000000036,8.66342000000003,-7.527929999999969,1.302561610146256,0.6770559145118114,24.495027524658042,40.00932161014623,8.830491610146225,31.178830000000005,5.403681375083238,-0.096875,3.875,4.99406577681031
2017-03-22,25.023680000000013,8.801780000000008,-6.626379999999983,0.8874298269386713,0.5316230634845738,24.267332890423233,39.16386982693865,7.513809826938655,31.650059999999996,5.770739196484612,-0.021875,0.875,6.96792389987724
2017-03-23,25.889370000000042,9.766300000000001,-7.004129999999975,0.02543730495943919,-0.3073966821150407,22.845240622844415,39.92306730495943,7.029567304959414,32.89350000000002,5.3646335252429935,-0.0,0.0,3.8243738832516954
2017-03-24,25.660300000000007,9.67147,-4.975379999999973,-0.06986156277696409,-0.47000324323329323,20.424345193989723,35.54119843722299,4.905518437223009,30.63567999999998,7.566010184996912,-0.0,0.0,9.669555045833455
2017-03-25,26.914330000000007,10.770530000000008,-3.98214999999999,-0.0844230942490185,-0.4443601893396476,19.597166716411323,34.79420690575097,3.8977269057509716,30.896479999999997,7.885848375526223,-0.0,0.0,1.386281088920603
2017-03-26,26.97616000000005,10.78457000000003,-4.801499999999976,0.4407386085517828,0.07898995939115139,21.51281856794293,37.019898608551784,5.242238608551759,31.777660000000026,6.77123450273524,-0.0,0.0,1.6906825446337146
2017-03-27,26.28048000000001,10.259240000000034,-4.160129999999981,0.3222499870805109,-0.03411170944184505,20.469508277638624,34.922989987080484,4.482379987080492,30.440609999999992,7.846386663511282,-0.0,0.0,9.258560178131503
2017-03-28,26.70455000000004,10.760220000000004,-4.9582999999999515,0.3654075000599164,-0.018358465499034082,21.24967903456087,36.98655750005986,5.323707500059868,31.66284999999999,6.797133340580217,-0.0,0.0,5.245021794961092
2017-03-29,26.839,10.756979999999999,-5.234399999999994,0.52628870566366,0.154661962276748,21.9973706679404,37.834088705663646,5.760688705663654,32.07339999999999,6.367582318477787,-0.0,0.0,1.448392666712429
2017-03-30,26.410000000000025,10.359250000000031,-3.673599999999965,0.29431087935893174,-0.05231735580559871,19.96634352355329,34.05151087935889,3.9679108793588966,30.08359999999999,8.277148649971593,-0.0,0.0,5.002767237326555
2017-03-31,25.645039999999995,9.735250000000008,-4.008979999999951,0.5824777043157496,0.18010986918977778,20.681357573505466,34.24547770431565,4.591457704315701,29.654019999999946,8.208288650796646,-0.0,0.0,1.2209989593348962
2017-04-01,27.569540000000018,11.403900000000021,-5.254129999999975,0.47547055720195885,0.1290134183822147,22.024253975584145,38.55327055720193,5.729600557201934,32.82366999999999,5.98586971070597,-0.121875,4.875,0.3327398499613017
2017-04-02,27.716880000000003,11.420470000000023,-5.852999999999952,0.6201149544437499,0.25913909780149424,23.028664052245176,40.04299495444366,6.473114954443702,33.569879999999955,5.2363065095975685,-0.0,0.0,6.848524047881211
2017-04-03,26.817830000000015,10.713250000000016,-6.6527999999999565,1.1069597298663894,0.7311253737267407,24.595465103593085,41.23038972986632,7.759759729866346,33.47062999999997,4.660557511459501,-0.25625,10.25,1.8195504291548656
2017-04-04,26.396140000000003,10.192560000000014,-5.966349999999977,1.2552066639844952,0.8818427643554969,24.306979428339957,39.58404666398445,7.221556663984472,32.36248999999998,5.493031013899554,-0.003125,0.125,6.418915758742209
2017-04-05,22.493430000000046,10.679160000000024,-5.580879999999979,1.8897987010771544,1.012106222071509,20.297054923148664,35.54498870107716,7.470678701077134,28.074310000000025,7.669419219964823,-10.0,1932.75,8.768805843111458
2017-04-06,26.682920000000024,10.514300000000048,-5.788239999999973,1.4191665376786773,1.0106773571474719,24.3867038948261,39.67856653767865,7.207406537678651,32.47116,5.431565338888049,-0.428125,17.125,5.224221828150371
2017-04-07,25.31704000000002,10.80883,-5.246679999999969,1.6027522170677457,0.8253880439090722,22.183030260976807,37.413152217067704,6.849432217067715,30.56371999999999,6.605603033220916,-1.8125,72.5,10.931206665426352
2017-04-08,27.177200000000028,11.060020000000009,-5.272069999999985,1.1101499629331784,0.7594491098364529,23.258849072769635,38.831489962933176,6.3822199629331635,32.44927000000001,5.850032725656149,-0.0,0.0,9.39376889079022
2017-04-09,27.379800000000046,11.196830000000034,-4.750099999999975,0.9459434564922731,0.5675138214311914,22.44652727792345,37.82594345649227,5.696043456492248,32.12990000000002,6.349747140001227,-0.0875,3.5,9.701516631665426
2017-04-10,28.491780000000006,12.239900000000034,-5.190249999999992,0.8599618107475635,0.4924193614664887,22.794511172214015,39.73224181074755,6.050211810747555,33.68203,5.3727020469618765,-0.103125,4.125,1.5947563397019693
2017-04-11,27.568870000000004,11.16488000000004,-5.73864999999995,0.9982919430858033,0.6483476246259556,23.789279567711674,40.04446194308571,6.736941943085753,33.307519999999954,5.235292594489408,-0.0,0.0,3.455115238173067
2017-04-12,28.344420000000014,12.042230000000018,-5.062539999999956,0.487285052170364,0.1394516999812936,21.99146675215161,38.95678505217029,5.54982505217032,33.40695999999997,5.765295687032676,-0.0,0.0,3.597819485094794
2017-04-13,27.724019999999996,11.449200000000019,-5.483439999999973,0.08506457321664129,-0.2813093363571397,21.56201523685945,38.775964573216584,5.5685045732166145,33.20745999999997,5.869147427284702,-0.0,0.0,5.736788385340766
2017-04-14,28.059799999999996,11.71810000000005,-6.098239999999976,-0.007672163018071387,-0.36629818465826247,22.065969652323588,40.248607836981876,6.090567836981904,34.15803999999997,5.122818979616852,-0.0,0.0,5.743064244275721
2017-04-15,28.483850000000018,12.265370000000019,-6.578559999999982,0.38632277433219997,-0.013481790791104231,23.169880983541077,42.02729277433218,6.964882774332182,35.06241,4.226523813103199,-0.065625,2.625,3.7113426637006857
2017-04-16,26.234700000000032,11.595799999999997,-6.573069999999973,1.2281113112126718,0.456225330325708,22.896306641538388,40.60895131121265,7.801181311212645,32.807770000000005,4.987465452371964,-0.084375,3.375,1.896241524487721
2017-04-17,26.361720000000048,11.408780000000036,-6.903229999999951,1.2666848753500517,0.6621846675047323,23.785039542854747,41.43486487535,8.169914875350003,33.26495,4.568649685721709,-0.15,6.0,3.2116114642192093
2017-04-18,28.554100000000005,12.600400000000036,-4.592780000000005,0.8900615037714488,0.4409985374816756,21.8775400412531,38.629721503771464,5.4828415037714535,33.14688000000001,5.922841766467627,-0.125,5.0,4.406741943388189
2017-04-19,25.936120000000017,11.885950000000037,-5.036799999999971,1.6247395092607917,0.779430442210014,21.491139951470757,37.63445950926075,6.661539509260763,30.972919999999988,6.470554319726034,-4.6,184.0,6.561157846535247
2017-04-20,24.529200000000003,11.215660000000014,-4.8990799999999695,1.8543976204322803,1.049452421799458,21.116470042231697,36.18175762043222,6.75347762043225,29.428279999999972,7.241959153156813,-10.0,1605.625,6.521191190202501
2017-04-21,21.912500000000023,10.774470000000008,-4.50491999999997,2.060580318848281,1.1459609171275247,18.84949123597579,32.982920318848244,6.565500318848251,26.417419999999993,8.976421644458469,-10.0,2169.875,8.707855637625531
2017-04-22,27.27102000000002,11.42025000000001,-4.493959999999959,1.0781497743138289,0.6369649698578428,22.05984474417164,37.33708977431377,5.5721097743137875,31.76497999999998,6.595263535140532,-0.028125,1.125,2.3814835602505635
2017-04-23,27.61596000000003,11.38864000000001,-4.7535499999999615,0.9321445713694629,0.5726677400797371,22.48568231144918,38.055204571369416,5.6856945713694245,32.36950999999999,6.229951815223046,-0.0,0.0,2.4101323349104398
2017-04-24,27.498770000000036,11.274260000000027,-5.156619999999975,1.0376205512237675,0.6797339094540575,23.09848446067781,38.849630551223754,6.194240551223743,32.65539000000001,5.833355943111258,-0.0,0.0,6.020806185948737
2017-04-25,24.5933,11.013100000000009,-5.92349999999999,1.5157570368729694,0.8125770327322357,21.832034069605186,37.95605703687295,7.439257036872959,30.51679999999999,6.370312250009022,-5.19375,207.75,7.759085041072846
2017-04-26,26.954980000000035,11.161000000000001,-6.100259999999992,1.2468655759890908,0.7624973803792727,23.90360295636839,40.40236557598911,7.347125575989082,33.055240000000026,5.067013291236776,-0.5625,22.5,1.6299467474599731
2017-04-27,26.30110000000002,10.633870000000002,-6.135839999999973,1.3125991803791521,0.8180634082492588,23.933732588628402,39.88537918037912,7.4484391803791254,32.43693999999999,5.344321219230778,-0.503125,20.125,3.784583751748858
2017-04-28,24.471580000000017,9.911339999999996,-6.644319999999993,1.563734486607018,1.0399157235902408,23.808210210197274,39.32395448660702,8.208054486607011,31.11590000000001,5.689215245466983,-6.53125,261.25,4.472804379095707
2017-04-29,22.59530000000001,10.395100000000014,-6.773779999999988,1.6112608340421843,0.8715775945964879,21.456818428638655,37.75412083404217,8.385040834042172,29.369079999999997,6.578541908257364,-8.234375,329.375,4.362333774509256
2017-04-30,25.914420000000007,10.07528000000002,-8.022599999999954,1.0651964102985403,0.6754745228861907,25.60241093318467,43.024816410298456,9.087796410298495,33.93701999999996,3.796413321564387,-0.51875,20.75,6.861310488989309
2017-05-01,23.55087000000003,9.638500000000022,-7.135599999999954,1.4015621628738586,0.8277773207247492,23.27730948359857,39.2236321628738,8.537162162873813,30.686469999999986,5.797234980900896,-0.715625,28.625,8.283258888238656
2017-05-02,24.35784000000001,10.20822000000004,-6.294039999999995,1.424599218922367,0.39842409078136143,22.266683309703694,38.37051921892237,7.7186392189223625,30.651880000000006,6.178739720662918,-0.428125,17.125,3.4586600755254544
2017-05-03,23.154660000000035,10.73974000000004,-5.815470000000005,1.8316938223359784,0.8318680262154885,20.893951848551467,36.61729382233602,7.647163822335983,28.97013000000004,7.097517813735294,-10.0,457.375,5.079531432628022
2017-05-04,25.928300000000036,10.55776000000003,-4.630830000000003,1.4238654001453597,0.9032139743514449,22.328449374496813,36.6138254001454,6.054695400145363,30.55913000000004,6.988894350394503,-0.03125,1.25,2.249965641075193
2017-05-05,26.67953,11.296199999999999,-5.3250999999999635,1.5936163408538278,1.0417249731754055,23.343771314029198,38.923346340853755,6.918716340853791,32.00462999999996,5.8034255594341175,-5.18125,207.25,3.7532407613755545
2017-05-06,26.705600000000004,11.226220000000012,-5.735299999999995,1.599187451933858,1.0133219216069165,23.82718937354076,39.77538745193385,7.334487451933853,32.4409,5.376375182630738,-4.975,199.0,1.4559956346748193
2017-05-07,23.96610000000004,11.173969999999997,-5.846169999999972,1.7967972893543447,1.0538720323302186,21.48896932168458,37.45523728935433,7.642967289354317,29.812270000000012,6.63590481840879,-10.0,585.25,11.211726808361458
2017-05-08,24.576900000000023,10.228600000000029,-5.7509000000000015,1.410002846632949,0.6531854501326393,22.162388296765585,37.488702846632975,7.1609028466329505,30.327800000000025,6.609914120383621,-2.5625,102.5,1.942366187169878
2017-05-09,21.343650000000025,10.799400000000048,-4.75631999999996,2.019759706682237,1.1166367994961206,18.436966506178294,32.87604970668218,6.7760797066821965,26.099969999999985,9.073826967529556,-10.0,1145.875,1.9495437908022948
2017-05-10,22.33163000000002,11.088700000000017,-4.480079999999987,1.9290737185976923,0.8697477936886457,18.521831512286326,33.220863718597684,6.409153718597679,26.811710000000005,8.839860630148678,-10.0,1597.0,10.292129606027093
2017-05-11,23.016930000000002,11.195760000000007,-4.710899999999981,1.8626731610970069,0.6839342044353316,19.078677365532315,34.30140316109697,6.573573161096988,27.727829999999983,8.260650193015806,-6.1,244.0,5.6789164116039395
2017-05-12,22.85238000000004,11.664100000000019,-4.4135499999999865,1.9439883982374226,0.8740563965642991,18.41987479480173,33.623468398237435,6.357538398237409,27.265930000000026,8.604653246807914,-9.609375,384.375,6.2224109216783114
2017-05-13,25.50356000000005,11.75567000000001,-3.780679999999961,1.7031126312585343,0.7886264621238297,20.020309093382366,34.76803263125851,5.4837926312584955,29.28424000000001,7.915962112432055,-1.075,43.0,4.064474849915557
2017-05-14,23.417380000000037,11.695400000000006,-3.3488499999999704,2.065380198293383,1.3107724517521433,18.446982650045527,32.18046019829336,5.414230198293353,26.766230000000007,9.284633552024502,-10.0,1338.875,4.52240886455551
2017-05-15,23.437280000000044,12.12560000000002,-4.471559999999954,2.011917367239846,0.629530638614483,18.424688005854307,34.3923173672398,6.4834773672398,27.908839999999998,8.181564429321725,-10.0,585.0,9.76416492221543
2017-05-16,26.189570000000003,12.200980000000015,-3.690899999999999,1.726377923849327,0.9343697030105886,20.340237626859903,35.29774792384933,5.417277923849326,29.880470000000003,7.62575896389518,-1.08125,43.25,5.475355513189082
2017-05-17,25.04860000000002,11.935879999999997,-4.955420000000004,1.8946152415897473,1.0540688916919976,21.016824133281773,36.854055241589776,6.850035241589751,30.004020000000025,6.88100341661459,-10.0,672.5,10.130319345935387
2017-05-18,22.985500000000002,11.65360000000004,-3.7355699999999956,2.099327432427174,1.2935326875675628,18.460330119994694,32.55596743242717,5.834897432427169,26.721069999999997,9.118839589809625,-10.0,1531.75,4.731810974717038
2017-05-19,24.59567000000004,12.817560000000014,-5.2210399999999595,1.9541646556630212,0.6456440615825727,19.59895871724558,36.99191465566298,7.175204655662981,29.81671,6.827932397371228,-10.0,908.625,9.44906232425961
2017-05-20,25.212900000000047,11.097440000000006,-4.782099999999957,1.8452776263898727,1.1161638668046407,21.859001493194512,36.622377626389834,6.62737762638983,29.995000000000005,6.992396087513953,-10.0,880.0,1.6793213409458028
2017-05-21,24.20930000000004,11.504080000000044,-5.4361299999999915,1.7107208055221008,0.8371553817944459,20.689226187316535,36.792280805522125,7.146850805522092,29.645430000000033,6.960479820986961,-9.734375,389.375,7.846153376593552
2017-05-22,23.804160000000024,12.077600000000018,-4.538179999999954,2.165084109530369,0.7636682192091939,19.193492328739524,35.0456041095303,6.703264109530323,28.34233999999998,7.8241877867403105,-10.0,2179.5,9.088798234933776
2017-05-23,24.7432,11.810240000000022,-3.7799699999999916,1.8099514050830976,0.9532398652436882,19.476121270326757,34.11309140508308,5.589921405083089,28.523169999999993,8.268756058065435,-10.0,1053.25,2.698551915035212
2017-05-24,22.110250000000008,11.911600000000021,-4.216700000000003,2.087118649927959,1.0704733677105764,17.572942017638525,32.63076864992797,6.303818649927962,26.32695000000001,9.136214493436398,-10.0,1974.25,9.302281442866768
2017-05-25,24.712800000000016,11.55758000000003,-3.7932500000000005,1.7000599223533186,0.9729974306489453,19.62152735300225,33.999359922353335,5.493309922353319,28.506050000000016,8.333392277332791,-10.0,707.75,7.619225915940166
2017-05-26,22.394370000000038,11.727620000000002,-3.5620999999999867,2.11388665344748,1.177661481914015,17.520398135361518,31.63245665344749,5.675986653447467,25.956470000000024,9.6154686158456,-10.0,1161.5,12.924799400007359
2017-05-27,22.093600000000038,11.329430000000002,-3.495299999999986,2.1612934823418186,1.1131691858315094,17.53393266817335,31.24549348234183,5.656593482341805,25.588900000000024,9.824249515449424,-10.0,1505.75,7.2191989002813575
2017-05-28,22.059470000000033,11.940269999999998,-4.871919999999989,1.969564992956748,1.1437931478745895,18.10447814083136,33.77287499295676,6.841484992956737,26.93139000000002,8.578230283116511,-10.0,549.75,9.231428373875676
2017-05-29,23.802400000000034,12.048519999999996,-4.544600000000003,1.8049687748068663,0.4667658627644755,18.570214637571382,34.696568774806906,6.349568774806869,28.347000000000037,8.023635916168416,-2.7625,110.5,9.029135192250536
2017-05-30,23.08175,11.238240000000019,-4.905199999999979,1.8223069425938547,0.42404416270886713,18.995061105302682,34.71445694259381,6.727506942593834,27.98694999999998,8.053661049673849,-2.3125,92.5,5.523651354512904
2017-05-31,21.689840000000004,11.627949999999998,-1.983000000000004,2.041638923514313,0.5144882387126586,14.60101716222698,27.697478923514325,4.024638923514317,23.672840000000008,11.636099110367468,-3.625,145.0,6.7286752009646476
2017-06-01,22.25400000000002,11.686239999999998,-2.7361199999999712,2.0855379370646006,0.830058341884353,16.219476278948946,29.811777937064562,4.821657937064572,24.99011999999999,10.536861155083216,-3.709375,148.375,1.948432775122842
2017-06-02,22.078820000000007,12.360070000000007,-2.3954799999999636,2.148301709696966,1.0452812097635729,15.307812919460503,29.0180817096969,4.54378170969693,24.47429999999997,10.940038901574894,-7.1625,286.5,7.905260386197031
2017-06-03,21.340480000000014,11.874960000000044,-4.032999999999959,2.0430042986813532,0.851137873914297,16.39266217259558,31.449484298681284,6.076004298681312,25.373479999999972,9.785394393665626,-5.5875,223.5,15.073443684435986
2017-06-04,22.230340000000012,11.704340000000002,-3.608799999999974,1.8943816286708284,0.916008540123812,16.945190168794625,31.34232162867079,5.503181628670802,25.839139999999986,9.788574972185245,-10.0,461.5,5.916413480156958
2017-06-05,20.93282000000005,11.434050000000013,-3.747349999999983,2.0859719856429706,0.9449583216069186,16.277050307249908,30.513491985642986,5.833321985642954,24.680170000000032,10.280149921717168,-2.95625,118.25,10.608901788736297
2017-06-06,22.112300000000005,11.476950000000045,-4.480019999999968,2.0398035833664494,0.7832626720182247,17.9384362553846,33.11214358336639,6.519823583366417,26.592319999999972,8.899252544275498,-10.0,738.75,6.326630288763426
2017-06-07,18.44448,9.988,-4.47909999999996,1.9679878015916756,0.7268346317321743,15.630402433323809,29.370667801591594,6.4470878015916355,22.92357999999996,11.086272346058479,-8.334375,333.375,2.7651146392905224
2017-06-08,19.930930000000046,9.904230000000041,-4.088570000000004,1.9437173891311659,0.8711125278688314,16.930099917000007,30.05178738913122,6.03228738913117,24.01950000000005,10.606973981415933,-5.65625,226.25,4.9334569059144115
2017-06-09,19.689940000000036,10.507530000000031,-4.417879999999968,2.0688088997354726,0.9041516578903952,16.57325055762584,30.594508899735445,6.486688899735441,24.107820000000004,10.345212445675259,-10.0,808.25,10.476856769982088
2017-06-10,18.378840000000025,10.653700000000015,-3.3865699999999492,2.107315111339801,1.0522527700221644,14.271277881361925,27.259295111339725,5.49388511133975,21.765409999999974,12.133097419194542,-0.35625,14.25,7.041323521554737
2017-06-11,19.03920000000005,11.281120000000044,-3.2411299999999983,2.0303193079674884,0.912956522085949,13.942485830053442,27.551779307967536,5.271449307967487,22.28033000000005,11.930534552965355,-0.15625,6.25,3.279823588409891
2017-06-12,19.033299999999997,11.643330000000049,-3.053229999999985,2.1553289291692863,1.0124930198415427,13.611021949010762,27.295088929169253,5.208558929169271,22.086529999999982,12.045702188917573,-3.0,120.0,2.1159202750209403
2017-06-13,20.095270000000028,12.290220000000033,-2.6447199999999498,2.179220925285165,0.9453329122301852,13.574323837515294,27.563930925285092,4.823940925285115,22.739989999999977,11.813422308456325,-5.759375,230.375,0.5644536425402902
2017-06-14,22.275779999999997,11.712580000000003,-2.785439999999994,2.0232134089613396,0.895984552628704,16.267837961590033,29.869873408961325,4.808653408961334,25.06121999999999,10.51167795127185,-2.3625,94.5,1.1013754975603902
2017-06-15,20.97762,11.029870000000017,-3.4948499999999854,1.9984231532903323,0.9505635754818513,16.391586728772154,29.965743153290305,5.493273153290318,24.472469999999987,10.557915212529792,-5.0,200.0,3.8258236069154177
2017-06-16,19.08987000000002,10.34292000000005,-3.7696299999999496,2.1341233540166513,1.0574377182281296,15.7081410722447,28.76325335401657,5.903753354016601,22.85949999999997,11.308948374904446,-6.91875,276.75,6.087854561884845
2017-06-17,20.02075000000002,11.47810000000004,-3.123329999999953,2.0997884651528125,0.940554369694155,14.706322834846901,28.36719846515274,5.223118465152766,23.144079999999974,11.426055781289222,-3.08125,123.25,5.1158268046424995
2017-06-18,21.227660000000014,10.97616000000005,-2.359139999999968,1.9704697985848156,1.0078396006982757,15.588949399283024,27.916409798584766,4.329609798584784,23.586799999999982,11.566674979622746,-3.340625,133.625,6.251613252440951
2017-06-19,19.74526000000003,10.513329999999996,-4.61081999999999,2.0805317966112966,1.0826566336293695,17.00593843024069,31.047431796611306,6.691351796611286,24.35608000000002,10.112639848188337,-10.0,711.25,6.549624057579078
2017-06-20,19.64820000000003,9.863920000000007,-3.91116999999997,2.0811131493519497,0.9952175183890404,16.771780667740984,29.55165314935192,5.99228314935192,23.55937,10.86909742686521,-6.1125,244.5,3.630083104790537
2017-06-21,20.984700000000032,10.616750000000025,-4.512669999999957,1.8884351014509662,0.7561008118595396,17.52515591331047,31.898475101450913,6.4011051014509235,25.49736999999999,9.601148985115458,-4.20625,168.25,5.20063003771607
2017-06-22,20.492500000000007,10.354240000000004,-5.091700000000003,1.9671964418669177,0.8195676196940553,18.01672406156098,32.64309644186693,7.058896441866921,25.58420000000001,9.261344489950375,-4.9125,196.5,4.83532622734131
2017-06-23,20.71682000000004,11.098080000000039,-4.821699999999964,2.008205803015528,0.8561577036106769,17.304803506626172,32.3684258030155,6.829905803015492,25.538520000000005,9.377084671056593,-4.15,166.0,3.7882425854523367
2017-06-24,20.278099999999995,10.339380000000006,-4.736729999999966,1.9406748313737125,0.8407309315155089,17.456855762889177,31.69223483137364,6.6774048313736785,25.01482999999996,9.756937877487246,-1.2125,48.5,10.599036498328788
2017-06-25,20.234950000000026,10.672270000000026,-4.203959999999995,2.0286923120634697,0.6499530450304292,16.445285357093894,30.671562312063486,6.232652312063465,24.43891000000002,10.263207824638869,-2.0,80.0,9.073580890216205
2017-06-26,19.72067000000004,11.027950000000033,-4.285249999999962,2.0347224269415847,0.32875481803819184,15.341447244979747,30.32589242694155,6.319972426941547,24.005920000000003,10.48008892171805,-1.69375,67.75,7.6553148170113055
2017-06-27,18.277030000000025,10.265070000000037,-4.560000000000002,2.0309075865462773,0.30353103943690485,14.906398625983172,29.427937586546307,6.59090758654628,22.837030000000027,11.067657547977205,-3.1875,127.5,12.521997087825701
2017-06-28,20.069240000000036,10.084400000000016,-4.30911999999995,1.8997064338608993,0.6058524161665559,16.799518850027425,30.587186433860836,6.20882643386085,24.378359999999986,10.331640855183366,-0.75,30.0,7.557796750390293
2017-06-29,20.68246000000005,10.39022,-4.459879999999998,1.96445936586656,0.8633341597348476,17.579913525601455,31.566679365866605,6.424339365866558,25.142340000000047,9.784642365443972,-0.16875,6.75,7.313685629447696
2017-06-30,20.569060000000036,10.386380000000031,-3.705600000000004,1.9571190711500321,1.0378415334091073,16.88324060455915,29.937379071150076,5.662719071150036,24.27466000000004,10.609107367716888,-0.98125,39.25,5.811479587403745
2017-07-01,20.37014000000005,10.251500000000021,-4.602759999999989,1.9055057121990444,1.0653110688567722,17.692216781055834,31.481165712199072,6.508265712199034,24.97290000000004,9.857767942455723,-0.75,30.0,5.44532423526387
2017-07-02,21.44040000000001,11.33456000000001,-4.094339999999988,1.9582786717637646,0.7852750545390563,16.94373372630281,31.587358671763752,6.052618671763753,25.53474,9.715470865314956,-2.08125,83.25,5.2756845082894355
2017-07-03,19.407070000000033,10.753170000000011,-4.075169999999957,2.078930722248799,0.8446987302012303,15.652699452450008,29.636340722248747,6.1541007222487565,23.48223999999999,10.848109444573424,-3.075,123.0,9.695652702848598
2017-07-04,19.437550000000044,10.939540000000022,-4.770600000000002,1.9097245921176977,0.5502197959745558,15.728554388092277,30.888474592117745,6.6803245921176995,24.208150000000046,10.236691690822909,-0.05625,2.25,5.548636302349816
2017-07-05,20.50424000000004,10.0154,-3.8967700000000036,1.870287844237339,0.9601425086337372,17.21604035287112,30.168067844237385,5.767057844237343,24.401010000000042,10.506874198110495,-0.35,14.0,4.841930324089996
2017-07-06,18.930380000000014,10.372340000000008,-4.249239999999986,2.0551482170789086,1.0015670995798587,15.863995316658759,29.484008217078895,6.304388217078895,23.17962,10.971682910337506,-4.33125,173.25,5.383153289915699
2017-07-07,19.53152,9.98055000000005,-4.680399999999963,1.9773298059210447,0.6861966689500605,16.894896474871018,30.86964980592097,6.657729805921008,24.211919999999964,10.230922640284405,-3.125,125.0,5.552871823318651
2017-07-08,20.766840000000002,10.107259999999997,-4.431899999999985,2.0205964324550223,0.6551938271438189,17.76727025959883,31.651236432454994,6.452496432455007,25.198739999999987,9.730527280473325,-7.9125,316.5,4.273290280349409
2017-07-09,19.498500000000035,10.252650000000017,-4.076399999999978,1.9952088179063594,0.8219016244062232,16.13936044231258,29.64650881790635,6.071608817906338,23.574900000000014,10.84361957192283,-9.43125,377.25,11.443582182150132
2017-07-10,21.505550000000028,10.730070000000012,-3.7998999999999796,1.876583449702423,0.7224038307469414,17.17436728044936,30.98193344970241,5.676483449702403,25.305450000000008,10.020787392657894,-1.23125,49.25,8.529368757864548
2017-07-11,19.586880000000008,9.814480000000003,-3.8187599999999975,1.9624094596869668,1.114893283516551,16.66846274320352,29.18680945968697,5.781169459686964,23.405640000000005,11.068810310681386,-0.825,33.0,5.195899131774219
2017-07-12,20.00210000000004,9.94780000000003,-4.3557199999999625,1.956222619723178,0.3024065152682738,16.668649134991426,30.669762619723144,6.3119426197231405,24.357820000000004,10.290799788948107,-4.75625,190.25,4.808406975237219
2017-07-13,19.203940000000046,9.625200000000007,-4.5705299999999625,1.9174671914933583,0.7029140980214947,16.769651289514854,30.26246719149333,6.487997191493321,23.774470000000008,10.570409155509537,-4.5875,183.5,5.857366323933641
2017-07-14,18.315030000000036,9.866780000000006,-4.370599999999968,1.9734838635187657,0.7315711555572761,15.52390501907604,29.029713863518737,6.344083863518733,22.685630000000003,11.268742909941409,-3.25,130.0,3.4280301656184142
2017-07-15,18.153440000000046,10.077600000000018,-4.2798799999999915,1.9815167434773002,0.9103155422441773,15.247552285721497,28.69471674347733,6.261396743477292,22.433320000000037,11.452757894726915,-10.0,422.0,2.0806595295119767
2017-07-16,19.640700000000038,9.911100000000033,-5.279939999999954,1.8463836202421362,0.7539506931644269,17.60987431340652,32.04696362024208,7.12632362024209,24.92063999999999,9.644401869005662,-2.76875,110.75,5.80423818077626
2017-07-17,20.202230000000043,10.42434000000003,-4.31356999999997,1.9161706542885213,0.5555838231517214,16.563214477440226,30.745540654288504,6.229740654288491,24.515800000000013,10.239218907375516,-0.0125,0.5,6.360713602992497
2017-07-18,18.052639999999997,9.997770000000003,-4.145240000000001,1.9430088830365548,0.8747770536284065,15.017895936664956,28.286128883036554,6.088248883036556,22.197879999999998,11.671943170973691,-0.175,7.0,0.44518667601383816
2017-07-19,18.512500000000045,10.642200000000003,-2.4704999999999586,2.0237558636857784,0.9938534796137333,13.358409343299513,25.47725586368574,4.494255863685737,20.983000000000004,13.02020763727046,-0.03125,1.25,5.6760096735265835
2017-07-20,20.072720000000004,10.724850000000004,-2.4579200000000014,1.866581683836671,0.9172944050956744,14.589666088932347,26.855141683836678,4.324501683836672,22.530640000000005,12.200341760851302,-0.0,0.0,7.053832584234458
2017-07-21,19.928120000000035,10.490499999999997,-2.3285599999999818,2.0294172070184686,0.9905700188758146,14.786167225894303,26.614657207018467,4.35797720701845,22.256680000000017,12.317065816192212,-0.93125,37.25,10.284833130472524
2017-07-22,21.31220000000002,10.838700000000017,-2.965599999999995,2.0071191066741108,1.0319958372746783,16.478214943948785,29.25051910667412,4.972719106674106,24.277800000000013,10.890061435406494,-3.99375,159.75,4.652847987715679
2017-07-23,20.98995000000002,10.66458,-2.255619999999965,1.9915272258618302,0.9603146965672522,15.532831922429068,27.49271722586178,4.247147225861795,23.245569999999987,11.794204764336541,-3.175,127.0,5.383492249576696
2017-07-24,20.943700000000035,10.498300000000029,-3.508299999999963,1.9148534901420362,1.0717795085170678,16.940332998659073,29.875153490141997,5.423153490141999,24.451999999999998,10.613468547230298,-0.2125,8.5,4.905626408504813
2017-07-25,21.646230000000003,10.750050000000044,-3.9219399999999496,1.926845768481087,0.9362671476930586,17.681232916174054,31.41695576848099,5.8487857684810365,25.568169999999952,9.789170119496987,-2.08125,83.25,5.188124248291053
2017-07-26,20.641200000000026,10.912320000000022,-3.761799999999994,1.9557126295127887,0.8092971007987444,16.25568973031153,30.120512629512803,5.7175126295127825,24.40300000000002,10.5118619145004,-6.24375,249.75,5.558109488356073
2017-07-27,20.54928000000001,10.336270000000013,-4.096619999999973,1.9613735811033735,1.0698748853626512,17.340878466465995,30.70389358110333,6.0579935811033465,24.645899999999983,10.227029426127217,-2.1,84.0,2.490252127781822
2017-07-28,21.612570000000005,11.010950000000037,-4.731939999999952,1.9549976927088437,0.7200489080996704,18.008606600808434,33.03144769270875,6.686937692708796,26.344509999999957,8.981903908758795,-7.0,280.0,3.2312117844809918
2017-07-29,21.696560000000034,10.647600000000011,-4.270060000000001,1.9338612570458054,0.7087975103790427,17.96167876742487,32.17054125704584,6.203921257045806,25.966620000000034,9.408229686358993,-2.08125,83.25,4.330425397194326
2017-07-30,20.565269999999998,10.502900000000011,-4.412099999999953,2.001288671433258,0.8560963564099211,17.33185502784312,31.39075867143316,6.413388671433211,24.97736999999995,9.878588692421602,-10.0,431.25,6.4027838271588475
2017-07-31,22.27117000000004,10.86886000000004,-3.690529999999967,1.989549751345237,0.8777081213519864,17.96009787269719,31.64177975134521,5.680079751345204,25.961700000000008,9.628739207002411,-4.225,169.0,6.514343019779373
2017-08-01,23.21102000000002,11.240380000000016,-3.5961999999999534,1.8167166345868395,0.5367220420288277,17.920278676615624,32.220136634586765,5.412916634586793,26.807219999999973,9.293948327869884,-0.41875,16.75,3.9500292598383786
2017-08-02,21.617999999999995,10.693200000000047,-3.2398999999999774,1.9103299007056194,0.8186595112209147,16.89368941192646,30.00812990070557,5.150229900705597,24.857899999999972,10.496947206102277,-1.5,60.0,2.9787503551460133
2017-08-03,19.88094000000001,10.721900000000005,-3.827919999999949,2.0224044930888,0.9712298083154565,15.98059430140421,29.559184493088708,5.850324493088749,23.70885999999996,10.849698510106634,-2.4375,97.5,3.9000074409983685
2017-08-04,19.141099999999994,11.23520000000002,-3.403660000000002,2.105999107067703,0.8644730394026396,14.280032146470319,28.0544191070677,5.509659107067705,22.544759999999997,11.661740302175986,-0.61875,24.75,6.619067609334659
2017-08-05,21.01272,10.503530000000012,-3.546549999999968,1.9606773168481482,0.7364181728713675,16.752835489719473,30.066497316848086,5.507227316848116,24.55926999999997,10.508545359159939,-1.7875,71.5,9.879702098054484
2017-08-06,20.497280000000046,10.618620000000021,-3.7791799999999967,2.0606331723268454,0.9511789396038921,16.66965211193076,30.116273172326885,5.839813172326842,24.276460000000043,10.515222343889263,-8.14375,325.75,8.098294067714413
2017-08-07,20.676540000000045,10.702300000000037,-3.8550799999999867,1.996555660024626,0.9378357795752095,16.76371143959983,30.383255660024645,5.851635660024613,24.531620000000032,10.37396255832249,-0.93125,37.25,5.946545348338478
2017-08-08,21.57623000000001,10.728940000000023,-3.8036299999999983,1.8981827878514537,0.9417717706323856,17.490874558483824,31.08167278785146,5.701812787851452,25.379860000000008,9.964135591680531,-0.65,26.0,6.604187508918444
2017-08-09,20.38778000000002,10.294820000000016,-3.782199999999989,2.0097879419383275,0.8980784742947776,16.7830264162331,29.961967941938326,5.7919879419383165,24.16998000000001,10.606278639158234,-2.48125,99.25,5.304844001896705
2017-08-10,20.086150000000032,10.491240000000005,-3.35696999999999,1.968161019842512,0.9153861280022397,15.835427147844769,28.768251019842523,5.325131019842502,23.44312000000002,11.233284794096392,-1.725,69.0,5.789580329461852
2017-08-11,18.923850000000016,10.058250000000044,-4.401829999999961,2.0092040949885472,0.8905579891832645,16.167192084171745,29.736714094988486,6.4110340949885085,23.325679999999977,10.850981702547983,-4.6875,187.5,8.806693414026968
2017-08-12,19.88497000000001,10.495940000000019,-4.353459999999984,1.976713029428197,0.9508382826123807,16.670041312040553,30.568603029428175,6.330173029428181,24.238429999999994,10.34902219371179,-10.0,492.75,10.243868471357988
2017-08-13,19.152430000000038,10.73320000000001,-5.73837999999995,1.8731925231166429,0.8291549278782782,16.859957450994898,32.50238252311658,7.6115725231165925,24.890809999999988,9.459734779501844,-0.29375,11.75,12.981344835171896
2017-08-14,21.590720000000033,8.990170000000035,-4.056949999999972,1.6044905759865173,0.986839469959591,19.24883004594608,31.309110575986494,5.661440575986489,25.647670000000005,9.87133337422722,-0.075,3.0,8.361688479515747
2017-08-15,20.540830000000028,9.465840000000014,-4.739299999999957,2.0490522668320637,1.0597960245924583,18.923138291424493,32.06848226683201,6.788352266832021,25.280129999999986,9.53699147301171,-10.0,744.0,9.421413992861707
2017-08-16,20.229700000000037,9.87393000000003,-4.706799999999987,2.035458902697826,1.0188553840802683,18.116884286778088,31.678758902697837,6.742258902697813,24.936500000000024,9.759430030552835,-10.0,939.0,9.866816520494424
2017-08-17,20.19512000000003,10.002300000000048,-4.324379999999962,1.960065717706584,1.160390725881598,17.637656443588128,30.80394571770654,6.2844457177065465,24.519499999999994,10.206753156840534,-4.76875,190.75,5.73934061318874
2017-08-18,19.45458000000002,10.483540000000005,-4.81207999999998,2.0375973446939497,0.881008741714993,16.70172608640894,31.11633734469393,6.84967734469393,24.26666,10.108100857187424,-9.2,368.0,1.8944378085463762
2017-08-19,17.74255000000005,10.221519999999998,-3.416719999999998,2.1245353245817,0.9133878504137556,13.975673174995507,26.700525324581747,5.541255324581698,21.15927000000005,12.477555472154847,-5.15625,206.25,3.691441861054777
2017-08-20,17.966940000000022,10.273500000000013,-3.0575999999999794,2.0616674771879957,0.8377041437005914,13.650411620888576,26.143807477187977,5.119267477187975,21.024540000000002,12.738824745608781,-3.35625,134.25,2.4729653342420326
2017-08-21,19.987150000000042,10.481300000000033,-3.5998599999999783,2.0211691248820784,1.1040806804506929,16.23095980533276,29.208039124882077,5.621029124882057,23.58701000000002,11.016452513603156,-2.5125,100.5,3.2722728670610337
2017-08-22,19.37936000000002,10.327020000000005,-4.04702999999995,1.9851087123721527,0.9845302456744207,16.06900895804654,29.458528712372072,6.032138712372102,23.42638999999997,10.949053379123654,-1.61875,64.75,10.299724019587917
2017-08-23,20.122670000000028,10.85730000000001,-4.128819999999962,2.0033716530345487,0.9366939164650603,16.33425556949959,30.3836816530345,6.132191653034511,24.25148999999999,10.419116088684518,-9.9,396.0,8.469774182379233
2017-08-24,18.917570000000012,10.462600000000009,-4.377899999999954,2.056696878689138,0.9204993758463047,15.8100662545354,29.73006687868906,6.434596878689092,23.295469999999966,10.849630759673289,-7.3,292.0,6.506028272456245
2017-08-25,19.27030000000002,10.61868000000004,-4.01742999999999,2.0737520184878804,0.8044648694040006,15.547266887891851,29.37891201848788,6.091182018487871,23.28773000000001,10.990648381859671,-3.68125,147.25,2.929692332551149
2017-08-26,19.69512000000003,11.218680000000006,-3.3857799999999543,2.112646132825205,0.9743536590493704,14.949219791874555,28.579326132825145,5.498426132825159,23.080899999999986,11.347927749307757,-2.125,85.0,7.586552568275345
2017-08-27,18.59960000000001,10.549250000000029,-3.2126799999999776,2.130178422589381,0.8913723526295598,14.284580775218899,27.155138422589346,5.342858422589359,21.812279999999987,12.161014047754065,-3.9625,158.5,6.508546181649924
2017-08-28,18.76400000000001,10.398200000000031,-2.9104999999999563,2.135715210736521,1.1289038507941882,14.540919061530644,26.720715210736444,5.046215210736477,21.674499999999966,12.361610563786655,-5.625,225.0,9.804195965779522
2017-08-29,18.591330000000028,11.04803000000004,-2.502899999999954,2.1025709908845442,0.889049453950804,13.03782044483529,25.69970099088448,4.605470990884498,21.094229999999982,12.892617926618755,-0.95,38.0,9.478260896483455
2017-08-30,20.7543,11.134670000000028,-2.929899999999975,2.0507597122300467,0.9206925965320352,15.52098230876203,28.664859712229998,4.980659712230022,23.684199999999976,11.22201732499218,-8.45,338.0,3.5960027600357574
2017-08-31,21.377040000000022,10.947080000000028,-3.882669999999962,1.9122713939524942,0.723335070312487,16.948236464264937,31.05465139395244,5.794941393952456,25.259709999999984,9.990458575732532,-0.625,25.0,5.617276312892316
2017-09-01,20.83193,10.815400000000011,-3.3880399999999895,1.9186534595289686,0.8179699607617295,16.141193420290676,29.526663459528947,5.306693459528958,24.21996999999999,10.795978979365657,-0.4875,19.5,6.693624711562524
2017-09-02,20.15515000000005,10.631680000000017,-4.08439999999996,2.018339508758743,1.1135877733066764,16.73979728206541,30.34228950875871,6.102739508758702,24.23955000000001,10.435631864547588,-10.0,913.25,8.045345362718018
2017-09-03,20.541470000000004,10.068020000000047,-3.7950799999999845,2.0363339088967223,0.9314516526836769,17.23631556158034,30.167963908896695,5.831413908896707,24.33654999999999,10.488450187025819,-10.0,997.0,4.134839873372659
2017-09-04,21.495400000000018,11.043020000000013,-2.8546499999999924,1.9894443890070193,0.6886710731458265,15.985145462152843,29.194144389007022,4.844094389007012,24.35005000000001,10.90540428422139,-3.0125,120.5,6.882778106769292
2017-09-05,20.645100000000014,11.106400000000008,-3.403539999999964,2.1655392039048706,0.8893082190026007,15.997087422907441,29.617719203904812,5.569079203904835,24.048639999999978,10.742917496531618,-10.0,913.0,10.883881565915283
2017-09-06,19.718200000000024,10.784940000000006,-3.1141700000000014,2.227139243217664,0.9981767015368064,15.27274594475449,28.17367924321769,5.341309243217665,22.832370000000026,11.536744243813473,-10.0,861.0,7.5655106904719664
2017-09-07,19.233540000000005,10.49185,-3.2741999999999507,2.1760603298499177,1.006306732705525,15.198257062555399,27.958000329849824,5.450260329849868,22.507739999999956,11.693969236009991,-10.0,775.25,6.390916733490136
2017-09-08,20.673519999999996,10.42953,-3.1961000000000013,2.188646057913161,0.945138784883909,16.573874842797068,29.25436605791316,5.384746057913162,23.869619999999998,10.920154011064028,-10.0,1036.25,7.469683799241643
2017-09-09,19.87850000000003,10.466499999999996,-3.8378399999999715,2.090676851394676,1.0230121456802976,16.36352899707498,29.64485685139465,5.928516851394647,23.716340000000002,10.800833556627765,-6.63125,265.25,14.708575124309714
2017-09-10,19.92380000000003,11.059470000000033,-2.13919999999996,2.1783528413285467,1.0803461249025759,14.262228966231078,26.380552841328495,4.3175528413285065,22.062999999999988,12.420488173650256,-10.0,597.75,9.988680368530904
2017-09-11,20.426199999999994,11.212730000000022,-3.133699999999976,2.0786886758262995,1.1759282154442872,15.601786891270535,28.772288675826246,5.212388675826276,23.55989999999997,11.191693221999913,-7.79375,311.75,5.091170917461425
2017-09-12,21.229030000000023,11.67846000000003,-3.9732999999999947,2.1631264782249104,0.9252270408252912,16.61222351905019,31.338756478224923,6.136426478224905,25.202330000000018,9.837999119895642,-10.0,987.0,6.29437820581034
2017-09-13,21.399260000000027,11.756860000000017,-4.241799999999955,1.9937560896674427,0.43285775904416823,16.310813848711575,31.87661608966738,6.235556089667398,25.64105999999998,9.57134713905657,-1.3875,55.5,4.674093629976886
2017-09-14,20.41470000000004,10.327539999999999,-4.507479999999987,2.003285973332254,0.854516144914669,17.45244211824695,31.432945973332266,6.510765973332241,24.922180000000026,9.868921780341338,-10.0,836.0,8.646217847788146
2017-09-15,19.87396000000001,10.997400000000027,-4.516999999999996,2.024771822849175,0.8591637656101057,16.27749558845926,30.932731822849178,6.541771822849171,24.390960000000007,10.163372787708283,-4.89375,195.75,7.153584400023083
2017-09-16,18.30233000000004,10.495750000000044,-3.9312999999999647,2.081030108927564,1.069419222825843,14.888329331753368,28.245960108927534,6.012330108927529,22.233630000000005,11.650724872426622,-4.08125,163.25,10.143970998026836
2017-09-17,17.356899999999996,9.07238000000001,-4.9466299999999706,1.9265744405336704,0.7958064904468642,15.953530930980492,29.176734440533608,6.873204440533641,22.303529999999967,11.304138097347504,-0.94375,37.75,9.609203955453875
2017-09-18,18.017660000000035,9.473350000000039,-4.814059999999984,1.9670960552851398,0.8347792745144034,16.160245329799523,29.61287605528514,6.781156055285123,22.83172000000002,11.009710691077146,-0.50625,20.25,4.793775626025253
2017-09-19,19.377769999999998,9.842070000000035,-3.8217799999999897,1.8882582370792989,0.696604261855839,15.94234249893509,28.909588237079276,5.710038237079289,23.199549999999988,11.233659397819906,-0.05,2.0,7.366595428588997
2017-09-20,19.906200000000013,10.567000000000007,-1.6217399999999884,1.740869864278352,-0.3369436738412901,12.364866190437056,24.89054986427834,3.3626098642783404,21.52794,13.208668543078318,-0.2625,10.5,7.24346173171268
2017-09-21,18.725760000000037,9.909080000000017,-2.7153999999999883,1.9436004452791167,1.0382448923959942,14.513925337675118,26.10016044527913,4.659000445279105,21.441160000000025,12.695262600898786,-1.68125,67.25,10.964986495846814
2017-09-22,20.111230000000035,9.733120000000042,-2.8253199999999765,1.6698121615277728,0.5657207006217959,15.438962862149538,27.43168216152776,4.495132161527749,22.93655000000001,11.925341433400945,-0.0,0.0,5.405170028658068
2017-09-23,21.48058000000003,10.483120000000042,-3.758299999999963,1.6387524310042068,0.5415147671846512,16.93602719818881,30.635932431004164,5.39705243100417,25.238879999999995,10.214305160674826,-0.0,0.0,6.488054841873611
2017-09-24,20.102700000000027,9.901940000000025,-4.6349199999999655,2.0966281536951783,0.9155595824457237,17.84786773614087,31.469168153695136,6.731548153695144,24.737619999999993,9.868833018318242,-10.0,1120.375,6.039190497072298
2017-09-25,19.097200000000043,10.310450000000003,-4.642949999999985,1.935622733875391,0.880372956119345,16.24569568999476,30.318722733875404,6.578572733875376,23.74015000000003,10.551156304626772,-0.925,37.0,9.11853462384166
2017-09-26,19.81066000000004,10.34164000000004,-3.2907500000000027,2.1739290533431586,0.8779014171802828,15.811600470523445,28.566089053343205,5.464679053343161,23.101410000000044,11.338188573388436,-10.0,824.0,0.5972346235494472
2017-09-27,18.490750000000048,10.362570000000005,-4.041659999999979,2.1544359771321524,0.9992911795995383,15.323567156731713,28.72850597713216,6.196095977132131,22.532410000000027,11.381780105259338,-10.0,528.625,3.731342006191668
2017-09-28,18.526800000000037,10.24493000000001,-3.8483999999999696,2.050790412335175,0.9366289228854612,15.117689335220632,28.27439041233515,5.899190412335145,22.375200000000007,11.617271920195947,-7.2,288.0,5.376143196825119
2017-09-29,18.697720000000004,11.967740000000049,-3.12894,2.0830153458142604,0.7401626894700257,12.682098035284241,27.038615345814264,5.2119553458142605,21.826660000000004,12.214840374038715,-0.05625,2.25,2.9351420256811025
2017-09-30,19.134900000000016,11.533530000000042,-3.035069999999962,2.104334612064349,0.9497268637772436,13.690501475841529,27.30937461206429,5.139404612064311,22.169969999999978,12.035011746327257,-5.74375,229.75,3.964173585517193
2017-10-01,19.04406,10.940940000000012,-4.199619999999982,2.147911651095228,1.0912887339567874,15.541940385051987,29.591211651095193,6.34753165109521,23.243679999999983,10.8975287598372,-10.0,463.125,6.716770593971056
2017-10-02,19.26568000000003,11.182520000000011,-3.256399999999985,2.0894448303068884,0.7879725582431547,14.216977388550049,27.86792483030689,5.3458448303068735,22.522080000000017,11.74501277314232,-2.590625,103.625,1.4276097683429074
2017-10-03,20.381650000000036,10.553860000000043,-4.1075799999999845,2.0396357342405054,1.0446941639708598,17.019699898211343,30.63644573424051,6.14721573424049,24.48923000000002,10.26698874640283,-10.0,921.5,5.830429313128633
2017-10-04,20.238640000000032,9.890000000000043,-4.277139999999974,2.0341484656975126,1.0981504122793808,17.758078877976857,30.827068465697494,6.311288465697487,24.515780000000007,10.184630949413133,-7.05,282.0,5.900027338030842
2017-10-05,18.72842000000003,10.781820000000039,-3.7381999999999493,2.148536158457148,0.8355189234271734,14.66885508188426,28.353356158457075,5.886736158457097,22.466619999999978,11.547409344639277,-10.0,523.0,1.8717861687631656
2017-10-06,19.395780000000002,10.463950000000011,-3.452799999999968,2.198289087089904,0.9024389357740574,15.48535802286392,28.499669087089842,5.651089087089872,22.84857999999997,11.40576948992475,-10.0,712.75,6.6483573604468
2017-10-07,20.31020000000001,10.821300000000008,-2.8023399999999583,2.1017368665872027,1.1237209275476516,15.516697794134814,28.01661686658713,4.904076866587161,23.112539999999967,11.577422833521325,-8.315625,332.625,3.7071514194546453
2017-10-08,21.07247000000001,11.151030000000048,-2.02109999999999,2.0324666169038323,0.9985781305604746,14.973584747464258,27.147136616903822,4.053566616903822,23.09357,11.957245703821798,-10.0,611.625,5.299754232237129
2017-10-09,20.904300000000035,11.39205000000004,-2.7844599999999673,2.051440494632118,1.0727696764053576,15.420920171037437,28.524660494632087,4.835900494632085,23.688760000000002,11.279878182473226,-7.19375,287.75,8.27485072923291
2017-10-10,21.240530000000035,11.135500000000036,-3.9476699999999596,1.9744010525017188,0.9176248335293735,16.94472588603105,31.110271052501673,5.922071052501678,25.188199999999995,9.968427525243158,-4.91875,196.75,3.70139931804577
2017-10-11,20.395560000000046,10.745050000000049,-3.999369999999999,2.076059662275725,0.8124059334749063,16.538345595750627,30.47035966227577,6.075429662275724,24.394930000000045,10.345574174050284,-10.0,737.5,8.309456095960387
2017-10-12,20.2158,10.251300000000015,-4.105599999999981,1.930506037821317,0.8275907642174616,16.828196802038747,30.35750603782128,6.036106037821298,24.321399999999983,10.430770015568555,-5.5875,223.5,8.125471742270324
2017-10-13,19.771630000000016,10.290459999999996,-3.9532499999999686,2.026453583249179,0.9372778332524945,16.398151416501662,29.704583583249132,5.979703583249147,23.724879999999985,10.786854571426261,-7.58125,303.25,9.84758623420913
2017-10-14,19.17470000000003,10.83483000000001,-3.567099999999982,2.1318954198886786,0.8239908426165243,14.862856262505204,28.440795419888673,5.698995419888661,22.741800000000012,11.462695333911597,-10.0,544.75,12.94823777771244
2017-10-15,18.405850000000044,10.323630000000037,-3.9470000000000027,1.9651412176935423,1.0503293063868568,15.044690524080409,28.26499121769359,5.912141217693545,22.352850000000046,11.643225468871321,-3.59375,143.75,14.291671987328156
2017-10-16,18.35476,9.863150000000019,-4.881799999999998,2.006060139394208,1.0175210565839734,16.39699119597816,30.124420139394203,6.887860139394206,23.236559999999997,10.71387105763796,-5.5,220.0,9.58315058895403
2017-10-17,19.84396000000004,9.203580000000045,-4.311069999999972,1.8485076634480606,0.14920479574402634,16.949162459192053,30.314607663448044,6.159577663448033,24.15503000000001,10.492191027837634,-6.8375,273.5,9.678777547135995
2017-10-18,20.18190000000004,9.211940000000027,-4.08869999999996,1.7333817321334664,0.62972448346909,17.42176621560253,30.09268173213343,5.822081732133427,24.2706,10.583231477603647,-0.81875,32.75,8.611231391207538
2017-10-19,20.673500000000047,10.12954000000002,-4.124519999999961,1.5633776697616213,0.29514760166659926,16.52700527142821,30.48591766976159,5.687897669761583,24.798020000000008,10.359246892556541,-0.0,0.0,3.5089329972804273
2017-10-20,20.51504,9.885400000000004,-1.7753699999999526,1.725206845852881,0.3433615275583861,14.473578373411215,25.790986845852785,3.5005768458528337,22.29040999999995,12.706808154007376,-0.08125,3.25,4.526898552288227
2017-10-21,20.363400000000013,9.389400000000023,-2.55786999999998,1.800370908381126,0.8469354991216278,16.179176407502723,27.2795109083811,4.358240908381106,22.921269999999993,11.968940112601274,-0.69375,27.75,2.4595889086808898
2017-10-22,20.886070000000018,11.044100000000014,-2.7401799999999525,1.5297359920295435,-0.3412401746904834,13.770645817339016,27.896165992029466,4.269915992029496,23.62624999999997,11.638925073253574,-0.0,0.0,0.7924265146646029
2017-10-23,20.29940000000005,10.891300000000001,-3.7534499999999866,1.026742645949696,-0.006620820215800904,14.181671825733929,28.833042645949718,4.780192645949683,24.052850000000035,11.256844658444493,-0.0,0.0,8.3221091957956
2017-10-24,21.58970000000005,9.743650000000002,-3.690470000000005,1.3635252636283326,-0.49640546442509503,16.40363979920329,30.334165263628392,5.053995263628337,25.280170000000055,10.376335319116663,-0.0,0.0,6.322374801734841
2017-10-25,20.393500000000017,10.04140000000001,-3.5157499999999686,1.7812033352232106,0.37062495850790356,16.01967829373109,29.206203335223165,5.296953335223179,23.909249999999986,11.004825919963025,-1.8375,73.5,4.84234254313354
2017-10-26,18.647760000000005,9.428520000000049,-4.558749999999975,1.7731068067047886,0.8164738929676787,16.3675706996724,29.538366806704744,6.331856806704764,23.20650999999998,11.001121583615543,-0.0,0.0,2.6296987212891754
2017-10-27,19.730980000000045,9.009420000000034,-5.337259999999958,1.7118520027203772,0.9851652774813715,18.755837280201717,32.11735200272034,7.049112002720335,25.068240000000003,9.613507961722632,-4.225,169.0,7.29659773723066
2017-10-28,19.228499999999997,9.009500000000003,-4.846379999999954,1.341356247586532,0.8400367776905568,17.246773025277037,30.262616247586436,6.187736247586486,24.07487999999995,10.619679120184685,-0.0,0.0,7.4065281294186915
2017-10-29,19.40650000000005,8.191640000000007,-4.6162499999999795,1.5576808177469843,0.8249633254743571,18.213754143221365,30.196680817746994,6.173930817746964,24.02275000000003,10.616995624853757,-0.0375,1.5,9.09259008829241
2017-10-30,17.57424000000003,8.336569999999995,-4.547519999999963,1.7782454926221476,0.945392810491569,16.508828303113717,28.447525492622106,6.325765492622111,22.121759999999995,11.659780975198885,-0.0,0.0,10.364855621096421
2017-10-31,16.347500000000025,9.714380000000006,-4.885999999999967,1.692143072131671,0.7055230040801916,13.91678607621185,27.81164307213163,6.578143072131638,21.233499999999992,12.132019946081243,-0.03125,1.25,4.536482876022809
2017-11-01,16.80093000000005,9.255269999999996,-4.889439999999979,1.7358749371419435,0.9632561541497466,15.134231091291724,28.315684937141953,6.625314937141923,21.69037000000003,11.82035973513024,-1.421875,56.875,7.924992814874271
2017-11-02,18.040639999999996,9.29534000000001,-4.8520599999999945,1.5660489592586941,0.9034293131517188,16.066838272410394,29.31080895925868,6.418108959258689,22.89269999999999,11.19924759574775,-0.08125,3.25,6.296312090835194
2017-11-03,18.430080000000032,9.231700000000046,-3.81635,1.7296084281372828,0.4325622556002031,15.176900683737472,27.792388428137315,5.545958428137283,22.246430000000032,11.901050737546768,-0.2,8.0,2.2581768693410758
2017-11-04,16.33390000000003,9.169430000000034,-4.444770000000005,1.863442729219571,1.0460036626037095,14.51868639182328,27.08688272921961,6.308212729219576,20.778670000000034,12.476654181372396,-0.459375,18.375,7.343085478075026
2017-11-05,17.64530000000002,9.238060000000019,-5.141059999999982,1.9753920809487227,0.8965488317912786,16.420240912739985,29.902812080948706,7.116452080948704,22.786360000000002,10.903656041149304,-1.30625,52.25,4.407561472546343
2017-11-06,17.49526000000003,8.923100000000034,-5.488679999999988,1.762239034667516,0.9984086443337787,16.82148767900128,30.234859034667522,7.250919034667504,22.98394000000002,10.77705036274574,-3.63125,145.25,5.662256913420889
2017-11-07,17.497280000000046,8.519860000000051,-5.497699999999952,1.926670019736207,0.9067329163044064,17.30852293604056,30.419350019736157,7.424370019736159,22.994979999999998,10.667336114354327,-5.4375,217.5,2.9040803506333943
2017-11-08,18.414000000000044,8.806939999999997,-4.788430000000005,1.7117648261349245,0.36755636104874156,16.474811187183718,29.70262482613498,6.50019482613493,23.20243000000005,10.949343600803275,-0.071875,2.875,1.183994387029508
2017-11-09,18.782430000000033,10.460000000000036,-5.096559999999954,1.3656634925193885,-1.8994172125828186,12.885236279936521,30.34121349251933,6.4622234925193425,23.878989999999988,10.623604185654244,-0.0,0.0,4.018402422855512
2017-11-10,19.082670000000007,9.93470000000002,-4.9817299999999705,1.3747565535517765,0.25398959706365076,15.758446150615384,30.420886553551725,6.356486553551747,24.064399999999978,10.55282733174181,-0.090625,3.625,2.216165431213153
2017-11-11,18.029440000000022,10.67840000000001,-4.376869999999997,1.604913287547845,-1.6076899415670596,11.725133345980794,28.38809328754786,5.981783287547842,22.40631000000002,11.657879314363242,-0.0,0.0,3.6964924820101297
2017-11-12,18.89037000000002,10.239300000000014,-4.04061999999999,1.5328284456935535,0.38798059856219425,14.612499044255742,28.504438445693552,5.573448445693543,22.93099000000001,11.515980765029724,-0.0,0.0,4.003341363463516
2017-11-13,20.586400000000026,8.547200000000032,-4.402469999999994,1.6014376756469915,0.61944599106954,18.66255366671652,30.992777675647005,6.003907675646985,24.98887000000002,10.109567461224174,-0.9375,37.5,8.490935383115184
2017-11-14,18.69592,9.553800000000024,-3.86039999999997,1.8647937485473562,1.0495346408728778,15.916848389420181,28.281513748547297,5.725193748547326,22.55631999999997,11.615252387523583,-0.43125,17.25,8.091032437569377
2017-11-15,19.254020000000025,9.72048000000001,-3.6425499999999715,1.8591416760961579,0.7132859374165719,15.748517613512718,28.398261676096126,5.501691676096129,22.896569999999997,11.503319179910875,-0.434375,17.375,5.510756274322632
2017-11-16,19.631700000000023,9.51660000000004,-4.207560000000001,1.803700350120721,0.7247079467312574,16.851068296851963,29.850520350120746,6.011260350120722,23.839260000000024,10.747200936730394,-0.0125,0.5,4.547413883403833
2017-11-17,19.54388,9.386900000000026,-3.4134300000000053,1.8239416280805472,0.636003963713506,16.030355591794034,28.19468162808056,5.2373716280805525,22.957310000000007,11.581841723284072,-0.765625,30.625,9.763342985220673
2017-11-18,19.997160000000008,9.59268000000003,-4.85409999999996,1.7923939215061182,0.6297690802500711,17.680743001756127,31.497753921506046,6.646493921506078,24.851259999999968,9.89234636533132,-0.06875,2.75,5.941688099740348
2017-11-19,20.110860000000002,9.372520000000009,-5.318879999999979,1.8611827082143009,0.5654257369670859,18.48382844518136,32.60980270821426,7.18006270821428,25.42973999999998,9.320080110940012,-1.75625,70.25,6.733335771332183
2017-11-20,20.35558000000003,9.87220000000002,-5.475930000000005,1.8066068793832528,0.6357389685049952,18.401655847888264,33.114046879383295,7.282536879383258,25.831510000000037,9.051744286809821,-0.18125,7.25,3.3503252922854774
2017-11-21,19.76830000000001,9.7774,-5.148139999999955,1.83330204187331,0.4614471120183339,17.43378915389161,31.89788204187323,6.981442041873265,24.916439999999966,9.708444681756589,-0.675,27.0,2.3466494979063226
2017-11-22,19.984800000000007,9.937040000000025,-5.110079999999982,1.6914199671848564,0.1280961035378141,16.977356070722635,31.896379967184828,6.801499967184839,25.09487999999999,9.702712461315514,-0.0,0.0,3.924266556785441
2017-11-23,20.756680000000017,7.5932300000000055,-5.104159999999979,1.4520697159080669,0.47713694969672815,20.196816665604786,32.41706971590804,6.556229715908046,25.860839999999996,9.395172909561666,-0.35625,14.25,3.5200999550240706
2017-11-24,21.346580000000017,7.687620000000038,-4.547519999999963,1.384120271244285,0.6178147868952806,20.208415058139508,31.82574027124423,5.931640271244248,25.89409999999998,9.647373754699515,-0.01875,0.75,8.565231801044455
2017-11-25,19.441300000000012,11.725369999999998,-4.430729999999983,1.5024857591544105,-2.6923809135016654,10.956764845652742,29.80524575915439,5.933215759154393,23.872029999999995,10.814532230899829,-0.025,1.0,11.356624179289101
2017-11-26,17.824100000000044,10.00033000000002,-5.153660000000002,1.8826509121489607,0.6983116181420996,15.558392530291087,30.01407091214901,7.036310912148963,22.977760000000046,10.838743004963987,-0.25,10.0,8.15312275733422
2017-11-27,18.10160000000002,9.9692,-4.742379999999969,1.910547662037004,0.11949120393342127,14.904818865970412,29.49690766203696,6.652927662036973,22.843979999999988,11.06461132902865,-0.0,0.0,6.882325504097074
2017-11-28,20.186360000000036,11.284750000000031,-4.3754599999999755,1.425305101028755,-3.6158014789761523,11.086573622052583,30.362585101028742,5.80076510102873,24.56182000000001,10.47368787723616,-0.0,0.0,9.245096307814112
2017-11-29,18.502340000000004,10.207100000000025,-4.424229999999966,1.6195196832617285,0.5659891044137453,14.904978787675418,28.970319683261664,6.043749683261694,22.92656999999997,11.314956346119345,-0.0375,1.5,5.191532593479304
2017-11-30,17.080399999999997,9.966060000000027,-3.1894999999999527,2.020309960551117,0.9883870876035417,13.312537048154581,25.47970996055102,5.20980996055107,20.26989999999995,13.173507566415083,-0.371875,14.875,1.621132949667004
2017-12-01,16.030970000000025,9.629000000000019,-3.610500000000002,1.9135522364543363,1.0501843836330522,12.976206620087396,25.165522236454365,5.524052236454338,19.641470000000027,13.468889087581545,-0.446875,17.875,7.312117521636559
2017-12-02,15.402150000000006,9.603850000000023,-5.202249999999992,1.6497169771908489,0.9066295806428002,13.556896557833625,27.45636697719084,6.851966977190841,20.6044,12.435325036656764,-0.009375,0.375,6.525170645198887
2017-12-03,17.447720000000004,9.79086000000001,-4.938969999999983,1.8489820801372048,0.4754072465956938,14.920219326732877,29.174642080137176,6.787952080137188,22.386689999999987,11.303717572266635,-0.25625,10.25,3.8704964634953805
2017-12-04,18.404840000000036,9.144040000000018,-4.939699999999959,1.7847102014666802,0.5848290248295598,16.570039226296217,30.068950201466635,6.72441020146664,23.344539999999995,10.760147556712013,-0.18125,7.25,1.8839404891061517
2017-12-05,18.928500000000042,9.189400000000035,-4.230169999999987,1.733419223534952,0.1569173900578562,15.859606613592803,29.122259223534968,5.963589223534939,23.15867000000003,11.185403580077946,-1.128125,45.125,6.399659428569213
2017-12-06,19.69222000000002,10.377769999999998,-5.366499999999974,1.6490336276650623,-0.24548219130878124,16.084501436356277,32.07425362766503,7.015533627665036,25.058719999999994,9.644232392495724,-0.1875,7.5,5.0289362243597795
2017-12-07,19.938620000000014,10.05734000000001,-3.896829999999966,1.4594647859414636,-1.5534798923514472,13.684094893589986,29.19174478594141,5.356294785941429,23.83544999999998,11.078443433484551,-0.0,0.0,1.937532015580642
2017-12-08,21.087900000000047,9.773979999999995,-2.900980000000004,0.6364063745729709,-2.8673927515607147,11.983913623012313,27.526266374573026,3.537386374572975,23.98888000000005,11.862625799093337,-0.0,0.0,3.7909509105245927
2017-12-09,20.601740000000007,9.018700000000024,-3.253879999999981,1.191518761597365,-1.1028787502132786,14.92556001138405,28.301018761597334,4.445398761597346,23.855619999999988,11.484425307348545,-0.0,0.0,3.722182246802566
2017-12-10,20.036220000000014,7.80740000000003,-3.316599999999994,1.2369969731277024,-0.2595625970383253,16.522854376089356,27.906416973127705,4.553596973127696,23.35282000000001,11.729384148731413,-0.084375,3.375,6.693454544442856
2017-12-11,20.946650000000034,7.461500000000001,-4.2126799999999776,1.2533892015973152,0.4192271551103204,19.370446356707646,30.625399201597304,5.466069201597293,25.15933000000001,10.289410734551325,-0.009375,0.375,4.847144197196928
2017-12-12,19.184169999999995,8.41760000000005,-5.091899999999953,1.720150153853524,0.7750614444985331,18.353681598351955,31.088120153853424,6.812050153853477,24.276069999999947,10.178639323783557,-0.128125,5.125,3.5081003219776665
2017-12-13,18.525350000000003,8.91488000000004,-6.04989999999998,1.781996452957344,0.581973098016249,18.024339550973536,32.407146452957306,7.831896452957324,24.575249999999983,9.578485313393287,-0.10625,4.25,8.091854878794663
2017-12-14,20.47598000000005,8.183130000000006,-6.6118999999999915,1.27950066776134,0.3385076086378831,20.52275827639926,34.97928066776137,7.8914006677613315,27.08788000000004,8.1508034824476,-0.046875,1.875,7.743682144203343
2017-12-15,19.63503000000003,9.855250000000012,-5.750999999999976,1.2881117807572764,-0.3912148063876657,16.427676974369604,32.42514178075726,7.039111780757253,25.386030000000005,9.503239308547734,-0.0,0.0,3.734281052898018
2017-12-16,18.067830000000015,9.974630000000047,-5.078829999999982,1.3610844616503641,-0.4614994279930329,14.071615033657281,29.586574461650343,6.439914461650346,23.146659999999997,11.07723340994454,-0.0,0.0,5.029042912616059
2017-12-17,17.250879999999995,10.152900000000045,-5.820499999999981,1.0961759850255817,-1.1452955184965958,12.869360466528917,29.98805598502554,6.916675985025563,23.071379999999976,10.993592809506197,-0.0,0.0,8.035973963911886
2017-12-18,17.576620000000048,11.30734000000001,-5.644499999999994,1.1232778048216687,-3.117265757285111,9.919792047536589,29.988897804821704,6.767777804821662,23.22112000000004,10.952722870839523,-0.0,0.0,8.360718231865608
2017-12-19,18.25436000000002,10.46374000000003,-5.641639999999995,1.3551550545161604,-1.0686770457411967,13.718738008774949,30.89279505451617,6.996795054516156,23.896000000000015,10.404354315278852,-0.0,0.0,2.32260189950978
2017-12-20,19.094570000000033,10.749300000000005,-4.709569999999985,0.8074197507501708,-3.4699255476312487,10.392334203118935,29.321129750750174,5.516989750750156,23.804140000000018,11.143993146791104,-0.0,0.0,5.975872627693569
2017-12-21,17.977800000000002,8.720540000000028,-5.17193999999995,1.5078462963396078,-0.6918630467302478,15.245183249609283,29.82952629633951,6.679786296339557,23.14973999999995,10.952300938944916,-0.0,0.0,3.28196835166648
2017-12-22,18.751180000000033,10.714260000000024,-5.00894999999997,1.1326672600706615,-3.271237187118004,10.907300072952637,29.901747260070636,6.141617260070632,23.760130000000004,10.86615444764226,-0.0,0.0,1.5838470682031507
2017-12-23,18.867940000000033,11.620940000000019,-4.448159999999973,1.0478051914241746,-3.562543889561539,9.180421301862623,28.812065191424153,5.495965191424148,23.316100000000006,11.404516079153893,-0.0,0.0,3.6909109469593795
2017-12-24,18.69833,11.385160000000042,-4.736850000000004,1.0042416774180651,-3.2162199172708483,9.838041760147178,29.17627167741807,5.741091677418069,23.435180000000003,11.244191157025114,-0.0,0.0,3.9216046763738808
2017-12-25,18.71768000000003,10.546600000000012,-5.475739999999973,1.2217677335540316,-2.851327075201141,12.017260658352882,30.89092773355401,6.697507733554005,24.193420000000003,10.367812764121368,-0.0,0.0,9.181927892515555
2017-12-26,19.373379999999997,10.94070000000005,-5.339399999999955,0.8248089202217557,-3.078959591091177,11.517929329130482,30.876988920221663,6.164208920221711,24.712779999999952,10.336879112307997,-0.0,0.0,7.051636412495984
2017-12-27,18.965779999999995,12.138500000000022,-5.465980000000002,0.6909231977573427,-4.15747190493687,8.826711292820448,30.58866319775734,6.1569031977573445,24.431759999999997,10.531428716104756,-0.0,0.0,4.252942386361852
2017-12-28,17.702840000000037,11.015700000000038,-4.491129999999998,0.524199414762279,-3.2165740904138147,8.485895324348462,27.209299414762313,5.015329414762277,22.193970000000036,12.373840028015422,-0.0,0.0,3.6443966427831365
2017-12-29,17.78878000000003,10.235740000000021,-5.412399999999991,1.0664731727605385,-3.0047759099613813,11.027137262799158,29.68005317276055,6.4788731727605295,23.201180000000022,11.087136867886102,-0.0,0.0,4.6950539924820776
2017-12-30,18.294700000000034,10.935400000000016,-5.415959999999984,1.0089608280537163,-3.488325152586185,10.295895675467534,30.13558082805372,6.4249208280537005,23.71066000000002,10.807089440537425,-0.0,0.0,6.609459759551215
2017-12-31,19.250020000000006,10.835350000000005,-6.046819999999968,0.6544882011626214,-3.642647165146059,11.473331036016532,31.998148201162564,6.70130820116259,25.296839999999975,9.799859268761224,-0.0,0.0,6.809326357367879
2018-01-01,20.25985000000003,9.058280000000025,-6.082979999999964,0.915900702850422,-3.360817570380334,14.839633132470055,33.34171070285038,6.998880702850386,26.342829999999992,9.012946208625067,-0.0,0.0,9.59068011577063
2018-01-02,20.479820000000018,7.6888700000000085,-6.32047,1.0011987388742796,-1.1727220841366943,18.939896654737595,34.1219587388743,7.32166873887428,26.800290000000018,8.597146674061491,-0.0,0.0,17.297252188223847
2018-01-03,18.72240000000005,5.273580000000038,-7.592499999999973,1.3137625132830522,0.0795343779904556,22.434616891273492,35.22116251328305,8.906262513283025,26.314900000000023,8.194203320500094,-0.596875,23.875,7.28876328787281
2018-01-04,19.896050000000002,4.927999999999997,-4.037800000000004,0.9344506674015634,0.1793482212891604,20.119648888690733,28.906100667401574,4.972250667401568,23.933850000000007,11.26337613054443,-0.0125,0.5,7.6937023847124895
2018-01-05,19.025400000000047,10.461700000000008,-1.9926499999999692,0.94787235793126,-3.7820132919715093,7.72220906595976,23.958572357931246,2.940522357931229,21.018050000000017,13.823186663190597,-0.0,0.0,7.924388704067591
2018-01-06,18.57946000000004,9.000670000000014,-1.4008499999999913,0.900337870518797,-3.6856971025170537,8.19428076800176,22.28149787051882,2.3011878705187883,19.98031000000003,14.712059449667606,-0.0,0.0,10.907438686953553
2018-01-07,18.30328000000003,8.5745,-2.956519999999955,0.8092934669531928,-3.5628071197885447,9.931786347164632,25.025613466953132,3.765813466953148,21.259799999999984,13.37696538489945,-0.0,0.0,10.083983669688859
2018-01-08,18.392449999999997,8.035180000000025,-4.596599999999967,0.6423110573639406,-2.2777177322812463,13.318463325082632,28.22796105736387,5.238911057363907,22.989049999999963,11.777078409879891,-0.0,0.0,8.241064928891994
2018-01-09,18.749480000000005,7.39196000000004,-5.80786999999998,1.3164330176095973,0.9054032776473377,19.38722629525688,31.681653017609563,7.124303017609577,24.557349999999985,9.961048529360653,-0.05,2.0,6.5340447081043
2018-01-10,17.829980000000035,9.599150000000009,-5.283119999999997,1.6641494467322104,0.21103611284871704,15.38913555958095,30.06036944673224,6.947269446732207,23.11310000000003,10.837651220224984,-0.05625,2.25,3.1372451352203514
2018-01-11,19.997400000000027,9.111000000000047,-5.74685999999997,1.6684998659713983,0.2675691117316319,18.56932897770298,33.159619865971365,7.415359865971368,25.744259999999997,9.071758830365013,-0.05,2.0,3.7146199438778784
2018-01-12,20.8057,7.556480000000022,-5.699439999999981,1.3343867907890967,0.22690538657877823,20.509952177367836,33.53896679078906,7.033826790789078,26.505139999999983,8.837869129504782,-0.0765625,3.0625,5.558614225079301
2018-01-13,21.561239999999998,10.730860000000007,-6.304899999999975,0.7020055785409909,-3.6251707130493855,14.212114865491571,34.87304557854094,7.006905578540966,27.866139999999973,8.14700609061174,-0.0,0.0,1.163100096507777
2018-01-14,21.282370000000014,7.184400000000039,-6.1408799999999815,0.4395112201194138,-1.1555930806693482,19.522768139450022,34.00364122011939,6.580391220119395,27.423249999999996,8.616892510404114,-0.0,0.0,2.4575943495733115
2018-01-15,21.403470000000027,6.861540000000048,-5.248139999999978,0.9712968347693618,0.13801023386884026,20.89937706863816,32.871046834769345,6.21943683476934,26.651610000000005,9.146324817648974,-0.0,0.0,5.2193751927272265
2018-01-16,20.62966,5.252830000000017,-4.846299999999985,1.0935905776185564,0.44923639805676885,21.765956975675294,31.415850577618528,5.939890577618542,25.475959999999986,9.931335295419785,-0.128125,5.125,0.2447218981177211
2018-01-17,19.931480000000022,4.375150000000019,-5.071199999999976,0.7500714919839879,0.24236695846263956,21.619968450446606,30.823951491983962,5.821271491983964,25.002679999999998,10.31328215393313,-0.0,0.0,3.029906597958917
2018-01-18,19.341760000000022,9.89416,-4.704379999999958,0.2795005506296775,-3.7978402408380134,10.633640309791645,29.030020550629615,4.983880550629635,24.04613999999998,11.2954926081498,-0.0,0.0,8.172899991163678
2018-01-19,19.182029999999997,9.493430000000046,-4.369539999999972,0.18128394184094532,-1.6684952374691306,12.570928704371738,28.102393941840887,4.5508239418409175,23.55156999999997,11.78093143821701,-0.0,0.0,5.275217420032687
2018-01-20,19.45318000000003,9.818480000000022,-4.93026999999995,0.3205617016432143,-3.1013451576350803,11.784186544008094,29.634281701643147,5.250831701643165,24.383449999999982,10.97976190299454,-0.0,0.0,2.252448798046928
2018-01-21,19.865620000000035,10.26144000000005,-5.0364999999999895,0.07701947217503857,-2.5785054069297075,12.139194065245306,30.015639472175053,5.113519472175028,24.902120000000025,10.758137701672126,-0.0,0.0,2.516548851163795
2018-01-22,19.871200000000044,9.302300000000002,-4.538979999999981,0.6693155737069674,-2.3299176460628814,13.447277927644109,29.618475573706974,5.208295573706948,24.410180000000025,10.926611921109782,-0.0,0.0,2.217889913893276
2018-01-23,20.667840000000012,5.848170000000039,-4.6407199999999875,1.1937382758204649,0.6096436478983946,21.26377192371882,31.143018275820452,5.834458275820452,25.30856,10.057379778573534,-0.13125,5.25,3.6712588133727024
2018-01-24,20.75890000000004,6.116600000000005,-4.694039999999973,1.0310220334309292,0.0594002881000506,20.426762321530987,31.178002033430914,5.725062033430902,25.452940000000012,10.04352112972947,-0.0,0.0,8.25261388947256
2018-01-25,20.832330000000013,10.904629999999997,-4.158729999999991,0.9670254995568826,-2.8364833240340204,12.21697217552287,30.11681549955688,5.125755499556874,24.991060000000004,10.571420831021555,-0.0,0.0,5.897735343288862
2018-01-26,20.331350000000043,12.200040000000001,-3.721900000000005,0.878987501795109,-4.356247309220407,8.375950192574749,28.654137501795162,4.600887501795114,24.053250000000048,11.351963065345728,-0.0,0.0,7.052769487651893
2018-01-27,19.991900000000044,9.933070000000043,-4.353499999999997,1.0045778982387787,-2.870774265853697,12.546133632385079,29.703477898238816,5.358077898238776,24.34540000000004,10.851103428631973,-0.0,0.0,7.029909801208515
2018-01-28,20.605920000000026,8.523160000000018,-4.180199999999957,0.8173341028892196,-0.11332974174376886,16.966964361145415,29.78365410288916,4.997534102889176,24.786119999999983,10.766905908904107,-0.0,0.0,6.939735600138747
2018-01-29,20.52510000000001,11.203800000000001,-4.84348,1.0442050581473836,-1.0235314750540851,14.185453583093306,31.25626505814739,5.887685058147383,25.36858000000001,10.023213270223891,-0.0,0.0,4.9213250801828075
2018-01-30,19.387140000000045,12.066000000000031,-5.305199999999957,0.7116107166506254,-4.485507447343707,8.852443269306889,30.709150716650583,6.016810716650582,24.69234,10.426743732409648,-0.0,0.0,4.32573146666986
2018-01-31,19.912620000000004,11.387540000000001,-4.837400000000002,0.26388538612451384,-4.492742260058549,9.13362312606597,29.851305386124523,5.101285386124516,24.750020000000006,10.827472678120046,-0.0,0.0,5.452755263351599
2018-02-01,20.66458,11.877220000000023,-5.382849999999962,-0.20748766205650782,-4.219708837760436,9.743013500182997,31.222792337943417,5.175362337943454,26.047429999999963,10.08633479962873,-0.0,0.0,6.681543190009081
2018-02-02,20.306669999999997,11.790369999999996,-4.9437599999999975,0.138081465126902,-4.441624191801054,9.156517273325846,30.332271465126894,5.0818414651268995,25.250429999999994,10.55391234449911,-0.0,0.0,4.3189196615191845
2018-02-03,19.61056000000002,11.426350000000014,-4.637549999999976,-0.30888033708197327,-4.308236390386583,8.204643272531428,28.576779662918,4.328669662918003,24.248109999999997,11.517578028162347,-0.0,0.0,4.538526926385047
2018-02-04,19.999300000000005,10.18923000000001,-5.737769999999955,-0.2872851217313155,-4.377669234542509,10.882885643726127,31.1875548782686,5.4504848782686395,25.73706999999996,10.172025400967811,-0.0,0.0,7.3804538381163045
2018-02-05,20.265900000000045,9.568700000000035,-5.830359999999985,0.15182002029922614,-0.8638230553852395,15.81555696491398,32.07844002029924,5.982180020299211,26.09626000000003,9.684078086005627,-0.0,0.0,8.300608281786898
2018-02-06,20.56167000000005,7.739220000000046,-6.371299999999962,1.5367629460569674,0.7983117704060305,21.528824716462964,34.84103294605694,7.90806294605693,26.93297000000001,8.192871435793279,-0.1875,7.5,7.734031651203276
2018-02-07,18.685400000000016,7.63820000000004,-6.169169999999951,1.8393753365178895,0.8599445181848182,19.915689854702634,32.86311533651781,8.008545336517841,24.854569999999967,9.328173911803901,-10.0,785.375,14.544905657693606
2018-02-08,20.361199999999997,8.292900000000031,-7.734839999999963,1.5617323369237965,0.42666669379372024,21.791539030717445,37.39261233692372,9.29657233692376,28.09603999999996,6.932450381274236,-1.225,49.0,17.23893951429864
2018-02-09,21.155730000000005,7.721339999999998,-7.5055999999999585,1.5137178610197566,0.5061943973134362,22.95990225833316,37.68064786101968,9.019317861019715,28.661329999999964,6.726322025608397,-5.85625,234.25,11.833229796980842
2018-02-10,21.226740000000007,7.38250000000005,-7.638769999999965,1.1899208228376779,0.5528138710120061,23.225744693849606,37.694200822837615,8.828690822837643,28.865509999999972,6.735444111092079,-0.0,0.0,15.988820892959822
2018-02-11,20.741100000000017,8.174980000000005,-7.849519999999984,1.1909111614940002,0.20632007226191718,21.812871233755914,37.631051161493986,9.040431161493984,28.59062,6.807713487480214,-0.134375,5.375,16.602392359161975
2018-02-12,20.029700000000048,9.104900000000043,-8.337799999999959,1.1581004814871676,-0.01985543335007378,20.400845048137057,37.86340048148713,9.495900481487126,28.367500000000007,6.75677883916137,-0.0,0.0,13.931135560057472
2018-02-13,20.196900000000028,8.902340000000038,-7.999179999999967,0.9395600091437473,-0.29044824341656295,19.94285176572714,37.13482000914371,8.938740009143714,28.196079999999995,7.121004182622642,-0.0,0.0,13.59027729788645
2018-02-14,19.614340000000027,9.296700000000044,-6.932169999999985,1.2655518642631591,-0.7392917686110536,17.776070095652074,34.744231864263156,8.197721864263144,26.546510000000012,8.347389640103927,-0.0,0.0,6.178724977327954
2018-02-15,20.349800000000016,9.236630000000048,-6.63069999999999,1.1911503962462007,-2.006141360641834,16.928879035604325,34.8023503962462,7.821850396246191,26.980500000000006,8.25664146589088,-0.0,0.0,2.760172257266303
2018-02-16,20.799599999999998,9.826070000000016,-6.903660000000002,0.21099236061962756,-3.443674144105046,14.644508216514566,34.81791236061963,7.11465236061963,27.70326,8.261421520606405,-0.0,0.0,2.1273401725922936
2018-02-17,21.9615,8.324800000000039,-6.168799999999976,0.6171411576589776,-1.1338963940206668,19.28874476363825,34.91624115765893,6.785941157658954,28.130299999999977,8.097498833851489,-0.0,0.0,5.187052162963068
2018-02-18,22.054380000000037,8.452230000000043,-6.256749999999954,0.17908299190520438,-2.0161876789844086,18.021795312920744,34.74696299190515,6.4358329919051585,28.31112999999999,8.191070696721397,-0.0,0.0,9.087227508536506
2018-02-19,21.64450000000005,6.874400000000037,-7.155899999999974,0.08895910795780537,-1.0295165249726779,20.985442582985115,36.045259107957804,7.2448591079577795,28.800400000000025,7.577740079642467,-0.0,0.0,7.650852020735742
2018-02-20,22.21084000000002,6.370140000000049,-6.953699999999969,0.37861686538713,-0.05934243309991416,23.113674432287155,36.49685686538709,7.332316865387099,29.164539999999988,7.297149741455883,-0.0,0.0,9.712181815475459
2018-02-21,21.73013000000003,6.399320000000046,-5.867219999999975,0.0481946877943642,-0.6384889714931319,20.607735716301192,33.512764687794345,5.915414687794339,27.597350000000006,8.838084970687873,-0.0,0.0,10.64749138604662
2018-02-22,22.464800000000025,6.512960000000021,-6.760229999999979,0.10559959767260807,-0.2912888349143259,22.526380762758265,36.09085959767259,6.865829597672587,29.225030000000004,7.488986761739113,-0.0,0.0,9.083076476910641
2018-02-23,21.479550000000017,9.000500000000045,-6.813760000000002,-0.1558554023458214,-2.760270472505397,16.376684125148756,34.9512145976542,6.657904597654181,28.29331000000002,8.145710766352522,-0.0,0.0,5.051083663948919
2018-02-24,21.262050000000045,9.743520000000046,-6.647919999999999,0.584818272965208,-2.107952390448645,16.64331588251656,35.14270827296525,7.232738272965207,27.909970000000044,8.042383071169638,-0.0,0.0,1.949856182606277
2018-02-25,22.154260000000022,7.667349999999999,-7.085639999999955,0.316789470020467,-1.579869431452778,20.309470038567667,36.6423294700204,7.402429470020422,29.239899999999977,7.2309654203120886,-0.0,0.0,5.554290632467843
2018-02-26,22.782039999999995,7.337370000000021,-8.26822999999996,-0.23416662245608677,-1.3635500821870323,22.115183295356815,39.08433337754383,8.034063377543873,31.050269999999955,5.975359729215995,-0.0,0.0,2.8908824244525264
2018-02-27,22.86306000000002,6.877470000000017,-8.252419999999972,0.2449925401357973,-0.14133070023984828,24.341671839895923,39.61289254013576,8.49741254013577,31.11547999999999,5.694545832857841,-0.0,0.0,6.472417287134686
2018-02-28,23.304930000000013,7.35098000000005,-6.540399999999977,-0.5445093425661867,-0.9465394521208168,21.003301205312937,35.84122065743378,5.99589065743379,29.84532999999999,7.560341578461248,-0.0,0.0,11.230014510153861
2018-03-01,23.105340000000012,7.259550000000047,-6.472399999999993,-0.3693233094344919,-0.8125498941492424,21.136316796416224,35.68081669056551,6.103076690565501,29.577740000000006,7.654514097610331,-0.0,0.0,15.974921703592875
2018-03-02,23.42172000000005,7.561880000000031,-4.8759000000000015,-0.34550373331734363,-0.758609342023135,19.631626924659543,32.82801626668271,4.530396266682658,28.29762000000005,9.057760488556085,-0.0,0.0,8.747754663776206
2018-03-03,24.76794000000001,8.758500000000026,-4.589849999999956,-0.869908697734104,-1.2027709050736917,18.526610397192144,33.07773130226582,3.719941302265852,29.357789999999966,8.84240349648718,-0.0,0.0,4.297628075174281
2018-03-04,24.802580000000034,8.757600000000025,-3.5186199999999985,-0.33133844090127695,-0.666709297092666,18.565552262006065,31.508481559098755,3.1872815590987216,28.321200000000033,9.628448181065664,-0.0,0.0,9.472534564492426
2018-03-05,24.67303000000004,8.642449999999997,-3.9076299999999833,-0.6372966409573451,-0.963446568841448,18.337466790201233,31.85099335904266,3.270333359042638,28.580660000000023,9.464667643413634,-0.0,0.0,7.018917474328779
2018-03-06,24.47598000000005,8.513570000000016,-4.696839999999952,-1.0617026181452047,-1.4273445025976912,18.17020287925709,32.80795738185475,3.635137381854747,29.17282,8.993503535671152,-0.0,0.0,5.233506154407484
2018-03-07,23.404020000000003,9.279570000000035,-5.703399999999988,-0.05666692889622027,-1.0295805077932414,18.741602563310494,34.75415307110376,5.6467330711037675,29.10741999999999,8.092346095141636,-0.0,0.0,3.1338470577792727
2018-03-08,23.205160000000035,8.77600000000001,-5.6710599999999545,-0.12757206921878605,-1.2934179823801628,18.67922994840103,34.41970793078116,5.543487930781168,28.87621999999999,8.273989507139106,-0.0,0.0,9.974856796274908
2018-03-09,23.624600000000044,7.6453200000000265,-5.621499999999969,0.015247610608469131,-0.3783443278898062,21.23768328271865,34.88284761060845,5.636747610608438,29.246100000000013,8.01217894578366,-0.0,0.0,7.919801190277817
2018-03-10,23.668540000000007,7.611199999999997,-5.272469999999998,0.5918820001919585,0.2201986561403828,22.14189065633235,34.80536200019196,5.864352000191957,28.941010000000006,8.034181000944272,-0.0,0.0,8.353573206284858
2018-03-11,24.04226,8.222380000000044,-5.423699999999997,0.05096816654571512,-0.42664915591950603,20.86789901062616,34.94062816654571,5.474668166545712,29.465959999999995,7.955239546657197,-0.0,0.0,11.98231450681695
2018-03-12,23.098600000000033,7.669300000000021,-4.543979999999976,0.9508955251446309,0.17230020846432126,21.09647573360894,33.13745552514462,5.494875525144607,27.64258000000001,8.890308239597971,-0.0,0.0,10.967717469545947
2018-03-13,21.848400000000026,8.981800000000021,-4.359960000000001,1.4894447714854664,0.3706536866914689,19.08665845817694,32.057764771485495,5.849404771485467,26.208360000000027,9.48674824135611,-0.021875,0.875,2.892744714307515
2018-03-14,22.35647,8.773830000000032,-4.95456999999999,1.529820630877282,0.6795632651001142,20.746593895977355,33.79543063087726,6.484390630877272,27.31103999999999,8.57938152838932,-0.275,11.0,6.547577457067315
2018-03-15,20.154800000000023,8.881830000000036,-5.6410999999999945,1.7506727751110702,0.9697898031429872,19.63453257825404,33.18767277511108,7.391772775111065,25.795900000000017,9.036284990561512,-2.225,89.0,5.372824230529691
2018-03-16,20.73580000000004,9.537350000000004,-4.5002999999999815,1.9034920388851333,1.0760532092770063,18.678295248162158,31.639892038885137,6.403792038885115,25.23610000000002,9.748816250853224,-10.0,947.5,9.112017386004188
2018-03-17,19.615139999999997,10.345880000000022,-5.31653,1.9430103969037305,0.5443612617564781,17.073161658660183,32.19121039690373,7.259540396903731,24.931669999999997,9.56587428282711,-10.0,692.5,9.896197220879134
2018-03-18,20.48538000000002,9.871450000000038,-5.36117999999999,1.8542868458025623,0.5134104113675448,18.34280725717008,33.06202684580256,7.215466845802553,25.84656000000001,9.06286567409876,-10.0,577.25,7.351286291818005
2018-03-19,22.40515000000005,8.84480000000002,-5.488999999999976,0.8103089157162913,0.12066638521810091,19.980325300934396,34.19345891571629,6.299308915716267,27.894150000000025,8.416305306996264,-0.0,0.0,5.5306591217341445
2018-03-20,24.121200000000044,8.949370000000044,-4.6521999999999935,0.8124138345343113,0.16602357869680873,20.802467413231113,34.23801383453434,5.464613834534305,28.773400000000038,8.283061898600408,-0.0,0.0,2.8084049990244995
2018-03-21,24.184780000000046,8.94204000000002,-5.553439999999966,1.1764409838920074,0.512514636549156,22.485135620441156,36.468100983891986,6.729880983891974,29.738220000000013,7.15075904752257,-0.0,0.0,1.9535855378374658
2018-03-22,24.573180000000036,8.946619999999996,-6.391759999999977,1.0404749102243613,0.545100814860632,23.60389572508501,38.39717491022435,7.432234910224338,30.964940000000013,6.171186654464179,-0.0,0.0,4.69807494638622
2018-03-23,25.375760000000014,9.330219999999997,-5.929449999999974,0.9137025430454173,0.5368360331769395,23.425528576222348,38.14836254304538,6.843152543045392,31.305209999999988,6.2611621898495855,-0.0,0.0,5.454424358246915
2018-03-24,23.892480000000035,10.05740000000003,-5.824379999999962,1.4026275932702674,0.5371788562530355,21.59926644952327,36.94386759327023,7.22700759327023,29.716859999999997,6.9181025552371125,-0.0,0.0,1.7328618254349428
2018-03-25,24.12136000000004,9.064420000000041,-4.663369999999986,0.9554078868636111,0.07956541550402108,20.755283302367616,34.40350788686362,5.618777886863597,28.784730000000025,8.195632129373962,-0.0,0.0,0.858258628570398
2018-03-26,24.28805,10.164270000000045,-5.13839999999999,0.7629768574864784,-0.020600901999955568,20.004555955486467,35.32782685748646,5.9013768574864685,29.42644999999999,7.730731254695911,-0.0,0.0,2.1182849026889397
2018-03-27,25.28164000000004,9.232630000000029,-4.962799999999959,0.7934755934519444,0.4094234694366605,22.214709062888573,36.0007155934519,5.756275593451903,30.244439999999997,7.342421559757156,-0.0,0.0,4.928937994244613
2018-03-28,25.439450000000022,9.509060000000034,-5.316699999999969,1.2288184098349006,0.8051938982849833,23.28110230811984,37.30166840983486,6.5455184098348695,30.75614999999999,6.671809036901493,-0.0,0.0,4.553968621988782
2018-03-29,24.810420000000022,11.438469999999995,-6.157659999999964,1.6647754215370583,0.45221216108461704,21.646597582621666,38.79051542153701,7.822435421537023,30.968079999999986,5.93548478528453,-10.0,672.75,1.8971178430351388
2018-03-30,23.41628000000003,11.12673000000001,-6.528399999999976,1.8965416083314608,0.6021842275677614,21.31667583589922,38.36962160833144,8.424941608331437,29.944680000000005,6.2020200902939,-10.0,1419.75,1.7164804834616045
2018-03-31,23.25540000000001,10.545100000000048,-6.235749999999996,1.7218271455002991,0.488511381172259,21.156388526672515,37.4487271455003,7.957577145500295,29.491150000000005,6.683191982842118,-10.0,1431.75,3.0195333537124993
2018-04-01,23.606300000000033,10.328180000000032,-6.921269999999993,1.4825693654544807,0.26767890991646937,21.949638275370944,38.9314093654545,8.403839365454473,30.527570000000026,5.935845254522576,-1.721875,68.875,10.022444780697047
2018-04-02,21.74117000000001,9.413350000000037,-7.105259999999987,1.7190234648675755,0.6811476628531068,21.833251127720644,37.67071346486756,8.824283464867563,28.846429999999998,6.670784981786824,-10.0,1176.25,8.741725201175575
2018-04-03,23.698820000000012,10.088340000000017,-5.504859999999951,1.2350487855173355,0.1122861869006897,20.46267497241797,35.94358878551725,6.739908785517287,29.203679999999963,7.437499059427523,-0.009375,0.375,7.431214959535476
2018-04-04,24.9889,9.068200000000047,-5.130650000000003,0.9525843761358033,0.4958752768021668,22.499809652937927,36.20278437613581,6.083234376135806,30.119550000000004,7.250478690385307,-0.0,0.0,7.421616336610992
2018-04-05,24.635580000000004,8.859800000000007,-5.461039999999969,1.0542341928431824,0.5942194149804436,22.885273607823592,36.611894192843124,6.515274192843151,30.096619999999973,7.060286964888974,-0.0,0.0,6.251570180523614
2018-04-06,25.094960000000015,9.296350000000018,-6.444899999999961,0.9578263888703304,0.5188218089616612,23.72015819783195,38.94258638887027,7.402726388870292,31.539859999999976,5.875795114510709,-0.0,0.0,6.070831733242181
2018-04-07,25.082480000000032,8.940030000000036,-6.935299999999984,0.7768972270204699,0.43136602747250663,24.286013254492957,39.72997722702047,7.712197227020454,32.017780000000016,5.488208616590839,-0.0,0.0,11.353799675195285
2018-04-08,24.27773000000002,8.333799999999997,-7.645399999999995,0.7922531869839986,0.4083909748876522,24.78997416187167,40.36078318698401,8.437653186983994,31.923130000000015,5.213718137219246,-0.0,0.0,13.093192385026741
2018-04-09,23.007900000000006,8.669150000000002,-7.632759999999962,1.224444627951982,0.4889319379890935,23.684886565941042,39.49786462795191,8.857204627951944,30.64065999999997,5.702713325850652,-0.0,0.0,15.476787301619472
2018-04-10,24.138329999999996,8.519530000000032,-5.7695399999999495,1.078240087672384,0.6684316097395708,23.13501169741187,36.75565008767228,6.847780087672334,29.907869999999946,7.013772833605799,-0.0,0.0,12.874553772576554
2018-04-11,24.948630000000037,8.884940000000029,-5.803380000000004,0.9842868082253631,0.6088736404147426,23.460230448640118,37.53967680822541,6.787666808225367,30.75201000000004,6.58267013946994,-0.0,0.0,9.320233954399002
2018-04-12,25.03567000000004,9.953400000000045,-4.6396499999999605,1.3577432067211248,0.794788731980475,21.874451938701554,35.672713206721085,5.997393206721085,29.67532,7.498811806041886,-0.0,0.0,7.952300771130044
2018-04-13,25.021500000000003,9.649380000000008,-3.8074699999999666,1.2667929396422437,0.5927576376535058,21.03914057729571,33.90323293964218,5.07426293964221,28.82896999999997,8.3879385509872,-0.0,0.0,4.953677549791126
2018-04-14,26.116800000000012,9.940300000000036,-3.491579999999999,1.1990312588017673,0.8429017329282829,21.710012991730025,34.29899125880178,4.690611258801766,29.60838000000001,8.147689929093644,-0.0,0.0,3.0773881379015564
2018-04-15,24.91396000000003,10.095240000000047,-4.348119999999994,1.4631554102351743,0.6766534165821554,21.30664882681731,35.073355410235195,5.811275410235169,29.262080000000026,7.798512458135633,-0.0,0.0,5.952726978411169
2018-04-16,24.335800000000006,11.15273000000002,-4.66519999999997,1.7108327591845978,0.7778076408135917,20.336910399998146,35.377032759184544,6.376032759184568,29.000999999999976,7.661872860649112,-4.49375,179.75,4.374511865550515
2018-04-17,26.11465000000004,10.022420000000011,-3.791849999999954,1.1778671547555177,0.7986607327138131,21.860607887469314,34.876217154755466,4.969717154755472,29.906499999999994,7.859790236703077,-0.0,0.0,8.49720958739178
2018-04-18,26.332760000000007,11.543100000000038,-5.081759999999974,1.2710990483343494,0.7222733073522818,21.864792355686575,37.767379048334305,6.352859048334324,31.414519999999982,6.403367397361535,-0.03125,1.25,6.018686644431092
2018-04-19,25.841150000000027,11.512450000000001,-5.145879999999977,1.7871494481154286,0.8515505129694247,22.113279961084856,37.92005944811541,6.933029448115406,30.987030000000004,6.3228037292644785,-10.0,405.375,6.451856818237223
2018-04-20,23.37682000000001,11.110299999999995,-5.427279999999996,1.8232086166678982,0.7566221563282056,20.273630772996114,36.0545886166679,7.250488616667894,28.804100000000005,7.366590647166447,-10.0,1082.125,4.224141280863608
2018-04-21,26.817300000000046,10.69160000000005,-5.560159999999996,1.494497162171001,1.1015624073621666,24.28191956953316,39.43211716217104,7.054657162170997,32.37746000000004,5.5486303126562575,-2.35,94.0,2.8465694587760777
2018-04-22,23.963040000000035,11.68923000000001,-5.7029,1.9043300815614543,0.7004243463567263,20.581464427918206,37.27317008156149,7.607230081561454,29.665940000000035,6.720641406727623,-10.0,902.125,5.88119121637449
2018-04-23,25.375020000000006,10.586760000000027,-5.967299999999966,1.3925468090316713,0.7405071851618459,22.888613994193463,38.70216680903161,7.359846809031637,31.342319999999972,5.967140187228551,-0.91875,36.75,2.307639494410468
2018-04-24,21.723780000000033,10.162800000000004,-4.751260000000002,2.0477386898234613,1.1397911666398954,19.499769856463388,33.2740386898235,6.798998689823463,26.475040000000035,8.844992814825787,-10.0,1381.5,5.679156225414344
2018-04-25,25.165800000000047,10.428950000000043,-4.929569999999956,1.5876456675900954,0.8060167817837964,22.06008244937385,36.612585667590054,6.517215667590051,30.095370000000003,7.012620486111359,-1.709375,68.375,5.44134674393743
2018-04-26,24.908040000000028,10.646360000000016,-4.421999999999969,1.555010293083967,0.8639963465168421,21.10268663960079,35.30705029308393,5.977010293083936,29.330039999999997,7.6778336976832975,-0.2625,10.5,7.109554886775831
2018-04-27,26.965720000000033,10.79427000000004,-3.9721999999999866,0.9855583313016041,0.5719270291781982,21.701135360479782,35.89567833130161,4.957758331301591,30.93792000000002,7.32653157405565,-0.025,1.0,5.812047982641308
2018-04-28,26.026760000000024,10.103940000000023,-3.8438999999999623,0.9853745553456861,0.5248958975286087,21.27699045287426,34.699934555345635,4.829274555345648,29.870659999999987,7.956413689069052,-0.0,0.0,6.362818078774641
2018-04-29,25.723839999999996,10.451999999999998,-5.110849999999971,1.3518635216358348,0.814761008655239,22.549314530291042,37.29740352163577,6.462713521635806,30.834689999999966,6.6579040075245075,-0.0,0.0,4.766301042736247
2018-04-30,22.90933000000001,11.476220000000012,-5.183969999999988,1.8394637624839447,1.0568672167336217,19.513410979217554,35.11673376248393,7.023433762483933,28.0933,7.86156723266555,-10.0,1098.25,3.1210219580458194
2018-05-01,25.768820000000005,11.715300000000013,-4.8034999999999854,1.6735385700314964,0.9081189330996722,21.438677503131146,37.04935857003147,6.477038570031482,30.57231999999999,6.766317879224232,-4.0,160.0,9.267479408360938
2018-05-02,24.490620000000035,11.216580000000022,-4.722399999999993,1.8533590356459513,0.9820018475738266,20.831800883219785,35.78877903564597,6.5757590356459446,29.21302000000003,7.4403632747197435,-10.0,1431.75,3.855914734074342
2018-05-03,25.175440000000037,11.815760000000012,-4.351659999999981,1.9207752267851106,0.7946117628434308,20.42672698962855,35.79953522678511,6.272435226785092,29.52710000000002,7.401559972061989,-10.0,1278.125,6.938586903115144
2018-05-04,23.139920000000018,11.435800000000029,-2.9394999999999527,1.8535763670187748,0.2862987234808543,16.78349509049957,30.872496367018698,4.7930763670187275,26.07941999999997,9.969160527078657,-3.221875,128.875,6.830736352164135
2018-05-05,24.779020000000003,11.258800000000008,-2.8615199999999845,1.5724272751365902,0.34372877259164625,18.297896047728216,32.07448727513656,4.433947275136575,27.640539999999987,9.299576892186508,-0.059375,2.375,5.1694028108372185
2018-05-06,25.302940000000035,10.52370000000002,-3.3576699999999846,1.2943389418378501,0.34564765037612233,19.776896592213973,33.312618941837854,4.652008941837835,28.66061000000002,8.668813443912029,-0.0,0.0,4.615013640337849
2018-05-07,24.903099999999995,11.154530000000022,-4.977669999999989,1.8279851115412384,1.2291033959421611,21.78332850748336,36.68642511154121,6.805655111541228,29.880769999999984,6.974590826937799,-10.0,870.0,0.8214900651748628
2018-05-08,21.884060000000034,10.723960000000034,-4.162149999999997,2.0247101755562653,1.0929496803832421,18.439909855939504,32.23307017555629,6.186860175556262,26.04621000000003,9.356256502064525,-10.0,1629.875,1.3025451011404328
2018-05-09,22.770230000000026,11.952359999999999,-4.35705999999999,1.9353221677425267,0.6276218227072263,17.73787399044977,33.41967216774253,6.292382167742517,27.127290000000016,8.712196814441597,-10.0,431.5,6.6594300115530976
2018-05-10,21.13357000000002,11.625400000000013,-4.670569999999998,2.073563378402241,0.9487122602977252,17.20101563869997,32.54827337840226,6.744133378402239,25.804140000000018,9.24846128079389,-10.0,1333.375,0.26562846400286255
2018-05-11,20.67434000000003,11.13653000000005,-4.868399999999951,2.2604122302872725,0.9100849617099698,17.576707191997173,32.671552230287205,7.128812230287224,25.54273999999998,9.2042581552235,-10.0,2418.25,2.6518940494221277
2018-05-12,22.260280000000023,10.922600000000045,-4.653480000000002,2.035829476744368,0.7099856506724791,18.736975127416827,33.603069476744395,6.68930947674437,26.913760000000025,8.645021691406953,-10.0,1486.25,3.391815661103447
2018-05-13,22.323570000000018,11.081479999999999,-5.214329999999961,1.9859665736657348,0.7923444910515514,19.234731064717266,34.738196573665675,7.200296573665696,27.53789999999998,8.077400342998942,-10.0,1432.125,3.823884605651907
2018-05-14,21.735130000000026,10.62760000000003,-4.5896999999999935,2.1890186627645107,0.5243514474853441,18.410600110249845,33.103548662764524,6.778718662764504,26.32483000000002,8.916653689517318,-10.0,1584.5,5.939763664653501
2018-05-15,22.56405000000001,10.416800000000023,-4.7412499999999795,1.674911930502219,0.6652217190647889,19.228633649566973,33.72146193050219,6.416161930502199,27.30529999999999,8.592835724065083,-5.2625,210.5,11.37421231972697
2018-05-16,22.16097000000002,10.260030000000029,-5.206459999999993,1.8745661815618746,0.6750447089469844,19.657010890508843,34.44845618156188,7.081026181561867,27.367430000000013,8.24167225963214,-10.0,697.75,2.1754065664487356
2018-05-17,24.00735000000003,10.478880000000004,-3.839499999999987,1.5286124448656437,0.6098221435432265,19.506404588408884,33.21496244486565,5.3681124448656306,27.846850000000018,8.769676455343415,-0.1625,6.5,5.387502225530315
2018-05-18,22.471730000000036,10.753780000000006,-4.4883499999999685,2.0270921833408124,0.7675739466814662,19.000966130022277,33.475522183340786,6.515442183340781,26.960080000000005,8.69578792332976,-10.0,949.75,3.349434547905818
2018-05-19,21.82638000000003,11.248070000000041,-4.703249999999969,2.058550779965799,0.8826166763113861,18.22272745627714,33.291430779965765,6.761800779965768,26.529629999999997,8.828349662584344,-10.0,2399.75,4.1577946780431585
2018-05-20,22.07632000000001,11.650140000000022,-5.282839999999965,2.12926486150468,0.6336752244471313,18.471960085951764,34.77126486150462,7.412104861504645,27.359159999999974,8.065143630121383,-10.0,2209.0,4.24296683725645
2018-05-21,22.356600000000014,11.338200000000029,-5.26339999999999,2.082233677076829,0.7594543983637436,19.123488075440548,34.96563367707682,7.345633677076819,27.620000000000005,7.953854889938555,-10.0,1807.0,5.840636725384315
2018-05-22,22.20132000000001,11.019900000000007,-4.248879999999986,2.109870979861171,0.6310975899681921,18.17126856982935,32.80895097986115,6.358750979861156,26.450199999999995,9.039315622171557,-10.0,1741.25,5.8978205136344215
2018-05-23,22.309470000000033,11.392269999999996,-4.227729999999951,2.1831987721317887,0.684429708794255,18.01255848092603,32.948128772131724,6.41092877213174,26.537199999999984,8.956802253616218,-10.0,1786.5,3.469117939792584
2018-05-24,23.999720000000025,10.913800000000037,-4.706179999999961,1.8166964406896682,0.6668885761793035,20.27568501686892,35.228776440689614,6.522876440689629,28.705899999999986,7.74612931224442,-10.0,477.625,5.010191634473714
2018-05-25,20.052819999999997,10.688260000000014,-3.29562999999996,2.336767281609127,1.0881433043633706,16.08510058597244,28.980847281609044,5.632397281609087,23.348449999999957,11.093186363196025,-10.0,1770.875,9.421654933501591
2018-05-26,21.896900000000016,11.614950000000022,-3.4826999999999657,2.154665573143916,1.0670795578692491,16.986395131013126,31.016965573143864,5.637365573143882,25.379599999999982,9.9525564959294,-10.0,1603.75,3.633177984979009
2018-05-27,22.59677000000005,11.577780000000018,-2.9739699999999516,2.1381350979535227,1.0791801826049436,17.21027528055845,30.682845097953475,5.112105097953474,25.57074,10.075448600355514,-10.0,1154.0,3.708641211407118
2018-05-28,22.864800000000002,12.46243000000004,-2.8158300000000054,2.3215419786756115,0.9831999070927964,16.522941885768375,30.818001978675625,5.137371978675617,25.680630000000008,9.976478931593192,-10.0,1896.5,5.2345400919016996
2018-05-29,21.760340000000042,12.263880000000029,-2.6521999999999935,2.1250350440298575,0.9273494562270344,15.201044500256899,29.189775044029886,4.777235044029851,24.412540000000035,10.8778354288321,-10.0,663.75,4.365344006884175
2018-05-30,21.967219999999998,12.390160000000037,-2.939639999999997,2.138133219083443,0.9035256412365698,15.55835886031997,29.984633219083435,5.07777321908344,24.906859999999995,10.465361035166268,-10.0,1149.75,10.752862788724874
2018-05-31,22.85345000000001,12.687370000000044,-3.213049999999953,2.294866619052925,0.6778606583920919,16.351857277444935,31.57441661905284,5.507916619052878,26.066499999999962,9.601060948450424,-10.0,1932.125,2.9955092533009307
2018-06-01,21.993300000000033,11.460380000000043,-2.757479999999987,2.2599457021187845,1.046324140746151,16.596669842864912,29.76820570211879,5.017425702118771,24.75078000000002,10.561268149108798,-10.0,1807.5,4.145085516717392
2018-06-02,20.02307000000002,11.365470000000016,-3.7419499999999744,2.3037206619723634,0.9261319956351599,15.6294026576075,29.81069066197233,6.045670661972338,23.765019999999993,10.68420145671007,-10.0,1505.875,4.7338165686373594
2018-06-03,20.311149999999998,10.862700000000018,-4.669439999999952,2.2104124504595575,0.9322221481199904,17.26052459857948,31.86044245045946,6.879852450459509,24.98058999999995,9.64482210059549,-10.0,1224.5,8.719816704258621
2018-06-04,20.90844000000004,11.53045000000003,-3.6766999999999825,1.9917951282051263,0.784512398287518,15.830997526492638,30.253635128205133,5.668495128205109,24.585140000000024,10.42003105164099,-10.0,526.125,3.268303859727275
2018-06-05,21.165220000000033,11.252130000000022,-3.0800499999999715,2.030750293298297,0.8823776423060963,15.906267935604376,29.356070293298274,5.110800293298269,24.245270000000005,10.846232459153839,-10.0,954.5,3.71421536448247
2018-06-06,21.18792000000002,11.588530000000048,-3.471559999999954,2.1034693549154326,0.8585568554125871,16.032976210327945,30.23450935491536,5.575029354915387,24.659479999999974,10.398672798763243,-10.0,828.25,1.8570036194623134
2018-06-07,19.260250000000042,10.988820000000032,-2.880200000000002,2.102896138544395,1.0173948977928262,14.271921036337233,27.12354613854444,4.983096138544397,22.140450000000044,12.116356695844388,-4.965625,198.625,5.372777124647782
2018-06-08,18.836360000000013,11.117150000000038,-3.120519999999999,2.133613260631023,1.1060000461253594,14.079343306756357,27.211013260631034,5.254133260631022,21.956880000000012,12.10946262941593,-0.771875,30.875,1.6326450978380938
2018-06-09,18.70046000000002,10.689170000000047,-2.4031699999999887,2.110467345678444,1.0392160525859708,13.564143398264378,25.617267345678442,4.513637345678433,21.10363000000001,12.922314714790787,-0.1875,7.5,8.70063502955361
2018-06-10,19.444600000000037,11.165400000000034,-2.3673199999999497,2.167818865760637,1.053794455056675,13.868133320817265,26.347058865760573,4.535138865760587,21.811919999999986,12.48050308005594,-2.640625,105.625,2.460558533823491
2018-06-11,19.79916000000003,11.78860000000003,-3.204379999999958,2.1818686377484937,0.9390977171510713,14.335906354899521,28.38978863774844,5.3862486377484515,23.003539999999987,11.426534637128213,-3.65625,146.25,3.274220641417681
2018-06-12,19.93228000000005,11.054130000000043,-4.366739999999993,2.0425889703784037,0.842299181269766,16.129778151648168,30.708348970378438,6.409328970378397,24.29902000000004,10.268511373727563,-4.509375,180.375,1.2185253890423504
2018-06-13,19.460000000000036,11.227260000000001,-3.598899999999958,2.174785197754602,0.77208179875322,14.778506996507815,28.832585197754554,5.77368519775456,23.058899999999994,11.235573483847759,-6.7,268.0,1.6656193205812944
2018-06-14,19.67724000000004,11.005240000000015,-4.5111799999999675,2.0844321740500504,0.8139927483265978,16.08160492237664,30.784032174050026,6.595612174050018,24.188420000000008,10.250011848198369,-10.0,629.0,3.4636830425416916
2018-06-15,20.11044000000004,10.49377000000004,-4.47279999999995,2.1161845909610406,0.9675186851626449,17.173173276123634,31.17222459096098,6.58898459096099,24.58323999999999,10.014682036299916,-10.0,1278.125,1.517587497114615
2018-06-16,20.433250000000044,10.192470000000014,-4.520299999999963,2.0010300246375436,0.7969595843358661,17.559069608973402,31.474880024637514,6.521330024637507,24.953550000000007,9.84670651724349,-9.25625,370.25,3.072220746261018
2018-06-17,19.973600000000033,11.252340000000004,-5.041239999999959,1.9485129803967425,0.3758351748045925,16.086848155201324,32.004592980396694,6.989752980396702,25.014839999999992,9.626531356552675,-10.0,470.75,8.1936786780037
2018-06-18,19.729300000000023,10.070030000000031,-5.714399999999955,1.7821050957144848,0.6183431379167246,17.774118233631157,32.94020509571442,7.49650509571444,25.44369999999998,9.195584340441087,-3.575,143.0,6.2237078327478645
2018-06-19,19.928860000000043,10.808070000000043,-3.724199999999996,1.9554308431784193,1.025604482773133,15.826025325951548,29.332690843178455,5.6796308431784155,23.65306000000004,10.965530781092468,-0.803125,32.125,9.101257127300567
2018-06-20,18.77890000000002,11.771630000000016,-4.209900000000005,2.1372072307175927,0.7149102406632437,14.069287471380846,29.335907230717623,6.347107230717597,22.988800000000026,11.052379225048412,-4.490625,179.625,8.99770006235337
2018-06-21,19.464620000000025,11.62963000000002,-3.7040199999999572,1.9542125640575136,0.7981103982762647,14.29133296233374,28.826872564057453,5.658232564057471,23.168639999999982,11.260608247492826,-1.9375,77.5,9.710139416081528
2018-06-22,19.685270000000003,10.239770000000021,-3.0032400000000052,1.9158319595973126,1.0999417736229589,15.464513733220258,27.607581959597326,4.919071959597318,22.688510000000008,11.853635621244507,-0.39375,15.75,6.498508196071999
2018-06-23,18.614280000000008,10.394949999999994,-3.684599999999989,2.1676284437626805,1.128644194178662,15.200202637941345,28.151108443762666,5.8522284437626695,22.298879999999997,11.657381317725822,-6.190625,247.625,6.255512129840272
2018-06-24,19.858330000000024,10.242760000000033,-3.9144699999999943,1.976640861592216,0.8619697499145218,16.368650611506723,29.66391086159223,5.89111086159221,23.772800000000018,10.80354354408314,-6.36875,254.75,7.842603244841827
2018-06-25,19.385130000000004,9.940150000000017,-3.935159999999996,2.0276965046547275,0.9905786900796443,16.398415194734355,29.283146504654724,5.962856504654724,23.32029,11.031681540022532,-9.2125,368.5,7.160997993590516
2018-06-26,19.26708000000002,10.528220000000033,-5.015229999999974,2.0410307804020817,0.6542891353442997,16.449409915746344,31.33857078040205,7.056260780402056,24.282309999999995,10.014357604578208,-6.75625,270.25,6.74423565239474
2018-06-27,17.87536,10.35080000000005,-4.183629999999994,2.047620285099015,0.8826728030496724,14.638483088148632,28.290240285099003,6.231250285099009,22.058989999999994,11.676431602398452,-1.528125,61.125,5.284313349748618
2018-06-28,18.359520000000032,10.375630000000001,-4.231179999999995,2.0760346252437216,0.6731416897183635,14.96424631496211,28.897914625243743,6.3072146252437165,22.590700000000027,11.31909063279312,-6.5375,261.5,4.397430107135003
2018-06-29,18.74108000000001,10.050130000000024,-4.386329999999987,2.079639235320826,0.7917104441131642,15.948629679433964,29.59337923532081,6.465969235320813,23.127409999999998,10.933469520576068,-9.38125,375.25,8.769550717954965
2018-06-30,19.532250000000033,9.866360000000043,-4.018959999999993,1.9808202748857298,0.8544598787433983,16.52013015362911,29.55099027488575,5.9997802748857225,23.551210000000026,10.889837931750833,-9.64375,385.75,6.849677896398204
2018-07-01,20.037869999999998,10.004020000000025,-4.7613999999999805,2.017465761027779,0.8020393602449758,17.614755121272708,31.57813576102774,6.77886576102776,24.79926999999998,9.827613280872072,-10.0,613.625,1.5633612478082315
2018-07-02,19.854730000000018,10.588340000000017,-3.7384399999999687,1.9561574590455848,1.0473470382406163,16.00833449728617,29.28776745904554,5.6945974590455535,23.593169999999986,10.994006762217396,-10.0,428.75,8.033946762068677
2018-07-03,20.560900000000004,9.764949999999999,-4.523439999999994,1.8827084469729698,0.8509384100337343,18.053036857006703,31.49048844697296,6.4061484469729635,25.084339999999997,9.839913950365258,-3.05625,122.25,5.0477999576420975
2018-07-04,20.17217000000005,10.092280000000017,-4.993539999999996,1.7835709122160779,0.5188913270250168,17.375892239241125,31.94282091221612,6.777110912216074,25.165710000000047,9.654448921426763,-0.29375,11.75,2.8927715108630934
2018-07-05,20.96066000000002,9.839400000000012,-3.791879999999992,1.7208849366053869,0.7588495819998116,17.392874518605197,30.26530493660539,5.512764936605379,24.75254000000001,10.433711656090225,-0.9375,37.5,7.150486124737204
2018-07-06,18.45684,10.308130000000006,-4.5009000000000015,2.0719521328298924,0.7571244211494559,15.478686553979344,29.530592132829895,6.572852132829894,22.95774,10.993520486045952,-3.1875,127.5,6.220940251711487
2018-07-07,18.301660000000027,10.471920000000011,-4.262549999999976,2.033645608723816,0.6846400957474543,14.810575704471262,28.860405608723795,6.296195608723792,22.564210000000003,11.34846242388187,-6.825,273.0,4.773223239449565
2018-07-08,18.595240000000047,10.36062000000004,-3.755769999999984,2.112409505583571,0.8536451443570741,14.956444649940636,28.219189505583586,5.868179505583555,22.35101000000003,11.631399919624812,-4.725,189.0,2.804147290300113
2018-07-09,18.488950000000045,10.283380000000022,-3.7250699999999597,2.0807798088556524,0.7972448583447544,14.80866466720039,28.019869808855617,5.805849808855612,22.214020000000005,11.744816356822184,-1.56875,62.75,2.0731371127596088
2018-07-10,17.747299999999996,9.773250000000019,-3.5953700000000026,2.1166584153758095,1.0534354781864863,14.739513893562275,27.05469841537581,5.712028415375812,21.34267,12.300835575275812,-3.9125,156.5,5.778504726615028
2018-07-11,17.377800000000036,9.828270000000032,-3.5378000000000043,2.0330463146254942,1.0083158588575998,14.128692173483103,26.48644631462554,5.5708463146254985,20.91560000000004,12.634413449285034,-1.175,47.0,6.6209004184076665
2018-07-12,18.095500000000015,9.78290000000004,-3.381569999999954,2.0341244978102395,0.9076261268162398,14.635920624626408,26.892764497810163,5.415694497810193,21.47706999999997,12.35426164992083,-1.375,55.0,5.312429799343045
2018-07-13,17.65862000000004,10.12524000000002,-4.0849999999999795,2.0433579244066777,0.8856034648596847,14.547341389266364,27.87197792440668,6.128357924406657,21.74362000000002,11.910160405583213,-0.93125,37.25,5.592031050977804
2018-07-14,18.576999999999998,10.188469999999995,-3.1223999999999705,2.0113390472195647,1.1310786062168177,14.653347653436356,26.833139047219504,5.133739047219535,21.69939999999997,12.337218246792247,-0.0,0.0,5.389224884636604
2018-07-15,19.25762000000003,10.11650000000003,-3.5727599999999597,1.9814563606308297,0.9576378788948432,15.652974239525633,28.38459636063078,5.5542163606307895,22.83037999999999,11.497995431288587,-0.20625,8.25,1.9100917010963092
2018-07-16,18.203730000000007,9.704300000000046,-3.255740000000003,1.9873876048351917,1.0608293677673828,14.803386972602539,26.702597604835205,5.243127604835195,21.45947000000001,12.44276003326172,-0.49375,19.75,6.241854754118206
2018-07-17,18.692740000000015,10.222300000000018,-3.647299999999973,2.0293370863178097,0.9706322161148364,15.117709302432615,28.01667708631777,5.676637086317783,22.340039999999988,11.731907826516988,-0.009375,0.375,5.994346200580568
2018-07-18,19.026400000000024,10.646020000000021,-4.667519999999968,2.0016754439501483,0.9861827109780847,16.035758154928203,30.363115443950107,6.669195443950116,23.69391999999999,10.529073635452619,-0.540625,21.625,10.654336406982718
2018-07-19,18.533720000000017,10.108540000000005,-4.262999999999977,2.027347066189691,1.0335193830076719,15.749046449197351,29.08706706618966,6.290347066189668,22.796719999999993,11.212825962935199,-1.11875,44.75,11.454525799167161
2018-07-20,18.2072,10.55170000000004,-4.157199999999989,2.007851592284851,0.899454562970277,14.720006155255078,28.52945159228483,6.16505159228484,22.36439999999999,11.52684525444488,-1.675,67.0,8.683830725341732
2018-07-21,18.529300000000035,10.286580000000015,-3.625219999999956,2.0024502431143105,0.9714602203338814,14.841850463448168,27.782190243114258,5.627670243114267,22.15451999999999,11.868391230358725,-0.0,0.0,7.142054571733435
2018-07-22,19.344629999999995,9.994230000000016,-3.7111999999999625,1.948852940190534,0.8448213648412661,15.855274305031742,28.715882940190454,5.660052940190496,23.055829999999958,11.327214223130397,-0.00625,0.25,7.683602387752808
2018-07-23,18.422200000000032,10.214870000000019,-3.709199999999953,2.103131558537825,1.011987130174873,15.031648688712664,27.943731558537763,5.812331558537778,22.131399999999985,11.786607381998465,-2.125,85.0,5.523560286207639
2018-07-24,18.954679999999996,10.52328,-3.152559999999994,2.0252191737656062,1.0265568156827953,14.635735989448392,27.28501917376559,5.1777791737656,22.10723999999999,12.072264838703234,-2.08125,83.25,9.764682542676095
2018-07-25,19.397500000000036,10.283400000000029,-1.3548299999999927,1.976231772636197,1.0331531468720527,13.47831491950825,24.08339177263622,3.3310617726361897,20.75233000000003,13.63598776395122,-2.03125,81.25,7.39821629829859
2018-07-26,19.227800000000002,10.935100000000034,-2.6984999999999673,2.0505495022772493,0.9178393382856598,13.959588840562844,26.675349502277186,4.749049502277217,21.92629999999997,12.348827531132372,-0.45,18.0,0.7759985227586469
2018-07-27,18.796080000000018,10.032399999999996,-4.159599999999955,2.0298976022363036,0.9894424355271099,15.94262003776339,29.14517760223623,6.1894976022362584,22.955679999999973,11.156988048013204,-6.21875,248.75,8.490316858243506
2018-07-28,19.650500000000022,11.041830000000004,-4.797059999999988,2.0457922001772886,0.9542239660752898,16.405746166252584,31.290412200177286,6.842852200177276,24.44756000000001,10.003072677450973,-4.9875,199.5,9.335428629659603
2018-07-29,20.813469999999995,10.587550000000022,-5.187999999999988,1.9801088375966742,0.8159646413275823,18.20999347892422,33.169578837596646,7.168108837596662,26.001469999999983,8.971023579143662,-10.0,647.5,10.563881137931194
2018-07-30,20.959249999999997,10.446200000000033,-6.296669999999949,1.9398914031093568,0.7593270628872801,19.50893846599655,35.49248140310925,8.236561403109306,27.255919999999946,7.801363191160533,-10.0,620.0,6.444023691868076
2018-07-31,18.53066000000001,10.608480000000043,-5.763279999999952,2.028637251398834,0.7082785655845782,16.422375816983333,32.08585725139875,7.791917251398786,24.293939999999964,9.71359132666845,-5.046875,201.875,7.096591747742625
2018-08-01,18.163020000000017,10.113730000000032,-5.906229999999994,1.963837645541446,0.6158436799953506,16.535201325536775,31.93931764554145,7.87006764554144,24.06925000000001,9.831248121421993,-3.675,147.0,4.14785052923988
2018-08-02,20.06990000000002,9.98440000000005,-4.535199999999975,1.892053845327382,0.7560590411840167,17.26881288651134,31.03235384532735,6.427253845327357,24.605099999999993,10.109695235271545,-9.08125,363.25,2.7838637257791845
2018-08-03,18.37850000000003,9.496800000000007,-4.862459999999999,1.836013776720165,0.7116151278957545,16.29178890461594,29.939433776720193,6.698473776720164,23.24096000000003,10.82247534515551,-1.74375,69.75,7.832616871611383
2018-08-04,19.648130000000037,10.040800000000047,-5.080359999999985,1.8876109945564963,0.6057636466201188,17.18106464117659,31.696460994556503,6.967970994556481,24.728490000000022,9.815272559980997,-3.44375,137.75,5.361547758867251
2018-08-05,19.548500000000047,9.795920000000024,-4.027379999999994,1.8669647025593008,0.6736383799959071,16.320563082555225,29.470224702559335,5.8943447025592945,23.57588000000004,10.939701613807756,-2.41875,96.75,5.233371374836591
2018-08-06,19.294150000000002,9.203670000000045,-5.111819999999966,1.8618136915360992,0.5117908061033631,17.575904497639385,31.379603691536033,6.973633691536065,24.405969999999968,10.008809119248781,-2.125,85.0,9.744172157836305
2018-08-07,17.63240000000002,9.369100000000003,-5.5323999999999955,1.973484880583385,0.9125713470950245,16.68175622767842,30.670684880583394,7.50588488058338,23.164800000000014,10.521383261071549,-1.34375,53.75,9.533384370490504
2018-08-08,18.357200000000034,10.168180000000007,-5.341039999999964,1.9918327634865705,0.9064406206281319,16.428333384114694,31.031112763486533,7.3328727634865345,23.69824,10.261910705706555,-3.075,123.0,3.864512170840892
2018-08-09,18.72314,10.021450000000016,-5.112829999999974,1.9697982617936987,0.8930800044140028,16.67739826620766,30.918598261793647,7.082628261793673,23.835969999999975,10.283780523056123,-2.45,98.0,6.802521159246272
2018-08-10,18.172000000000025,9.738730000000032,-4.725499999999954,2.0140382214764827,0.8684903700822133,16.041298591558643,29.637038221476416,6.739538221476437,22.89749999999998,10.976190859350027,-5.3875,215.5,6.950907449998379
2018-08-11,17.05453,9.1567,-4.998079999999959,1.961450376133314,0.8477133004196844,15.705073676552956,29.01214037613323,6.959530376133273,22.05260999999996,11.417039998364146,-1.71875,68.75,7.127015077699938
2018-08-12,17.267179999999996,9.61080000000004,-4.2005399999999895,1.9595643210906815,0.7584053600711513,14.574889681161778,27.627824321090657,6.160104321090671,21.467719999999986,12.084292352454554,-6.225,249.0,4.191847613744121
2018-08-13,17.85116000000005,9.153160000000014,-4.208619999999996,1.9535948712060645,1.0168199529161939,15.87703482412229,28.221994871206107,6.162214871206061,22.059780000000046,11.723984820096234,-3.64375,145.75,4.940217697308509
2018-08-14,18.123680000000036,10.410060000000044,-4.037499999999966,2.097138907240776,1.1970978509983183,15.045356758239052,28.295818907240744,6.134638907240742,22.16118,11.642800116661022,-4.49375,179.75,12.153622787361481
2018-08-15,18.03140000000002,10.416680000000042,-5.237899999999968,2.0854762714266712,1.0110050835235143,15.94910135495013,30.592676271426626,7.323376271426639,23.269299999999987,10.505114426326145,-6.88125,275.25,10.512039213348803
2018-08-16,18.41790000000003,10.711720000000014,-4.380399999999952,1.9215596887557354,1.0631364333879674,15.071276122143672,29.10025968875567,6.301959688755687,22.798299999999983,11.229113232468933,-0.7,28.0,6.37961344437257
2018-08-17,19.20342000000005,10.653830000000028,-3.5576999999999543,2.000296057079993,0.8603230458288635,14.967909102908834,28.319116057079952,5.557996057079947,22.761120000000005,11.53426484730727,-0.175,7.0,6.025214322900162
2018-08-18,19.181050000000027,9.885400000000004,-4.6340999999999894,1.9362096508762079,0.8577509890234296,16.72371063989965,30.385459650876214,6.570309650876197,23.815150000000017,10.509453542147128,-0.65,26.0,4.782978985223624
2018-08-19,18.676840000000027,10.027300000000025,-4.47793999999999,1.9511461715823657,0.8138461996198316,15.892472371202189,29.583866171582372,6.429086171582355,23.154780000000017,10.95781283545142,-0.2625,10.5,7.918490579982784
2018-08-20,18.359980000000007,9.842129999999997,-3.7754999999999654,1.9452153353272479,0.7735049511842362,15.01207028651146,27.856195335327186,5.720715335327213,22.135479999999973,11.854313648017524,-0.45,18.0,6.706694404288272
2018-08-21,19.448080000000004,9.788960000000031,-2.472879999999975,1.837367144272207,0.7907271615350169,14.760094305807172,26.23120714427216,4.310247144272182,21.92095999999998,12.571376180698337,-0.8125,32.5,8.767433767580723
2018-08-22,19.550400000000025,10.363820000000032,-3.161139999999989,1.9304173518355583,0.8194670464808382,15.097604398316378,27.80309735183556,5.091557351835547,22.711540000000014,11.767093628502096,-1.70625,68.25,7.214165517534608
2018-08-23,19.338160000000016,9.755600000000015,-3.675399999999968,1.8821291991403086,1.0925989774393656,16.232688176579643,28.57108919914026,5.557529199140276,23.013559999999984,11.407074639385542,-0.9875,39.5,10.780707548395892
2018-08-24,19.36608000000001,9.535500000000013,-4.880439999999965,1.8960612766517784,0.889564001138865,17.496645277790606,31.02302127665172,6.776501276651743,24.246519999999975,10.177203825277957,-6.490625,259.625,9.42366525724518
2018-08-25,19.819330000000036,9.840360000000032,-5.358159999999998,1.8989460873723374,0.7794657732526957,18.015541860625035,32.43459608737237,7.257106087372335,25.177490000000034,9.42930230226392,-6.425,257.0,6.726693932962856
2018-08-26,18.064660000000003,9.276820000000043,-5.665779999999984,2.0327954923839684,0.8643775559964979,17.35079304838041,31.42901549238394,7.698575492383952,23.730439999999987,10.089500132553155,-10.0,561.0,4.1174537891769285
2018-08-27,17.42568,9.63900000000001,-5.125599999999963,1.9602737213116939,1.0505896848741259,15.923143406185773,29.63715372131162,7.085873721311657,22.551279999999963,11.062554411253586,-1.15625,46.25,7.250744541026402
2018-08-28,18.338130000000035,9.69810000000001,-4.824739999999963,1.9610860176924803,0.9279999630210796,16.353855980713547,29.94869601769244,6.785826017692443,23.162869999999998,10.808426042899043,-2.93125,117.25,4.788555307556349
2018-08-29,18.722800000000007,9.688440000000014,-3.8969999999999914,1.9553452053445994,1.0181946571383378,15.904899862482921,28.47214520534459,5.852345205344591,22.619799999999998,11.5084493816953,-6.4,256.0,5.715267402174306
2018-08-30,19.463220000000035,9.829920000000016,-4.046579999999949,1.9485457161430872,0.9570136091987251,16.58543932534178,29.50492571614302,5.995125716143036,23.509799999999984,10.922278301149333,-4.2375,169.5,4.00354976711594
2018-08-31,19.340570000000014,9.410670000000039,-5.185299999999984,1.923343506786523,0.8966045588893508,17.935148065675833,31.634513506786504,7.108643506786507,24.525869999999998,9.870919833526159,-10.0,761.25,3.868897858345565
2018-09-01,19.817800000000034,9.450800000000015,-4.928299999999979,1.8047999617442656,0.7524188843950128,17.852518846139276,31.479199961744257,6.733099961744244,24.746100000000013,9.916316449745125,-0.0875,3.5,1.2736507896686002
2018-09-02,20.21386000000001,9.354399999999998,-3.3527599999999893,1.7947088318706506,0.5177687483173372,16.52469758018799,28.71408883187064,5.14746883187064,23.56662,11.264199454757204,-3.825,153.0,4.047313366480669
2018-09-03,20.445520000000045,9.551170000000013,-3.551819999999964,1.6438034945107916,-0.6988885652358476,15.391084929274939,29.192963494510764,5.195623494510755,23.99734000000001,11.01838794000929,-0.61875,24.75,5.939209662924947
2018-09-04,20.51293000000004,8.970880000000022,-4.974519999999984,1.6912328109773966,0.47547485012842117,18.68327766110582,32.153202810977405,6.665752810977381,25.487450000000024,9.528581517433906,-0.2,8.0,0.12496902320659314
2018-09-05,19.93118000000004,8.89733000000001,-5.212319999999977,1.6766960433444638,0.5361554107379902,18.45902145408246,32.03251604334446,6.889016043344441,25.143500000000017,9.64086688508371,-0.09375,3.75,2.8067455965193933
2018-09-06,19.97323,9.15945000000005,-4.999549999999999,1.8356529310905216,0.37588978958751795,18.02487272067799,31.80798293109052,6.835202931090521,24.97278,9.73550816825832,-2.05,82.0,4.691114022023477
2018-09-07,19.39390000000003,9.076870000000042,-5.1976399999999785,1.802713156955349,0.5989522059185788,17.916335362873895,31.591893156955337,7.0003531569553274,24.59154000000001,9.899361207479728,-1.45625,58.25,6.032496197828844
2018-09-08,20.20852000000002,9.594539999999995,-3.8766200000000026,1.7261557834084442,0.6833038015242323,16.900059584932706,29.68791578340847,5.602775783408447,24.085140000000024,10.784121338411751,-0.0,0.0,4.483643510540098
2018-09-09,21.425070000000005,9.699730000000045,-3.93295999999998,1.642222398140575,0.39952132919881933,17.700043727339335,30.93321239814054,5.575182398140555,25.358029999999985,10.069704787066712,-0.0,0.0,7.217579120792951
2018-09-10,19.614800000000002,9.36984000000001,-4.504599999999982,1.8664737059440313,0.6455838649368957,17.2616175708809,30.490473705943998,6.3710737059440135,24.119399999999985,10.423345360212124,-2.5375,101.5,5.880668087525652
2018-09-11,21.27615000000003,10.157560000000046,-4.716349999999977,1.9242171299916322,0.8630404892679735,18.622197619259566,32.633067129991616,6.640567129991609,25.992500000000007,9.208396373166636,-7.75625,310.25,4.056145413289963
2018-09-12,21.322100000000034,10.271050000000002,-5.055459999999982,1.9698570843144694,0.7889183731507501,18.865285457465234,33.40287708431447,7.025317084314452,26.377560000000017,8.816193734518947,-10.0,1153.25,4.61303433209154
2018-09-13,20.928160000000048,9.533960000000036,-4.9455299999999625,1.8314664644750565,0.9872184362943699,19.1584149007694,32.65068646447503,6.776996464475019,25.87369000000001,9.234325846371746,-3.5375,141.5,4.884145398013931
2018-09-14,21.02642000000003,9.715800000000002,-4.811199999999985,1.8881118160870187,0.9965248676752481,19.00645668376228,32.53693181608702,6.699311816087004,25.837620000000015,9.278804395852148,-9.1875,367.5,7.969037950044691
2018-09-15,21.026400000000024,9.64178000000004,-4.906599999999969,1.934746328722781,0.8917936579001662,19.1177599866229,32.77434632872274,6.84134632872275,25.932999999999993,9.15597134656673,-10.0,1095.5,6.860147328455509
2018-09-16,21.387380000000007,9.788630000000012,-4.993569999999977,1.9729699784581385,0.798429792673744,19.363719771131855,33.3474899784581,6.9665399784581155,26.380949999999984,8.838501599348547,-10.0,853.25,6.383619919174093
2018-09-17,19.958460000000002,9.28230000000002,-6.272619999999961,1.8869899933215493,0.6429955710491413,19.478765564370633,34.39068999332147,8.15960999332151,26.231079999999963,8.440680384563677,-10.0,491.25,5.755728667207688
2018-09-18,21.258000000000038,9.63820000000004,-5.534119999999973,1.5557582414134004,0.06993423736344084,18.779612478776812,33.881998241413385,7.089878241413373,26.79212000000001,8.61461223402631,-0.00625,0.25,6.936083621856786
2018-09-19,20.16192000000001,8.816250000000025,-5.377539999999954,1.6820435723580545,0.37257870366232737,18.77783227602032,32.59904357235797,7.059583572358008,25.539459999999963,9.336389713366316,-0.3375,13.5,4.073251854167391
2018-09-20,19.564480000000003,9.270320000000027,-4.208649999999977,1.8424036762885407,0.9761266542268459,17.32134033051534,29.8241836762885,6.051053676288518,23.77312999999998,10.763458287381638,-5.25625,210.25,2.190259160281607
2018-09-21,19.586940000000027,10.67837000000003,-4.557699999999954,1.51103684523099,-0.3706616115446195,14.606645233686322,30.213376845230925,6.068736845230944,24.14463999999998,10.596394720875537,-0.0,0.0,3.061768621386943
2018-09-22,21.157700000000034,8.113580000000013,-2.375099999999975,1.467328024469225,0.5625668067553988,17.44911483122462,27.37522802446921,3.8424280244692,23.53280000000001,11.882356818412973,-0.0125,0.5,3.6172143960556533
2018-09-23,20.548879999999997,9.807240000000036,-4.330330000000004,1.9273727862179726,0.8828100585694756,17.882152844787413,31.136912786217977,6.257702786217976,24.87921,10.013681920043894,-8.875,355.0,3.23994372391718
2018-09-24,20.201900000000023,10.330070000000035,-4.945259999999962,1.9144090851781357,0.727246038132705,17.45874512331079,32.00682908517808,6.859669085178098,25.147159999999985,9.60875785146402,-5.8875,235.5,6.216975672783861
2018-09-25,20.72040000000004,9.96893,-4.70456999999999,2.079410349611919,0.8061603484495095,18.34161069806146,32.20895034961194,6.783980349611909,25.42497000000003,9.450003628773743,-10.0,1812.0,3.5125582416719197
2018-09-26,20.38357000000002,10.271479999999997,-4.209049999999991,1.980245765051336,0.8310868005721659,17.132472565623516,30.781915765051338,6.189295765051327,24.59262000000001,10.199200160705061,-10.0,521.875,3.516966285608872
2018-09-27,21.21487000000002,9.75410000000005,-4.973699999999951,1.9556561385377336,0.7984624867620482,19.1885886252997,33.117926138537655,6.929356138537685,26.18856999999997,8.968148553692458,-10.0,607.0,2.290518805733812
2018-09-28,20.189900000000023,9.821200000000033,-4.348729999999989,2.0509232666986463,0.7558782962165651,17.52423156291519,30.938283266698647,6.399653266698635,24.538630000000012,10.131586136426392,-10.0,916.5,3.0159121033801983
2018-09-29,21.210350000000005,10.554300000000012,-4.579529999999977,1.859118167931399,0.8277311742031088,17.92242934213448,32.22852816793136,6.438648167931376,25.789879999999982,9.421079822462104,-1.79375,71.75,0.9422951772217871
2018-09-30,21.47980000000001,10.436640000000011,-4.054849999999988,2.011098965004635,0.764837539373957,17.87394650437858,31.60059896500462,6.0659489650046226,25.53465,9.701615692882058,-10.0,901.5,2.070640968977684
2018-10-01,21.197840000000042,10.72442000000001,-5.0429999999999495,1.8694421761454691,0.6259474101395881,18.01180958628504,33.15328217614541,6.912442176145419,26.24083999999999,8.958881545713382,-2.0375,81.5,2.267271152897872
2018-10-02,21.00740000000002,10.27290000000005,-4.683539999999994,1.93973895488773,0.7191453675248454,18.076924322412538,32.314218954887735,6.623278954887724,25.690940000000012,9.386986762161769,-5.65625,226.25,3.6284172382274136
2018-10-03,20.17470000000003,9.788229999999999,-4.473059999999975,1.926337762373123,0.9437675121142775,17.729635274487407,31.047157762373104,6.399397762373098,24.647760000000005,10.089966960858305,-5.684375,227.375,3.0518727982991853
2018-10-04,18.872400000000027,11.080470000000048,-4.403969999999958,1.8624918507797474,0.6508356765166923,14.709227527296378,29.54283185077969,6.266461850779706,23.276369999999986,10.968197965351465,-3.54375,141.75,6.336726264680385
2018-10-05,18.23852000000005,11.23544000000004,-4.230169999999987,2.054660600207569,0.6031343846817094,13.891044984889277,28.753520600207594,6.284830600207556,22.468690000000038,11.406546802818013,-0.60625,24.25,5.430412274090638
2018-10-06,18.929250000000025,9.755200000000002,-4.106359999999995,2.030997472461422,0.897139003248526,16.208546475709966,29.172967472461437,6.137357472461417,23.03561000000002,11.129978473660515,-9.08125,363.25,1.1619770933966647
2018-10-07,20.627530000000036,9.650930000000017,-4.1503999999999905,1.7710437385635487,0.6827117121189303,17.58075545068249,30.699373738563565,5.921443738563539,24.777930000000026,10.23912747878154,-0.5,20.0,2.421351289281198
2018-10-08,20.40646000000004,9.043900000000008,-4.446079999999995,1.8534602298307163,1.0003440895270614,18.662444319357803,31.152080229830744,6.299540229830711,24.852540000000033,10.024327179560146,-5.678125,227.125,3.708224568889769
2018-10-09,20.260550000000023,8.910360000000026,-5.019869999999969,1.7318505510223758,0.8993755417744183,19.00128609279676,32.03214055102234,6.751720551022345,25.280419999999992,9.607231961948514,-3.625,145.0,1.019072283257891
2018-10-10,21.57030000000003,8.814170000000047,-3.0207999999999515,1.3326162148778167,-0.01329953483616464,17.096246680041588,28.94451621487775,4.353416214877768,24.591099999999983,11.074700881616877,-0.0125,0.5,1.179841767493866
2018-10-11,22.271659999999997,7.420470000000023,-1.7745699999999829,1.2090357613180913,0.4434932985018918,18.27828905981994,27.029835761318054,2.983605761318074,24.04622999999998,11.987135227596468,-1.340625,53.625,3.088016174448445
2018-10-12,22.345240000000047,8.204600000000028,-2.6719699999999875,1.3585950386013792,0.3523133030942063,18.523518341695592,29.0477750386014,4.030565038601367,25.017210000000034,10.964554478239506,-1.9375,77.5,5.380962110839934
2018-10-13,22.16628000000003,8.620900000000006,-3.9923,1.5195363891094757,0.5391849033756557,19.596401292485154,31.670416389109505,5.511836389109476,26.15858000000003,9.655163506842086,-1.7625,70.5,7.082594423545915
2018-10-14,21.04946000000001,9.966420000000028,-4.955099999999959,1.95893047334431,0.6422178416797806,18.639288315024032,32.91859047334424,6.914030473344269,26.00455999999997,9.079965701045921,-10.0,1411.0,6.2531277779626775
2018-10-15,20.647670000000005,10.170980000000043,-5.314999999999998,1.9884425731458464,0.8392348171958588,18.619367390341665,33.26611257314585,7.303442573145844,25.962670000000003,8.935586922489392,-10.0,1393.625,6.818988509930031
2018-10-16,19.083280000000002,9.693930000000023,-5.373499999999979,2.053434663064877,0.7265872079487963,17.54287187101363,31.883714663064836,7.426934663064856,24.45677999999998,9.758022404758663,-10.0,977.375,7.503508156855458
2018-10-17,19.317650000000015,8.773000000000025,-5.581979999999987,1.9698979738100775,0.7353221752837271,18.831850149093782,32.45150797381007,7.551877973810065,24.899630000000002,9.45959611625392,-10.0,1034.125,8.874688588430033
2018-10-18,18.61617000000001,9.374780000000044,-5.91946999999999,2.0024606734387476,0.6645349593841274,17.827855632822832,32.45757067343874,7.921930673438737,24.53564,9.521998717379404,-10.0,1285.5,5.824091079670486
2018-10-19,18.815269999999998,9.452780000000018,-5.620579999999961,1.9756009859618757,0.6737153550032531,17.63238634096507,32.032030985961796,7.596180985961837,24.43584999999996,9.716906778200496,-10.0,883.75,7.1202094806503045
2018-10-20,20.25768000000005,10.326800000000048,-4.908579999999972,0.8038404819758966,-0.37687862931335303,15.266421852662518,30.87868048197589,5.712420481975869,25.166260000000023,10.25104868170564,-0.0,0.0,3.0631205233147454
2018-10-21,19.005460000000028,8.59250000000003,-4.401739999999961,1.6842013347458078,0.8629987393448459,17.361900074090613,29.493141334745758,6.085941334745769,23.40719999999999,10.996327898954576,-3.684375,147.375,6.470056145426733
2018-10-22,20.76248000000004,10.675350000000037,-5.024149999999963,1.0883067583191064,-0.70222849743908,15.497358260879992,31.899086758319072,6.11245675831907,25.786630000000002,9.679004206075035,-0.0,0.0,2.906350860179413
2018-10-23,21.20736000000005,9.75,-5.399399999999957,1.1599179584507624,-0.8210173334768456,17.195660624973925,33.16607795845073,6.55931795845072,26.60676000000001,9.003060649626207,-0.0,0.0,5.512659540969711
2018-10-24,20.90927000000005,9.319119999999998,-3.7321000000000026,1.0824528054749294,-0.8147818625539003,15.589920942921083,29.455922805474984,4.814552805474932,24.64137000000005,10.888325413782752,-0.0,0.0,5.776052817391858
2018-10-25,20.187160000000006,9.290369999999996,-5.421639999999968,1.3574350278838097,-0.5529471022857706,17.122917925598017,32.38787502788375,6.779075027883778,25.608799999999974,9.46588727402883,-0.0,0.0,5.389143033600361
2018-10-26,19.820280000000025,8.455300000000022,-4.375739999999951,1.4751078231812471,0.051722737678005615,17.267550560859206,30.046867823181174,5.850847823181198,24.196019999999976,10.660224382829597,-0.0,0.0,9.907694280163918
2018-10-27,20.50314000000003,8.250940000000014,-4.639899999999955,0.9785607732506492,-0.10327444588591561,17.767386327364704,30.76150077325059,5.618460773250604,25.143039999999985,10.277005241041309,-0.0,0.0,8.43884625608486
2018-10-28,20.846460000000036,9.39100000000002,-4.354349999999954,0.7157597170808572,-1.1283818774023189,15.397187839678509,30.2709197170808,5.070109717080811,25.20080999999999,10.507514852516238,-0.0,0.0,10.986576565841382
2018-10-29,20.237000000000023,9.585840000000019,-2.922399999999982,0.6320659870360146,-0.8920054809257749,13.313620506110226,26.713865987036,3.5544659870359965,23.159400000000005,12.345989497817015,-0.0,0.0,4.462081729093263
2018-10-30,20.531060000000025,10.318870000000004,-4.3861799999999675,1.2059554439552471,-1.0448684191071607,14.759457024848075,30.509375443955207,5.592135443955215,24.917239999999993,10.385843966234063,-0.0,0.0,1.9828471373164045
2018-10-31,21.68130000000002,9.266840000000002,-3.4894199999999955,1.4982647184618259,0.2202760417422951,17.622420760204136,30.15840471846184,4.987684718461821,25.170720000000017,10.448051653990888,-0.0625,2.5,4.634438064893617
2018-11-01,20.09677000000005,8.97756000000004,-4.4182799999999816,1.6295512117140447,0.7285776994090725,17.89561891112311,30.562881211714057,6.047831211714026,24.51505000000003,10.36458794896248,-0.0,0.0,1.3074729476155476
2018-11-02,18.223299999999995,10.010100000000023,-4.302859999999953,1.8693045377128783,0.8399663339585572,15.22533087167136,28.69832453771278,6.172164537712831,22.526159999999948,11.455038603073604,-6.80625,272.25,3.24864707506842
2018-11-03,18.269800000000032,9.966580000000022,-4.900459999999953,1.9802976680536517,0.8647473234054814,16.048724991459096,30.05101766805359,6.8807576680536044,23.170259999999985,10.76202128669263,-1.996875,79.875,1.6531925469681834
2018-11-04,19.493070000000046,9.389499999999998,-4.351229999999987,1.8799672382612016,0.7563534542984485,17.091120692559684,30.07549723826122,6.231197238261188,23.844300000000032,10.641009463023522,-0.95,38.0,2.662409887947654
2018-11-05,19.967129999999997,9.157250000000033,-5.183499999999981,1.6530710059934677,0.33283848810930294,17.979289494102716,31.987201005993427,6.836571005993449,25.15062999999998,9.66207188319271,-0.265625,10.625,4.527275929993369
2018-11-06,20.374540000000025,8.130030000000033,-4.369359999999972,1.5603489933827177,0.44412114651640877,18.61834013989909,30.673608993382686,5.92970899338269,24.743899999999996,10.290850177048299,-0.0,0.0,3.014370363378132
2018-11-07,20.142800000000022,10.81940000000003,-4.521770000000004,0.7964653127129395,-1.4647861213221631,13.176849191390772,29.98280531271297,5.318235312712943,24.664570000000026,10.710558787868422,-0.0,0.0,0.7514710420085992
2018-11-08,20.076750000000004,9.01950000000005,-5.101259999999968,1.0786048864113127,0.5660298542417763,17.80314474065301,31.357874886411253,6.179864886411281,25.178009999999972,10.011022334760924,-0.0,0.0,4.522930486948926
2018-11-09,20.655100000000004,9.197780000000023,-4.2269000000000005,1.2729833490925557,-0.19556286059065542,16.761640488501882,30.38188334909256,5.499883349092556,24.882000000000005,10.43394552481584,-0.0,0.0,4.6292749096020325
2018-11-10,20.633700000000033,8.639370000000042,-2.839179999999999,0.8962782593059728,-1.1897943009984147,14.539993958307548,27.208338259306004,3.7354582593059718,23.472880000000032,12.047536469231943,-0.0,0.0,2.2621065853981417
2018-11-11,21.136160000000018,9.253780000000006,-3.5553999999999633,0.5892631605490806,-2.4171804029186887,13.609862757630367,28.836223160549025,4.144663160549044,24.69155999999998,11.205498280760935,-0.0,0.0,7.451703282586116
2018-11-12,20.78045000000003,9.971900000000005,-3.68059999999997,0.6950401566302844,-2.0129799889939477,13.171210167636332,28.836690156630254,4.375640156630254,24.46105,11.231374160120197,-0.0,0.0,11.686426020126806
2018-11-13,20.933700000000044,10.188320000000033,-3.268129999999985,0.25967703835391376,-2.643479024874466,11.629708013479444,27.72963703835393,3.527807038353899,24.20183000000003,11.791791117587195,-0.0,0.0,6.686722188983873
2018-11-14,21.85522000000003,10.31185000000005,-4.033419999999978,0.28680961297936847,-1.8380583803362924,14.025541232643036,30.208869612979356,4.320229612979347,25.88864000000001,10.471955479592964,-0.0,0.0,7.595808309219179
2018-11-15,19.017970000000048,10.552120000000002,-3.5051599999999894,1.8136922157142976,1.0232417924395918,14.807944008153925,27.841982215714324,5.318852215714287,22.523130000000037,11.809037994319226,-0.0125,0.5,6.161475422814653
2018-11-16,17.5206,10.653040000000033,-4.2502999999999815,1.8432450053477396,0.6112031655459873,13.572308170893677,27.864445005347704,6.093545005347721,21.770899999999983,11.951055405655893,-0.0125,0.5,5.1329480514295
2018-11-17,20.700950000000034,10.225270000000023,-4.780679999999961,1.6748926402023017,0.6668034323381562,17.59805607254043,31.93720264020226,6.455572640202263,25.481629999999996,9.622108394275187,-0.01875,0.75,7.080629290939969
2018-11-18,20.515700000000038,9.622460000000046,-5.108979999999974,1.8532621490468841,0.8001831327025002,18.65566528174935,32.58692214904687,6.962242149046858,25.624680000000012,9.298013920812593,-3.15,126.0,2.848592249703012
2018-11-19,20.356960000000015,9.065150000000017,-4.838229999999953,1.7244599917416963,0.6863445467497513,18.5408445384914,31.757879991741618,6.5626899917416495,25.195189999999968,9.736983007811602,-0.528125,21.125,5.6958672012254805
2018-11-20,20.60336000000001,8.097000000000037,-4.4716999999999985,1.4877190819001385,0.21304314104168043,18.67882222294179,31.034479081900145,5.959419081900137,25.075060000000008,10.096740203822435,-0.0,0.0,4.69783327418318
2018-11-21,16.77140000000003,8.576620000000048,-3.303200000000004,1.7915226746665667,0.9665161950075003,14.256018869674051,25.169322674666603,5.094722674666571,20.074600000000032,13.390848173607196,-1.1125,44.5,9.399855553919576
2018-11-22,17.159880000000044,9.557119999999998,-4.393959999999993,2.003589177995707,0.8070869220844088,14.807396100080155,27.951389177995736,6.3975491779957,21.553840000000037,11.930341789623242,-0.3375,13.5,9.393808024582114
2018-11-23,17.588040000000035,9.440179999999998,-5.295749999999998,1.967885005874109,0.908992110096392,16.320487115970536,30.14742500587414,7.263635005874107,22.883790000000033,10.788614537621072,-3.35,134.0,4.420393814707338
2018-11-24,19.630460000000028,10.125200000000007,-3.0606799999999907,1.6582764884502126,0.6132534205176512,14.837469908967876,27.410096488450222,4.718956488450203,22.69114000000002,11.98095305595433,-0.540625,21.625,5.394728583770732
2018-11-25,20.275720000000035,10.433440000000019,-3.348269999999957,1.57316454668279,0.403832290878654,15.167546837561417,28.54542454668274,4.921434546682747,23.623989999999992,11.362785760074757,-0.796875,31.875,3.6336811473989794
2018-11-26,19.903650000000027,12.020500000000027,-2.7688999999999737,1.3263849761768824,-1.6449646000253892,10.333470376151467,26.767834976176857,4.095284976176856,22.67255,12.304427456194844,-0.0,0.0,8.838539932374738
2018-11-27,18.305260000000033,10.89065000000005,-1.8956000000000017,1.0623094597647764,-2.315738257024748,8.056781202740012,23.158769459764812,2.957909459764778,20.200860000000034,14.290405833925035,-0.0,0.0,8.723886863655485
2018-11-28,18.777600000000007,10.166470000000004,-2.7819599999999696,1.4100827341090394,-1.9081598303930605,10.895012903715951,25.751602734108985,4.192042734109009,21.559559999999976,12.914779417257648,-0.0,0.0,0.8108537566125535
2018-11-29,18.212060000000008,9.984640000000013,-4.55911999999995,1.70844673412239,-0.8219319416010649,13.67305479252127,29.0387467341223,6.26756673412234,22.77117999999996,11.303026094242625,-0.059375,2.375,0.932893494808378
2018-11-30,20.117520000000013,9.983900000000006,-3.7801599999999667,1.3875392920465401,-0.8466253584445553,14.454693933601959,29.065379292046487,5.167699292046507,23.89767999999998,11.13144746443055,-0.0,0.0,2.880872150977209
2018-12-01,20.069970000000012,8.613730000000032,-3.3067399999999907,1.1174208012789109,-2.523298284898999,13.357102516379882,27.800870801278904,4.4241608012789015,23.376710000000003,11.787199813721827,-0.11875,4.75,4.59137268578055
2018-12-02,19.348780000000033,10.395840000000021,-3.128819999999962,1.0299647851418285,-4.752394116174116,8.359330668967687,26.636384785141786,4.1587847851417905,22.477599999999995,12.444904156184748,-0.0,0.0,3.9847241952201755
2018-12-03,18.20114000000001,9.192650000000015,-4.981479999999976,1.5331960585868387,0.27910221608584607,15.802268274672656,29.6972960585868,6.514676058586815,23.182619999999986,10.991745217003938,-0.00625,0.25,7.14285194048836
2018-12-04,18.18813,9.25454000000002,-5.4153199999999515,1.9397481903174025,0.9802937315779445,17.26895192189528,30.958518190317307,7.355068190317354,23.603449999999953,10.321339583867939,-1.69375,67.75,6.130409036485657
2018-12-05,20.120400000000018,9.221000000000004,-6.139169999999979,1.716005827771255,0.6085787042956667,19.363154532066915,34.11474582777123,7.855175827771234,26.259569999999997,8.57877464467225,-0.396875,15.875,7.882659224938064
2018-12-06,19.587180000000046,9.033650000000023,-4.61642999999998,1.7643573711221734,0.7992139002533349,17.73353127137551,30.58439737112218,6.380787371122153,24.203610000000026,10.387993744053972,-0.24375,9.75,11.941294997242375
2018-12-07,19.69595000000004,8.769530000000032,-5.3254799999999705,1.461842458910894,0.5195936034959914,18.233336062406863,31.808752458910874,6.7873224589108645,25.02143000000001,9.792431900440874,-0.0,0.0,9.576970071473495
2018-12-08,19.628700000000038,7.137780000000021,-5.908639999999991,1.5916951582524916,0.5637891947582716,20.55504435301077,33.03767515825251,7.500335158252483,25.53734000000003,9.173376284252072,-0.471875,18.875,8.368997954337736
2018-12-09,20.68100000000004,8.099270000000047,-6.2783000000000015,1.2948276941065728,-0.22167198238378205,19.933185711722786,34.532427694106616,7.573127694106574,26.95930000000004,8.35490632633281,-0.0,0.0,10.285754250921002
2018-12-10,20.80068,6.663960000000031,-4.489629999999977,1.2958886445681514,-0.02713402178414981,19.895104622783947,31.075828644568105,5.785518644568128,25.290309999999977,10.07280122771067,-0.053125,2.125,14.222058141361934
2018-12-11,20.90536000000003,6.786699999999996,-6.002229999999997,1.4607747521320675,0.5910285068455892,22.172693258977688,34.37059475213209,7.463004752132065,26.907590000000027,8.40477247281774,-0.709375,28.375,9.328469136486346
2018-12-12,21.03152,6.9039600000000405,-5.70939999999996,1.4015314727104737,0.456104755671106,21.6945962283815,33.85185147271039,7.110931472710433,26.74091999999996,8.658790378277047,-0.275,11.0,5.760603310363666
2018-12-13,19.51815000000005,10.912930000000017,-5.74973,1.5096906668109114,-1.7069301580401088,14.157710508770833,32.52730066681096,7.259420666810911,25.267880000000048,9.44588218515048,-0.446875,17.875,13.895044465036497
2018-12-14,20.44332000000003,5.173600000000022,-2.8450699999999642,0.9845142737720494,0.3859751900551487,19.48527946382717,27.117974273772006,3.8295842737720136,23.288389999999993,12.103335455668969,-0.10625,4.25,9.460091239160613
2018-12-15,19.419920000000047,7.6819000000000415,-4.412629999999979,1.0426921454203466,-1.3897000684087288,15.803642077011602,29.28787214542035,5.455322145420325,23.832550000000026,11.110888959986596,-0.0,0.0,13.293216567373355
2018-12-16,17.669460000000015,9.676420000000007,-3.381079999999997,1.0716780734516647,-2.3101047876774032,10.135693285774266,25.503298073451674,4.452758073451662,21.050540000000012,13.189249446234498,-0.0,0.0,7.716591760933703
2018-12-17,19.021720000000016,10.573540000000037,-2.895240000000001,0.8414189130080558,-2.6755939917004525,9.509244921307584,25.653618913008074,3.736658913008057,21.916960000000017,12.983432253759645,-0.0,0.0,6.77053875164565
2018-12-18,19.286900000000003,10.658299999999997,-3.4606999999999744,0.9017026716370538,-1.2412598436421263,11.749742827994908,27.110002671637005,4.362402671637028,22.747599999999977,12.223149729191675,-0.0,0.0,15.919243467470004
2018-12-19,18.646230000000003,7.564970000000017,-0.4203200000000038,1.142112053343567,-0.5750522599344094,12.068639793409147,20.628982053343577,1.5624320533435707,19.066550000000007,15.512752053629981,-0.034375,1.375,5.225872522600235
2018-12-20,20.1952,5.609520000000032,-2.383829999999989,1.2822356787222589,0.5297481902446748,18.78149386896689,26.245095678722237,3.666065678722248,22.57902999999999,12.54162322135528,-0.425,17.0,2.8199566226495842
2018-12-21,19.537620000000004,7.419820000000016,-3.6009599999999864,1.4460783732569098,0.33448338276303957,17.499321756019924,28.185618373256887,5.047038373256896,23.13857999999999,11.620379070811396,-0.2625,10.5,1.7690912855383718
2018-12-22,20.237330000000043,7.393580000000043,-5.377399999999966,1.4974449194016302,0.8793495688627786,20.597944488264375,32.489574919401605,6.874844919401596,25.61473000000001,9.400082624713605,-0.184375,7.375,0.6012056010653013
2018-12-23,18.633700000000033,9.049220000000048,-4.859399999999994,1.7624310729210606,0.9457930094997096,17.15210408242075,30.11493107292108,6.621831072921054,23.493100000000027,10.715293461179556,-0.0625,2.5,2.7324185010689375
2018-12-24,20.442600000000027,7.777460000000019,-4.731899999999996,1.54019856296145,0.8277378507889352,19.76497641375039,31.44659856296147,6.272098562961446,25.174500000000023,9.899606400591438,-0.09375,3.75,2.778301659115288
2018-12-25,21.036580000000015,7.306420000000003,-4.350319999999954,1.4391774270244468,0.443135048496174,19.962792475520587,31.17639742702437,5.789497427024401,25.38689999999997,9.993291947081445,-0.334375,13.375,2.9535761378512437
2018-12-26,22.023220000000038,6.591060000000027,-4.683199999999999,1.1681447903272897,0.5957502298239206,21.87925502015122,32.557764790327326,5.851344790327289,26.706420000000037,9.244172364044061,-0.090625,3.625,4.346068330726536
2018-12-27,19.98824000000002,7.931600000000003,-4.972879999999975,1.593264246373849,0.4984789443979025,19.121263190771742,31.527264246373818,6.566144246373824,24.961119999999994,9.894673709546623,-0.9125,36.5,3.2176619540461284
2018-12-28,19.52370000000002,6.983420000000024,-4.3063699999999585,1.6218291505052775,0.4765260395728319,18.945005190078064,29.758269150505214,5.928199150505236,23.830069999999978,10.81965256656747,-2.56875,102.75,8.022367349277012
2018-12-29,17.6601,6.512080000000026,-2.8719999999999573,1.5634376405810713,0.28025048269370245,15.863708123274705,24.967537640580986,4.4354376405810285,20.532099999999957,13.413138793435678,-0.596875,23.875,6.975481224615049
2018-12-30,18.027860000000032,10.684560000000033,-3.4682999999999993,0.912245138296953,-4.679916376932965,7.043928761363986,25.876705138296984,4.380545138296952,21.49616000000003,12.974535870111538,-0.0,0.0,4.363370964074604
2018-12-31,18.144560000000013,10.284000000000049,-4.480869999999982,0.6281748979075701,-4.078448840113651,8.891156057793864,27.734474897907546,5.109044897907552,22.625429999999994,12.053185560359339,-0.0,0.0,1.3071777412595775
2019-01-01,19.13918000000001,10.762960000000021,-4.189919999999972,-0.3381242293940545,-3.533393564452467,8.69462220615344,27.1808957706059,3.851795770605918,23.329099999999983,12.26801602336218,-0.0,0.0,4.896887188804226
2019-01-02,18.462670000000003,10.563780000000008,-3.6207299999999805,0.2504012672978888,-3.6230862491377707,8.146935018160093,25.954531267297853,3.8711312672978693,22.083399999999983,12.930229038287905,-0.0,0.0,7.291366390032528
2019-01-03,19.538900000000012,10.124400000000037,-5.148539999999969,-0.04477729612045778,-3.6485054947764866,10.869757209103,29.79120270387949,5.103762703879511,24.68743999999998,10.909093814495975,-0.0,0.0,7.7169940034965645
2019-01-04,19.144000000000005,11.662560000000042,-4.77127999999999,0.43196059556311184,-3.110898931108295,9.57378166445477,29.118520595563098,5.203240595563102,23.915279999999996,11.26376251673787,-0.0,0.0,5.408484546010621
2019-01-05,19.138329999999996,11.559050000000013,-5.278570000000002,0.5686908651802582,-2.1154546221551414,11.311086243025102,30.26416086518026,5.84726086518026,24.4169,10.68368111737982,-0.0,0.0,4.409022947265766
2019-01-06,19.893200000000036,11.28430000000003,-4.4001199999999585,0.23092980496636528,-2.8240112451672417,10.415938559799088,28.924369804966318,4.631049804966324,24.293319999999994,11.294414608064926,-0.0,0.0,12.083849993436026
2019-01-07,20.46260000000001,10.302500000000009,-4.1474399999999605,0.2162914189533467,-3.0149842926423958,11.508847126310911,28.973771418953277,4.363731418953307,24.61003999999997,11.215068793890623,-0.0,0.0,17.77531407796961
2019-01-08,20.57230000000004,10.808130000000006,-4.061199999999985,0.10039259888816332,-3.1010128400890267,10.824749758799157,28.795092598888175,4.161592598888149,24.633500000000026,11.297870187422745,-0.0,0.0,7.949225920266472
2019-01-09,21.30337000000003,11.231040000000007,-4.149759999999958,-0.2820906073742435,-2.6186667595395647,11.321332633086172,29.320799392625702,3.8676693926257144,25.453129999999987,10.979426700770262,-0.0,0.0,7.909556842903204
2019-01-10,21.366720000000043,11.796780000000012,-4.531529999999975,-0.12263908726686168,-2.932186491497248,11.046644421235897,30.307140912733132,4.4088909127331135,25.89825000000002,10.477190341744176,-0.0,0.0,5.888740298530992
2019-01-11,20.876860000000022,10.434140000000014,-5.259619999999984,0.20605362587053833,-3.116667848147472,12.791725777723059,31.60215362587053,5.465673625870522,26.136480000000006,9.862790028365225,-0.0,0.0,3.899248796613693
2019-01-12,20.166800000000023,10.958830000000034,-5.082560000000001,0.5234798512569796,-3.2379138691422327,11.576095982114737,30.855399851257005,5.6060398512569805,25.249360000000024,10.287783201783952,-0.0,0.0,2.5539438970161528
2019-01-13,20.844629999999995,10.656270000000006,-5.894799999999975,0.44191614305287885,-3.409954138767432,13.11512200428541,33.076146143052824,6.336716143052854,26.73942999999997,9.118480341134784,-0.0,0.0,2.395993164660292
2019-01-14,20.590720000000033,10.693050000000028,-6.038669999999968,0.1242882168687629,-4.272422980427336,11.7882052364414,32.79234821686873,6.162958216868731,26.62939,9.296636573039564,-0.0,0.0,6.7632489396344075
2019-01-15,19.73983000000004,10.28463000000005,-6.388949999999966,-0.46437414864453785,-4.2997626555991815,11.080013195756237,32.053355851355434,5.924575851355428,26.128780000000006,9.77136080410412,-0.0,0.0,1.6481596667710594
2019-01-16,20.335300000000018,10.824800000000039,-5.6834499999999935,0.053354733180015046,-3.447679022707746,11.799625710472242,31.75555473318002,5.7368047331800085,26.01875000000001,9.842850644003533,-0.0,0.0,4.14975514874816
2019-01-17,20.57632000000001,8.777800000000013,-5.561379999999986,0.4556472793609032,-2.2080908069449947,15.60745647241589,32.154727279360884,6.017027279360889,26.137699999999995,9.603042163968325,-0.0,0.0,7.828680292287188
2019-01-18,19.98574000000002,9.872580000000028,-8.198649999999986,0.4886364251865416,-2.808256331541827,15.992190093644695,36.871676425186536,8.687286425186528,28.184390000000008,7.298416013670533,-0.0,0.0,4.4165587550937895
2019-01-19,20.790200000000027,8.481840000000034,-6.725999999999999,-0.2762412088967494,-3.309768772319728,15.448350018783515,33.965958791103276,6.44975879110325,27.516200000000026,8.704144841677646,-0.0,0.0,5.188536303517345
2019-01-20,19.89530000000002,8.853600000000029,-5.105629999999962,0.08191082939043781,-3.261478470252314,12.967762359138078,30.188470829390383,5.1875408293904,25.000929999999983,10.668438012746378,-0.0,0.0,11.584418721072387
2019-01-21,19.983600000000024,8.439970000000017,-1.9104399999999941,-0.4159713833029741,-3.544123427764873,9.493975188932154,23.388508616697038,1.49446861669702,21.894040000000018,14.076473415366934,-0.0,0.0,17.178272405193972
2019-01-22,19.94177000000002,8.493220000000008,-4.121299999999962,0.24378034506037238,-3.1001504095883092,12.713479935472037,28.428150345060317,4.365080345060335,24.063069999999982,11.537101160300153,-0.0,0.0,10.019109594951914
2019-01-23,20.66085000000004,7.862330000000043,-4.085799999999949,0.9108996175607444,-1.3820482742764852,16.413171343284205,29.743349617560682,4.996699617560694,24.74664999999999,10.776749421189834,-0.0,0.0,8.672488490236299
2019-01-24,20.63680000000005,7.664940000000001,-5.32729999999998,0.9564908239892134,-1.8474675443639512,17.40818327962529,32.24789082398922,6.283790823989193,25.96410000000003,9.523829761488457,-0.0,0.0,12.472972931906055
2019-01-25,20.169240000000002,5.415800000000047,-5.315249999999992,1.2088134829201636,0.3980545199144103,21.67555800283452,32.00855348292015,6.524063482920155,25.484489999999994,9.66784074696892,-0.24375,9.75,14.233773203370175
2019-01-26,20.055470000000014,6.8735000000000355,-5.170869999999979,1.4787442705119247,0.45743613217445045,20.289020402686333,31.875954270511897,6.649614270511904,25.226339999999993,9.724566461850543,-1.00625,40.25,13.655962998781723
2019-01-27,19.115080000000034,7.53982000000002,-5.396519999999953,1.6160118975657838,0.15973797368735632,18.747529871253107,31.524131897565724,7.0125318975657365,24.511599999999987,9.977041450105446,-1.203125,48.125,11.932985162548828
2019-01-28,17.4092,6.870100000000036,-4.2577,1.5775243247579738,-0.31137425203053226,16.062950072727403,27.502124324757972,5.835224324757974,21.6669,12.17219800947288,-1.384375,55.375,18.15289865114495
2019-01-29,18.922799999999995,4.252470000000017,-6.514399999999966,1.1226960382460334,0.15953991494217235,22.46696595318815,33.07429603824596,7.637096038246,25.43719999999996,9.262142035157012,-0.29375,11.75,15.592262723257413
2019-01-30,19.840599999999995,4.337980000000016,-7.717899999999986,0.8603912809502958,0.09804816547011797,24.17895944642038,36.13679128095026,8.578291280950282,27.55849999999998,7.658257936519021,-0.0,0.0,4.5754001772466095
2019-01-31,18.80047000000002,7.605980000000045,-6.568150000000003,0.921803076622723,-2.5369976210117784,16.14744545561092,32.85857307662275,7.489953076622726,25.36862000000002,9.397861318141679,-0.0,0.0,5.089729787097565
2019-02-01,18.81585000000001,4.3743500000000495,-6.791479999999979,0.9117730860493793,0.20157768854016922,22.34633077458949,33.31058308604935,7.703253086049358,25.60732999999999,9.171114074089132,-0.028125,1.125,7.346584044217846
2019-02-02,20.16366000000005,5.078520000000026,-6.18435999999997,0.6725631847695581,-0.02697114968322012,21.91509203508633,33.20494318476955,6.856923184769528,26.34802000000002,9.104612693307331,-0.0,0.0,9.185882767954448
2019-02-03,20.64413000000002,5.7579600000000255,-4.931519999999978,0.9041006392207009,-0.004899392431468641,20.716891246789203,31.411270639220675,5.835620639220679,25.575649999999996,9.944679119901139,-0.0,0.0,9.704912814480174
2019-02-04,21.092340000000036,7.742970000000014,-4.548000000000002,1.0606748362962435,-0.45390468620320235,18.504140150093065,31.249014836296283,5.608674836296245,25.640340000000037,9.977155884097272,-0.0,0.0,8.467846730788018
2019-02-05,20.16085000000004,9.32614000000001,-3.7154299999999694,1.2097356282688452,-0.8335978433459559,14.926277784922888,28.801445628268823,4.9251656282688145,23.87628000000001,11.27203088294857,-0.2,8.0,10.561373294540076
2019-02-06,21.752769999999998,9.03140000000002,-5.360359999999957,1.075076878846346,0.045857645769388,19.20266452461567,33.54856687884626,6.435436878846303,27.113129999999956,8.774193368327985,-0.0,0.0,9.464358457555596
2019-02-07,22.318960000000004,9.274530000000027,-6.5592699999999695,1.2056584111753637,0.232481116243207,21.041839527418517,36.64315841117531,7.764928411175333,28.878229999999974,7.176981526583063,-0.0,0.0,11.596150631739787
2019-02-08,22.719719999999995,10.093230000000005,-6.53231999999997,1.4703950775286216,-0.03807428627646914,20.591130791252112,37.25475507752856,8.002715077528592,29.252039999999965,6.828952818942355,-0.0,0.0,11.930528058621013
2019-02-09,20.107079999999996,8.886500000000012,-6.939059999999984,1.8214146542716776,0.6025442460399404,20.583598900311586,35.80661465427164,8.760474654271661,27.04613999999998,7.72544451479348,-9.025,361.0,12.468744946080369
2019-02-10,21.519980000000032,8.507400000000018,-6.905550000000005,1.5286576110626697,0.45421801433769815,21.901005625400387,36.85973761106271,8.434207611062675,28.425530000000037,7.106754880810172,-1.35,54.0,14.23995792727145
2019-02-11,19.51486,7.783900000000017,-7.60269999999997,1.4678546617585653,0.49612641718181294,21.29764107894033,36.188114661758505,9.070554661758536,27.11755999999997,7.619415616329263,-0.0,0.0,16.275109731218148
2019-02-12,19.957060000000013,9.019000000000005,-6.041849999999954,1.2083210233374189,-0.41321228796027754,17.775018735377103,33.24908102333734,7.250171023337373,25.998909999999967,9.067628660992852,-0.0,0.0,7.260120229116227
2019-02-13,20.466760000000022,8.785580000000039,-4.770240000000001,1.0878765478104242,-0.9102449053193027,16.629051642491106,31.09511654781045,5.858116547810425,25.237000000000023,10.106338569241643,-0.0,0.0,4.146126565194436
2019-02-14,22.03475000000003,7.173429999999996,-4.282699999999977,1.2263434474580208,0.2576150642171342,20.627978511675167,31.826493447458006,5.509043447457998,26.317450000000008,9.605542581031443,-0.0,0.0,11.241283938851293
2019-02-15,21.8014,8.784780000000012,-6.209450000000004,1.2898442919881177,-0.298263249987599,20.21765104200051,35.51014429198813,7.499294291988122,28.010850000000005,7.77645291369339,-0.00625,0.25,19.260437732870223
2019-02-16,23.08203000000003,8.498130000000003,-6.873019999999997,1.1764986206787853,-0.12025708978615057,22.51316153089266,38.00456862067881,8.049518620678782,29.95505000000003,6.447466379489526,-0.0,0.0,8.535824164640605
2019-02-17,23.58587,9.181820000000016,-6.549170000000004,0.9850861407236948,-0.27237490139401643,21.665931239329666,37.6692961407237,7.5342561407236985,30.135040000000004,6.592675526284495,-0.0,0.0,3.854793547937036
2019-02-18,24.19317000000001,9.567700000000002,-5.808629999999994,0.43117926235623827,-0.7657452102906177,20.09953405206562,36.241609262356235,6.239809262356232,30.001800000000003,7.28863972802111,-0.0,0.0,6.942623248274878
2019-02-19,23.05367000000001,9.74615,-5.692179999999951,1.4631754287482863,0.2384844025098687,20.701359831258117,35.9012054287482,7.155355428748237,28.74584999999996,7.484826427758321,-0.240625,9.625,7.892500876074693
2019-02-20,22.921170000000018,8.001370000000009,-6.284029999999973,0.986348085372299,-0.13121196197300833,22.058966123399273,36.47557808537226,7.270378085372272,29.20519999999999,7.2318016731957755,-0.0,0.0,4.785007805857277
2019-02-21,21.794759999999997,8.574400000000026,-5.69547,0.7502266323692197,-0.832304052041593,18.833752580327598,33.93592663236922,6.44569663236922,27.490229999999997,8.593920968946918,-0.0,0.0,3.544592503260784
2019-02-22,22.990260000000035,10.755269999999996,-7.109999999999957,-0.05957720834021529,-1.6642451891088967,17.621167602550884,37.15068279165973,7.0504227916597415,30.10025999999999,6.923735045213277,-0.0,0.0,7.549979276916296
2019-02-23,24.57552000000004,9.433220000000006,-7.188099999999963,-0.3455507099914712,-1.2761660728609172,20.70868321714761,38.606169290008495,6.842549290008492,31.763620000000003,6.093495573728376,-0.0,0.0,9.120499358178566
2019-02-24,24.96658000000002,8.879600000000039,-6.592749999999967,-0.34654339221719965,-0.6995429274149387,21.63364368036781,37.805536607782756,6.246206607782767,31.55932999999999,6.471186804395074,-0.0,0.0,10.641786630542597
2019-02-25,25.86306000000002,9.82770000000005,-8.388949999999966,-0.8169544799359869,-1.1386954509019347,22.468660069162013,41.82400552006396,7.571995520063979,34.252009999999984,4.409210214708139,-0.0,0.0,10.510809380717703
2019-02-26,25.185969999999998,9.113920000000007,-6.333899999999971,0.5877383121888329,0.23736816564445462,23.23105647783325,38.44150831218877,6.921638312188804,31.51986999999997,6.131373930491691,-0.0,0.0,7.827596117781028
2019-02-27,24.755880000000047,8.820580000000007,-4.202729999999974,0.7134075535141164,0.2716687431847049,21.123106296698836,33.87474755351411,4.9161375535140905,28.95861000000002,8.433380054999759,-0.0,0.0,10.086977073358698
2019-02-28,24.179130000000043,8.417900000000031,-4.8084199999999555,0.5780233948524369,0.04027889974520349,21.187952294597608,34.37399339485239,5.386443394852392,28.98755,8.219563546123823,-0.0,0.0,5.983338794340629
2019-03-01,25.162620000000004,9.046530000000018,-4.343759999999975,0.8927051634857435,0.5394363238321489,21.891991487317853,34.7428451634857,5.236465163485718,29.50637999999998,7.974699671788471,-0.0,0.0,6.606870589850933
2019-03-02,23.35513000000003,8.940330000000017,-3.70187999999996,1.4270170667425646,0.7094833059706502,20.25318037271319,32.185907066742516,5.128897066742525,27.05700999999999,9.326561895544216,-0.0,0.0,8.192551055865895
2019-03-03,24.196500000000015,8.50356000000005,-2.906349999999975,1.3371977139927935,0.8303234990254396,20.766811213018173,31.346397713992758,4.243547713992768,27.10284999999999,9.7029711328193,-0.0,0.0,2.3862059452089404
2019-03-04,24.706320000000005,9.84017,-4.850619999999992,1.3577677856170567,0.5977940348009838,21.672331820418037,35.765327785617046,6.208387785617049,29.556939999999997,7.467187534441962,-0.0,0.0,6.8794876202264925
2019-03-05,25.254170000000045,9.861400000000003,-4.284639999999968,1.3258697547532847,0.6655924461891232,21.668872200942417,35.149319754753265,5.610509754753252,29.538810000000012,7.751671810976518,-0.0,0.0,6.160253123144522
2019-03-06,26.020700000000033,9.91604000000001,-4.271950000000004,0.7164167774442376,0.32064381850000245,21.413670595944268,35.28101677744428,4.9883667774442415,30.292650000000037,7.672314343028688,-0.0,0.0,5.171196191997214
2019-03-07,26.636870000000044,10.723720000000014,-5.181799999999953,0.14204898078548922,-0.43402956100362644,20.802969419781846,37.14251898078544,5.323848980785442,31.818669999999997,6.723201158054451,-0.0,0.0,6.887845957677267
2019-03-08,26.341240000000028,10.226400000000012,-5.109259999999949,0.14448521337459397,-0.16113135326367,21.20745386011089,36.70424521337452,5.253745213374543,31.450499999999977,6.95401084881081,-0.0,0.0,2.987508905877448
2019-03-09,23.718650000000025,9.681630000000041,-5.020150000000001,1.4424715645824904,0.5448373582361796,21.044478922818655,35.20142156458252,6.462621564582491,28.738800000000026,7.796026889664972,-0.24375,9.75,1.0939535919198622
2019-03-10,25.31155000000001,9.139730000000043,-4.893599999999992,1.1418425321953691,0.7658225845017341,22.973085116697064,36.240592532195365,6.035442532195361,30.205150000000003,7.210872318482188,-0.0,0.0,3.9476533554488813
2019-03-11,24.750500000000045,8.609770000000026,-4.639349999999979,0.9215418587571094,0.5715110565752752,22.273132915332383,34.95074185875711,5.560891858757088,29.389850000000024,7.889622099477663,-0.0,0.0,2.4130322849660235
2019-03-12,24.764800000000037,8.647520000000043,-4.522739999999999,0.4146408233262946,0.06930672000811455,21.123967543334402,34.22492082332633,4.9373808233262935,29.287540000000035,8.265301666329094,-0.0,0.0,3.270890699751095
2019-03-13,24.29373000000004,8.259900000000016,-5.8433599999999615,0.20834405415342871,-0.13880175872770906,21.946732295425704,36.18879405415339,6.05170405415339,30.13709,7.313663709328466,-0.0,0.0,7.737620094671934
2019-03-14,24.546100000000024,8.53830000000005,-5.587259999999958,0.3731861598013779,0.0018748229765606084,21.97012098277787,36.09380615980132,5.960446159801336,30.133359999999982,7.343731635328595,-0.0,0.0,6.116433652398537
2019-03-15,24.66708,8.706000000000017,-5.148469999999975,-0.004023861484029112,-0.3588592845118228,20.746666854004104,34.95999613851592,5.144446138515946,29.815549999999973,7.909285249682284,-0.0,0.0,8.633231564939672
2019-03-16,23.733060000000023,7.914420000000007,-5.385499999999979,0.290235848498412,-0.11673825531863713,21.37763759317977,34.79429584849839,5.675735848498391,29.118560000000002,8.043440395898472,-0.0,0.0,8.572952583119541
2019-03-17,24.739040000000045,8.723839999999996,-4.524149999999963,0.049354381982254836,-0.3060059950314553,20.282698386950813,33.83669438198223,4.573504381982218,29.26319000000001,8.466365273456177,-0.0,0.0,7.222735820444946
2019-03-18,25.341520000000003,9.219050000000038,-6.187569999999994,0.6264031593054256,0.26595892472681726,23.2024020840322,38.343063159305416,6.813973159305419,31.529089999999997,6.1728124634056485,-0.0,0.0,4.593843466221394
2019-03-19,25.648860000000013,9.436000000000035,-6.728799999999978,1.026544147059667,0.660559335996652,24.628763483056275,40.13300414705964,7.755344147059645,32.37765999999999,5.253455514054679,-0.0,0.0,5.97264814612156
2019-03-20,24.957600000000014,8.662380000000041,-5.715199999999982,1.0326130000156013,0.6644903061900891,23.707523306205644,37.42061300001558,6.747813000015583,30.672799999999995,6.640381452576548,-0.0,0.0,7.367379029816139
2019-03-21,25.59960000000001,9.457970000000046,-5.914799999999957,0.7689335108335627,0.41366476639626626,23.23902827722975,38.198133510833486,6.68373351083352,31.514399999999966,6.2305545831462155,-0.0,0.0,4.779669750141812
2019-03-22,25.757040000000018,9.604180000000042,-6.449039999999968,1.0393624543281135,0.6803102789486957,24.321572733276753,39.69448245432807,7.488402454328082,32.206079999999986,5.468321701379807,-0.0,0.0,6.468591310425967
2019-03-23,25.752220000000023,9.623829999999998,-6.154329999999959,1.0768530705299213,0.7118519676471919,24.071425038177097,39.13773307052986,7.23118307052988,31.90654999999998,5.745592439504321,-0.0,0.0,4.718137771902629
2019-03-24,26.332899999999995,10.127280000000042,-5.6936999999999784,1.0105478235506098,0.6642022789075099,23.57407010245805,38.73084782355056,6.704247823550588,32.02659999999997,5.929033359818845,-0.05,2.0,4.915456156274625
2019-03-25,26.45413000000002,10.310750000000041,-3.6954399999999623,0.6633451515387492,0.2980491627375841,20.800214314276275,34.508355151538694,4.3587851515387115,30.149569999999983,8.042347547440954,-0.0,0.0,10.002667845729173
2019-03-26,26.333830000000034,10.217800000000011,-6.080099999999959,0.5712052129584322,0.20853442898021513,22.97586964193863,39.065235212958385,6.651305212958391,32.41392999999999,5.769637797709947,-0.0,0.0,6.583657419189427
2019-03-27,26.78000000000003,10.614300000000014,-4.448499999999967,-0.10881377762467537,-0.4320605788067269,20.07332564356858,35.56818622237529,4.339686222375292,31.228499999999997,7.503724335348579,-0.0,0.0,3.1036846344948033
2019-03-28,27.57086000000004,11.315420000000017,-6.125699999999995,0.4455173543971114,0.09671916524337121,22.9233765196405,40.26777735439714,6.571217354397106,33.696560000000034,5.128788946695636,-0.0,0.0,3.092102711964096
2019-03-29,27.381430000000023,11.021800000000042,-6.019999999999982,0.7630479339063072,0.41063074914853814,23.55330868305481,40.184477933906294,6.783047933906289,33.401430000000005,5.17367429762993,-0.0,0.0,2.8627554467368888
2019-03-30,26.913350000000037,10.661650000000009,-6.221749999999986,0.5421440388943779,0.19554303968794784,23.21113707858234,39.89899403889439,6.763894038894364,33.13510000000002,5.332252748896792,-0.0,0.0,6.728563199766338
2019-03-31,27.184230000000014,11.059050000000013,-6.770539999999983,0.48725630683202326,0.12918224548496937,23.512158552316976,41.212566306832,7.257796306832006,33.954769999999996,4.668003225790585,-0.0,0.0,4.98157744868619
2019-04-01,27.168660000000045,10.945860000000039,-6.805099999999982,0.5987118176434478,0.22745320783434408,23.85406502547778,41.37757181764346,7.4038118176434295,33.97376000000003,4.585032401678291,-0.0,0.0,3.809945661668551
2019-04-02,26.606700000000046,10.498739999999998,-7.095069999999964,0.8975855984102736,0.5036280471363739,24.60424364554666,41.69442559841025,7.992655598410238,33.70177000000001,4.439929889229177,-0.0,0.0,3.4861446038226154
2019-04-03,26.054400000000044,10.059600000000046,-6.410499999999956,0.8068423538841785,0.4393466739388714,23.651489027823004,39.682242353884135,7.217342353884135,32.4649,5.468258726899251,-0.0,0.0,4.721231832677452
2019-04-04,25.657560000000046,9.637260000000026,-7.285859999999957,0.5084515274727437,0.13862142150202317,23.953232948974744,40.737731527472704,7.794311527472701,32.94342,4.9624771624831965,-0.0,0.0,7.863980524877531
2019-04-05,26.307029999999997,10.175470000000018,-7.340729999999951,0.5025902527603989,0.15308647236093975,24.12796672512127,41.4910802527603,7.84332025276035,33.64775999999995,4.558906969288785,-0.0,0.0,12.014553363769338
2019-04-06,27.454800000000034,11.230860000000007,-6.819649999999967,0.2691899317377988,-0.06383582311150349,23.24894410862629,41.36328993173777,7.088839931737766,34.27445,4.58478046809887,-0.0,0.0,10.461022147646858
2019-04-07,27.99430000000001,11.648500000000013,-5.935029999999983,0.5017526555471932,0.16542235689138352,22.948005012438557,40.36611265554717,6.4367826555471765,33.92932999999999,5.068228358648014,-0.090625,3.625,5.524411155105392
2019-04-08,26.891750000000002,10.503750000000025,-6.444399999999973,1.032872747039221,0.6728215538765312,24.538094300915702,40.81342274703917,7.477272747039194,33.336149999999975,4.868479223338909,-0.0,0.0,3.874233922201757
2019-04-09,24.132100000000037,10.37524000000002,-5.922579999999982,1.6442797334881902,0.965448965277119,22.28916869876531,37.62153973348819,7.566859733488172,30.05468000000002,6.553517592890955,-10.0,549.75,3.699876418544695
2019-04-10,25.97800000000001,10.779930000000036,-6.338719999999967,1.066670781827952,0.5710314953490183,23.17449227717691,39.722110781827894,7.4053907818279185,32.316719999999975,5.445263646639546,-0.0,0.0,4.811970860188461
2019-04-11,26.231899999999996,10.577750000000037,-7.001559999999984,0.880806088989857,0.4535312808174581,23.990047369807257,41.11582608898982,7.882366088989841,33.23345999999998,4.7433914875990695,-2.09375,83.75,6.34295226554637
2019-04-12,27.781120000000044,11.444150000000036,-6.705240000000003,0.6726463939606333,0.32215469737440117,24.037011091335046,41.864246393960684,7.377886393960637,34.48636000000005,4.323733071259028,-0.0,0.0,8.898287889104049
2019-04-13,27.372900000000016,11.14572000000004,-5.1682500000000005,0.6905017632398653,0.3350264294084013,22.420958192648243,38.39990176323988,5.858751763239866,32.541150000000016,6.067041711772788,-0.0,0.0,9.945062759499494
2019-04-14,26.758399999999995,10.59686000000005,-4.401160000000004,0.6628234315945178,0.3119617790696907,21.53748521066416,36.22354343159452,5.063983431594522,31.15956,7.17474884795007,-0.0,0.0,11.690761845432831
2019-04-15,26.999780000000044,10.711150000000032,-4.824929999999995,0.5822062151399336,0.2313902793117677,21.927156494451708,37.23184621513997,5.4071362151399285,31.82471000000004,6.662842554652855,-0.0,0.0,9.326631295125605
2019-04-16,26.981840000000034,10.711450000000013,-6.0327499999999645,0.9809527994001428,0.6219969077412202,23.906089707141348,40.028292799400106,7.013702799400107,33.01459,5.259872775402528,-0.0,0.0,7.091920426756925
2019-04-17,23.594449999999995,10.727400000000046,-5.506929999999954,1.8380961354292822,1.0619757484004708,21.274051883829657,36.446406135429186,7.3450261354292365,29.10137999999995,7.157050765809629,-10.0,417.25,3.285515354862582
2019-04-18,22.93190000000004,10.78964000000002,-4.906700000000001,1.8762991667258575,1.1825908396446607,20.10785000637054,34.6215991667259,6.782999166725858,27.838600000000042,8.105246872156897,-10.0,559.75,8.144501237288699
2019-04-19,23.626059999999995,10.737660000000005,-5.629549999999995,1.8438916973423147,0.8566204546471567,21.218462151989456,36.7290516973423,7.4734416973423095,29.25560999999999,7.0137725116472325,-10.0,441.75,4.376210925255245
2019-04-20,24.407860000000028,11.212120000000027,-4.018839999999955,1.7767197578829723,0.9517727354080421,19.94307249329097,34.22225975788291,5.795559757882927,28.426699999999983,8.232008896276,-10.0,624.5,4.242963419316628
2019-04-21,24.76898,10.721699999999998,-3.9039999999999964,1.6027055826596666,0.6966576330402745,20.250643215699938,34.17968558265966,5.506705582659663,28.672979999999995,8.24595825116694,-1.096875,43.875,2.8294803102898434
2019-04-22,25.567650000000015,10.865700000000004,-5.426199999999994,1.565081012670646,0.8710324453063549,22.564263457977006,37.98513101267065,6.99128101267064,30.99385000000001,6.310504196624208,-2.93125,117.25,10.660672748586116
2019-04-23,24.229270000000042,9.909500000000037,-5.62482,1.3161448350712135,0.6115197707856055,21.872254605856824,36.795054835071255,6.940964835071213,29.854090000000042,6.9782219480288745,-0.0,0.0,1.7349938444879562
2019-04-24,25.76827000000003,9.930139999999994,-5.253879999999981,1.027908978959431,0.538782151332839,22.658701130292286,37.30393897895942,6.281788978959412,31.02215000000001,6.663548755999045,-0.0,0.0,6.891735737350887
2019-04-25,26.885100000000023,10.80032,-4.907479999999964,0.6329070279760458,0.24043747964424256,21.865604507620276,37.332967027976,5.54038702797601,31.792579999999987,6.615784169993901,-0.0,0.0,4.409980837103133
2019-04-26,27.82815000000005,11.930080000000032,-5.190299999999979,0.952621929675729,0.5154983131582185,22.556490242833945,39.16137192967574,6.142921929675708,33.01845000000003,5.6712221603270905,-0.00625,0.25,7.902849327445163
2019-04-27,27.856960000000015,11.751900000000035,-5.756929999999954,1.0167818648461662,0.6547259657912718,23.533497830637373,40.38760186484609,6.7737118648461205,33.61388999999997,5.056667714475907,-0.0,0.0,9.029985509374942
2019-04-28,25.90933000000001,11.880330000000015,-5.909519999999986,1.1059476838161117,0.4456698860460051,21.4901375698621,38.834317683816096,7.015467683816098,31.818849999999998,5.890598112853809,-0.0,0.0,10.085034612639816
2019-04-29,26.484520000000032,10.783800000000042,-5.321399999999983,1.446714478992078,0.859046379337201,23.32788085832925,38.574034478992075,6.768114478992061,31.805920000000015,5.989370875119107,-0.23125,9.25,1.844952837093935
2019-04-30,25.377160000000003,11.554560000000038,-4.784639999999968,1.7721503816389372,0.9421788221804945,21.321569203819365,36.718590381638876,6.556790381638905,30.16179999999997,6.941995963859938,-6.278125,251.125,5.110203900955813
2019-05-01,24.742940000000033,11.062900000000013,-5.24643999999995,1.7469108911720923,0.7870314956675202,21.460422386839582,36.982730891172025,6.993350891172042,29.989379999999983,6.837740011427229,-9.046875,361.875,3.9380254307557667
2019-05-02,26.517240000000015,11.939870000000042,-5.1895999999999844,1.261241579111413,0.24501130034070684,21.273222879452078,38.1576815791114,6.4508415791113976,31.70684,6.202132747690143,-0.0,0.0,3.303436695283846
2019-05-03,25.35638,10.719320000000039,-5.584450000000004,1.2873561970108653,0.17865829418036583,21.687524491191198,37.812636197010875,6.871806197010869,30.940830000000005,6.417144005836576,-0.16875,6.75,2.4270554390731607
2019-05-04,25.00845000000004,10.547450000000026,-3.578399999999988,1.4040330701797643,0.42926756716923364,19.872700637349,33.56928307017978,4.982433070179752,28.586850000000027,8.549624666532509,-0.19375,7.75,7.842639462296638
2019-05-05,26.005330000000015,10.377130000000022,-3.937719999999956,1.245460363948041,0.6826250418972108,21.4940054058452,35.12623036394797,5.183180363947997,29.94304999999997,7.736483776165585,-0.0,0.0,8.544303331268184
2019-05-06,26.46810000000005,10.622670000000028,-4.515969999999982,1.43491994005268,0.9543802059012592,22.750700145953942,36.93495994005269,5.950889940052662,30.98407000000003,6.809846888272375,-0.225,9.0,3.817349325071682
2019-05-07,21.758200000000045,11.088279999999997,-4.095370000000003,2.1434119068314885,1.3564851303890464,18.265187037220585,32.09235190683154,6.238781906831491,25.853570000000047,9.425018862249487,-10.0,1624.25,9.095486856674471
2019-05-08,24.355740000000026,11.36984000000001,-5.860419999999976,1.7416157606034517,0.7308723055346036,21.318808066138047,37.81819576060343,7.602035760603428,30.216160000000002,6.43858422434954,-10.0,501.75,3.163403307294833
2019-05-09,25.170860000000005,11.138570000000016,-4.880219999999952,1.597600533047455,0.830174450646382,21.340284983693778,36.52890053304736,6.477820533047407,30.051079999999956,7.053756163689741,-2.04375,81.75,5.1400102613779275
2019-05-10,26.69290000000001,11.677480000000003,-5.627659999999992,1.3702104238591915,0.6751881325550357,22.688478556414225,39.31843042385918,6.997870423859183,32.32056,5.613192179678606,-0.0,0.0,3.7416294640875916
2019-05-11,24.452420000000018,11.247340000000008,-4.0214599999999905,1.949289027876091,1.0542714150018924,20.230100442877983,34.44462902787609,5.9707490278760815,28.47388000000001,8.108345270043742,-10.0,728.75,6.064381092605466
2019-05-12,23.263149999999996,11.347000000000037,-4.939499999999953,1.8777035688473802,0.8510200995621062,19.5843736684094,35.01985356884728,6.817203568847333,28.20264999999995,7.886914128225953,-7.4375,297.5,5.7327915070286775
2019-05-13,23.195100000000025,11.47380000000004,-3.2772599999999557,2.066553720751415,1.1724068820791445,18.2375206028305,31.81617372075135,5.3438137207513705,26.47235999999998,9.478397463921397,-10.0,1450.25,3.240254202426023
2019-05-14,25.980500000000006,11.622280000000046,-4.965949999999964,1.4973805671138507,1.02337814637076,21.844928713484535,37.409780567113785,6.463330567113815,30.94644999999997,6.586285948160139,-2.225,89.0,1.4060448588699048
2019-05-15,23.31985000000003,11.454920000000016,-4.241159999999979,1.9732923752328588,0.9610029300199017,19.040385305252755,33.77546237523285,6.214452375232838,27.56101000000001,8.499143221398015,-10.0,2114.25,5.1464059420903805
2019-05-16,25.531949999999995,11.221120000000042,-4.969059999999956,1.6403716339834205,0.798226239648443,21.718487873631773,37.11044163398333,6.609431633983377,30.50100999999995,6.746391855071863,-5.78125,231.25,6.984075976394341
2019-05-17,22.768950000000018,11.829400000000021,-4.9395999999999844,2.067177625876866,0.9125250984275795,18.858852724304427,34.71532762587685,7.00677762587685,27.708550000000002,8.054088568195937,-10.0,2688.0,4.255025950929151
2019-05-18,25.294700000000034,11.472920000000045,-4.598549999999989,1.8285488215306032,0.9697087371422413,21.218587558672823,36.320348821530615,6.427098821530592,29.893250000000023,7.14075849242073,-10.0,657.75,7.592689944547762
2019-05-19,25.58760000000001,11.81880000000001,-5.381959999999992,1.719310528008691,0.8783839989005742,21.748454526909256,38.070830528008685,7.101270528008683,30.96956,6.260444173198323,-10.0,818.0,7.224157058716177
2019-05-20,25.631619999999998,10.977200000000039,-5.247079999999983,1.6532257155865295,1.075290327187986,22.630016042774457,37.77900571558649,6.900305715586512,30.87869999999998,6.40732407422837,-7.58125,303.25,5.98255978216036
2019-05-21,25.38076000000001,10.938469999999995,-5.850739999999973,1.4975520545741006,0.8483336077936201,22.638915662367708,38.57979205457406,7.348292054574074,31.231499999999983,6.024157586975491,-1.375,55.0,6.353362981523138
2019-05-22,24.771749999999997,11.455830000000049,-4.364539999999977,1.8339724754114854,0.9381046728652223,20.452537148276633,35.334802475411436,6.198512475411462,29.136289999999974,7.655294083544106,-10.0,958.5,6.706119620775582
2019-05-23,23.61062000000004,11.76925,-4.091469999999958,2.1973836199469474,1.0042114104755342,19.13443503042248,33.990943619946904,6.288853619946906,27.70209,8.35944977294838,-10.0,2406.5,8.205921472887765
2019-05-24,24.076260000000048,11.906200000000013,-3.8109999999999786,2.0894075160075545,0.9358097256469478,19.006277241654516,33.78766751600756,5.900407516007533,27.887260000000026,8.445486702410449,-10.0,1558.875,6.607996086126996
2019-05-25,23.533230000000003,12.340660000000014,-4.09699999999998,2.2576560905761767,1.0472018953994393,18.594427985975585,33.98488609057614,6.354656090576157,27.630229999999983,8.361541075546995,-10.0,2822.0,8.320722554514777
2019-05-26,25.65127000000001,12.97670000000005,-3.7666699999999764,2.2349825447931835,0.7316650455717308,19.40788759036485,35.41959254479315,6.00165254479316,29.417939999999987,7.555149168633477,-10.0,3244.25,8.555010535093073
2019-05-27,24.27877000000001,12.030400000000043,-3.775299999999959,2.097919711722284,0.9753665275659955,19.096956239288204,33.92728971172221,5.873219711722243,28.054069999999967,8.36515929990611,-10.0,1545.75,4.899639550529872
2019-05-28,25.44082000000003,12.67900000000003,-3.181799999999953,1.9890609082065112,0.7146784593671214,18.647359367573586,33.79348090820645,5.170860908206464,28.622619999999984,8.389725093918003,-10.0,1616.5,8.68578795206844
2019-05-29,25.20254,12.843560000000025,-4.271770000000004,2.082770945148752,0.8147779107224551,19.528298855871185,35.82885094514876,6.354540945148756,29.474310000000003,7.376462673054391,-10.0,1340.25,7.826294796666452
2019-05-30,24.97842000000003,12.71105,-3.3654999999999973,2.1163377555830607,0.7897249571304883,18.538932712713574,33.82575775558308,5.481837755583058,28.343920000000026,8.383882975098913,-10.0,2725.5,3.4807135994570135
2019-05-31,22.517480000000035,11.940449999999998,-4.002259999999978,2.1444273020886158,0.7758280287321213,17.49954533082075,32.66642730208861,6.146687302088594,26.519740000000013,9.088252427778741,-10.0,1029.0,13.200896743537122
2019-06-01,24.965540000000033,12.496970000000033,-4.200049999999976,2.1599875847475687,0.41382084353472237,19.242428428282267,35.525627584747554,6.360037584747545,29.16559000000001,7.532027502222888,-10.0,2160.0,6.683086015559416
2019-06-02,24.68932000000001,12.541250000000048,-3.7288599999999974,2.2769471544665407,0.9010276959874659,19.054904850453966,34.423987154466545,6.005807154466538,28.418180000000007,8.08640860043272,-10.0,2997.75,13.143631891071974
2019-06-03,21.44607000000002,12.180200000000013,-4.215499999999963,2.080081667553486,0.6956012815612098,16.257052949114666,31.957151667553433,6.295581667553449,25.661569999999983,9.520403033380205,-10.0,517.0,9.681450552249883
2019-06-04,23.085000000000036,11.906100000000038,-2.679139999999961,2.078165305390712,0.8762081831399087,16.81241348853058,30.52144530539067,4.757305305390673,25.764139999999998,10.131752504314989,-10.0,869.25,9.820228060698005
2019-06-05,24.010640000000024,12.16464000000002,-3.0301299999999856,2.2077050554820516,1.1049881895002045,18.188823244982245,32.278605055482046,5.237835055482037,27.04077000000001,9.194283314790937,-10.0,2109.75,5.3832020976699395
2019-06-06,24.272850000000005,13.048879999999997,-3.849769999999978,2.257328308285082,0.5908407964519711,17.92190910473704,34.229718308285044,6.10709830828506,28.122619999999984,8.203455072436327,-10.0,1743.5,4.778458501486434
2019-06-07,24.313500000000033,12.756070000000022,-3.654329999999959,2.198766918843262,0.8391024589934091,18.24962937783664,33.82092691884321,5.853096918843221,27.967829999999992,8.410044979589998,-10.0,2483.25,8.033186483468896
2019-06-08,22.22433000000001,13.153560000000027,-4.543919999999957,2.1739914757594647,0.41871043965687704,16.20739191541628,33.48616147575939,6.717911475759422,26.768249999999966,8.693626204393468,-10.0,1245.5,5.102956735897482
2019-06-09,22.47488000000004,11.887300000000039,-3.171479999999974,2.028963896854407,0.9097509951529901,16.697774892007374,30.846803896854396,5.200443896854381,25.646360000000016,10.009796427623257,-10.0,651.0,13.126714351282788
2019-06-10,21.05862000000002,11.837000000000046,-3.66125999999997,2.009091864492973,0.9429643512886514,15.834936215781568,30.390231864492932,5.670351864492943,24.71987999999999,10.3388761567021,-2.60625,104.25,5.034967551596004
2019-06-11,20.90500000000003,12.088459999999998,-3.668399999999963,2.144683164991932,1.022114977683941,15.651738142675867,30.386483164991887,5.813083164991895,24.573399999999992,10.340686471083018,-2.13125,85.25,7.872186001495107
2019-06-12,19.764499999999998,12.270440000000008,-3.95071999999999,2.1691699667356374,0.9977958887620275,14.611745855497645,29.835109966735615,6.119889966735627,23.715219999999988,10.708191504330216,-5.0125,200.5,9.82858185976624
2019-06-13,19.96395000000001,11.245720000000006,-3.8376799999999776,2.1112819225621706,0.9380734987274764,15.60526542128963,29.750591922562137,5.948961922562148,23.80162999999999,10.738146448502903,-7.55625,302.25,7.060390822229237
2019-06-14,20.853850000000023,11.882600000000025,-3.7066999999999553,2.0592647890309195,0.9820626297798185,15.719277418810691,30.326514789030853,5.765964789030875,24.560549999999978,10.382408288101999,-10.0,425.875,7.0072273656246455
2019-06-15,22.718440000000044,12.085050000000024,-3.84866999999997,1.9790792257661565,0.6269402502068147,17.08807947597296,32.39485922576614,5.8277492257661265,26.567110000000014,9.224306001568038,-10.0,458.625,4.185364967764644
2019-06-16,22.44076000000001,11.492580000000032,-2.6399999999999864,1.909266559474645,0.6936800400055176,16.19112659948013,29.63002655947463,4.549266559474631,25.080759999999998,10.629172903549545,-1.90625,76.25,0.9654575954565843
2019-06-17,22.10668000000004,11.589400000000012,-3.2200699999999642,1.9057113015518894,0.1663619380570367,15.809423239608918,30.452531301551858,5.125781301551854,25.326750000000004,10.240743770979122,-3.65625,146.25,4.314300474238907
2019-06-18,22.123199999999997,11.122280000000046,-3.403229999999951,1.9004282854469352,0.5496394550561376,16.854217740502975,30.830088285446834,5.303658285446886,25.526429999999948,10.051316307342177,-4.94375,197.75,3.1106569736603102
2019-06-19,22.043420000000026,11.436300000000017,-3.9851999999999634,1.9043248930570371,0.7608648007733905,17.2575096938304,31.91814489305699,5.8895248930570006,26.02861999999999,9.512115534679992,-5.11875,204.75,5.403189842281491
2019-06-20,21.39250000000004,11.046780000000012,-3.880959999999959,1.9671842678733356,0.9080298037439434,17.101894071617266,31.121604267873295,5.848144267873295,25.27346,9.951494617464618,-2.446875,97.875,5.437444284182003
2019-06-21,20.51687000000004,11.336080000000038,-2.96527999999995,2.0669660921176956,0.8288493788766687,15.041885470994316,28.514396092117636,5.032246092117646,23.48214999999999,11.314058628220494,-4.021875,160.875,6.389688676107737
2019-06-22,20.348700000000008,10.342280000000017,-3.8623000000000047,1.9751457572528466,0.9366926166146641,16.780558373867507,30.048445757252864,5.837445757252851,24.211000000000013,10.569519527939633,-4.68125,187.25,13.87697141871716
2019-06-23,19.768760000000043,11.074850000000026,-3.233979999999974,2.13626077079914,1.1448717347686852,15.209022505567816,28.37298077079913,5.370240770799114,23.002740000000017,11.442232084479429,-10.0,460.25,4.303052867894765
2019-06-24,20.420980000000043,11.112630000000024,-2.765479999999968,2.1219504739617605,1.189305895230632,15.38508636919238,28.07389047396174,4.887430473961729,23.18646000000001,11.53744853984216,-10.0,574.75,5.547155299877692
2019-06-25,21.73580000000004,11.017480000000035,-3.4750399999999786,1.9422910473211914,0.9544488444234389,17.090099891744615,30.62817104732119,5.41733104732117,25.21084000000002,10.17592746341495,-1.74375,69.75,7.978908296434943
2019-06-26,20.708920000000035,10.56423000000001,-4.4938699999999585,1.9624256837741427,1.0263453837442853,17.627331067518412,31.659085683774094,6.456295683774101,25.202789999999993,9.736450560313244,-9.35,374.0,8.840692373024002
2019-06-27,20.42428000000001,10.882069999999999,-3.3881999999999834,1.9749151239718117,1.0362957474677046,15.941620871439511,29.17559512397179,5.363115123971795,23.812479999999994,10.999616682647797,-0.54375,21.75,7.272352531288874
2019-06-28,21.514120000000048,10.498530000000017,-3.648899999999969,1.9099689884142208,0.8780931630062696,17.45255215142049,30.721888988414207,5.55886898841419,25.163020000000017,10.147353024601728,-0.20625,8.25,7.980730334956193
2019-06-29,21.156270000000006,10.47836000000001,-3.3066199999999526,1.8734390863200474,0.664914576561614,16.52288366288161,29.64294908631996,5.18005908632,24.46288999999996,10.717011776296204,-0.00625,0.25,0.9588112360311785
2019-06-30,19.470730000000003,10.224900000000048,-4.069129999999973,2.0048792892143297,0.7916396260060878,16.111478915220346,29.61386928921428,6.0740092892143025,23.539859999999976,10.861379170371663,-0.20625,8.25,5.3209362820153006
2019-07-01,21.877650000000017,11.113520000000051,-2.3911999999999694,1.90641809496924,0.6395105184157046,15.70125861338488,28.566468094969196,4.297618094969209,24.268849999999986,11.199113158390333,-1.46875,58.75,6.076667751760338
2019-07-02,21.133500000000026,10.872280000000046,-2.979600000000005,1.9564926761650554,1.035790218656416,16.233102894821457,29.04919267616509,4.93609267616506,24.11310000000003,11.008625716501683,-0.61875,24.75,1.4642253753675831
2019-07-03,20.943570000000022,10.306600000000003,-2.342749999999967,1.9294087219015523,0.815598126669272,15.72472684857081,27.55847872190151,4.272158721901519,23.28631999999999,11.770475228065607,-0.0125,0.5,4.062551054727268
2019-07-04,19.76750000000004,11.555720000000008,-3.309599999999989,2.1601510681417153,0.7972440604339681,14.478775128575705,28.546851068141734,5.469751068141704,23.07710000000003,11.3529842453637,-4.75625,190.25,6.656749836430204
2019-07-05,19.205470000000048,10.802880000000016,-2.9106199999999944,2.0237316428961662,1.0704235878602049,14.407365230756398,27.050441642896203,4.934351642896161,22.116090000000042,12.166099501886379,-0.01875,0.75,5.5676472185950345
2019-07-06,20.403040000000033,10.34838000000002,-3.8286999999999694,1.9463090899404278,0.7299200099928385,16.55958909993325,30.0067490899404,5.775009089940397,24.231740000000002,10.588472272863555,-0.84375,33.75,2.7610182493856303
2019-07-07,20.98947000000004,10.43923000000001,-2.8689599999999587,1.9179446503246709,0.5772198107717372,15.914364461096397,28.645334650324628,4.7869046503246295,23.85843,11.224724842476405,-0.25,10.0,4.418431360277123
2019-07-08,20.96255000000002,10.386160000000018,-4.238529999999969,1.8897776588463557,0.8852675675321393,17.589965226378467,31.329387658846315,6.128307658846325,25.20107999999999,9.887229325295209,-0.0,0.0,6.798384260963648
2019-07-09,19.585230000000024,9.787440000000004,-3.7304999999999495,2.0130595537893328,1.2070213488410104,16.748370902630313,29.059289553789256,5.743559553789282,23.315729999999974,11.127728752200824,-3.8,152.0,6.253552063320974
2019-07-10,18.313170000000014,10.584900000000005,-4.29693999999995,2.0440005112716904,0.9167962188470256,14.986006730118675,28.951050511271603,6.34094051127164,22.610109999999963,11.300831549922748,-4.175,167.0,9.131748668067612
2019-07-11,20.128840000000025,9.054280000000006,-4.225439999999992,1.9071564348319043,0.8670878110892772,18.074244245921193,30.486876434831913,6.132596434831896,24.354280000000017,10.375877617033325,-7.81875,312.75,9.041636429171183
2019-07-12,21.59274000000005,10.97207000000003,-3.5381799999999544,1.943431896895845,0.5465130444527517,16.64879494134857,30.612531896895803,5.481611896895799,25.130920000000003,10.193722803331923,-8.975,359.0,4.688502750435813
2019-07-13,21.438199999999995,10.827800000000025,-4.040930000000003,1.9115244736917703,0.7996213755407666,17.36247584923251,31.43158447369177,5.952454473691773,25.479129999999998,9.797550841253326,-3.075,123.0,7.817239720293974
2019-07-14,20.351650000000006,10.318960000000004,-4.462199999999996,1.9868948146230991,0.9697346640210185,17.451519478644116,31.262944814623097,6.449094814623095,24.813850000000002,9.960998365790374,-10.0,709.0,6.915036522289126
2019-07-15,20.33596,10.20490000000001,-4.188819999999964,2.054592663730773,0.9668662930010896,17.341338956731818,30.7681926637307,6.243412663730737,24.524779999999964,10.203784710023456,-10.0,668.5,7.734054818442985
2019-07-16,20.472860000000026,10.36196000000001,-3.7472999999999956,1.9033936955531772,0.9051249367046239,16.666718632257812,29.870853695553194,5.650693695553173,24.22016000000002,10.655010537785472,-1.55,62.0,6.343011271683317
2019-07-17,20.84390000000002,10.41927000000004,-3.514259999999979,2.103537684495336,1.0069648465278647,17.04939253102316,29.975957684495313,5.617797684495315,24.358159999999998,10.554536062195098,-10.0,460.5,3.1119999934185416
2019-07-18,21.13113000000004,10.931100000000015,-3.377839999999992,2.1522861155857527,0.9332231149448376,16.66337923053061,30.039096115585778,5.530126115585745,24.508970000000033,10.495628243636531,-10.0,650.75,2.1407268087837714
2019-07-19,19.131860000000017,11.361260000000016,-3.8012999999999693,2.0580275117438873,0.8623629307045917,14.49229044244845,28.792487511743843,5.859327511743857,22.933159999999987,11.298613005657955,-4.25625,170.25,8.334384607555979
2019-07-20,19.255700000000047,10.764200000000017,-3.3539199999999596,2.0442715387731027,0.9569204339883868,14.84661197276148,28.00781153877307,5.398191538773062,22.609620000000007,11.680524874870343,-0.0,0.0,9.984972430007666
2019-07-21,19.08462000000003,10.610070000000007,-3.470039999999983,2.08084496188269,1.1602147290776088,15.185649690960304,28.105544961882686,5.550884961882673,22.554660000000013,11.644069651590144,-4.675,187.0,15.793081114443225
2019-07-22,17.754400000000032,10.100300000000004,-4.337469999999996,2.0919988168962504,1.1364715694699612,15.220040386366236,28.521338816896275,6.429468816896247,22.09187000000003,11.569477311276103,-3.80625,152.25,11.588154374836849
2019-07-23,19.185850000000016,10.04934000000003,-3.948859999999968,1.9589961611300737,0.986248070895158,16.030614232025187,29.042566161130026,5.9078561611300415,23.134709999999984,11.178256968043286,-7.3,292.0,10.03669445140762
2019-07-24,19.62115,10.44613000000004,-3.5896999999999935,2.0649708849906574,1.051476570194211,15.881167455184823,28.865520884990644,5.654670884990651,23.210849999999994,11.21618723602893,-9.06875,362.75,8.10604942003154
2019-07-25,19.564400000000035,10.190400000000011,-4.028229999999951,2.0790315021594665,1.1767683733886543,16.658029875548095,29.699891502159403,6.107261502159417,23.592629999999986,10.802494928457577,-10.0,973.75,3.8808895278026525
2019-07-26,18.89580000000001,10.818140000000028,-4.389070000000004,1.8331841727343772,0.8675701929652178,15.167484365699579,29.507124172734393,6.222254172734381,23.284870000000012,10.986726880104754,-6.11875,244.75,5.5852086819143425
2019-07-27,19.8288,9.96243000000004,-5.319069999999954,1.9002754207215844,0.4099890120996861,17.495704432821185,32.36721542072149,7.219345420721538,25.147869999999955,9.462074303149166,-4.6625,186.5,6.652068453118793
2019-07-28,18.396330000000034,9.336970000000008,-4.736029999999971,1.910411205621017,0.7929106578069991,16.498711863428014,29.778801205620994,6.646441205620988,23.132360000000006,10.893190138447324,-5.04375,201.75,3.492853184473703
2019-07-29,18.57522,10.401360000000011,-4.346559999999954,1.9096631213639057,0.6090876112089632,15.039170732572813,29.178003121363815,6.25622312136386,22.921779999999956,11.175431589532366,-0.4875,19.5,5.649957778263711
2019-07-30,19.188199999999995,9.92147,-3.196019999999976,1.8345470208233792,0.6861880071846826,14.983485028008033,27.414787020823326,5.030567020823355,22.38421999999997,12.003418367572749,-0.05625,2.25,7.948027015446066
2019-07-31,20.95333000000005,9.842129999999997,-3.9102999999999497,1.854149770101344,0.7217664737097493,17.597416243811097,30.628079770101294,5.764449770101294,24.86363,10.24173412264787,-2.5125,100.5,3.5329325984968927
2019-08-01,20.22747000000004,9.875480000000039,-4.22199999999998,1.8309593585377684,0.7016006721228223,17.10655003066057,30.502429358537768,6.052959358537748,24.44947000000002,10.365644936670435,-0.675,27.0,4.741302662838962
2019-08-02,18.861400000000003,9.875,-6.4030199999999695,1.8382865604123708,0.66996169122433,17.897668251636674,33.50572656041231,8.24130656041234,25.264419999999973,8.990261581586822,-1.225,49.0,1.5119092781661339
2019-08-03,19.55892,10.226650000000006,-6.22709999999995,1.881143096743699,0.6266114668442242,18.067124563587868,33.8942630967436,8.10824309674365,25.78601999999995,8.725388516020928,-1.64375,65.75,5.972657325858048
2019-08-04,20.174650000000042,10.149069999999995,-4.064949999999953,1.8944818825746097,0.9608402484901717,16.945852131064782,30.19903188257456,5.959431882574563,24.239599999999996,10.516835242464083,-0.0,0.0,4.7319300097938095
2019-08-05,18.16366000000005,10.130980000000022,-4.537819999999954,1.9587870727912673,0.9389222597542357,15.468209332545484,29.198087072791225,6.496607072791221,22.701480000000004,11.202311566709682,-3.31875,132.75,4.1109606615473
2019-08-06,18.030700000000024,9.350850000000037,-4.201399999999978,2.0061198082880765,0.9980212179219166,15.885391026209959,28.439619808288057,6.207519808288055,22.232100000000003,11.590691411407704,-2.4,96.0,3.5687992009526495
2019-08-07,18.631680000000017,9.821619999999996,-3.0150999999999613,2.0472151720430247,1.1285286679951128,15.00090384003812,26.709095172042964,5.062315172042986,21.64677999999998,12.389976860114302,-1.10625,44.25,2.04824606785176
2019-08-08,18.09405000000004,10.606899999999996,-3.559100000000001,2.0991315295381696,0.9379456424489945,14.083327171987207,27.31138152953821,5.65823152953817,21.65315000000004,12.137826724782883,-3.075,123.0,4.102854144252612
2019-08-09,17.669669999999996,9.818500000000029,-3.9373999999999683,2.042630546299904,0.9377708239577487,14.768971370257589,27.587100546299837,5.980030546299872,21.607069999999965,12.051454470573617,-1.94375,77.75,9.47265567602315
2019-08-10,17.920530000000042,10.285820000000001,-3.515079999999955,2.0269710071922873,0.9480087955220711,14.124769802714354,26.97766100719224,5.542051007192242,21.435609999999997,12.33062477568285,-1.175,47.0,8.884932895695773
2019-08-11,19.372640000000047,10.232420000000047,-6.223179999999957,1.97189093302012,0.9998484508369643,18.33513938385704,33.79089093302008,8.195070933020077,25.595820000000003,8.784852019506445,-2.89375,115.75,12.269202392031131
2019-08-12,19.154800000000023,10.831780000000037,-4.340669999999989,2.0192642205121274,0.9480418424343497,15.630996062946451,29.855404220512128,6.359934220512116,23.49547000000001,10.768942531325592,-2.18125,87.25,8.076835737524567
2019-08-13,18.69040000000001,10.648920000000032,-3.586369999999988,2.09049352382749,1.024784659435909,14.743128183263366,27.953633523827477,5.676863523827478,22.27677,11.757264649345188,-1.45,58.0,6.346284623629487
2019-08-14,17.90228000000002,10.01663000000002,-3.41964999999999,1.9861860038787427,1.1892511859427373,14.480737189821468,26.72776600387874,5.405836003878733,21.32193000000001,12.462133634770453,-0.7375,29.5,7.9153487448014515
2019-08-15,19.20834000000002,10.435570000000041,-3.9137999999999806,1.9752906013096094,0.8916937082780692,15.55355430958764,29.01123060130959,5.88909060130959,23.12214,11.190143876907541,-1.8875,75.5,9.085296864602315
2019-08-16,19.263149999999996,10.555499999999995,-3.9162000000000035,2.090021257452463,1.095414671311346,15.809285928763813,29.185571257452466,6.0062212574524665,23.17935,11.086372767949968,-10.0,658.5,12.213418044836837
2019-08-17,19.14172000000002,10.562040000000025,-4.6178299999999695,2.0164547107679027,0.6339009966575873,15.847865707425456,30.393834710767862,6.634284710767872,23.75954999999999,10.501263163004467,-6.11875,244.75,13.578663724162572
2019-08-18,17.879819999999995,10.057520000000011,-4.43026999999995,2.077571132906428,1.0075781466783837,15.337719279584746,28.817931132906324,6.507841132906378,22.310089999999946,11.408608603489768,-7.8875,315.5,12.048159798933744
2019-08-19,20.350400000000036,10.573080000000004,-4.3291999999999575,2.0334517035540784,0.9616614044348921,17.10163310798896,31.04225170355403,6.362651703554036,24.679599999999994,10.06738834802502,-10.0,634.5,6.164386523609091
2019-08-20,18.950620000000015,10.850180000000023,-3.518699999999967,2.0725157263073015,0.7622333515263335,14.453889077833594,28.06053572630725,5.591215726307269,22.469319999999982,11.679663877079008,-1.71875,68.75,3.5770443155521714
2019-08-21,18.56450000000001,9.923640000000034,-4.128269999999986,2.0053644092912464,1.0289618470549726,15.80345625634618,28.82640440929123,6.133634409291233,22.692769999999996,11.342468241552012,-4.75,190.0,9.431013840423933
2019-08-22,17.870660000000044,9.771800000000042,-4.593299999999999,2.0512628753430704,1.0356500455201854,15.779072920863257,29.108522875343112,6.64456287534307,22.463960000000043,11.267321345293851,-3.0875,123.5,8.14033306883039
2019-08-23,19.06152000000003,9.57125000000002,-5.070749999999975,1.9106465733102027,0.9965127107222997,17.468179284032487,31.113666573310184,6.981396573310178,24.132270000000005,10.159618218011076,-2.95,118.0,3.747414560079342
2019-08-24,18.980070000000012,9.829920000000016,-4.1598299999999995,1.911125753948852,1.043948902626596,16.265054656575444,29.210855753948863,6.0709557539488515,23.13990000000001,11.118898943564488,-5.425,217.0,9.536050451045485
2019-08-25,19.398770000000013,9.692560000000014,-3.4296299999999746,1.9105596155243347,0.8427020073468725,15.88910162287118,28.168589615524297,5.340189615524309,22.828399999999988,11.600033438860464,-1.56875,62.75,5.1174747294191185
2019-08-26,19.31423000000001,9.911770000000047,-4.089149999999961,1.9254904372680812,0.9312436655035867,16.34834410277159,29.418020437268012,6.014640437268042,23.40337999999997,10.981246885365977,-0.20625,8.25,6.466633126879457
2019-08-27,19.12298000000004,10.415670000000034,-4.063119999999969,1.963677826107073,0.8213035602664718,15.555411386373521,29.212897826107053,6.0267978261070425,23.18610000000001,11.098801705691926,-0.0,0.0,5.27948416765042
2019-08-28,20.184140000000014,10.52460000000002,-4.3922999999999774,1.9654388359931545,0.9390348436367617,16.956313679629886,30.934178835993123,6.357738835993132,24.57643999999999,10.142111527421378,-2.875,115.0,4.20743933955243
2019-08-29,20.11193000000003,10.006799999999998,-4.064059999999984,2.0026385157520394,0.9709816700366218,17.142810185788676,30.242688515752036,6.066698515752023,24.175990000000013,10.490592150360897,-8.04375,321.75,4.8313615460291395
2019-08-30,19.70992000000001,10.250630000000001,-4.141799999999989,1.950477578342884,1.0735188160253415,16.625086394368225,29.943997578342874,6.092277578342873,23.85172,10.679946662460907,-3.40625,136.25,11.555882575294772
2019-08-31,19.00550000000004,10.8082,-4.699869999999976,1.9968188893553247,0.9732161525256515,15.867205041880993,30.402058889355317,6.6966888893553005,23.705370000000016,10.512070827986634,-5.3875,215.5,5.544590430196009
2019-09-01,18.78146000000004,10.066300000000012,-5.13937999999996,1.9960315153459192,0.8574001004250249,16.70797161577093,31.056251515345878,7.135411515345879,23.92084,10.206291860268834,-9.2,368.0,5.537540777776811
2019-09-02,18.334400000000016,10.548429999999996,-4.15731999999997,2.005042433130029,0.8501366616823702,14.79846909481239,28.654082433129986,6.162362433129999,22.491719999999987,11.451096841906349,-6.44375,257.75,6.2882123721061225
2019-09-03,18.24502000000001,9.763120000000015,-3.7677999999999656,2.0115727111549404,0.9678666849653155,15.229139396120217,27.792192711154883,5.779372711154906,22.012819999999977,11.890991049272145,-1.65,66.0,5.402414455310432
2019-09-04,17.969750000000033,10.269770000000051,-3.8284699999999816,2.034166112206435,0.9436455787545128,14.506261690960912,27.66085611220643,5.862636112206417,21.798220000000015,11.983198056302058,-0.44375,17.75,1.9028847079957165
2019-09-05,18.520100000000014,10.038229999999999,-3.860079999999982,2.055272058720277,1.1677947242575897,15.565016782977864,28.295532058720255,5.915352058720259,22.380179999999996,11.606855864770353,-2.725,109.0,3.3803577193472343
2019-09-06,18.95240000000001,10.184960000000046,-4.053439999999966,2.0269759627354347,1.0170529096557743,15.86490887239114,29.08625596273538,6.080415962735401,23.005839999999978,11.171664072615954,-0.55,22.0,8.651989477302436
2019-09-07,18.668240000000026,10.150700000000029,-4.289159999999981,1.9651395838059216,0.9271805912625837,15.699020175068483,29.21169958380591,6.254299583805903,22.957400000000007,11.143404762569332,-0.00625,0.25,8.471086566717771
2019-09-08,19.004050000000007,10.50714000000005,-4.007000000000005,2.0418051672331785,0.9807137285752674,15.526428895808408,29.059855167233195,6.0488051672331835,23.01105000000001,11.178522178212177,-0.29375,11.75,5.0180447886209585
2019-09-09,19.6807,10.717740000000049,-3.1366299999999683,2.000650626432787,0.961447621662785,15.061688248095493,27.954610626432725,5.137280626432755,22.81732999999997,11.672652390286203,-3.15,126.0,6.72938122834128
2019-09-10,20.150660000000016,10.908530000000042,-3.58535999999998,2.0556235983262923,0.9190096054115884,15.802123203737835,29.37700359832627,5.640983598326272,23.736019999999996,10.915060958017193,-6.125,245.0,6.371478612595811
2019-09-11,19.42425000000003,10.236260000000016,-4.619759999999985,2.059995069964714,1.0134370935567745,16.881182163521487,30.723765069964713,6.679755069964699,24.044010000000014,10.304553233942215,-10.0,683.25,5.669974328933425
2019-09-12,18.587900000000047,9.578760000000045,-4.663919999999962,2.1121760221861337,0.8407498524199468,16.625985874606044,30.027916022186105,6.7760960221860955,23.25182000000001,10.727769584737473,-10.0,419.0,7.73153911704767
2019-09-13,20.09292000000005,10.408380000000022,-4.558329999999955,2.016585269444249,0.8187021252811064,17.078157394725338,31.22616526944421,6.574915269444205,24.651250000000005,9.999106791411464,-10.0,643.375,5.038794178865739
2019-09-14,20.595540000000028,10.671840000000032,-3.781599999999969,2.025830586651523,0.6519824283742537,16.383113015025742,30.18457058665149,5.807430586651492,24.377139999999997,10.476991421288972,-10.0,706.25,5.846557844356217
2019-09-15,20.60537000000005,10.04672000000005,-4.623659999999973,1.9569240095366922,0.909873744858885,18.04910775439555,31.809614009536688,6.580584009536665,25.229030000000023,9.670098114141581,-10.0,457.75,7.367755849564978
2019-09-16,18.31725,10.238800000000026,-4.384379999999965,2.053064287247423,0.972871836795207,15.48876612404257,29.139074287247354,6.437444287247388,22.701629999999966,11.205450654928313,-7.5,300.0,12.095229516329866
2019-09-17,19.121000000000038,9.970880000000022,-3.6613799999999515,1.996912748056161,1.076522209001837,15.884934957057965,28.4406727480561,5.6582927480561125,22.78237999999999,11.481799238775238,-9.7,388.0,8.95533133753671
2019-09-18,19.69448,11.072660000000042,-4.159339999999986,2.0344692399625615,0.6523733423915701,15.468002582354075,30.047629239962532,6.1938092399625475,23.853819999999985,10.621623869185271,-6.8125,272.5,2.758367184468515
2019-09-19,19.970540000000028,11.033839999999998,-3.9579799999999636,2.047572005430766,0.9219692073544365,15.864221212785196,29.93407200543072,6.005552005430729,23.928519999999992,10.65207081281028,-7.0375,281.5,1.3321845090535058
2019-09-20,20.152250000000038,10.521450000000016,-3.399759999999958,1.9247970258751366,0.8608717802115962,15.816228806086713,28.87656702587509,5.3245570258750945,23.552009999999996,11.177384988965343,-2.184375,87.375,4.65906490011785
2019-09-21,21.29940000000005,10.608600000000024,-3.790499999999952,1.851876775199628,0.6863548977711957,17.0195316729708,30.73227677519958,5.64237677519958,25.0899,10.162546979513934,-0.10625,4.25,4.799234218114765
2019-09-22,19.60925000000003,10.250940000000014,-4.2029,2.086537050543768,1.0292303867171881,16.676977437260973,30.1015870505438,6.289437050543768,23.81215000000003,10.596978458443743,-10.0,413.75,2.5620051620401783
2019-09-23,20.084130000000016,10.356740000000002,-3.6895999999999844,2.1733052189377418,1.0882117180344153,16.678506936972155,29.636635218937727,5.862905218937726,23.77373,10.778569306715667,-10.0,809.0,4.181780144999256
2019-09-24,19.306820000000016,10.583550000000002,-3.8724699999999643,2.0959392200713864,0.9286204196256449,15.62029963969701,29.14769922007133,5.968409220071351,23.17928999999998,11.100537848835472,-10.0,402.0,3.79718187147083
2019-09-25,18.748040000000003,10.397730000000024,-3.3051999999999566,2.1192494070110683,1.0582564225193778,14.833015829530382,27.477689407010985,5.424449407011025,22.05323999999996,11.986457075908504,-5.04375,201.75,1.819677648100215
2019-09-26,19.030940000000044,9.818080000000009,-3.78607999999997,1.9546112556672028,0.5682628880978768,15.521814143765084,28.557711255667186,5.740691255667173,22.817020000000014,11.436188913183344,-2.8,112.0,7.507430115990306
2019-09-27,19.744650000000036,9.320580000000007,-4.982820000000004,1.9278650101134645,0.6159677003076922,17.95072271042119,31.638155010113508,6.910685010113468,24.72747000000004,9.831615524870188,-6.9125,276.5,6.511929940674874
2019-09-28,20.434259999999995,9.681970000000035,-4.92999999999995,1.79564089524672,0.4340844731912057,17.912015368437835,32.089900895246615,6.72564089524667,25.364259999999945,9.558325099077933,-1.74375,69.75,7.3047719125165695
2019-09-29,20.34005000000002,10.50454000000002,-4.654799999999966,1.7829021788415957,0.07715496522746434,16.350367144069025,31.432552178841547,6.437702178841562,24.994849999999985,9.895904751943135,-0.06875,2.75,5.009159510584953
2019-09-30,20.238500000000045,10.180200000000013,-5.167639999999949,1.9369358849153855,0.46305519492636904,17.625931079841735,32.51071588491533,7.104575884915334,25.406139999999994,9.351575144055005,-10.0,494.5,5.511909708893025
2019-10-01,19.382960000000026,9.813750000000027,-4.787199999999984,2.1227770319350725,0.6717577041837899,17.150944736118845,31.080137031935067,6.909977031935057,24.17016000000001,10.124335011675498,-10.0,1457.25,5.07807017766687
2019-10-02,20.696000000000026,10.083950000000016,-5.095559999999978,1.9346433847115918,0.8415337377771266,18.483787122488707,32.82176338471157,7.0302033847115695,25.791560000000004,9.158588017422858,-10.0,792.75,2.1384099183958116
2019-10-03,19.873649999999998,9.98992000000004,-5.1075799999999845,1.9888468305312585,0.6062092151393017,17.586366045670502,32.077656830531225,7.096426830531243,24.981229999999982,9.5941591347202,-10.0,887.25,1.0145930512467252
2019-10-04,20.13910000000004,9.48544000000004,-5.412399999999991,1.988130609585653,0.7632326125977897,18.817423222183436,32.95203060958568,7.400530609585644,25.551500000000033,9.134984617154032,-10.0,861.75,5.523562961455316
2019-10-05,19.320500000000038,9.783960000000036,-4.947499999999991,2.021171642735567,0.6189658540750429,17.124177496810603,31.236671642735587,6.968671642735558,24.26800000000003,10.06196730923915,-10.0,844.125,3.1136758978192978
2019-10-06,20.714470000000006,10.304400000000044,-5.388099999999952,1.9533000603528308,0.4258950915776154,18.17736515193036,33.44397006035274,7.3414000603527825,26.102569999999957,8.844344378244386,-10.0,461.0,1.6170756382769524
2019-10-07,19.50707,9.874540000000025,-5.092229999999972,2.0845997790233923,0.6824894729708717,17.49184925199421,31.776129779023336,7.176829779023365,24.59929999999997,9.768697044818964,-10.0,1184.0,7.404151258294812
2019-10-08,19.42330000000004,9.59292000000005,-5.286540000000002,2.058307385548744,0.7757130604240956,17.950940445972833,32.05468738554879,7.344847385548746,24.709840000000042,9.639356059621434,-10.0,1229.0,3.490748093367537
2019-10-09,20.307240000000036,9.7817,-4.9381499999999505,1.9749690581489858,0.6290606305819892,18.06771968873096,32.15850905814892,6.913119058148936,25.245389999999986,9.518223954147288,-7.078125,283.125,2.478535696946741
2019-10-10,20.180930000000046,10.294460000000015,-4.373269999999991,1.9151710031140396,0.7116835141860065,16.886594517300068,30.842641003114068,6.2884410031140305,24.554200000000037,10.192659088014807,-6.46875,258.75,3.3667715563414853
2019-10-11,20.045200000000023,10.054960000000051,-4.399499999999989,1.9930231634597249,0.7471940954287675,17.129957258888453,30.837223163459726,6.392523163459714,24.44470000000001,10.199868680441227,-10.0,787.0,2.2919053010848853
2019-10-12,21.090360000000032,10.627769999999998,-4.738229999999987,1.8605605555899274,0.5983699350186953,17.659750490608644,32.427380555589934,6.598790555589915,25.82859000000002,9.33101541514776,-1.65625,66.25,4.012106454725086
2019-10-13,20.478020000000015,9.902829999999994,-4.932099999999991,1.9721780822286519,0.7634149053831152,18.24288298761178,32.31439808222865,6.904278082228643,25.410120000000006,9.42634247280688,-8.98125,359.25,6.220988298921069
2019-10-14,21.220730000000003,10.674000000000035,-4.018769999999961,1.8937489936177485,0.7163697093812402,17.175618702998918,31.152018993617673,5.912518993617709,25.239499999999964,9.955748648337874,-9.775,391.0,3.267320001447477
2019-10-15,19.274200000000008,10.034140000000036,-4.610239999999976,2.0874446851605057,0.9644847752383043,16.902229460398758,30.582124685160466,6.697684685160482,23.884439999999984,10.387299860408461,-10.0,649.25,5.778301120111403
2019-10-16,17.626059999999995,10.95780000000002,-4.72969999999998,2.075128636453769,0.6457018831110872,14.118790519564811,29.160588636453724,6.804828636453749,22.355759999999975,11.265845255255158,-3.684375,147.375,1.9832125805784364
2019-10-17,18.269200000000012,10.011870000000044,-4.2344699999999875,1.9281180090884504,1.0402484688117966,15.460166477900202,28.666258009088438,6.162588009088438,22.50367,11.46002533800845,-3.68125,147.25,4.143569489766027
2019-10-18,18.72314,10.1019,-4.676369999999963,1.9075043286105142,0.813210928481908,16.018325257092386,29.98338432861044,6.583874328610477,23.399509999999964,10.757356463730048,-2.7,108.0,3.1133452970754725
2019-10-19,18.99000000000001,10.086150000000032,-5.118799999999965,1.9006308699331953,0.8448953312035314,16.76817620113667,31.128230869933134,7.01943086993316,24.108799999999974,10.160301648664472,-3.6625,146.5,0.4275093513107867
2019-10-20,18.54260000000005,9.605250000000012,-4.238259999999968,2.078604700518042,0.9306650206797258,16.184879721197774,29.09772470051803,6.3168647005180105,22.78086000000002,11.200984509249963,-8.40625,336.25,3.5647411639847317
2019-10-21,17.71096,10.036580000000015,-3.7443999999999846,2.086999518773837,0.9387826801221308,14.444562198895937,27.286759518773806,5.8313995187738215,21.455359999999985,12.192124104393145,-6.903125,276.125,0.48040275216530576
2019-10-22,17.7337,9.117760000000033,-4.370999999999981,2.0149167395520067,0.9157441893739815,15.917600928925935,28.490616739551967,6.385916739551988,22.10469999999998,11.595512017848534,-6.45625,258.25,4.9245375939712766
2019-10-23,18.834280000000035,9.387080000000026,-4.09857999999997,1.84743870819824,0.9812616048395739,16.374480313037793,28.878878708198215,5.94601870819821,22.932860000000005,11.305369905002522,-5.0125,200.5,6.406885253138377
2019-10-24,18.755150000000015,9.037260000000003,-4.7257999999999925,1.8988471050145677,0.9302229598822578,17.27276006489683,30.105597105014567,6.62464710501456,23.480950000000007,10.694042182154476,-2.5375,101.5,6.406532055751479
2019-10-25,17.828520000000026,9.307700000000011,-4.601169999999968,1.691265794031608,0.8222794563982347,15.635535250429825,28.72212579403157,6.292435794031576,22.429689999999994,11.504288068108053,-0.2375,9.5,5.059845236291748
2019-10-26,17.78463000000005,8.808130000000006,-4.987949999999955,1.9218761708365264,0.963720113802367,16.850046284638893,29.682406170836487,6.909826170836482,22.772580000000005,11.00423278488097,-7.25625,290.25,2.39218620309849
2019-10-27,18.930800000000033,8.918800000000033,-5.677599999999984,1.8938418786983675,0.8347814267708031,18.418223305469155,32.17984187869837,7.5714418786983515,24.608400000000017,9.640895390226774,-10.0,400.25,8.408326321714592
2019-10-28,18.63207,9.711630000000014,-5.193399999999997,1.9499641097235667,0.1405008339595497,16.2043049436831,30.96883410972356,7.143364109723564,23.825469999999996,10.270097475931777,-4.025,161.0,6.570183667560747
2019-10-29,17.239599999999996,10.114400000000046,-4.4647299999999746,1.8832293757079697,0.6313826791474071,14.104542054855301,28.052289375707915,6.347959375707944,21.70432999999997,11.884121433341932,-0.59375,23.75,1.9446381023131272
2019-10-30,17.141200000000026,9.86877000000004,-4.613999999999976,2.0397077087699813,1.0638969069894415,14.990034615759384,28.40890770876996,6.653707708769957,21.755200000000002,11.699664220274144,-2.33125,93.25,7.656417307465867
2019-10-31,17.942530000000033,9.395780000000002,-4.606179999999995,1.8698740728389112,0.9148237968726676,15.937627869711605,29.024764072838934,6.476054072838906,22.54871000000003,11.322191841371023,-4.50625,180.25,2.0908312377142644
2019-11-01,18.939360000000022,9.171840000000032,-4.38009999999997,1.7391233153820167,0.6875797285130147,16.574323043894992,29.43868331538198,6.119223315381987,23.319459999999992,11.025559306465993,-4.159375,166.375,6.188922874659819
2019-11-02,19.791070000000047,10.124720000000025,-5.009559999999965,1.8928514290443559,0.29659018188414166,16.865351610928485,31.703041429044333,6.902411429044321,24.800630000000012,9.798029952443699,-4.46875,178.75,4.597554185312656
2019-11-03,20.241720000000043,9.826620000000048,-4.583899999999971,1.6407394334534615,-0.13682764736319086,16.502911786090237,31.050259433453448,6.224639433453433,24.825620000000015,10.10773295028605,-0.090625,3.625,6.284040741030467
2019-11-04,21.020650000000046,9.464470000000006,-4.680939999999964,1.5027216819977411,0.6914286567903787,18.431270338788124,31.885251681997715,6.183661681997705,25.70159000000001,9.635096305750437,-0.415625,16.625,3.3194747656453694
2019-11-05,20.376180000000033,10.179160000000024,-5.270029999999963,1.8766331951868551,0.4276613129318889,17.771344508118716,32.792873195186814,7.146663195186818,25.646209999999996,9.204191066566864,-6.690625,267.625,2.341922639623658
2019-11-06,20.726400000000012,9.667380000000037,-5.549599999999998,1.7647168682923962,0.5688301380835128,18.942167006375882,33.590316868292405,7.314316868292394,26.27600000000001,8.785663869765415,-2.146875,85.875,1.5827369859873561
2019-11-07,20.15112000000005,9.682280000000048,-5.196799999999996,1.8483857640453039,0.704276652546298,18.218302416591598,32.393105764045345,7.0451857640453,25.347920000000045,9.42589102832153,-10.0,409.0,1.8698399421321095
2019-11-08,20.167100000000005,10.08077000000003,-4.613619999999969,1.9581742988440283,0.569573662488267,17.22769796133224,31.35251429884397,6.571794298843997,24.780719999999974,9.935092534059152,-10.0,578.875,1.8241364089399814
2019-11-09,19.989620000000002,9.694180000000017,-4.10311999999999,1.836684340537488,0.7314981039090753,16.96674244444654,30.03254434053747,5.939804340537478,24.092739999999992,10.621687618183273,-2.8125,112.5,2.0561516429706272
2019-11-10,20.515070000000037,9.341499999999996,-4.645539999999983,1.767392875756002,0.3506866318329571,17.937189507588982,31.573542875756004,6.412932875755985,25.16061000000002,9.812086196393523,-0.33125,13.25,5.5446924427149575
2019-11-11,20.170200000000023,9.379080000000044,-5.16519999999997,1.5868222556513842,0.26714330370577954,17.810285559357112,32.08742225565135,6.7520222556513545,25.335399999999993,9.599850198625688,-0.009375,0.375,7.060688967249632
2019-11-12,19.827570000000037,10.656820000000039,-4.7140999999999735,1.4789578485676316,-1.6018902218055473,13.761917626762056,30.734727848567616,6.193057848567605,24.54167000000001,10.315287903422757,-0.36875,14.75,7.834063318520275
2019-11-13,19.067650000000015,8.939780000000042,-3.9330999999999676,1.6537081565587641,-0.38991568955947287,15.324762466999232,28.587558156558714,5.586808156558732,23.000749999999982,11.446167217343316,-0.875,35.0,6.450565717109
2019-11-14,17.87307000000004,9.83770000000004,-4.309599999999989,1.996910334600102,0.8175397680427636,15.159420102642855,28.48918033460012,6.306510334600091,22.18267000000003,11.583164587852878,-2.528125,101.125,1.8420954575636428
2019-11-15,18.33480000000003,9.970640000000003,-5.036000000000001,1.910155954743118,0.7577859653777068,16.068101920120853,30.31695595474315,6.946155954743119,23.37080000000003,10.630257121303714,-1.6375,65.5,3.354232316145914
2019-11-16,20.095270000000028,10.087980000000016,-5.584019999999953,1.7679980586489705,0.316859330282,17.676167388930935,33.031308058648904,7.352018058648923,25.67928999999998,9.118655892809556,-1.33125,53.25,4.604623943031863
2019-11-17,20.423850000000016,10.517660000000035,-4.264899999999955,1.4937737393944985,-0.760373405346968,14.904490334047466,30.447423739394424,5.758673739394453,24.68874999999997,10.404257835058104,-0.0,0.0,4.342895300402371
2019-11-18,19.5274,10.35208,-5.480349999999987,1.936022960325829,0.7658906015536218,17.357583561879437,32.4241229603258,7.416372960325816,25.007749999999987,9.458137554029747,-7.04375,281.75,0.9911779008322028
2019-11-19,20.181600000000003,9.928980000000024,-4.715549999999951,1.7408053275946145,0.2938720164768256,17.00284734407137,31.35350532759452,6.456355327594565,24.897149999999954,9.9521524162177,-0.2,8.0,3.669546476712797
2019-11-20,17.890530000000012,9.932060000000035,-4.838799999999992,2.0018175054955236,0.8850155112080529,15.684103016703546,29.56994750549552,6.840617505495516,22.729330000000004,11.040440885416956,-3.090625,123.625,2.7422422950759735
2019-11-21,17.898650000000032,10.161460000000034,-4.411839999999984,1.93882568384754,0.5796877920446946,14.667543475892217,28.66115568384754,6.350665683847524,22.310490000000016,11.501164544046844,-1.09375,43.75,6.2299867434691425
2019-11-22,17.755640000000028,10.461820000000046,-5.018679999999961,1.8203532707671002,0.42604547319427866,14.558898743961322,29.61335327076705,6.839033270767061,22.77431999999999,11.053178464837913,-0.16875,6.75,7.913156153105116
2019-11-23,18.534940000000006,10.664030000000025,-4.357460000000003,1.7551699371120435,-0.38764263683628997,13.595897300275738,29.005029937112056,6.112629937112047,22.89240000000001,11.280990428885332,-0.390625,15.625,7.984146120526245
2019-11-24,19.543660000000045,12.618600000000015,-4.434299999999951,1.468843646247194,-3.313438194210846,9.514765452036329,29.88110364624714,5.903143646247145,23.977959999999996,10.770153918394612,-0.0,0.0,3.952770100040398
2019-11-25,18.434660000000008,10.742180000000019,-3.50491999999997,1.8261892009122676,-0.22817998068262568,12.795409220229601,27.270689200912216,5.331109200912238,21.939579999999978,12.15204041758534,-0.0,0.0,4.530549445153915
2019-11-26,19.233120000000042,12.744500000000016,-3.2591299999999706,1.425912859259256,-2.847660424666799,8.326002434592453,27.17729285925924,4.685042859259227,22.492250000000013,12.15497153179632,-0.0,0.0,5.135444998865956
2019-11-27,18.393670000000043,9.616399999999999,-3.074869999999976,1.9124029781241347,0.4577100928381128,14.222253070962267,26.45581297812413,4.9872729781241105,21.46854000000002,12.554737339887481,-0.034375,1.375,5.405657068363801
2019-11-28,18.242700000000013,10.704250000000002,-5.20465999999999,1.9092336840769235,0.5214595560702264,15.173803240147151,30.561253684076917,7.113893684076913,23.447360000000003,10.51722111529881,-0.1125,4.5,2.5579207211748938
2019-11-29,18.412740000000042,9.902829999999994,-3.5919999999999845,1.913416397626861,0.6809938784181782,14.696320276045071,27.510156397626872,5.5054163976268455,22.004740000000027,12.025548735127472,-0.0,0.0,7.440860243538102
2019-11-30,17.81597000000005,10.410300000000007,-4.675699999999949,1.9590902508055024,0.7711390540936804,14.811599304899175,29.12646025080545,6.634790250805452,22.49167,11.274710728555647,-0.88125,35.25,6.492446006227152
2019-12-01,17.377700000000004,9.512540000000001,-4.19556,2.0750521350025792,0.9878317937868815,15.123603928789464,27.843872135002584,6.27061213500258,21.573260000000005,11.95054362558767,-5.71875,228.75,13.282168766905727
2019-12-02,16.63345000000004,9.69598000000002,-4.884829999999965,1.7990263555247452,0.8684251795344835,14.489751535059213,28.202136355524715,6.683856355524711,21.518280000000004,11.889489036958253,-0.0,0.0,14.409873195832676
2019-12-03,16.613460000000032,9.41473000000002,-5.159899999999993,1.5348711656644127,0.8934046860613876,14.786905851725805,28.46813116566443,6.694771165664406,21.773360000000025,11.788352177552383,-0.0,0.0,7.125278487314036
2019-12-04,16.805300000000045,8.904700000000048,-4.767369999999971,1.8552505719599708,0.1208694558309844,14.644090027790924,28.19529057195996,6.622620571959942,21.572670000000016,11.866586329275833,-0.0125,0.5,4.662386219134905
2019-12-05,16.915250000000015,10.20028000000002,-4.206519999999955,1.749445137138082,-0.16546503388860856,12.505470103249422,27.077735137138006,5.955965137138037,21.12176999999997,12.424036157131297,-0.415625,16.625,3.5232447591110407
2019-12-06,16.438379999999995,11.130060000000014,-4.358159999999998,1.6120545946671427,-0.4960481617678738,10.782486432899248,26.766754594667134,5.970214594667141,20.796539999999993,12.651667310637492,-0.090625,3.625,3.2875954199628947
2019-12-07,16.85232000000002,8.66270000000003,-4.743439999999964,1.8884334763181414,0.32094684801785434,15.14244032433595,28.22763347631809,6.6318734763181055,21.595759999999984,11.84112727892898,-0.509375,20.375,5.190840728246847
2019-12-08,16.540980000000047,7.8455000000000155,-3.591099999999983,1.8116073967373154,0.35545885778202546,14.453646254519356,25.53478739673733,5.4027073967372985,20.13208000000003,13.232919236427904,-0.253125,10.125,3.511712768220516
2019-12-09,17.270100000000014,11.754600000000039,-3.9381499999999505,1.5519454333891645,-1.2788479105062152,9.726747522882874,26.69834543338908,5.490095433389115,21.208249999999964,12.592813195626718,-0.484375,19.375,4.078382595912721
2019-12-10,17.57916,10.984460000000013,-4.063879999999983,1.574812256990299,-0.14120527987131481,12.092186977118956,27.281732256990267,5.638692256990282,21.643039999999985,12.2640345278636,-0.596875,23.875,1.3195275472975396
2019-12-11,19.108900000000006,10.286200000000008,-4.594149999999956,1.3685873742937247,-0.46895710808308877,14.31648026621059,29.665787374293643,5.962737374293681,23.703049999999962,10.928147720869902,-0.41875,16.75,5.93592201623491
2019-12-12,19.56478000000004,9.083700000000022,-4.1464299999999525,1.3975285917140354,-0.3648440383728371,15.66019455334117,29.255168591713982,5.543958591713988,23.711209999999994,11.086978847905641,-0.928125,37.125,5.829300379388528
2019-12-13,19.157430000000033,10.040459999999996,-4.43277999999998,1.5835869415938646,-0.017547542959619022,15.115789398634263,29.606576941593858,6.016366941593844,23.590210000000013,10.934734922412929,-0.34375,13.75,6.630271954593231
2019-12-14,17.057900000000018,9.006500000000017,-4.031469999999956,1.7898626157651734,0.8750925327812524,14.747825148546383,26.910702615765103,5.8213326157651295,21.089369999999974,12.485825777291382,-1.071875,42.875,6.277557539593399
2019-12-15,17.94906000000003,9.940760000000012,-3.540999999999997,1.5068775714217963,0.4268325199340097,13.483010091355823,26.53793757142182,5.047877571421793,21.490060000000028,12.601253569381242,-0.053125,2.125,5.457690423045892
2019-12-16,18.30093000000005,8.275900000000036,-4.301199999999994,1.6909707945788455,-0.29305460302765596,15.724146191551199,28.594300794578885,5.99217079457884,22.602130000000045,11.517622327801064,-0.259375,10.375,1.6014215822216422
2019-12-17,17.740560000000016,10.792630000000031,-2.721839999999986,1.5232041039672595,-0.17842791548730474,11.014546188479926,24.707444103967248,4.2450441039672455,20.462400000000002,13.53768931679599,-0.0,0.0,1.062982995698073
2019-12-18,17.654260000000022,10.555260000000033,-4.0423999999999864,1.7009823613878439,-0.8555299271865238,11.986852434201296,27.44004236138784,5.74338236138783,21.69666000000001,12.163558391890263,-0.253125,10.125,3.1145406830824607
2019-12-19,17.88960000000003,11.013760000000048,-5.02652999999998,1.498562371664434,-0.37698627646403793,13.023946095200358,29.441222371664423,6.525092371664414,22.91613000000001,11.156733033709543,-0.0,0.0,4.964469338852498
2019-12-20,18.33280000000002,10.96792000000005,-5.141149999999982,1.4669319138893115,-0.5626431835120798,13.410318730377185,30.082031913889296,6.6080819138892934,23.473950000000002,10.791050584652623,-0.015625,0.625,2.3451745091398313
2019-12-21,18.04647,11.11282,-4.525549999999953,1.600570791771645,-0.9091637594337385,12.15060703233786,28.69814079177155,6.126120791771598,22.572019999999952,11.501516970204648,-0.0,0.0,6.410525889496383
2019-12-22,18.67593000000005,10.84050000000002,-4.702919999999949,1.4884044458218,-0.5861907754776894,13.44056367034409,29.57017444582175,6.191324445821749,23.37885,11.009564644515308,-0.0,0.0,5.4137248987588436
2019-12-23,18.67452000000003,10.295000000000016,-3.495519999999999,1.5384468491923826,0.5633832074405518,13.976870056632947,27.20400684919241,5.033966849192382,22.17004000000003,12.188407588994892,-0.0,0.0,10.395073922782755
2019-12-24,18.156150000000025,9.926750000000027,-5.089200000000005,1.9157374107587088,0.5560243137290399,15.790361724487752,30.250287410758744,7.004937410758714,23.24535000000003,10.681390758865291,-0.39375,15.75,3.5614243040106763
2019-12-25,18.53597000000002,10.539420000000007,-4.763769999999965,1.936005975066223,0.5993375625866975,15.2956635376529,29.999515975066174,6.6997759750661885,23.299739999999986,10.766043907091671,-0.153125,6.125,4.409746656759081
2019-12-26,20.09310000000005,10.68365,-6.103430000000003,1.8219552115543252,0.4833974146445712,17.81823262619895,34.12191521155438,7.925385211554328,26.196530000000052,8.569021158051726,-0.28125,11.25,6.787941639345459
2019-12-27,20.185630000000003,9.889949999999999,-5.495499999999993,1.862183715376318,0.8820497820175319,18.535413497393847,33.03881371537631,7.357683715376311,25.681129999999996,9.098721545123283,-1.075,43.0,10.618300651840716
2019-12-28,18.62942000000004,11.14416,-2.253499999999974,1.6785526474607764,-0.37757115792101104,11.039741489539779,24.814972647460763,3.9320526474607504,20.882920000000013,13.374256095293902,-0.04375,1.75,14.90400412444012
2019-12-29,19.106100000000026,5.971150000000023,-1.1836999999999875,1.4235361153070585,0.5521650020424431,16.294351117349493,22.89703611530706,2.607236115307046,20.289800000000014,14.308390555758706,-0.471875,18.875,8.615375735058938
2019-12-30,19.517600000000016,6.766500000000008,-4.861940000000004,1.3866005534039232,0.11242566522338393,19.11206621862732,30.628080553403947,6.248540553403927,24.37954000000002,10.405938417922869,-0.01875,0.75,12.668014728551396
2019-12-31,18.403530000000046,7.875800000000027,-5.23679999999996,1.6476568631426858,0.44566270067252844,17.857849563815194,30.52478686314265,6.8844568631426455,23.640330000000006,10.545293316806408,-1.240625,49.625,16.475384304993813
2020-01-01,18.31075000000004,8.628080000000011,-4.560429999999997,1.8524715045359699,0.3005619069706995,16.396133411506696,29.284081504536005,6.4129015045359665,22.871180000000038,11.155308332016375,-5.95625,238.25,10.453525655462297
2020-01-02,18.842250000000035,9.15414000000004,-4.193399999999997,1.8495126977889527,0.17635902203414844,15.907381719823093,29.078562697788982,6.04291269778895,23.035650000000032,11.204551274326093,-6.18125,247.25,5.514935336328484
2020-01-03,21.022670000000005,8.675900000000013,-4.690099999999973,1.546729029617552,-0.9156426596646838,17.667956369952833,31.949599029617502,6.236829029617525,25.712769999999978,9.59917972987597,-0.540625,21.625,9.391675765634535
2020-01-04,21.32614000000001,11.51278000000002,-4.687899999999956,1.3732593068385768,-2.5919182104307765,13.282601096407745,32.0751993068385,6.061159306838533,26.014039999999966,9.525047509629701,-0.0,0.0,3.114237896942933
2020-01-05,21.302880000000016,9.079520000000002,-4.336899999999957,1.3616200191917187,-0.6128426413998795,17.30903737779181,31.33830001919165,5.698520019191676,25.639779999999973,9.896188903295297,-0.0,0.0,7.771965014007902
2020-01-06,18.586080000000038,8.974660000000029,-5.305759999999964,1.8481399260055014,0.3963923300219676,17.161712256027442,31.045739926005467,7.153899926005465,23.891840000000002,10.246427805011251,-0.078125,3.125,7.454878183591173
2020-01-07,19.232320000000016,11.420000000000016,-5.983159999999998,1.5254356465851515,-2.5810330674547686,12.73988257913038,32.72407564658516,7.5085956465851496,25.215480000000014,9.373640049376547,-0.0,0.0,10.844897968876632
2020-01-08,20.45297000000005,11.137350000000026,-6.7554700000000025,1.0687713076595742,-2.782529022181791,14.35733228547781,35.03268130765963,7.824241307659577,27.208440000000053,8.140006649903171,-0.0,0.0,8.43465128147694
2020-01-09,21.112570000000005,11.280100000000004,-6.918679999999995,1.430867574693366,-2.318453340484325,15.863564234209036,36.38079757469336,8.34954757469336,28.03125,7.385789107929156,-0.0,0.0,8.480510118230512
2020-01-10,19.525959999999998,10.826070000000016,-3.7630699999999706,1.3352777072447566,-2.3675698948372883,11.430667812407421,28.387377707244696,5.098347707244727,23.28902999999997,11.52953644378573,-0.0,0.0,5.691753985706874
2020-01-11,18.898400000000038,10.352620000000002,-3.8157699999999863,1.1585950782712189,-2.624816263501657,10.895328814769584,27.68853507827123,4.974365078271205,22.714170000000024,11.955080061068031,-0.0,0.0,3.944806832180502
2020-01-12,19.33077000000003,11.852750000000015,-1.9073499999999513,1.1841490859249006,-3.3376927189841012,7.231826366940766,24.329619085924833,3.091499085924852,21.23811999999998,13.589271709651882,-0.0,0.0,4.476938565318886
2020-01-13,20.77380000000005,10.594400000000007,-1.6585799999999722,1.1323995345806566,-3.475221834543504,9.495157700037169,25.223359534580652,2.7909795345806288,22.432380000000023,13.012976550836186,-0.0,0.0,2.412426492814886
2020-01-14,20.872299999999996,11.115700000000004,-2.1614399999999705,1.0693659316076491,-3.576430103961684,9.410975827645927,26.264545931607586,3.2308059316076196,23.033739999999966,12.488033124588242,-0.0,0.0,5.5521072633693
2020-01-15,20.520530000000008,11.14706000000001,-2.685699999999997,0.3933794698107249,-3.1159154105151856,9.336634059295534,26.285309469810727,3.079079469810722,23.206230000000005,12.545873913395667,-0.0,0.0,2.395988228940102
2020-01-16,20.077050000000042,11.200980000000015,-2.1359599999999546,1.06970079269405,-2.184833059703692,9.89689773299034,25.418670792694,3.2056607926940046,22.213009999999997,12.981252678103886,-0.0,0.0,3.2362355372984903
2020-01-17,20.8818,9.687550000000044,-2.956899999999962,0.7197573410792302,-1.8911778788481683,12.979729462230978,27.515357341079152,3.676657341079192,23.83869999999996,11.882080306665728,-0.0,0.0,3.8570262522620653
2020-01-18,19.466150000000027,12.277430000000038,-5.345129999999983,1.73297812263462,-1.8667899797389396,12.400038142895653,31.889388122634614,7.078108122634603,24.81128000000001,9.750068035111497,-0.425,17.0,10.417055554684874
2020-01-19,21.21768000000003,7.484520000000032,-4.841469999999958,1.3235976623541887,-0.07020154314164984,19.828026119212495,32.224217662354135,6.165067662354147,26.05914999999999,9.462813841976072,-0.03125,1.25,5.410604930873446
2020-01-20,21.94906000000003,6.709249999999997,-5.48697999999996,1.0874244007000584,0.33270259668336166,22.146916997383414,34.01044440070001,6.574404400700018,27.43603999999999,8.527941031358296,-0.0,0.0,8.170621559286102
2020-01-21,20.35635000000002,9.529100000000028,-5.460239999999999,0.6970242697360618,-0.5856756221269848,16.398838647609068,31.97385426973608,6.157264269736061,25.81659000000002,9.70136945461718,-0.0,0.0,6.766474229960416
2020-01-22,20.266140000000007,10.0308,-5.5055999999999585,1.4187880837539524,-1.1407910646933601,16.01893701906056,32.69612808375388,6.924388083753911,25.771739999999966,9.299980293707108,-0.0,0.0,8.810272503889976
2020-01-23,19.997029999999995,11.766200000000026,-6.470979999999997,1.3295356612197224,-2.683788459416178,13.347557201803511,34.26852566121971,7.80051566121972,26.468009999999992,8.545327869494258,-0.0,0.0,9.072686273733163
2020-01-24,21.233360000000005,12.626920000000041,-4.8308999999999855,0.33863679941225655,-4.376307462019099,9.399669337393107,31.233796799412232,5.169536799412242,26.06425999999999,10.010116943602725,-0.0,0.0,8.28003355424462
2020-01-25,21.592900000000043,12.131920000000036,-5.676599999999951,-0.4872066721059696,-3.5469776652566907,11.103395662637297,32.458893327893975,5.189393327893981,27.269499999999994,9.389027223567496,-0.0,0.0,9.335521497991715
2020-01-26,22.832240000000013,10.515600000000006,-4.954079999999976,0.6972237585766834,-2.0567772549028405,15.911166503673826,33.43762375857665,5.65130375857666,27.78631999999999,8.768865651045132,-0.0,0.0,8.124659420082883
2020-01-27,22.19595000000004,9.159800000000018,-4.9085399999999595,1.0402400364562823,-0.20635599017390405,18.77857404628236,33.05327003645624,5.948780036456242,27.10449,8.990188892655453,-0.0,0.0,7.272975009126586
2020-01-28,21.77776,9.45568000000003,-3.704439999999977,1.0640582447093152,-1.454930071439776,15.635648173269487,30.25069824470927,4.768498244709292,25.482199999999978,10.42196249232137,-0.0,0.0,9.07183866418147
2020-01-29,22.435400000000016,8.101600000000019,-3.332299999999975,1.1469441502625273,-0.11076909098335364,18.702275059279145,30.246944150262493,4.4792441502625024,25.76769999999999,10.371022374161953,-0.0,0.0,12.947209291684986
2020-01-30,23.01263,8.623440000000016,-3.9606699999999933,0.9027314854012616,-0.38463714934061954,18.86795433606062,31.83670148540125,4.863401485401255,26.973299999999995,9.548637876672444,-0.0,0.0,10.832868014190458
2020-01-31,23.1678,7.2465799999999945,-1.7222699999999804,0.9764349014540699,0.49873407521681656,19.118658976670872,27.58877490145403,2.6987049014540503,24.89006999999998,11.658786657166331,-0.0,0.0,11.882710396852929
2020-02-01,21.54680000000002,6.3776000000000295,-1.3711599999999748,1.1019748096056787,0.22354623140802232,17.865881041013665,25.391094809605647,2.4731348096056536,22.917959999999994,12.867278924400068,-0.0,0.0,7.175584311655636
2020-02-02,20.127200000000016,5.692600000000027,-3.154399999999953,1.051625064172697,0.09827697941221913,18.738902043584858,27.48762506417262,4.20602506417265,23.28159999999997,11.943631492148484,-0.0,0.0,6.193881894993349
2020-02-03,21.11880000000002,7.492819999999995,-3.1901299999999537,0.46151992882653303,-1.3619164916757427,15.915713437150771,27.960579928826462,3.6516499288264868,24.308929999999975,11.651326555337732,-0.0,0.0,5.206746607847124
2020-02-04,20.904350000000022,10.807460000000049,-1.8232999999999606,0.680039186897659,-3.1937837590980394,9.406445427799554,25.230989186897602,2.5033391868976196,22.727649999999983,13.02448587667277,-0.0,0.0,8.304216017628917
2020-02-05,20.940060000000017,8.016700000000014,-2.7885499999999865,1.1582047613530904,-0.6799458860045888,16.19016887534849,27.67536476135308,3.946754761353077,23.728610000000003,11.77126607839358,-0.0,0.0,5.8634172573668195
2020-02-06,21.646420000000035,9.284199999999998,-2.0300699999999665,1.2309626308277757,-1.0353651705109996,14.587887460316779,26.937522630827743,3.261032630827742,23.67649,12.078638885446992,-0.0,0.0,1.9963331027293367
2020-02-07,21.376250000000027,6.486400000000003,-3.0611299999999915,1.3255324133618842,0.5841636161417796,19.86067602950368,28.824042413361894,4.386662413361876,24.43738000000002,11.1497851563812,-0.2625,10.5,1.5289818872391785
2020-02-08,21.425530000000037,7.346060000000023,-4.524499999999989,1.1560108947036838,-0.39468321633546566,19.365297678368222,31.6305408947037,5.680510894703673,25.950030000000027,9.754245328098591,-0.0,0.0,8.99446297879301
2020-02-09,20.25173000000001,5.952800000000025,-4.289679999999976,1.324761533816286,0.4358913327017717,20.349262866518018,30.155851533816247,5.614441533816262,24.541409999999985,10.578050780522574,-0.459375,18.375,14.237904990715277
2020-02-10,20.759029999999996,7.5182700000000295,-2.122349999999983,1.1426973543703411,-0.6823127857122699,15.82349456865802,26.146427354370303,3.2650473543703242,22.88137999999998,12.55196451982772,-0.0,0.0,10.106611653287889
2020-02-11,20.62032000000005,9.847380000000044,-2.4872199999999793,1.0433227916871601,-1.6218358700273257,12.68164692165982,26.638082791687168,3.5305427916871395,23.10754000000003,12.324477202086086,-0.0,0.0,6.71353871835986
2020-02-12,20.61760000000004,9.320700000000045,-4.439799999999991,1.1571942630051808,-1.692281572776153,15.201612690229013,30.6543942630052,5.596994263005172,25.05740000000003,10.308419409862154,-0.0,0.0,9.998287049622352
2020-02-13,22.065600000000018,12.05776000000003,-4.654329999999959,0.5381603573090388,-2.880879600928324,12.319450756380661,31.912420357308974,5.192490357308998,26.719929999999977,9.594276139513454,-0.0,0.0,7.868046097070467
2020-02-14,22.334069999999997,8.67593000000005,-3.8430999999999926,1.1291560414578612,-0.6683653138940713,17.96203072756373,31.149426041457843,4.972256041457854,26.17716999999999,9.927597282848296,-0.0,0.0,9.522235941982897
2020-02-15,23.35082,11.515600000000006,-4.709079999999972,0.743480766378525,-2.288201570225283,14.999579196153206,33.51246076637847,5.452560766378497,28.05989999999997,8.695391510528054,-0.0,0.0,4.557389868051147
2020-02-16,22.916160000000048,12.601130000000012,-4.113069999999993,0.13607917228659971,-3.928853863129291,10.635325309157338,31.278379172286634,4.249149172286593,27.02923000000004,9.860170326853734,-0.0,0.0,2.693881014343091
2020-02-17,22.258080000000007,13.748860000000036,-5.222879999999975,-0.44191913282190853,-4.184105137403719,9.106075729774318,32.26192086717805,4.780960867178067,27.480959999999982,9.429996790274345,-0.0,0.0,2.660377983569882
2020-02-18,22.143100000000004,12.77206000000001,-5.3735999999999535,0.47810667602152535,-4.256167808143289,10.966578867878184,33.368406676021436,5.851706676021479,27.516699999999958,8.862202117607012,-0.0,0.0,8.029503766590205
2020-02-19,22.43112000000002,9.481400000000008,-4.939429999999959,0.6526515473231598,-1.5168459284594178,17.024955618863714,32.9626315473231,5.592081547323119,27.37054999999998,9.036994842691684,-0.0,0.0,2.4538419654449393
2020-02-20,22.400959999999998,11.094660000000033,-4.091859999999997,0.09870776496217104,-2.850906894240552,12.64596087072158,30.683387764962163,4.190567764962168,26.492819999999995,10.197618862335958,-0.0,0.0,8.009211752541116
2020-02-21,22.52755000000002,9.392570000000035,-4.610269999999957,-0.05204011265357167,-2.4868916369962335,15.206318250350137,31.696049887346362,4.558229887346386,27.137819999999977,9.685361786816145,-0.0,0.0,5.073200830596357
2020-02-22,21.990200000000016,8.773650000000032,-3.4921599999999557,0.8107304291663695,-1.090821976198356,16.428618452967953,29.785250429166297,4.302890429166325,25.48235999999997,10.651423446941806,-0.0,0.0,8.430417490903563
2020-02-23,21.640340000000037,8.679100000000005,-3.125599999999963,0.9025493084095615,-1.8300087742480287,15.159380534161528,28.794089308409525,4.028149308409525,24.76594,11.169925498273926,-0.0,0.0,9.081690046339762
2020-02-24,22.24514000000005,9.560699999999997,-3.189179999999965,0.786259972809205,-0.9673940457431627,15.692485927066059,29.409759972809184,3.97543997280917,25.434320000000014,10.821519684527516,-0.0,0.0,11.42369110069564
2020-02-25,23.37942000000004,7.360160000000008,-3.106299999999976,0.8804411207845533,0.49323670339060754,20.499237824175168,30.472461120784544,3.9867411207845294,26.485720000000015,10.208294769466193,-0.0,0.0,11.182828964495144
2020-02-26,22.964260000000024,7.287560000000042,-4.210579999999993,1.2069731531262278,0.6785238102912672,21.77277696341747,32.59239315312624,5.417553153126221,27.174840000000017,9.159063013657601,-0.66875,26.75,2.38434744505894
2020-02-27,22.952200000000005,6.951620000000048,-4.059939999999983,1.0204055356379058,0.6305873020023114,21.711512837640157,32.09248553563788,5.080345535637889,27.012139999999988,9.419675619188126,-0.109375,4.375,7.031752671327664
2020-02-28,22.80856,7.114770000000021,-3.929899999999975,1.0247916619075,0.5553614706730627,21.203843132580516,31.69315166190745,4.954691661907475,26.738459999999975,9.62837009210591,-0.015625,0.625,5.524081721615278
2020-02-29,23.244169999999997,7.430139999999994,-4.583899999999971,0.9551359365379426,0.5811969286704652,21.93426286520838,33.36710593653788,5.539035936537914,27.82806999999997,8.765735209760237,-0.0,0.0,12.160371875429085
2020-03-01,23.123440000000016,7.161830000000009,-4.651899999999955,1.1143858368308202,0.6505591578726353,22.378454994703418,33.54162583683075,5.766285836830775,27.77533999999997,8.679405939538242,-0.0,0.0,16.998201868584445
2020-03-02,20.56024000000002,9.070670000000007,-5.23294999999996,1.7392082694913142,0.3384679981882073,18.800196267679496,32.765348269491255,6.972158269491274,25.79318999999998,9.214557934093648,-2.23125,89.25,17.79287687950415
2020-03-03,22.69192000000004,9.944000000000017,-5.0574399999999855,1.4212664038622052,-0.09003751747746946,19.136588886384743,34.228066403862215,6.478706403862191,27.749360000000024,8.347196398061897,-0.0,0.0,16.73891867555954
2020-03-04,22.877700000000004,9.702420000000018,-4.537759999999992,1.4110038026589677,0.06309986336020756,19.187143666019153,33.364223802658955,5.948763802658959,27.415459999999996,8.767857547157973,-0.0,0.0,14.681408021422685
2020-03-05,22.75558000000001,9.896749999999997,-4.16134999999997,1.4355360139602453,-0.25550665286556296,18.200209361094664,32.513816013960195,5.596886013960216,26.91692999999998,9.199435550420333,-0.009375,0.375,20.77699279976939
2020-03-06,21.795280000000048,9.769800000000032,-1.9453999999999496,1.6270592803505792,0.07646143407299633,15.674400714423541,27.313139280350526,3.572459280350529,23.740679999999998,11.853114007162048,-1.4625,58.5,10.076227830244019
2020-03-07,21.657219999999995,9.966400000000021,-3.106119999999976,1.7291858234566462,0.22785968278367363,16.75398550624027,29.598645823456593,4.835305823456622,24.76333999999997,10.712722943914855,-1.546875,61.875,9.668681899671565
2020-03-08,22.60784000000001,9.869230000000016,-3.7383799999999496,1.5645863526050903,0.10507430013637986,18.146650652741414,31.649186352605,5.30296635260504,26.34621999999996,9.632992447281083,-0.1125,4.5,11.602005261759118
2020-03-09,22.822600000000023,10.048850000000016,-3.171479999999974,1.5903393582577792,0.45393465587090986,17.98950401412867,30.75589935825775,4.761819358257753,25.994079999999997,10.064145406963405,-0.209375,8.375,7.09515917959411
2020-03-10,23.680499999999995,10.34384,-4.109839999999963,1.5244688846714212,0.008886286847825886,18.979855171519205,33.42464888467134,5.634308884671384,27.790339999999958,8.682575406526098,-0.0,0.0,2.4645390493036197
2020-03-11,24.198900000000037,8.75356000000005,-3.8355999999999995,0.948002529542407,0.4251845022404268,20.65412703178282,32.81810252954244,4.7836025295424065,28.034500000000037,8.984091361297658,-0.0,0.0,6.34782138151139
2020-03-12,24.154629999999997,8.418499999999995,-3.2267799999999625,1.042396944170548,0.5338258467104424,20.539132790880956,31.65058694417047,4.2691769441705105,27.38140999999996,9.566894490044206,-0.0,0.0,4.850293889269937
2020-03-13,24.337500000000034,8.333280000000002,-4.161469999999952,0.7176074976643463,0.35523895069223954,21.23853644835657,33.378047497664284,4.879077497664298,28.498969999999986,8.704513021107232,-0.0,0.0,7.801193189079354
2020-03-14,24.90590000000003,8.897450000000049,-4.108249999999998,0.6405011447239417,0.27546386032526016,21.032665005049182,33.76290114472397,4.74875114472394,29.01415000000003,8.484052571611699,-0.0,0.0,8.750888111845988
2020-03-15,24.948080000000004,9.00332000000003,-5.415559999999971,0.8847408891659256,0.5241339412651769,22.769194830431047,36.66394088916587,6.3003008891658965,30.363639999999975,7.0241715832635805,-0.0,0.0,6.040100205693262
2020-03-16,24.56075000000004,8.574800000000039,-6.448099999999954,1.0880877804515308,0.6089638057308662,24.131101586182353,38.54503778045148,7.536187780451485,31.008849999999995,6.095808769354903,-0.0,0.0,1.7962938049966848
2020-03-17,23.384299999999996,8.341030000000046,-5.136629999999968,0.9202699956942979,-0.045299448391915575,21.0548705473023,34.57782999569423,6.056899995694266,28.520929999999964,8.153613887689062,-0.0,0.0,7.47771337994906
2020-03-18,25.234640000000013,9.199370000000044,-5.446329999999989,0.5273127152408392,0.14092133057459932,22.149834045815396,36.65461271524083,5.973642715240828,30.680970000000002,7.024182469386631,-0.0,0.0,9.78787658379907
2020-03-19,25.184750000000008,9.128660000000025,-5.486699999999985,0.7620722336266681,0.3871682957978919,22.692030529424528,36.920222233626646,6.248772233626653,30.671449999999993,6.8883124030322165,-0.0,0.0,15.357424379555164
2020-03-20,22.583830000000034,8.86205000000001,-6.428169999999966,1.5775328796381132,0.94001017549067,22.667493055128773,37.01770287963808,8.00570287963808,29.012,6.94963205087106,-5.7625,230.5,12.54596463028738
2020-03-21,25.79128000000003,9.550400000000025,-4.694279999999992,0.8856165160156593,0.5186122713882924,22.339388787403948,36.06545651601567,5.579896516015651,30.48556000000002,7.285898245218107,-0.0,0.0,8.57577972070656
2020-03-22,23.450649999999996,9.616630000000043,-4.616829999999993,1.374883228894987,0.434044061353859,20.259777290248792,34.05919322889497,5.99171322889498,28.06747999999999,8.387004875939681,-0.35,14.0,12.382766814438302
2020-03-23,21.52212000000003,9.73290000000003,-5.0366599999999835,1.8485580925294585,0.5024756787340721,19.176913771263514,33.443998092529455,6.885218092529442,26.558780000000013,8.790933888275674,-10.0,1204.25,10.889101832392575
2020-03-24,25.552760000000035,9.345540000000028,-5.656039999999962,1.0144093852192668,0.6432755544702786,23.520944939689514,37.879249385219225,6.670449385219229,31.208799999999997,6.384678951980106,-0.0,0.0,11.260610196989385
2020-03-25,24.20263,8.16384000000005,-5.521399999999971,0.7983214211860741,0.4440711909381889,22.802582612124183,36.043751421186016,6.3197214211860455,29.72402999999997,7.375794210734682,-0.0,0.0,5.391363252530607
2020-03-26,24.761930000000007,8.722300000000018,-3.2111299999999687,0.8256099242801724,0.4096998912066283,20.486069815486758,32.00979992428012,4.036739924280141,27.973059999999975,9.362029542382572,-0.0,0.0,4.2897410385012495
2020-03-27,24.21840000000003,8.532070000000033,-3.53765999999996,0.4785430024766697,-0.06912128076987756,19.63341172170675,31.77226300247662,4.0162030024766295,27.75605999999999,9.520738881902389,-0.0,0.0,4.481623988241676
2020-03-28,25.25613000000004,9.276640000000043,-4.862339999999961,0.04603203232801434,-0.36743978196136595,20.520422250366607,35.02684203232798,4.908372032327975,30.118470000000002,7.84324948282557,-0.0,0.0,4.374082463432815
2020-03-29,25.790670000000034,9.70464000000004,-5.239319999999964,0.45814553884781617,0.09744265957658627,21.88093819842436,36.72745553884778,5.69746553884778,31.029989999999998,6.9632845805660395,-0.0,0.0,3.2495452441419017
2020-03-30,25.60745000000003,9.611320000000035,-4.907999999999959,0.29986460645739044,-0.06696639487154243,21.1370282115858,35.723314606457336,5.207864606457349,30.515449999999987,7.475675401732758,-0.0,0.0,10.759850167482478
2020-03-31,25.444000000000017,9.390250000000037,-6.017369999999971,0.30440054165006813,-0.06725028521896093,22.308270256431058,37.78314054165003,6.321770541650039,31.461369999999988,6.452702231401702,-0.0,0.0,8.06095678818722
2020-04-01,26.29812000000004,10.109800000000007,-5.25351999999998,0.3348186277055447,-0.02311523261835191,21.753543395087206,37.139978627705545,5.588338627705525,31.55164000000002,6.737087504061037,-0.0,0.0,10.335406685909977
2020-04-02,26.54708000000005,10.463160000000016,-2.636449999999968,0.8140526389029787,0.4622637053454923,19.996686344248474,32.634032638902966,3.4505026389029467,29.18353000000002,8.973634347947439,-0.0,0.0,7.04071628595088
2020-04-03,26.22090000000003,10.134400000000028,-4.011019999999974,0.7536274846282822,0.3982722193671293,21.249419703995386,34.99656748462826,4.764647484628256,30.231920000000002,7.80621282143062,-0.0,0.0,2.8201710617669735
2020-04-04,26.528530000000046,10.40020000000004,-4.1285799999999995,0.44869034393985885,0.09480806477159831,20.800408408711462,35.234380343939904,4.577270343939858,30.657110000000046,7.679989713244765,-0.0,0.0,1.7699756373828104
2020-04-05,26.123130000000003,9.85107000000005,-4.897339999999986,1.0885922540060733,0.7008282060544389,22.95882046006045,37.00640225400605,5.985932254006059,31.02046999999999,6.796781949088654,-0.0,0.0,5.624717332834673
2020-04-06,25.235250000000008,10.50997000000001,-3.9486799999999675,1.6986224661056326,0.91123947335916,21.283821939464758,34.831232466105575,5.6473024661056,29.183929999999975,7.89481080953675,-8.1375,325.5,4.479407454765047
2020-04-07,21.263270000000034,9.622460000000046,-4.633099999999956,1.8961346287991887,0.788462155194452,18.958506783993585,32.425604628799135,6.529234628799145,25.89636999999999,9.315388208643753,-10.0,712.125,3.439640034224875
2020-04-08,21.94637,9.902120000000025,-5.885569999999973,1.860094677246309,0.5366318855663508,20.32654656281261,35.577604677246256,7.745664677246282,27.831939999999975,7.692254740515125,-10.0,1030.125,8.061907773593278
2020-04-09,21.48434000000003,9.552099999999996,-6.315599999999961,1.6503877168107124,0.685407866288017,20.583635583098726,35.765927716810666,7.965987716810673,27.799939999999992,7.648173225741857,-1.015625,40.625,14.141238768923099
2020-04-10,23.225900000000024,10.013120000000015,-7.471959999999967,1.3884862638566347,0.047204141372276354,22.120430405228888,39.55830626385659,8.860446263856602,30.69785999999999,5.650111767368514,-0.675,27.0,8.755429807262042
2020-04-11,23.73275000000001,7.880100000000027,-7.525549999999953,1.0013212661315265,0.592900543566941,24.972421809698403,39.78517126613144,8.52687126613148,31.258299999999963,5.524824299421709,-0.0,0.0,7.356527372318339
2020-04-12,24.822000000000003,8.879140000000007,-6.812899999999956,0.7864404810168821,0.3948991900220449,23.93709967103888,39.2342404810168,7.599340481016839,31.63489999999996,5.7481252223580555,-0.0,0.0,12.889224890214543
2020-04-13,26.19088000000005,10.090419999999995,-6.802949999999953,0.37357937276988196,0.008605992966749909,23.28559536573664,40.17035937276984,7.176529372769835,32.99383,5.225435499605055,-0.0,0.0,1.800085034487965
2020-04-14,25.86984000000001,9.84880000000004,-6.0222799999999665,-0.11316480491939274,-0.5122083237940274,21.417946871286517,37.80123519508055,5.909115195080574,31.892119999999977,6.426865068614632,-0.0,0.0,7.987857269951911
2020-04-15,26.34340000000003,10.174800000000005,-6.420259999999985,0.26802578995238946,-0.09981188901787164,22.75707390093453,39.45194578995239,6.688285789952374,32.763660000000016,5.579798355876903,-0.0,0.0,6.97516141914722
2020-04-16,26.47717,10.194800000000043,-6.496679999999969,0.8493340718530931,0.4636925487322401,24.09207662058526,40.31986407185303,7.346014071853062,32.97384999999997,5.132994004947136,-0.0,0.0,2.579850696066935
2020-04-17,27.357140000000015,10.994400000000041,-5.270399999999995,0.920469233599988,0.5570977477278802,23.110706981327837,38.81840923359999,6.190869233599983,32.62754000000001,5.854559636538852,-0.0,0.0,4.193840382649873
2020-04-18,26.256770000000017,10.102720000000033,-4.578399999999988,1.0071577727634917,0.6213596597300466,22.36096743249351,36.420727772763485,5.5855577727634795,30.835170000000005,7.08661776296168,-0.0,0.0,3.6745277495614572
2020-04-19,25.987570000000005,9.883780000000002,-5.285959999999989,1.1038528874748295,0.7442704542660863,23.237873341740908,37.66334288747481,6.389812887474818,31.273529999999994,6.4732114140033445,-0.0,0.0,2.298254190401978
2020-04-20,25.483540000000005,9.53546,-4.345129999999983,0.8025639607838002,0.3718229753249602,21.467596936108748,34.97636396078377,5.1476939607837835,29.82866999999999,7.845394434077434,-0.0,0.0,5.722698750271828
2020-04-21,26.55250000000001,10.268670000000043,-4.634799999999984,0.9049891177120344,0.5334739359502692,22.357093053662254,36.72708911771201,5.539789117712019,31.187299999999993,6.925570399893729,-0.0,0.0,0.6375470202380683
2020-04-22,26.415200000000027,10.2654,-4.749499999999955,1.2216630960004977,0.8364483184648179,22.957411414465298,37.135863096000435,5.971163096000453,31.164699999999982,6.717236946482615,-0.0,0.0,2.2559107863582395
2020-04-23,26.755060000000014,10.613500000000045,-4.168979999999976,1.3213222464077603,0.945455479856264,22.57731772626397,36.41434224640773,5.490302246407737,30.92403999999999,7.065179955483359,-0.0,0.0,3.889822278879128
2020-04-24,23.03066000000001,11.137050000000045,-4.5545399999999745,1.921558576254995,1.1185160559248288,19.488224632179765,34.061298576254956,6.476098576254969,27.585199999999986,8.375996873582949,-10.0,989.625,6.938474599802539
2020-04-25,22.29788000000002,11.20535000000001,-4.155399999999986,2.053273263804499,0.9221203764723214,18.223323640276817,32.66195326380449,6.208673263804485,26.453280000000007,9.11177281249735,-10.0,921.75,4.721376780719666
2020-04-26,22.786950000000047,11.547799999999995,-3.4536999999999694,1.936038978816498,1.0888718393995305,17.71776081821605,31.630388978816484,5.389738978816467,26.240650000000016,9.605772546595063,-10.0,417.75,7.078927266983034
2020-04-27,25.16708,10.760460000000023,-4.176249999999982,1.3981976397201947,0.5490546273318841,20.530122267052036,34.91777763972016,5.5744476397201765,29.34332999999998,7.868731627453428,-0.00625,0.25,4.630725487081736
2020-04-28,25.142240000000015,11.010800000000017,-5.784899999999993,1.6992788688143037,0.7758851069552861,22.39150397576958,38.411318868814305,7.484178868814297,30.92714000000001,6.108049888096332,-2.31875,92.75,13.199817444133057
2020-04-29,20.725369999999998,10.833370000000002,-4.730629999999962,2.0833070453645064,0.4705292510562913,17.176466296420756,32.26993704536443,6.813937045364469,25.45599999999996,9.418756385701386,-8.60625,344.25,3.1080497353361687
2020-04-30,24.289450000000045,10.659500000000037,-4.143199999999979,1.3134593203330382,0.3888798897214656,19.47548921005449,33.88930932033304,5.456659320333017,28.432650000000024,8.428341978846959,-0.0,0.0,6.546097589709205
2020-05-01,24.37023000000005,9.815800000000024,-3.9305799999999635,1.5254721063956254,0.9746733100645315,20.985155416460145,33.7568621063956,5.456052106395589,28.300810000000013,8.479349497264593,-0.0375,1.5,3.083449980492065
2020-05-02,24.248320000000035,11.017269999999996,-3.9768399999999815,1.6128160322315352,0.6816059778787462,19.502312010110302,33.81481603223153,5.589656032231517,28.225160000000017,8.452739935223065,-0.240625,9.625,6.132598587444518
2020-05-03,25.398400000000038,11.102300000000014,-3.5591999999999757,1.5013494618053187,0.8013447768175865,20.157994238622905,34.01814946180531,5.060549461805294,28.957600000000014,8.304041197653078,-0.0375,1.5,2.3938321358023456
2020-05-04,26.22195000000005,10.279660000000035,-4.25106999999997,1.148716354129931,0.6977031164256573,22.039779470555573,35.87280635412992,5.399786354129901,30.47302000000002,7.358138793795206,-0.0,0.0,1.8817199885712836
2020-05-05,25.457700000000045,9.932029999999997,-3.921359999999993,1.4371815731488482,0.9719880772312308,21.85619965038012,34.73760157314888,5.358541573148841,29.379060000000038,7.944118118288827,-0.0,0.0,3.4324379225003114
2020-05-06,25.31725,10.654870000000017,-3.1626299999999787,1.4361176741116424,0.7485730562890467,20.009700730400652,33.0786276741116,4.598747674111621,28.47987999999998,8.780012048784045,-0.01875,0.75,2.944449276617374
2020-05-07,24.451900000000023,11.509640000000047,-3.063729999999964,1.7049529486643564,0.9918173746874572,18.702760323351754,32.28431294866431,4.7686829486643205,27.515629999999987,9.20261396357148,-3.3875,135.5,4.182870633558749
2020-05-08,24.94842,11.273400000000038,-3.1775599999999713,1.6632023162229075,0.6557791915668645,19.171561507789704,32.96674231622285,4.840762316222879,28.12597999999997,8.841123770922195,-0.0,0.0,5.382211822348369
2020-05-09,26.433040000000005,10.546440000000018,-2.8045399999999745,1.3166902683962576,0.8852605134489977,20.893090781845217,33.35881026839621,4.121230268396232,29.23757999999998,8.602650067400702,-0.0,0.0,4.694646354909806
2020-05-10,26.626599999999996,10.442930000000047,-4.254599999999982,1.0940450885443056,0.689837080642576,22.222152169186813,36.229845088544266,5.348645088544288,30.88119999999998,7.167696456510328,-0.0,0.0,5.873138597242787
2020-05-11,25.412770000000023,9.510580000000004,-4.784249999999986,1.2418883939391208,0.805499615499059,22.733828009438184,36.223158393939116,6.026138393939107,30.19702000000001,7.211617494849293,-0.0,0.0,6.785006813488206
2020-05-12,25.43978000000004,9.922540000000026,-4.332799999999963,1.1520599532572078,0.5536530205978352,21.55575297385502,35.257439953257176,5.484859953257171,29.772580000000005,7.696704083948703,-0.0,0.0,7.739573138022298
2020-05-13,25.50887,10.403500000000008,-3.556979999999953,1.3881242230739304,0.7469828367234754,20.797457059797352,34.01095422307384,4.9451042230738835,29.065849999999955,8.307913231845248,-0.0,0.0,5.443025810607828
2020-05-14,26.220060000000046,10.382530000000031,-4.054139999999961,1.3682231023323652,0.9514823103261278,22.21137541265847,35.696563102332334,5.422363102332326,30.274200000000008,7.4396785876612626,-0.0,0.0,8.26942704497311
2020-05-15,27.17425000000003,10.919460000000015,-4.310900000000004,1.1407491561594156,0.7685283473928735,22.474967503552307,36.93679915615945,5.451649156159419,31.485150000000033,6.796745843773635,-0.0,0.0,1.9573904729104028
2020-05-16,24.977869999999996,11.130200000000002,-5.425119999999993,1.5725274681005885,0.7400135327710018,21.585331000871577,37.40063746810057,6.997647468100581,30.40298999999999,6.6268082294656665,-0.20625,8.25,1.9779016961755655
2020-05-17,22.298730000000035,12.214230000000043,-3.206899999999962,2.241149065280922,1.2969781057650493,16.829527171045925,30.95367906528088,5.448049065280884,25.505629999999996,9.949362198569247,-10.0,2043.875,4.7040752268889685
2020-05-18,22.267570000000035,12.267880000000048,-4.17044999999996,1.9760027503878632,0.6946503651155922,16.840793115503402,32.58447275038782,6.146452750387823,26.438019999999995,9.158704137769064,-4.35,174.0,6.439133507953457
2020-05-19,23.481100000000026,11.824400000000026,-4.684419999999989,1.8372570416666463,0.2354766696879551,18.41385371135459,34.68719704166665,6.521677041666635,28.165520000000015,8.043127405340329,-3.590625,143.625,4.9387716364612
2020-05-20,24.346060000000023,11.020560000000046,-4.870299999999986,1.3837789909582625,0.32500836953892076,19.904587360497146,35.47043899095826,6.254078990958249,29.21636000000001,7.63148520191362,-0.053125,2.125,1.4024898165779955
2020-05-21,25.525900000000036,11.180380000000014,-4.148719999999969,1.4905020793502217,0.4955936784987216,20.480335757848934,35.313842079350195,5.639222079350191,29.674620000000004,7.651089632962055,-0.0,0.0,2.569095930470927
2020-05-22,26.165980000000047,11.505520000000047,-3.7069499999999493,1.5160919800455304,0.46819306409014416,20.351695044135624,35.095971980045476,5.22304198004548,29.872929999999997,7.735662493339305,-1.590625,63.625,6.347207365953236
2020-05-23,27.204980000000035,11.383200000000045,-2.120519999999999,1.2766096939993758,0.808936661804637,20.027846355804,32.72262969399941,3.397129693999375,29.325500000000034,8.899436166532269,-0.21875,8.75,3.4887066652985554
2020-05-24,25.724360000000047,11.536900000000003,-2.870149999999967,1.8116549258664918,0.8767333120198373,19.74599823788634,33.27631492586647,4.681804925866459,28.594510000000014,8.648057543371692,-5.00625,200.25,3.2595186939857186
2020-05-25,25.143580000000043,11.447080000000028,-2.0089499999999703,1.6592475612574162,0.8038288070251838,18.168526368282585,30.8207275612574,3.6681975612573865,27.152530000000013,9.905563475878239,-1.1125,44.5,3.895938712585142
2020-05-26,24.207400000000007,12.616360000000043,-2.7365499999999656,2.206211173610825,0.8507511514993666,17.38455232511012,31.886711173610763,4.942761173610791,26.943949999999973,9.381604906040081,-10.0,1525.25,4.646667701567335
2020-05-27,24.460230000000024,11.93795,-3.536900000000003,2.056901647044242,0.9638034427113666,19.079885089755635,33.59093164704427,5.593801647044245,27.997130000000027,8.527664080078637,-10.0,611.75,7.489676127585818
2020-05-28,24.95890000000003,12.444970000000012,-4.59009999999995,2.002370543002087,0.9149069832713508,20.021307526273404,36.141470543002015,6.592470543002037,29.548999999999978,7.234201210678805,-10.0,546.625,9.777357816440043
2020-05-29,22.38480000000004,11.449850000000026,-4.200869999999952,2.065752726443918,1.2091943423911857,18.41076706883507,32.852292726443864,6.26662272644387,26.585669999999993,9.0100766305805,-10.0,740.5,5.3349745684471035
2020-05-30,21.912930000000017,11.560570000000041,-3.210299999999961,2.130738635454634,1.0317467806606828,16.725145416115254,30.464268635454573,5.341038635454595,25.123229999999978,10.229883232426687,-10.0,1455.75,11.385332054642372
2020-05-31,22.168480000000045,11.974450000000047,-3.7152999999999565,2.1894338529055517,1.0136326025489097,17.112396455454416,31.78851385290551,5.904733852905508,25.88378,9.545222000416857,-10.0,1281.5,2.9225710149728443
2020-06-01,20.826930000000004,11.886930000000007,-2.7783000000000015,2.1847803895575453,0.9709558509019303,14.874036240459475,28.568310389557553,4.963080389557547,23.605230000000006,11.25209002850471,-10.0,435.75,2.959120062674782
2020-06-02,20.00320000000005,11.893820000000005,-4.071749999999952,1.9441478230129405,0.6417669215841784,14.767044744597115,30.090847823012894,6.015897823012892,24.07495,10.581331677429489,-0.75,30.0,6.512902890379933
2020-06-03,21.7294,11.373500000000035,-3.770240000000001,1.9695640418942162,0.7827223207560223,16.878426362650202,31.239444041894217,5.739804041894217,25.49964,9.86852401199883,-2.265625,90.625,8.798896140022904
2020-06-04,21.034970000000044,11.53167000000002,-3.7232399999999757,2.068604396835781,0.9194779093489274,16.214622306184708,30.550054396835776,5.7918443968357565,24.75821000000002,10.254973487505879,-10.0,677.75,2.988221352416586
2020-06-05,21.332670000000007,11.179400000000044,-3.7582499999999754,2.0277811801126404,1.0279089448632703,16.96721012497585,30.8769511801126,5.786031180112616,25.090919999999983,10.073543215591656,-2.875,115.0,0.500433566775701
2020-06-06,20.897800000000018,10.330470000000048,-3.4331399999999803,1.9707853889583475,1.1747678293084505,17.14602321826675,29.734865388958326,5.403925388958328,24.33094,10.682030331445901,-10.0,862.25,6.222915075151678
2020-06-07,20.763570000000016,10.126700000000028,-4.0222499999999854,1.9167678707451614,0.8769537014130151,17.45284157215815,30.724837870745148,5.939017870745147,24.78582,10.202888569022605,-5.69375,227.75,7.686540844767899
2020-06-08,23.606899999999996,9.982259999999997,-4.29989999999998,1.593253308757994,0.8134114327243651,20.33120474148234,33.79995330875795,5.893153308757974,27.906799999999976,8.49546396586976,-0.03125,1.25,8.372820081788
2020-06-09,21.341880000000003,11.177729999999997,-4.0519199999999955,1.9748716232709285,0.8379268478080917,17.028868471079022,31.420591623270923,6.026791623270924,25.3938,9.80538231259061,-7.2625,290.5,8.179125632064807
2020-06-10,21.005700000000047,10.90730000000002,-4.842699999999979,1.9949648437361702,0.8167586838051193,17.752823527541295,32.686064843736176,6.83766484373615,25.848400000000026,9.196080822369368,-7.85,314.0,11.502870807178862
2020-06-11,19.650260000000003,9.829859999999996,-3.867559999999969,1.8945888945341949,0.9085899508853572,16.491138845419528,29.279968894534136,5.762148894534164,23.517819999999972,11.022686235529932,-3.43125,137.25,3.8307208254616794
2020-06-12,20.240080000000034,10.172020000000032,-3.5327499999999645,1.7492688144081967,0.8012846607762754,16.15136347518444,29.05484881440816,5.282018814408161,23.77283,11.09596862927782,-0.0,0.0,7.232307046211891
2020-06-13,18.833000000000027,11.205900000000042,-2.386199999999974,2.1071209772928796,1.1111024391065598,13.231523416399398,25.712520977292854,4.4933209772928535,21.2192,12.861773331456334,-0.86875,34.75,4.463024952253402
2020-06-14,20.90853000000004,11.764280000000042,-2.848799999999983,2.1029981826284256,1.058600386089097,15.154648568717505,28.709128182628433,4.9517981826284085,23.757330000000024,11.182818549782837,-1.06875,42.75,11.028946712259353
2020-06-15,21.800130000000024,11.998130000000003,-2.3437299999999937,1.9907058277514125,0.9631544822890987,15.099590310040526,28.478295827751424,4.334435827751406,24.143860000000018,11.242360345085217,-0.4125,16.5,10.417836008880244
2020-06-16,20.449370000000044,11.707360000000051,-3.0567399999999907,2.072756554746036,1.0938617300951137,14.965368284841134,28.63560655474606,5.1294965547460265,23.506110000000035,11.258515316020066,-1.3,52.0,3.785458027830177
2020-06-17,20.59408000000002,10.934169999999995,-3.749300000000005,2.052003290558787,1.1361640891948923,16.59737737975371,30.144683290558817,5.801303290558792,24.343380000000025,10.494535856701305,-0.85,34.0,3.518033536653408
2020-06-18,20.16476,11.310170000000028,-3.8319499999999493,2.0433789014194303,0.9908075598604569,15.72072646127981,29.87203890141933,5.87532890141938,23.99670999999995,10.667549277160504,-1.5875,63.5,5.109033916403178
2020-06-19,21.966030000000046,11.459770000000049,-3.4037799999999834,1.9758311363657413,0.9595983245110915,16.845469460876814,30.749421136365754,5.379611136365725,25.36981000000003,10.095880058938747,-1.71875,68.75,6.0441850633576815
2020-06-20,22.05874,10.937900000000013,-3.602239999999995,1.8513607243053798,0.9112345820039423,17.485675306309304,31.11458072430537,5.453600724305375,25.660979999999995,9.917204427733964,-0.21875,8.75,4.909854851759367
2020-06-21,19.43795,10.277060000000006,-3.6580299999999966,2.022194698044018,1.1150335201585904,15.9561482182026,28.776204698044012,5.6802246980440145,23.095979999999997,11.281233031077988,-2.60625,104.25,5.134644955450455
2020-06-22,19.428500000000042,10.158260000000041,-4.456399999999974,2.0319696793425237,0.9865246948214121,16.74513437416391,30.373269679342513,6.488369679342497,23.884900000000016,10.482468200328412,-6.075,243.0,9.042245615984287
2020-06-23,21.17153000000002,10.291620000000023,-3.938199999999995,1.8942866542038246,0.9170400758908386,17.629436730094653,30.942216654203833,5.832486654203819,25.109730000000013,10.064472907378047,-2.2875,91.5,8.060216379009216
2020-06-24,22.20693,10.54104000000001,-3.6661699999999655,1.9278407483073465,1.0246087228653096,18.284509471172612,31.467110748307277,5.594010748307312,25.873099999999965,9.725150744300663,-3.121875,124.875,10.477425190721453
2020-06-25,21.26890000000003,11.076040000000035,-2.6585999999999785,2.0304879134571934,1.0951498806805944,15.977097794137762,28.61658791345718,4.689087913457172,23.92750000000001,11.208316411420128,-2.73125,109.25,11.391763175809437
2020-06-26,21.866720000000043,11.207120000000032,-2.860079999999982,1.9925816975774069,0.8128061970144245,16.325067894591825,29.579461697577415,4.852661697577389,24.726800000000026,10.68685834145981,-1.65,66.0,11.841876224335154
2020-06-27,21.67986000000002,11.809050000000013,-3.135499999999979,2.0273072964882886,0.696789058543061,15.730406355031334,29.978167296488266,5.162807296488268,24.81536,10.497685238527026,-1.215625,48.625,9.522609167782916
2020-06-28,20.369169999999997,11.351950000000045,-3.0615300000000047,2.0495455832394214,1.1047119834528303,15.233007566692208,28.541775583239428,5.111075583239426,23.4307,11.314545593501975,-10.0,853.75,5.647966040063029
2020-06-29,21.142449999999997,11.35537000000005,-3.071749999999952,2.11446026746745,1.1426243478776428,16.11591461534499,29.40041026746735,5.186210267467402,24.21419999999995,10.817876894017616,-4.4375,177.5,5.292645038344028
2020-06-30,20.564400000000035,10.50033000000002,-3.661959999999965,2.0068974823662415,1.043715071357667,16.77664255372389,29.895217482366206,5.668857482366207,24.22636,10.62589423908372,-7.225,289.0,6.939348421929928
2020-07-01,20.521500000000003,11.451530000000048,-3.830539999999985,1.9747413867270325,0.7779472662200533,15.653198652947026,30.157321386727006,5.805281386727017,24.352039999999988,10.501247872415377,-6.14375,245.75,2.6440287585795623
2020-07-02,18.493370000000027,11.251920000000041,-3.2732299999999555,2.1394318650818605,1.0992886000490785,13.75340046513088,27.1792618650818,5.412661865081816,21.766599999999983,12.157926367129278,-3.275,131.0,8.562889716834524
2020-07-03,18.396299999999997,10.377040000000022,-3.3484299999999507,2.158846313973129,1.241560255882689,14.768096569855743,27.252006313973027,5.50727631397308,21.744729999999947,12.129484750175038,-10.0,422.125,4.4935179353545225
2020-07-04,18.639499999999998,11.063680000000033,-3.57974999999999,2.0370316753033535,0.8765692005102323,14.06917087581354,27.83603167530333,5.6167816753033435,22.219249999999988,11.82680362392739,-3.2125,128.5,3.269944865815331
2020-07-05,19.12954000000002,11.471770000000049,-4.470799999999997,2.0417337903481325,0.8621910444555851,15.032494834803686,30.112873790348146,6.5125337903481295,23.600340000000017,10.640323903869046,-2.20625,88.25,3.868899334440771
2020-07-06,19.92935,10.678250000000048,-3.8091999999999757,1.9912643978225333,0.9733375326247824,16.024901930447243,29.539014397822484,5.800464397822509,23.738549999999975,10.858717570851809,-1.5875,63.5,2.5672505243463406
2020-07-07,19.115560000000016,10.949460000000045,-3.544960000000003,2.0865767277323357,0.8527433178450678,14.650380045577378,28.29205672773236,5.631536727732339,22.66052000000002,11.547347075448329,-4.63125,185.25,11.46180467618411
2020-07-08,18.210080000000005,11.525599999999997,-3.679239999999993,2.0716784910771935,1.0755320250157183,13.510930516092913,27.640238491077184,5.7509184910771864,21.889319999999998,11.964395542071657,-3.44375,137.75,8.637666972644267
2020-07-09,19.412620000000004,10.50427000000002,-3.9070499999999697,2.0906286661989952,0.9296065530986652,15.835635219297615,29.31734866619894,5.997678666198965,23.319669999999974,11.005948508090398,-6.275,251.0,7.871277572247995
2020-07-10,19.125969999999995,10.506130000000041,-4.0298799999999915,2.0835227069057964,0.665650526003958,15.3988932329097,29.269252706905775,6.113402706905788,23.155849999999987,11.058108340392891,-3.01875,120.75,5.2961009713053055
2020-07-11,18.494529999999997,10.440150000000017,-3.6213699999999562,2.0980747392296166,0.9220674311944208,14.695892170423974,27.835344739229527,5.719444739229573,22.115899999999954,11.834572446130721,-1.84375,73.75,6.135662724476673
2020-07-12,19.59005000000002,10.456230000000005,-3.764499999999998,2.0925526418196796,0.8965622898417678,15.88743493166146,29.211602641819695,5.857052641819678,23.354550000000017,11.043007410003554,-5.36875,214.75,9.996034724639214
2020-07-13,19.01183000000003,10.715450000000033,-3.3398199999999747,2.0456087267427847,1.0683315222917713,14.75014024903453,27.737078726742766,5.385428726742759,22.351650000000006,11.838785255545531,-0.13125,5.25,7.67341417773275
2020-07-14,19.75410000000005,11.281150000000025,-4.071139999999957,2.0661040505104893,0.8099963757126716,15.420190426223144,29.962484050510454,6.137244050510446,23.825240000000008,10.655724113025713,-6.475,259.0,1.6967115686897931
2020-07-15,18.153250000000014,10.693870000000004,-3.3008799999999496,2.0997462325340166,1.1512763087501412,14.011282541284118,26.85475623253393,5.400626232533966,21.454129999999964,12.359992763675393,-2.73125,109.25,6.506789607067266
2020-07-16,17.932029999999997,10.744100000000003,-3.5450799999999845,2.0774091501392036,0.981832191736487,13.79225134187567,27.09959915013917,5.622489150139188,21.477109999999982,12.262568799008989,-3.075,123.0,1.8748013774026302
2020-07-17,18.065150000000017,11.707400000000007,-3.7657799999999497,2.0008544528814127,0.946636948282503,13.071021401163875,27.59756445288133,5.7666344528813624,21.830929999999967,12.008686362326841,-1.61875,64.75,10.801662241784605
2020-07-18,18.867819999999995,11.033040000000028,-3.436999999999955,2.054883562256066,0.9999457188004044,14.326609281056392,27.79670356225597,5.491883562256021,22.30481999999995,11.821310607860426,-0.875,35.0,4.646349361373439
2020-07-19,20.16670000000005,10.932150000000036,-2.946139999999957,2.147085667380736,1.0909677741249197,15.418743441505626,28.2060656673807,5.093225667380693,23.112840000000006,11.4900741765843,-10.0,469.25,5.9048495503433935
2020-07-20,19.709280000000035,11.030079999999998,-3.4635399999999663,2.2184569772124405,0.9154756729672044,15.276672650179648,28.85481697721241,5.681996977212407,23.17282,11.197861263635048,-10.0,403.5,5.5157260633493115
2020-07-21,21.40157000000005,11.480580000000032,-3.8865699999999492,1.9335609872221653,0.5201248521498201,16.261245839371952,31.108270987222113,5.8201309872221145,25.28814,9.960039330485472,-0.275,11.0,7.858005112106256
2020-07-22,21.91808000000003,11.533200000000022,-3.6304700000000025,2.0041800220982964,0.5928427304914976,16.612372752589806,31.183200022098333,5.634650022098299,25.548550000000034,9.880362341878424,-4.01875,160.75,5.792084026465159
2020-07-23,20.564900000000023,10.653279999999995,-3.060299999999984,2.093073422629118,1.0156954185168274,16.080688841145957,28.77857342262911,5.153373422629102,23.625200000000007,11.175756457345699,-7.05625,282.25,3.463418438892927
2020-07-24,19.431669999999997,10.918420000000026,-3.253819999999962,2.0418862504916433,0.7354179428361363,14.544374193327712,27.981196250491564,5.295706250491605,22.68548999999996,11.677169889634285,-1.36875,54.75,4.707761524668133
2020-07-25,19.40408000000002,9.927729999999997,-4.276499999999999,2.077770885647624,0.9259964471802391,16.756617332827886,30.034850885647643,6.354270885647622,23.68058000000002,10.649259237555839,-10.0,487.5,7.85083772636853
2020-07-26,19.62325000000004,10.205650000000048,-4.45939999999996,1.9193053655801577,0.705231626129148,16.50153699170926,30.46135536558012,6.378705365580117,24.08265,10.432272072023693,-3.6625,146.5,4.887120691897684
2020-07-27,18.90840000000003,9.940940000000012,-4.243229999999983,1.9646541258154002,0.8923972371187574,16.067741362934157,29.359514125815394,6.207884125815383,23.15163000000001,11.045807240296597,-2.15,86.0,13.196342127884785
2020-07-28,20.014430000000004,10.5942,-4.275549999999953,2.059084585766982,0.8121360429854576,16.567000628752396,30.624614585766892,6.334634585766935,24.289979999999957,10.302080484909652,-5.39375,215.75,9.290508845339948
2020-07-29,19.298519999999996,10.571900000000028,-3.6236299999999915,1.9959136047330048,1.1437994981584438,15.489963102891409,28.541693604732984,5.619543604732996,22.922149999999988,11.41401666724147,-3.0375,121.5,10.385290852151298
2020-07-30,19.7688,11.288800000000037,-3.574929999999995,2.0333580376956206,0.846920235475352,14.935208273170929,28.95201803769561,5.6082880376956155,23.343729999999994,11.162748293615095,-0.3625,14.5,7.635014383788445
2020-07-31,19.286900000000003,11.273130000000037,-3.7016699999999787,2.1765693526926952,1.1068400112477548,14.998849363940394,28.866809352692655,5.878239352692674,22.98856999999998,11.234602561589554,-5.425,217.0,7.602745157178691
2020-08-01,19.083030000000008,11.04970000000003,-3.6294599999999946,2.0338913890612957,0.7273393111694872,14.424020700230756,28.375841389061293,5.66335138906129,22.712490000000003,11.514032070403971,-1.5125,60.5,8.024255681742241
2020-08-02,18.139730000000043,10.59286000000003,-3.441379999999981,2.082410980619386,1.148390251585056,14.219051232204436,27.10490098061939,5.523790980619367,21.581110000000024,12.238251227585181,-1.7625,70.5,10.737317778995546
2020-08-03,18.340540000000033,10.90560000000005,-3.511759999999981,2.100144027206852,0.9430926200756176,13.989936647282434,27.464204027206847,5.611904027206833,21.852300000000014,12.035507182673143,-3.30625,132.25,3.8166137868250907
2020-08-04,17.86297000000002,9.865620000000035,-3.571079999999995,1.9550817030913095,0.8508914515554125,14.3744031546467,26.960211703091318,5.526161703091304,21.434050000000013,12.353494360136779,-0.8875,35.5,6.873273870082877
2020-08-05,18.518850000000043,10.662650000000042,-2.3290799999999763,2.0389183478060886,1.0743599374035284,13.298558285209594,25.215928347806084,4.367998347806065,20.84793000000002,13.14858687124098,-0.15,6.0,6.025571190780886
2020-08-06,19.10820000000001,10.982140000000015,-3.3027999999999906,2.1366931299069165,0.9384655515374334,14.504018681444336,27.85049312990691,5.439493129906907,22.411,11.763391047311814,-1.10625,44.25,6.450421315464051
2020-08-07,19.294100000000014,11.764670000000024,-3.6890599999999836,2.191457042106947,0.7905602301454451,14.200507272252366,28.86367704210693,5.880517042106931,22.983159999999998,11.233931980296575,-6.40625,256.25,9.167385531357196
2020-08-08,17.778070000000014,10.35635000000002,-3.8297999999999774,2.104063804305497,1.2759022717841049,14.631486076089573,27.541733804305466,5.933863804305474,21.60786999999999,12.05532307230834,-2.925,117.0,10.996625179876645
2020-08-09,18.26254,9.970850000000041,-4.683999999999969,2.0870530516143617,1.1864225338275673,16.249165585441858,29.7175930516143,6.771053051614331,22.94653999999997,10.918516963137051,-4.853125,194.125,7.231905675886366
2020-08-10,18.566430000000025,10.005330000000015,-3.9254999999999995,1.9413312489262466,0.7701897821445414,15.198121031070798,28.35876124892627,5.866831248926246,22.491930000000025,11.582762621593645,-3.85,154.0,8.592660638903519
2020-08-11,18.297480000000007,10.612150000000042,-3.859299999999962,2.090623860433311,0.8248585079870736,14.460112368420312,28.106703860433242,5.949923860433273,22.15677999999997,11.719864090810006,-2.26875,90.75,4.257424194015774
2020-08-12,18.919430000000034,10.991240000000005,-4.05526999999995,2.016200343415619,0.7222625250415149,14.721922868457114,29.046170343415554,6.0714703434155695,22.974699999999984,11.195894012407507,-2.71875,108.75,5.609093422553291
2020-08-13,19.664600000000007,10.882300000000043,-4.0072999999999865,1.9548421823886883,0.3575965661081568,15.102038748496796,29.63404218238867,5.962142182388675,23.671899999999994,10.83875853121873,-3.6625,146.5,2.993935608689237
2020-08-14,19.209900000000005,10.740800000000036,-5.12991999999997,1.9798157580345332,0.36407351630140283,15.942909274335875,31.449555758034478,7.109735758034503,24.339819999999975,9.970393237292512,-0.925,37.0,5.03161662247807
2020-08-15,18.325680000000034,10.991600000000005,-4.1986799999999675,1.8664135729412692,0.21696114929801524,13.61613472223928,28.58945357294124,6.065093572941237,22.52436,11.499637270840935,-0.19375,7.75,3.9160710102512186
2020-08-16,17.96078,10.681540000000041,-4.084569999999985,1.986545964563959,0.8078134791754792,14.158169443739382,28.11646596456393,6.071115964563944,22.045349999999985,11.761718146756266,-1.29375,51.75,3.171224153691758
2020-08-17,18.571560000000034,10.212670000000003,-2.8660600000000045,2.0191041170623407,1.1087395119671442,14.35279362902952,26.322784117062383,4.885164117062345,21.437620000000038,12.592111797684652,-0.46875,18.75,3.352866766958773
2020-08-18,18.964530000000025,10.293270000000007,-3.326149999999984,1.9950088632056122,1.0506138636294509,15.043032726835065,27.611838863205605,5.321158863205596,22.29068000000001,11.911194644968816,-1.8,72.0,5.31884577554673
2020-08-19,19.782219999999995,11.456260000000043,-3.1115199999999845,2.00659015785817,0.7284321937399909,14.172502351598098,28.011850157858134,5.118110157858155,22.89373999999998,11.634086710747454,-1.64375,65.75,0.5795761410104896
2020-08-20,18.28660000000002,10.942499999999995,-4.257539999999949,2.107405116257212,0.8854657387056477,14.594510854962834,28.90908511625713,6.364945116257161,22.54413999999997,11.318047855312102,-1.29375,51.75,3.152333543248698
2020-08-21,20.08737000000002,10.59796,-3.7845800000000054,1.9763256224428574,0.7985633565142507,16.048878978957134,29.63285562244289,5.760905622442863,23.871950000000027,10.800103752171026,-1.33125,53.25,4.271545753870733
2020-08-22,20.106899999999996,10.983300000000042,-3.4090999999999667,2.0768595268133936,0.9947634850558984,15.604323011869212,29.001959526813323,5.48595952681336,23.515999999999963,11.104093936573975,-10.0,471.0,6.327425375949198
2020-08-23,20.24825000000004,10.570600000000013,-3.157259999999951,2.008313681213963,0.9792136370549542,15.822437318268896,28.571083681213906,5.165573681213914,23.405509999999992,11.314170515754483,-3.9375,157.5,8.684556692666968
2020-08-24,20.446920000000034,10.588160000000016,-4.5504999999999995,1.9325517493491589,0.6730291696247264,17.014840918973903,31.480471749349192,6.483051749349158,24.997420000000034,9.849522609583744,-6.775,271.0,2.9536384759591434
2020-08-25,21.366000000000042,10.937620000000038,-3.7769199999999614,1.7074561973408322,0.3466497877989809,16.25940598513978,30.627296197340797,5.484376197340794,25.142920000000004,10.22206677903904,-0.0,0.0,3.720180823239841
2020-08-26,21.196200000000033,11.047500000000014,-4.0327499999999645,1.8010840305329339,0.04403532304769442,16.026569353580612,31.062784030532896,5.833834030532898,25.228949999999998,10.009591464128789,-0.04375,1.75,4.345980346028329
2020-08-27,20.465300000000013,10.83620000000002,-3.7606999999999857,1.6803241959267439,0.09376623258725658,15.16389042851398,29.66702419592673,5.44102419592673,24.226,10.776732375435017,-0.0,0.0,8.340557283797429
2020-08-28,21.60522000000003,11.667079999999999,-3.6812499999999773,1.5936947662034981,-0.4020813132108856,14.811003452992622,30.561414766203484,5.274944766203475,25.28647000000001,10.244710428169583,-0.00625,0.25,5.03514521910211
2020-08-29,21.231100000000026,10.298360000000002,-4.351349999999968,1.8308175208364332,0.8647579201857525,17.979665441022178,31.764617520836396,6.182167520836401,25.582449999999994,9.653556524607723,-0.19375,7.75,6.890933577960202
2020-08-30,21.575400000000002,10.86984000000001,-4.8291999999999575,2.0076205758215906,0.644291664423406,18.186672240244945,33.24142057582151,6.836820575821548,26.40459999999996,8.874818215094251,-10.0,569.25,9.046356210248128
2020-08-31,21.22878000000003,9.96750000000003,-4.387369999999976,1.870145486037643,0.8389818060574612,18.35777729209508,31.873665486037623,6.257515486037619,25.616150000000005,9.596165853882667,-1.925,77.0,9.9877366486299
2020-09-01,19.589320000000043,9.933500000000038,-4.361429999999984,2.028844810580779,0.993408510409779,17.039503320990548,30.34102481058079,6.390274810580763,23.950750000000028,10.484910807623692,-10.0,516.25,9.675168386446506
2020-09-02,19.689630000000022,10.38067000000001,-3.422460000000001,2.1250636570232473,1.0332374650074598,15.889721122030721,28.65961365702327,5.547523657023248,23.112090000000023,11.306990836790192,-8.68125,347.25,8.040687621115367
2020-09-03,18.795860000000005,10.747830000000022,-3.4084199999999782,2.0938758453586956,1.0150719844289142,14.565397829787571,27.706575845358657,5.502295845358674,22.204279999999983,11.869868468323148,-2.7125,108.5,5.145053937692193
2020-09-04,20.167200000000037,11.708060000000046,-3.3666000000000054,2.1029393263526686,0.9395626216373216,14.868241947989986,29.003339326352716,5.469539326352674,23.533800000000042,11.095858987384531,-8.74375,349.75,5.836775611843795
2020-09-05,19.897640000000024,11.898770000000013,-2.865579999999966,2.1353792270321605,0.8805452521457937,13.88037447917793,27.764179227032116,5.000959227032126,22.76321999999999,11.735185865097549,-10.0,530.5,2.9945485006940067
2020-09-06,21.228800000000035,11.458250000000021,-3.203800000000001,1.9298689510026747,0.9238161109917087,15.828035061994399,29.566268951002712,5.133668951002676,24.432600000000036,10.745049280489354,-9.2875,371.5,2.117116900975296
2020-09-07,19.7817,10.654500000000041,-3.481149999999957,1.913645768778565,0.7818161056842996,15.303811874462781,28.65764576877848,5.394795768778522,23.262849999999958,11.319552827458324,-1.2875,51.5,11.803241849767579
2020-09-08,20.06182000000001,10.46804000000003,-3.761539999999968,2.025833032734056,0.9911345606288364,16.37228759336284,29.610733032734004,5.787373032734024,23.82335999999998,10.80850380989358,-5.23125,209.25,6.65941694015171
2020-09-09,20.172900000000027,10.53463000000005,-4.015599999999949,2.0628555697120987,0.9936907989002748,16.7104163686123,30.266955569712024,6.078455569712048,24.188499999999976,10.467525292285586,-6.975,279.0,10.950281227470388
2020-09-10,19.155020000000036,10.345360000000028,-4.235699999999952,1.9324683386055312,0.8619905877879432,15.839818926393434,29.55888833860547,6.168168338605483,23.390719999999988,10.925680856387203,-5.19375,207.75,6.965641999527642
2020-09-11,18.001860000000022,10.5745,-3.830449999999985,1.9730493277234018,0.8369252601717108,14.067784587895119,27.635809327723393,5.803499327723387,21.832310000000007,11.999258033930744,-2.25625,90.25,6.7522954336565055
2020-09-12,17.36175000000003,10.35766000000001,-4.455330000000004,1.9784685176744574,0.7933485413956873,14.231237059070168,28.250878517674494,6.433798517674461,21.817080000000033,11.760459089688936,-3.28125,131.25,13.527136136061364
2020-09-13,17.218500000000006,9.150170000000003,-4.449259999999981,1.9777371890195354,0.7124010072752185,15.207728196294738,28.094757189019504,6.4269971890195166,21.667759999999987,11.854543004860147,-3.74375,149.75,15.584482479689184
2020-09-14,18.191130000000044,9.646749999999997,-4.399239999999963,1.9960434535884133,0.6426848627546065,15.58234831634303,28.985653453588384,6.395283453588377,22.590370000000007,11.30170655002837,-1.5625,62.5,7.332783132386767
2020-09-15,19.15103000000005,10.185660000000041,-4.038819999999987,1.9998522578373468,0.9046130631419373,15.908655320979278,29.22852225783737,6.038672257837334,23.189850000000035,11.08468943757623,-9.96875,398.75,8.125055795885698
2020-09-16,18.96070000000003,10.62533000000002,-3.7400599999999713,1.9693301351478567,0.9060352000540206,14.95079533520186,28.41015013514783,5.709390135147828,22.700760000000002,11.515110542474815,-3.3125,132.5,5.069765549156454
2020-09-17,19.26260000000002,10.73687000000001,-4.106819999999971,1.9462833951412222,1.0036927030048446,15.582526098146047,29.422523395141184,6.053103395141193,23.36941999999999,10.981810545781457,-3.675,147.0,5.511833458834602
2020-09-18,18.93395000000004,10.40652,-3.8157699999999863,2.0051594240410395,1.0255748480154807,15.373934272056545,28.57064942404105,5.820929424041026,22.749720000000025,11.433526374351743,-2.4375,97.5,12.27911268466498
2020-09-19,17.880359999999996,9.753440000000012,-4.473799999999983,2.009332712716912,1.1280474606728603,15.73810017338974,28.837292712716874,6.483132712716895,22.35415999999998,11.406923962646601,-2.95,118.0,14.179424076704287
2020-09-20,16.737570000000005,9.469629999999995,-3.3860799999999927,1.9839679863194988,0.9628767354723209,13.600864721791822,25.49369798631949,5.370047986319491,20.123649999999998,13.209864423539102,-0.0875,3.5,16.008425678531566
2020-09-21,17.424599999999998,11.109980000000007,-2.9296599999999557,2.0438174034867984,0.7372438273087596,12.025341230795505,25.327737403486708,4.973477403486754,20.354259999999954,13.207537307632435,-1.015625,40.625,6.4592870910242866
2020-09-22,19.35235,10.207100000000025,-2.1437399999999798,1.8038138866472195,0.9170792777583756,14.00988316440555,25.44364388664718,3.9475538866471993,21.49608999999998,12.977242377439211,-0.0,0.0,4.623417673486844
2020-09-23,19.76565000000005,11.697870000000023,-2.9117200000000025,1.7302750268682416,0.6095700026211262,13.319345029489398,27.319365026868297,4.641995026868244,22.677370000000053,12.007748222987175,-0.0,0.0,14.375645749192156
2020-09-24,19.497220000000027,10.821860000000015,-3.4914999999999736,2.0646958018372743,0.9020524350955839,15.133608236932844,28.54491580183725,5.556195801837248,22.98872,11.387272890724148,-6.725,269.0,11.737288743355798
2020-09-25,19.742400000000032,9.779440000000022,-4.72515999999996,1.9888277165773047,1.035871687488168,17.712819404065442,31.181547716577256,6.713987716577265,24.46755999999999,10.054596117118763,-10.0,558.875,15.148088106385753
2020-09-26,18.143760000000043,10.326560000000029,-5.172219999999982,1.9317935974068519,0.5991383069935523,15.5203519044004,30.419993597406858,7.1040135974068335,23.315980000000025,10.596285938272558,-2.290625,91.625,3.709992297778992
2020-09-27,19.401730000000043,9.843620000000044,-5.215549999999951,1.8734449226199672,0.5836506429026826,17.2307555655226,31.70627492261991,7.088994922619918,24.617279999999994,9.834623700799511,-1.84375,73.75,5.468138909130271
2020-09-28,19.950649999999996,9.634850000000029,-4.181459999999959,1.9758644579614497,0.9828823702544582,17.456006828215834,30.289434457961363,6.157324457961408,24.132109999999955,10.483315773768197,-10.0,462.125,3.6947593466754123
2020-09-29,18.11650000000003,9.49606,-4.717259999999953,2.14761104792143,1.020687336747642,16.505998384669056,29.698631047921367,6.864871047921383,22.833759999999984,10.936346939014811,-10.0,714.125,6.418532323847558
2020-09-30,18.291740000000004,9.63635000000005,-5.154149999999959,1.9848530243263554,0.7677029691242865,16.562095993450555,30.584893024326277,7.139003024326314,23.445889999999963,10.492203570674292,-6.06875,242.75,6.2669839056722045
2020-10-01,19.795299999999997,9.895039999999995,-3.5367499999999836,1.8274455570171995,0.610313360582893,15.874768917600079,28.696245557017164,5.364195557017183,23.33204999999998,11.307549332722203,-0.7875,31.5,5.491130843180709
2020-10-02,20.278830000000028,10.035060000000044,-2.9446499999999673,1.8800650038145363,0.7875999167881105,15.856084920602598,28.0481950038145,4.824715003814504,23.223479999999995,11.58398625603678,-0.90625,36.25,3.3867341442487273
2020-10-03,19.508500000000026,9.588620000000049,-3.895029999999963,1.8473344780223329,0.9699046408979939,16.632149118920267,29.145894478022285,5.742364478022296,23.40352999999999,11.107446418278812,-1.225,49.0,6.030108121209876
2020-10-04,18.286500000000046,9.20070000000004,-4.602419999999995,1.861639750176323,0.9102069375005613,16.460066687676886,29.35297975017636,6.464059750176318,22.88892000000004,11.122303123202812,-0.478125,19.125,5.898076044494985
2020-10-05,18.998440000000016,10.076930000000004,-2.738869999999963,1.9554053984419966,0.662445406090967,14.278230804532939,26.43158539844194,4.69427539844196,21.73730999999998,12.502273329264995,-0.71875,28.75,4.986341180159839
2020-10-06,21.30853000000002,10.14846,-2.1526999999999816,1.8478886537617427,0.7465549262464037,15.907213580008147,27.461818653761725,4.000588653761724,23.46123,11.797325143431294,-0.54375,21.75,4.653074439765452
2020-10-07,21.189700000000016,10.407250000000033,-3.7951999999999657,1.8839476062000813,0.7877440507261895,17.24934165692622,30.66404760620003,5.679147606200047,24.984899999999982,10.20297579608274,-0.653125,26.125,8.466765316281673
2020-10-08,22.379140000000007,11.322780000000023,-3.546729999999968,1.8133826838089817,0.4882959152749322,16.904768599083866,31.285982683808925,5.36011268380895,25.925869999999975,9.812098207491943,-1.509375,60.375,6.193738011091215
2020-10-09,20.538260000000037,10.242600000000039,-3.7696299999999496,1.9510323210537308,0.8646875950201434,16.881009916073822,30.028552321053667,5.72066232105368,24.307889999999986,10.566535836691969,-4.359375,174.375,10.53560507950644
2020-10-10,18.942380000000014,10.235650000000021,-4.202519999999993,2.1346946757710157,0.8746405729399953,15.918585248710997,29.482114675771015,6.337214675771008,23.144900000000007,10.963023722147,-10.0,657.625,5.515694280452224
2020-10-11,18.447000000000003,9.81450000000001,-3.8034399999999664,1.9036362485792324,0.8758407768970073,15.2154170254762,27.957516248579168,5.707076248579199,22.25043999999997,11.799444901478296,-3.8125,152.5,8.839009976185087
2020-10-12,17.621730000000014,9.830160000000035,-3.341039999999964,2.0680282093488245,1.1397606063952708,14.340398815744038,26.371838209348766,5.4090682093487885,20.962769999999978,12.661503472353957,-2.7125,108.5,4.745878445099259
2020-10-13,17.853970000000004,9.857020000000034,-1.8721400000000017,1.7965951447716293,0.9386085857746593,12.60429373054626,23.394845144771637,3.668735144771631,19.726110000000006,14.15442755791895,-0.0,0.0,4.6296078564821395
2020-10-14,17.263000000000034,9.91882000000004,-3.1823799999999665,1.609376910379126,0.681972085699897,12.817908996078984,25.237136910379093,4.7917569103790925,20.44538,13.318700430466436,-0.0,0.0,9.324444153916788
2020-10-15,18.82806000000005,9.83175,-3.1660999999999717,1.9037966489661358,1.0949832121799545,15.161189861146113,27.06405664896613,5.0698966489661075,21.994160000000022,12.20750172800848,-0.0,0.0,1.8530546525281464
2020-10-16,19.885400000000004,10.176480000000026,-3.238779999999963,1.9132427119253634,0.7191677976367146,15.580110509562019,28.276202711925293,5.152022711925326,23.124179999999967,11.501578161308885,-2.053125,82.125,8.36301087139399
2020-10-17,20.224199999999996,9.962550000000022,-4.404699999999991,1.6161742911301644,0.7117323004866307,16.99425659161676,30.649774291130143,6.020874291130156,24.628899999999987,10.311558136587792,-0.0,0.0,7.498865630541692
2020-10-18,19.298760000000016,10.20168000000001,-4.833839999999952,1.9220248005358371,0.5492692512702888,16.402214051806084,30.888464800535758,6.7558648005357895,24.132599999999968,10.247736606531078,-1.5125,60.5,1.4715769234243132
2020-10-19,19.654300000000035,10.925200000000018,-4.390099999999961,1.9979704423189446,0.8860728997259457,16.00324334204487,30.432470442318902,6.388070442318906,24.044399999999996,10.436392370726537,-10.0,406.25,4.037201635390652
2020-10-20,18.579830000000015,10.186000000000035,-4.1871699999999805,2.0760778591042026,0.8976098372972388,15.554687696401402,29.03024785910418,6.263247859104183,22.766999999999996,11.231390861337957,-3.959375,158.375,2.9796499956270472
2020-10-21,18.21075000000002,10.213700000000017,-3.4916000000000054,2.033487535224026,0.8950201702133995,14.417157705437432,27.227437535224055,5.525087535224031,21.702350000000024,12.174791167826584,-1.196875,47.875,2.3654065576391576
2020-10-22,18.08593000000002,9.964170000000024,-3.4238599999999906,2.0714072708053095,1.0261498953673822,14.643177166172677,27.00505727080531,5.4952672708053,21.50979000000001,12.294962220326568,-2.796875,111.875,3.703784195546133
2020-10-23,17.45992000000001,10.469320000000039,-3.4118399999999838,1.787641669162781,1.249803626410369,13.439885295573106,26.07124166916276,5.199481669162765,20.871759999999995,12.860443196493634,-5.3,212.0,2.8356873750028124
2020-10-24,19.32614000000001,9.166650000000004,-4.022559999999999,1.6614669768929389,0.8459058581968293,16.689422835089772,29.032726976892945,5.6840269768929375,23.348700000000008,11.198324127443414,-0.228125,9.125,1.3193376478171241
2020-10-25,18.790369999999996,8.90634,-4.328769999999963,1.7891179203377305,1.0577043146024607,17.05962223494015,29.237027920337653,6.117887920337694,23.11913999999996,11.136444605339989,-2.04375,81.75,5.247970945888486
2020-10-26,19.863850000000014,9.160820000000001,-5.0781599999999685,1.7056482599558649,0.7734003461836778,18.260238606139524,31.725818259955815,6.783808259955833,24.942009999999982,9.797949024982927,-0.35625,14.25,5.342915605918795
2020-10-27,20.14422000000002,9.14327000000003,-3.785219999999981,1.4989324953658638,-0.19043939847858837,16.094663096887246,29.213592495365845,5.284152495365845,23.92944,11.046285469327415,-0.2,8.0,1.6001825505848544
2020-10-28,19.93720000000002,8.118460000000027,-4.697329999999965,1.4287215596907004,-0.5612833468742338,17.383508212816423,30.76058155969065,6.126051559690666,24.634529999999984,10.296750717693385,-0.028125,1.125,6.762735828086384
2020-10-29,18.58468000000005,8.299400000000048,-4.301299999999969,1.569896154944388,-0.33910277822360513,15.817373376720752,28.757176154944375,5.871196154944357,22.885980000000018,11.418176733415237,-0.003125,0.125,8.343018277380088
2020-10-30,20.358540000000005,8.767449999999997,-4.4488999999999805,0.9060402041012026,-0.036114985193023585,16.909915218908168,30.16238020410117,5.354940204101183,24.807439999999986,10.593688702446968,-0.0,0.0,6.016152119760814
2020-10-31,19.85217,8.215900000000033,-3.9727499999999623,1.6505059663456905,0.6353624477285393,17.89488841407416,29.448175966345616,5.623255966345653,23.824919999999963,10.942567012497534,-1.6,64.0,7.117412610347466
2020-11-01,20.340020000000038,9.406240000000025,-3.803079999999966,1.7116901994070872,0.4766463190647414,16.925196518471807,29.657870199407057,5.514770199407053,24.143100000000004,10.789515305787006,-0.0875,3.5,5.380675219256245
2020-11-02,20.48824000000002,9.381000000000029,-3.1213699999999562,1.7590175316919385,0.6128151892105507,16.600442720902436,28.48999753169187,4.880387531691895,23.609609999999975,11.356851218986321,-0.796875,31.875,5.3626500023665775
2020-11-03,20.97625000000005,9.446740000000034,-4.175419999999974,1.6960156978305463,0.42664141341100503,17.82758711124154,31.023105697830545,5.87143569783052,25.151670000000024,10.055504455754658,-0.04375,1.75,2.7084985138529465
2020-11-04,19.601650000000006,10.692530000000033,-4.2629799999999705,1.8985897848750142,0.3876062228842443,15.458296007759202,30.02619978487496,6.161569784874985,23.864629999999977,10.653794582864862,-3.3625,134.5,2.4109802847910973
2020-11-05,19.00582000000003,9.545740000000023,-5.223359999999957,1.9005763623351868,0.760843560348917,17.344859922684066,31.35311636233513,7.123936362335144,24.229179999999985,10.046326621678702,-10.0,549.0,2.1938020650181294
2020-11-06,18.76696000000004,10.211450000000013,-5.036469999999952,1.970354427681741,0.25467650073676396,15.817010928418483,30.810254427681684,7.006824427681693,23.80342999999999,10.33329584214897,-2.546875,101.875,4.59488992629741
2020-11-07,18.58715000000001,9.547330000000045,-6.0555499999999824,1.9272131695342978,0.6678564761105577,17.6904396456448,32.62546316953427,7.98276316953428,24.64269999999999,9.448709053833966,-6.38125,255.25,0.6472608216034711
2020-11-08,18.465750000000014,9.259670000000028,-5.481399999999951,1.8051124095106275,0.7142075256899147,17.20679993520048,31.233662409510544,7.286512409510578,23.947149999999965,10.169375031817424,-0.0,0.0,3.90653815068184
2020-11-09,18.77923000000004,11.847500000000025,-4.715429999999969,1.5298357897005985,-3.8248926717139398,9.352103117986644,29.739925789700578,6.245265789700568,23.49466000000001,10.910131627061162,-0.0,0.0,3.4495616316516653
2020-11-10,18.492819999999995,11.706720000000018,-4.816399999999987,0.7898169472452992,-3.2915001376475743,9.100816809597688,28.91543694724527,5.6062169472452865,23.309219999999982,11.412357610987442,-0.0,0.0,1.6090487692248892
2020-11-11,19.814020000000028,11.329920000000016,-4.5009000000000015,1.5079801237732795,-4.224213066402058,10.268767057371235,30.32380012377331,6.008880123773281,24.31492000000003,10.519873380300623,-0.0,0.0,5.026884880673607
2020-11-12,18.643100000000004,10.23705000000001,-3.864569999999958,1.9982240450248696,0.8443079023684845,15.113151947393305,28.37046404502479,5.8627940450248275,22.507669999999962,11.563258152000174,-0.809375,32.375,8.437001503594468
2020-11-13,17.91464000000002,9.81555000000003,-4.563729999999964,1.9817074714451337,1.1776503934430025,15.82217786488809,29.02380747144508,6.545437471445098,22.478369999999984,11.313355585757677,-2.915625,116.625,3.9744517988167227
2020-11-14,19.319180000000017,11.598960000000034,-4.713019999999972,1.808093208163882,-0.7297410661605568,13.51159214200328,30.553313208163843,6.521113208163854,24.03219999999999,10.425048021489715,-0.109375,4.375,8.716526750718401
2020-11-15,17.496270000000038,10.104700000000037,-4.603549999999984,2.0653493242264176,1.0263077776921818,15.086777101918585,28.768719324226424,6.668899324226402,22.099820000000022,11.476876211127774,-0.75,30.0,4.443607140080689
2020-11-16,17.37835000000001,9.448630000000037,-4.925669999999968,1.9961268852255216,1.0531968237580145,15.90471370898348,29.22581688522547,6.92179688522549,22.30401999999998,11.269117897973274,-1.665625,66.625,9.827251145050129
2020-11-17,17.95297000000005,9.757620000000031,-4.560159999999996,2.004942932230904,0.7058751926732612,15.46632812490418,29.078232932230947,6.5651029322309,22.513130000000046,11.279563892058434,-1.159375,46.375,6.297691524664038
2020-11-18,18.801500000000033,9.871270000000038,-4.67999999999995,1.8577918149366042,0.44003138319260415,15.908053198129153,30.019291814936537,6.537791814936554,23.481499999999983,10.737221119263722,-0.078125,3.125,0.5912762538185974
2020-11-19,18.801540000000045,9.287160000000029,-3.6399999999999864,1.8451711217930438,0.11879978819558801,15.118350909988635,27.926711121793062,5.48517112179303,22.441540000000032,11.784817367242852,-0.128125,5.125,3.336664200820857
2020-11-20,18.824180000000013,9.751599999999996,-3.390449999999987,1.4208533250534856,-3.1552400030028025,10.728643322050686,27.025933325053472,4.811303325053473,22.21463,12.272131976405603,-0.0,0.0,4.502762220513876
2020-11-21,19.32620000000003,10.036339999999996,-2.738679999999988,0.4414616110584575,-3.7829202406072113,8.687081370451267,25.245021611058462,3.1801416110584455,22.064880000000016,13.18011929916048,-0.0,0.0,3.4395080229644037
2020-11-22,18.636500000000012,9.970600000000047,-3.2040999999999826,1.1639986444724855,-2.562003089169309,10.471995555303124,26.208698644472463,4.368098644472468,21.840599999999995,12.7220746683563,-0.0,0.0,4.988453833809053
2020-11-23,17.841850000000022,7.598140000000001,-4.438639999999964,1.742784311020614,0.4327651629355387,16.857899473956138,28.461914311020564,6.181424311020578,22.280489999999986,11.627756099094029,-1.03125,41.25,3.734413035562649
2020-11-24,17.191340000000025,8.388149999999996,-5.238999999999976,1.7287060784917685,0.6380182083334489,16.408914286825222,29.398046078491745,6.967706078491744,22.43034,11.2341226840187,-0.34375,13.75,5.276401876267054
2020-11-25,16.982100000000003,8.984370000000013,-5.082679999999982,1.7560741841313643,0.7877283147878984,15.624212498919235,28.90353418413133,6.838754184131346,22.064779999999985,11.50223924349001,-0.0,0.0,7.957074304182577
2020-11-26,16.12026000000003,10.782430000000033,-6.526459999999986,1.777623940188107,0.4313229274139303,14.07323686760202,30.95080394018811,8.304083940188093,22.646720000000016,10.580643464534944,-0.378125,15.125,5.428786075095564
2020-11-27,14.913100000000043,9.17043000000001,-4.346869999999967,1.6536544343877608,0.07612166781780161,11.819316102205562,25.260494434387738,6.000524434387728,19.25997000000001,13.598999823268258,-0.08125,3.25,10.418466294048903
2020-11-28,17.54200000000003,8.617150000000038,-5.183099999999968,1.7876156212212777,0.5340157958118539,16.42958141703309,29.695815621221243,6.970715621221245,22.725099999999998,11.038513930982276,-0.0,0.0,4.051382877665508
2020-11-29,17.23046000000005,8.906240000000025,-5.003639999999962,1.8420026125920117,0.7744517936196189,15.944314406211618,29.079742612591986,6.845642612591973,22.234100000000012,11.376187575165716,-0.065625,2.625,3.368359368554519
2020-11-30,17.73458000000005,10.506799999999998,-4.736119999999971,1.719344211738246,-0.11398286027116455,13.569261351467105,28.92616421173824,6.455464211738217,22.470700000000022,11.40983326840285,-0.00625,0.25,1.307254621929136
2020-12-01,17.06143000000003,10.949430000000007,-5.111850000000004,1.0944513594853333,-3.0267905155561152,9.291510843929245,28.37958135948537,6.206301359485337,22.173280000000034,11.820947414728721,-0.0,0.0,7.682831451847719
2020-12-02,17.351400000000012,10.049300000000017,-4.495399999999961,1.7162795601950052,-0.49004319979746924,13.023736360397493,28.05847956019494,6.211679560194966,21.846799999999973,11.886815407431072,-0.0,0.0,4.908446305132512
2020-12-03,17.630030000000033,9.823820000000012,-4.925329999999974,1.8705438075923553,0.4310738884135503,15.033157696005901,29.351233807592337,6.795873807592329,22.555360000000007,11.192128543476429,-1.296875,51.875,3.1139138091125598
2020-12-04,16.83764000000002,9.957539999999995,-4.92752999999999,1.9212705574447568,0.595920943699241,14.324821501144015,28.61397055744476,6.848800557444747,21.765170000000012,11.645756421776468,-0.109375,4.375,7.165114335902367
2020-12-05,16.87817000000001,9.710170000000005,-5.3951999999999884,2.0034701602583596,0.7218336720642924,15.288503832322647,29.672040160258348,7.398670160258348,22.27337,11.102198910233994,-0.28125,11.25,6.337613864210985
2020-12-06,17.354520000000036,9.67953,-4.803869999999961,1.9831003866633523,0.9504330299783419,15.412393416641692,28.94536038666331,6.786970386663313,22.158389999999997,11.413437303031003,-0.034375,1.375,2.4392995724646545
2020-12-07,17.518950000000018,9.82113000000004,-5.284339999999986,2.0181209404972833,0.8714666184868634,15.871747558984111,30.105750940497273,7.302460940497269,22.803290000000004,10.811450943011721,-2.875,115.0,3.3106411276836316
2020-12-08,17.034019999999998,9.011470000000031,-5.440299999999979,1.9516517401453939,0.8878185178986655,16.302320258044006,29.86627174014535,7.391951740145373,22.474319999999977,10.99347857149968,-1.196875,47.875,4.015463615611578
2020-12-09,17.382780000000025,8.801230000000032,-5.257539999999949,1.9167454991576847,0.9765164323239901,16.732351931481617,29.814605499157608,7.174285499157634,22.640319999999974,10.983504532090592,-0.709375,28.375,5.446297705751599
2020-12-10,17.76296000000002,9.679160000000024,-4.667729999999949,1.0388693830414013,0.3349896150297127,14.12538899807106,28.13728938304132,5.70659938304135,22.43068999999997,11.863749387406529,-0.0,0.0,2.51501161961579
2020-12-11,18.569119999999998,11.306200000000047,-5.278999999999996,0.8569376262749984,-1.791072353898187,11.60778527237676,29.98405762627499,6.135937626274995,23.848119999999994,10.864923988436203,-0.0,0.0,2.830654073962571
2020-12-12,17.69637,11.188900000000046,-5.467870000000005,1.14682184996866,-2.8259431329107088,10.296218717057911,29.77893184996867,6.614691849968665,23.164240000000007,11.041982991073326,-0.0,0.0,1.6495453904191855
2020-12-13,18.19055000000003,10.799950000000024,-5.454779999999971,1.2354432544564702,-3.1538570998908426,10.926966154565605,30.335553254456443,6.690223254456441,23.64533,10.70059250496763,-0.0,0.0,2.8292648002678082
2020-12-14,18.403470000000027,10.064360000000022,-4.684669999999983,1.1633541848820528,-3.2720483267872282,10.915085858094812,28.936164184882045,5.848024184882036,23.08814000000001,11.382905844822517,-0.0,0.0,1.7650013959961366
2020-12-15,17.639340000000004,9.806120000000021,-5.366739999999993,1.378201679831875,0.6297551574636486,15.2079168372955,29.751021679831865,6.744941679831868,23.006079999999997,11.040806332102079,-0.0,0.0,2.869895474923826
2020-12-16,16.947050000000047,8.958520000000021,-5.212929999999972,1.7863407972230334,0.7246934503392595,15.71249424756229,29.159250797223024,6.999270797223005,22.15998000000002,11.375505836015748,-0.059375,2.375,1.8845819684025527
2020-12-17,16.948660000000018,9.277829999999994,-4.520600000000002,1.8310183578121837,0.6433375514634463,14.665785909275655,27.820878357812205,6.351618357812185,21.46926000000002,12.039686403239727,-0.0125,0.5,0.370662673715401
2020-12-18,17.38680000000005,9.304900000000032,-5.264959999999974,1.4240830003917608,0.2934138239006643,15.064356824292418,29.34080300039176,6.6890430003917345,22.651760000000024,11.271209527165354,-0.0,0.0,6.400019888767375
2020-12-19,17.02493000000004,11.560270000000003,-5.803259999999966,1.670106777212652,-4.703190625341449,8.234836151871207,30.301556777212625,7.473366777212618,22.828190000000006,10.807560991724586,-0.21875,8.75,5.551237091857048
2020-12-20,17.006619999999998,12.062040000000025,-4.29544999999996,1.4444473486863103,-4.384631859491719,6.299845489194524,27.041967348686228,5.73989734868627,21.302069999999958,12.463298395489574,-0.065625,2.625,6.210086777255741
2020-12-21,16.093350000000044,11.587800000000016,-4.081269999999961,1.1836056702011888,-4.39486376708561,5.3755619031155675,25.439495670201154,5.26487567020115,20.174620000000004,13.403733442445912,-0.0,0.0,4.602635167245298
2020-12-22,17.683370000000025,10.514300000000048,-5.808399999999949,1.3095344891341938,-0.9702947407863576,13.316709748347762,30.609704489134117,7.117934489134143,23.491769999999974,10.613178371876074,-0.0,0.0,4.061893313054281
2020-12-23,18.787680000000023,9.971339999999998,-4.119820000000004,1.4526682407051794,0.023357730199734306,14.412185970904943,28.47998824070521,5.572488240705184,22.907500000000027,11.545590136039664,-0.0,0.0,2.463438619690558
2020-12-24,19.204920000000016,10.818570000000022,-4.546179999999993,1.6512354697621277,0.5234299736669641,15.107195443429077,29.94851546976213,6.19741546976212,23.751100000000008,10.753031618936348,-0.0,0.0,4.152396464085492
2020-12-25,19.0308,11.955600000000004,-4.189179999999965,0.8992674350956236,-0.7585557689923803,11.405091666103203,28.308427435095552,5.088447435095588,23.219979999999964,11.651148047724291,-0.0,0.0,3.9869344332526344
2020-12-26,18.19625000000002,11.14450000000005,-4.416749999999979,1.0848431085183847,-2.1664643134720905,10.386878795046243,28.114593108518363,5.501593108518364,22.613,11.823137066774109,-0.0,0.0,10.669568438464749
2020-12-27,19.188199999999995,11.27746000000002,-3.921299999999974,0.9245760570532866,-1.3788564821160207,11.377759574937215,27.95537605705323,4.84587605705326,23.10949999999997,11.8093537426019,-0.0,0.0,10.11810438649719
2020-12-28,18.945460000000026,11.616170000000011,-5.958749999999952,0.5300399974838683,-2.7031390487601357,11.1149409487237,31.3929999974838,6.488789997483821,24.904209999999978,10.141457448995425,-0.0,0.0,6.848224142592844
2020-12-29,18.616360000000043,9.540369999999996,-5.67376999999999,1.8068139215535552,0.7177824574886245,17.274356379042217,31.77071392155358,7.480583921553546,24.290130000000033,9.884551617683428,-0.625,25.0,3.5956789020477404
2020-12-30,17.742819999999995,9.677360000000022,-4.937259999999981,1.833784915388776,0.3979291441543751,15.234434059543105,29.451124915388732,6.771044915388757,22.680079999999975,11.134160829619418,-0.0,0.0,4.9539928966330065
2020-12-31,16.72582,10.111700000000042,-6.5298499999999535,1.726772058587926,-1.049814342375896,13.82092771621194,31.512292058587832,8.25662205858788,23.255669999999952,10.232027729390381,-0.028125,1.125,4.33080625402554
2021-01-01,16.507300000000043,9.747029999999995,-4.503399999999999,1.2494349104262596,-2.5943742803474947,9.918730630078812,26.7635349104263,5.752834910426259,21.010700000000043,12.681768421973175,-0.0,0.0,3.1512486574349112
2021-01-02,16.023650000000032,8.198450000000037,-4.181799999999953,1.8187135321196024,0.9022291576208659,14.727942689740416,26.20596353211954,6.000513532119555,20.205449999999985,12.960533681831635,-0.0375,1.5,6.009477166822281
2021-01-03,17.309349999999995,9.82080000000002,-5.346079999999972,1.901622852941216,0.7923444910515514,15.528597343992715,29.903132852941155,7.247702852941188,22.655429999999967,10.948998565147747,-0.384375,15.375,4.45920489883426
2021-01-04,16.510800000000017,8.941980000000001,-2.513499999999965,1.789235084698646,0.8995475862157605,12.771102670914388,23.327035084698593,4.302735084698611,19.024299999999982,14.343044805944828,-0.028125,1.125,3.9832513974164283
2021-01-05,16.59110000000004,9.829499999999996,-5.043549999999982,1.7939935634896074,0.8359093703863891,14.435052933876023,28.47219356348961,6.837543563489589,21.634650000000022,11.75986674361235,-0.0,0.0,7.438290096423083
2021-01-06,17.067800000000034,9.27896000000004,-5.674839999999961,1.9530093161889681,1.077514660273664,16.494203976462586,30.370489316188923,7.627849316188929,22.742639999999994,10.737264493693942,-3.16875,126.75,5.2357935901485995
2021-01-07,18.09140000000002,10.62533000000002,-5.218599999999981,1.8875526069249986,0.5849377178720943,15.157160324797076,30.41615260692498,7.106152606924979,23.310000000000002,10.60843846785042,-0.053125,2.125,11.416991619035802
2021-01-08,18.723600000000033,9.540700000000015,-5.027379999999994,1.9419730000240634,0.8600928479906997,17.012345848014775,30.720333000024084,6.969353000024057,23.750980000000027,10.385560842459483,-1.5,60.0,1.6897685103923794
2021-01-09,18.29946000000001,9.627370000000042,-4.383099999999956,1.8376483137608375,0.4124148832819401,15.305253197042703,28.90330831376076,6.220748313760794,22.682559999999967,11.348405848805044,-0.0,0.0,1.507867442324554
2021-01-10,18.411370000000034,10.398740000000032,-5.44802999999996,1.6749283976872107,-0.038217465900117986,15.097370931787054,30.982358397687165,7.122958397687171,23.859399999999994,10.313171415555075,-0.221875,8.875,4.285615673539392
2021-01-11,17.14083000000005,9.222860000000026,-6.014070000000004,1.7300730779519427,0.07587201961899837,15.73798509757097,30.899043077952,7.7441430779519465,23.154900000000055,10.48914987489843,-0.64375,25.75,11.07733303596247
2021-01-12,16.623620000000017,10.321920000000034,-4.994599999999991,1.3941606481787971,-0.750908632659673,11.939552015519098,28.006980648178796,6.388760648178788,21.618220000000008,12.031514609978899,-0.0,0.0,6.338010578520483
2021-01-13,18.08334000000002,9.873829999999998,-5.366859999999974,1.465452936043505,-0.5878083880574536,14.454014547986048,30.282512936043474,6.832312936043479,23.450199999999995,10.71832779248615,-0.0,0.0,2.0595074515037477
2021-01-14,17.456780000000037,8.494100000000003,-3.956639999999993,1.758024387655837,0.9405371342583067,15.617881521914171,27.12808438765586,5.71466438765583,21.41342000000003,12.335402729639952,-0.11875,4.75,8.269235262039967
2021-01-15,18.46774000000005,10.240499999999997,-3.911900000000003,1.6004798617921665,0.6535056419883176,14.393125503780539,27.89201986179222,5.512379861792169,22.37964000000005,11.859413544558436,-0.06875,2.75,2.164203612131568
2021-01-16,19.920740000000023,10.23684000000003,-4.207159999999988,1.4499128551822764,-1.3649188837143242,13.976053971467934,29.784972855182275,5.657072855182264,24.12790000000001,10.784187322552214,-0.0,0.0,3.08684874613849
2021-01-17,19.153279999999995,10.376370000000009,-4.483979999999974,1.2176621426672796,-0.7522315835778386,13.726320559089402,29.338902142667223,5.701642142667254,23.63725999999997,11.099259480937064,-0.0,0.0,2.291605528510806
2021-01-18,18.45333000000005,9.583900000000028,-3.6749599999999987,1.2002558214135775,-0.914999212102316,12.829646609311283,27.003505821413626,4.875215821413576,22.12829000000005,12.340773063227516,-0.0,0.0,4.398441673804082
2021-01-19,18.493920000000003,12.155970000000025,-4.446749999999952,1.2705196947106288,-2.2347934256044937,9.820426269106065,28.657939694710535,5.7172696947105806,22.940669999999955,11.503519569536309,-0.0,0.0,10.142404145096881
2021-01-20,20.229730000000018,11.438870000000009,-4.148379999999975,1.2761613689903015,-1.6403436783391498,12.575057690651136,29.80265136899027,5.424541368990276,24.378109999999992,10.760398851476623,-0.0,0.0,12.330978678416741
2021-01-21,21.670200000000023,10.532000000000039,-4.089359999999999,1.5214034660274933,-2.064328027732074,14.684635438295402,31.370323466027514,5.6107634660274925,25.75956000000002,9.841186241480784,-0.128125,5.125,12.671451992674395
2021-01-22,20.393640000000005,11.832940000000008,-5.235749999999996,1.4235400208871738,-3.140837867773598,12.079152153113569,32.28868002088717,6.65929002088717,25.62939,9.491955182757863,-0.128125,5.125,10.591481598358653
2021-01-23,19.773770000000013,12.102440000000001,-5.838349999999991,1.035631989022761,-3.542447625449711,11.002864363573053,32.48610198902276,6.873981989022752,25.612120000000004,9.478676782071886,-0.0,0.0,5.756189911364168
2021-01-24,20.018760000000043,12.239770000000021,-6.010839999999973,0.5490965878533416,-3.5828219061455115,10.756104681707825,32.58953658785333,6.559936587853315,26.029600000000016,9.432886408679053,-0.0,0.0,5.191642369086562
2021-01-25,18.764250000000004,10.378750000000025,-5.526559999999961,1.0086913599237164,-3.7348647219303643,11.185886637993292,30.826061359923642,6.535251359923677,24.290809999999965,10.411723078893488,-0.0,0.0,4.442556923597908
2021-01-26,20.12563,10.890530000000012,-5.30087999999995,0.25106970057760236,-4.133460540774195,10.653589159803346,30.978459700577503,5.551949700577552,25.42650999999995,10.24302867907727,-0.0,0.0,0.41115594361896873
2021-01-27,19.442960000000028,10.03964000000002,-5.180700000000002,0.627230858292819,-3.4611558099146578,11.75009504837817,30.43159085829285,5.807930858292821,24.62366000000003,10.56452516872156,-0.0,0.0,2.6993535977182126
2021-01-28,18.528340000000014,10.76705000000004,-4.58615999999995,1.0920462207345167,-4.027770118652484,9.411726102081957,28.79270622073443,5.678206220734467,23.114499999999964,11.447194067033138,-0.0,0.0,8.813298668289294
2021-01-29,19.74404000000004,8.26950000000005,-5.950779999999952,1.1790584608429526,-0.9828446108770095,17.621533849965886,32.8246584608429,7.129838460842905,25.694819999999993,9.302030925954341,-0.0,0.0,8.017279345547058
2021-01-30,20.631619999999998,6.437100000000044,-5.236549999999966,1.1905434814333944,0.3970008112710275,21.018614292704342,32.295263481433324,6.42709348143336,25.868169999999964,9.484574175161924,-0.0,0.0,5.1544371575884345
2021-01-31,20.415300000000002,5.48544000000004,-4.9739399999999705,1.034393190707533,0.3181477206984482,21.256340911405914,31.397573190707476,6.0083331907075035,25.389239999999972,9.963181034730553,-0.0,0.0,4.711029145587032
2021-02-01,19.611720000000048,8.260700000000043,-4.199559999999963,0.4914595479338004,-2.518219727890198,13.52381982004357,28.502299547933774,4.691019547933763,23.81128000000001,11.520475155716213,-0.0,0.0,4.8473439424196885
2021-02-02,18.998620000000017,8.487880000000018,-4.163430000000005,1.101493333562587,-0.6173253366836775,15.158337996878913,28.426973333562614,5.264923333562592,23.162050000000022,11.579726366350428,-0.0,0.0,5.906133698202325
2021-02-03,18.619100000000003,5.80600000000004,-3.989099999999951,1.2866837574516694,0.12753683465297172,18.216420592104555,27.883983757451574,5.27578375745162,22.608199999999954,11.87536805470421,-0.265625,10.625,9.34704862830922
2021-02-04,19.22213000000005,8.485400000000027,-4.507729999999981,0.7511200760566794,-0.9721479988580768,15.023432077198606,28.98871007605669,5.25885007605666,23.72986000000003,11.300989759337256,-0.0,0.0,5.608030946164667
2021-02-05,20.389830000000018,8.692930000000047,-4.246299999999962,0.8005796674619887,-2.5209675855124374,14.222812081949485,29.68300966746193,5.046879667461951,24.63612999999998,10.837609349549439,-0.0,0.0,4.303395637455949
2021-02-06,20.186270000000036,7.201070000000016,-3.29947999999996,0.5171445836979842,-1.2170909802642313,15.584733603433733,27.30237458369794,3.816624583697944,23.485749999999996,12.062800373292589,-0.0,0.0,11.30571748342818
2021-02-07,19.744680000000017,10.047450000000026,-3.024759999999958,0.0492535754243022,-3.418136290003929,9.353107285420322,25.843453575424235,3.07401357542426,22.769439999999975,12.85786381112871,-0.0,0.0,5.652264686463006
2021-02-08,19.499930000000006,10.403400000000033,-3.4956999999999994,0.4868379076457927,-4.594024992402353,8.485042915243412,26.978167907645798,3.982537907645792,22.995630000000006,12.293869779874626,-0.0,0.0,5.004013465271892
2021-02-09,18.321560000000034,10.808620000000019,-4.772799999999961,1.040972311709993,-4.600909868097119,8.72580244361285,28.90813231170995,5.813772311709954,23.094359999999995,11.415395755019631,-0.0,0.0,0.9875168714821618
2021-02-10,19.882780000000025,10.16604000000001,-3.42044999999996,-0.00035281109649076825,-4.4175524671875905,8.719284721715894,26.723327188903454,3.420097188903469,23.303229999999985,12.405269169701853,-0.0,0.0,3.300962274694866
2021-02-11,20.354820000000018,11.064970000000017,-4.056859999999972,0.27281254176477887,-4.345864463581734,9.273658078183018,28.74135254176474,4.329672541764751,24.41167999999999,11.338767190184,-0.0,0.0,6.279669288126426
2021-02-12,21.218530000000044,10.657800000000009,-4.041539999999998,-0.5550089633520656,-4.222133248148793,9.825127788499174,28.746601036647974,3.486531036647932,25.26007000000004,11.28054884931953,-0.0,0.0,7.969527360403272
2021-02-13,20.82546000000002,9.467280000000017,-5.212499999999977,-0.6240448743723164,-2.847339355244401,13.099295770383264,30.62641512562766,4.588455125627661,26.037959999999998,10.378622241590449,-0.0,0.0,7.0210310889941585
2021-02-14,21.431480000000022,7.453970000000027,-6.9919799999999555,0.3549749337561252,-0.8061596572882763,20.5183052764678,35.77041493375606,7.346954933756081,28.423459999999977,7.723410836964547,-0.0,0.0,9.482615772359644
2021-02-15,21.974820000000022,8.088099999999997,-6.895899999999983,0.805654423492399,-0.6452588011076159,20.94301562238479,36.57227442349239,7.701554423492382,28.870720000000006,7.25928236890411,-0.0,0.0,11.064033445913855
2021-02-16,21.998829999999998,6.15258,-6.809939999999983,0.6987582961637031,0.29118098344753207,23.646129279611216,36.31746829616367,7.508698296163686,28.80876999999998,7.390321259567884,-0.0,0.0,13.06360948274259
2021-02-17,21.3014,5.665950000000009,-6.990700000000004,0.9044930333183743,0.49746672784800694,24.028109761166377,36.18729303331838,7.895193033318378,28.292100000000005,7.500390085607762,-0.075,3.0,21.800782949555437
2021-02-18,19.90450000000004,6.470200000000034,-9.590119999999956,1.199663583549409,0.4220351660696906,24.646118749619063,40.28440358354936,10.789783583549365,29.494619999999998,5.555587290151891,-0.0,0.0,26.574730065512604
2021-02-19,19.632900000000006,5.064420000000041,-9.306679999999972,0.9940499296457688,0.5523557221222859,25.42156565176799,39.24030992964572,10.30072992964574,28.939579999999978,6.118176197874959,-0.565625,22.625,27.0018628995575
2021-02-20,16.277860000000032,6.520230000000026,-8.181919999999991,1.651184062369282,0.2113997152737852,19.802133777643064,34.292884062369296,9.833104062369273,24.459780000000023,8.904707982120158,-5.25625,210.25,13.178269580610204
2021-02-21,17.39178000000004,6.932640000000049,-9.105229999999949,1.6807588282496226,-0.18131543208903622,21.063813396160526,37.28299882824956,10.785988828249572,26.49700999999999,7.273350182445199,-5.25,210.0,12.620331895661822
2021-02-22,18.142179999999996,7.652860000000032,-7.303079999999966,1.676087196815729,-0.1503647124644658,19.318122484351193,34.42442719681566,8.979167196815695,25.445259999999962,8.620734968913382,-4.88125,195.25,12.906353861284302
2021-02-23,21.07433000000003,8.586420000000032,-6.007399999999961,0.9942467694172024,-0.21190384597554157,19.27765292344162,34.08337676941716,7.001646769417164,27.081729999999993,8.565781039467026,-0.0,0.0,16.412236179009426
2021-02-24,22.26490000000001,6.829250000000002,-5.311800000000005,0.8113292502142713,0.24124878052515442,21.80002803073944,33.69982925021429,6.1231292502142765,27.576700000000017,8.673875459070814,-0.0,0.0,15.15806884773307
2021-02-25,23.24920000000003,7.37106,-5.5792299999999955,0.646254105994899,0.15009196090903743,22.253716066903962,35.05391410599492,6.225484105994894,28.828430000000026,7.934837572075082,-0.0,0.0,11.83086598499074
2021-02-26,24.100459999999998,8.055139999999994,-5.116639999999961,0.5181262964002258,0.1496974743803321,21.829783770780523,34.851866296400146,5.634766296400187,29.21709999999996,7.986830454508322,-0.0,0.0,12.074156415229183
2021-02-27,24.256740000000036,8.20876000000004,-5.656679999999994,0.4960541479489393,0.1576990598196062,22.358413207768535,36.066154147948964,6.152734147948934,29.91342000000003,7.371092091783794,-0.0,0.0,12.91575734041189
2021-02-28,23.737270000000024,7.757560000000012,-4.533119999999997,0.13918026510498294,-0.20999407096905998,20.44201619413593,32.942690265105,4.67230026510498,28.27039000000002,8.97263038213083,-0.0,0.0,16.670752340539668
2021-03-01,23.525080000000003,7.5548,-3.9999799999999937,-0.15652033297817525,-0.5004910053734761,19.313248661648345,31.368519667021815,3.8434596670218184,27.525059999999996,9.77855256375102,-0.0,0.0,9.965668062567932
2021-03-02,23.28884000000005,7.1300600000000145,-2.450779999999952,0.16829669969712313,-0.1503892492162322,18.62746745048088,28.358696699697077,2.619076699697075,25.739620000000002,11.293835135640506,-0.0,0.0,9.498567905754607
2021-03-03,22.574600000000032,6.6158700000000294,-3.3393299999999613,0.14470034054119196,-0.21379652197720134,19.228963818563955,29.397960340541147,3.4840303405411532,25.913929999999993,10.826190849852537,-0.0,0.0,9.40901749562405
2021-03-04,21.554250000000025,7.998250000000041,-2.9087299999999914,-0.06643683755834218,-1.799161671761226,14.599131490680406,27.305273162441665,2.842293162441649,24.462980000000016,11.959700020298726,-0.0,0.0,5.42828224414251
2021-03-05,23.066250000000025,9.009760000000028,-4.817799999999977,-0.09798721744334671,-1.6797242073396887,17.096578575216938,32.60386278255663,4.71981278255663,27.884050000000002,9.192130475620957,-0.0,0.0,2.1521102984868072
2021-03-06,25.105500000000006,9.038800000000037,-5.493959999999959,-0.4132981401236293,-0.7352223854130671,20.41213947446323,35.680121859876294,5.080661859876329,30.599459999999965,7.5258243504120514,-0.0,0.0,2.6321995850863984
2021-03-07,24.515860000000032,8.377830000000017,-5.30105999999995,-0.006806423364821512,-0.37810761122386793,21.054175965411275,35.11117357663511,5.294253576635128,29.816919999999982,7.84176317903615,-0.0,0.0,5.614591306286806
2021-03-08,23.011680000000013,7.273900000000026,-4.515479999999968,0.012351187605361247,-0.5529975464964423,19.712613641108874,32.05499118760531,4.527831187605329,27.52715999999998,9.468596433783262,-0.0,0.0,1.910907609296723
2021-03-09,23.548270000000002,7.434630000000027,-4.371249999999975,0.28122412207250136,-0.07389950907571574,20.692214612996736,32.571994122072454,4.652474122072476,27.919519999999977,9.16668503129273,-0.0,0.0,2.0702418231352286
2021-03-10,23.45324000000005,7.4512000000000285,-4.933869999999956,0.6979778071521423,0.3307958593919125,21.964683666544033,34.018957807152105,5.6318478071520985,28.387110000000007,8.43662624694241,-0.0,0.0,0.3027654374232668
2021-03-11,23.216700000000003,7.201300000000003,-5.041659999999979,0.8138188391990298,0.46094622480825365,22.331825064007262,34.11383883919899,5.855478839199009,28.258359999999982,8.400602416010656,-0.01875,0.75,2.65471199641162
2021-03-12,22.735929999999996,6.97180000000003,-4.899599999999964,-0.27211250479217597,-0.7416892263126442,19.64992826889511,32.26301749520775,4.627487495207788,27.63552999999996,9.390097900509488,-0.0,0.0,8.134068774456892
2021-03-13,23.104150000000004,7.165340000000015,-4.126929999999959,0.321039055941128,-0.03647483661768547,20.35030421932339,31.67904905594105,4.447969055941087,27.231079999999963,9.64163811701195,-0.0,0.0,5.0806460807618326
2021-03-14,23.501059999999995,7.464300000000037,-4.70492999999999,0.22932370307051997,-0.1348021905804444,20.836211512490024,33.140243703070496,4.93425370307051,28.205989999999986,8.886855129566584,-0.0,0.0,2.2862502125300366
2021-03-15,23.660060000000044,7.5998500000000035,-5.8557500000000005,0.42780462441163536,0.07235511976108455,22.41611974417276,35.79936462441168,6.283554624411636,29.515810000000045,7.542216228225811,-0.0,0.0,1.4768022098895932
2021-03-16,24.610280000000046,8.527340000000038,-5.765049999999974,0.2813218586758808,-0.048458913569561446,22.0808529451063,36.421701858675874,6.046371858675855,30.37533000000002,7.177868014897285,-0.0,0.0,1.0043488837839145
2021-03-17,24.11202000000003,8.028200000000027,-5.9615799999999695,0.16956680312682693,-0.1715799353470402,22.04338686777976,36.204746803126795,6.131146803126796,30.0736,7.31661032372881,-0.0,0.0,4.806525282405097
2021-03-18,23.746669999999995,7.822050000000047,-6.319299999999998,0.19785468760284175,-0.1779593184472219,22.263815369155566,36.58312468760283,6.51715468760284,30.065969999999993,7.150558958410329,-0.0,0.0,6.515037394584798
2021-03-19,24.668300000000045,8.68258000000003,-5.9597499999999854,0.07836174592267753,-0.30673853199635914,21.71709321392632,36.66616174592269,6.038111745922663,30.62805000000003,7.054899084105443,-0.0,0.0,8.190036855305385
2021-03-20,23.855860000000007,7.832150000000013,-5.812719999999956,0.3558906637971404,-0.004479731201342929,22.187840932595748,35.83719066379706,6.1686106637970965,29.668579999999963,7.512922368889576,-0.0,0.0,4.4502943031908755
2021-03-21,24.760580000000004,8.735160000000008,-5.764700000000005,0.016086081466823998,-0.3220718195474319,21.484134261919394,36.30606608146684,5.780786081466829,30.52528000000001,7.230927259795408,-0.0,0.0,7.440049558872957
2021-03-22,24.877220000000023,9.013400000000047,-6.560459999999978,-0.23885035769211527,-0.5994072403880182,21.58602240191982,37.75928964230786,6.3216096423078625,31.43768,6.498493471529798,-0.0,0.0,7.8577137675008455
2021-03-23,24.911220000000014,8.991720000000043,-5.75367,0.694067950511112,0.26267445483216534,22.629912405343248,37.112627950511126,6.447737950511112,30.664890000000014,6.807540860008203,-0.0,0.0,6.38308962279832
2021-03-24,25.363120000000038,9.314970000000017,-7.576819999999998,0.6705587518592324,0.31726609915540394,24.612794851014655,41.187318751859266,8.24737875185923,32.939940000000036,4.748619677822262,-0.0,0.0,5.312830516042862
2021-03-25,25.249400000000037,9.461150000000032,-6.529099999999971,0.6730156792181674,0.23683814897469802,23.22720382819284,38.98061567921815,7.202115679218139,31.778500000000008,5.856700038610313,-0.0,0.0,5.883082502014147
2021-03-26,25.83492000000001,9.806970000000035,-5.871249999999975,0.39879766819831275,0.02186837214372872,22.319866040341992,37.976217668198274,6.270047668198288,31.706169999999986,6.337882383403894,-0.0,0.0,7.212966662582869
2021-03-27,26.009730000000047,9.944060000000036,-7.394139999999993,0.6696594228246795,0.29254345520143943,24.422012878026123,41.46766942282471,8.063799422824673,33.40387000000004,4.580426987471014,-0.0,0.0,8.189358605544326
2021-03-28,25.551230000000032,9.428980000000024,-6.203399999999988,0.7582874689670689,0.3956596524430438,23.47959712141011,38.71631746896708,6.961687468967057,31.75463000000002,5.973801716910202,-0.0,0.0,9.631394353208046
2021-03-29,26.372580000000028,10.277900000000045,-5.055759999999964,0.4441471170052296,0.0886101304728868,21.683197247478063,36.928247117005185,5.499907117005193,31.42833999999999,6.83891659543383,-0.0,0.0,11.486133918736614
2021-03-30,26.28484000000003,10.078820000000007,-4.136499999999955,0.9849074086454834,0.5906381702696422,21.918065578915105,35.542747408645425,5.121407408645439,30.421339999999987,7.5253681468693685,-0.0,0.0,17.61546266286578
2021-03-31,27.430540000000008,11.122299999999996,-4.188099999999963,0.8314205387407014,0.46407696039665325,21.79183749913733,36.638160538740635,5.0195205387406645,31.61863999999997,6.944589933187558,-0.0,0.0,12.521660180020692
2021-04-01,27.070550000000026,10.804470000000038,-4.341349999999977,0.33617514430216033,-0.027152906878995964,20.91645223742313,36.08942514430214,4.6775251443021375,31.411900000000003,7.233913823373712,-0.0,0.0,13.941506497497462
2021-04-02,26.90954000000005,10.650350000000003,-4.37185999999997,0.575300217559402,0.19633626516343838,21.402686482722856,36.22856021755939,4.947160217559372,31.28140000000002,7.167385056145463,-0.0,0.0,3.4036593464232596
2021-04-03,25.660300000000007,9.954250000000002,-4.761569999999949,1.1780989314655699,0.6698990539841816,22.315617985449705,36.361538931465475,5.939668931465519,30.421869999999956,7.134191755793893,-0.0,0.0,7.382920334434951
2021-04-04,26.53030000000001,10.300440000000037,-6.593449999999962,0.8489764663399342,0.49415377517902925,24.1664402415189,40.56617646633987,7.442426466339896,33.12374999999997,5.007764566952403,-0.0,0.0,6.962843427680608
2021-04-05,25.631070000000022,9.564170000000047,-5.335799999999949,1.0614209742925027,0.7006634012413997,23.164784375533827,37.364090974292424,6.397220974292452,30.96686999999997,6.637362405690681,-0.0,0.0,2.8556554606212377
2021-04-06,25.818200000000047,9.858120000000042,-3.54159999999996,0.5831664402763295,0.203261420443539,20.288107860719833,33.484566440276296,4.124766440276289,29.359800000000007,8.58118212370664,-0.0,0.0,8.381577863741462
2021-04-07,26.063379999999995,10.259850000000029,-3.392129999999952,0.2943768327451721,-0.10923326004200362,19.380803572703087,33.14201683274507,3.686506832745124,29.455509999999947,8.745431333573322,-0.0,0.0,4.86545149815513
2021-04-08,25.956450000000018,9.75848000000002,-5.529459999999972,0.5616829164633259,0.2147053459111703,22.503818262374466,37.57705291646329,6.091142916463298,31.48590999999999,6.529895217070305,-0.0,0.0,2.5082266321910085
2021-04-09,25.535900000000026,9.550160000000005,-3.794780000000003,0.7827311515018209,0.3760490033267274,20.939300154828572,33.90819115150185,4.577511151501824,29.33068000000003,8.377879409792342,-0.015625,0.625,7.331032203035571
2021-04-10,24.785060000000044,8.872640000000047,-4.1363999999999805,0.7306777098463044,0.3403131471198435,21.119810856966126,33.78853770984631,4.867077709846285,28.921460000000025,8.474555008152777,-0.0,0.0,6.215799152929268
2021-04-11,24.691200000000038,8.644530000000032,-4.2105999999999995,1.038976143083346,0.6661921640997548,21.962438307183106,34.15137614308338,5.249576143083345,28.901800000000037,8.288431219503423,-0.0,0.0,4.096296288517386
2021-04-12,24.964620000000025,9.183220000000006,-3.9286599999999794,1.1629248672546169,0.6872605027410827,21.560245369995698,33.9848648672546,5.091584867254596,28.893280000000004,8.353714846084188,-0.0,0.0,8.3047427332626
2021-04-13,24.05776000000003,8.59426000000002,-4.6217699999999695,1.3085739787217108,0.8049890666411557,22.198833045362846,34.60987397872168,5.93034397872168,28.67953,8.08029914161341,-0.0,0.0,3.302377289609387
2021-04-14,21.534230000000036,9.838000000000022,-5.609319999999968,1.7950526932267508,0.9149146820590772,20.01551737528581,34.547922693226724,7.404372693226719,27.143550000000005,8.242428121289493,-7.4,296.0,8.331460327446761
2021-04-15,21.244230000000016,9.032600000000002,-5.122529999999983,1.8163747748798755,0.7148116823696569,19.86534645724953,33.30566477487986,6.938904774879859,26.36676,8.883052726241544,-10.0,872.125,9.7518977008991
2021-04-16,23.764580000000024,10.04418000000004,-4.848329999999976,1.3603189616871418,0.35205654651400664,20.281105508201108,34.82155896168712,6.208648961687118,28.61291,7.988347273838372,-0.0,0.0,6.270139330739557
2021-04-17,25.1207,9.235280000000046,-4.642599999999959,1.2173125454373235,0.6752688700405542,22.42060141547779,35.62321254543724,5.8599125454372825,29.76329999999996,7.524955346078514,-0.0,0.0,2.752637818698075
2021-04-18,24.07424000000003,9.79812000000004,-4.570069999999987,1.3197580699311402,0.403491124807033,20.569439194738152,34.534138069931146,5.889828069931127,28.64431000000002,8.116718722862686,-0.0,0.0,8.17835891583167
2021-04-19,24.809960000000046,10.145650000000046,-4.9256299999999555,1.382283555211643,0.7790367242628236,21.751260279474423,36.0435035552116,6.307913555211599,29.735590000000002,7.321778610116951,-0.0,0.0,4.934579972322046
2021-04-20,22.098659999999995,10.060750000000041,-4.684059999999988,1.735015780309027,1.0410134457578124,19.49799922606678,33.201795780309,6.419075780309015,26.782719999999983,8.879651369904082,-3.234375,129.375,3.1470016335122066
2021-04-21,22.495360000000005,10.115300000000047,-5.3755199999999945,1.8283216973177332,0.8446625223053275,20.428564219623013,35.07472169731773,7.203841697317728,27.87088,7.909354074478642,-10.0,737.75,0.8097006830875529
2021-04-22,22.55600000000004,10.661460000000034,-5.0876799999999776,1.9531826994067387,0.6907622347086999,19.626164934115423,34.684542699406734,7.040862699406716,27.643680000000018,8.090859335004836,-10.0,1425.625,4.238962585255524
2021-04-23,22.06564000000003,10.518330000000049,-4.856299999999976,2.099390219541476,0.6688597030948245,19.17185992263626,33.87763021954146,6.955690219541452,26.921940000000006,8.51507343102162,-10.0,2030.875,2.0528961345240457
2021-04-24,21.288720000000012,10.04122000000001,-4.930639999999983,2.011805816240269,0.8234205808140018,19.013366397054256,33.161805816240246,6.942445816240252,26.219359999999995,8.935814751157977,-10.0,1892.375,3.2344882902973224
2021-04-25,23.54086000000001,10.527600000000007,-4.7099399999999605,1.6103498885084377,0.6938218742482718,20.027371762756673,34.57108988850837,6.320289888508398,28.25079999999997,8.112583263909983,-3.16875,126.75,5.019387830090875
2021-04-26,24.779440000000022,9.87130000000002,-5.672460000000001,1.282806034006967,0.4156681463379641,22.279074180344935,37.40716603400699,6.955266034006968,30.451900000000023,6.646135136779492,-0.0,0.0,2.7474482094681587
2021-04-27,24.619470000000035,9.517719999999997,-6.052249999999958,1.115261046889941,0.36530261498973005,22.634563661879668,37.83923104688989,7.167511046889899,30.671719999999993,6.444825781114787,-0.0,0.0,6.785772617407054
2021-04-28,24.922200000000032,10.014520000000005,-6.477639999999951,1.4494893032337473,0.7412292561285767,23.576038559362303,39.32696930323368,7.9271293032336985,31.399839999999983,5.672091309172913,-6.375,255.0,6.252890091988754
2021-04-29,24.12527,10.55865,-6.535379999999975,1.7304847395555498,0.7894421801721023,22.621926919727628,38.9265147395555,8.265864739555525,30.660649999999976,5.896132822511788,-10.0,791.125,6.455698503960349
2021-04-30,24.134240000000034,10.411550000000034,-5.146729999999991,1.4402448198599132,0.36644339492210065,20.676108214782005,35.86794481985993,6.586974819859904,29.280970000000025,7.440956616372887,-0.2875,11.5,9.383217654731322
2021-05-01,24.192530000000033,10.297450000000026,-5.037019999999984,1.3788677447165583,0.4212969319220292,20.73226467663858,35.64543774471656,6.415887744716542,29.229550000000017,7.551608458243209,-0.015625,0.625,8.628878484394956
2021-05-02,24.407070000000033,10.160400000000038,-4.336279999999988,1.3709884758510498,0.5153529773576224,20.469291453208655,34.45061847585106,5.707268475851038,28.74335000000002,8.139132000810093,-0.0,0.0,4.201236215915354
2021-05-03,24.576440000000048,10.46356000000003,-5.129159999999956,1.5295577756922967,0.6653195330324024,21.436917308724674,36.36431777569226,6.658717775692253,29.705600000000004,7.166245323901819,-2.859375,114.375,3.8952465788654935
2021-05-04,22.412320000000022,10.685420000000022,-4.0251799999999776,1.9601927880150356,0.6779096707039685,18.390182458718982,32.42287278801501,5.985372788015013,26.4375,9.231079830890394,-10.0,808.875,3.7756962634791256
2021-05-05,24.420500000000004,10.154170000000022,-3.7599500000000035,1.6622537986893917,0.944248602862956,20.632782401552333,33.6026537986894,5.422203798689395,28.180450000000008,8.54724809347556,-0.24375,9.75,9.681711773955504
2021-05-06,25.10420000000005,10.67733000000004,-3.777439999999956,1.302891716185627,0.37838917966450936,19.8855908958501,33.96197171618559,5.080331716185583,28.881640000000004,8.353305235964342,-0.0,0.0,7.1166690921722875
2021-05-07,24.110000000000014,10.913630000000012,-3.2419799999999555,1.5995499954001957,0.6553314370511316,18.693231432451284,32.19350999540012,4.841529995400151,27.35197999999997,9.271199202026594,-0.446875,17.875,4.313202028300424
2021-05-08,24.856840000000034,9.78920000000005,-1.8979999999999677,1.4966491005886837,0.8055172935794985,19.267806394168133,30.149489100588653,3.3946491005886514,26.75484,10.261667011201098,-0.0,0.0,6.040595845802673
2021-05-09,24.449700000000007,12.02914000000004,-3.4174299999999675,1.7103602468446866,0.5948426008019396,18.14319284764656,32.99492024684463,5.127790246844654,27.867129999999975,8.847147125034724,-0.0625,2.5,5.9644023918801565
2021-05-10,23.965329999999994,11.509180000000015,-3.320259999999962,1.9168898299591888,0.9708913471939695,18.6641911771531,32.52273982995911,5.237149829959151,27.285589999999956,9.094941879282203,-5.1625,206.5,3.078969666183428
2021-05-11,23.903400000000033,12.039300000000026,-3.1143599999999765,1.947248585429577,0.8825256101034142,17.808234195532975,32.07936858542956,5.061608585429553,27.01776000000001,9.31778206460018,-4.6875,187.5,1.6582161184142772
2021-05-12,23.647400000000005,11.82247000000001,-3.243629999999996,2.065010068396475,0.8637313060581846,17.99730137445465,32.19967006839647,5.308640068396471,26.89103,9.262611537948544,-6.065625,242.625,4.971848996477549
2021-05-13,23.926840000000027,12.18365,-3.7517499999999586,2.0882220854371667,0.583360140832383,18.166522226269535,33.51856208543711,5.839972085437125,27.678589999999986,8.587093598773663,-10.0,747.25,1.9387468510686359
2021-05-14,24.24087000000003,11.883170000000007,-3.387900000000002,1.7748722615730799,0.9842310480902938,18.504703309663398,32.79154226157311,5.162772261573082,27.62877000000003,8.955471726452686,-0.034375,1.375,1.2104603770266458
2021-05-15,19.948540000000037,11.392330000000015,-3.108799999999974,1.9698879213180476,1.0818614734282619,14.716759394746305,28.136027921318032,5.078687921318021,23.05734000000001,11.560790924147454,-2.7625,110.5,7.023009271374316
2021-05-16,19.023030000000006,11.73782,-2.8826399999999808,1.979018771682206,0.8874999506173253,13.034368722299519,26.767328771682173,4.861658771682187,21.905669999999986,12.329637111011152,-2.60625,104.25,7.83364594221083
2021-05-17,21.626059999999995,11.291280000000029,-2.803299999999979,2.0289388127317807,0.8965156601436206,16.063534472875347,29.261598812731734,4.8322388127317595,24.429359999999974,10.859440868190632,-7.165625,286.625,4.286255295252923
2021-05-18,20.549900000000036,11.193230000000028,-4.315560000000005,2.0308205985908785,0.837167790976423,16.540218389567315,31.211840598590925,6.346380598590883,24.86546000000004,9.966403464544612,-8.875,355.0,9.793828456244222
2021-05-19,21.43792000000002,11.449240000000032,-2.7888999999999555,2.207761023448313,1.089035761303137,16.074376784751394,29.223481023448244,4.996661023448269,24.226819999999975,10.876711614078545,-10.0,1202.625,8.549968084897593
2021-05-20,20.23490000000004,10.819450000000018,-3.690999999999974,2.109588574748784,1.0901989742161504,16.30623754896493,29.72648857474877,5.800588574748758,23.925900000000013,10.728046038540526,-10.0,519.75,6.1780521891901445
2021-05-21,19.139370000000042,10.370870000000025,-4.268769999999961,2.094227559440867,1.0484385129212228,16.179936072362068,29.77113755944083,6.362997559440828,23.408140000000003,10.804790900785008,-9.3,372.0,12.715962805296467
2021-05-22,21.60390000000001,10.941220000000044,-4.716039999999964,1.8790361754049059,0.7140097076378424,17.97176588304268,32.915016175404844,6.59507617540487,26.319939999999974,9.047080976570953,-3.83125,153.25,4.941476747204002
2021-05-23,23.175070000000005,11.983420000000024,-4.399569999999983,1.8427078543960533,0.437490006745179,17.871417861141197,33.816917854396024,6.242277854396036,27.574639999999988,8.495782075043849,-2.15,86.0,10.701366924332197
2021-05-24,23.127160000000003,10.774800000000027,-4.091160000000002,1.7162039454699425,0.6423507629632468,18.802074708433167,33.02568394546995,5.807363945469945,27.218320000000006,8.902802233247087,-0.01875,0.75,5.897884215064947
2021-05-25,20.42025000000001,10.585700000000031,-4.062659999999994,2.0944143313574273,0.7907697927885238,16.782394124145924,30.639984331357425,6.157074331357421,24.482910000000004,10.256961637362394,-10.0,1015.5,3.0268689862639
2021-05-26,21.50010000000003,10.95553000000001,-5.02879999999999,1.9138054619243121,0.040530217636558064,17.52770567956088,33.47150546192432,6.942605461924302,26.52890000000002,8.773175465993916,-6.471875,258.875,4.5656408735618506
2021-05-27,22.282370000000014,10.84707000000003,-4.984229999999968,1.5554020148935592,0.510958083973776,18.485890098867287,33.80623201489351,6.539632014893527,27.266599999999983,8.577155633946575,-0.0,0.0,5.8752867212933255
2021-05-28,22.26138000000003,11.57498000000004,-4.2479999999999905,1.6195617438591512,0.0751107446479864,16.62907248850712,32.37694174385916,5.867561743859142,26.50938000000002,9.288504772873694,-0.0,0.0,3.2021554726951114
2021-05-29,22.149200000000008,10.421600000000012,-2.8737499999999727,1.880814976513932,0.3759860697804811,16.85815104629438,29.777514976513885,4.754564976513905,25.02294999999998,10.577441341194515,-0.50625,20.25,6.419320150136997
2021-05-30,21.38784000000004,10.812340000000006,-3.9202300000000037,2.006428670765388,0.9960310546186975,17.498189725384123,31.234728670765435,5.926658670765391,25.308070000000043,9.892165117619868,-1.8625,74.5,4.292500129104424
2021-05-31,22.05844000000002,11.240080000000034,-3.6263799999999833,1.9383571722990496,0.9068221049117824,17.2899192772108,31.249557172299035,5.564737172299033,25.684820000000002,9.84261234357956,-2.396875,95.875,9.782698569538097
2021-06-01,22.998379999999997,11.873960000000011,-2.9314999999999714,1.998126225735291,0.9483602826607012,17.00240650839595,30.85950622573523,4.929626225735262,25.92987999999997,9.973746512202354,-2.409375,96.375,3.0318450180286938
2021-06-02,23.21786000000003,11.16366000000005,-2.5035499999999615,2.025249328778216,1.0958592202899808,17.67885854906814,30.25020932877817,4.528799328778177,25.72140999999999,10.26311781810358,-10.0,406.25,3.778719488049142
2021-06-03,21.95983000000001,10.98696000000001,-3.009339999999952,2.2201108450085485,1.2002124312841147,17.402533276292615,30.198620845008463,5.2294508450085,24.969169999999963,10.35180109264951,-10.0,1176.75,1.1272485997890653
2021-06-04,19.994380000000035,10.457400000000007,-3.083319999999958,2.1766078410279874,1.1721130170809602,15.969020858108934,28.33762784102794,5.259927841027945,23.077699999999993,11.435737879962971,-10.0,1178.0,11.456325093861734
2021-06-05,19.362760000000037,9.585050000000024,-3.4781999999999584,2.0578897739304693,1.1275341220948008,16.44133389602524,28.377049773930423,5.536089773930428,22.840959999999995,11.484121691278517,-10.0,549.5,9.341701731982457
2021-06-06,20.420830000000024,11.051780000000008,-2.1613499999999704,2.036437766678432,0.8038755249480118,14.37071329162643,26.779967766678396,4.1977877666784025,22.582179999999994,12.192026934174919,-2.2875,91.5,2.0702825960186524
2021-06-07,22.747580000000028,11.436059999999998,-2.526899999999955,1.670784828988701,0.20489062456141482,15.714095453550101,29.47216482898864,4.197684828988656,25.274479999999983,10.705363010111853,-0.0,0.0,5.38719831772724
2021-06-08,22.195400000000006,9.987880000000018,-2.8479999999999563,1.5739112744366253,0.3718924214918502,17.00132369592842,29.465311274436544,4.421911274436582,25.043399999999963,10.751875043548239,-0.0,0.0,5.9562749259963494
2021-06-09,20.683040000000005,10.363400000000013,-3.777559999999994,1.9311537937442154,0.8808691618368698,16.909222955581072,30.16931379374421,5.708713793744209,24.4606,10.48618834888623,-1.08125,43.25,3.267352593549176
2021-06-10,19.98824000000002,10.067900000000009,-4.246249999999975,1.931631277947929,1.0427186030705116,17.140939881018426,30.412371277947898,6.177881277947904,24.234489999999994,10.423042033382842,-0.040625,1.625,1.231413284118091
2021-06-11,20.192620000000034,11.02072000000004,-4.5611299999999915,1.8449819109928853,0.2989989015666197,15.87701081255949,31.159861910992902,6.406111910992877,24.753750000000025,10.039001611597428,-0.365625,14.625,4.679714963647795
2021-06-12,17.345000000000027,10.350760000000037,-3.2801299999999856,1.9032830010816042,0.9621380229261263,13.139791024007707,25.808543001081603,5.18341300108159,20.625130000000013,12.992214293790653,-0.578125,23.125,11.829965251286339
2021-06-13,17.589400000000012,10.208280000000002,-3.763999999999953,2.002093507742984,0.74804176421992,13.895255271962867,27.119493507742902,5.766093507742937,21.353399999999965,12.298660162996214,-0.9875,39.5,8.115181760861297
2021-06-14,17.38336000000004,10.542020000000036,-3.2362999999999715,1.9998003076905206,0.8066320778316367,12.884072385522131,25.855760307690502,5.236100307690492,20.61966000000001,12.95317473595071,-1.43125,57.25,11.765226474497727
2021-06-15,19.570280000000025,10.225060000000042,-3.466700000000003,1.9872139696329896,0.7718997133653147,15.57103368299829,28.49089396963302,5.453913969632993,23.036980000000028,11.415839635453608,-0.0125,0.5,5.144935919111456
2021-06-16,18.514120000000048,9.778920000000028,-2.5954999999999586,2.008716474582343,0.8715075152629197,14.210923989845242,25.71383647458231,4.6042164745823015,21.109620000000007,12.903394792215352,-0.096875,3.875,0.551743438203845
2021-06-17,19.427760000000035,10.198419999999999,-3.747659999999996,1.9625542449345517,0.7408008927291689,15.680355137663753,28.88563424493458,5.710214244934548,23.17542000000003,11.23364066591131,-0.0,0.0,6.225547943618215
2021-06-18,18.489900000000034,10.214170000000024,-4.508669999999995,1.8854263392839812,0.33501513127868066,15.004841470562667,29.392666339284006,6.394096339283976,22.99857000000003,11.079361751392355,-0.003125,0.125,4.139536107223351
2021-06-19,18.276700000000005,9.511960000000045,-5.238229999999987,1.91871981521939,0.6664559893999353,16.588145804619273,30.67187981521937,7.156949815219377,23.514929999999993,10.457542891607773,-0.74375,29.75,6.879236860963075
2021-06-20,20.074270000000013,9.572600000000023,-5.1075799999999845,1.831614794724942,0.7429518141163385,18.183816608841255,32.121044794724924,6.939194794724926,25.181849999999997,9.570328224245998,-0.0,0.0,2.896100228908476
2021-06-21,21.449670000000026,10.222770000000025,-4.543859999999995,1.8632770796399427,0.8082310545123619,18.4422681341523,32.40066707963996,6.407137079639938,25.99353000000002,9.316453894155984,-6.071875,242.875,5.603722372468315
2021-06-22,21.100300000000004,10.434660000000008,-4.218899999999962,1.7558180866752195,0.2416980094416772,16.882056096116855,31.29391808667515,5.974718086675182,25.319199999999967,9.905333988341113,-0.0875,3.5,4.421005843351705
2021-06-23,21.748620000000017,10.220060000000046,-4.429629999999975,1.7258087219137224,0.5052831608315387,18.189281882745206,32.33368872191369,6.155438721913697,26.17824999999999,9.338245863863733,-0.0375,1.5,2.7930326097446323
2021-06-24,20.61110000000002,9.793100000000038,-4.948979999999949,1.6943426975262241,0.3513402871819835,17.81266298470814,32.203402697526144,6.643322697526173,25.56007999999997,9.494476575436181,-0.0,0.0,5.4412617101700045
2021-06-25,21.545470000000023,10.439170000000047,-5.092439999999954,1.4929483443486333,-0.6965225762307341,16.99516576811783,33.223298344348564,6.585388344348587,26.637909999999977,8.925590023182906,-0.0,0.0,2.6714523343485372
2021-06-26,19.01504,9.449180000000013,-4.430979999999977,1.948387248344659,1.0907382643537176,17.03596551269834,29.82538724834461,6.379367248344636,23.446019999999976,10.80450527149793,-4.93125,197.25,9.974568400530663
2021-06-27,17.525170000000003,10.019000000000005,-3.829499999999996,1.9593379497177352,1.0173417946331256,14.312349744350854,27.14350794971773,5.788837949717731,21.35467,12.298535381128943,-0.2375,9.5,11.022116034237618
2021-06-28,21.392449999999997,10.391320000000007,-3.5355599999999754,1.69361524315525,0.7106991854516878,16.941004428606902,30.157185243155197,5.229175243155225,24.928009999999972,10.456262905200049,-0.0625,2.5,9.68656151813875
2021-06-29,22.81817000000001,11.082150000000013,-2.861029999999971,1.8218730349988732,0.8062534724627994,17.22517650746164,30.362103034998825,4.682903034998844,25.67919999999998,10.246012568895082,-2.06875,82.75,7.548267064725743
2021-06-30,23.802670000000035,10.966240000000028,-3.5625,1.7924303480762092,1.1154548483709732,19.30681519644719,32.720100348076244,5.354930348076209,27.365170000000035,9.012640683544134,-3.13125,125.25,9.00557529538863
2021-07-01,21.788800000000037,10.806939999999997,-3.393100000000004,1.9394287858607413,1.0338912054235152,17.3482799912843,30.514428785860787,5.332528785860745,25.18190000000004,10.229201362475123,-0.215625,8.625,7.868414030289898
2021-07-02,21.051230000000032,10.464620000000025,-4.519799999999975,1.9699455866384028,0.9282217238237536,18.00457731046214,32.060775586638385,6.489745586638378,25.571030000000007,9.507743688928088,-4.6875,187.5,8.273449483254689
2021-07-03,20.439540000000022,10.63470000000001,-4.230379999999968,1.9871377217956478,0.8857426108145319,16.90810033261016,30.887437721795607,6.217517721795616,24.66991999999999,10.141326001988602,-1.225,49.0,1.9744380360948846
2021-07-04,20.685940000000016,10.170220000000029,-3.7655699999999683,1.9831908207946185,1.0410803494645506,17.305561170259125,30.20027082079457,5.748760820794587,24.451509999999985,10.465898680350506,-3.14375,125.75,4.711330593934789
2021-07-05,21.066200000000038,10.814940000000036,-3.26279999999997,1.9178408643310831,0.6667065473015441,16.0986074116326,29.50964086433106,5.180640864331053,24.329000000000008,10.786847920761204,-0.5125,20.5,5.821010143883883
2021-07-06,21.916250000000048,11.267539999999997,-3.4110000000000014,2.0433661841307753,0.8786918167128874,16.981768000843715,30.781616184130826,5.454366184130777,25.32725000000005,10.078195181124102,-9.41875,376.75,5.766581109010565
2021-07-07,19.706050000000005,10.48177000000004,-3.963229999999953,2.0568468096641936,0.9013030293377824,16.145659839001894,29.689356809664105,6.020076809664147,23.669279999999958,10.797528211128565,-6.775,271.0,11.700032468033092
2021-07-08,20.63082000000003,10.974400000000003,-4.744849999999985,2.0178870853954436,1.0285850147703854,17.44774210016584,32.13840708539544,6.762737085395429,25.375670000000014,9.498061401758548,-10.0,579.75,6.45089613393166
2021-07-09,20.001059999999995,10.222620000000006,-4.1311999999999784,2.017832665834419,1.112416557051688,17.039889222886075,30.28129266583437,6.1490326658343974,24.132259999999974,10.47902647075415,-9.3125,372.5,8.570858048450305
2021-07-10,17.33566000000002,9.988820000000032,-4.052469999999971,1.9041922311825488,0.9250753647842203,14.228577595966726,27.34479223118251,5.95666223118252,21.38812999999999,12.22500602524508,-0.31875,12.75,10.645474551539232
2021-07-11,18.22920000000005,9.989040000000045,-3.827829999999949,1.9863385669376044,1.1104585634037107,15.164787130341267,27.87119856693755,5.814168566937553,22.057029999999997,11.855787807235174,-0.0,0.0,7.605327203981706
2021-07-12,19.286900000000003,10.644800000000032,-2.9269499999999766,1.8665943951470467,0.7165974406038345,14.152241835750829,27.007394395147003,4.793544395147023,22.21384999999998,12.195071053677623,-0.00625,0.25,12.9388519950248
2021-07-13,18.073140000000024,10.924200000000042,-4.0130399999999895,1.972679412069283,0.8168793419477538,13.951538754017008,28.071899412069286,5.9857194120692725,22.086180000000013,11.773712041968281,-0.925,37.0,7.7356778142661
2021-07-14,17.600060000000042,10.771140000000003,-2.990819999999985,1.9547407146570777,0.6549986661246976,12.4294793807818,25.53644071465709,4.945560714657063,20.590880000000027,13.094178320625474,-1.74375,69.75,8.343609862359566
2021-07-15,16.989599999999996,11.054160000000024,-2.9488999999999805,1.9813003972217302,0.855581505589555,11.721221902811237,24.868700397221687,4.930200397221711,19.938499999999976,13.49397508987272,-0.65625,26.25,5.7722251673483465
2021-07-16,18.09880000000004,11.307150000000036,-3.1826999999999543,1.9756887685387028,0.973234378245877,12.923273146784538,26.43988876853865,5.158388768538657,21.281499999999994,12.586656999912236,-2.35,94.0,12.064869493226874
2021-07-17,19.888540000000035,10.260430000000042,-4.02652999999998,2.0019614298457213,1.1499839938587115,16.806585423704405,29.943561429845715,6.028491429845701,23.915070000000014,10.65864666199576,-6.86875,274.75,8.082659169530055
2021-07-18,17.406800000000032,10.516099999999994,-4.095679999999959,1.9574367073988128,0.7603414461157172,13.704158153514527,27.555596707398763,6.053116707398772,21.50247999999999,12.10571381117444,-0.1,4.0,18.28641741455917
2021-07-19,19.215480000000014,9.987700000000018,-3.062379999999962,2.0292073290877966,0.8928310452018877,15.212198374289642,27.369447329087734,5.0915873290877585,22.277859999999976,12.005086825192677,-4.7125,188.5,5.802885082446728
2021-07-20,19.015530000000012,10.215329999999994,-4.070699999999988,1.946300845654605,0.8983486376266683,15.71554948328128,29.103230845654593,6.017000845654593,23.08623,11.16574838488151,-1.85625,74.25,4.32946251484288
2021-07-21,17.77914000000004,10.142100000000028,-4.452399999999955,2.0177165217437505,0.8095185254597936,14.916675047203512,28.7016565217437,6.470116521743705,22.231539999999995,11.48451654987332,-2.9375,117.5,1.492920073856936
2021-07-22,17.36080000000004,10.525170000000003,-3.9323799999999665,1.9350900830550017,0.5764059501607903,13.279506033215796,27.160650083054975,5.867470083054968,21.293180000000007,12.3107699247646,-2.44375,97.75,10.10837086274471
2021-07-23,18.04170000000005,10.228570000000047,-3.5403799999999706,2.0203835376357233,0.777008782072528,14.150902319708223,27.142843537635713,5.560763537635694,21.58208000000002,12.236352396986888,-2.76875,110.75,6.454884309435895
2021-07-24,19.294500000000028,11.055260000000033,-3.574869999999976,2.0617396006169884,0.9494367804044259,14.825286381021385,28.505979600616968,5.636609600616964,22.869370000000004,11.425963335507618,-2.8625,114.5,3.1199447286701414
2021-07-25,20.111720000000048,10.633000000000038,-3.4779399999999896,1.9197321535425544,0.9308266934534117,15.807218846995966,28.98733215354258,5.397672153542544,23.589660000000038,11.126023747351667,-0.5625,22.5,6.320769876775104
2021-07-26,19.717600000000004,10.919579999999996,-3.059730000000002,1.9876630473764294,0.6165015974270887,14.461914644803528,27.824723047376438,5.047393047376431,22.777330000000006,11.735423832064157,-1.675,67.0,3.9650238414798777
2021-07-27,19.79208,9.904660000000035,-3.528539999999964,1.8967136107897318,0.7429511986778152,16.055624809467474,28.74587361078966,5.425253610789696,23.320619999999963,11.276139954372013,-0.21875,8.75,4.44228598038434
2021-07-28,20.073180000000036,9.702600000000018,-3.393199999999979,1.8905996994223528,0.3637232740928198,16.01810297351517,28.750179699422347,5.283799699422332,23.466380000000015,11.250625638663962,-1.31875,52.75,1.0478882961300373
2021-07-29,19.384299999999996,9.796840000000032,-3.2194599999999696,1.930379757796402,0.6732771730628428,15.410576930859179,27.753599757796337,5.1498397577963715,22.603759999999966,11.806798270160527,-0.26875,10.75,2.4236683788026627
2021-07-30,19.849500000000035,9.83578,-2.4256299999999555,1.8767216681133618,0.8165769912828864,15.132648659396239,26.577481668113307,4.302351668113317,22.27512999999999,12.357542823707547,-0.2,8.0,5.111056852805588
2021-07-31,18.83340000000004,9.980680000000007,-3.7628499999999576,1.9272306433788913,0.9330699190363703,15.475870562415253,28.286330643378847,5.690080643378849,22.596249999999998,11.593368633336752,-0.11875,4.75,6.6653268056461386
2021-08-01,19.839800000000025,9.544300000000021,-5.123879999999986,1.8456064858378909,0.5299368717401762,17.794923357578057,31.933166485837887,6.969486485837876,24.96368000000001,9.683545721869166,-0.05625,2.25,8.072697748641227
2021-08-02,19.78994,9.352040000000045,-5.1370000000000005,1.836083357982318,0.6767846197581093,18.087767977740384,31.90002335798232,6.973083357982318,24.926940000000002,9.705274237016965,-2.3625,94.5,9.140145254026445
2021-08-03,19.31716,9.954250000000002,-4.839399999999955,1.9302652406084349,0.7426340166726959,16.875209257281085,30.926225240608346,6.76966524060839,24.156559999999956,10.226387691681566,-0.175,7.0,5.899813801251062
2021-08-04,19.186900000000037,10.164270000000045,-4.651099999999985,1.951783440409315,0.7889586402009741,16.414472080610267,30.440883440409323,6.6028834404093,23.838000000000022,10.479683119542699,-3.25,130.0,5.756316122300763
2021-08-05,19.62786,10.165830000000028,-4.12982999999997,1.9664600242437587,1.0445788778675364,16.602898902111235,29.853980024243697,6.096290024243729,23.757689999999968,10.731085405084968,-2.00625,80.25,2.4049912856503433
2021-08-06,19.397640000000024,10.343700000000013,-3.5820699999999874,1.9456521919840952,0.9843425049839425,15.566004696968037,28.507432191984094,5.527722191984083,22.97971000000001,11.427134641416558,-0.675,27.0,6.406531536331497
2021-08-07,20.34005000000002,10.48055000000005,-3.2571199999999862,2.030736574914215,0.855042121034387,16.002398695948557,28.885026574914207,5.287856574914201,23.597170000000006,11.147152643423738,-8.81875,352.75,7.739064549773256
2021-08-08,21.29708000000005,11.18258000000003,-1.7883999999999673,1.9804245140481385,0.9019826867199185,14.785307200768045,26.854304514048124,3.768824514048106,23.085480000000018,12.09155738761092,-1.14375,45.75,6.881775406464074
2021-08-09,20.884580000000028,11.072050000000047,-3.0089499999999703,2.0557251257420717,0.9887218157619486,15.865926941503972,28.95820512574204,5.064675125742042,23.89353,11.064360803525176,-10.0,423.5,8.98358827815511
2021-08-10,19.23180000000002,10.540770000000009,-3.405249999999967,2.05059183340353,0.9585992963255876,15.105471129729096,28.092891833403485,5.455841833403497,22.637049999999988,11.639667446396913,-2.65,106.0,10.994410615096372
2021-08-11,19.94933000000003,10.196200000000033,-4.3004999999999995,1.9751700115489257,0.9847893562640024,17.013589367812926,30.525500011548957,6.275670011548925,24.24983000000003,10.365461439344756,-2.45,98.0,9.317280392834263
2021-08-12,18.334249999999997,10.377920000000017,-5.274049999999988,1.8714713099896017,0.9490490437665358,16.050900353756106,30.753821309989576,7.14552130998959,23.608299999999986,10.416054255777453,-2.51875,100.75,12.785303696301838
2021-08-13,18.576780000000042,10.225180000000023,-4.4334499999999935,2.036292732679726,0.885750425566755,15.707093158246494,29.479972732679755,6.46974273267972,23.010230000000035,11.011157075097174,-3.06875,122.75,4.07642989614654
2021-08-14,18.83987000000002,9.577480000000037,-4.012119999999982,1.914719969424084,0.7875714495697821,15.97680141899383,28.778829969424066,5.926839969424066,22.85199,11.347851362511278,-3.65625,146.25,7.173674863843881
2021-08-15,19.153200000000027,9.566250000000025,-4.56305999999995,1.862094114163142,0.7260244905727973,16.73812860473589,30.14141411416307,6.425154114163092,23.716259999999977,10.641154464173667,-1.63125,65.25,8.439264013852426
2021-08-16,18.24218000000002,9.41097000000002,-4.186379999999986,1.963873749669176,0.8327897665419641,15.814253516211124,28.578813749669166,6.150253749669162,22.428560000000004,11.502811539077413,-2.94375,117.75,3.9758931517203964
2021-08-17,18.66207000000003,9.807500000000005,-3.61642999999998,1.8703319682899746,0.7009181508383904,15.042250119128369,27.765261968289963,5.486761968289954,22.278500000000008,11.87644836238843,-2.490625,99.625,2.4102793562579716
2021-08-18,19.60757000000001,9.646500000000003,-4.540930000000003,1.9222619741100857,0.8365124387468654,17.26077441285696,30.6116919741101,6.463191974110089,24.148500000000013,10.358290713240422,-3.725,149.0,5.4420127025226614
2021-08-19,19.417500000000018,9.970600000000047,-4.994969999999967,1.9561640914436111,0.921823452780643,17.31985754422419,31.363604091443563,6.951134091443578,24.412469999999985,9.996216944156856,-3.05,122.0,9.35878201600513
2021-08-20,20.09540000000004,10.464440000000025,-4.266969999999958,1.911900831821697,0.5253341347578271,16.335164966579498,30.541240831821654,6.178870831821655,24.36237,10.351211420168283,-0.03125,1.25,2.7571584857436395
2021-08-21,19.007560000000012,9.469140000000039,-4.919099999999958,2.0036727736725766,0.7280987708488169,17.189291544521325,30.849432773672504,6.922772773672534,23.92665999999997,10.287470603048575,-7.16875,286.75,5.181486308269213
2021-08-22,18.724630000000047,9.04373000000004,-4.290660000000003,2.03584474044726,0.9075124716086975,16.91491721205597,29.341794740447313,6.3265047404472625,23.01529000000005,11.06543590779711,-7.20625,288.25,8.740232762402313
2021-08-23,19.75320000000005,9.858060000000023,-4.372199999999964,1.9747999332022346,0.8467898576673178,17.088929790869543,30.47239993320221,6.3469999332021985,24.125400000000013,10.409450518589324,-6.9375,277.5,8.822268190880866
2021-08-24,20.345180000000028,10.648300000000006,-4.507180000000005,2.115728004822813,0.8308618410944746,17.150649845917314,31.47526800482285,6.622908004822818,24.852360000000033,9.843814451867274,-10.0,826.5,8.197485739029021
2021-08-25,19.569600000000037,10.47732000000002,-3.3367700000000013,1.9449035132436165,0.8634641087590467,15.237417622002681,28.188043513243656,5.281673513243618,22.906370000000038,11.571465074672176,-0.475,19.0,6.35452518536615
2021-08-26,19.997060000000033,10.714140000000043,-4.477800000000002,2.0367322103788297,0.9758208916185822,16.773273101997404,30.989392210378867,6.514532210378832,24.474860000000035,10.123385938387855,-10.0,538.75,5.66776180733311
2021-08-27,18.710380000000043,10.161980000000028,-4.588599999999985,2.1637714318163717,1.1049069764976593,16.40567840831403,30.051351431816386,6.752371431816357,23.29898000000003,10.698496672847057,-10.0,587.0,6.979260836363591
2021-08-28,18.965450000000033,10.208100000000002,-3.9865499999999656,1.9714586412274002,1.0187538852392208,15.734112526466618,28.910008641227364,5.958008641227366,22.951999999999998,11.264512224922328,-2.60625,104.25,6.41642921948281
2021-08-29,18.17852000000005,9.661770000000047,-3.831269999999961,1.9517935813925078,0.9396097178778291,15.2394232992703,27.792853581392478,5.783063581392469,22.00979000000001,11.90401537563912,-1.4125,56.5,7.909805893099744
2021-08-30,18.369500000000016,9.704800000000034,-4.360749999999996,1.9732580627804168,0.8667121362240664,15.865420199004461,29.064258062780425,6.334008062780413,22.730250000000012,11.246240529807892,-3.9625,158.5,8.875320851446013
2021-08-31,20.090480000000014,9.921080000000018,-3.462259999999958,1.810098508392059,0.8106252701584253,16.25238377855044,28.82509850839199,5.272358508392017,23.55273999999997,11.218679888513691,-0.21875,8.75,2.6911101505260615
2021-09-01,20.498500000000035,10.515530000000012,-3.4633499999999913,1.8646536544158607,0.2722575547155657,15.58323120913144,29.28985365441588,5.328003654415852,23.961850000000027,10.946953666630122,-0.04375,1.75,6.843783311458307
2021-09-02,18.65220000000005,9.738120000000038,-4.474699999999984,2.005008643428255,1.0988275567917754,16.492616200220027,29.606608643428274,6.479708643428239,23.126900000000035,10.943562977196223,-5.5,220.0,9.127158026509957
2021-09-03,18.834400000000016,10.100369999999998,-4.308539999999994,1.9008484645061117,1.027556995116072,15.970975459622196,29.352328464506115,6.209388464506105,23.14294000000001,11.063083261926693,-5.30625,212.25,10.045540029777506
2021-09-04,18.418800000000033,9.805630000000008,-4.638499999999965,2.0376713620618148,1.0208490388195628,16.310190400881368,29.733471362061778,6.67617136206178,23.057299999999998,10.89962075683843,-6.14375,245.75,8.397952279306041
2021-09-05,17.942800000000034,9.791280000000029,-3.7005699999999706,2.0832520011439897,1.0888891944607622,15.024231195604727,27.427192001143965,5.78382200114396,21.643370000000004,12.097006384288704,-5.875,235.0,6.196062948066557
2021-09-06,17.70410000000004,9.63223000000005,-4.35409999999996,1.931360578730505,0.6271244445449042,14.984455023275359,28.343660578730464,6.285460578730465,22.0582,11.681095331553479,-1.00625,40.25,3.281592950925969
2021-09-07,18.176900000000046,9.902340000000038,-2.2467999999999506,1.993620993968932,0.8062919915375346,13.321272985506425,24.66412099396888,4.240420993968883,20.423699999999997,13.46426240401837,-0.69375,27.75,2.4745282444042966
2021-09-08,18.793200000000013,9.84847000000002,-2.366199999999992,1.9273650206182538,0.8125526898595581,14.050847710477797,25.45296502061825,4.293565020618246,21.159400000000005,13.013753107104208,-0.03125,1.25,11.005732777805983
2021-09-09,20.383050000000026,10.260829999999999,-3.723799999999983,1.9341274818600027,0.7381978711788406,16.518345353038853,29.764777481859994,5.657927481859986,24.10685000000001,10.71218784378209,-8.64375,345.75,4.8387315338800825
2021-09-10,19.71487000000002,9.788260000000037,-3.56741999999997,1.8990220081172993,0.932019640943679,16.32507164906093,28.74873200811726,5.466442008117269,23.28228999999999,11.281736136170252,-2.25,90.0,4.461145430840062
2021-09-11,19.032860000000028,10.807029999999997,-2.7675499999999715,1.998353346988381,0.9727726684669733,13.964506015455356,26.566313346988352,4.7659033469883525,21.80041,12.42721340825642,-2.28125,91.25,5.877820645601155
2021-09-12,18.87664000000001,10.89056000000005,-4.141399999999976,2.073542704473539,0.8435765562336428,15.044599260707116,29.2329827044735,6.214942704473515,23.018039999999985,11.100427181582347,-0.95625,38.25,6.3972682984730636
2021-09-13,19.417380000000037,11.354669999999999,-4.3832799999999565,2.075922600185436,0.8295226219482856,15.351435222133716,30.259862600185386,6.459202600185392,23.800659999999993,10.535613093573431,-0.8,32.0,8.201857656530697
2021-09-14,20.241000000000042,10.748500000000035,-2.764070000000004,1.9423125240734862,0.6931837485461756,14.892066272619672,27.711452524073536,4.70638252407349,23.005070000000046,11.750514220859202,-0.0,0.0,4.000975450619323
2021-09-15,20.484000000000037,10.534050000000036,-2.402349999999956,1.9263707824101175,0.6831398206925314,14.961810603102606,27.215070782410066,4.328720782410073,22.886349999999993,11.979880459585274,-0.79375,31.75,7.936759931702793
2021-09-16,20.86990000000003,10.174830000000043,-3.813639999999964,1.8737196370371976,0.5049025747397877,16.887332211776936,30.370899637037155,5.6873596370371615,24.683539999999994,10.3747867402206,-0.88125,35.25,4.5410994630896075
2021-09-17,21.07370000000003,10.395000000000039,-2.596299999999985,1.6962781540323704,0.38191438660663835,15.353192540638986,27.96257815403237,4.2925781540323555,23.670000000000016,11.57769856326695,-0.021875,0.875,1.981355553201164
2021-09-18,21.435000000000002,9.700620000000015,-3.880899999999997,1.7058600511024906,0.38996810553851446,17.71110815664099,30.902660051102487,5.5867600511024875,25.3159,10.079397526584387,-0.10625,4.25,4.7220489899342315
2021-09-19,21.17760000000004,10.697600000000023,-4.67465999999996,1.9354303268669355,0.5197420731005877,17.6098323999675,32.4623503268669,6.610090326866896,25.85226,9.300504338489816,-7.98125,319.25,1.8291100560909643
2021-09-20,21.105600000000038,10.340000000000032,-3.966199999999958,1.9295020919533385,0.5854304002558592,17.246732492209162,30.967502091953293,5.8957020919532965,25.071799999999996,10.05392500208194,-3.134375,125.375,2.041130455154711
2021-09-21,20.587180000000046,10.226130000000012,-3.628819999999962,1.8803113126936069,0.6870983360852847,16.557279648778888,29.725131312693577,5.509131312693569,24.216000000000008,10.720630446825737,-3.33125,133.25,6.158849327100315
2021-09-22,20.218620000000044,10.310879999999997,-2.6227799999999775,1.8936324232574862,0.7786915638533856,15.202843987110896,27.357812423257485,4.516412423257464,22.84140000000002,11.933550625102896,-0.0,0.0,3.6409446711570803
2021-09-23,19.61282,9.916860000000042,-3.5283999999999764,1.9605283743711652,0.9558411527247017,16.1407295270958,28.630148374371117,5.488928374371142,23.141219999999976,11.344949739671392,-2.16875,86.75,4.929589287378008
2021-09-24,20.400260000000003,10.290250000000015,-2.3181999999999903,1.8762525405696806,0.9642775258395204,15.26874006640918,26.912912540569664,4.194452540569671,22.718459999999993,12.142295696921565,-0.028125,1.125,1.2037650304413066
2021-09-25,19.783100000000047,10.299220000000048,-3.7949299999999653,2.0257482775973017,1.1353440753599102,16.439902352957176,29.39870827759728,5.820678277597267,23.578030000000012,10.938796983928114,-10.0,493.5,5.200049055429694
2021-09-26,20.234700000000032,10.689720000000023,-3.36039999999997,1.9006093761299212,0.7941547842383443,15.600144160368245,28.856109376129893,5.261009376129891,23.595100000000002,11.182349373865975,-0.0,0.0,3.2272189237341307
2021-09-27,18.743040000000008,9.559660000000008,-3.877299999999991,1.8797953923422028,0.9362407733711393,15.876716165713333,28.377435392342193,5.757095392342194,22.62034,11.561303707800278,-0.24375,9.75,8.227354690957256
2021-09-28,18.797570000000007,10.257300000000043,-4.674350000000004,1.8562289189433727,0.052777270536068954,15.12362618947941,30.002498918943388,6.530578918943377,23.47192000000001,10.746153114706544,-0.0125,0.5,5.223253569023573
2021-09-29,20.58895000000001,10.222770000000025,-4.551999999999964,1.87887802319932,0.7663655393205318,17.5634235625198,31.57182802319926,6.430878023199284,25.140949999999975,9.797259668973084,-1.8,72.0,6.166546404814031
2021-09-30,19.971550000000036,10.340480000000014,-4.86215999999996,1.8844297799559513,0.720758010399777,17.09841779035571,31.580299779955908,6.746589779955912,24.833709999999996,9.8449896090317,-8.95625,358.25,8.560022841415902
2021-10-01,20.435820000000035,10.467550000000017,-4.318399999999997,2.021676609265171,0.945839771059525,17.25418638032471,31.0942966092652,6.340076609265168,24.754220000000032,10.03478241553313,-10.0,1200.375,6.476642521045489
2021-10-02,20.373469999999998,10.435720000000003,-3.5741299999999683,1.996801457984816,1.0264557143250386,16.535137172309817,29.51853145798475,5.570931457984784,23.947599999999966,10.83039554389029,-10.0,554.0,8.926837725542574
2021-10-03,20.428500000000042,10.524200000000008,-3.561929999999961,2.1112469651972674,1.1102838361214253,16.68776080131869,29.663606965197232,5.673176965197229,23.990430000000003,10.742915330024402,-10.0,712.5,3.897262827183608
2021-10-04,21.622250000000008,10.284199999999998,-3.6941999999999666,1.9634163386663772,0.8311489416512927,17.826815280317646,30.97406633866632,5.657616338666344,25.316449999999975,10.009205006253922,-6.053125,242.125,3.888700308327874
2021-10-05,19.62243000000001,10.742639999999994,-4.097569999999962,1.7940364718318733,0.7797341071063215,15.55113057893817,29.611606471831806,5.891606471831835,23.71999999999997,10.868393510579551,-3.853125,154.125,6.736013008278486
2021-10-06,17.50305000000003,11.56660000000005,-2.44932,2.0956248713157493,1.0180751326294057,11.499470003945135,24.49731487131578,4.544944871315749,19.95237000000003,13.608232847279908,-0.065625,2.625,8.71789116871095
2021-10-07,21.84426000000002,11.32552000000004,-2.703899999999976,1.9279305848815511,0.7156986300937547,15.866269214975262,29.179990584881523,4.631830584881527,24.548159999999996,10.893239607052863,-5.05,202.0,4.973192857520616
2021-10-08,20.122920000000022,9.832420000000013,-3.517979999999966,1.9761318240009018,0.9828465511898798,16.767458375190756,29.135011824000856,5.494111824000868,23.640899999999988,11.046006836727031,-10.0,490.0,8.813553677467931
2021-10-09,19.084699999999998,10.051630000000046,-5.408119999999997,2.0034577301616423,0.9024846681963936,17.347132398357985,31.904397730161634,7.411577730161639,24.492819999999995,9.752740334978569,-10.0,553.25,11.834628312387258
2021-10-10,18.89282000000003,10.270800000000008,-4.801279999999963,2.123553437114026,1.000173317765018,16.547026754879028,30.61893343711398,6.924833437113989,23.69409999999999,10.400807894269462,-10.0,711.0,4.656431226562262
2021-10-11,19.07806000000005,9.598299999999995,-4.285439999999994,2.0818783810826176,0.9553013806851709,16.80237976176784,29.730818381082656,6.367318381082612,23.363500000000045,10.83192554406753,-10.0,523.25,6.279909095772372
2021-10-12,18.25445000000002,9.927500000000009,-3.4370199999999613,2.158432301498351,1.0324036700154124,14.954805971513736,27.286922301498294,5.595452301498312,21.69146999999998,12.126916611354602,-9.909375,396.375,6.504825236553276
2021-10-13,19.31582000000003,9.558860000000038,-3.207679999999982,2.054874826767332,1.0602377942528847,16.07975262102019,27.786054826767327,5.262554826767314,22.523500000000013,11.784516756981589,-7.678125,307.125,4.310420401645306
2021-10-14,20.24890000000005,9.946000000000026,-4.090119999999956,2.08469552885947,1.0324240063781644,17.510139535237613,30.51383552885943,6.174815528859426,24.339020000000005,10.335608261044968,-8.18125,327.25,1.1099321314031276
2021-10-15,19.344449999999995,11.085630000000037,-2.848549999999989,2.1575785905437783,1.0314488618006408,14.296397452344365,27.19912859054375,5.006128590543767,22.192999999999984,12.065031928916028,-4.746875,189.875,6.112856665929756
2021-10-16,20.94106000000005,10.821500000000015,-3.448949999999968,2.116895508541859,1.213498505881887,16.89890401442375,29.955855508541845,5.565845508541827,24.390010000000018,10.55560074345152,-10.0,853.75,4.6259928798701555
2021-10-17,19.44473000000005,11.040400000000034,-2.6050799999999867,2.0847701978146347,1.0126307478858507,14.106810945700488,26.739660197814658,4.689850197814621,22.049810000000036,12.292175220072693,-4.08125,163.25,3.4647597151023817
2021-10-18,18.825559999999996,10.48860000000002,-2.9702499999999645,2.0627704965858698,1.0390021019063056,14.408982598492116,26.828830496585795,5.033020496585834,21.79580999999996,12.308852702834713,-0.909375,36.375,5.775478040820368
2021-10-19,20.206320000000005,10.72872000000001,-3.699799999999982,1.7059198306254189,-0.2787560177356454,14.60456381288975,29.311839830625388,5.405719830625401,23.906119999999987,10.974180226206784,-0.0,0.0,6.616392874984318
2021-10-20,19.58868000000001,10.03564,-3.9057999999999993,2.0254158347361795,1.172756037066506,16.657011871802695,29.42569583473619,5.931215834736179,23.49448000000001,10.942977787386155,-10.0,1005.625,3.3894089922372546
2021-10-21,20.46807000000001,10.287800000000004,-5.005219999999952,1.981151988025772,0.8779749028406059,18.044616890866337,32.45966198802569,6.986371988025724,25.473289999999963,9.353611774926492,-10.0,650.5,6.844230258188229
2021-10-22,20.812040000000025,10.17670000000004,-4.855199999999968,1.9403725198006896,0.8312869387098658,18.26219945851051,32.46281251980065,6.795572519800658,25.667239999999993,9.327840773589912,-10.0,514.75,4.565660179900204
2021-10-23,18.98275000000001,9.839260000000024,-4.993229999999983,2.0227241777485574,0.762413301250433,16.92185747899896,30.991934177748533,7.01595417774854,23.975979999999993,10.216497164130772,-10.0,1127.75,1.0598434478786005
2021-10-24,18.69064000000003,9.030480000000011,-5.130219999999952,1.967014980718659,0.6244412635307981,17.381836244249428,30.918094980718593,7.097234980718611,23.820859999999982,10.287695530273027,-7.828125,313.125,5.319455276762083
2021-10-25,19.025300000000016,9.21470000000005,-4.606239999999957,1.7825568687625264,0.8405282517235264,17.039925120485975,30.020336868762456,6.388796868762483,23.631539999999973,10.721982559275034,-0.0125,0.5,3.239535223080262
2021-10-26,18.490350000000035,8.952800000000025,-3.4407999999999674,1.8170000598510683,0.7798983501647854,15.575248410015831,27.188950059851038,5.257800059851036,21.931150000000002,12.187975552291903,-0.50625,20.25,2.8506562241499145
2021-10-27,19.13345000000004,10.001500000000021,-4.436440000000005,1.5930173194425379,0.7084278939691444,15.869835213411704,29.599347319442586,6.0294573194425425,23.569890000000044,10.939807935210467,-0.6625,26.5,3.7348141184399424
2021-10-28,18.756500000000017,11.34390000000002,-5.0785999999999945,1.5462789930963368,0.6824831229045571,14.719962116000886,30.459978993096342,6.624878993096331,23.83510000000001,10.551113792754848,-0.0,0.0,7.259604700438902
2021-10-29,18.145380000000046,9.783839999999998,-4.835299999999961,2.044648402063501,0.8676540732698186,16.10914247533333,29.86062840206347,6.879948402063462,22.980680000000007,10.863945447236745,-6.775,271.0,8.217443978871893
2021-10-30,18.504050000000007,10.112120000000004,-5.092960000000005,1.9462522036984637,0.8107919703066386,16.24193417400511,30.63622220369848,7.039212203698469,23.59701000000001,10.449864402935816,-2.0375,81.5,4.462059714985213
2021-10-31,18.224630000000047,9.457970000000046,-4.514139999999998,1.913425751666523,0.8220203879620271,16.01624613962855,29.166335751666566,6.4275657516665206,22.738770000000045,11.215965519243866,-1.284375,51.375,7.779989498488712
2021-11-01,17.678120000000035,10.020960000000002,-4.913430000000005,2.0350891837832137,0.7959811549662277,15.40166033874948,29.54006918378326,6.948519183783219,22.59155000000004,11.0748610845136,-1.86875,74.75,11.714312383472139
2021-11-02,17.987900000000025,9.900630000000035,-4.581269999999961,1.8187772697994546,0.8056380563844527,15.292955326183858,28.9692172697994,6.4000472697994155,22.569169999999986,11.350265982482938,-0.284375,11.375,5.34030442238468
2021-11-03,18.322140000000047,10.049040000000048,-4.426279999999963,1.8370098688041026,0.9262913370590695,15.462681205863134,29.011709868804076,6.2632898688040655,22.74842000000001,11.291979666832276,-6.965625,278.625,2.127384383221178
2021-11-04,18.91396000000003,9.465599999999995,-4.8700000000000045,1.8784945175337953,0.7254522938833929,16.92230681141723,30.532454517533836,6.7484945175338,23.783960000000036,10.46776413648223,-2.2875,91.5,3.8885413435633227
2021-11-05,17.42837000000003,9.40667000000002,-4.252539999999954,1.972000179268889,0.9378489560228331,15.184089135291686,27.905450179268826,6.224540179268843,21.680909999999983,11.926760295408883,-4.334375,173.375,4.7524145345565145
2021-11-06,18.51320000000004,9.162380000000041,-4.319069999999954,1.86398307182003,0.8908321429612442,16.424705214781227,29.015323071819978,6.183053071819984,22.832269999999994,11.267772496896896,-2.45,98.0,3.8822412475880252
2021-11-07,17.530400000000043,9.277980000000014,-4.832679999999982,1.5604515263448775,1.0212334057805492,15.666784932125438,28.756211526344885,6.39313152634486,22.363080000000025,11.533681666887219,-0.128125,5.125,2.541397750003663
2021-11-08,16.60345000000001,8.777800000000013,-5.126199999999983,1.799116536376971,0.7392365403636063,15.490203076740556,28.654966536376946,6.925316536376954,21.729649999999992,11.666464319913416,-1.15,46.0,8.227341401765532
2021-11-09,16.400230000000022,10.01687000000004,-4.806299999999965,1.3791024214930303,0.7308692090629165,13.299631630555893,27.39193242149298,6.185402421492995,21.206529999999987,12.36902381660451,-0.0,0.0,11.256337264428184
2021-11-10,16.589400000000012,9.251430000000028,-5.189499999999953,1.5137487600896407,0.7006283836483362,14.741847143737914,28.482148760089558,6.703248760089593,21.778899999999965,11.786509461336152,-1.55625,62.25,3.278871763925892
2021-11-11,15.562550000000044,9.712000000000046,-2.994899999999973,1.8632168531270281,1.0105654205931955,11.719232273720195,23.415566853127018,4.858116853127001,18.557450000000017,14.409458611302568,-0.15,6.0,17.35486426714574
2021-11-12,16.795470000000023,9.718770000000006,-2.92752999999999,2.0123329017097262,1.1522459887254968,13.16880889043523,24.66286290170973,4.939862901709716,19.723000000000013,13.614912045022777,-0.35,14.0,9.090421417273228
2021-11-13,18.728970000000004,10.252280000000042,-3.092839999999967,2.0117497722402504,1.228956054925277,14.810235827165457,26.926399772240188,5.104589772240217,21.82180999999997,12.27512227136424,-1.1125,44.5,4.63247311496857
2021-11-14,19.23630000000003,10.85336000000001,-4.38839999999999,1.9452784364470972,1.023824805711854,15.74044324215896,29.958378436447106,6.333678436447087,23.62470000000002,10.716621629759686,-5.65,226.0,7.2488762481245095
2021-11-15,18.891140000000007,10.601740000000007,-4.276299999999992,2.061323199456467,1.0560016313415304,15.68302483079799,29.50506319945646,6.337623199456459,23.16744,10.964069594249793,-4.065625,162.625,2.4470968151463666
2021-11-16,18.625670000000014,10.229970000000037,-4.936379999999986,2.1039423304029015,0.9370606254457243,16.373082955848588,30.602372330402886,7.040322330402887,23.56205,10.437799662073928,-10.0,511.875,2.2240530521016106
2021-11-17,19.329800000000034,9.678250000000048,-5.645849999999996,1.9252230954429592,0.9221574186048542,18.144780514047795,32.546723095442985,7.571073095442955,24.97565000000003,9.415563426518247,-10.0,563.5,3.456165232508465
2021-11-18,17.07913000000002,10.172200000000032,-3.95187999999996,1.9794319069677044,0.8002024526626315,13.638444359630284,26.962321906967645,5.9313119069676645,21.03100999999998,12.437041185420469,-4.665625,186.625,12.861935847085086
2021-11-19,17.707700000000045,10.707240000000013,-3.041020000000003,2.1202459626038603,1.245521456363349,13.407247418967245,25.909985962603912,5.1612659626038635,20.74872000000005,12.877112467755751,-0.2375,9.5,5.8683206040255556
2021-11-20,18.03958,10.381070000000022,-4.150849999999991,2.0806449896757613,1.2544192156684062,15.144424205344137,28.421924989675745,6.2314949896757525,22.190429999999992,11.590217578502802,-2.6375,105.5,12.526159172096806
2021-11-21,19.359500000000025,9.219449999999995,-4.446799999999996,1.8588447941146455,0.5282816704742572,16.97397646458893,30.111944794114663,6.305644794114642,23.80630000000002,10.63706316693407,-0.334375,13.375,4.318509523943928
2021-11-22,18.75540000000001,10.72380000000004,-5.033799999999985,1.9616444652323253,0.8365962024542455,15.863640667686525,30.784644465232304,6.9954444652323104,23.789199999999994,10.348157404027688,-4.721875,188.875,2.2222715624526113
2021-11-23,20.232970000000023,9.82990000000001,-4.4959499999999935,1.8812973880710047,0.4063052038699766,17.18662259194099,31.106167388071015,6.377247388070998,24.728920000000016,10.059110826500046,-5.415625,216.625,3.871771053791416
2021-11-24,18.128930000000025,9.241170000000011,-4.617439999999988,1.9553911711409455,0.5578707935652005,16.018461964706148,29.319201171140946,6.572831171140933,22.746370000000013,11.145881456642996,-1.990625,79.625,7.2297082090622675
2021-11-25,18.540729999999996,10.679160000000024,-5.433539999999994,1.7688870744570409,0.18970518145408732,15.253702255911094,31.176697074457024,7.2024270744570345,23.97426999999999,10.193265523759408,-0.196875,7.875,7.5098912985273385
2021-11-26,17.358240000000023,10.260430000000042,-4.91816,1.7075752754117843,0.6620599539663772,14.385605229378143,28.90213527541181,6.625735275411785,22.276400000000024,11.465072829731241,-0.0,0.0,5.910347370440506
2021-11-27,16.1173,10.079430000000002,-5.303999999999974,1.8767565588003094,0.5061831902341964,13.724809749034478,28.602056558800257,7.180756558800283,21.421299999999974,11.743677383486329,-1.346875,53.875,7.915546379344923
2021-11-28,16.969420000000014,9.576870000000042,-4.66413,1.8844191606047502,0.7037558632343917,14.644855023839114,28.182099160604764,6.54854916060475,21.633550000000014,11.850713201640644,-3.296875,131.875,13.231646174996188
2021-11-29,17.257930000000044,9.57247000000001,-5.2827800000000025,1.9300211606976063,0.5264779259237002,15.424739086621344,29.753511160697656,7.212801160697609,22.540710000000047,11.025991874643921,-1.3859375,55.4375,2.196650220361047
2021-11-30,17.83468000000005,9.160820000000001,-5.288239999999973,1.88357609254831,-0.05284436692215877,15.792831725626172,30.294736092548305,7.1718160925482835,23.122920000000022,10.69719860563714,-0.06875,2.75,10.071440561387947
2021-12-01,18.16918000000004,9.579200000000014,-4.317179999999951,1.9346449047276906,0.49694653386916343,15.33875143859683,28.738184904727632,6.251824904727641,22.48635999999999,11.43410785779696,-1.175,47.0,7.785422132634719
2021-12-02,18.386400000000037,9.646479999999997,-4.691959999999995,1.9787009191167044,0.7797814089235544,16.190362328040294,29.74902091911673,6.670660919116699,23.078360000000032,10.901610396528895,-1.940625,77.625,2.7745408303884003
2021-12-03,17.916250000000048,9.675400000000025,-4.976419999999962,2.001796504544359,0.7727697694243147,15.991836273968659,29.87088650454433,6.978216504544321,22.89267000000001,10.887356080883649,-2.203125,88.125,4.81971049167549
2021-12-04,19.522400000000005,9.51785000000001,-3.60812999999996,1.937660759613948,0.5241288153314372,16.07446957494534,28.676320759613873,5.545790759613908,23.130529999999965,11.332333136709224,-10.0,407.75,4.528106088476923
2021-12-05,18.52117000000004,9.518820000000005,-2.772829999999999,1.9531455177391308,0.4130685204324891,14.141394038171654,26.01997551773917,4.72597551773913,21.29400000000004,12.755537631935852,-4.69375,187.75,4.093518414501934
2021-12-06,18.989130000000046,8.487880000000018,-3.0697999999999865,1.7547980517822452,0.4836773198533706,15.80952537163563,26.883528051782264,4.824598051782232,22.058930000000032,12.296612774731614,-0.428125,17.125,5.0992013431904875
2021-12-07,19.576620000000048,9.931500000000028,-4.082979999999964,1.368868127924543,-0.2774506555214771,14.81951747240305,29.11144812792452,5.451848127924507,23.65960000000001,11.159941665186693,-0.284375,11.375,1.505434512607453
2021-12-08,19.770870000000002,10.454250000000002,-2.809849999999983,1.4161859132612449,-0.35005157850287105,13.192604334758357,26.806755913261213,4.226035913261228,22.580719999999985,12.289539917345735,-0.0,0.0,1.1024264799001542
2021-12-09,18.35345000000001,9.345600000000047,-5.154819999999972,1.7871052077465492,0.8742377841539337,16.824012991900418,30.450195207746503,6.941925207746522,23.508269999999982,10.574657520121264,-0.14375,5.75,4.6228546563434465
2021-12-10,18.52720000000005,10.332670000000007,-5.4474199999999655,1.4637402171939016,-1.7009613361937,13.40472888100021,30.885780217193883,6.911160217193867,23.974620000000016,10.369603363311398,-0.0,0.0,4.3233002680497234
2021-12-11,17.53445000000005,8.740080000000034,-5.147649999999999,1.7591880504925257,0.42618630904877364,16.127394359541313,29.588938050492573,6.906838050492524,22.682100000000048,11.09565229358617,-0.0125,0.5,4.2351763137340255
2021-12-12,17.42410000000001,8.321619999999996,-5.154699999999991,1.677861434481656,0.48100345336729333,16.416044887848955,29.41136143448165,6.832561434481647,22.5788,11.205580769431549,-0.003125,0.125,7.645746019691718
2021-12-13,16.483730000000037,8.099150000000009,-5.049229999999966,1.8948796797330942,0.8876985614346609,16.21638824116775,28.477069679733063,6.94410967973306,21.532960000000003,11.759663304636774,-0.984375,39.375,5.977686591589024
2021-12-14,16.80743000000001,7.85766000000001,-4.829319999999996,1.7464099953278378,0.6118363238617235,16.137336319189558,28.21247999532784,6.575729995327833,21.636750000000006,11.870032850167263,-0.0,0.0,7.775202512913624
2021-12-15,17.52615000000003,8.942650000000015,-4.759500000000003,1.4524199269556561,0.5421103961156746,15.337530323071348,28.49756992695569,6.211919926955659,22.285650000000032,11.674145907191587,-0.18125,7.25,4.871363284591874
2021-12-16,18.079740000000015,8.778099999999995,-3.3251699999999573,1.3350378554815165,0.31583253519170285,14.277680390673197,26.065117855481446,4.660207855481474,21.404909999999973,12.838779643129158,-0.0,0.0,1.4084434930668714
2021-12-17,18.402300000000025,10.80460000000005,-4.522959999999955,1.1187590667674385,-1.23327614549612,12.006142921271248,28.566979066767374,5.6417190667673935,22.92525999999998,11.570978718133745,-0.0,0.0,3.521435009832332
2021-12-18,17.647500000000036,11.60116000000005,-4.356819999999971,1.0653863949268043,-1.4741892278506725,9.994357167076089,27.426526394926782,5.422206394926775,22.004320000000007,12.230726652521582,-0.0,0.0,9.102592559820321
2021-12-19,16.796040000000005,10.620780000000025,-4.279519999999991,0.6245366990802381,-1.653902245217921,9.425414453862288,25.979616699080225,4.904056699080229,21.075559999999996,13.092352472540966,-0.0,0.0,6.365788771058536
2021-12-20,17.157740000000047,11.405240000000049,-4.1787499999999795,1.060596385536769,-2.7596184834197857,8.23222790211696,26.575836385536775,5.239346385536749,21.336490000000026,12.714150364743944,-0.0,0.0,7.328956598761436
2021-12-21,17.937070000000006,10.670620000000042,-5.18026999999995,1.0153249125164052,-2.213205087835206,11.248839824681113,29.31293491251631,6.195594912516356,23.117339999999956,11.2583437589239,-0.0,0.0,6.482642181932509
2021-12-22,18.752470000000017,10.919240000000002,-5.975319999999954,0.9539418073235879,-2.3338440880746703,12.428647719248886,31.657051807323512,6.929261807323542,24.72778999999997,10.001277972375817,-0.0,0.0,8.498160774367127
2021-12-23,19.35420000000005,10.633399999999995,-5.281529999999975,0.8536823298932745,-1.4184770438694727,13.43753528602383,30.770942329893273,6.13521232989325,24.635730000000024,10.389769804535888,-0.0,0.0,7.331903226782893
2021-12-24,19.373860000000036,8.993070000000046,-6.149659999999983,0.5571647745521773,-1.0815312155897914,16.00608355896236,32.23034477455218,6.70682477455216,25.52352000000002,9.676319732030834,-0.0,0.0,11.631343352355655
2021-12-25,20.49612000000002,8.344600000000014,-5.872599999999977,0.48353987259736186,-1.7005916565609596,16.807068216036384,32.724859872597335,6.356139872597339,26.368719999999996,9.323505452227892,-0.0,0.0,11.677730288966684
2021-12-26,19.91990000000004,9.339560000000006,-6.346529999999973,0.8590438618426219,-1.8513339782255684,15.934579883617062,33.47200386184261,7.205573861842595,26.266430000000014,8.983471662223963,-0.0,0.0,4.336337161332162
2021-12-27,17.75260000000003,9.379420000000039,-7.62194999999997,1.1290731586134939,-1.915911260859957,15.208291897753497,34.12557315861346,8.751023158613464,25.37455,8.863647134511666,-0.0,0.0,7.802852542366675
2021-12-28,17.78800000000001,9.426660000000027,-6.8045999999999935,1.1951173043146923,-2.2243780637231794,14.13667924059149,32.59231730431469,7.999717304314686,24.592600000000004,9.620617470764671,-0.0,0.0,13.523809118067454
2021-12-29,18.335720000000038,7.923640000000034,-6.35391999999996,1.2451402423441778,-1.8936444680786053,16.117495774265535,32.288700242344134,7.599060242344137,24.689639999999997,9.707591577567541,-0.0,0.0,17.83194760940295
2021-12-30,16.902980000000014,7.802500000000009,-6.648469999999975,1.7215297052034089,-0.22639853744078664,17.2440811677626,31.921449705203372,8.369999705203384,23.55144999999999,10.006599975875929,-3.86875,154.75,12.304045590855798
2021-12-31,16.62426000000005,7.683800000000019,-7.2082999999999515,1.7384970689237775,0.6574087742387746,18.544665843162534,32.77935706892373,8.946797068923729,23.83256,9.609078162222431,-0.015625,0.625,12.824034625573349
2022-01-01,16.96508,7.464870000000019,-7.48285999999996,1.7458970102882745,0.5873899468149943,19.31635695710321,33.676697010288194,9.228757010288234,24.44793999999996,9.118805572908911,-1.721875,68.875,7.7903380836972795
2022-01-02,17.854150000000004,8.723230000000001,-6.701999999999998,1.5047167076965025,0.10206605420307824,17.439702761899582,32.7628667076965,8.2067167076965,24.556150000000002,9.49900426208984,-0.0,0.0,16.421590972011476
2022-01-03,18.984700000000032,7.050070000000005,-6.1701400000000035,1.1420047805402191,-1.2794210345907686,17.96735374594948,32.46698478054026,7.312144780540223,25.154840000000036,9.557644697377611,-0.034375,1.375,13.6974501047088
2022-01-04,17.936360000000036,9.651100000000042,-6.4751999999999725,0.887751080410851,-2.5784211256168987,13.069789954793919,31.774511080410832,7.362951080410824,24.41156000000001,10.037979716721622,-0.0,0.0,12.043406852841336
2022-01-05,18.67977000000002,9.416650000000004,-5.5319299999999885,1.0179725836862872,-2.8422007680753723,12.970821815610918,30.761602583686283,6.549902583686276,24.211700000000008,10.45255254707763,-0.0,0.0,9.970827270711094
2022-01-06,19.135100000000023,9.801420000000007,-5.398199999999974,1.2250522899503835,-1.9187226504617456,14.038209639488628,31.156552289950355,6.623252289950358,24.533299999999997,10.191533450176678,-0.0,0.0,9.838930190600994
2022-01-07,19.10146000000003,10.630580000000009,-5.646219999999971,1.277898522572798,-2.85360895034097,12.541389572231822,31.67179852257277,6.924118522572769,24.747680000000003,9.932829063394138,-0.0,0.0,7.706449276385002
2022-01-08,18.563800000000015,9.294340000000034,-5.618139999999983,1.4383129374848522,-0.8784040503940105,15.447508887090805,31.238392937484832,7.056452937484835,24.181939999999997,10.191707212510721,-0.475,19.0,5.129898678519049
2022-01-09,19.651400000000024,8.28958,-5.679749999999956,1.287813228190089,-1.0308041748732535,17.298579053316814,32.298713228190024,6.967563228190045,25.33114999999998,9.564804001323637,-0.04375,1.75,5.402971007879819
2022-01-10,19.543100000000038,7.264430000000004,-5.4561199999999985,1.4003108454597282,-0.0018700291817026482,19.133230816278058,31.855650845459763,6.856430845459727,24.999220000000037,9.788600301380654,-0.0,0.0,13.88303452320698
2022-01-11,20.343770000000006,7.313379999999995,-6.305819999999983,1.2620466236410266,-0.751668804101655,19.846587819539366,34.217456623641,7.5678666236410095,26.64958999999999,8.544452033164703,-0.0,0.0,17.849050725618188
2022-01-12,20.04000000000002,7.589930000000038,-7.3273699999999735,1.1616627618217308,-1.9128514727765378,19.02625128904515,35.8564027618217,8.489032761821704,27.367369999999994,7.759030589296515,-0.0,0.0,13.261698644381838
2022-01-13,19.713160000000016,7.49550000000005,-8.259999999999991,0.8933242923251328,-1.7799152656658634,19.591069026659227,37.12648429232513,9.153324292325124,27.973160000000007,7.173574634935449,-0.0,0.0,13.627056782405589
2022-01-14,19.876000000000033,7.922970000000021,-7.3236799999999675,1.1363028231311318,-1.4249585814266652,18.988054241704447,35.6596628231311,8.4599828231311,27.19968,7.875124349535611,-0.0,0.0,17.909836386931175
2022-01-15,20.54770000000002,6.969750000000033,-6.656469999999956,1.0482913268170364,-0.7012135725304915,20.581497754286488,34.90893132681697,7.7047613268169926,27.204169999999976,8.19473356776382,-0.0,0.0,13.563849182403988
2022-01-16,19.651100000000042,5.798180000000002,-5.6311999999999784,1.1140399965921688,-1.20688892699809,19.391271069594097,32.02753999659217,6.745239996592147,25.28230000000002,9.714156396405087,-0.0,0.0,12.420239273553909
2022-01-17,18.65530000000001,6.05740000000003,-5.612429999999961,1.1543049891505461,-0.5999464131965055,18.764688575953983,31.03446498915048,6.766734989150507,24.267729999999972,10.308069176429228,-0.0,0.0,10.420465820726537
2022-01-18,18.95852000000002,4.062900000000013,-6.499239999999986,1.0244959426634637,0.3634090587275409,22.782765001391,32.98149594266346,7.52373594266345,25.457760000000007,9.312622674536613,-0.3671875,14.6875,9.602107511911212
2022-01-19,19.517600000000016,6.755520000000047,-5.510229999999979,0.809086171558306,-1.4070327288084172,17.674363442749836,31.34714617155828,6.319316171558285,25.027829999999994,10.088376475529628,-0.0,0.0,5.103253354444564
2022-01-20,20.63644000000005,8.04770000000002,-2.413119999999992,0.618880631675438,-1.1389894638242595,14.4817511678512,26.081560631675472,3.03200063167543,23.049560000000042,12.625473172166096,-0.0,0.0,6.900351641512441
2022-01-21,22.173699999999997,6.5791000000000395,-4.35015999999996,0.2644323490602005,-0.38334850173123414,19.825843847328883,31.138452349060117,4.61459234906016,26.523859999999956,9.983195248678783,-0.0,0.0,4.253253547229002
2022-01-22,21.741270000000043,7.250699999999995,-2.5335999999999785,0.5745242642155404,-0.8830810209133233,16.715613243302244,27.38299426421554,3.108124264215519,24.27487000000002,11.88291611070008,-0.0,0.0,5.100867867531823
2022-01-23,20.635700000000043,6.356840000000034,-2.1748699999999985,0.671102574992517,-0.663223498680793,16.46160907631173,25.656542574992557,2.8459725749925155,22.81057000000004,12.835069380563823,-0.0,0.0,6.2157494820935035
2022-01-24,19.968620000000044,8.215000000000032,-1.9214000000000055,0.3755214694828055,-3.227567906766012,10.822973562716811,24.18694146948286,2.296921469482811,21.89002000000005,13.648637684859864,-0.0,0.0,7.074192848625444
2022-01-25,19.80874,6.898700000000019,-2.138279999999952,0.9547586021703864,-1.7186540595637894,14.28442454260653,25.04005860217029,3.0930386021703384,21.947019999999952,13.203313686216461,-0.0,0.0,7.566078408134771
2022-01-26,19.80743000000001,5.082420000000013,-2.638369999999952,1.1841326815821276,0.363834927545156,18.911347609127233,26.268302681582043,3.8225026815820797,22.445799999999963,12.573921593335456,-0.48125,19.25,10.562819798439921
2022-01-27,18.980650000000026,6.063750000000027,-2.2176999999999794,1.402082209260982,0.5356116889249734,17.072293898185933,24.818132209260966,3.6197822092609613,21.198350000000005,13.362321476358602,-0.1875,7.5,10.924719053874377
2022-01-28,17.23782,9.308300000000031,-2.7895999999999503,1.3981106275099364,-2.077624796643363,10.039605830866492,24.215130627509836,4.187710627509887,20.02741999999995,13.85339250903047,-0.253125,10.125,8.182704353607038
2022-01-29,18.58340000000004,11.492200000000025,-4.990819999999985,1.6103896300081146,-1.6346997756189126,12.057709854389202,30.175429630008125,6.6012096300081,23.574220000000025,10.705293863552072,-0.021875,0.875,6.08028031853828
2022-01-30,20.994100000000003,6.979640000000018,-4.5160999999999945,1.368832009771836,0.31106662123124806,20.210458631003064,31.395132009771828,5.8849320097718305,25.510199999999998,9.892509872570258,-0.50625,20.25,8.174904669830125
2022-01-31,22.00260000000003,8.329250000000002,-5.91973999999999,1.3803541129083214,0.1468125523603021,21.12025666526864,35.22243411290833,7.300094112908312,27.92234000000002,7.8997908428870005,-0.0109375,0.4375,9.909879898697481
2022-02-01,21.79824000000002,11.76907,-5.275669999999991,1.0918471451406617,-3.5916162760694874,12.805070869071187,33.441427145140665,6.367517145140653,27.073910000000012,8.82341996784288,-0.0,0.0,13.08570455908288
2022-02-02,21.85098000000005,9.759850000000029,-5.426949999999977,1.062498764555528,-1.266535561930084,17.31404320262544,33.76737876455553,6.489448764555505,27.277930000000026,8.658269431447366,-0.0,0.0,7.789849631885408
2022-02-03,20.920900000000017,9.976400000000012,-5.629429999999957,1.191879486336802,-2.4349398351777722,15.330869651158991,33.37163948633673,6.821309486336759,26.550329999999974,8.922569142790564,-0.0,0.0,1.8189594375205298
2022-02-04,21.836420000000032,9.921530000000018,-6.169999999999959,0.2131427753121784,-3.1084131826008274,15.189619592711324,34.38956277531213,6.3831427753121375,28.00641999999999,8.385295409866558,-0.0,0.0,6.746803359844632
2022-02-05,21.74478000000005,8.637300000000039,-5.724739999999997,0.5314354742707224,-1.9722982125568933,17.391357261713836,33.725695474270765,6.256175474270719,27.469520000000045,8.713349006796875,-0.0,0.0,4.088079736208372
2022-02-06,20.232320000000016,6.014250000000004,-5.0726399999999785,1.2605775367177898,0.36669034443229975,20.91797788115008,31.638177536717762,6.333217536717768,25.304959999999994,9.843656369537769,-0.190625,7.625,7.262580515309451
2022-02-07,20.6524,5.909940000000006,-4.673199999999952,1.0900774275468734,0.044934942754593976,20.550672370301413,31.088877427546777,5.763277427546825,25.32559999999995,10.093195089556957,-0.0,0.0,1.4351485149160559
2022-02-08,20.954830000000015,7.031900000000007,-3.942299999999989,1.0900726032689931,-0.12657188227296956,18.82873072099602,29.929502603268986,5.032372603268982,24.897130000000004,10.647085959063702,-0.0,0.0,4.723058316961626
2022-02-09,20.665430000000015,8.655100000000004,-4.439369999999997,1.0298028298522581,-1.5784332341357867,15.901069595716478,30.573972829852266,5.469172829852255,25.10480000000001,10.353631392518707,-0.0,0.0,3.7625677000519
2022-02-10,20.61930000000001,9.58166,-3.8566699999999514,0.42205204248074324,-2.9499186848981935,12.366443357582511,28.754692042480656,4.278722042480695,24.47596999999996,11.300871414922938,-0.0,0.0,4.515398745065238
2022-02-11,20.555750000000046,8.39083000000005,-4.153099999999995,0.46146171716878825,-0.45671807500968953,16.32276364215909,29.323411717168824,4.614561717168783,24.70885000000004,11.020217796424788,-0.0,0.0,9.91258895166507
2022-02-12,20.629140000000007,8.32498000000004,-4.649849999999958,0.8830274859168412,-0.7366643242759778,17.10037316164079,30.811867485916764,5.532877485916799,25.278989999999965,10.24695755501864,-0.0,0.0,8.137273901098961
2022-02-13,21.045860000000005,5.343500000000006,-4.137579999999957,0.8991838823775993,0.39485823150903343,21.13398211388659,30.22020388237752,5.0367638823775565,25.183439999999962,10.505593776026728,-0.0,0.0,5.342524388622806
2022-02-14,21.104120000000023,5.372580000000028,-3.0251199999999585,0.8572243770777845,0.39175511603605173,20.00563949311379,28.011584377077725,3.882344377077743,24.12923999999998,11.607523887802074,-0.259375,10.375,4.598247646527614
2022-02-15,21.174920000000043,5.333860000000016,-4.023899999999969,0.8257010902687512,0.36412847097273016,21.054789561241478,30.048421090268732,4.84960109026872,25.198820000000012,10.584777103550891,-0.025,1.0,9.342205885551289
2022-02-16,22.076350000000048,6.370870000000025,-2.8987999999999943,0.7545888886004377,0.35162344093583897,19.710492329536294,28.628538888600474,3.653388888600432,24.975150000000042,11.226326133848147,-0.125,5.0,10.504329365028736
2022-02-17,21.551170000000013,5.828150000000051,-2.7177999999999543,0.6203215137537654,0.2301528026857227,19.291294316439405,27.607091513753687,3.3381215137537197,24.268969999999968,11.784479533952549,-0.0,0.0,8.512233008631135
2022-02-18,21.45437000000004,5.8589000000000055,-2.3403699999999503,0.797188225626769,0.3870873279840339,19.120115553610788,26.93229822562671,3.1375582256267194,23.79473999999999,12.121033235223706,-0.0,0.0,4.692053403452929
2022-02-19,21.28152,6.015650000000051,-3.096529999999973,0.6699043459298082,0.09729485404488969,19.12959919997462,28.144484345929754,3.766434345929781,24.378049999999973,11.535469250546043,-0.0,0.0,11.756158952043602
2022-02-20,23.00010000000003,7.665300000000002,-4.221779999999967,0.45683518377290966,-0.3702782917472973,19.64313689202561,31.900495183772875,4.678615183772877,27.22188,9.534918754758337,-0.0,0.0,7.384189870536876
2022-02-21,23.131370000000004,7.343600000000038,-4.659400000000005,0.7551597821137648,0.22115261324097446,21.42348239535471,33.20532978211378,5.41455978211377,27.79077000000001,8.862727518531756,-0.0,0.0,8.998417064510255
2022-02-22,22.571560000000034,6.675700000000006,-4.807399999999973,0.9968032406393945,0.5715970971221509,22.271660337761546,33.183163240639374,5.804203240639367,27.378960000000006,8.90089493596048,-0.0,0.0,4.906982837704856
2022-02-23,21.311000000000035,7.5714399999999955,-5.129549999999995,0.6157476691917054,-1.1251587256346056,18.359698943557134,32.18584766919173,5.7452976691917,26.44055000000003,9.515273340833005,-0.0,0.0,4.249549889189773
2022-02-24,21.188440000000014,8.338000000000022,-7.154599999999959,0.19869544829379038,-2.4241780521197143,17.779557396174027,35.69633544829372,7.35329544829375,28.343039999999974,7.787757376879199,-0.0,0.0,3.643853998238929
2022-02-25,22.756770000000017,7.041500000000042,-7.175149999999974,-0.4547850812311367,-1.0627549515450596,21.372879967223753,36.65228491876883,6.720364918768837,29.93191999999999,7.195647639803553,-0.0,0.0,10.145127875031502
2022-02-26,21.23440000000005,7.423500000000047,-6.983739999999955,0.21130716029631458,-1.1935169845708629,19.81243017572541,35.413187160296275,7.195047160296269,28.218140000000005,7.924647539326713,-0.0,0.0,9.601168389496179
2022-02-27,21.60342000000003,6.323500000000024,-5.6988999999999805,0.5431875879477275,-0.39771950337478756,21.124288084572925,33.54440758794772,6.242087587947708,27.30232000000001,8.81433567888854,-0.0,0.0,6.246928270668436
2022-02-28,21.829340000000002,6.076140000000009,-5.904149999999959,0.1193051982249358,-0.29561927018886536,21.48103592803602,33.756945198224855,6.0234551982248945,27.73348999999996,8.70573498831402,-0.0,0.0,6.623598793603472
2022-03-01,22.098600000000033,6.191220000000044,-5.15152999999998,0.3865393499839911,0.039869469981681505,21.48531881996564,32.788199349983984,5.538069349983971,27.250130000000013,9.15947830985857,-0.0,0.0,8.15186236146937
2022-03-02,21.459000000000003,6.403650000000027,-4.743139999999983,-0.4465037713084712,-1.4838878609590438,17.868098367732443,30.498776228691497,4.296636228691511,26.202139999999986,10.380845424593588,-0.0,0.0,11.841206439741292
2022-03-03,21.275230000000022,6.4767700000000445,-6.111149999999952,0.4265974196564457,-0.47253671753105664,20.86367070212532,33.92412741965637,6.537747419656398,27.386379999999974,8.657803060545746,-0.0,0.0,13.637697007227521
2022-03-04,21.97230000000002,6.49350000000004,-5.527699999999982,0.31744007105066885,-0.2032004947218411,21.120739576328788,33.34514007105065,5.8451400710506505,27.5,8.893141317610116,-0.0,0.0,12.981339036930551
2022-03-05,22.0668,6.09304000000003,-5.366799999999955,0.4230088088530124,0.06873028111994017,21.832299089972878,33.22340880885292,5.789808808852968,27.433599999999956,8.942597189184426,-0.0,0.0,16.4992153764943
2022-03-06,20.562460000000044,5.792540000000031,-4.348729999999989,1.1188330783049878,0.535111031246629,20.77259410955162,30.37875307830501,5.467563078304977,24.911190000000033,10.453623569677234,-0.4125,16.5,12.171932081398756
2022-03-07,17.65554000000003,8.577480000000037,-4.149399999999957,1.8290045946753253,0.62951366810114,15.685978262776416,27.78334459467527,5.978404594675283,21.804939999999988,11.977674114108595,-2.31875,92.75,6.403652512645999
2022-03-08,22.302580000000034,7.834249999999997,-6.156469999999956,0.8756780383259866,0.036453251275531784,21.53693128960151,35.49119803832593,7.032148038325943,28.45904999999999,7.772426423698789,-0.0,0.0,7.269467441844709
2022-03-09,23.610070000000007,7.671230000000037,-5.495699999999999,0.4178754405660925,0.0468148841152356,21.899230324681298,35.0193454405661,5.913575440566092,29.105770000000007,7.935820446742184,-0.0,0.0,10.15467889077973
2022-03-10,24.02242000000001,8.040549999999996,-5.596169999999972,0.31148368627458467,-0.03586588872894936,21.853657797545623,35.52624368627454,5.907653686274557,29.618589999999983,7.659363718075497,-0.0,0.0,6.455379659161658
2022-03-11,23.83453000000003,7.778380000000027,-6.265299999999968,0.14236305113257686,-0.21214111123651946,22.251671939896028,36.50749305113254,6.407663051132545,30.099829999999997,7.183900040324431,-0.0,0.0,11.599121851890015
2022-03-12,24.03660000000002,7.967460000000017,-5.8528199999999515,0.21733941587950767,-0.137478199529653,22.00182121634981,35.95957941587943,6.070159415879459,29.889419999999973,7.4434424186263755,-0.0,0.0,12.815016925570172
2022-03-13,24.087120000000027,8.011130000000037,-5.444979999999987,0.5585366146923434,0.2068162059841825,22.286322820676503,35.535616614692344,6.00351661469233,29.532100000000014,7.644500366311377,-0.0,0.0,11.359226031536469
2022-03-14,24.808040000000005,8.6096,-4.811469999999986,0.6912345222269209,0.3468245724216672,22.04796909464858,35.1222145222269,5.502704522226907,29.61950999999999,7.807866515242324,-0.0,0.0,8.813862339412324
2022-03-15,24.54675000000003,8.457700000000045,-4.169960000000003,-0.07922654529340889,-0.39554012217513446,19.784243332531446,32.80744345470663,4.090733454706594,28.716710000000035,8.993068815573906,-0.0,0.0,6.929630503577593
2022-03-16,25.577080000000024,9.432640000000049,-3.927859999999953,0.13253931897895654,-0.21547383694894506,19.98936548202994,33.565339318978886,4.060399318978909,29.504939999999976,8.55784593726213,-0.0,0.0,6.972302091886743
2022-03-17,26.02290000000005,9.958060000000046,-4.402379999999994,0.09663806690031151,-0.2624781050868137,20.301379961813495,34.92429806690035,4.499018066900305,30.425280000000043,7.857922237241837,-0.0,0.0,9.62303504313761
2022-03-18,26.01310000000001,9.839260000000024,-5.866129999999998,0.43623767188853435,0.07276730596493053,22.548974977853447,38.18159767188854,6.302367671888533,31.879230000000007,6.226845877689982,-0.0,0.0,7.84071235811042
2022-03-19,24.039030000000025,8.97180000000003,-7.926599999999951,1.1063438266394314,0.49846678336700734,24.598640610006385,40.99857382663936,9.032943826639382,31.965629999999976,4.896276303648392,-0.321875,12.875,8.348891132111945
2022-03-20,21.263670000000047,9.317000000000007,-7.0232299999999555,1.309607950830184,0.27962238347333823,20.559130334303518,36.61973795083014,8.33283795083014,28.286900000000003,7.26200944974056,-0.0125,0.5,7.831761171167524
2022-03-21,22.224450000000047,10.028620000000046,-6.510629999999992,1.6978512527698513,0.8807687460358125,21.285079998805656,36.94356125276988,8.208481252769843,28.73508000000004,7.002216394517177,-2.871875,114.875,7.830566710222892
2022-03-22,21.767800000000022,10.28036000000003,-6.490899999999954,1.777247755720623,0.5144761791722772,20.270063934892846,36.52684775572055,8.268147755720577,28.258699999999976,7.236616312985632,-3.75625,150.25,4.92899875145635
2022-03-23,24.176300000000026,9.707480000000032,-3.982029999999952,1.375488850467434,0.6957532754094586,20.52209212587684,33.515848850467364,5.357518850467386,28.158329999999978,8.617497715477782,-0.096875,3.875,10.37998097226226
2022-03-24,23.604460000000017,9.557240000000036,-3.9790399999999977,1.4701081672821488,0.6108323537109186,20.107200520993047,33.03264816728216,5.4491481672821465,27.583500000000015,8.88598012934051,-0.2625,10.5,10.102133312754445
2022-03-25,22.74508000000003,9.695300000000032,-5.6947999999999865,1.626032577638398,0.7862789586317263,21.15689153627011,35.7607125776384,7.3208325776383845,28.439880000000016,7.563931369311888,-0.75625,30.25,1.0085443565843397
2022-03-26,23.665800000000047,10.519600000000025,-4.201729999999998,1.6901172966223612,0.6056037189198378,19.64365101554222,33.759377296622404,5.891847296622359,27.867530000000045,8.506702696626462,-2.75,110.0,4.4523084317638215
2022-03-27,25.287440000000004,9.48580000000004,-3.6369399999999814,1.1762216676946196,0.7227073490863631,21.337509016780928,33.737541667694586,4.813161667694601,28.924379999999985,8.462032214138503,-0.0,0.0,4.674739224354147
2022-03-28,25.910360000000026,9.938379999999995,-4.79159999999996,1.0498276844650718,0.651296524399072,22.464704208864134,36.54338768446502,5.841427684465032,30.701959999999985,7.037735854381594,-0.0,0.0,5.139871181219175
2022-03-29,25.861720000000048,10.12026000000003,-4.440619999999967,1.1734101927806364,0.6940319759967792,22.0495221687774,35.91637019278062,5.614030192780604,30.302340000000015,7.348955739883081,-0.003125,0.125,10.63239847823923
2022-03-30,25.39047000000005,10.068050000000028,-4.299499999999966,1.2574392426661802,0.72316284813013,21.6025220907963,35.24690924266616,5.556939242666147,29.689970000000017,7.699983829936684,-0.08125,3.25,11.332416150285415
2022-03-31,24.809900000000027,10.30260000000004,-4.007149999999967,1.382293068217507,0.6101234821759363,20.506866550393397,34.20649306821747,5.389443068217474,28.817049999999995,8.240285779679994,-0.225,9.0,14.580764741974876
2022-04-01,24.162869999999998,9.766500000000008,-2.477199999999982,1.3969107700301606,0.6986611364209239,18.969141906451057,30.514180770030123,3.8741107700301427,26.64006999999998,10.118188051994025,-0.3,12.0,8.22377854835834
2022-04-02,24.165250000000015,9.396749999999997,-3.6282999999999674,1.3721904107459295,0.6259652840485046,20.39495569479442,32.79404041074588,5.000490410745897,27.793549999999982,8.979189250208208,-0.43125,17.25,3.916860796417713
2022-04-03,25.277120000000025,9.350670000000036,-5.650919999999985,0.8879892030948326,0.45381381688235933,22.919173019977165,37.46694920309483,6.538909203094818,30.92804000000001,6.60732235350946,-0.0,0.0,1.1867081403843671
2022-04-04,24.970180000000028,9.85232000000002,-5.284949999999981,0.972284912620637,0.4615913623096617,21.836686274930287,36.512364912620626,6.257234912620618,30.25513000000001,7.095716061798214,-0.046875,1.875,4.908263895028181
2022-04-05,24.140340000000037,9.044849999999997,-3.989779999999996,0.7664937242491305,0.13516617652624063,19.986929900775408,32.88639372424916,4.756273724249127,28.130120000000034,8.958926661710905,-0.0,0.0,5.647254916964052
2022-04-06,25.61605000000003,9.54507000000001,-4.977999999999952,0.7447891206100508,0.3402005539737729,22.133969674583795,36.316839120609984,5.7227891206100026,30.59404999999998,7.171048671027052,-0.0,0.0,1.5952746584044513
2022-04-07,25.980680000000007,9.93795,-5.162199999999984,0.6057598193257263,0.24146046880059657,22.052150288126313,36.9108398193257,5.767959819325711,31.14287999999999,6.861238668213673,-0.0,0.0,5.514920786180404
2022-04-08,25.19064000000003,9.60775000000001,-5.748879999999986,1.0938361646332737,0.42766946121884075,22.85327562585212,37.782236164633275,6.842716164633259,30.939520000000016,6.446869916509229,-0.0,0.0,2.3058638692648032
2022-04-09,25.840779999999995,9.71392000000003,-4.561469999999986,0.9554069886585239,0.5911335198717325,22.234870508530207,35.91912698865849,5.51687698865851,30.40224999999998,7.355245144227979,-0.03125,1.25,1.7940990951809217
2022-04-10,24.908100000000047,9.108120000000042,-4.810769999999991,0.978686379711462,0.5530938925399482,22.142530272251406,35.50832637971149,5.789456379711453,29.718870000000038,7.6006997410481745,-0.0,0.0,1.860919477192293
2022-04-11,26.002340000000004,9.896500000000003,-4.455600000000004,1.0412743903100363,0.6475874661978196,22.25030185650786,35.95481439031005,5.49687439031004,30.457940000000008,7.328630646559077,-0.0,0.0,4.9199491795051795
2022-04-12,24.6918,9.844600000000014,-4.87851999999998,1.296135116372568,0.6845802593813346,21.70643537575387,35.74497511637253,6.1746551163725485,29.57031999999998,7.480476369102348,-0.0,0.0,2.1807799717272007
2022-04-13,20.66410000000002,10.910730000000001,-6.441139999999962,2.0555188074368402,0.9094445578626278,19.159473365299448,35.60189880743678,8.496658807436802,27.10523999999998,7.760172974626926,-10.0,1353.25,4.257230352667222
2022-04-14,22.801420000000007,10.40667000000002,-4.959900000000005,1.926128946957249,0.8727388164626859,20.153517763419927,34.647348946957266,6.8860289469572535,27.761320000000012,8.097141747837952,-10.0,534.625,9.458832704052115
2022-04-15,23.02212000000003,10.322870000000023,-5.282699999999977,1.7852787914972623,1.0238195661139002,20.791048357611146,35.372798791497246,7.067978791497239,28.304820000000007,7.730486660172289,-8.871875,354.875,13.435039312877706
2022-04-16,23.97994,10.697260000000028,-5.023469999999975,1.632287216178554,0.868052455386362,20.80648967156486,35.6591672161785,6.655757216178529,29.003409999999974,7.542783923159675,-2.059375,82.375,7.920196620078048
2022-04-17,21.164150000000006,10.006200000000035,-5.538669999999968,1.872272205677973,1.0128876000407558,19.581779805718668,34.113762205677915,7.410942205677941,26.702819999999974,8.481080073041937,-10.0,848.875,8.458633273616666
2022-04-18,22.651640000000043,9.999930000000006,-4.745199999999954,1.871370428025216,1.0388110422305203,20.307091470255727,34.01341042802517,6.61657042802517,27.396839999999997,8.427308979485872,-10.0,679.0,4.73984962556228
2022-04-19,24.450770000000034,9.681420000000003,-5.66395,1.4542880925702661,0.883902794514654,22.77149088708495,37.2329580925703,7.118238092570266,30.114720000000034,6.741655500058755,-5.521875,220.875,0.8270351903565952
2022-04-20,26.295000000000016,10.52337,-4.996679999999969,1.1567493147362597,0.6990074434640974,22.624066758200343,37.445109314736214,6.153429314736229,31.291679999999985,6.568864931460496,-0.025,1.0,7.526846132474259
2022-04-21,25.665200000000027,10.237500000000011,-3.7199999999999704,1.1983135207731834,0.640695400481718,20.986708921254888,34.30351352077315,4.918313520773154,29.385199999999998,8.1623903349697,-0.0,0.0,3.3689006700375534
2022-04-22,24.363920000000007,10.498000000000047,-4.638919999999985,1.3684746239853212,0.34470666676566,20.218021290750926,35.0102346239853,6.007394623985306,29.002839999999992,7.861524652133539,-0.0,0.0,4.5320785024012125
2022-04-23,24.164030000000025,10.019040000000018,-4.101419999999962,1.1730648159141879,0.012868858127433214,19.43234367404159,33.53993481591414,5.27448481591415,28.265449999999987,8.61606151687107,-0.0,0.0,2.176085001158594
2022-04-24,26.714,10.724199999999996,-5.6890300000000025,0.8451654727364826,0.39417053772530153,22.91816601046179,38.937225472736486,6.534195472736485,32.40303,5.816096018158021,-0.0,0.0,4.58254790045421
2022-04-25,26.67996000000005,10.606100000000026,-5.258999999999958,1.0811667118444461,0.6902941792691308,23.10432089111356,38.27912671184441,6.340166711844404,31.93896000000001,6.141536596947731,-0.0,0.0,1.4116057187164728
2022-04-26,26.38516000000004,10.471900000000005,-5.907019999999989,1.2261559973523504,0.7889175718079287,23.835353569160304,39.42535599735237,7.133175997352339,32.29218000000003,5.573513211005718,-0.0,0.0,3.5426040424733944
2022-04-27,27.039450000000045,10.978400000000022,-4.9196999999999775,1.2624443597733261,0.8564698283464054,23.099664188119732,38.141294359773326,6.182144359773304,31.959150000000022,6.194404957221536,-0.0,0.0,3.190892060768636
2022-04-28,26.352800000000002,10.292930000000013,-5.033399999999972,1.2179575901458293,0.7908286343879354,23.102056224533726,37.637557590145775,6.251357590145801,31.386199999999974,6.46888660734345,-0.0,0.0,3.065319968050122
2022-04-29,28.089620000000025,11.604460000000017,-5.842749999999967,0.9437870190278659,0.5791395591474497,23.85083657817529,40.718907019027824,6.786537019027833,33.93236999999999,4.886905552852227,-0.0,0.0,2.5746996165124547
2022-04-30,26.883260000000007,11.132069999999999,-4.784400000000005,1.2530587519752316,0.7850379987401084,22.573686750715353,37.70511875197525,6.037458751975237,31.667660000000012,6.41782523290982,-0.0,0.0,4.542907010178946
2022-05-01,25.090000000000032,10.557460000000049,-4.435399999999959,1.802155422963608,1.206763174726973,21.976858597690523,35.76295542296356,6.237555422963567,29.52539999999999,7.4297368383329285,-10.0,415.25,4.323034525347462
2022-05-02,26.225340000000017,10.289300000000026,-6.181099999999958,1.213546706682962,0.8195390258788962,24.150225732561807,39.801086706682895,7.39464670668292,32.406439999999975,5.392160520927746,-0.0,0.0,4.649568104239436
2022-05-03,25.41055,10.922200000000032,-5.560999999999979,1.5733069901258432,0.9632752055863989,22.58593219571219,38.1058569901258,7.134306990125822,30.97154999999998,6.256695412216459,-1.425,57.0,3.7468602919732805
2022-05-04,21.55880000000002,10.985100000000045,-3.2998000000000047,2.0992447343077743,1.192941242875463,17.165685977183216,30.257644734307803,5.399044734307779,24.858600000000024,10.359898421403159,-10.0,1462.625,4.186464296863076
2022-05-05,21.468530000000044,11.018000000000029,-4.073739999999987,2.0842975918580464,1.1410882430167817,17.74965583487483,31.700307591858063,6.158037591858033,25.54227000000003,9.646755922444015,-10.0,1612.375,4.249104526568844
2022-05-06,23.105980000000045,10.43530000000004,-4.981149999999957,1.763223979183124,0.6900491979918684,20.105103177174954,34.83150397918308,6.744373979183081,28.087130000000002,7.997965772493785,-4.5125,180.5,1.8904556789384972
2022-05-07,25.335350000000005,11.30364000000003,-5.5902999999999565,1.3340930096465513,0.6219237343552777,21.57802674400176,37.85004300964647,6.924393009646508,30.925649999999962,6.397088037446167,-1.665625,66.625,2.277608104160505
2022-05-08,24.208950000000016,10.979970000000037,-4.535379999999975,1.7013349030600011,1.049896434048776,20.51559133710873,34.98104490305997,6.236714903059976,28.74432999999999,7.866668592009148,-2.940625,117.625,5.0098800185612875
2022-05-09,24.70270000000005,10.689660000000003,-5.062749999999994,1.583740300988893,0.6482102688161717,21.307740569805105,36.41194030098893,6.646490300988887,29.765450000000044,7.133843019043923,-5.246875,209.875,7.869372534939501
2022-05-10,20.99105000000003,9.806880000000035,-3.4548999999999523,2.0742545443414997,0.15803677838459862,16.871361322726045,29.975104544341434,5.529154544341452,24.445949999999982,10.5455306531112,-10.0,755.5,18.254752736205678
2022-05-11,18.32086000000004,8.894920000000013,-1.8238999999999805,1.9002723295898818,0.42174874507225013,13.571861074662138,23.86893232958988,3.7241723295898623,20.14476000000002,13.85672464773296,-1.6,64.0,21.990054323102147
2022-05-12,17.59014000000002,11.010400000000004,-1.649759999999958,2.101461895400689,1.325387742796579,11.656349638197241,22.991121895400624,3.751221895400647,19.239899999999977,14.351396677987452,-0.346875,13.875,14.737771364767385
2022-05-13,20.828120000000013,11.986300000000028,-1.5996999999999844,2.174655475407178,1.1479653920965234,13.76414086750367,26.20217547540716,3.7743554754071624,22.427819999999997,12.43603678269136,-9.675,387.0,7.45435402452706
2022-05-14,22.375879999999995,11.456380000000024,-2.9995499999999993,2.203013069192423,1.1021792420686438,17.224242311261037,30.577993069192416,5.202563069192422,25.375429999999994,10.136202592416225,-10.0,954.375,9.721666368197832
2022-05-15,21.71816000000001,11.520780000000002,-3.087159999999983,2.1299962203166274,1.0636330634469573,16.478169283763577,30.022476220316605,5.21715622031661,24.805319999999995,10.463783608166693,-10.0,1617.375,12.617632115323035
2022-05-16,21.288260000000037,11.877650000000017,-2.8250999999999635,2.1890195184076333,1.1162852032427963,15.541014721650413,29.127479518407597,5.014119518407597,24.11336,10.937038204256794,-10.0,1565.25,8.552829623274057
2022-05-17,20.511250000000018,11.766200000000026,-2.345199999999977,2.2626096197961942,1.0822892653961844,14.435148885192348,27.464259619796167,4.607809619796171,22.856449999999995,11.821425849465811,-10.0,1291.625,15.084216028979453
2022-05-18,19.83065000000005,11.451999999999998,-2.0508499999999685,2.1943499548934824,0.959722754257939,13.58357270915144,26.126699954893468,4.245199954893451,21.881500000000017,12.55405995297366,-2.5375,101.5,13.827031424411468
2022-05-19,15.977400000000046,10.67285000000004,-1.1079199999999787,1.8304314139972462,1.2229187100704166,9.465820124067648,20.02367141399725,2.938351413997225,17.085320000000024,16.056394101525456,-0.03125,1.25,14.899792481585306
2022-05-20,18.89190000000002,10.412320000000022,-3.311499999999967,2.0458507353935147,1.0980115346956723,14.934942270089152,27.56075073539347,5.3573507353934815,22.203399999999988,11.93780449481659,-1.25625,50.25,5.095021353522014
2022-05-21,19.25,9.923940000000016,-3.1389800000000037,1.7542973476259363,0.9982925863954506,15.217629934021375,27.282257347625944,4.89327734762594,22.388980000000004,12.072175224775776,-0.0,0.0,6.382340892697889
2022-05-22,19.92867000000001,10.728850000000023,-3.8531999999999584,2.03693462026564,0.8505031274821135,15.9404577477477,29.672004620265568,5.890134620265599,23.78186999999997,10.787563483360032,-10.0,452.75,8.58427746109956
2022-05-23,23.118070000000046,12.311730000000011,-2.0624499999999557,1.8440676518975465,-0.3098308143714803,14.403026837526056,29.087037651897504,3.906517651897502,25.18052,10.863783869834549,-5.034375,201.375,7.989217436967354
2022-05-24,22.80758000000003,11.447840000000042,-3.3550500000000056,1.8750569581483205,0.12811194658007707,16.71795890472839,31.39273695814836,5.230106958148326,26.162630000000036,9.727728729442902,-7.234375,289.375,6.186180586492512
2022-05-25,21.882560000000012,10.993160000000046,-3.9370999999999867,1.9382174395513516,0.5475216128199349,17.31223905237124,31.694977439551337,5.875317439551338,25.81966,9.632126853148918,-10.0,538.5,1.5364640461830996
2022-05-26,22.033960000000036,10.408140000000003,-4.823199999999986,1.9073781022564162,0.637180604590526,18.99357870684696,33.587738102256424,6.730578102256402,26.85716000000002,8.67766680090324,-10.0,509.75,5.325340918653093
2022-05-27,22.546230000000037,9.853780000000029,-4.868999999999971,1.6559920194804931,0.8240437673329097,20.041485786813382,33.94022201948047,6.5249920194804645,27.415230000000008,8.485902563724721,-0.559375,22.375,2.961128652800829
2022-05-28,22.136320000000012,10.438649999999996,-4.187299999999993,1.6746209883145298,0.5809176584135685,18.140508646728108,32.18554098831453,5.861920988314523,26.323620000000005,9.389243106194158,-0.446875,17.875,3.647473833306385
2022-05-29,21.870480000000043,10.633540000000039,-4.2961199999999735,1.7321670047221005,0.4154442549227042,17.680671259644782,32.19488700472209,6.028287004722074,26.166600000000017,9.39898529335494,-0.11875,4.75,1.540096547250088
2022-05-30,21.74935000000005,11.053800000000024,-3.9744999999999777,1.968168089666733,0.6159113881897156,17.254129477856452,31.666518089666738,5.942668089666711,25.723850000000027,9.653689286652195,-5.253125,210.125,1.5921365307515143
2022-05-31,21.855680000000007,10.5505,-4.723599999999976,2.0332853152904136,0.781101368554971,18.843166683845368,33.33616531529037,6.75688531529039,26.579279999999983,8.806028851918654,-10.0,685.25,3.6280258980291777
2022-06-01,20.497130000000027,10.962500000000034,-5.102899999999977,2.106264002671196,0.8132270526767797,17.557021055347946,32.80919400267118,7.209164002671173,25.600030000000004,9.16457043427971,-10.0,1481.75,11.6721218400547
2022-06-02,22.666770000000042,11.152060000000006,-4.978739999999959,1.970205230448073,0.4869194744637184,18.950574704911787,34.594455230448034,6.948945230448032,27.64551,8.128203233498255,-10.0,424.5,9.013530358189817
2022-06-03,24.305870000000027,12.06713000000002,-4.800799999999981,2.107615366792629,0.5485110628745247,19.695666429667142,36.01508536679262,6.90841536679261,29.10667000000001,7.319279801739583,-10.0,1745.0,7.847340387170475
2022-06-04,23.918660000000045,10.916280000000029,-4.933779999999956,1.9179825413588105,0.8693024729129206,20.723445014271704,35.70420254135877,6.851762541358767,28.85244,7.506536424615035,-10.0,1187.0,2.972093380017371
2022-06-05,22.32990000000001,11.163200000000018,-4.563269999999989,2.0181584981911556,0.9683697496743093,18.716498247865445,33.47459849819114,6.581428498191144,26.893169999999998,8.70625408650045,-10.0,990.75,12.342645719018334
2022-06-06,22.131160000000023,10.639980000000037,-4.962379999999996,1.7661734243040428,0.46136128824633715,18.68109471255036,33.82209342430406,6.728553424304039,27.09354000000002,8.564982849088096,-7.48125,299.25,6.874661258220793
2022-06-07,20.701040000000035,10.45297000000005,-4.565399999999954,1.9526919570633368,0.6518918918629311,17.418053848926206,31.78453195706328,6.518091957063291,25.26643999999999,9.67522437113405,-10.0,638.75,12.09979937874955
2022-06-08,21.480500000000006,11.37435000000005,-5.0230999999999995,1.9933492986681358,0.7195075404561635,17.842106839124256,33.52004929866814,7.016449298668135,26.503600000000006,8.74321077762579,-10.0,407.0,8.519067163937587
2022-06-09,22.043240000000026,10.799160000000029,-4.757360000000006,1.8417682973652632,0.7593392679283397,18.602547565293605,33.3997282973653,6.599128297365269,26.80060000000003,8.776413382699843,-2.075,83.0,7.539893217988252
2022-06-10,20.845730000000003,11.29708000000005,-4.600649999999973,1.918194760070378,0.3799535294799625,16.447448289550266,31.965224760070328,6.518844760070351,25.446379999999976,9.575545187269483,-0.2125,8.5,7.764370093205167
2022-06-11,20.653160000000014,10.555470000000014,-4.947729999999979,1.9700043370471576,0.6686731701207123,17.68409750716785,32.51862433704713,6.917734337047136,25.600889999999993,9.31055659779014,-1.875,75.0,7.246421995841047
2022-06-12,20.55343000000005,10.118250000000046,-4.043619999999976,2.088694696981463,0.9375044833536776,17.50499918033512,30.729364696981463,6.132314696981439,24.597050000000024,10.201657650721302,-10.0,748.625,8.62276773876254
2022-06-13,21.60250000000002,10.569500000000005,-4.520119999999963,1.8210029002714236,0.519169512275937,17.89329241254734,32.46374290027137,6.341122900271387,26.122619999999984,9.277458702272384,-0.5625,22.5,6.999514479085992
2022-06-14,21.856650000000002,10.384060000000034,-4.151160000000004,2.0119257532892902,0.9427340756696481,18.57840982895891,32.1708957532893,6.163085753289295,26.007810000000006,9.390324048328921,-10.0,1026.625,9.10706372852423
2022-06-15,20.863730000000032,10.690500000000043,-3.5733399999999733,1.910444551593514,0.7678524380716567,16.424866989665134,29.920854551593493,5.483784551593487,24.437070000000006,10.596840374431167,-1.0375,41.5,5.886592080752787
2022-06-16,20.695400000000006,10.490080000000034,-3.8663399999999797,2.0539610478815007,0.8340931702770149,16.959714218158467,30.482041047881467,5.92030104788148,24.561739999999986,10.317797505413637,-10.0,1009.0,11.878749646010222
2022-06-17,21.315500000000043,10.223600000000033,-3.5696499999999673,2.0039321593842487,1.0222043929720712,17.687686552356297,30.458732159384226,5.573582159384216,24.88515000000001,10.285968503039157,-6.8375,273.5,6.257070458287605
2022-06-18,19.72192000000001,10.372430000000008,-3.261359999999968,2.114231322337048,1.1024927491645826,15.827574071501601,28.358871322336995,5.375591322337016,22.98327999999998,11.4556389225599,-10.0,431.5,7.7782582878933315
2022-06-19,21.026100000000042,10.474800000000016,-3.8983799999999746,2.0382339653939994,0.9522119766864989,17.4401259420805,30.86109396539399,5.936613965393974,24.924480000000017,10.103008003374555,-10.0,1141.875,5.320078902833152
2022-06-20,19.90154000000001,10.212600000000009,-3.7478699999999776,2.0154930645095988,1.2039310864450385,16.656234150954617,29.412773064509565,5.763363064509576,23.64940999999999,10.921588534318005,-10.0,840.0,5.345543103888421
2022-06-21,18.516999999999996,10.33474000000001,-4.013899999999978,1.9816375038799947,0.8546958758652181,15.032493379745176,28.526437503879947,5.995537503879973,22.530899999999974,11.499717659179339,-3.75625,150.25,8.332134708516701
2022-06-22,19.77188000000001,10.353080000000034,-4.666999999999973,1.95986178832743,0.9615172961438248,17.007179084471204,31.065741788327387,6.626861788327403,24.438879999999983,10.112369044011075,-2.85625,114.25,3.3760284543107186
2022-06-23,19.355070000000012,10.831720000000018,-4.160439999999994,2.0532572145251606,0.8274670379204849,15.564514252445633,29.72920721452516,6.213697214525155,23.515510000000006,10.809241626941116,-3.45625,138.25,5.476948511427108
2022-06-24,19.767100000000028,11.440400000000011,-4.266199999999969,1.9717058797695017,0.9232756479477189,15.487881527717207,30.271205879769468,6.237905879769471,24.033299999999997,10.509020213465021,-0.675,27.0,4.847836964623811
2022-06-25,18.837980000000016,10.120020000000011,-3.8648399999999583,1.9756222546135405,0.5763609691134661,15.13478322372697,28.543282254613473,5.840462254613499,22.702819999999974,11.459215008931892,-0.06875,2.75,9.151494958380178
2022-06-26,20.350030000000004,9.750630000000001,-5.082679999999982,1.8191834779231613,0.5958821967454924,18.09714567466864,32.33457347792313,6.901863477923143,25.432709999999986,9.440780940611887,-0.00625,0.25,5.198168839423765
2022-06-27,20.07420000000002,9.908780000000036,-3.5244500000000016,1.8891436078523043,0.7824736965386592,16.36148730439095,29.012243607852326,5.413593607852306,23.59865000000002,11.119635577339636,-0.19375,7.75,7.274008026750001
2022-06-28,19.40255000000002,10.512960000000021,-4.094179999999994,1.9332498881415177,0.9353107581244444,15.852330646265955,29.524159888141526,6.027429888141512,23.496730000000014,10.9196090733912,-0.33125,13.25,2.706025397865239
2022-06-29,19.30227000000002,10.83456000000001,-3.7157699999999636,2.1973691321986735,0.9351569824444255,15.316006114643073,28.931179132198622,5.913139132198637,23.018039999999985,11.198802452616576,-10.0,415.75,9.228473452003302
2022-06-30,19.492729999999995,10.70272,-3.2308699999999817,2.1363989875620177,1.1742713467827457,15.33155033434474,28.090868987561976,5.367268987561999,22.723599999999976,11.606964287416929,-10.0,605.375,5.060394841785896
2022-07-01,19.411159999999995,11.236140000000034,-3.749849999999981,2.0556110210924317,1.1594649927030787,15.139946013795452,28.96647102109239,5.8054610210924125,23.161009999999976,11.184827049714897,-3.6,144.0,9.373609751274065
2022-07-02,19.647550000000024,11.203100000000006,-3.0519499999999766,2.045281289116076,0.964568803856082,14.506250092972152,27.796731289116053,5.097231289116053,22.6995,11.750227390941632,-7.375,295.0,4.137284471940389
2022-07-03,19.46383000000003,10.607320000000016,-3.4980999999999653,1.994155819194816,1.0841440240666316,15.432909843261427,28.454185819194777,5.4922558191947815,22.961929999999995,11.442936150690684,-0.34375,13.75,8.11439703463204
2022-07-04,18.931330000000003,10.996000000000038,-3.3909400000000005,2.079028151499415,0.8442252490142437,14.249523400513624,27.79223815149942,5.469968151499415,22.322270000000003,11.814805557116472,-2.875,115.0,2.542695260495249
2022-07-05,17.365319999999997,10.954679999999996,-2.742399999999975,2.0619738869922912,0.8241984015534172,12.039212288545684,24.91209388699224,4.804373886992266,20.107719999999972,13.419337217177258,-1.83125,73.25,5.087121305611503
2022-07-06,17.670920000000024,10.744529999999997,-3.89549999999997,1.996623515516717,0.7959759651614604,13.614489480678174,27.45854351551668,5.892123515516687,21.566419999999994,12.12061316243404,-3.11875,124.75,5.2231022058855805
2022-07-07,17.471370000000036,9.679300000000012,-3.926400000000001,1.9675982114201247,1.0119364714899461,14.698004682910096,27.291768211420163,5.893998211420126,21.397770000000037,12.229416168460943,-2.0875,83.5,4.971045490432269
2022-07-08,17.929100000000005,9.930720000000008,-3.732399999999984,1.967619018615892,0.9275850964139636,14.625984115029837,27.361519018615866,5.700019018615876,21.66149999999999,12.144597715122416,-0.134375,5.375,6.616804789453658
2022-07-09,17.603940000000023,10.184529999999995,-4.078899999999976,2.025685733751345,0.9945385022226105,14.51853423597396,27.78742573375132,6.104585733751321,21.68284,11.960451310986002,-2.725,109.0,1.8187300239916977
2022-07-10,17.57516000000004,9.820060000000012,-4.062749999999994,2.028206750666868,0.6365167190330112,14.4825734696999,27.728866750666896,6.090956750666862,21.637910000000034,11.99260859265172,-5.1125,204.5,6.643448164935812
2022-07-11,17.586080000000038,9.556630000000041,-4.70229999999998,1.960442401768148,0.6123213185890108,15.304513720357136,28.951122401768146,6.662742401768128,22.288380000000018,11.387796428233628,-4.50625,180.25,1.6907541195013434
2022-07-12,18.432299999999998,10.02914000000004,-3.606399999999951,1.931198640441096,0.7212209191098395,14.661979559550844,27.576298640440996,5.537598640441047,22.03869999999995,11.988625402462105,-0.05625,2.25,3.7667373188488273
2022-07-13,17.45858000000004,10.101220000000012,-4.037999999999954,1.987708165273716,0.7144542492936807,14.09752241456738,27.522288165273665,6.02570816527367,21.496579999999994,12.11324607580434,-1.746875,69.875,1.402337148162817
2022-07-14,17.892629999999997,9.65807000000001,-2.981999999999971,1.912440552104954,0.8952513051021924,14.024251857207105,25.769070552104893,4.894440552104925,20.874629999999968,12.950761323858728,-0.315625,12.625,5.631443375748355
2022-07-15,18.253870000000006,10.333640000000003,-3.6729499999999575,1.9231411968443695,0.8833923802550885,14.39971357709942,27.52291119684429,5.596091196844327,21.926819999999964,12.033742421193267,-0.0,0.0,5.410972046612258
2022-07-16,17.87655000000001,10.60354000000001,-3.945959999999957,2.0654149634995633,1.2689055228232178,14.553290486322737,27.833884963499486,6.01137496349952,21.822509999999966,11.902358057586355,-3.9,156.0,7.052430741272566
2022-07-17,19.489280000000008,10.524440000000027,-4.4012500000000045,2.0405583423977873,1.2259316652606458,16.63258000765842,30.332338342397804,6.441808342397792,23.890530000000012,10.49680131787818,-10.0,412.0,6.973415267058005
2022-07-18,18.35170000000005,10.041930000000036,-4.330879999999979,1.9733746956715095,0.9846793743466264,15.59870407001813,28.98683469567152,6.304254695671489,22.68258000000003,11.286663459544798,-3.11875,124.75,8.051073588590484
2022-07-19,20.845880000000022,11.01687000000004,-2.5518599999999765,2.0261496768592906,0.7951378291760989,15.202157506035348,27.975749676859266,4.578009676859267,23.39774,11.561321826166704,-1.6125,64.5,8.63788191963578
2022-07-20,20.242639999999994,10.636470000000031,-3.7579700000000003,2.023180444102252,0.919962208016841,16.307282652119056,29.781760444102247,5.781150444102252,24.000609999999995,10.707956058710465,-10.0,637.25,3.978946355722196
2022-07-21,20.554380000000037,11.108330000000024,-4.031649999999956,2.0867838329165806,0.9884039067522394,16.55288773966879,30.70446383291653,6.118433832916537,24.586029999999994,10.214228778769211,-8.03125,321.25,6.206914650693127
2022-07-22,18.954430000000002,10.220799999999997,-4.410769999999957,2.0353569042467825,0.93436617064458,16.114123074891324,29.811326904246698,6.446126904246739,23.36519999999996,10.808029258919817,-3.3375,133.5,2.7602745709028707
2022-07-23,18.721150000000023,9.927300000000002,-5.086999999999989,1.9761218017844158,0.7904565413060709,16.647428343090496,30.871271801784417,7.063121801784405,23.808150000000012,10.307031815717437,-3.175,127.0,5.040915663258722
2022-07-24,19.12515000000002,9.792840000000012,-4.670839999999998,1.8997064338608993,0.6516787594210882,16.554535193281993,30.366536433860915,6.570546433860898,23.795990000000018,10.527935631819219,-1.3625,54.5,3.7824630655988605
2022-07-25,19.450919999999996,10.23782,-4.4379599999999755,1.9832511530079842,0.5467931483628377,16.181104301370794,30.31009115300793,6.42121115300796,23.888879999999972,10.517242557409418,-4.33125,173.25,6.2741062541559645
2022-07-26,18.93652000000003,9.495720000000006,-4.515969999999982,1.8807288070315167,0.6638582136291689,16.50135702066069,29.84918880703151,6.396698807031498,23.45249000000001,10.806994198333712,-4.4875,179.5,10.523759682801497
2022-07-27,19.810900000000004,10.279780000000017,-3.729559999999992,2.084035600736968,1.0505316896908994,16.395247290427847,29.354055600736956,5.81359560073696,23.540459999999996,10.953052544713955,-10.0,568.5,6.203863993207519
2022-07-28,21.373500000000035,10.637300000000039,-4.014749999999992,2.1084594598009403,0.8169131090871815,17.67632256888811,31.51145945980096,6.123209459800933,25.388250000000028,9.746285881127335,-10.0,684.25,10.900553432766669
2022-07-29,21.010400000000004,10.715570000000014,-3.9055799999999863,2.172536559688524,0.8512593273121638,17.224205887000664,30.9940965596885,6.07811655968851,24.91597999999999,10.025982544609803,-10.0,2017.0,9.026492700087939
2022-07-30,21.80170000000004,10.997920000000022,-3.5810599999999795,2.1485695599590713,0.7060870186516581,17.239496578610726,31.11238955995907,5.729629559959051,25.38276000000002,9.911693107410713,-10.0,1411.75,6.72223685921866
2022-07-31,20.80590000000001,11.07913000000002,-3.905499999999961,2.1096916875378042,0.841671097263827,16.58363278480158,30.726591687537734,6.015191687537765,24.71139999999997,10.181660532578405,-10.0,1210.75,8.349160830952023
2022-08-01,20.885280000000023,10.937100000000044,-3.523959999999988,2.1260382804453,1.0008307973141655,16.599009077759433,30.0592382804453,5.649998280445288,24.40924000000001,10.507565490811487,-10.0,564.75,8.865283702030471
2022-08-02,19.84396000000004,10.617500000000007,-3.974649999999997,2.1448543470573327,0.763020863471013,16.108985210528374,29.938114347057365,6.11950434705733,23.818610000000035,10.65213343544184,-10.0,776.5,8.681757155472813
2022-08-03,18.878800000000012,10.501920000000041,-3.6660999999999717,2.176158356237579,0.9891676694854254,15.208306025722948,28.387158356237535,5.842258356237551,22.544899999999984,11.512707873630234,-10.0,463.25,2.694648294437916
2022-08-04,18.262260000000026,10.546870000000013,-3.384739999999965,2.1625574613620984,1.091880741865623,14.3545682032277,27.194297461362055,5.547297461362064,21.64699999999999,12.171963880045325,-5.90625,236.25,1.759247264703609
2022-08-05,17.130300000000034,10.487660000000005,-3.863399999999956,2.0098341788840344,0.9438949881783856,13.459769167062404,26.86693417888398,5.87323417888399,20.99369999999999,12.475324948224568,-0.96875,38.75,8.2256547705098
2022-08-06,17.767179999999996,9.93783000000002,-3.1576299999999833,2.0323089806547614,1.0259316775442358,14.045220658198957,26.114748980654724,5.189938980654745,20.92480999999998,12.777797079720926,-0.84375,33.75,2.9964356586286875
2022-08-07,18.270470000000046,10.6019,-2.9590199999999527,2.0752801461949844,0.870597406960826,13.573467553155808,26.263790146194935,5.034300146194937,21.22949,12.64582305164032,-0.3375,13.5,1.5799676881050442
2022-08-08,18.042140000000018,10.022850000000005,-2.86355999999995,2.038736235846841,0.9937129834290772,13.91529921927588,25.80799623584676,4.902296235846791,20.905699999999968,12.901681095309584,-0.05,2.0,2.846376696733403
2022-08-09,18.233820000000037,9.557950000000005,-1.387239999999963,1.919123891292429,0.7134069665117977,12.695640857804221,22.927423891292392,3.306363891292392,19.62106,14.333875342242493,-0.0125,0.5,1.8328758225313586
2022-08-10,18.901730000000043,9.396450000000016,-0.6437999999999988,1.9123670796662964,0.8708221408875829,12.932269220553906,22.101697079666337,2.556167079666295,19.545530000000042,14.680842032141413,-0.225,9.0,0.9717146703081574
2022-08-11,18.825950000000034,10.554100000000005,-1.4767499999999814,1.971672016013315,0.7296461278695574,12.449918143882883,23.751122016013312,3.4484220160132963,20.302700000000016,13.856825605440463,-0.0,0.0,3.1261615450420983
2022-08-12,20.006250000000023,9.57220000000001,-3.7882399999999734,1.9074322902239942,0.837249279227251,16.966971569451232,29.490162290223964,5.695672290223968,23.794489999999996,10.884907157652663,-0.45,18.0,4.585458694153096
2022-08-13,19.23570000000001,10.097300000000018,-4.157259999999951,1.9328032061094405,0.8488569840341711,16.077320190143553,29.48302320610935,6.090063206109392,23.39295999999996,10.955514353763647,-0.9875,39.5,1.700633765821012
2022-08-14,19.166200000000003,11.910799999999995,-4.343599999999981,1.878012087770344,0.29059524329892383,13.767607331069257,29.73141208777031,6.221612087770325,23.509799999999984,10.843381651375068,-1.2625,50.5,6.599853683851635
2022-08-15,19.41323,11.212199999999996,-4.3583999999999605,1.9268137270083798,0.48633349410931714,14.97257722111766,30.0568437270083,6.28521372700834,23.77162999999996,10.652972697483733,-0.6875,27.5,4.805375347866695
2022-08-16,21.487000000000023,11.391380000000026,-4.386879999999962,1.8089999705121613,0.30867688315817077,16.60017685367029,32.06975997051211,6.195879970512124,25.873879999999986,9.483819808279065,-0.05625,2.25,1.5104699143952691
2022-08-17,21.157830000000047,11.014520000000005,-3.772829999999999,1.80322515146662,0.40476336017246695,16.124128511639128,30.506715151466665,5.576055151466619,24.930660000000046,10.290590603823318,-1.2,48.0,6.967584525649033
2022-08-18,20.920370000000048,10.589380000000006,-3.7177999999999543,1.886233425273815,0.6231714508139703,16.558194876087782,30.24220342527377,5.604033425273769,24.638170000000002,10.434272324443555,-1.55625,62.25,7.039338301342365
2022-08-19,19.358820000000037,10.825400000000002,-3.74309999999997,1.9411362051956758,0.5062972534189498,14.72395345861463,28.786156205195653,5.684236205195646,23.101920000000007,11.291648276266073,-0.18125,7.25,9.320657760763575
2022-08-20,20.055000000000007,10.141400000000033,-3.0366599999999835,1.963333620532012,1.0618407405611379,15.975434361093107,28.091653620531986,4.9999936205319955,23.09165999999999,11.574695316031523,-2.15625,86.25,4.0472733011571735
2022-08-21,18.98977000000002,10.050870000000032,-4.399099999999976,2.1050847193099003,0.9544679818125701,16.397552701122436,29.893054719309873,6.504184719309876,23.388869999999997,10.756255456139684,-10.0,481.0,4.821227676457254
2022-08-22,18.759400000000028,9.999099999999999,-4.233979999999974,1.9818317323263273,1.043451142639526,16.019562874965857,29.209191732326303,6.215811732326301,22.993380000000002,11.133513594040323,-10.0,447.25,5.217594956648031
2022-08-23,18.998680000000036,9.81277,-4.67743999999999,1.9340419232174213,0.8520982351918178,16.649490158409264,30.287601923217437,6.611481923217411,23.676120000000026,10.576421417584129,-4.00625,160.25,10.384714599779254
2022-08-24,19.520530000000008,9.565580000000011,-4.6086199999999735,1.8648836610807962,0.6847802704963897,17.113233931577156,30.60265366108075,6.47350366108077,24.12914999999998,10.376303431411486,-6.99375,279.75,7.279648355488969
2022-08-25,19.21610000000004,9.481400000000008,-4.452599999999961,1.9463735316396082,0.9239810617045805,17.057654593344182,30.06767353163957,6.3989735316395695,23.6687,10.663894254285708,-8.60625,344.25,6.680214624713451
2022-08-26,19.46526,9.827660000000037,-4.1729799999999955,2.007408343401096,0.8913383325802897,16.709326675981345,29.818628343401087,6.180388343401091,23.638239999999996,10.759213366663346,-10.0,857.625,6.722662776141599
2022-08-27,20.236500000000035,9.549950000000024,-5.23452999999995,2.0185461121868116,0.933667938206213,18.873294050392985,32.724106112186746,7.253076112186761,25.471029999999985,9.237740467524759,-10.0,928.0,8.672348362667782
2022-08-28,19.070280000000025,9.801600000000008,-3.3329799999999636,1.9844600580946121,0.7156545212458809,15.301774579340474,27.720700058094565,5.317440058094576,22.40325999999999,11.847901000145612,-5.93125,237.25,5.969338218059747
2022-08-29,19.182100000000048,10.67034000000001,-3.7702999999999633,2.179944031996115,1.0429977565980266,15.505001788594143,28.90264403199609,5.950244031996078,22.95240000000001,11.225900137232827,-10.0,522.75,8.550342037176595
2022-08-30,21.137,11.256950000000018,-3.323859999999968,1.9515087241541096,0.8532971000870475,16.008715824241108,29.736228724154046,5.275368724154077,24.46085999999997,10.665278028703767,-5.28125,211.25,8.763466575598029
2022-08-31,19.92858000000001,10.601530000000025,-4.261499999999955,1.9998043245009853,0.68772443946267,16.276078763963596,30.451384324500907,6.261304324500941,24.190079999999966,10.401723269438037,-10.0,487.5,8.54093324190435
2022-09-01,18.27737000000002,10.340480000000014,-4.715119999999956,1.9118508829151892,0.8965840878955191,15.46044497081067,29.61946088291512,6.6269708829151455,22.992489999999975,10.98445419806211,-5.7,228.0,11.587611081884484
2022-09-02,20.13100000000003,10.44738000000001,-4.057099999999991,1.942614138699355,0.903287834460059,16.586621973159424,30.187814138699366,5.999714138699346,24.18810000000002,10.522011831586553,-0.1375,5.5,8.21592397536326
2022-09-03,20.689720000000023,10.769800000000032,-3.355699999999956,2.123161990529013,0.9572100528425835,16.355992043371543,29.524281990528948,5.478861990528969,24.04541999999998,10.79051709392013,-10.0,609.75,8.38150342699786
2022-09-04,20.365700000000004,11.21368000000001,-3.6169199999999933,2.017437085554093,0.821212534364463,15.607589619918542,29.616977085554083,5.634357085554086,23.982619999999997,10.780082104655094,-10.0,532.0,4.475647273015485
2022-09-05,20.426230000000032,10.770930000000021,-3.6046499999999924,2.0906935109096594,0.9172021301872064,16.26784564109687,29.726223510909676,5.695343510909652,24.030880000000025,10.71365409203446,-10.0,757.5,4.299562707569508
2022-09-06,20.67840000000001,10.038720000000012,-3.794780000000003,2.139295664885765,1.041607576581157,17.615363241466923,30.40725566488578,5.934075664885768,24.473180000000013,10.348301902002106,-10.0,1083.25,5.304251931433338
2022-09-07,18.258200000000045,9.60238000000004,-4.167059999999992,1.9637620291914573,0.9341916824061514,15.720833711597606,28.556082029191487,6.1308220291914495,22.425260000000037,11.512414352048552,-1.35625,54.25,10.205487509357503
2022-09-08,18.220360000000028,10.786159999999995,-4.516579999999976,1.927521990992716,0.807517253713911,14.685819244706636,29.181041990992696,6.444101990992692,22.736940000000004,11.207714259418765,-4.0625,162.5,5.681140069973125
2022-09-09,19.12795,11.748000000000047,-3.246499999999969,2.073414133856602,0.9064385461152824,13.606302679971805,27.69436413385654,5.319914133856571,22.374449999999968,11.846433381156544,-2.1375,85.5,4.260989787703136
2022-09-10,18.47433000000001,10.83892000000003,-3.561869999999999,2.0006256653464902,1.0750601935799864,14.272965858926455,27.598695665346497,5.562495665346489,22.036200000000008,11.965762823023226,-2.61875,104.75,4.836660628892399
2022-09-11,18.83850000000001,10.57498000000004,-4.524399999999957,2.0120518061607413,0.8447032074748222,15.644675013635492,29.899351806160666,6.536451806160699,23.362899999999968,10.777201706183632,-0.0125,0.5,6.3201298962967005
2022-09-12,18.764800000000037,11.135130000000004,-3.0177999999999656,1.954912036911196,0.496063856784815,13.09844589369601,26.755312036911164,4.972712036911162,21.782600000000002,12.362472645686694,-0.0125,0.5,5.675893763851022
2022-09-13,19.42180000000002,10.63766000000004,-2.6907699999999863,1.9575513670050668,0.8995609289625577,14.33202229596759,26.76089136700506,4.648321367005053,22.112570000000005,12.297051780327251,-1.04375,41.75,5.841782975259202
2022-09-14,19.4135,9.700900000000047,-4.101199999999949,1.9120726049068253,0.8947812293193351,16.62065383422606,29.527972604906722,6.013272604906774,23.514699999999948,10.918870902143055,-10.0,412.25,6.820464326625292
2022-09-15,19.376430000000028,10.00120000000004,-4.393469999999979,1.8887988869544756,0.518435333714649,16.17593422066909,30.052168886954462,6.282268886954455,23.769900000000007,10.662435174184566,-2.36875,94.75,6.215948615578623
2022-09-16,19.713220000000035,9.966580000000022,-3.91946999999999,1.876368535393624,0.4111332511781143,15.953611786571742,29.42852853539364,5.795838535393614,23.632690000000025,10.943981626499749,-0.5,20.0,5.651084865997128
2022-09-17,20.167570000000012,10.557280000000048,-5.145240000000001,1.927940982380619,0.38322046657009423,17.066691448950678,32.38599098238063,7.07318098238062,25.312810000000013,9.421038671692429,-3.509375,140.375,3.5764140255929164
2022-09-18,20.50305000000003,9.940150000000017,-4.865579999999966,1.8927505316706856,0.35392842316861106,17.675158954839276,32.12696053167065,6.7583305316706515,25.368629999999996,9.52550304199184,-3.5875,143.5,1.6078038381691877
2022-09-19,18.418600000000026,10.28964000000002,-4.78476999999998,1.9867964580684543,0.663622675138015,15.564149133206456,29.97493645806844,6.771566458068435,23.203370000000007,10.784618151715733,-5.08125,203.25,5.743017788474189
2022-09-20,18.95562000000001,8.893100000000004,-4.9371699999999805,1.7378440180425514,0.6756138784607515,17.41314789650329,30.567804018042523,6.675014018042532,23.89278999999999,10.459451032192817,-0.15,6.0,1.841796435448459
2022-09-21,19.869560000000035,10.402000000000044,-3.855799999999988,1.653920020460248,-0.29381885112769623,14.683461169332531,29.23508002046026,5.509720020460236,23.725360000000023,11.047215284563379,-0.075,3.0,3.848881006834159
2022-09-22,19.804100000000005,10.023160000000018,-3.4633499999999913,1.5034680208038935,-0.7937462661973314,13.95401175460654,28.23426802080388,4.966818020803885,23.267449999999997,11.565951458413906,-0.53125,21.25,5.388673048878334
2022-09-23,18.854060000000004,8.442650000000015,-4.182469999999967,1.7287749695187244,0.7688714765279201,17.0915264460466,28.94777496951866,5.911244969518691,23.03652999999997,11.280633555638644,-1.2,48.0,3.8697847260451184
2022-09-24,19.678200000000004,9.22195000000005,-4.55252999999999,1.7846161147793964,0.67661541270013,17.47001152747947,30.56787611477938,6.337146114779387,24.230729999999994,10.385841352668365,-0.9125,36.5,1.2878447989766664
2022-09-25,20.917230000000018,10.319180000000017,-2.9344199999999887,1.681166632183647,0.6176460078882542,15.83128264007189,28.467236632183642,4.615586632183636,23.851650000000006,11.339410193543756,-0.50625,20.25,4.2172674521166424
2022-09-26,18.76364000000001,9.36895000000004,-3.771829999999966,1.713250939938689,0.6734816561858565,15.55325259612448,28.02055093993863,5.485080939938655,22.535469999999975,11.754788398109042,-2.525,101.0,14.727599634020626
2022-09-27,19.740440000000035,10.208979999999997,-3.698699999999974,1.8986920137180618,0.8779249558575657,16.00677696957564,29.036532013718045,5.597392013718036,23.43914000000001,11.135401397628868,-0.0,0.0,7.65966623182092
2022-09-28,19.564300000000003,9.606300000000033,-3.1907400000000052,1.8525759779113287,1.0171133277364106,16.018429305647715,27.798355977911342,5.043315977911334,22.755040000000008,11.775465584551853,-0.2,8.0,5.421361415479014
2022-09-29,19.969629999999995,10.771749999999997,-4.293769999999995,1.8061175710135444,0.23397200257448958,15.531739573588027,30.36328757101353,6.099887571013539,24.26339999999999,10.460835368319408,-0.00625,0.25,4.936560642848226
2022-09-30,17.350060000000042,8.808500000000038,-4.110749999999996,2.0102326798871104,0.9251330852570732,15.587675765144184,27.581792679887144,6.120982679887106,21.460810000000038,12.09242778592727,-4.809375,192.375,1.8418805005448555
2022-10-01,16.84118000000001,8.832300000000032,-3.7780799999999886,2.0271926074920543,0.9234762592607808,14.7376288667528,26.42453260749204,5.805272607492043,20.619259999999997,12.727066662260142,-6.315625,252.625,5.0480852860184555
2022-10-02,19.189450000000022,9.428740000000005,-4.18723,1.88844082473463,0.27137634292046187,16.10775716765511,29.45235082473465,6.07567082473463,23.37668000000002,10.979598989844135,-4.74375,189.75,4.084450390707887
2022-10-03,19.41708,9.979759999999999,-3.274630000000002,1.8680161379323295,0.14805605366501595,14.728022191597347,27.834356137932332,5.142646137932331,22.69171,11.769716725756496,-0.71875,28.75,8.325659013265678
2022-10-04,19.689660000000003,9.956170000000043,-2.9569999999999936,1.8953152172026648,0.3560005165608686,14.941805733763488,27.498975217202656,4.8523152172026585,22.646659999999997,11.909360969891054,-2.4875,99.5,9.899326958522176
2022-10-05,20.16348000000005,10.206080000000043,-3.8444599999999696,1.9596964733661935,0.5183193874303811,16.27987586079655,29.812096473366182,5.804156473366163,24.00794000000002,10.705478390614076,-10.0,413.0,2.557286355009945
2022-10-06,18.4212,9.310850000000016,-4.5061000000000035,1.8603556365565055,0.7799635604611126,16.256769197017604,29.29375563655651,6.366455636556509,22.927300000000002,11.138435559238928,-3.55,142.0,4.717634140164642
2022-10-07,19.727750000000015,9.577660000000037,-4.143159999999966,1.6192321653196586,-0.11299839602281736,15.799483769296785,29.633302165319606,5.762392165319625,23.87090999999998,10.86413060677819,-0.171875,6.875,3.7679339257245394
2022-10-08,19.659940000000006,9.317960000000028,-4.510839999999973,1.7010902824512186,0.5862578433139447,17.140168125765115,30.38271028245117,6.211930282451192,24.17077999999998,10.488054471581961,-0.203125,8.125,11.62529339197167
2022-10-09,18.24798000000004,10.549300000000017,-4.643599999999992,2.0573212808396875,0.9920197445716781,15.391621025411382,29.592501280839713,6.70092128083968,22.891580000000033,10.98576436157731,-3.853125,154.125,5.230914821894266
2022-10-10,18.799830000000043,10.956870000000038,-4.1456699999999955,2.0908429279696747,0.8785984625635592,14.958071390533235,29.18201292796971,6.23651292796967,22.945500000000038,11.132058470472998,-7.5625,302.5,1.6893593582640254
2022-10-11,18.680780000000027,10.499099999999999,-4.133579999999995,2.039425838036152,1.0572842386944785,15.411970076730654,28.98736583803617,6.173005838036147,22.814360000000022,11.246733538725039,-3.98125,159.25,3.469614414132921
2022-10-12,19.75985000000003,10.12435000000005,-4.516759999999977,2.035176979900484,0.7012305139264186,16.88866749382686,30.828546979900466,6.551936979900461,24.276610000000005,10.225134731402079,-10.0,995.25,3.8274784567426647
2022-10-13,19.266840000000002,9.853229999999996,-4.326759999999979,2.0325215758865056,0.9382809458369366,16.711172521723427,29.952881575886465,6.3592815758864845,23.59359999999998,10.708054566751912,-9.790625,391.625,1.137083120102316
2022-10-14,19.079300000000046,9.844629999999995,-4.254949999999951,1.9946433926909322,0.9559391600852791,16.440202552776213,29.58384339269088,6.249593392690883,23.334249999999997,10.914431871372926,-9.33125,373.25,2.7960557549152294
2022-10-15,19.95953000000003,10.072230000000047,-4.305459999999982,1.9629746372389718,0.8726714653128624,17.0284061025518,30.533424637238966,6.268434637238954,24.26499000000001,10.361868827736998,-7.859375,314.375,4.426205122268764
2022-10-16,19.588700000000017,9.637100000000032,-4.810549999999978,2.054493949758694,0.9024515973371763,17.719095547095833,31.264293949758667,6.865043949758672,24.399249999999995,10.020722618716434,-10.0,1000.25,3.974570304361485
2022-10-17,19.038900000000012,9.86282,-4.581999999999994,1.987125193171778,0.792987327056494,16.53819252022828,30.190025193171778,6.569125193171772,23.620900000000006,10.61594961716088,-7.70625,308.25,7.107487549567665
2022-10-18,19.33892000000003,9.756560000000036,-4.735050000000001,1.8355185220042358,0.7732559496963063,16.926184471700537,30.644538522004268,6.570568522004237,24.07397000000003,10.374941641961641,-10.0,498.5,5.014655611851762
2022-10-19,19.207850000000008,9.580870000000004,-4.650499999999965,1.9809475617399812,0.8569008768023991,17.11532843854235,30.48979756173992,6.631447561739947,23.858349999999973,10.450365298673887,-10.0,698.25,2.576497239447543
2022-10-20,18.408800000000042,9.740840000000048,-5.06723999999997,2.0465993689681454,0.7948378650177688,16.576637233985878,30.589879368968127,7.113839368968115,23.476040000000012,10.471349454267283,-10.0,490.0,0.9808416077470665
2022-10-21,18.69613000000004,8.953580000000045,-5.944299999999998,1.8965200718238293,0.8000540624670975,18.38342413429092,32.481250071823865,7.840820071823828,24.640430000000038,9.51234529290781,-9.59375,383.75,0.960065592619634
2022-10-22,19.452050000000042,9.740080000000034,-4.752419999999972,1.5803078582763987,-0.21124572008966425,15.833452138186715,30.537197858276386,6.332727858276371,24.204470000000015,10.440389010160175,-0.0,0.0,3.5595593652421322
2022-10-23,18.61685,9.398830000000032,-4.342049999999972,1.258879804587707,-0.19513907047900148,14.623810734108645,28.55982980458765,5.600929804587679,22.95889999999997,11.540203575938222,-0.0,0.0,4.191846085570032
2022-10-24,18.287260000000003,11.374630000000025,-5.7777999999999565,0.8456813166350798,-4.712614331712189,8.823496984922826,30.688541316634996,6.623481316635036,24.06505999999996,10.544459826186369,-0.0,0.0,6.591723736928917
2022-10-25,18.368130000000008,12.116450000000043,-4.130799999999965,0.9380119741526869,-4.6067826590950745,6.713709315057542,27.567741974152625,5.068811974152652,22.498929999999973,12.088975903417065,-0.0,0.0,11.585291053035073
2022-10-26,18.832060000000013,12.304960000000051,-4.580150000000003,1.1426409768515668,-4.3383317821724745,7.911559194679057,29.135000976851586,5.72279097685157,23.412210000000016,11.240159867861621,-0.0,0.0,8.520026645899412
2022-10-27,18.99236000000002,10.550070000000005,-2.3010999999999626,1.0281306061295368,-3.625733841776537,8.145786764352977,24.62269060612948,3.3292306061294994,21.293459999999982,13.488396138635096,-0.0,0.0,4.241506055063802
2022-10-28,17.888900000000035,8.141140000000007,-2.4564599999999928,1.700684116571665,0.7503324184592657,14.655236535030951,24.502504116571686,4.157144116571658,20.345360000000028,13.60636416374615,-0.05625,2.25,2.889000639828824
2022-10-29,17.79666000000003,8.516140000000007,-4.0738999999999805,1.8354234008762091,0.9878721347623696,16.177715535638583,27.7798834008762,5.90932340087619,21.87056000000001,11.963922409190786,-0.359375,14.375,4.917001961312766
2022-10-30,18.271659999999997,8.238730000000032,-5.012849999999958,1.735374224884481,0.8452614232842279,17.62641564816863,30.032734224884393,6.748224224884439,23.284509999999955,10.7971084543193,-0.19375,7.75,3.5467129849383765
2022-10-31,19.1259,8.814300000000003,-3.7613299999999867,1.3391236616770357,0.7411169379876696,16.15317059966469,27.98768366167701,5.100453661677022,22.887229999999988,11.767702094318736,-0.0,0.0,4.268499961872551
2022-11-01,16.976040000000012,8.604000000000042,-5.411569999999983,1.8449495803267837,0.8869047586911734,16.51546433901791,29.644129580326762,7.256519580326767,22.387609999999995,11.123266721791424,-2.596875,103.875,1.1618455265055894
2022-11-02,16.315300000000036,8.429830000000038,-5.02267999999998,1.7054565321856785,0.947474982831352,15.561081515017008,28.066116532185674,6.728136532185658,21.337980000000016,12.007431247780119,-0.05625,2.25,9.707944731349045
2022-11-03,16.96646000000004,9.535240000000044,-5.3180999999999585,1.8863256597003328,0.9508541370139483,15.586499796714236,29.48898565970029,7.204425659700291,22.28456,11.197405408606414,-0.01875,0.75,6.12573930441671
2022-11-04,18.216330000000028,8.593960000000038,-5.6988999999999805,1.695613178756787,0.9373184874164053,17.954201666173162,31.309743178756776,7.3945131787567675,23.915230000000008,10.168375863576614,-1.046875,41.875,5.4064591465173635
2022-11-05,18.199100000000044,8.673429999999996,-4.883119999999963,1.749329606636195,0.5983550531360606,16.756474659772266,29.714669606636164,6.632449606636158,23.082220000000007,10.962198109818814,-0.278125,11.125,1.0158075532721653
2022-11-06,18.031270000000006,8.4452,-4.898049999999955,1.7275027844536908,0.7367540748284114,16.948376859282064,29.554872784453607,6.625552784453646,22.92931999999996,11.061356589219201,-0.09375,3.75,4.48460023372613
2022-11-07,19.144000000000005,9.144560000000013,-5.825229999999976,1.143890915951431,-0.47050816103302395,16.498052754918376,31.93835091595139,6.969120915951407,24.969229999999982,9.806478112601951,-0.0,0.0,3.0874563635626515
2022-11-08,19.46610000000004,9.524470000000008,-4.836459999999988,1.4076119054312812,-0.48056210778355535,15.705139797647746,30.546631905431298,6.244071905431269,24.302560000000028,10.449828586582782,-0.0,0.0,6.718620191596628
2022-11-09,19.434900000000027,8.63232000000005,-3.9931699999999637,1.1296302375808978,-0.07460392594589393,15.850776311634945,28.550870237580853,5.1228002375808614,23.42806999999999,11.471961109927975,-0.0,0.0,4.222300513484745
2022-11-10,17.872950000000003,7.864400000000046,-3.491859999999974,1.6796493079527863,0.91450059440308,16.094559902355797,26.536319307952738,5.1715093079527605,21.364809999999977,12.593297301454072,-0.409375,16.375,5.692823158390565
2022-11-11,16.18786,9.912869999999998,-4.419929999999965,1.4387573417732256,0.5821060380718563,12.71578337984505,26.466477341773157,5.858687341773191,20.607789999999966,12.851491146764829,-0.603125,24.125,11.04978024299749
2022-11-12,17.245750000000044,10.271780000000035,-4.9113799999999515,2.0314209323531145,0.6889877450976769,14.605758677450751,29.09993093235306,6.942800932353066,22.157129999999995,11.342867413028387,-0.578125,23.125,3.373871388342515
2022-11-13,16.736379999999997,10.61080000000004,-5.8187599999999975,1.8538602143440812,0.5069454002124303,14.305145614556466,30.227760214344073,7.672620214344079,22.555139999999994,10.858412833169268,-0.5125,20.5,4.130542822847287
2022-11-14,17.963400000000036,8.626550000000009,-5.4062999999999874,1.7322130579984218,0.5910516585940968,17.066414716592533,30.508213057998432,7.138513057998409,23.369700000000023,10.59201496005079,-0.49375,19.75,0.3650731290208718
2022-11-15,18.630730000000028,8.684500000000014,-4.9967699999999695,1.7272407926972164,0.5268746918873148,17.197115484584515,30.351510792697184,6.724010792697186,23.627499999999998,10.600935164065959,-0.55,22.0,5.25248153820508
2022-11-16,19.541530000000023,9.64285000000001,-3.6584799999999973,1.4876287086362368,-2.38258670705045,12.662202001585797,28.346118708636254,5.146108708636234,23.20001000000002,11.536241380083254,-0.503125,20.125,4.390451374658348
2022-11-17,18.192470000000014,10.563649999999996,-3.6626299999999787,0.8316227990908942,-3.6138457790049188,8.509227020085973,26.349352799090866,4.494252799090873,21.855099999999993,12.72526261355921,-0.0,0.0,1.877455408456438
2022-11-18,18.08068000000003,9.75576000000001,-2.97969999999998,0.5255918835608213,-3.5352141575306177,8.294997726030203,24.56567188356081,3.505291883560801,21.06038000000001,13.651800517029926,-0.0,0.0,3.7676628629534386
2022-11-19,17.44354000000004,10.901499999999999,-3.9532799999999497,0.817141128913704,-4.068931322052663,7.243529806861034,26.167241128913645,4.770421128913654,21.39681999999999,12.904371081448232,-0.0,0.0,1.965241991501721
2022-11-20,16.386600000000044,10.65676000000002,-3.630830000000003,0.9225772744584333,-4.7423083103677754,5.540938964090685,24.570837274458484,4.553407274458436,20.017430000000047,13.824720124807953,-0.0,0.0,6.248238409342992
2022-11-21,17.24108000000001,9.368460000000027,-5.0680999999999585,1.2097310857528214,-2.0040550142059033,12.14639607154686,28.58701108575275,6.27783108575278,22.30917999999997,11.685384056267196,-0.0,0.0,7.85738022748493
2022-11-22,16.941700000000026,8.746579999999994,-4.6955299999999625,1.9270798225837211,0.9669671322822069,15.784696954865922,28.25983982258367,6.622609822583684,21.637229999999988,11.810227144139674,-0.51875,20.75,5.439165211640551
2022-11-23,17.528530000000046,9.445400000000006,-4.450019999999995,2.073602399881395,0.9282814028358075,15.535033802717237,28.50217239988143,6.52362239988139,21.97855000000004,11.605735724035071,-2.8625,114.5,5.3917747433567635
2022-11-24,18.327840000000037,9.546660000000031,-4.687019999999961,2.03756605414128,0.890839176912948,16.396605231054195,29.73944605414124,6.724586054141241,23.01486,10.905683833448109,-3.546875,141.875,3.056289645602977
2022-11-25,18.68760000000003,8.949850000000026,-3.796419999999955,1.8040097260716834,0.5095978650019788,15.847777591073623,28.084449726071625,5.6004297260716385,22.484019999999987,11.721059997222198,-0.1,4.0,5.0961022025658265
2022-11-26,19.72320000000002,8.992880000000014,-4.0033599999999865,1.6401797330460681,0.06768685494802185,16.441546587994083,29.37009973304606,5.643539733046055,23.726560000000006,10.99430882320155,-0.146875,5.875,5.800124738012274
2022-11-27,19.94903000000005,7.9824500000000285,-3.826999999999998,1.7373028694265145,0.4118954589334294,17.942778328359964,29.34033286942656,5.564302869426513,23.77603000000005,10.980197252126288,-2.29375,91.75,4.4984380086735465
2022-11-28,19.590400000000045,8.794759999999997,-4.429100000000005,1.7087328957878185,0.4195066713749611,17.352979567162834,30.157332895787874,6.137832895787824,24.01950000000005,10.606009954800584,-0.353125,14.125,5.314882132208429
2022-11-29,19.586900000000014,10.289760000000001,-5.1540299999999775,1.5008225935296196,-1.5089037031867178,14.443088890342892,31.39578259352959,6.654852593529597,24.74092999999999,10.006067574381746,-0.0875,3.5,7.961545818272914
2022-11-30,18.42574000000002,12.285850000000039,-5.0697399999999675,0.9651999717171407,-1.0702987139536049,11.104531257763483,29.530419971717095,6.034939971717108,23.495479999999986,11.09938703611391,-0.0,0.0,4.026842795861604
2022-12-01,18.00585000000001,9.748250000000041,-5.326570000000004,1.91853355432454,0.5713581832480941,16.074061737572606,30.577523554324557,7.245103554324544,23.332420000000013,10.533857275531659,-0.15625,6.25,2.5769414814418528
2022-12-02,18.896420000000035,8.854460000000017,-5.966899999999953,1.8208386136646482,0.6737999814365594,18.503498595101178,32.65105861366459,7.787738613664601,24.863319999999987,9.415916942226318,-0.19375,7.75,1.472931256679866
2022-12-03,19.75332000000003,9.864220000000046,-5.769019999999955,1.7619686780004145,0.2048673652184334,17.624956043218788,33.053328678000355,7.530988678000369,25.522339999999986,9.138882227786382,-0.0,0.0,1.1242682148239398
2022-12-04,19.456020000000024,8.831170000000043,-4.952499999999986,1.6286680723661675,0.532371811933217,17.73838988429935,30.989688072366164,6.581168072366154,24.40852000000001,10.209740747499666,-0.0,0.0,2.5540903977959943
2022-12-05,18.786069999999995,10.115560000000016,-4.481759999999952,1.7287908553685725,-0.6804899798331121,14.20057087553539,29.47838085536847,6.210550855368524,23.267829999999947,11.02213784205287,-0.034375,1.375,1.3301623987959112
2022-12-06,18.925620000000038,10.146800000000042,-4.559059999999988,1.4153406514126914,-2.44533791102117,12.307882740391506,29.459080651412705,5.9744006514126795,23.484680000000026,11.046164755220445,-0.0,0.0,5.291700950040529
2022-12-07,17.138800000000003,9.98257000000001,-5.619399999999985,0.8155579455877842,-2.7120543252527796,10.879133620334983,29.193157945587757,6.434957945587769,22.758199999999988,11.427820368975745,-0.0,0.0,9.538822689101018
2022-12-08,17.60354000000001,9.418900000000008,-5.851099999999974,0.9142219883242433,0.18185931581058412,15.131821304134803,30.2199619883242,6.765321988324217,23.454639999999984,10.85118879168499,-0.0,0.0,18.629623432833565
2022-12-09,14.03564,8.633200000000045,-5.67456999999996,1.64157582628701,0.8758221940315707,13.594408020318497,27.02635582628693,7.31614582628697,19.71020999999996,12.842215028859613,-0.384375,15.375,1.1489389839532123
2022-12-10,15.297720000000027,8.622100000000046,-4.9809999999999945,1.8459220202338429,1.0473835416453312,14.54992556187915,27.10564202023386,6.826922020233837,20.27872000000002,12.60155606414662,-1.534375,61.375,12.48113798561669
2022-12-11,16.518640000000005,8.78884000000005,-4.403229999999951,1.870322416475119,1.0142111593098093,15.017563575784834,27.195422416475026,6.27355241647507,20.921869999999956,12.398967247406745,-0.559375,22.375,0.7037241037190213
2022-12-12,17.219930000000033,9.362150000000042,-5.865639999999985,1.9582721144581114,0.9253341596024143,16.6070262740605,30.909482114458115,7.823912114458096,23.08557000000002,10.449092074293276,-2.621875,104.875,2.689776475542957
2022-12-13,17.42138,8.80460000000005,-5.71527999999995,1.9385200669445908,0.9117945625442871,17.182374629488777,30.79046006694449,7.653800066944541,23.13665999999995,10.4888616812882,-3.05625,122.25,0.9481116051775342
2022-12-14,17.391500000000008,8.897180000000048,-5.651070000000004,1.6487728050000783,-0.1291270366145909,15.66503576838545,30.342412805000095,7.2998428050000825,23.042570000000012,10.746793617062849,-0.00625,0.25,3.931234764178669
2022-12-15,18.88802000000004,9.09805,-5.236599999999953,0.6121936977694418,-0.8130117754143384,14.825751922355096,29.973413697769388,5.848793697769395,24.124619999999993,10.85232092207957,-0.0,0.0,1.099071527121966
2022-12-16,19.187340000000006,8.649800000000027,-5.252719999999954,0.9263622469399593,-0.5333301862921758,16.183292060647716,30.619142246939873,6.179082246939913,24.44005999999996,10.47744596110823,-0.0,0.0,0.12243831968223812
2022-12-17,19.24218000000002,9.051230000000032,-5.706799999999987,1.4692884966597148,-0.5517262673700429,16.815312229289646,32.12506849665971,7.176088496659702,24.948980000000006,9.676730992054388,-0.071875,2.875,1.2219101900505496
2022-12-18,18.392420000000016,9.63918000000001,-5.07992999999999,1.6772476095491697,-0.81741354351891,14.693004066030255,30.229527609549166,6.75717760954916,23.472350000000006,10.691444351199095,-0.01875,0.75,4.420260044959347
2022-12-19,17.63280000000003,10.82650000000001,-5.660559999999975,1.303164846774905,-0.8642376461853019,12.9057872005896,30.257084846774887,6.9637248467748805,23.293360000000007,10.795566724518778,-0.0,0.0,3.493127859899367
2022-12-20,19.268580000000043,10.554400000000044,-5.902439999999956,1.5068736533438027,-0.8885710779334204,15.234922575410337,32.58033365334376,7.409313653343759,25.17102,9.443367415939463,-0.0,0.0,2.7217906855522336
2022-12-21,18.6087,8.669579999999996,-5.800149999999974,0.7509316283780549,-0.8927828532970352,15.597418775080996,30.959931628378,6.551081628378029,24.408849999999973,10.379711262152568,-0.0,0.0,3.385273579467282
2022-12-22,18.37026000000003,10.26248000000004,-5.707560000000001,1.2112021225175909,-3.220315133391921,11.806226989125662,30.996582122517623,6.918762122517592,24.07782000000003,10.352657186950637,-0.0,0.0,7.191528098898496
2022-12-23,18.943140000000028,10.642100000000028,-4.967079999999953,0.8181695573355796,-2.366336874355625,11.719952682979908,29.695469557335514,5.785249557335533,23.91021999999998,10.972404035955321,-0.0,0.0,5.585488453470195
2022-12-24,18.701260000000048,9.31432000000001,-5.0224999999999795,1.252579986236924,-1.6370311816704657,14.024988804566476,29.99883998623693,6.2750799862369036,23.723760000000027,10.81287438618358,-0.0,0.0,4.658893349202286
2022-12-25,17.327170000000024,10.11590000000001,-5.075019999999995,2.057512966102024,0.8293544801967414,15.173157446298774,29.534722966102038,7.132532966102019,22.40219000000002,11.112962247935059,-10.0,405.875,9.027954502604196
2022-12-26,18.17822000000001,9.639800000000037,-5.205939999999998,1.9879901634976704,0.37516771871077026,16.107517882208413,30.578090163497677,7.193930163497669,23.38416000000001,10.507719900285736,-5.165625,206.625,7.177334381657292
2022-12-27,17.806150000000002,9.800560000000019,-5.240449999999953,1.9488985018031713,0.7459782235144417,15.94091672531755,30.23594850180308,7.189348501803124,23.046599999999955,10.7221468572464,-2.475,99.0,7.354287028717881
2022-12-28,19.104030000000023,10.03920000000005,-5.820599999999956,1.6765507046027892,-1.4523984313188407,15.109582273283877,32.421780704602725,7.4971507046027455,24.92462999999998,9.523461607664728,-0.234375,9.375,4.343556080415274
2022-12-29,18.91058000000004,11.431970000000035,-6.0602799999999775,1.1816875243596314,-3.292858458596413,11.427719065763199,32.212827524359625,7.241967524359609,24.970860000000016,9.689909924809172,-0.0,0.0,0.8037300925313107
2022-12-30,18.585260000000005,10.996939999999995,-6.306619999999953,1.1168650453745954,-3.270301990792575,11.741503054581983,32.315365045374506,7.423485045374548,24.891879999999958,9.67793759815828,-0.0,0.0,6.18402045498155
2022-12-31,18.949370000000044,11.623500000000035,-6.5394000000000005,0.8439741421307758,-3.910524138606263,10.798720003524522,32.87214414213082,7.383374142130776,25.488770000000045,9.381645586017555,-0.0,0.0,7.855963851337561
2023-01-01,19.421780000000012,10.903200000000027,-6.282899999999984,1.0956136173438722,-2.676658898555104,13.220434718788738,33.08319361734385,7.378513617343856,25.704679999999996,9.209466128931751,-0.0,0.0,5.67262229114892
2023-01-02,18.267899999999997,10.144530000000032,-4.775549999999953,0.88648482141258,-1.9493706742936752,11.836034147118824,28.705484821412483,5.662034821412533,23.04344999999995,11.53481302997028,-0.0,0.0,7.256874358247491
2023-01-03,17.8707,9.648340000000019,-4.942299999999989,1.113747363295488,-2.884153119131838,11.39425424416362,28.869047363295465,6.056047363295477,22.812999999999988,11.479161721325056,-0.0,0.0,6.236690265461131
2023-01-04,17.464380000000006,10.407560000000046,-4.765099999999961,1.116755572499585,-3.209888743390934,9.728786829108572,28.111335572499513,5.881855572499546,22.229479999999967,11.904691854518603,-0.0,0.0,2.058358308894465
2023-01-05,16.46950000000004,8.941920000000039,-5.263620000000003,1.5241663180123624,-2.912475433561781,11.402890884450585,28.520906318012408,6.787786318012365,21.733120000000042,11.780736545502805,-0.61875,24.75,3.9637873884593158
2023-01-06,16.689099999999996,10.011930000000007,-5.828039999999987,1.3768700689845446,-1.220953072615032,12.66112699636949,29.722050068984515,7.204910068984532,22.517139999999984,11.167680216761255,-0.00625,0.25,9.307712633843005
2023-01-07,16.257040000000018,8.887320000000045,-5.325400000000002,1.4204817662047162,0.13201858297617264,14.247620349180863,28.328321766204738,6.745881766204718,21.58244000000002,11.914033927937822,-0.315625,12.625,4.143470472225559
2023-01-08,18.064800000000048,10.66458,-4.066629999999975,1.099472320181576,-3.1372925678753063,9.429029752306292,27.297532320181574,5.166102320181551,22.131430000000023,12.24495980793256,-0.009375,0.375,1.5506708108407343
2023-01-09,17.50863000000004,11.14163000000002,-4.041359999999997,-0.11126167357343775,-4.855476972905478,5.4416213535211,25.480088326426596,3.9300983264265597,21.549990000000037,13.300176089373537,-0.0,0.0,4.368457911724234
2023-01-10,17.810820000000035,11.056669999999997,-5.324129999999968,0.5910632333349781,-3.4913282123798126,9.178015020955172,29.05014323333495,5.915193233334946,23.134950000000003,11.43589924136819,-0.0,0.0,11.245511073565904
2023-01-11,18.927580000000034,10.581380000000024,-4.737300000000005,0.1280472970411779,-3.6557847127909326,9.55576258425026,28.530227297041222,4.865347297041183,23.66488000000004,11.596773483843549,-0.0,0.0,7.533230698119278
2023-01-12,20.51310000000001,10.032800000000009,-5.970299999999952,-0.23061875157765144,-2.6177826562159794,13.60219859220632,32.22308124842226,5.7396812484223005,26.48339999999996,9.601584108123632,-0.0,0.0,7.230248137372684
2023-01-13,20.026400000000024,10.916700000000048,-5.756019999999978,0.30799277296046057,-3.0356656861721945,12.13804708678822,31.84643277296044,6.064012772960439,25.782420000000002,9.816603607167167,-0.0,0.0,7.508378302150929
2023-01-14,20.80600000000004,11.844320000000039,-5.757449999999949,-0.14680181282949434,-4.478448502760102,10.093879684410354,32.17409818717044,5.6106481871704545,26.56344999999999,9.59522341211192,-0.0,0.0,8.738243506762606
2023-01-15,20.537000000000035,11.689480000000003,-5.866859999999974,-0.02068440037618302,-4.005673147677328,10.688022451946495,32.2500355996238,5.846175599623791,26.40386000000001,9.578443771048853,-0.0,0.0,4.872384407261629
2023-01-16,21.03814,10.545620000000042,-5.785499999999956,0.1204121315807356,-3.1278880696113447,13.270544061969304,32.72955213158065,5.905912131580692,26.823639999999955,9.287649904117131,-0.0,0.0,3.6620619249919026
2023-01-17,19.77230000000003,10.049650000000042,-6.427039999999977,0.058102607925491156,-3.0912597320948976,13.116532875830558,32.684482607925474,6.485142607925468,26.199340000000007,9.434140120662278,-0.0,0.0,6.508160814140599
2023-01-18,19.376800000000003,9.66500000000002,-4.395849999999996,0.46193633672203305,-3.5627966099283412,11.00678972679367,28.630436336722028,4.857786336722029,23.77265,11.481240148788231,-0.0,0.0,2.2852040525536945
2023-01-19,18.831500000000005,10.341820000000041,-4.32266999999996,0.10587426498432251,-3.958287629217807,8.95993663576644,27.582714264984247,4.428544264984282,23.154169999999965,12.082542145867706,-0.0,0.0,4.5732569885410985
2023-01-20,18.01263,11.349019999999996,-5.7420399999999745,1.1767102759585555,-3.921258209946359,9.661102066012177,30.673420275958506,6.91875027595853,23.754669999999976,10.555725272214488,-0.0,0.0,1.311655844159383
2023-01-21,18.08575000000002,10.401499999999999,-5.920569999999998,1.18462075301494,-3.586498163839906,11.202942589175052,31.111510753014954,7.105190753014938,24.006320000000017,10.328263707230292,-0.0,0.0,7.334377632487
2023-01-22,18.136870000000044,10.381560000000036,-6.147799999999961,0.7202329236866376,0.10456110742200053,14.727904031108608,31.152702923686604,6.868032923686599,24.284670000000006,10.338238088619846,-0.0,0.0,5.606580395854056
2023-01-23,17.407129999999995,9.336760000000027,-5.788399999999967,1.7374758152812433,0.33961373069365663,15.935859545974836,30.721405815281173,7.525875815281211,23.195529999999962,10.546658249967436,-0.08125,3.25,1.942106882595613
2023-01-24,19.31405000000001,8.191130000000044,-6.2488500000000045,1.4566035819348713,0.2610580978459325,19.089431679780773,33.26835358193489,7.705453581934876,25.562900000000013,9.098614342835049,-0.053125,2.125,2.633474759377674
2023-01-25,19.603850000000023,9.392719999999997,-6.156599999999969,0.5446820498355578,-0.345409254014271,16.56700279582128,32.46173204983552,6.701282049835527,25.76044999999999,9.53846825295102,-0.0,0.0,4.527734195551413
2023-01-26,19.73397,10.155940000000044,-4.8160799999999995,0.4753656154571786,-4.345348681067094,10.52412693439004,29.841495615457177,5.291445615457178,24.55005,10.83934933641666,-0.0,0.0,0.5223015219593107
2023-01-27,19.65267,9.889120000000048,-5.558499999999981,0.6792434703294816,-3.0452726056894335,12.956020864639981,31.448913470329444,6.2377434703294625,25.21116999999998,10.031793845734455,-0.0,0.0,3.1794774848660317
2023-01-28,19.377530000000036,9.338860000000011,-6.0156599999999685,0.22924811200448403,-2.581753717416575,13.701824394587902,31.638098112004457,6.2449081120044525,25.393190000000004,9.99030871722357,-0.0,0.0,3.2748196361279205
2023-01-29,19.107500000000016,10.658350000000041,-6.046899999999994,1.2474381598532887,-2.101430689843653,13.642057470009604,32.44873815985329,7.294338159853282,25.15440000000001,9.546098349889292,-0.0,0.0,8.517518647795502
2023-01-30,18.226220000000012,8.245050000000049,-6.0715699999999515,1.7146116981955402,0.6197114914183999,18.387063189613855,32.083971698195455,7.786181698195492,24.297789999999964,9.77831654725253,-0.221875,8.875,4.612395273649087
2023-01-31,19.634180000000015,8.200739999999996,-5.163059999999973,1.1155594622462672,-0.6121607275212,17.09989873472506,31.07585946224623,6.27861946224624,24.797239999999988,10.191456777488781,-0.0,0.0,7.860368388920519
2023-02-01,19.564970000000017,6.815760000000012,-4.81759999999997,1.2215957559868684,0.0774481533790663,18.86585390936591,30.421765755986826,6.039195755986839,24.382569999999987,10.51674379261192,-0.096875,3.875,8.888691482305926
2023-02-02,18.464930000000038,8.3433,-4.349279999999965,1.1380441001405188,0.8370315787690288,16.44598567890955,28.301534100140486,5.4873241001404836,22.814210000000003,11.695240260446951,-0.0,0.0,6.6541274061991516
2023-02-03,18.720730000000003,8.321100000000001,-3.0184699999999793,1.5636764294578143,0.9082523368757052,15.8900287663335,26.321346429457776,4.582146429457794,21.739199999999983,12.622661770229456,-0.021875,0.875,4.9364487904187415
2023-02-04,21.040670000000034,8.610500000000002,-4.962349999999958,0.8969798655235195,0.649267925033655,18.938767790557165,31.86234986552347,5.859329865523478,26.003019999999992,9.68507672742544,-0.0,0.0,7.040256340481527
2023-02-05,21.87112000000002,7.0513500000000136,-5.026999999999987,0.5949813946712652,-0.15177500374755937,20.289976390923698,32.52010139467126,5.621981394671252,26.898120000000006,9.303526407170523,-0.0,0.0,9.131879561978815
2023-02-06,21.34136000000001,10.160850000000039,-2.9938399999999774,0.5787938539834272,-2.761399657569143,11.991744196414231,27.90783385398339,3.5726338539834046,24.335199999999986,11.653597977429854,-0.0,0.0,13.775834306067395
2023-02-07,21.684500000000014,11.222500000000025,-4.948279999999954,0.9798823468301521,-2.6707269830145606,13.719435363815535,32.560942346830075,5.928162346830106,26.63277999999997,9.278747265926313,-0.0,0.0,13.584645697645175
2023-02-08,22.587900000000047,9.76120000000003,-4.5006499999999505,0.8502962432854133,-1.03616387767903,17.14148236560635,32.43949624328536,5.350946243285364,27.088549999999998,9.278476521248876,-0.0,0.0,9.755505726537656
2023-02-09,21.906200000000013,7.612330000000043,-4.501999999999953,0.7296104827701697,-0.5427364065989195,18.982744076171173,31.639810482770088,5.231610482770122,26.408199999999965,9.734481786502897,-0.0,0.0,13.283675350396676
2023-02-10,21.540700000000015,7.344320000000039,-4.5403199999999515,0.23617430188011213,-0.952552972013109,18.02032132986693,30.85751430188003,4.776494301880064,26.081019999999967,10.17604911370654,-0.0,0.0,6.620184156522653
2023-02-11,22.267330000000015,10.992460000000051,-4.702729999999974,0.03482698175690757,-3.196762108372468,12.815664873384378,31.70761698175687,4.737556981756882,26.97005999999999,9.697276686228065,-0.0,0.0,4.778423526392465
2023-02-12,22.85256000000004,11.210000000000036,-4.8349399999999605,0.20052520267734053,-2.3356962167111988,14.342328985966105,32.7229652026773,5.035465202677301,27.6875,9.141328234776779,-0.0,0.0,7.623754316262838
2023-02-13,22.31170000000003,11.359430000000032,-3.993259999999964,0.41531404512488734,-3.295659103359924,12.065184941764926,30.713534045124845,4.408574045124851,26.304959999999994,10.179867464476843,-0.0,0.0,6.946633801819265
2023-02-14,22.27932000000004,10.143330000000049,-4.213840000000005,0.1434172565934091,-2.753270292879961,13.739976963713445,30.85041725659346,4.357257256593414,26.493160000000046,10.121971378877902,-0.0,0.0,6.35567263772084
2023-02-15,22.384060000000034,10.018060000000048,-4.197180000000003,-0.09960135380077872,-2.5159729120005636,13.947605734198646,30.67881864619926,4.097578646199224,26.581240000000037,10.206330869503518,-0.0,0.0,10.476895846045773
2023-02-16,22.284940000000006,7.845300000000009,-5.533179999999959,0.1678886925656684,-1.0283376809024958,19.11237101166313,33.51918869256559,5.701068692565627,27.818119999999965,8.786554440161638,-0.0,0.0,12.75070607820012
2023-02-17,22.01162000000005,11.105400000000031,-5.198829999999987,-0.04737074595124113,-2.70535168614515,13.352327567903615,32.36190925404878,5.151459254048746,27.210450000000037,9.393067692073487,-0.0,0.0,11.092497064933314
2023-02-18,22.090940000000046,6.564000000000021,-4.962379999999996,0.3031863443050611,-0.17120568439861472,20.621300659906467,32.3188863443051,5.265566344305057,27.053320000000042,9.397994085027506,-0.0,0.0,11.662669940577194
2023-02-19,21.680470000000014,6.6492000000000075,-5.089059999999961,0.564302697072435,-0.19274192452508032,20.491890772547322,32.42289269707237,5.653362697072396,26.769529999999975,9.368032514118,-0.0,0.0,8.858636660819663
2023-02-20,21.90870000000001,11.511700000000019,-6.374459999999999,0.5201897580853938,-2.995488227431224,14.29616153065416,35.1778097580854,6.894649758085393,28.28316000000001,7.974942824036873,-0.0,0.0,6.098494562201513
2023-02-21,22.33746000000002,10.380120000000034,-6.449929999999995,0.030411116080585998,-3.434957002745591,15.002724113334978,35.2677311160806,6.480341116080581,28.787390000000016,7.912186809680293,-0.0,0.0,0.5095150295727989
2023-02-22,22.7269,7.767899999999997,-5.58902999999998,0.2858196041502197,-0.8835565079675689,19.950293096182634,34.19077960415018,5.874849604150199,28.31592999999998,8.414521558254592,-0.0,0.0,2.873691274299031
2023-02-23,22.24380000000002,10.490260000000035,-5.7993999999999915,-0.2468973257118705,-4.401272215050028,12.90477045923808,33.595702674288134,5.552502674288121,28.043200000000013,8.761997175382362,-0.0,0.0,3.92359392608088
2023-02-24,22.462120000000027,9.974820000000022,-5.15152999999998,-0.355867590974583,-4.131957726907729,13.151004682117673,32.409312409025404,4.795662409025397,27.613650000000007,9.339017034841959,-0.0,0.0,4.059555263868402
2023-02-25,22.935140000000047,7.040030000000002,-5.448859999999968,-0.13061136953842833,-0.544336382781978,20.669022247679607,33.702248630461554,5.3182486304615395,28.384000000000015,8.653256392852313,-0.0,0.0,7.147038703279703
2023-02-26,21.39760000000001,7.132530000000031,-5.44802999999996,0.0121700345475233,-1.2454181347960116,18.479851899751452,32.305830034547455,5.4602000345474835,26.84562999999997,9.471563453889473,-0.0,0.0,3.145970067734101
2023-02-27,20.587300000000027,8.664760000000001,-5.2808599999999615,-0.17560313723225818,-3.5834732459521774,13.444323616815552,30.973416862767692,5.105256862767703,25.86815999999999,10.217619824247436,-0.0,0.0,5.038991158095776
2023-02-28,20.52860000000004,5.905760000000043,-5.641639999999995,1.2384073700457066,0.5741607099579369,22.077048080003635,33.05028737004574,6.880047370045702,26.170240000000035,9.113469284722783,-0.121875,4.875,9.332341589169774
2023-03-01,21.17208000000005,6.229060000000004,-6.176400000000001,1.02103442834391,0.4460293596162046,22.586483787960162,34.54591442834396,7.197434428343911,27.348480000000052,8.325072609414292,-0.0,0.0,6.5984560135774935
2023-03-02,20.78280000000001,10.44222000000002,-6.822799999999972,-0.04409369504077176,-2.117066870181702,15.002219434777487,34.38430630495918,6.778706304959201,27.60559999999998,8.489486364636207,-0.0,0.0,9.815085215610047
2023-03-03,21.684529999999995,6.897850000000005,-6.64215999999999,0.1468858129740056,-0.827632120573071,20.748093692400914,35.11573581297398,6.7890458129739955,28.326689999999985,8.037417229045104,-0.0,0.0,5.5313552025791095
2023-03-04,21.680750000000046,8.188379999999995,-7.372349999999983,-7.246890589840405e-05,-0.8175612522643405,20.047086278829795,36.425377531094114,7.372277531094085,29.05310000000003,7.387340794608576,-0.0,0.0,8.179800895000088
2023-03-05,22.316250000000025,7.1602700000000254,-7.541099999999972,-0.12205907877006439,-0.6697154470845703,21.905305474145337,37.276390921229904,7.419040921229907,29.857349999999997,6.913383293903337,-0.0,0.0,7.610359739444503
2023-03-06,22.31570000000005,7.277520000000038,-8.061469999999986,-0.20137848771923927,-1.0172232897438107,21.881048222536947,38.23726151228078,7.860091512280746,30.377170000000035,6.434553891080952,-0.0,0.0,10.711451800485221
2023-03-07,21.206200000000024,7.1027500000000146,-8.766329999999982,-0.10998640757890144,-1.477189803341446,21.282603789079644,38.62887359242109,8.65634359242108,29.972530000000006,6.3305977138313665,-0.0,0.0,17.913125614554318
2023-03-08,21.919200000000046,7.183680000000038,-8.27389999999997,0.14124437289734715,-0.8790970491344297,22.271567323762895,38.60824437289733,8.415144372897316,30.193100000000015,6.27231608960318,-0.0,0.0,15.103027555596997
2023-03-09,21.240440000000035,7.922200000000032,-8.274049999999988,0.265957330308197,-1.9340848429346806,19.924162487373508,38.05449733030821,8.540007330308185,29.514490000000023,6.601696320800215,-0.0,0.0,16.532045223841177
2023-03-10,21.248680000000036,8.939780000000042,-8.889929999999993,0.3921682433871183,-2.165326911340969,19.425671332046136,39.42070824338714,9.28209824338711,30.13861000000003,5.913228590561459,-0.0,0.0,14.819634542849645
2023-03-11,22.70004,6.783530000000042,-7.214939999999956,0.20477591058175904,-0.1756568599515731,23.1605690506301,37.33469591058167,7.419715910581715,29.914979999999957,6.846863079061961,-0.0,0.0,13.284807972182222
2023-03-12,22.61178000000001,7.172500000000014,-6.591959999999972,0.852660964437689,0.1456372396244774,23.029538204062135,36.64836096443764,7.444620964437661,29.203739999999982,7.172356761262563,-0.0,0.0,7.830587901520218
2023-03-13,23.391440000000046,7.492400000000032,-6.146729999999991,0.8240434362173232,0.45031013713054335,23.32012357334787,36.50894343621735,6.970773436217314,29.538170000000036,7.1915341046913,-0.0,0.0,8.1583163361136
2023-03-14,24.21526,8.098600000000033,-6.260469999999998,0.6393240302408572,0.2962040742899603,23.312658104530783,37.375524030240854,6.899794030240855,30.47573,6.7149246494946055,-0.0,0.0,12.378247387042054
2023-03-15,25.22598000000005,9.135800000000017,-7.245399999999961,0.6296454896578325,0.2778596715325534,24.24308516119038,40.346425489657804,7.8750454896577935,32.47138000000001,5.176036877719639,-0.0,0.0,15.007918749932395
2023-03-16,22.211150000000032,9.442740000000015,-6.814759999999978,1.6444427532817372,0.344692546682154,21.572305299963887,37.485112753281726,8.459202753281716,29.02591000000001,6.735836067468028,-8.05,322.0,14.235351858347679
2023-03-17,20.92425000000003,8.89434,-6.109699999999975,1.6691103520096249,0.5822588821030195,20.39097923411265,34.812760352009605,7.7788103520096,27.033950000000004,8.167022836225783,-6.2375,249.5,12.705823187442153
2023-03-18,20.971900000000005,8.861300000000028,-6.720339999999965,1.76317756702133,0.47241383110923607,21.066531398130508,36.175757567021265,8.483517567021295,27.69223999999997,7.474171012443378,-10.0,593.5,15.653438823689688
2023-03-19,23.372860000000003,7.825220000000002,-7.719799999999964,1.0316313532384243,0.6361136809949812,24.93518503423337,39.844091353238355,8.751431353238388,31.092659999999967,5.515966525099884,-0.0,0.0,9.51693390607781
2023-03-20,23.84770000000003,7.966580000000022,-6.111329999999953,0.7225881233098335,0.3694801112658297,23.084518234575626,36.79294812330977,6.833918123309786,29.959029999999984,7.025150075387614,-0.0,0.0,14.534370764685479
2023-03-21,23.89462000000003,8.350000000000023,-5.673129999999958,0.008018749643724732,-0.5111307867628057,20.714637962880886,35.24889874964367,5.6811487496436825,29.56774999999999,7.810854291318549,-0.0,0.0,13.748590015217287
2023-03-22,25.045860000000005,8.845180000000028,-6.6238199999999665,0.8500420972415554,0.51404408784623,24.18858618508773,39.14354209724149,7.473862097241522,31.66967999999997,5.781093010558038,-0.0,0.0,13.2457464335471
2023-03-23,24.7457,8.737099999999998,-6.743779999999958,0.9424511540703406,0.5801419100827729,24.274973064153073,39.17571115407026,7.686231154070299,31.489479999999958,5.776764711673422,-0.0,0.0,8.682570072781282
2023-03-24,25.177400000000034,9.24072000000001,-4.547339999999963,0.7869255232211003,0.3767254381272096,21.647670961348297,35.05900552322106,5.334265523221063,29.724739999999997,7.818722378135362,-0.0,0.0,7.27636706185422
2023-03-25,21.32937000000004,9.712370000000021,-5.082920000000001,1.6808917487607573,0.6440399005585391,19.024851649319316,33.1761017487608,6.763811748760759,26.41229000000004,8.952485044398031,-1.453125,58.125,5.7232220881061915
2023-03-26,25.1044,9.288139999999999,-3.0365400000000022,1.080216876319298,0.6237991516774173,20.556816027996717,32.2576968763193,4.1167568763193,28.14094,9.213194174378941,-0.0375,1.5,3.576271886256469
2023-03-27,25.269600000000025,9.14855,-3.6838699999999562,0.5211459128749993,0.19468930546292995,20.52075521833791,33.15848591287494,4.205015912874956,28.95346999999998,8.77077861394082,-0.0,0.0,4.556704578735042
2023-03-28,25.63760000000002,9.49430000000001,-3.472719999999981,0.45853669243314243,0.11345913797464391,20.188015830407778,33.041576692433125,3.9312566924331236,29.11032,8.812449071969297,-0.0,0.0,3.7728001063088157
2023-03-29,23.02102000000002,9.671440000000018,-4.31959999999998,1.6417842531651559,0.4782916000458499,19.78925585321099,33.30200425316514,5.961384253165136,27.34062,8.775849719335383,-2.040625,81.625,5.11694654393451
2023-03-30,23.116970000000038,9.02755000000002,-4.191099999999949,1.3826528080255116,0.8041590885532628,20.46733189657874,32.88182280802545,5.573752808025461,27.308069999999987,8.994917417853685,-0.0125,0.5,4.04369048142473
2023-03-31,23.433220000000006,9.149699999999996,-4.491279999999961,1.427432251125822,0.8450156178602128,21.047247868986005,33.84321225112575,5.918712251125783,27.924499999999966,8.493274946753502,-0.0125,0.5,7.265839830888985
2023-04-01,24.81558000000001,9.420830000000024,-4.2672000000000025,1.1095836513233053,0.6112701588662617,21.382803810189557,34.45956365132332,5.376783651323308,29.082780000000014,8.12560444404312,-0.0,0.0,6.868484127640132
2023-04-02,25.47890000000001,9.30486000000002,-3.090029999999956,0.7259350451803925,0.3848315367660007,20.37483658194634,32.384895045180315,3.8159650451803486,28.568929999999966,9.143428813342439,-0.0,0.0,0.8755229739900888
2023-04-03,25.321920000000034,9.297630000000026,-2.3801599999999894,0.8755064510140187,0.5171319454190098,19.797088396433026,30.95774645101403,3.255666451014008,27.702080000000024,9.860039403156634,-0.0,0.0,1.6662422299525985
2023-04-04,21.217430000000036,9.19912000000005,-3.7905999999999835,1.6658613179985196,0.7415735619706538,18.216344879969142,30.464491317998522,5.456461317998503,25.00803000000002,10.317691385747196,-0.815625,32.625,4.0546150620815515
2023-04-05,24.66410000000002,8.966499999999996,-6.036569999999983,1.1267611231393175,0.7281634755096889,23.589094598649012,37.8640011231393,7.163331123139301,30.700670000000002,6.42988954943138,-0.0,0.0,4.1871621024675125
2023-04-06,23.576620000000048,9.499840000000006,-5.047579999999982,1.3806325033673943,0.662207876594664,21.167200379962082,35.05241250336741,6.4282125033673765,28.62420000000003,7.882237293441392,-0.075,3.0,1.5886960699442327
2023-04-07,22.748680000000036,9.30782000000005,-4.966399999999965,1.2483691790071703,-0.009792031621486785,19.645837147385635,33.929849179007135,6.214769179007135,27.71508,8.502641910082161,-0.0,0.0,3.5635915106351823
2023-04-08,23.19160000000005,8.122770000000003,-6.323999999999955,0.7466355837588594,-0.26070277658021723,21.878762807178646,36.58623558375882,7.070635583758815,29.515600000000006,7.168800046993965,-0.0,0.0,6.173577520387003
2023-04-09,23.745450000000005,8.76287000000002,-5.849599999999953,0.9321588863647321,0.24545268357229588,22.009791569936965,36.37680888636464,6.781758886364685,29.595049999999958,7.230646197939905,-0.0,0.0,5.127332345551246
2023-04-10,23.900400000000047,8.913139999999999,-5.432299999999998,1.0692444774849719,0.41253474902703147,21.90133922651205,35.834244477485015,6.50154447748497,29.332700000000045,7.487304661309963,-0.0,0.0,5.032282236719529
2023-04-11,25.185270000000003,9.268330000000049,-5.331199999999967,0.281257391287113,-0.15014241453661725,21.379254976750417,36.12892739128705,5.61245739128708,30.51646999999997,7.2937240256435985,-0.0,0.0,0.21449039333706757
2023-04-12,25.91873000000004,9.954980000000035,-5.29989999999998,0.07897640850046628,-0.37710452044854037,20.96552188805191,36.597506408500465,5.378876408500446,31.21863000000002,7.025793759553608,-0.0,0.0,2.1487410612357762
2023-04-13,26.60170000000005,10.53552000000002,-5.844239999999957,0.36186886651603345,0.0018436139762911807,22.274132480492312,38.652048866516,6.20610886651599,32.44594000000001,5.968721352787668,-0.0,0.0,5.1383083022434075
2023-04-14,26.52170000000001,10.569150000000036,-6.442899999999952,0.1620675815150321,-0.2371698732000027,22.320347708314955,39.569567581514946,6.604967581514984,32.96459999999996,5.513519087198858,-0.0,0.0,5.651346191825135
2023-04-15,25.437430000000006,9.363500000000045,-6.311249999999973,0.473081723479595,0.10849799929167148,22.9667597227712,38.53301172347955,6.784331723479568,31.74867999999998,6.076312278707235,-0.0,0.0,4.840339749013898
2023-04-16,26.252220000000023,10.178300000000036,-5.185519999999997,0.15354931883319978,-0.22437092050427054,21.188618398328913,36.776809318833216,5.339069318833197,31.43774000000002,6.921636685779617,-0.0,0.0,4.955379190407395
2023-04-17,26.78445000000005,10.723659999999995,-5.734780000000001,0.19361936991663242,-0.1943139464050887,21.7948754235116,38.44762936991668,5.928399369916633,32.51923000000005,6.065217865751038,-0.0,0.0,4.805190449994595
2023-04-18,26.81704000000002,10.821950000000015,-6.5767999999999915,0.5073331179139586,0.10100796573976822,23.180231083653723,40.47797311791396,7.08413311791395,33.39384000000001,5.046578905799606,-0.0,0.0,4.033755552694806
2023-04-19,26.901100000000042,10.73860000000002,-6.4409200000000055,0.7547946464967481,0.3924636364996559,23.750678282996432,40.5377346464968,7.195714646496754,33.34202000000005,5.011585078654662,-0.0,0.0,2.980858807114339
2023-04-20,26.54516000000001,10.344629999999995,-6.402699999999982,1.138188233492201,0.776266660944998,24.517684894437195,40.488748233492174,7.540888233492183,32.94785999999999,5.039718266396335,-0.0,0.0,0.873988040221747
2023-04-21,24.237450000000024,10.80110000000002,-4.775999999999954,1.556487130048538,0.39875423721809966,20.167591367266596,35.34593713004847,6.3324871300484915,29.013449999999978,7.6906512022250695,-0.428125,17.125,4.465414348941197
2023-04-22,25.039500000000032,10.480070000000012,-5.003449999999987,1.6651780813860455,1.0288885059600261,22.25694658734608,36.71157808138605,6.668628081386032,30.04295000000002,6.964291123529449,-3.6375,145.5,7.404365159151397
2023-04-23,25.869169999999997,10.119070000000022,-3.607029999999952,1.2043005208284399,0.7674532208846472,21.328883741713014,34.28753052082834,4.811330520828392,29.47619999999995,8.161966943108212,-0.0,0.0,5.638528269590196
2023-04-24,24.03805,10.456100000000049,-5.841829999999959,1.6191726904501138,0.8484089950849807,21.891361685535003,37.34088269045003,7.461002690450073,29.879879999999957,6.699935451664487,-1.80625,72.25,8.16214209734479
2023-04-25,22.779700000000048,10.732799999999997,-6.415079999999989,1.7108097987820088,0.5589157685658961,20.731705567347944,37.320669798782035,8.125889798781998,29.194780000000037,6.7764482444832765,-3.396875,135.875,9.956157871123619
2023-04-26,23.355000000000018,10.162740000000042,-5.706729999999993,1.6557331941364168,0.8522759596447145,21.4069991537811,36.42419319413642,7.36246319413641,29.06173000000001,7.193018479503053,-1.315625,52.625,8.231311112614497
2023-04-27,24.417500000000018,10.338160000000016,-5.0442299999999705,1.4139351958850739,0.37033989552509183,20.907845091410138,35.91989519588503,6.458165195885044,29.46172999999999,7.401834020425952,-0.01875,0.75,10.64003558306285
2023-04-28,24.184529999999995,11.126580000000047,-4.247259999999983,1.5633147150611535,0.44176135187092314,19.310286066932008,34.242364715061115,5.810574715061136,28.431789999999978,8.244901328813398,-0.0,0.0,5.560402612378064
2023-04-29,20.636250000000018,10.517629999999997,-4.70623999999998,2.0102833030746297,0.9367687492525647,17.771912052327195,32.05901330307461,6.716523303074609,25.342489999999998,9.538037766055936,-4.43125,177.25,12.838354632849212
2023-04-30,22.361469999999997,10.83596,-4.489260000000002,1.9519876208817664,0.8914105532065264,18.85816817408829,33.29197762088177,6.441247620881768,26.85073,8.800579143563368,-5.0125,200.5,9.06544524992238
2023-05-01,21.40548000000001,10.038229999999999,-3.900299999999959,2.0261482226545695,0.9925152910432757,18.286213513697817,31.2322282226545,5.926448222654528,25.30577999999997,9.890438329321398,-10.0,737.5,9.507880810278794
2023-05-02,21.988500000000045,11.042380000000037,-3.908969999999954,1.9246826148856258,0.6474557682807358,17.427228383166323,31.731122614885578,5.83365261488558,25.89747,9.607364156420829,-2.8125,112.5,9.920230103528697
2023-05-03,21.76415000000003,10.673850000000016,-3.728499999999997,1.8783972453896354,0.48953886567784366,17.18673611106749,31.099547245389658,5.606897245389632,25.492650000000026,9.94316829919967,-3.0125,120.5,12.765549680804437
2023-05-04,22.72085000000004,10.314300000000003,-4.1096299999999815,1.7182417980999958,0.704741434662651,18.939163232762667,32.6583517981,5.827871798099977,26.830480000000023,9.111116821677001,-0.103125,4.125,9.22465016535271
2023-05-05,21.340480000000014,10.019860000000051,-4.676429999999982,1.855799962332128,0.8791828088679381,18.73203277120001,32.549139962332106,6.53222996233211,26.016909999999996,9.250442749825254,-2.378125,95.125,3.535073786024246
2023-05-06,22.186360000000036,10.246970000000033,-3.764439999999979,1.794730870305898,1.034044579332658,18.532605449638538,31.509970870305892,5.559170870305877,25.950800000000015,9.715127148154124,-1.428125,57.125,4.746498246095251
2023-05-07,21.53555,11.77126000000004,-4.419169999999951,1.603206156083445,0.47635571705751545,16.26302187314087,31.97709615608335,6.022376156083396,25.954719999999952,9.541872405858328,-0.48125,19.25,5.984426352832557
2023-05-08,21.928500000000042,11.43783000000002,-3.4127299999999536,2.054721363001761,1.043056150429436,17.001177513431173,30.80868136300171,5.4674513630017145,25.341229999999996,10.062881068178115,-10.0,1130.125,2.1755494640170148
2023-05-09,22.097620000000006,11.012320000000045,-3.466070000000002,2.1483852218526636,1.0421622005680433,17.74191742242067,31.178145221852674,5.6144552218526655,25.56369000000001,9.85867464918897,-10.0,2307.25,5.220051788626792
2023-05-10,25.071680000000015,11.449100000000044,-3.3897499999999923,1.7558073838475252,0.7819404639473078,19.550077847794796,33.606987383847525,5.1455573838475175,28.461430000000007,8.510842605532218,-6.93125,277.25,1.60484479731384
2023-05-11,23.908230000000003,10.99368000000004,-4.103250000000003,1.790544497000667,1.1176879948330338,19.926032491833666,33.905274497000676,5.89379449700067,28.011480000000006,8.414450578907406,-3.540625,141.625,2.386964148866583
2023-05-12,24.77633000000003,10.122400000000027,-2.263499999999965,1.470814961582164,0.7421723069884933,19.130417268570625,30.774144961582124,3.734314961582129,27.039829999999995,9.954511284978139,-0.1375,5.5,5.2788707424873484
2023-05-13,22.578400000000045,11.420500000000004,-4.1988999999999805,2.097037469251404,0.2550724502017374,17.708909919453163,33.07323746925141,6.295937469251385,26.777300000000025,8.884587266231563,-10.0,1090.625,5.125813127597241
2023-05-14,25.116240000000005,12.183370000000025,-2.8651499999999714,1.6820516990962346,-0.06567347951363445,17.41439821958255,32.52859169909618,4.547201699096206,27.981389999999976,9.051328739486053,-2.165625,86.625,6.906110034219381
2023-05-15,25.39670000000001,12.132530000000031,-3.3540399999999977,1.5881962783087715,-0.6819760930028451,17.524430185305903,33.69297627830878,4.942236278308769,28.750740000000008,8.463074646102484,-0.95,38.0,7.341066037832831
2023-05-16,25.573800000000006,10.598839999999996,-3.2666399999999953,1.2738327428064053,0.5492853584390218,20.064718101245433,33.3809127428064,4.540472742806401,28.84044,8.625059885470762,-0.0,0.0,8.277170762770698
2023-05-17,26.79824000000002,10.81265000000002,-3.360879999999952,1.1824507196230343,0.7828390847495825,21.31175980437257,34.70245071962296,4.543330719622986,30.159119999999973,7.92360187969507,-0.025,1.0,2.7174691707699052
2023-05-18,26.66342000000003,10.607050000000015,-3.9700699999999642,1.1780674274711487,0.795972172603058,22.000479600074186,35.78162742747111,5.148137427471113,30.633489999999995,7.388468405208698,-0.0,0.0,4.838809774680237
2023-05-19,26.90634,10.72320000000002,-4.587799999999959,1.1516622512723416,0.785581718792514,22.708183970064795,37.23360225127226,5.7394622512723,31.49413999999996,6.654982928711149,-0.0,0.0,3.8021258554821213
2023-05-20,24.738980000000026,11.27484000000004,-4.216279999999983,1.8485275470621332,0.901283363958612,20.430230911020715,35.020067547062126,6.0648075470621166,28.95526000000001,7.813005050581921,-10.0,435.0,0.1890097182019814
2023-05-21,21.51302000000004,11.357799999999997,-4.194899999999961,2.2332329582351917,0.9563693782143332,17.53972233644953,32.136052958235155,6.428132958235153,25.70792,9.412721932805368,-10.0,2634.25,1.3991278579842554
2023-05-22,23.587820000000022,10.816300000000012,-5.172159999999963,2.0453013297847633,0.5250166381752024,20.513997967959938,35.97744132978471,7.217461329784726,28.759979999999985,7.378386795409426,-10.0,1395.5,3.0928273735225322
2023-05-23,23.3553,11.275540000000035,-5.247299999999996,1.7848574912269441,0.37839285219342855,19.490310343420333,35.634757491226935,7.03215749122694,28.602599999999995,7.580198265289198,-4.575,183.0,4.210829922805949
2023-05-24,23.30844000000002,11.151360000000011,-4.634379999999965,1.8694293397898036,0.6285837596817032,19.28947309947148,34.44662933978975,6.503809339789768,27.942819999999983,8.171533047903381,-10.0,503.125,4.074697953678437
2023-05-25,20.267480000000035,11.296750000000031,-3.9174299999999675,2.0676729348947447,0.7201611074235075,15.675994042318223,30.170012934894714,5.985102934894712,24.184910000000002,10.507560079745701,-10.0,1811.5,9.066183144549182
2023-05-26,23.582060000000013,10.448329999999999,-3.304899999999975,1.6728959704358317,0.804168728788909,18.91569469922473,31.864755970435795,4.977795970435807,26.886959999999988,9.45962426859677,-2.096875,83.875,1.8871426199238046
2023-05-27,23.34292000000005,11.153530000000046,-3.129859999999951,1.8275068407785966,0.7153715348720766,17.862128375650627,31.430146840778548,4.957366840778548,26.47278,9.680550447305848,-5.925,237.0,5.42852562305104
2023-05-28,24.685500000000047,11.392970000000048,-4.626559999999984,1.7078886421447805,0.5121036368282716,20.139082278973035,35.646508642144795,6.334448642144764,29.31206000000003,7.5105136700256026,-6.68125,267.25,1.885759069121487
2023-05-29,24.22878000000003,11.026120000000049,-5.048900000000003,1.7317903048905805,0.9951436257265982,20.978493930617162,36.058370304890616,6.780690304890584,29.277680000000032,7.325244719266607,-5.2875,211.5,2.9527353887864973
2023-05-30,21.535330000000044,11.200000000000045,-5.065899999999999,2.0857112333953864,0.7093722590982452,18.19631349249363,33.75284123339543,7.151611233395386,26.601230000000044,8.615213911240915,-10.0,1651.75,4.638703077064123
2023-05-31,23.511770000000013,11.104150000000004,-3.8206500000000005,1.9145895097960306,0.7939508821165759,18.936810391912616,33.067659509796044,5.735239509796031,27.332420000000013,8.846259313116434,-8.3,332.0,4.484502376440526
2023-06-01,22.261070000000018,11.645100000000014,-4.233159999999998,2.202509491298372,0.6467167133311591,17.698356204629533,32.929899491298386,6.43566949129837,26.494230000000016,8.966962690019557,-10.0,1476.25,5.923066848244727
2023-06-02,23.62673000000001,12.067650000000015,-4.6030999999999835,1.89919169492714,0.15433612687081677,18.215707821797935,34.732121694927116,6.5022916949271234,28.229829999999993,8.008207590078086,-10.0,525.75,1.1873772292044176
2023-06-03,25.48818,12.22854000000001,-4.165099999999995,1.5711968487657941,0.3516168722484849,19.347553721014265,35.389576848765785,5.7362968487657895,29.653279999999995,7.611571119694247,-4.6625,186.5,3.2600976985312324
2023-06-04,23.08910000000003,12.101300000000037,-4.064249999999959,2.048092555347921,0.09618331567048699,17.19632587101836,33.26569255534787,6.11234255534788,27.15334999999999,8.76151887200973,-10.0,549.75,3.021399617420286
2023-06-05,23.46234000000004,11.588160000000016,-3.576939999999979,1.8717006270736647,0.5979612494352864,17.920781876508954,32.48792062707366,5.448640627073644,27.03928000000002,9.14176859073882,-10.0,519.25,4.742949485501587
2023-06-06,23.668020000000013,11.866240000000005,-3.023899999999969,1.9170092733055526,0.5403985998206622,17.283087873126192,31.632829273305504,4.940909273305522,26.691919999999982,9.554594408792013,-5.475,219.0,3.557990617304499
2023-06-07,24.27908000000002,11.56817000000001,-3.559820000000002,1.8662523049766833,0.6404520355654313,18.77743434054213,33.26497230497671,5.426072304976685,27.838900000000024,8.711217656139013,-4.84375,193.75,5.336843487966609
2023-06-08,23.83480000000003,11.755200000000002,-3.2391399999999635,1.9125487306158107,0.6541162227655946,17.885404953381396,32.22562873061577,5.151688730615774,27.073939999999993,9.250413292064081,-4.3625,174.5,6.994175113105241
2023-06-09,23.677999999999997,11.407219999999995,-4.533879999999954,1.7121997479191577,0.7080272919080244,19.224887039827138,34.45795974791906,6.2460797479191115,28.21187999999995,8.155388573818016,-0.3625,14.5,6.738673094273716
2023-06-10,21.286040000000014,10.961700000000008,-4.265839999999969,1.9411008033332564,0.8558375931527848,17.387118396486017,31.758820803333208,6.206940803333225,25.551879999999983,9.643379604006554,-1.75625,70.25,12.577386473909117
2023-06-11,20.991000000000042,11.63820000000004,-3.9743399999999838,2.012467180571093,0.8447915828537589,16.184398763424838,30.952147180571103,5.986807180571077,24.965340000000026,10.062424888214537,-1.11875,44.75,7.687155393012511
2023-06-12,21.64640000000003,10.956200000000024,-4.091099999999983,1.9593318053961184,1.073580812953253,17.81421261834936,31.787931805396113,6.0504318053961015,25.73750000000001,9.600948695792681,-6.4625,258.5,11.551516134613049
2023-06-13,21.540300000000002,10.771780000000035,-3.8746999999999616,1.9455441548578847,1.014765635360959,17.603529790218772,31.23524415485781,5.820244154857846,25.414999999999964,9.88578320115164,-2.975,119.0,11.15688056595588
2023-06-14,22.54200000000003,10.93777,-4.190650000000005,1.8051124095106275,0.7626259290925077,18.36261833860317,32.72841240951067,5.9957624095106326,26.732650000000035,9.08147514155354,-0.18125,7.25,8.153054910068617
2023-06-15,23.731600000000014,11.490000000000009,-3.237769999999955,1.6926852716820804,0.4075409062677977,17.57959617794984,31.899825271682005,4.930455271682035,26.96936999999997,9.432701879739454,-0.0,0.0,4.004541478033429
2023-06-16,24.948820000000012,10.543900000000008,-2.399569999999983,1.5255583582423924,0.5812585072442857,18.911306865486665,31.27351835824237,3.9251283582423753,27.348389999999995,9.693772417651303,-0.0,0.0,8.389190669197031
2023-06-17,24.386250000000018,11.163780000000031,-4.941099999999949,1.6193864050518982,0.48447743300198454,20.26743383805382,35.887836405051814,6.560486405051847,29.327349999999967,7.408597414518397,-0.453125,18.125,4.7854283493021414
2023-06-18,20.649800000000027,10.876700000000028,-4.247140000000002,1.913763864726434,0.8701378702207876,16.804141734947223,31.057843864726465,6.160903864726436,24.89694000000003,10.04618169513185,-6.446875,257.875,9.914448299422181
2023-06-19,21.910799999999995,11.137450000000001,-4.161999999999978,2.1299774836360825,0.8294408091672381,17.894768292803292,32.36477748363603,6.29197748363606,26.072799999999972,9.279838687634765,-10.0,976.25,9.450933757737149
2023-06-20,21.0702,11.063870000000009,-3.6209799999999746,1.9640635243888482,1.0158568190954043,16.60723034348422,30.276223524388797,5.585043524388823,24.691179999999974,10.399156821974657,-10.0,999.75,10.87372682554736
2023-06-21,20.521299999999997,10.753080000000011,-3.751800000000003,2.2073733357188416,1.0846348643800638,16.812028200098894,30.232273335718844,5.9591733357188446,24.2731,10.44181061410427,-10.0,1114.0,2.536190554491214
2023-06-22,21.121700000000033,10.666350000000023,-3.509619999999984,2.0423964249528694,0.9943255740099062,17.00169199896277,30.18333642495287,5.552016424952853,24.631320000000017,10.434689911186297,-10.0,534.5,2.7601945202733327
2023-06-23,20.37148000000002,11.02720000000005,-2.9033599999999637,2.0441631582363016,1.032352916608943,15.324156074845177,28.22236315823625,4.947523158236265,23.274839999999983,11.474527055698275,-0.140625,5.625,3.482383068612447
2023-06-24,20.45010000000002,10.447900000000004,-3.3837299999999573,1.973638993993461,1.017408084260751,16.376977078254185,29.191198993993396,5.357368993993418,23.833829999999978,10.989958282487521,-1.334375,53.375,8.240275572223053
2023-06-25,20.535900000000026,11.024200000000008,-2.4330799999999613,1.8910141251799928,1.0967692395390145,14.932563364718987,27.293074125179942,4.324094125179954,22.968979999999988,11.939933640731567,-1.0125,40.5,4.194355568035008
2023-06-26,20.32680000000005,10.537040000000047,-3.643039999999985,1.784079455702738,0.8478711166673634,16.064750572370087,29.396959455702756,5.427119455702723,23.969840000000033,10.914677700502011,-0.0,0.0,6.45035036536426
2023-06-27,21.319060000000036,10.666380000000004,-3.395150000000001,1.9548774178251733,1.0188859217392974,17.021593339564504,30.06423741782521,5.350027417825174,24.714210000000037,10.486964305350966,-2.45625,98.25,4.606783070094086
2023-06-28,20.217160000000035,10.874960000000044,-1.8082599999999616,1.9830747404436124,1.00906993645566,14.142604676899225,25.81675474044357,3.791334740443574,22.025419999999997,12.696338597213412,-1.1875,47.5,13.6674079996783
2023-06-29,18.92428000000001,10.429300000000012,-3.618479999999977,2.086882820100641,1.1224217569683788,15.322764577068995,28.248122820100605,5.705362820100618,22.542759999999987,11.586600308657353,-9.075,363.0,9.360056461086375
2023-06-30,22.003700000000038,10.886400000000037,-3.430759999999964,1.8745253493669338,0.7764777740295585,17.199063123396456,30.7397453493669,5.305285349366898,25.43446,10.106321486692934,-0.69375,27.75,6.891091655433374
2023-07-01,22.28738000000004,11.371880000000033,-3.917100000000005,1.8094836727620986,0.840746926518932,17.482830599281044,31.93106367276215,5.726583672762104,26.204480000000046,9.496414833315328,-0.28125,11.25,4.652480382870485
2023-07-02,21.391999999999996,10.650230000000022,-4.051670000000001,2.029712716055144,0.9184217948168794,17.741574510872,31.525052716055143,6.0813827160551455,25.443669999999997,9.744777782628375,-7.0125,280.5,12.182092077523638
2023-07-03,19.723100000000045,10.973839999999996,-3.7173799999999915,2.0556100435840676,1.0045402189696802,15.526790262553789,29.213470043584095,5.772990043584059,23.440480000000036,11.034055503297168,-4.225,169.0,14.207811244078396
2023-07-04,18.50060000000002,10.827940000000012,-3.0818499999999744,2.1014348042439224,1.0496874996029533,13.905632303846858,26.76573480424389,5.183284804243897,21.582449999999994,12.36841653992775,-0.8125,32.5,11.166600001577669
2023-07-05,19.309660000000008,10.609340000000032,-2.792599999999993,1.8752004704027172,0.9161901959975012,14.284310666400188,26.77006047040271,4.66780047040271,22.10226,12.310834333073785,-0.0,0.0,8.068940113408344
2023-07-06,18.139030000000048,10.818540000000041,-3.11809999999997,1.9896905624880787,0.7481744474659422,13.176455009953997,26.364920562488066,5.107790562488049,21.257130000000018,12.618350688958913,-2.30625,92.25,8.842151066203867
2023-07-07,18.873320000000035,10.687550000000044,-3.0591499999999883,2.1169422026475786,0.8215421382254249,14.183404340872983,27.10856220264759,5.176092202647567,21.932470000000023,12.158651455133622,-6.125,245.0,4.159598238959394
2023-07-08,18.082940000000008,10.692300000000046,-3.13919999999996,2.029457596180407,0.7224949534518714,13.2817925496322,26.390797596180334,5.168657596180367,21.222139999999968,12.607071749281033,-0.75625,30.25,9.927832076251175
2023-07-09,20.52502000000004,10.67532,-3.6842399999999884,1.9631097062305116,0.8805317786295177,16.37758148486006,29.85660970623053,5.6473497062305,24.20926000000003,10.652425913672403,-6.64375,265.75,7.227688068969973
2023-07-10,20.59408000000002,10.153300000000002,-4.131869999999992,2.0015165160865536,1.0416829083355879,17.61584942442215,30.859336516086557,6.133386516086546,24.72595000000001,10.142020121268388,-10.0,1071.0,10.828465511840731
2023-07-11,19.783800000000042,10.058250000000044,-5.090199999999982,1.9439883982374226,0.9244384583647616,17.684176856602164,31.908188398237428,7.034188398237404,24.874000000000024,9.691423802732686,-8.7,348.0,8.906770281860972
2023-07-12,19.77030000000002,10.542380000000037,-3.4688999999999623,2.039858873411788,0.7128302917358837,15.449509165147617,28.747958873411733,5.50875887341175,23.239199999999983,11.264024997310685,-4.334375,173.375,3.0408804381498222
2023-07-13,19.2962,10.839650000000006,-2.877869999999973,1.9861849256544701,0.9026711773465195,14.223276103000956,27.038124925654415,4.864054925654443,22.174069999999972,12.16694152777967,-0.90625,36.25,5.039900997867718
2023-07-14,19.84823,10.069330000000036,-2.7841599999999858,1.9793492865154008,1.0372607273164363,15.579670013831787,27.395899286515373,4.7635092865153865,22.632389999999987,11.938279489294302,-1.1125,44.5,13.031535698845374
2023-07-15,20.50054,10.966400000000021,-3.496399999999994,2.0692720974432177,1.0409472440580885,16.14075934150128,29.562612097443207,5.565672097443212,23.996939999999995,10.790937286055112,-6.43125,257.25,3.882393998664305
2023-07-16,20.08495000000005,10.46243000000004,-3.3062499999999773,1.9704075982389213,0.8576054780061213,15.756783076245028,28.667857598238925,5.276657598238899,23.391200000000026,11.283370996777421,-2.5875,103.5,1.2613111375798638
2023-07-17,20.484280000000012,10.15945000000005,-3.999179999999967,1.9592763691352388,1.0017618194886495,17.28504818862382,30.441916369135186,5.958456369135206,24.48345999999998,10.363331745614289,-2.0125,80.5,1.7080813005862936
2023-07-18,19.56710000000004,10.247550000000047,-3.656599999999969,1.9301903232647533,0.7554197355382826,15.661760058802997,28.81049032326473,5.586790323264722,23.223700000000008,11.261885524967852,-0.0,0.0,4.199367616110792
2023-07-19,18.653999999999996,10.17724000000004,-3.350779999999986,1.9909893000723855,0.7009244405266486,14.519453740598976,27.346549300072354,5.341769300072372,22.004779999999982,12.074842774140961,-0.2375,9.5,3.6926890514167794
2023-07-20,19.242819999999995,10.631979999999999,-2.7183299999999804,2.0004680622592446,0.7760789183418524,14.105716980601073,26.6799480622592,4.718798062259225,21.961149999999975,12.349972458260083,-0.125,5.0,11.01200192990574
2023-07-21,19.355860000000007,10.849080000000015,-4.079869999999971,2.0161899820986378,0.8837684778893049,15.486608459987906,29.531789982098587,6.096059982098609,23.435729999999978,10.911352151246774,-0.0375,1.5,6.197845009079845
2023-07-22,17.912740000000042,10.366360000000043,-3.667599999999993,2.049635252639007,1.1927656740512589,14.456380926690258,27.297575252639035,5.717235252639,21.580340000000035,12.168796629678297,-0.85625,34.25,4.996383104438492
2023-07-23,18.118920000000003,10.635250000000042,-3.8899999999999864,2.068132499744081,0.7969974902916306,14.238799990035659,27.967052499744057,5.9581324997440674,22.00891999999999,11.810920657436952,-2.825,113.0,6.529501556481353
2023-07-24,17.70052000000004,10.232200000000034,-3.134299999999996,2.08573422715142,0.8692230848004101,13.557577311951832,26.054854227151452,5.220034227151416,20.834820000000036,12.809367526230744,-3.25625,130.25,6.8173305903421095
2023-07-25,17.117150000000038,10.819270000000017,-3.661049999999989,2.0368925353675422,0.8126455077946275,12.80846804316218,26.476142535367558,5.697942535367531,20.778200000000027,12.669143848312444,-4.85,194.0,4.6834268340142735
2023-07-26,17.13503000000003,10.65870000000001,-4.058799999999962,1.9865469078454225,0.714957592648716,13.23663450049412,27.239176907845376,6.045346907845385,21.19382999999999,12.291270815745179,-2.13125,85.25,7.361902479551682
2023-07-27,17.824270000000013,10.072050000000047,-2.177469999999971,1.9533266265489715,0.9106009538036801,12.793617580352588,24.132536626548927,4.130796626548943,20.001739999999984,13.771494791880286,-0.375,15.0,5.166534563158542
2023-07-28,20.067800000000034,10.598720000000014,-1.8311199999999985,1.974485904111873,0.9437014581122298,14.21838736222412,25.704525904111904,3.8056059041118715,21.898920000000032,12.766106369025636,-0.96875,38.75,6.87020826993296
2023-07-29,19.390800000000013,9.965300000000013,-0.9547999999999774,1.8981858821197193,0.8748498905324027,13.153335772652099,23.198585882119687,2.8529858821196967,20.34559999999999,14.08699445163029,-0.0,0.0,8.335638465018276
2023-07-30,20.846339999999998,10.32125000000002,-3.3957999999999515,1.9201972601795774,0.8341493436429346,16.67523660382244,29.55813726017948,5.315997260179529,24.24213999999995,10.778876606091728,-1.05,42.0,8.716830303590214
2023-07-31,21.236320000000035,10.29000000000002,-2.5309199999999805,1.8490346583027417,0.7725628987845994,16.098837557087336,28.147194658302737,4.379954658302722,23.767240000000015,11.460443046782984,-0.14375,5.75,0.05997527490091328
2023-08-01,20.498649999999998,10.319270000000017,-4.197360000000003,1.830409755563494,0.5583724445730809,16.76552220013656,30.7237797555635,6.027769755563497,24.69601,10.232997611861776,-0.0,0.0,4.687941172450999
2023-08-02,20.745400000000018,9.096100000000035,-4.336999999999989,1.8313810353374151,0.5196373806489305,18.337318415986317,31.25078103533741,6.168381035337404,25.082400000000007,9.948350332724942,-1.00625,40.25,0.6318717062920047
2023-08-03,20.859770000000026,10.117150000000038,-4.064499999999953,1.8584196808404272,0.6085107372043126,17.27405041804468,30.84718968084036,5.92291968084038,24.92426999999998,10.138789620796956,-1.68125,67.25,3.0946125779438507
2023-08-04,20.69490000000002,10.32806000000005,-3.9468799999999646,1.917654524018701,0.8833141367218786,17.114688660740512,30.50631452401865,5.864534524018666,24.641779999999983,10.317859205931711,-1.8,72.0,5.293760082951583
2023-08-05,21.270380000000046,10.03045000000003,-3.2184799999999996,1.9074062465724637,0.8654943514664524,17.23131059803893,29.61474624657251,5.125886246572463,24.488860000000045,10.719357328806268,-0.63125,25.25,6.801922330168842
2023-08-06,21.391020000000026,10.840540000000033,-4.192019999999957,1.9882520615032035,0.6446970948042008,17.375449156307354,31.763312061503143,6.18027206150316,25.583039999999983,9.629087591226721,-6.21875,248.75,4.71805800007976
2023-08-07,21.722800000000007,10.19464000000005,-3.775549999999953,1.8268821265490374,0.7248168732849649,17.855408999833912,31.10078212654895,5.60243212654899,25.49834999999996,9.949521596643422,-0.0625,2.5,2.365502176633693
2023-08-08,19.962199999999996,10.158620000000042,-4.002970000000005,1.938312480919194,0.7369104798539183,16.48177296077307,29.9064524809192,5.941282480919199,23.96517,10.677554620852845,-2.4375,97.5,1.9224254601822668
2023-08-09,22.44915000000003,10.167930000000013,-4.310399999999959,1.8140557681578002,0.5532516257849807,18.95892739394276,32.88400576815775,6.124455768157759,26.75954999999999,9.00858042931742,-2.83125,113.25,5.949964494990353
2023-08-10,21.689300000000003,9.965419999999995,-4.331759999999974,1.8811145912899292,0.738618381454387,18.6753729727443,32.23393459128988,6.2128745912899035,26.021059999999977,9.3812812197001,-10.0,555.0,5.208187754281091
2023-08-11,21.4307,10.292349999999999,-4.369179999999972,1.8815841718787851,0.585971875401583,17.975086047280342,32.05064417187873,6.250764171878757,25.799879999999973,9.491182017561243,-1.34375,53.75,6.607514144289031
2023-08-12,21.8057,10.43383,-4.539649999999995,1.7346951978634593,0.5695970971053157,18.21581229496877,32.61969519786345,6.274345197863454,26.345349999999996,9.190665814285921,-0.0125,0.5,9.131758311705356
2023-08-13,21.74218000000002,10.457730000000026,-2.3737499999999727,1.8694113687571985,0.4164375127056701,15.944048881462834,28.359091368757163,4.243161368757171,24.11592999999999,11.315713404789221,-0.6125,24.5,1.390718866037969
2023-08-14,21.074730000000045,9.9683,-3.024569999999983,1.757690069851492,0.53238714644732,16.42107721629884,28.881560069851503,4.782260069851475,24.099300000000028,11.11345378586634,-0.0,0.0,2.953862882265812
2023-08-15,22.27072000000004,10.654350000000022,-3.4118399999999838,1.3486495043331956,-0.24772955264268148,16.129129951690516,30.443049504333203,4.760489504333179,25.682560000000024,10.272907364239586,-0.0,0.0,3.607245461036152
2023-08-16,23.14580000000001,9.189050000000009,-3.2484000000000037,1.4131948067603162,0.4008610883784627,19.019205895138782,31.055794806760332,4.66159480676032,26.394200000000012,9.904398015595405,-0.0,0.0,0.8969639792731887
2023-08-17,21.712850000000003,10.45980000000003,-4.774849999999958,1.8144640834261736,0.6068737417111834,18.44923782513729,33.07701408342609,6.589314083426132,26.48769999999996,8.963079772695835,-0.70625,28.25,3.6151519475602356
2023-08-18,21.467520000000036,9.708200000000033,-4.36511999999999,1.7006870589709706,0.5929352704920348,18.418062329462998,31.898447058970987,6.065807058970961,25.832640000000026,9.579459035735965,-0.0,0.0,4.651938490592012
2023-08-19,18.06188000000003,9.654020000000003,-3.534400000000005,2.0736716547395986,1.0480503114511066,15.063981966190738,27.20435165473964,5.608071654739604,21.596280000000036,12.197527569289377,-3.68125,147.25,5.381590472822413
2023-08-20,21.560360000000003,10.327020000000005,-2.429239999999993,1.8202688388922184,0.6928010244631082,16.175649863355318,28.239108838892207,4.249508838892211,23.989599999999996,11.392920531810887,-0.0,0.0,7.708497943231489
2023-08-21,22.92425000000003,11.219539999999995,-2.624849999999981,1.6267684900273593,0.3184419556790772,16.27477044570645,29.80071849002735,4.25161849002734,25.54910000000001,10.533260656136463,-0.0,0.0,5.967611025449639
2023-08-22,22.65524000000005,11.114950000000022,-3.4207199999999602,1.8188186397575237,0.3765329975954046,17.156361637352916,31.315498639757493,5.239538639757484,26.07596000000001,9.77992017240581,-0.2875,11.5,7.946418912911607
2023-08-23,23.131280000000004,10.689540000000022,-3.531099999999981,1.5751319866085396,0.33934202304567407,17.887314009654176,31.768611986608505,5.10623198660852,26.662379999999985,9.539785362360192,-0.0,0.0,6.755442758957984
2023-08-24,22.43127000000004,9.51827000000003,-3.549099999999953,1.463958084112278,0.054712425334003,17.980770509446245,30.993428084112224,5.013058084112231,25.980369999999994,9.97936699346036,-0.01875,0.75,2.9143732820879205
2023-08-25,23.521479999999997,10.81555000000003,-3.374300000000005,1.4656038556417457,-0.17291478740696675,17.37291906823475,31.735683855641753,4.839903855641751,26.895780000000002,9.539703302580563,-0.0,0.0,1.6002221709522453
2023-08-26,21.501860000000022,10.940500000000043,-3.5401999999999703,1.9164639866951916,0.878655470342153,16.896679457037294,30.498723986695154,5.456663986695162,25.042059999999992,10.259213572099839,-2.625,105.0,3.898540612800329
2023-08-27,20.97488000000004,10.49430000000001,-4.631929999999954,1.8141365000076917,0.8314555013696463,17.758102001377324,32.05287650000764,6.446066500007646,25.606809999999996,9.531136026962713,-2.125,85.0,5.006565879461603
2023-08-28,24.030079999999998,9.108900000000006,-4.597749999999962,1.4949932943297881,1.0655889454585576,22.0795122397883,34.72057329432971,6.09274329432975,28.62782999999996,8.017533391752522,-0.13125,5.25,1.5138783248760153
2023-08-29,22.48610000000002,10.197530000000029,-4.056949999999972,1.740370221298292,0.9001974895768967,18.986087710875154,32.34037022129826,5.797320221298264,26.543049999999994,9.28377058192433,-0.09375,3.75,4.92547643355215
2023-08-30,22.72607000000005,10.891560000000027,-3.6040399999999977,1.6951539027415379,0.5461279198631246,17.679831822604683,31.629303902741583,5.299193902741536,26.330110000000047,9.626758485114863,-0.0375,1.5,0.43882824524217917
2023-08-31,22.004700000000014,10.437400000000025,-3.944559999999967,1.9318524056535011,1.0859514341876206,18.529663839841078,31.82567240565345,5.876412405653468,25.94925999999998,9.55846663974205,-7.9375,317.5,1.0600681340180358
2023-09-01,22.510950000000037,11.191200000000038,-3.201939999999979,1.9017541358725225,0.6658779172579443,17.089322053130445,30.816584135872517,5.103694135872502,25.712890000000016,10.031638586734914,-1.875,75.0,1.8233481575793915
2023-09-02,21.01812000000001,10.883450000000039,-3.582619999999963,2.1791632034594386,0.9842027750893863,16.88065597854876,30.362523203459375,5.761783203459402,24.600739999999973,10.3405626879632,-10.0,947.25,7.683002522925305
2023-09-03,21.395470000000046,10.722440000000006,-3.4571299999999496,1.7229568862512679,0.9268538287587944,16.77997071501005,30.032686886251213,5.1800868862512175,24.852599999999995,10.515966303791743,-0.0,0.0,3.485743721453718
2023-09-04,17.704740000000015,9.439480000000003,-3.8005699999999933,1.7232496007034683,0.9242205658998728,14.713300166603346,27.02912960070347,5.523819600703462,21.50531000000001,12.361189407219172,-0.025,1.0,6.451814946339343
2023-09-05,18.827420000000018,9.960530000000006,-3.483099999999979,2.0098221866918493,1.1139663177575017,15.473778504449342,27.803442186691825,5.492922186691828,22.310519999999997,11.826537325188838,-5.1875,207.5,2.5287557753075425
2023-09-06,19.427880000000016,10.362400000000036,-2.54446999999999,2.0170790069629447,1.046814151736612,14.673843158699526,26.53389900696294,4.5615490069629345,21.972350000000006,12.403795199257104,-3.53125,141.25,5.3581043697210315
2023-09-07,19.65990000000005,10.201000000000022,-2.9501999999999953,2.119310583960612,1.0853454187667921,15.613756002727428,27.679610583960653,5.069510583960607,22.610100000000045,11.80017029131892,-10.0,682.75,7.5596141505370085
2023-09-08,20.239620000000002,10.14330000000001,-2.0687999999999533,1.893653989976258,0.9505217207398005,15.009295710716003,26.270873989976167,3.9624539899762112,22.308419999999956,12.475109688560565,-0.00625,0.25,11.458209712378903
2023-09-09,20.895780000000002,10.96526,-2.4851999999999634,2.0054678289961885,0.8892323054627127,15.310420134458866,27.871647828996117,4.490667828996152,23.380979999999965,11.610967382761146,-1.4,56.0,8.695158499196669
2023-09-10,21.146299999999997,10.26916,-3.404579999999953,1.9723357530574503,0.8399764811354089,17.09403223419281,29.927795753057353,5.376915753057403,24.55087999999995,10.566976569571352,-1.14375,45.75,9.941584713943172
2023-09-11,20.645200000000045,10.298850000000016,-3.7321000000000026,1.8665768278097516,0.83184176833538,16.776868596145164,29.975976827809802,5.598676827809754,24.377300000000048,10.591523899394645,-0.14375,5.75,6.643121987425867
2023-09-12,21.06280000000004,9.722560000000044,-4.818879999999979,1.9383294472051489,0.8095429063992583,18.90699235360438,32.638889447205145,6.757209447205128,25.881680000000017,9.220673362890182,-4.23125,169.25,3.7236854529057575
2023-09-13,20.492639999999994,9.821300000000008,-3.4541399999999953,1.795247152730667,0.9102125843432418,16.83093973707389,29.196167152730652,5.249387152730662,23.94677999999999,11.000338736586116,-2.05625,82.25,5.501197656552984
2023-09-14,19.366420000000005,10.291770000000042,-3.772919999999999,1.9845469932171795,1.0649696685779304,15.897086661795072,28.896806993217183,5.757466993217179,23.139340000000004,11.231088448610365,-1.84375,73.75,5.894332543510064
2023-09-15,19.721000000000004,10.755269999999996,-3.3845000000000027,2.0712039293541125,0.9964664235595819,15.417900352913705,28.56120392935412,5.455703929354115,23.105500000000006,11.358849243610564,-3.9625,158.5,4.7962121919133365
2023-09-16,19.502980000000036,11.095000000000027,-4.558499999999981,2.1191740709388114,0.9597576225316402,16.04541169347044,30.73915407093881,6.677674070938792,24.061480000000017,10.283778809720673,-8.3625,334.5,5.639419895525752
2023-09-17,19.807000000000016,10.862700000000018,-4.560829999999953,2.1478001923530883,1.070840346830721,16.72377053918376,31.07646019235301,6.708630192353041,24.36782999999997,10.085955724559597,-10.0,1377.5,4.398321101092017
2023-09-18,20.2466,10.390250000000037,-5.25449999999995,2.1360650577082083,0.903113285863185,18.150028343571307,32.89166505770811,7.390565057708159,25.50109999999995,9.141890884716588,-10.0,963.5,10.714209406082343
2023-09-19,21.261900000000026,10.123800000000017,-4.346079999999972,1.8857178549405376,0.7797093486737481,18.149607203614266,31.839777854940507,6.23179785494051,25.607979999999998,9.609232409934293,-1.9875,79.5,7.336985224831967
2023-09-20,21.254400000000032,10.31230000000005,-3.9040599999999586,1.8673013916709351,0.8977538121404791,17.611215203811355,30.929821391670885,5.771361391670894,25.15845999999999,10.066252728951781,-0.65625,26.25,5.21328729264438
2023-09-21,21.297450000000026,10.827230000000043,-2.963169999999991,1.9960824871365617,0.7955357792774862,16.225008266414022,29.21987248713657,4.959252487136553,24.260620000000017,10.907440778525654,-1.04375,41.75,1.2667035092311223
2023-09-22,21.657920000000047,10.735220000000027,-3.1882399999999507,1.9945788280229522,0.7745509935105019,16.880069821533425,30.0289788280229,5.182818828022903,24.846159999999998,10.476616432249216,-1.36875,54.75,7.102446652109898
2023-09-23,21.447000000000003,10.742700000000013,-3.6580599999999777,1.9371492681006544,1.0405556224178554,17.340064890518477,30.700269268100612,5.595209268100632,25.10505999999998,10.160314917750725,-2.475,99.0,7.689249396967434
2023-09-24,20.826999999999998,10.42593000000005,-4.372299999999996,2.128463781999926,1.070047509823894,17.971881291823763,31.700063781999916,6.500763781999922,25.199299999999994,9.691529297728096,-10.0,1011.0,8.005115691978606
2023-09-25,20.112540000000024,10.35098000000005,-3.7358199999999897,2.020685308903296,1.0550003611768943,16.573065670080155,29.6048653089033,5.756505308903286,23.848360000000014,10.80771420967244,-10.0,1031.0,6.861254194496471
2023-09-26,21.47595000000001,10.803250000000048,-4.006749999999954,1.924342815711384,0.8866214787436775,17.49041429445498,31.413792815711304,5.931092815711338,25.482699999999966,9.802751419853507,-0.9625,38.5,6.491052923939319
2023-09-27,20.226200000000006,10.070640000000026,-4.122719999999958,1.9055787288984902,0.9605130104026216,17.14437173930105,30.377218728898413,6.028298728898449,24.348919999999964,10.422139904611413,-3.4375,137.5,9.61956399514301
2023-09-28,19.772970000000043,10.908650000000023,-4.335299999999961,2.0323246657353025,1.041181933105122,16.273126598840406,30.475894665735268,6.3676246657352635,24.108270000000005,10.400523190001138,-10.0,647.25,10.983350507014134
2023-09-29,19.62945000000002,10.780880000000025,-3.796549999999968,1.946644329670903,0.9123590830053558,15.504123412676222,29.16919432967086,5.743194329670871,23.425999999999988,11.075214629449704,-3.9625,158.5,11.997583073649226
2023-09-30,19.23090000000002,10.657920000000047,-3.4324399999999855,1.9977342321822675,0.984806206325402,14.987960438507628,28.093514232182258,5.430174232182253,22.663340000000005,11.644624131951332,-2.4875,99.5,5.39495513146553
2023-10-01,20.34530000000001,10.529629999999997,-3.2750599999999963,1.9538076346831872,0.9097321678281673,15.954269802511362,28.84922763468319,5.2288676346831835,23.620360000000005,11.171245137165442,-0.021875,0.875,6.356462682410629
2023-10-02,21.77720000000005,11.133000000000038,-2.739629999999977,1.703475167158615,0.2501004233568551,15.33740559051546,28.95993516715862,4.443105167158592,24.516830000000027,11.024957353607704,-0.0,0.0,6.513229820891955
2023-10-03,22.314260000000047,8.456140000000005,-1.316379999999981,1.529242658260273,0.18854832471419058,16.892290982974487,26.476262658260282,2.845622658260254,23.630640000000028,12.241836644418015,-0.19375,7.75,3.6956023623612664
2023-10-04,21.755700000000047,9.849660000000029,-1.176369999999963,1.7252513730027204,0.13542230615144035,14.943083679154142,25.833691373002694,2.9016213730026834,22.93207000000001,12.587718601278425,-0.4875,19.5,1.547712196096642
2023-10-05,22.415670000000034,9.797420000000045,-2.304719999999975,1.5993991265800105,0.43763738204660285,16.960006508626577,28.624509126579994,3.9041191265799853,24.72039000000001,11.156215897593995,-0.2,8.0,3.790157218047328
2023-10-06,20.42172000000005,9.696370000000002,-2.071299999999951,1.948620313273807,1.066623073530934,15.81189338680474,26.51294031327376,4.019920313273758,22.49302,12.333708947463379,-0.99375,39.75,2.0228007322669304
2023-10-07,22.18493000000001,9.859120000000019,-3.1330999999999563,1.6793117802379243,0.9002419502293719,18.038463730467242,30.130441780237845,4.8124117802378805,25.318029999999965,10.412905686033298,-0.0,0.0,4.663556568510272
2023-10-08,21.441340000000025,10.227869999999996,-3.3707999999999743,1.9248843571773477,0.9650309882869692,17.47418534546432,30.10782435717732,5.295684357177322,24.81214,10.458022472517598,-3.825,153.0,2.369082669221591
2023-10-09,21.097440000000006,10.340630000000033,-3.712069999999983,2.1195837094967374,1.1554470782467092,17.743910787743403,30.64116370949671,5.83165370949672,24.80950999999999,10.200120180777674,-10.0,2022.0,4.0098936069571876
2023-10-10,21.43154000000004,10.083920000000035,-4.491299999999967,2.0148875635277363,1.0107619311701797,18.86456949469789,32.42902756352771,6.506187563527703,25.922840000000008,9.290914490640887,-10.0,820.25,2.4730774606721257
2023-10-11,21.698720000000037,10.261560000000031,-3.6174399999999878,2.0113732663218116,0.8517652369015423,17.917738503223347,30.944973266321824,5.628813266321799,25.316160000000025,10.014377596360134,-10.0,527.0,3.782598748369982
2023-10-12,21.418480000000045,9.56606000000005,-3.5102999999999724,1.4634822094009223,0.08516696845202887,16.91136917785292,29.902562209400912,4.973782209400895,24.928780000000017,10.597928640201019,-0.0,0.0,1.1840392278739291
2023-10-13,21.69058000000001,9.402120000000025,-3.5404399999999896,0.7825054395765392,-1.169891220860336,15.44151421871618,29.55396543957653,4.322945439576529,25.23102,10.792146417790605,-0.0,0.0,5.755403043302711
2023-10-14,22.413900000000012,9.776120000000049,-3.926499999999976,1.1646015815066448,0.6437470702815631,18.372628651788148,31.43150158150661,5.091101581506621,26.34039999999999,9.779154629661377,-0.0,0.0,5.812369923053735
2023-10-15,22.374780000000044,8.85820000000001,-4.5668399999999565,1.487328839958593,0.8189607488985189,20.3897095888571,32.99578883995855,6.05416883995855,26.94162,8.980703124209185,-0.01875,0.75,4.167025874890747
2023-10-16,19.93100000000004,9.270470000000046,-4.649630000000002,1.8344961742316173,1.0359736290994874,18.1806298033311,31.06475617423166,6.484126174231619,24.580630000000042,10.110932240820773,-2.875,115.0,5.544104519766149
2023-10-17,21.249600000000044,9.437100000000044,-3.7107299999999555,1.698614870128722,0.9588693889851356,18.180714259113813,30.369674870128677,5.4093448701286775,24.96033,10.360053801511754,-0.021875,0.875,2.7320821516570413
2023-10-18,22.229270000000042,7.541600000000017,-4.046479999999974,1.327723932995923,0.7302800667106908,20.792153999706613,31.649953932995913,5.374203932995897,26.275750000000016,9.673685668908831,-0.425,17.0,2.1833938841181566
2023-10-19,22.31478000000004,7.43276000000003,-3.3933999999999855,1.151664488060078,0.5134052565978777,19.940489744657953,30.25324448806009,4.5450644880600635,25.708180000000027,10.37559195778664,-0.121875,4.875,4.193412024556844
2023-10-20,22.351650000000006,8.431300000000022,-3.63534999999996,1.3837067443647584,0.46625660988723894,19.405663354251942,31.006056744364685,5.019056744364718,25.986999999999966,9.983500198567583,-0.0,0.0,2.1708205309611985
2023-10-21,22.63516000000004,7.8881000000000085,-3.3521499999999946,1.375307937738853,0.756926463709874,20.231444401448755,30.714767937738884,4.727457937738848,25.987310000000036,10.110322819338137,-0.08125,3.25,3.437764255100901
2023-10-22,23.276200000000017,7.340100000000007,-3.3028299999999717,1.1019679292209048,0.7246000495498492,21.065497978770736,30.983827929220865,4.4047979292208765,26.57902999999999,9.948698254533497,-0.175,7.0,2.6089322479563957
2023-10-23,21.772670000000005,8.278279999999995,-4.266269999999963,0.4709529492657225,-0.556481382782124,17.67513156648357,30.776162949265654,4.737222949265686,26.038939999999968,10.18861222762672,-0.0,0.0,6.018608029680752
2023-10-24,22.71066000000002,7.712460000000021,-2.699799999999982,0.5316434966580346,-0.09908599953632802,18.130557497121686,28.641903496658017,3.2314434966580166,25.41046,11.181274380944444,-0.0,0.0,7.837977018515542
2023-10-25,22.049830000000043,7.276030000000048,-2.862699999999961,0.5586935481464366,-0.05789022402285582,18.137303324123536,28.3339235481464,3.4213935481463977,24.912530000000004,11.384050474554783,-0.0,0.0,2.5348904787945004
2023-10-26,22.39680000000004,7.952840000000037,-3.980199999999968,0.859245102323257,0.0856983664056088,19.369103468728838,31.216445102323235,4.839445102323225,26.37700000000001,9.90344045961524,-0.0,0.0,2.654762678039838
2023-10-27,21.967250000000035,7.228850000000023,-4.704349999999977,0.9999608636560993,0.5002511571193509,20.94296202077544,32.37591086365609,5.704310863656076,26.671600000000012,9.348396054693922,-0.0,0.0,2.111900639134604
2023-10-28,22.029719999999998,9.895399999999995,-4.783059999999978,1.495305992150577,0.5598052031696739,18.97249119532023,33.09114599215053,6.278365992150555,26.812779999999975,8.95586469894647,-0.0,0.0,1.6056287827986495
2023-10-29,20.040369999999996,9.553430000000048,-5.16543999999999,1.8997833103698554,0.8346574724863558,18.386820782856148,32.27103331036983,7.065223310369845,25.205809999999985,9.492230711163359,-5.678125,227.125,2.7763996751351705
2023-10-30,19.41485,9.54812000000004,-5.4208999999999605,1.822916272526868,0.7367180587219195,17.84726433124871,32.07956627252679,7.2438162725268285,24.835749999999962,9.651658763446392,-6.40625,256.25,2.0592803965323894
2023-10-31,19.92538000000002,8.805840000000046,-5.856049999999982,1.7457017483618529,0.9256424085017443,19.64693415686355,33.383181748361835,7.601751748361835,25.78143,8.96019555383242,-3.9,156.0,9.476766228730478
2023-11-01,20.31265000000002,9.381799999999998,-5.094579999999951,1.8579259229986747,0.9739838551681714,18.857339778166818,32.359735922998595,6.9525059229986255,25.40722999999997,9.427548281168868,-2.159375,86.375,5.704188532886763
2023-11-02,20.8014,10.803980000000024,-4.390099999999961,1.90077893226362,0.8304470436237352,17.118745975887293,31.482378932263543,6.290878932263581,25.191499999999962,9.822185016377318,-10.0,656.375,3.650639262873025
2023-11-03,19.652430000000038,10.423000000000002,-4.347999999999956,2.0192602412889187,0.8849230315396426,16.481613272828554,30.36769024128887,6.367260241288875,24.000429999999994,10.46688142448454,-9.75625,390.25,2.3083418882906526
2023-11-04,19.44174000000004,9.977300000000014,-5.015999999999963,2.107509354368858,0.9704283543932775,17.558377708762123,31.581249354368822,7.123509354368821,24.45774,9.869529095775135,-10.0,941.875,1.9555611470024579
2023-11-05,19.658749999999998,9.89790000000005,-4.249849999999981,1.9351142597612352,0.8182735746628964,16.76408783442406,30.093564259761195,6.184964259761216,23.90859999999998,10.61137950360876,-10.0,414.5,2.6760571507135404
2023-11-06,19.94070000000005,9.612940000000037,-4.839499999999987,1.9817246252936798,0.9070861584837644,18.056070783777443,31.601424625293703,6.821224625293667,24.780200000000036,9.827550672273446,-10.0,773.75,6.362285766176105
2023-11-07,19.96783000000005,10.189170000000047,-5.013459999999952,2.0717691486038348,0.7578275970284949,17.621716745632284,32.06651914860379,7.085229148603787,24.98129,9.583535815897108,-10.0,1021.0,3.44191154401708
2023-11-08,18.531200000000013,9.33540000000005,-4.88009999999997,2.0729774511589767,0.8906692143297619,17.039546665488672,30.36437745115893,6.953077451158947,23.411299999999983,10.56938730820525,-10.0,649.875,3.7889033907679517
2023-11-09,19.45156000000003,10.561000000000035,-4.965669999999989,1.7684785706121033,0.7487872094210388,16.373495780033124,31.15137857061211,6.734148570612092,24.417230000000018,10.117327104101719,-7.99375,319.75,0.12707979406724157
2023-11-10,19.499000000000024,9.64450000000005,-5.123239999999953,2.0012802421715037,0.9063113365432969,17.885331578714727,31.746760242171433,7.124520242171457,24.622239999999977,9.792827844052738,-10.0,579.0,3.298070973768075
2023-11-11,20.073750000000018,11.137400000000014,-4.855319999999949,1.1131766871586706,-0.4418792549857926,14.462967432172832,30.897566687158587,5.96849668715862,24.929069999999967,10.238849436557928,-0.0,0.0,3.819731752334822
2023-11-12,19.468440000000044,10.728600000000029,-4.923159999999996,1.0777352929177368,-0.21895988881095718,14.52177540410679,30.392495292917772,6.000895292917733,24.39160000000004,10.551348463546105,-0.0,0.0,2.1214424146015864
2023-11-13,19.546040000000005,11.07516000000004,-4.080449999999985,1.5240971511599355,-0.8135607945314405,13.261866356628445,29.23103715115991,5.60454715115992,23.62648999999999,11.090195694673298,-0.0,0.0,1.1595150303622288
2023-11-14,16.783650000000023,9.831080000000043,-4.273379999999975,1.503037027936898,0.38601132359457324,13.114998351531426,26.83344702793687,5.776417027936873,21.057029999999997,12.587397914321286,-0.021875,0.875,3.428293733420533
2023-11-15,19.464140000000043,9.280660000000012,-3.8966399999999908,1.6025076588782667,0.713283645914828,16.395911304793117,28.85992765887829,5.4991476588782575,23.360780000000034,11.275902738463458,-0.040625,1.625,2.5161946801686854
2023-11-16,21.09988000000004,9.855740000000026,-2.68295999999998,1.5806970286067212,0.8029139031429509,16.310710931749668,28.046497028606723,4.263657028606701,23.78284000000002,11.542275861889038,-1.478125,59.125,4.192194771637593
2023-11-17,21.531180000000006,9.992999999999995,-3.3358499999999935,1.5081336909179868,0.5106562928658036,16.892819983783795,29.71101369091798,4.84398369091798,24.86703,10.681543741511916,-0.025,1.0,6.654076580770693
2023-11-18,21.15667000000002,9.678120000000035,-2.487799999999993,1.5421789636402536,0.4712300691659266,15.979759032806157,27.67444896364026,4.0299789636402465,23.644470000000013,11.727154652941124,-0.0,0.0,5.919837085157294
2023-11-19,20.327600000000018,10.389300000000048,-4.033269999999959,1.412165481550801,-1.2182519873432511,14.165483494207479,29.806305481550737,5.44543548155076,24.360869999999977,10.739548816203182,-0.0,0.0,2.9796694359151044
2023-11-20,18.801600000000008,10.760520000000042,-3.799099999999953,1.8537739863888305,0.6205678846739602,14.31452187106271,28.253573986388744,5.652873986388784,22.60069999999996,11.620488548779178,-0.0,0.0,8.14774613313117
2023-11-21,19.174920000000043,10.113300000000038,-2.7398999999999774,2.047097260895896,1.013072448479761,14.86168970937564,26.701817260895893,4.786997260895873,21.91482000000002,12.340999925654671,-1.38125,55.25,3.5839550899954773
2023-11-22,18.885950000000037,10.885220000000004,-2.6000699999999597,2.032133668733138,0.8018585735610486,13.43479224229418,26.118223668733094,4.632203668733098,21.486019999999996,12.661137981214779,-0.465625,18.625,2.751708557935424
2023-11-23,19.444270000000017,9.905200000000036,-4.512639999999976,1.8894524654959355,0.9227516803977664,16.86391414589366,30.359002465495905,6.402092465495912,23.956909999999993,10.502817779171778,-1.5375,61.5,11.79855071838496
2023-11-24,19.110900000000015,10.104970000000037,-5.955199999999991,2.002450711142785,0.7307247015336316,17.694305412676385,33.02375071114278,7.957650711142776,25.066100000000006,9.190669079473992,-10.0,605.625,3.218683833199547
2023-11-25,17.958200000000033,9.61465000000004,-5.337739999999997,1.9393455147716168,0.7208839674072465,16.341519482178853,30.573025514771643,7.277085514771613,23.29594000000003,10.538932629895385,-2.628125,105.125,3.4840419678215073
2023-11-26,18.48248000000001,9.739340000000027,-4.729769999999974,1.8628288433920375,0.30707167642196964,15.642810519813963,29.804848843391994,6.592598843392011,23.212249999999983,10.876319674002275,-0.0,0.0,9.12614754692318
2023-11-27,18.013900000000035,9.88333,-4.95939999999996,1.972176996673511,0.7096016515301926,15.771748648203697,29.904876996673465,6.931576996673471,22.973299999999995,10.863553424030613,-1.7109375,68.4375,8.430592515053371
2023-11-28,19.38793000000004,9.88235000000003,-4.5493999999999915,1.9075429020660977,0.6394299995903339,16.601952901656432,30.39427290206612,6.456942902066089,23.93733000000003,10.488465122032778,-0.896875,35.875,6.174724467147056
2023-11-29,18.636320000000012,9.28860000000003,-3.987899999999968,1.887406135750382,0.7892420885661409,16.012268224316472,28.49952613575033,5.87530613575035,22.62421999999998,11.510439396376455,-0.709375,28.375,7.391859541655006
2023-11-30,19.133700000000033,8.843350000000044,-4.3879799999999705,1.9038170575646518,0.8957718984561325,17.477918956020744,29.813477057564626,6.291797057564622,23.521680000000003,10.80322390332418,-2.759375,110.375,7.621468587864165
2023-12-01,18.87805000000003,9.237729999999999,-4.533419999999978,1.9377686582629394,0.904837496216544,17.016346154479493,29.882658658262926,6.471188658262918,23.41147000000001,10.789923254673795,-1.24375,49.75,6.862131492958394
2023-12-02,17.919200000000046,9.947230000000047,-2.4237399999999525,1.9240928949769796,0.7805085039643131,13.100311398941244,24.69077289497693,4.347832894976932,20.34294,13.485835869239907,-0.00625,0.25,2.62932857561398
2023-12-03,17.910420000000045,9.981040000000007,-3.1700500000000034,1.883297448727717,0.7938435776365509,13.776571026364309,26.13381744872777,5.05334744872772,21.080470000000048,12.769677467331633,-0.046875,1.875,8.181749812139184
2023-12-04,17.232079999999996,11.327840000000037,-3.0965999999999667,1.9081510211394743,0.3242685448706766,11.233259566010076,25.333431021139404,5.004751021139441,20.328679999999963,13.241403899632076,-0.0,0.0,1.7654595413019127
2023-12-05,18.86477000000002,11.423550000000034,-3.0461499999999546,1.8808435570354618,0.0804865318700081,12.448700088905412,26.837913557035392,4.926993557035416,21.910919999999976,12.319506750062203,-0.0625,2.5,3.085785240180822
2023-12-06,21.28155000000004,10.199900000000014,-2.65722999999997,1.4924324943698934,-1.7614584617382434,13.469854032631645,28.088442494369872,4.1496624943698635,23.93878000000001,11.514165291427787,-0.0,0.0,2.4226292050537244
2023-12-07,21.051540000000045,8.999900000000025,-3.124459999999999,1.6942634700930626,0.7798023421253788,17.65016581221846,28.994723470093106,4.818723470093062,24.176000000000045,11.063622481023856,-0.05625,2.25,5.296081607764483
2023-12-08,19.232600000000048,10.11020000000002,-2.6785299999999665,1.9857978068260422,0.9353473651738113,14.722075171999847,26.575457806826023,4.664327806826009,21.911130000000014,12.404630714780183,-0.240625,9.625,4.55263316265097
2023-12-09,18.75887,10.488400000000013,-4.126749999999959,2.0498942394842175,0.9217572141160986,15.368871453600264,29.062264239484136,6.176644239484176,22.88561999999996,11.200276461921078,-4.765625,190.625,5.637756808777999
2023-12-10,19.246970000000033,10.73965000000004,-4.377479999999991,1.8224868713213596,0.5294228754989945,15.236709746820338,29.824416871321375,6.199966871321351,23.624450000000024,10.794615367342033,-0.353125,14.125,7.104442172301963
2023-12-11,19.4991,11.687100000000044,-3.637239999999963,1.7022019864436402,-0.5300890962624294,12.621352890181129,28.475781986443565,5.339441986443603,23.13633999999996,11.45627657952764,-0.29375,11.75,5.856898475660982
2023-12-12,19.83755000000002,10.210700000000031,-3.342839999999967,1.3814248438104642,-1.7318472496505137,12.619267594159908,27.90465484381042,4.724264843810431,23.18038999999999,11.737381310138232,-0.040625,1.625,0.930739972805751
2023-12-13,19.009500000000003,12.24490000000003,-1.6001299999999787,1.2514749275312056,-0.9332769164268484,8.682928011104309,23.461234927531166,2.8516049275311843,20.60962999999998,14.049905996236419,-0.0,0.0,3.0827925645301826
2023-12-14,18.25015000000002,12.121970000000033,-2.8804700000000025,1.4122704550346725,-0.6823202115261893,9.738600243508472,25.423360455034697,4.292740455034675,21.13062000000002,13.134027327026956,-0.0,0.0,6.993000469596345
2023-12-15,17.818570000000022,10.00576000000001,-4.054659999999956,1.8727968498695304,0.23562378914203919,13.975890639011538,27.800686849869464,5.927456849869486,21.873229999999978,11.947106183594315,-0.05,2.0,3.1616447550126368
2023-12-16,17.96792000000005,9.75036,-4.659059999999954,2.0102986896139896,0.4750778012964929,15.361996490910485,29.296338689613947,6.669358689613944,22.626980000000003,11.168366809847328,-0.490625,19.625,3.975484629873114
2023-12-17,18.052200000000028,9.598870000000034,-4.562599999999975,1.8388614933386407,-0.06006421449859545,14.794727278840014,29.016261493338618,6.401461493338616,22.614800000000002,11.317595609173907,-0.553125,22.125,6.926855542227896
2023-12-18,17.571920000000034,11.207449999999994,-4.555819999999983,1.670598599390587,-0.1913658682075834,12.399522731183026,28.354158599390587,6.22641859939057,22.127740000000017,11.718632211756812,-0.0,0.0,4.350606777598366
2023-12-19,18.911280000000033,11.755359999999996,-4.943799999999953,1.4186190287154545,-2.189952755888271,11.328386272827174,30.217499028715395,6.362419028715408,23.855079999999987,10.668075768295125,-0.0,0.0,4.4409673312365525
2023-12-20,18.730000000000018,12.238850000000014,-5.5054700000000025,1.6857750276213892,-1.0559581718857771,12.62643685573562,31.426715027621412,7.191245027621392,24.23547000000002,10.057713592872403,-0.0,0.0,2.5449400330951653
2023-12-21,19.98257000000001,10.689099999999996,-4.611359999999991,1.7119340931719762,-1.1001222889520363,14.516641804219944,30.917224093171967,6.323294093171967,24.59393,10.190806917272482,-0.0,0.0,3.684864362898213
2023-12-22,20.396569999999997,11.561550000000011,-3.3891399999999976,1.483746413935819,-1.6046547287776889,12.103251685158114,28.65859641393581,4.872886413935817,23.785709999999995,11.301915404564284,-0.0,0.0,5.666079880218436
2023-12-23,19.93795,13.205700000000036,-5.737199999999973,0.5470092640154007,-2.979217279507054,10.037241984508285,31.959359264015347,6.284209264015374,25.675149999999974,9.75582109925466,-0.0,0.0,1.1791414759185512
2023-12-24,20.312340000000006,11.76513,-5.06699999999995,1.5231234974775134,-1.6314658279897003,13.50586766948777,31.96946349747742,6.590123497477464,25.379339999999956,9.65138362066574,-0.0,0.0,5.796317160551102
2023-12-25,19.36868000000004,11.16586000000001,-4.163499999999999,1.4321587550581398,-1.807879595162774,11.990599159895396,29.12783875505818,5.595658755058139,23.53218000000004,11.166142641720114,-0.0,0.0,2.2837144243845393
2023-12-26,20.014730000000043,12.215660000000014,-4.78922,0.029642577605557108,-3.797723086391102,8.820209491214484,29.6228125776056,4.818862577605557,24.803950000000043,10.940983254174625,-0.0,0.0,2.334362840510211
2023-12-27,19.840970000000027,12.963279999999997,-5.275299999999959,0.6134213015366754,-3.0502565814579157,9.716154720078748,31.00499130153662,5.888721301536634,25.116269999999986,10.239480121398856,-0.0,0.0,3.6835477687489546
2023-12-28,19.15005000000002,12.192769999999996,-4.633399999999995,1.2378393970606112,-3.2135311942012663,9.614988202859365,29.654689397060622,5.871239397060606,23.783450000000016,10.939962906714868,-0.0,0.0,7.3728273077781985
2023-12-29,18.68398000000002,11.42190000000005,-5.038669999999968,1.487816415664895,-3.313973031165915,10.474593384498917,30.24913641566485,6.526486415664863,23.722649999999987,10.669277055093517,-0.0,0.0,10.808812652494339
2023-12-30,20.08236000000005,10.69186000000002,-4.920500000000004,1.3378969588441123,-3.0460069504582066,12.602890008385941,31.26125695884417,6.258396958844116,25.002860000000055,10.040437896908145,-0.0,0.0,7.070993064440973
2023-12-31,19.41995000000003,11.875730000000033,-4.578899999999976,1.2631966198122768,-3.7394384120869404,9.646878207725308,29.840946619812257,5.842096619812253,23.998850000000004,10.81873558908228,-0.0,0.0,11.08276391692395
2024-01-01,20.247900000000016,10.531980000000033,-6.1567699999999945,1.0556292456028018,-3.0032734378381747,13.925045807764604,33.617069245602806,7.212399245602796,26.40467000000001,8.867725545787778,-0.0,0.0,10.782430147976202
2024-01-02,18.44485000000003,10.348400000000026,-5.462529999999958,1.0826873548763842,-0.5100156418134816,14.131651713062865,30.452597354876332,6.545217354876343,23.90737999999999,10.626573669236166,-0.0,0.0,12.679081408804858
2024-01-03,18.75466,8.964170000000024,-4.336219999999969,1.3639169945593608,0.930203583669595,16.4208305782289,28.7910169945593,5.70013699455933,23.09087999999997,11.401566874885418,-0.0,0.0,14.252993143040014
2024-01-04,16.501250000000027,8.96750000000003,-4.730869999999982,1.6305456882168983,1.0044813854931363,14.899647073710014,27.59353568821689,6.36141568821688,21.23212000000001,12.22878632676617,-0.290625,11.625,15.419299349436674
2024-01-05,17.75698,10.646360000000016,-5.189300000000003,1.7988822940891396,0.29332313758152395,14.39212543167065,29.934462294089144,6.9881822940891425,22.94628,10.894821304516142,-0.025,1.0,9.21830567361419
2024-01-06,19.733420000000024,9.190359999999998,-2.6692299999999705,1.77802495852427,0.4683279765752104,15.458642935099476,26.849904958524235,4.4472549585242405,22.402649999999994,12.24077569715746,-0.0625,2.5,11.821338043632853
2024-01-07,19.853300000000047,9.35208,-4.090339999999969,1.396861839803762,0.7341639392709567,16.722585779074734,29.430841839803747,5.487201839803731,23.943640000000016,10.971609867541247,-0.0,0.0,8.910683010095873
2024-01-08,17.78335000000004,10.55322000000001,-5.502079999999978,1.8793423655616266,0.5237331575226563,15.135285523084292,30.666852365561624,7.381422365561605,23.28543000000002,10.516975296298256,-1.484375,59.375,11.355736546843158
2024-01-09,16.964930000000038,9.474080000000015,-5.305729999999983,1.4059206178893078,0.5331875976031597,14.735688215492473,28.98231061788931,6.7116506178892905,22.27066000000002,11.501936739960797,-0.0,0.0,10.80982642443963
2024-01-10,17.24508000000003,9.79812000000004,-5.826570000000004,1.6120769154651384,0.3806877346098645,15.266294650074997,30.510296915465176,7.438646915465142,23.071650000000034,10.683985930085214,-0.0,0.0,4.2834472028470625
2024-01-11,19.499480000000005,10.90157000000005,-4.140839999999969,1.0918004118670979,-0.21306127315438061,13.617489138712642,28.87296041186704,5.232640411867067,23.640319999999974,11.307161980334797,-0.0,0.0,6.972917153956101
2024-01-12,18.479880000000037,10.665729999999996,-3.4995999999999867,1.4858865788803541,-0.37758906200713227,12.42204751687325,26.964966578880365,4.985486578880341,21.979480000000024,12.332866796988469,-0.0,0.0,11.729110777290337
2024-01-13,20.22800000000001,9.009119999999996,-2.6852799999999775,1.3429944138356404,-0.2860816108839117,14.961072802951719,26.941554413835604,4.028274413835618,22.913279999999986,12.186161299028186,-0.040625,1.625,7.7546255378602
2024-01-14,20.63240000000002,12.23150000000004,-3.4672599999999534,1.0763164516948223,-3.8937131395617826,9.050763312132972,28.643236451694747,4.543576451694776,24.09965999999997,11.318626410906177,-0.0,0.0,5.714736091306919
2024-01-15,21.168480000000045,11.926900000000046,-4.8644199999999955,1.1184603049980524,-3.313760003549703,11.910700301448344,32.01578030499809,5.982880304998048,26.03290000000004,9.584014480212204,-0.0,0.0,6.121087591512957
2024-01-16,20.798429999999996,11.71655000000004,-4.505380000000002,1.1412426704841891,-4.289604707127182,10.438897963356965,30.95043267048419,5.6466226704841915,25.30381,10.146789463088453,-0.0,0.0,2.6546202491028317
2024-01-17,20.855740000000026,12.064700000000016,-3.831269999999961,0.9926197194079123,-4.43304133077055,9.181888388637333,29.51089971940786,4.823889719407873,24.687009999999987,10.870828681253556,-0.0,0.0,3.4435988289131148
2024-01-18,20.166960000000017,6.573750000000018,-2.620180000000005,1.2892723322985944,0.2533650903983471,17.756027422696945,26.69659233229862,3.9094523322985992,22.787140000000022,12.318147601046235,-0.2125,8.5,6.349204468180262
2024-01-19,20.805440000000033,7.8950399999999945,-2.2032199999999875,1.3139880500983168,-0.03003913577890671,16.397568914319436,26.525868050098325,3.5172080500983043,23.00866000000002,12.346023541851707,-0.0,0.0,1.9523604431198305
2024-01-20,20.70870000000002,6.496180000000038,-2.5022299999999973,1.3146933685092108,0.39292262939295597,18.422365997902148,27.027853368509227,3.816923368509208,23.21093000000002,12.103392744477333,-0.171875,6.875,3.865572142852343
2024-01-21,21.917140000000018,10.838160000000016,-2.5649799999999914,1.1752435889299022,-1.697877572458765,13.12132601647113,28.222343588929903,3.7402235889298936,24.48212000000001,11.419231876101776,-0.0,0.0,3.49119493741928
2024-01-22,21.812220000000025,10.529570000000035,-3.5399999999999636,1.2898499841965076,-1.461879496051722,14.650620488144739,30.18206998419646,4.829849984196471,25.35221999999999,10.439613235291006,-0.0,0.0,3.8998269038333424
2024-01-23,21.149800000000027,10.601280000000031,-2.2772999999999683,1.1238786814964783,-2.367537650696079,11.582161030800364,26.828278681496442,3.4011786814964466,23.427099999999996,12.178806719532417,-0.0,0.0,5.531161028676221
2024-01-24,21.09957000000003,7.86990000000003,-2.9709499999999593,1.2966128410468514,-0.11688145666175842,17.38035138438505,28.3380828410468,4.267562841046811,24.070519999999988,11.417521498359463,-0.0,0.0,6.793670012102436
2024-01-25,20.434900000000027,6.2132799999999975,-2.2306299999999624,1.1905970225824376,0.4112248337111737,18.054071856293604,26.08675702258239,3.4212270225824,22.66552999999999,12.606883867567888,-0.090625,3.625,3.8950074510151134
2024-01-26,20.324370000000044,8.669820000000016,-3.5707199999999943,0.7091168509408021,-1.3020431864189277,14.632343664521898,28.174926850940835,4.2798368509407965,23.89509000000004,11.603029386486355,-0.0,0.0,3.8041429720583584
2024-01-27,19.754970000000014,11.809560000000033,-3.8075299999999856,0.8879519503998949,-4.0449533224921765,8.595938627907685,28.25798195039988,4.695481950399881,23.5625,11.603837693106186,-0.0,0.0,8.226012439170788
2024-01-28,19.146450000000016,10.910500000000013,-3.526649999999961,1.0993152225148037,-3.2516631829954576,9.61025203951931,27.29906522251474,4.625965222514765,22.673099999999977,12.129381116461445,-0.0,0.0,8.120789586171067
2024-01-29,19.82388000000003,11.893979999999999,-2.3350999999999544,0.8141298660609095,-4.527705536922326,6.55142432913857,25.30820986606085,3.149229866060864,22.158979999999985,13.07724342199549,-0.0,0.0,8.61660398763965
2024-01-30,21.64584000000002,9.654930000000036,-3.395969999999977,0.6468597430425689,-2.423648868461555,13.610090874580976,29.084639743042544,4.042829743042546,25.041809999999998,11.036515267097684,-0.0,0.0,7.163987223084341
2024-01-31,22.367430000000013,8.000699999999995,-4.396500000000003,0.9071155828674478,-0.27742075515322995,19.39292482771424,32.06754558286747,5.303615582867451,26.763930000000016,9.477970848449843,-0.0,0.0,4.938645292726856
2024-02-01,22.35146000000003,7.471730000000036,-4.6211999999999875,0.9810997527731047,0.08724709892140936,20.569276851694497,32.57495975277311,5.602299752773092,26.97266000000002,9.22182782431247,-0.0,0.0,6.948316235144342
2024-02-02,22.50875000000002,7.951000000000022,-5.681919999999991,1.0931349153307224,0.19088530701975515,21.523690222350467,34.965724915330725,6.775054915330713,28.19067000000001,8.009521448480712,-0.0,0.0,9.830831409456914
2024-02-03,21.767660000000035,7.531150000000025,-4.8145999999999844,1.3823538597930565,0.604994285554028,21.03845814534708,32.77921385979306,6.196953859793041,26.58226000000002,9.139065948922564,-0.31875,12.75,10.930483851280119
2024-02-04,21.127650000000017,11.566520000000025,-5.110719999999958,0.9164109777325962,-1.6974461575332498,13.890814820199296,32.26550097773253,6.027130977732554,26.238369999999975,9.475223525534318,-0.0,0.0,1.8443070477662773
2024-02-05,22.29970000000003,9.192160000000001,-5.61126999999999,0.6282936040350933,-0.996640763578398,18.350462840456714,34.150533604035104,6.239563604035084,27.91097000000002,8.453239178909882,-0.0,0.0,4.187974233649753
2024-02-06,23.28866000000005,9.861630000000048,-5.7013299999999845,0.6463403477858378,-1.242784582635295,18.53191576515053,35.33766034778586,6.347670347785822,28.989990000000034,7.790255970893099,-0.0,0.0,5.8506514954639695
2024-02-07,24.20876000000004,8.594500000000039,-6.486499999999978,0.10918412355965756,-0.3852545844803785,21.82468953907926,37.290944123559655,6.595684123559636,30.69526000000002,6.769370379119209,-0.0,0.0,4.682779796388586
2024-02-08,24.68502000000001,8.63363000000004,-7.378399999999999,0.2034786849773127,-0.11321580063736292,23.52005288433992,39.64529868497732,7.581878684977312,32.06342000000001,5.562532432411388,-0.0,0.0,6.151626497041707
2024-02-09,23.721580000000017,7.854399999999998,-5.762119999999982,0.480671908734962,0.03214295077805218,22.142114859513015,35.72649190873494,6.242791908734944,29.4837,7.573284022391931,-0.0,0.0,12.647866220778551
2024-02-10,21.19222000000002,9.61710000000005,-4.717999999999961,1.1930542787885088,-2.311678818464941,15.174495460323499,31.82127427878845,5.91105427878847,25.91021999999998,9.674300614041329,-0.0,0.0,13.44872139181355
2024-02-11,21.374400000000037,8.802580000000034,-5.660499999999956,0.9435076741366402,-2.0690904563291497,17.10673721780745,33.63890767413659,6.6040076741365965,27.034899999999993,8.766315173411897,-0.0,0.0,7.428426703931132
2024-02-12,21.797020000000032,9.386000000000024,-6.15992,0.41176814338859913,-2.385778271491688,16.59692987189692,34.52862814338863,6.571688143388599,27.95694000000003,8.312788671544297,-0.0,0.0,10.393834396362339
2024-02-13,21.925130000000024,7.333280000000002,-5.495339999999999,1.075283774745003,-0.30453026723574794,20.857943507509276,33.991093774745025,6.570623774745002,27.420470000000023,8.540101920752761,-0.0,0.0,15.410249044409873
2024-02-14,21.704250000000002,8.233060000000023,-4.2783000000000015,1.1964293711380378,-0.3071436987072502,18.638775672430768,31.457279371138043,5.474729371138039,25.982550000000003,9.816003085228488,-0.0,0.0,16.473285958444592
2024-02-15,21.81405000000001,8.409019999999998,-2.9273999999999774,0.6801798320963144,-0.8213175759354954,16.191292256160807,28.349029832096278,3.6075798320962917,24.741449999999986,11.389162576471847,-0.0,0.0,18.1824258522728
2024-02-16,21.508260000000007,10.003700000000038,-3.037269999999978,1.160751282832507,-0.6091277437526514,15.093453539079803,28.74355128283247,4.198021282832485,24.545529999999985,11.190855855370728,-0.0,0.0,17.5918333553553
2024-02-17,23.22103000000004,7.863980000000026,-2.8413999999999646,0.5340644773715439,-0.012557821762470667,18.719956655609053,29.437894477371515,3.3754644773715086,26.062430000000006,10.748245232204965,-0.0,0.0,8.00171683638489
2024-02-18,23.61650000000003,7.652000000000044,-1.983000000000004,0.4550033160600151,0.11124977685437898,18.513753092914385,28.037503316060054,2.438003316060019,25.599500000000035,11.425383553798952,-0.0,0.0,1.1669344374507518
2024-02-19,22.98544000000004,7.134100000000046,-2.097939999999994,0.5288174944050752,0.12545998161021998,18.603557476015283,27.710137494405103,2.6267574944050693,25.083380000000034,11.628727721449877,-0.0,0.0,4.331990768691035
2024-02-20,23.75463000000002,7.7540200000000254,-3.426499999999976,0.545591979665403,0.19158713585431997,20.164289115519693,31.153221979665375,3.972091979665379,27.181129999999996,9.856108242361188,-0.0,0.0,9.831471839973911
2024-02-21,23.707640000000026,7.930800000000033,-2.374499999999955,1.1754614054721628,0.7158729750226485,20.04267438049476,29.6321014054721,3.549961405472118,26.08213999999998,10.59563074775366,-0.0,0.0,6.3386891618844245
2024-02-22,23.997299999999996,8.324550000000045,-2.2917999999999665,0.5705846154047549,0.05882139208472381,18.593956007489396,29.151484615404684,2.8623846154047214,26.289099999999962,10.84110295036885,-0.0,0.0,4.9624660189470795
2024-02-23,24.214170000000024,9.1173,-3.0849999999999795,0.7940207011420739,0.055523541193849724,19.031414242335927,31.178190701142057,3.8790207011420534,27.299170000000004,9.808167794815233,-0.0,0.0,9.815762971512576
2024-02-24,24.22732000000002,8.630300000000034,-3.8839499999999703,1.2240013100341685,0.7823126868082682,21.487283996842393,33.21922131003413,5.107951310034139,28.11126999999999,8.770813029985675,-0.15,6.0,6.372764572261397
2024-02-25,23.3433,7.608240000000023,-5.078069999999968,1.3063794847611234,0.760132837312824,22.87964232207389,34.80581948476106,6.384449484761092,28.421369999999968,8.023836760755444,-0.0,0.0,9.198183864439189
2024-02-26,22.02108000000004,7.768150000000048,-5.089149999999961,1.2321394384986775,0.4488400607834251,21.023059499282056,33.43151943849864,6.3212894384986384,27.11023,8.803666001046622,-0.0,0.0,7.8602373617026
2024-02-27,22.35146000000003,8.570700000000045,-3.915840000000003,1.3604445350285914,0.07434489977117664,19.131389434799758,31.54358453502863,5.276284535028594,26.267300000000034,9.716089626650842,-0.0,0.0,6.313111352562011
2024-02-28,23.901880000000006,7.8280300000000125,-4.107399999999984,0.4027547029558036,0.03623014303923355,20.620234845995014,32.51943470295578,4.510154702955788,28.00927999999999,9.167789641996535,-0.0,0.0,9.286571089251275
2024-02-29,23.384299999999996,7.484520000000032,-4.87152999999995,0.10355125328123904,-0.3263563375377885,20.548504915743365,33.230911253281135,4.975081253281189,28.255829999999946,8.852018175009107,-0.0,0.0,10.507417667933511
2024-03-01,23.424040000000048,7.511900000000026,-3.8376799999999776,0.5786263973600967,0.16705351844257166,20.495499915802668,31.6780263973601,4.416306397360074,27.261720000000025,9.613171576767229,-0.0,0.0,10.723730436532959
2024-03-02,23.870570000000043,9.427580000000034,-3.8095500000000015,0.46063729639115536,-0.5186598840216448,18.19451741236952,31.950307296391202,4.270187296391157,27.680120000000045,9.452352076797695,-0.0,0.0,9.662728963726977
2024-03-03,24.344600000000014,8.373250000000041,-3.101479999999981,0.7240349160068149,0.3720371073605975,20.168902023367366,31.27159491600679,3.825514916006796,27.446079999999995,9.757150200365118,-0.0,0.0,3.014379434086245
2024-03-04,25.90790000000004,9.817830000000015,-4.657699999999977,0.7874278153788055,0.38610523792061713,21.921303053299425,36.0107278153788,5.4451278153787825,30.565600000000018,7.3100705813642435,-0.0,0.0,6.432549656574141
2024-03-05,26.26418000000001,10.200649999999996,-3.608000000000004,0.553373533832314,0.19319693593507736,20.41810046976741,34.03355353383233,4.161373533832318,29.872180000000014,8.288584512811724,-0.0,0.0,8.096286092999568
2024-03-06,25.67700000000002,9.55233000000004,-2.929969999999969,0.5467842817679411,0.19084907399548,19.79227335576337,32.0837242817679,3.47675428176791,28.60696999999999,9.287995332873038,-0.0,0.0,7.739797564238837
2024-03-07,25.111400000000003,9.11187000000001,-2.877970000000005,0.8837312395285153,0.5077764183172349,20.269007657845748,31.751071239528528,3.76170123952852,27.989370000000008,9.473244150837502,-0.0,0.0,9.746940604166598
2024-03-08,25.07266000000004,9.102200000000039,-2.2782699999999636,0.8835950368460885,0.4692394507446238,19.60156448759068,30.512795036846057,3.161865036846052,27.350930000000005,10.094173850785864,-0.0,0.0,7.0262718144100305
2024-03-09,25.856700000000046,9.686800000000005,-2.6377299999999764,0.8319818457696897,0.47889584886934244,20.11850769463905,31.96414184576969,3.469711845769666,28.494430000000023,9.334902995174104,-0.0,0.0,6.308222490177127
2024-03-10,24.310699999999997,8.774400000000014,-3.3596000000000004,1.312505566785319,0.7607738413378797,20.969179408123182,32.34240556678532,4.672105566785319,27.670299999999997,9.200807235253308,-0.065625,2.625,3.669013521744808
2024-03-11,24.968700000000013,9.334220000000016,-3.2733199999999556,1.013151531586061,0.5355996704707309,20.456551202056744,32.528491531585985,4.286471531586017,28.242019999999968,9.086394998724359,-0.0,0.0,2.826327661797523
2024-03-12,25.465599999999995,9.27758,-4.383579999999995,0.9449463528703745,0.5974511550170973,22.11399750788746,35.17770635287036,5.3285263528703695,29.84917999999999,7.741336035287873,-0.0,0.0,1.6436367628061563
2024-03-13,25.130240000000015,9.700600000000009,-4.429359999999974,1.0972989881894932,0.5133786041362214,21.469677592325695,35.086258988189456,5.526658988189467,29.55959999999999,7.797172803128035,-0.0,0.0,3.7600635746662388
2024-03-14,24.40730000000002,10.146600000000035,-4.038340000000005,1.5567479300856348,0.5624559593738354,20.41824388945946,34.040727930085666,5.59508793008564,28.445640000000026,8.333990753008834,-0.0,0.0,5.082650851936546
2024-03-15,24.720060000000046,10.026270000000011,-2.939429999999959,1.4908903358734733,0.8319614935519439,19.95607182942541,32.08981033587344,4.430320335873432,27.659490000000005,9.298588206726492,-0.0,0.0,5.30661766877969
2024-03-16,25.040200000000027,9.053830000000005,-2.952639999999974,1.288336805275776,0.8880220461866202,21.115368851462392,32.23381680527575,4.24097680527575,27.99284,9.220929796861526,-0.0,0.0,7.506162564174337
2024-03-17,24.710470000000043,8.652000000000044,-3.3139999999999645,1.0169505501474418,0.6545275359236484,21.043948086071055,32.355420550147414,4.330950550147406,28.024470000000008,9.186255701040466,-0.0,0.0,8.116592869650184
2024-03-18,25.95663000000002,9.86694,-3.665079999999989,0.743673740280201,0.37023782059480936,20.868681560875018,34.0304637402802,4.40875374028019,29.621710000000007,8.299240443421297,-0.0,0.0,3.8482586041225355
2024-03-19,25.10092000000003,9.002440000000036,-4.502359999999953,0.7244698809769261,0.3733490841069056,21.69865896508378,34.83010988097686,5.226829880976879,29.603279999999984,7.938499909500649,-0.0,0.0,8.31464649814716
2024-03-20,25.434529999999995,9.301400000000001,-6.076179999999965,1.0391050653678349,0.6529059371425774,23.90132100251037,38.62599506536776,7.1152850653678,31.51070999999996,6.016231468824003,-0.0,0.0,9.54196713740768
2024-03-21,24.093650000000025,8.43440000000004,-5.796269999999993,1.112277534155055,0.6292947785711931,23.197092312726227,36.798467534155066,6.908547534155048,29.889920000000018,6.993228782768881,-0.034375,1.375,8.085411908307112
2024-03-22,24.670370000000048,8.569800000000043,-4.981539999999995,1.005378902407415,0.630001619391976,22.71749052179939,35.638828902407454,5.98691890240741,29.651910000000044,7.546977410002285,-0.04375,1.75,10.670242817563851
2024-03-23,26.27502000000004,10.155020000000036,-4.498299999999972,0.5094230344103039,0.15735924349121433,21.285082277901495,35.78104303441029,5.007723034410276,30.773320000000012,7.4148767433411535,-0.0,0.0,7.6227566377165346
2024-03-24,25.806730000000016,9.789150000000006,-3.9012199999999666,0.41251348265899423,0.0618486938009255,20.393162176459896,34.02168348265894,4.313733482658961,29.707949999999983,8.316195359350445,-0.0,0.0,12.469975075644532
2024-03-25,26.416530000000023,10.280079999999998,-3.889700000000005,0.5796776781478457,0.2242291782432062,20.83005685639108,34.77560767814788,4.4693776781478505,30.306230000000028,7.91158752940504,-0.0,0.0,9.146230377813586
2024-03-26,26.44058000000001,10.363980000000026,-4.4978399999999965,0.48000848577515853,0.12312505131779972,21.17757353709294,35.91626848577516,4.977848485775155,30.938420000000008,7.341976737624634,-0.0,0.0,2.3136592462243986
2024-03-27,25.676840000000027,9.949330000000032,-4.17044999999996,0.21395170799263497,-0.22042215329940973,19.89148955469318,34.23169170799258,4.384401707992595,29.847289999999987,8.219275682727357,-0.0,0.0,5.454643925527805
2024-03-28,26.48983000000004,10.440269999999998,-4.238259999999968,0.6719133242024782,0.28263343804633223,21.24236676224882,35.638263324202455,4.910173324202447,30.72809000000001,7.476100279158402,-0.0,0.0,6.3405839667834325
2024-03-29,26.759240000000034,10.60555000000005,-4.315830000000005,0.7682911636762242,0.4019652282664765,21.63977639194269,36.15919116367627,5.08412116367623,31.07507000000004,7.2052975436851625,-0.0,0.0,2.9199894750467794
2024-03-30,26.814360000000022,10.77800000000002,-4.215599999999995,0.4174029720317094,0.008322271669101156,20.677685243700807,35.66296297203172,4.633002972031704,31.029960000000017,7.454866640945738,-0.0,0.0,6.588435479460106
2024-03-31,25.962300000000027,10.013760000000048,-5.0240799999999695,0.5295173407859579,0.14079156296497786,21.642928903750885,36.539977340785924,5.553597340785927,30.986379999999997,7.048714770182414,-0.0,0.0,0.9894194476502369
2024-04-01,26.520070000000032,10.546199999999999,-3.4720800000000054,0.8536735085391456,0.29216620624549705,20.59178971478468,34.31790350853919,4.325753508539151,29.992150000000038,8.132233611005745,-0.0,0.0,0.9389268505733712
2024-04-02,28.488950000000045,12.188930000000028,-4.145420000000001,0.6042108533365536,0.2567795073766206,21.306430360713193,37.3840008533366,4.749630853336555,32.63437000000005,6.548795921942428,-0.0,0.0,4.999906694640693
2024-04-03,27.6053,11.445860000000039,-2.9106499999999755,0.846372932485167,0.487102824479166,20.40356575696427,34.27297293248512,3.7570229324851425,30.515949999999975,8.122445817679306,-0.0,0.0,3.730322621866267
2024-04-04,27.748130000000003,11.62910000000005,-2.704379999999958,0.42350854864861276,0.05970766153961904,19.306626210188142,33.58039854864853,3.1278885486485706,30.45250999999996,8.467867163506412,-0.0,0.0,1.7541914740779811
2024-04-05,28.16604000000001,11.99430000000001,-2.354069999999979,0.1688380936478211,-0.17871821542576072,18.51592987822204,33.04301809364779,2.5229080936478,30.52010999999999,8.724799743076744,-0.0,0.0,4.59484778366403
2024-04-06,28.23490000000004,12.01803000000001,-3.812539999999956,0.5762690175421881,0.21134115756171923,20.81702017510389,36.43624901754214,4.388809017542144,32.047439999999995,7.027246941956491,-0.0,0.0,5.159727493932032
2024-04-07,28.284050000000036,12.045370000000048,-2.738839999999982,0.3219714369174653,-0.0038041446301235737,19.29568729228731,34.083701436917465,3.0608114369174473,31.022890000000018,8.202681214366237,-0.0,0.0,6.561805903747725
2024-04-08,27.77890000000002,11.55084000000005,-2.378599999999949,0.3661436952194208,0.026598230445188165,18.99940192566453,32.90224369521934,2.74474369521937,30.15749999999997,8.805970705325024,-0.0,0.0,9.781265665030325
2024-04-09,26.225850000000037,10.242880000000014,-3.085899999999981,0.9878257027247628,0.6023001955294376,20.658995898254204,33.38547570272476,4.073725702724744,29.311750000000018,8.605806650116051,-0.0,0.0,9.132324367086623
2024-04-10,26.81540000000001,10.750200000000007,-3.661959999999965,0.6196767494528785,0.2517321244091022,20.59856887386195,34.75899674945282,4.281636749452844,30.477359999999976,7.90544935208743,-0.0,0.0,9.67246963400121
2024-04-11,27.014730000000043,10.92986000000002,-3.878819999999962,0.746560207849825,0.378908672596026,21.089158880445837,35.51893020784979,4.625380207849787,30.893550000000005,7.51714619284553,-0.0,0.0,2.728758907947452
2024-04-12,25.948200000000043,10.088770000000011,-4.637879999999996,1.307710423241815,0.8918778320297065,22.69689825527155,36.53167042324185,5.945590423241811,30.586080000000038,7.033241566923039,-0.0,0.0,6.251545146878944
2024-04-13,25.50210000000004,9.437400000000025,-2.963300000000004,1.1130176646105383,0.7532544739493687,20.894272138559927,32.54171766461059,4.076317664610542,28.465400000000045,9.053114540833121,-0.0,0.0,8.367334359323022
2024-04-14,26.187700000000007,10.034019999999998,-1.5224000000000046,0.9630488860266837,0.6003647876900118,19.23949367371671,30.1955488860267,2.4854488860266883,27.71010000000001,10.202732686309275,-0.0,0.0,2.8078799428852643
2024-04-15,26.563559999999995,10.65545000000003,-3.2078599999999824,0.9480285628310412,0.42337160685684694,20.487370169687836,33.927308562831,4.155888562831024,29.771419999999978,8.324286673256552,-0.0,0.0,7.247512994532257
2024-04-16,27.591760000000022,11.434900000000027,-2.500219999999956,0.703645689791017,0.34511496695114374,19.70584065674211,33.29584568979095,3.203865689790973,30.091979999999978,8.612500238782218,-0.0,0.0,7.4608781817719105
2024-04-17,28.62136000000004,12.308250000000044,-3.619269999999972,0.9914175671347039,0.6207661322191598,21.54456369935383,36.851317567134686,4.610687567134676,32.24063000000001,6.809955499067826,-0.0,0.0,6.3897684085216415
2024-04-18,29.35522000000003,12.981840000000034,-3.148779999999988,0.9530835323069482,0.5920379344714775,21.06728146677841,36.605863532306955,4.101863532306936,32.50400000000002,6.924249420448518,-0.10625,4.25,4.19194709178691
2024-04-19,29.279629999999997,12.884240000000034,-3.5638799999999833,1.1730684369492792,0.8052221081274524,21.93756054507668,37.58045843694924,4.7369484369492625,32.84350999999998,6.436329572678915,-0.3,12.0,1.76162958488172
2024-04-20,26.10220000000004,11.313620000000014,-3.5924699999999916,1.5187768150261718,0.8665042521820396,20.766331067208228,34.805916815026194,5.111246815026163,29.69467000000003,7.882642150179436,-0.0,0.0,7.134636992325597
2024-04-21,28.275480000000016,12.091000000000008,-5.161049999999989,1.0421846470321725,0.6790198583163942,23.066734505348563,39.639764647032166,6.203234647032161,33.436530000000005,5.4218659358511445,-0.0,0.0,0.6858485422397934
2024-04-22,28.537300000000016,12.251980000000003,-4.249179999999967,0.6338009283443853,0.2791129383215889,21.447413866665954,37.669460928344336,4.882980928344352,32.78647999999998,6.405129102890157,-0.0,0.0,7.2591989828592185
2024-04-23,28.231650000000002,12.042500000000018,-2.3535999999999717,0.042236701259355414,-0.30389439193504586,18.281092309324265,32.9810867012593,2.395836701259327,30.585249999999974,8.752120069522164,-0.0,0.0,10.34172660551233
2024-04-24,28.003960000000006,11.793150000000026,-2.6872999999999934,0.6217286012492309,0.27054468678909416,19.7903832880383,34.000288601249224,3.3090286012492243,30.69126,8.250906563636136,-0.0,0.0,5.174392131531284
2024-04-25,28.344870000000014,12.16640000000001,-2.7885499999999865,0.595993636167691,0.22886052553974423,19.791874161707426,34.51796363616768,3.3845436361676775,31.13342,7.984412698508436,-0.0,0.0,5.247643524526075
2024-04-26,28.20180000000005,11.987240000000043,-3.596839999999986,0.7701973056840075,0.39911726574092654,20.980714571424926,36.16567730568403,4.3670373056839935,31.798640000000034,7.162954172579759,-0.0,0.0,2.644795937901276
2024-04-27,28.898900000000026,12.750670000000014,-3.9873000000000047,0.36715396606905415,-0.0009766125330656905,20.501707353536005,37.24065396606909,4.354453966069059,32.88620000000003,6.612187631389872,-0.0,0.0,5.814265516035054
2024-04-28,29.511320000000012,13.300870000000032,-2.952759999999955,0.6362634915204808,0.2535244175912794,20.052997909111696,36.0531034915204,3.589023491520436,32.46407999999997,7.198306986073362,-0.0,0.0,4.763510523881256
2024-04-29,28.660060000000044,12.463620000000049,-3.469669999999951,0.6715757696608762,0.30759279760178515,20.645278567262608,36.27097576966082,4.141245769660827,32.129729999999995,7.102084275113043,-0.0,0.0,3.024297677202429
2024-04-30,29.176350000000014,12.908650000000023,-2.791939999999954,0.9511622111522229,0.5981400379673119,20.60894224911948,35.711392211152145,3.743102211152177,31.968289999999968,7.372962062389149,-0.0,0.0,5.134357258853985
2024-05-01,30.089170000000024,13.674830000000043,-2.1333399999999756,1.2371255509698926,0.8801258094321724,20.664931360402022,35.59297555096987,3.370465550969868,32.22251,7.425017607637301,-0.0,0.0,2.997843744748157
2024-05-02,29.418420000000026,13.507620000000031,-2.7753699999999526,1.4418583090390484,0.9160560199949828,21.04408432903398,36.41101830903898,4.217228309039001,32.19378999999998,7.016873292167816,-0.0,0.0,6.694861750179949
2024-05-03,24.596580000000017,12.908100000000047,-3.467749999999967,2.074359426419562,1.1831339751758492,18.413723401595348,33.60643942641951,5.542109426419529,28.064329999999984,8.5130583584247,-10.0,2776.0,6.879816808798852
2024-05-04,29.698140000000024,14.076700000000017,-3.877019999999959,0.90923721810492,0.36403813745101843,20.771735355555904,38.36141721810486,4.786257218104879,33.57515999999998,6.043659213077319,-0.8625,34.5,6.78041790619763
2024-05-05,29.590970000000027,13.312070000000006,-3.3479999999999563,1.098240048214052,0.7239193922314371,21.449059440445467,37.38521004821399,4.446240048214008,32.93896999999998,6.532187333195225,-0.0,0.0,9.281462710380904
2024-05-06,27.49783000000002,13.084339999999997,-3.38552999999996,1.4931980734614285,1.0441127437468367,20.33633081720825,35.76208807346137,4.878728073461389,30.883359999999982,7.366859560591706,-0.571875,22.875,5.381296512107997
2024-05-07,25.708979999999997,12.42455000000001,-3.540869999999984,1.8053942045357303,1.0693649041430149,19.700059108678715,34.596114204535695,5.346264204535714,29.24984999999998,7.9890505784379116,-4.165625,166.625,8.157669608331616
2024-05-08,25.247900000000016,11.10922000000005,-4.345559999999978,1.7556765334880424,0.9997963089068094,21.239712842394795,35.69469653348801,6.10123653348802,29.593459999999993,7.459432760884283,-6.78125,271.25,8.065824810840963
2024-05-09,24.94100000000003,10.809300000000007,-3.7903799999999706,1.6352293673880922,1.0386828949330038,20.59599226232109,34.156989367388064,5.425609367388063,28.73138,8.247665970871822,-1.15,46.0,8.090276463140366
2024-05-10,23.87832000000003,11.79296000000005,-3.2847399999999993,1.9934379426786109,1.0214123126199866,18.384950255298577,32.44123794267864,5.27817794267861,27.16306000000003,9.134885622152751,-10.0,1482.0,3.8796667180212334
2024-05-11,23.82528000000002,11.689000000000021,-3.4581699999999955,1.9011739003959747,0.9646178646488011,18.46024176504477,32.642793900395986,5.35934390039597,27.283450000000016,9.043075012702559,-3.8375,153.5,5.792745020022615
2024-05-12,23.45956000000001,11.484520000000032,-3.011699999999962,2.1381364757905317,1.0336286043084897,18.158505080098962,31.621096475790466,5.149836475790494,26.471259999999972,9.556586706385644,-10.0,849.125,3.961859221083512
2024-05-13,24.540639999999996,11.459130000000016,-4.393679999999961,1.7772671483606928,0.6580749270701176,19.91053207543075,35.10526714836061,6.1709471483606535,28.934319999999957,7.783830369182681,-2.18125,87.25,2.2069562780956584
2024-05-14,23.92380000000003,11.474850000000004,-3.8576999999999657,1.8157706738110733,0.8152337168505142,18.937654390661578,33.45497067381103,5.673470673811039,27.781499999999994,8.637259512826006,-0.875,35.0,6.336015487147519
2024-05-15,24.319150000000036,11.527900000000045,-4.101169999999968,1.808367394707659,0.6618109305705389,19.362598325278157,34.32985739470763,5.909537394707627,28.420320000000004,8.180604066227659,-2.51875,100.75,6.730972289621249
2024-05-16,24.26284000000004,12.247220000000027,-3.698249999999973,1.6414737172298715,0.255465906588654,17.61080962381851,33.30081371722986,5.339723717229845,27.961090000000013,8.707463594292392,-0.003125,0.125,3.2381038418487953
2024-05-17,21.620570000000043,11.725000000000023,-2.9222800000000007,2.1670275494695375,1.052034981742338,16.036912531211897,29.632157549469582,5.089307549469538,24.542850000000044,10.66237340638304,-10.0,880.375,3.0879483253397897
2024-05-18,21.590750000000014,11.739770000000021,-2.5469699999999875,2.1572545577286633,1.2411317072189831,15.796336264947627,28.841944557728652,4.704224557728651,24.13772,11.06056111297147,-10.0,1408.625,5.220133189963907
2024-05-19,21.73660000000001,11.991300000000024,-2.6587299999999914,2.1712169827500247,1.0901926206664143,15.665439603416417,29.225276982750017,4.829946982750016,24.39533,10.857373467171612,-10.0,828.125,4.1901574000985935
2024-05-20,22.514460000000042,11.307600000000036,-2.5457999999999856,2.2460077873325304,0.8871104775706726,16.885778264903195,29.852067787332544,4.791807787332516,25.060260000000028,10.487181059194313,-10.0,1362.25,12.943166085977005
2024-05-21,21.18795,11.853400000000022,-1.7741499999999633,2.2251396870429403,1.1930535531097348,14.526893240152617,26.961389687042868,3.9992896870429036,22.962099999999964,12.023410872429452,-10.0,1014.5,1.9555320319846186
2024-05-22,23.38748000000004,13.06704000000002,-2.6548799999999915,2.2818181862685947,1.0689271761857526,16.326065362454358,30.979058186268617,4.936698186268586,26.04236000000003,9.870102177201318,-10.0,673.5,6.021644973977837
2024-05-23,24.09530000000001,13.315850000000012,-2.828999999999951,2.1001079251885244,0.6635732981737306,16.372131223362203,31.853407925188435,4.929107925188475,26.92429999999996,9.410966028974372,-10.0,779.375,8.287823794756031
2024-05-24,22.705960000000005,12.881130000000041,-2.091899999999953,2.383775094322516,1.0306288208007572,15.33113391512319,29.273535094322426,4.475675094322469,24.797859999999957,10.753210354882697,-10.0,2592.125,9.852024391900052
2024-05-25,21.64083000000005,13.642660000000035,-3.6245999999999867,2.0541062856961503,0.756610748963567,14.43348703465972,30.944136285696175,5.678706285696137,25.265430000000038,10.014929713428444,-8.6625,346.5,12.794407001327054
2024-05-26,22.386300000000006,13.272670000000005,-3.49151999999998,2.0655628388370815,1.007248593333486,15.677961432170548,31.434902838837047,5.5570828388370614,25.877819999999986,9.718690926467787,-5.859375,234.375,14.591786583808863
2024-05-27,22.999960000000044,12.900380000000041,-2.399939999999958,2.088229270348336,1.0755287379859055,15.663278008334203,29.888069270348296,4.488169270348294,25.399900000000002,10.452785184829452,-4.24375,169.75,10.246676600060317
2024-05-28,22.613550000000032,14.058250000000044,-3.1049600000000055,2.0997680507010728,0.8376175947836373,14.597645645484704,30.923238050701116,5.204728050701078,25.718510000000038,9.957051278769029,-8.875,355.0,11.044083068576555
2024-05-29,24.100240000000042,13.532399999999996,-2.1627299999999536,1.9408550398140392,0.27743160106945197,14.948856640883491,30.36655503981399,4.103585039813993,26.262969999999996,10.16448321684777,-2.0875,83.5,13.875680264070944
2024-05-30,24.661699999999996,12.773220000000038,-2.5318399999999883,2.104468793335002,0.8323935011463846,17.357182294481333,31.829848793334975,4.63630879333499,27.193539999999985,9.396616336410773,-10.0,1538.25,16.68656692649
2024-05-31,26.422000000000025,13.53848000000005,-2.084329999999966,1.9486146859852624,0.6688351883630048,17.58529987434821,32.53927468598522,4.032944685985228,28.50632999999999,8.987697924675444,-10.0,748.0,5.1040801446591795
2024-06-01,23.353700000000003,12.701070000000016,-1.544529999999952,2.3794251272645397,1.394576843242703,15.971161970507183,28.822185127264447,3.9239551272644917,24.898229999999955,10.942992587377717,-10.0,3458.5,7.5458967075894074
2024-06-02,24.475900000000024,12.122100000000046,-4.1587599999999725,2.0387446454095084,0.9769001296530746,19.528204775062534,34.83216464540948,6.197504645409481,28.634659999999997,7.907651951989749,-10.0,1018.375,8.951218565692264
2024-06-03,22.412260000000003,12.369000000000028,-3.4912499999999795,2.0082555423642816,0.8926109243519704,16.435376466716207,31.403015542364244,5.499505542364261,25.903509999999983,9.73742164107415,-10.0,445.75,4.246344283243333
2024-06-04,21.569180000000017,11.214320000000043,-1.766399999999976,2.0012318067004458,1.109403505368391,15.231895312068787,27.103211806700415,3.7676318067004217,23.335579999999993,11.94491136486414,-7.35,294.0,3.458774879970127
2024-06-05,21.886130000000037,11.129240000000038,-2.8935599999999795,2.255709462280606,1.2207121029422865,17.12687156522287,29.928959462280602,5.149269462280586,24.779690000000016,10.488148283362534,-10.0,1640.25,3.0531224709659206
2024-06-06,21.528740000000028,11.354300000000023,-2.378879999999981,2.00550020918422,1.0300219752833755,15.58884218446758,28.29200020918421,4.384380209184201,23.90762000000001,11.352810466628682,-5.9375,237.5,1.5199041510264424
2024-06-07,19.366720000000043,11.98547000000002,-3.033399999999972,2.1576784832531075,1.005883491673842,13.578211974926944,27.591198483253095,5.191078483253079,22.400120000000015,11.866879510920114,-7.6125,304.5,1.905413543655731
2024-06-08,20.368100000000027,10.963220000000035,-2.864569999999958,2.102307981571869,1.2089395236610585,15.580697505232877,28.19954798157181,4.966877981571827,23.232669999999985,11.480968381765194,-2.39375,95.75,0.4322740024342897
2024-06-09,19.697780000000023,12.45297000000005,-3.1276599999999917,2.1554228430039757,0.41284432253695513,12.940737165540895,28.108522843003982,5.283082843003967,22.825440000000015,11.57868093934161,-1.1875,47.5,0.6125531138355603
2024-06-10,19.47708,11.944970000000012,-3.0489000000000033,2.1139037615233747,0.6648348994726803,13.359748660996047,27.688783761523382,5.162803761523378,22.525980000000004,11.811705796233412,-1.13125,45.25,1.1405346367673368
2024-06-11,20.25475,11.193570000000022,-3.390359999999987,2.1106261995860223,0.8322169871941014,15.39438318678009,29.146096199585998,5.500986199586009,23.64510999999999,11.016490844425675,-10.0,821.5,4.704561040943943
2024-06-12,19.414030000000025,10.081140000000005,-3.7986199999999712,2.061319820078893,0.9792374397027857,16.17206725978167,29.07258982007886,5.859939820078864,23.212649999999996,11.13094994465041,-7.20625,288.25,10.247761446457991
2024-06-13,18.85880000000003,10.417169999999999,-2.903480000000002,2.09883106667354,1.1193407239191515,14.563281790592725,26.764591066673574,5.002311066673542,21.762280000000032,12.333947555209079,-10.0,415.0,6.748591581347123
2024-06-14,21.450950000000034,11.104880000000037,-2.9572499999999877,1.9057321816680997,0.5756358927937981,15.784688074461883,29.27118218166811,4.862982181668087,24.408200000000022,10.877402472117808,-0.0,0.0,5.1527087030720065
2024-06-15,21.649440000000027,11.019949999999994,-3.456099999999992,1.633641677907292,0.17821944856126493,15.897451126468582,30.195281677907303,5.089741677907284,25.10554000000002,10.421563936869518,-0.0875,3.5,7.103729380988588
2024-06-16,20.863670000000013,10.75717000000003,-4.176179999999988,1.9835040702412243,0.9506137262398511,17.216797796481046,31.199534070241214,6.159684070241212,25.03985,9.951550200477016,-6.6125,264.5,11.962390524658835
2024-06-17,20.412620000000004,11.528680000000008,-3.3415299999999775,2.2698353022884135,1.1515721232525493,15.646877425540936,29.365515302288372,5.611365302288391,23.75414999999998,10.878123522717033,-10.0,954.75,6.740871265934058
2024-06-18,20.455300000000022,11.569240000000036,-2.7818699999999694,2.044005360721144,1.0421687991494082,14.754104159870508,28.063045360721105,4.825875360721113,23.237169999999992,11.546754909741765,-10.0,531.5,7.406598852442484
2024-06-19,20.26550000000003,11.454300000000046,-3.350559999999973,2.145763461165984,1.073485392290081,15.381008853456024,29.11238346116596,5.496323461165957,23.616060000000004,11.029020152545286,-10.0,1059.0,6.509403596920249
2024-06-20,19.33620000000002,10.429770000000019,-2.7303799999999683,2.091611371788815,0.6878250235384371,14.41624639532722,26.88857137178877,4.8219913717887835,22.066579999999988,12.227697845948455,-5.18125,207.25,9.937760718774864
2024-06-21,20.29916000000003,10.893760000000043,-3.0412999999999784,2.082374054352101,0.9495418425958633,15.478615896947929,28.464134054352087,5.12367405435208,23.340460000000007,11.356422426669383,-6.19375,247.75,8.455365451782907
2024-06-22,20.926900000000046,11.50735000000003,-2.255769999999984,2.134461799222322,0.7962496086279316,14.606031407850253,27.572901799222336,4.390231799222306,23.18267000000003,11.746656990515362,-5.40625,216.25,2.5674075708511963
2024-06-23,19.894830000000013,10.914940000000001,-2.4781600000000026,2.194658396268096,1.0925101342132848,14.745218530481395,27.045808396268114,4.672818396268099,22.372990000000016,12.088835807076805,-9.49375,379.75,4.169147473534176
2024-06-24,19.475369999999998,10.684470000000033,-3.0357399999999757,2.053799689588857,1.103963876603018,14.984403566191816,27.600649689588806,5.0895396895888325,22.511109999999974,11.862437069308498,-0.1625,6.5,5.063388799756627
2024-06-25,19.011320000000012,11.70272,-2.5401999999999703,2.1739093535730944,1.2095706897833338,13.232280043356411,26.265629353573047,4.714109353573065,21.551519999999982,12.560286078202864,-0.8125,32.5,7.957024653985884
2024-06-26,18.954859999999996,11.759550000000047,-2.4212699999999927,2.106243142969845,0.8841571884928499,12.606980331462637,25.903643142969827,4.527513142969838,21.37612999999999,12.753932844204371,-0.8125,32.5,13.397540383069412
2024-06-27,18.45150000000001,11.321619999999996,-2.9375,2.0273520868950072,0.5773714350349337,12.672103521929955,26.353852086895017,4.964852086895007,21.38900000000001,12.58745163675087,-1.221875,48.875,5.157830112617949
2024-06-28,20.888450000000034,11.570460000000026,-2.003879999999981,2.033701985354412,0.6777231626599018,14.033295148014304,26.92991198535441,4.037581985354393,22.892330000000015,12.080075560540422,-0.0125,0.5,5.054811156891889
2024-06-29,21.407160000000033,11.743070000000046,-2.9967399999999884,2.0906945361062412,0.9187003077234976,15.670224843829715,29.49133453610625,5.08743453610623,24.40390000000002,10.75536908767873,-3.51875,140.75,5.981620657353725
2024-06-30,19.828970000000027,11.758080000000007,-3.277349999999956,2.16975506898126,1.152458635512403,14.670453704493639,28.5534250689812,5.447105068981216,23.106319999999982,11.34333291275459,-3.525,141.0,4.629066943603526
2024-07-01,19.211720000000014,11.054900000000032,-4.606449999999995,2.075401823683876,0.9603618460811276,15.799033669764981,30.50002182368388,6.681851823683871,23.81817000000001,10.435520658602286,-6.55625,262.25,7.055769140842536
2024-07-02,21.054400000000044,11.960470000000043,-4.156319999999994,2.023314550876478,0.6610966282145796,15.934661179091052,31.39035455087651,6.179634550876472,25.210720000000038,9.837787361257995,-6.175,247.0,2.199742189738903
2024-07-03,19.695500000000038,10.85208,-3.7602999999999724,2.0504400122075026,1.0693532766262592,15.723513288833772,29.266540012207486,5.810740012207475,23.45580000000001,11.010515155525752,-2.575,103.0,6.960488968948863
2024-07-04,20.049650000000042,10.758020000000045,-3.8113799999999856,2.034233799660626,0.9381178475001661,16.075361647160776,29.70664379966064,5.845613799660612,23.861030000000028,10.7607166176507,-5.20625,208.25,3.521427689345709
2024-07-05,18.99743000000001,10.572100000000034,-3.326999999999998,2.07693299463574,1.1350169479806027,14.964279942616315,27.728362994635745,5.403932994635738,22.324430000000007,11.841043578994515,-3.075,123.0,4.335902784028643
2024-07-06,19.21224000000001,11.503300000000024,-4.170399999999972,2.068086120314888,0.6170073155478235,14.564433435862668,29.62112612031484,6.23848612031486,23.38263999999998,10.875663013407348,-3.70625,148.25,1.6683698170925083
2024-07-07,18.349730000000022,10.539120000000025,-3.417639999999949,2.0357594728043864,0.7799613465672905,14.043970819371623,27.220769472804307,5.453399472804335,21.76736999999997,12.16280050973728,-0.6125,24.5,2.189835254516999
2024-07-08,18.496180000000038,10.422720000000027,-3.24002999999999,2.035814870854381,1.1792097254423766,14.528514596296759,27.0120548708544,5.275844870854371,21.73621000000003,12.253075367598967,-1.5875,63.5,5.691769197984292
2024-07-09,18.915300000000002,10.758939999999996,-2.7403999999999655,1.9613105606690624,0.9780842232805185,13.836154783949553,26.357410560668995,4.701710560669028,21.655699999999968,12.546572690419964,-0.0,0.0,8.472956595044996
2024-07-10,20.31660000000005,10.643700000000024,-3.076059999999984,2.0318021172893737,1.2186788318972503,15.999440949186635,28.500522117289393,5.107862117289358,23.392660000000035,11.341365213794234,-10.0,476.5,1.4806521980642622
2024-07-11,19.608180000000004,11.25018,-2.948859999999968,2.095471067260462,0.9425526497288388,14.344883716989273,27.601371067260402,5.04433106726043,22.557039999999972,11.846250619749412,-7.1875,287.5,4.473405227632195
2024-07-12,19.286040000000014,11.587460000000021,-2.8905999999999494,2.173614819800548,1.269659824079099,14.03245464387959,27.24085481980046,5.0642148198004975,22.176639999999963,12.047970267837002,-10.0,498.25,5.707930877198949
2024-07-13,19.877769999999998,10.514760000000024,-3.1878399999999942,1.9961468707612653,0.6825965742714288,15.229593445032663,28.249596870761252,5.1839868707612595,23.065609999999992,11.507125002111025,-3.5,140.0,3.542442518451391
2024-07-14,18.694880000000012,11.185500000000047,-3.791849999999954,2.0287179273175298,0.823969593625975,14.153917520943423,28.30729792731745,5.820567927317484,22.486729999999966,11.586443391016076,-0.65,26.0,10.980137068995864
2024-07-15,18.05856,10.635220000000004,-2.8431999999999675,2.0952143182443024,1.257149527857507,13.618903846101773,25.840174318244237,4.93841431824427,20.901759999999967,12.87748962952378,-0.4,16.0,1.3987481584959018
2024-07-16,18.028400000000033,11.300600000000031,-2.5876499999999965,2.1001806388602517,1.0392627520659516,12.454893390926202,25.303880638860278,4.687830638860248,20.61605000000003,13.148107192597877,-4.2875,171.5,3.4746342946974953
2024-07-17,18.773860000000013,10.87515000000002,-3.356359999999995,2.06102202330527,1.0746081535934309,14.39070017689869,27.547602023305274,5.417382023305265,22.13022000000001,11.954947286181834,-0.7375,29.5,6.5839851852071565
2024-07-18,17.440030000000036,11.763120000000015,-2.815999999999974,2.035193696280828,0.8249845636008786,11.353088259881702,25.107223696280812,4.851193696280802,20.25603000000001,13.317194102222913,-2.6,104.0,7.725336468299309
2024-07-19,17.8048,11.515860000000032,-3.548999999999978,2.0481548843674773,0.6983655719409967,12.58446045630842,26.950954884367434,5.5971548843674555,21.35379999999998,12.353740357268919,-3.775,151.0,6.6331632861368295
2024-07-20,18.863500000000045,11.733240000000023,-2.884649999999965,1.9633407068939732,0.26783571578727106,12.24608642268123,26.596140706893948,4.847990706893938,21.74815000000001,12.43178898881132,-0.0,0.0,7.586813003551828
2024-07-21,18.62957,11.158960000000036,-2.096749999999986,2.0605105605965264,0.8879504614844222,12.5158210220809,24.8835805605965,4.157260560596512,20.726319999999987,13.3015260507903,-0.0,0.0,8.047306830645383
2024-07-22,18.910420000000045,10.663000000000011,-2.982179999999971,1.9759835173232432,0.9169751753751711,14.12255869269842,26.85076351732323,4.958163517323214,21.892600000000016,12.298783130112156,-0.0,0.0,5.441243678529515
2024-07-23,18.896630000000016,11.06982000000005,-3.0550999999999817,2.070356588171421,0.9868800123620645,13.939146600533434,27.0771865881714,5.125456588171403,21.951729999999998,12.17655717710079,-0.0,0.0,1.2201984918776507
2024-07-24,18.652860000000032,10.591940000000022,-2.049699999999973,2.026920393899559,0.9022277401242604,13.039768134023802,24.779180393899537,4.076620393899532,20.702560000000005,13.354944198866178,-0.0,0.0,1.9080413215831964
2024-07-25,18.56985000000003,10.574240000000032,-2.6010200000000054,2.0146899665562046,0.9365451708285946,13.547865137384804,25.786579966556246,4.61570996655621,21.170870000000036,12.86085490612129,-0.11875,4.75,1.3829102467440193
2024-07-26,19.33074000000005,10.53490000000005,-2.8067399999999907,2.048855025080968,1.1294117831146764,14.780846808195633,26.993075025080998,4.855595025080959,22.13748000000004,12.18012313773437,-0.03125,1.25,0.6265057157895377
2024-07-27,20.022500000000036,11.211300000000051,-3.584569999999985,1.7893830878275025,0.7244472021590127,14.909600289986486,28.98102308782751,5.373953087827488,23.60707000000002,11.14868077956993,-0.0,0.0,2.103504066520566
2024-07-28,19.383050000000026,11.322230000000047,-3.6632999999999925,2.0721159643787814,0.838839277572788,14.63507524195154,28.781765964378792,5.735415964378774,23.046350000000018,11.278411459904419,-0.0375,1.5,5.538407519497528
2024-07-29,19.499720000000025,11.237150000000042,-2.754799999999989,2.141444535349194,1.1621196988704696,14.320934234219635,27.150764535349197,4.896244535349183,22.254520000000014,12.075851093957112,-0.18125,7.25,7.452126384656546
2024-07-30,18.02615000000003,11.428600000000017,-3.4146499999999946,2.044379389473761,0.8963143435286725,12.95289373300244,26.89982938947378,5.459029389473756,21.440800000000024,12.356775588418259,-0.86875,34.75,11.14388334664205
2024-07-31,18.989400000000046,10.188070000000039,-2.182230000000004,2.0455194068884452,0.9747437901899048,14.003823197078361,25.3993794068885,4.227749406888449,21.17163000000005,13.009701949658563,-4.225,169.0,8.74766921940144
2024-08-01,18.874840000000006,10.49902000000003,-3.576059999999984,2.0935931770903835,1.0805718449971096,15.126045022087453,28.120553177090358,5.6696531770903675,22.45089999999999,11.654843936873363,-4.75625,190.25,4.549351752059967
2024-08-02,18.053980000000024,10.407250000000033,-3.571079999999995,2.0153994467061693,0.7327239330654152,13.96593337977157,27.211539446706183,5.586479446706164,21.62506000000002,12.201276056492475,-0.7875,31.5,6.951763730228692
2024-08-03,18.52654000000001,10.517629999999997,-3.815899999999999,2.051758081785806,1.0840162132805062,14.960584295066326,28.210098081785816,5.867658081785805,22.34244000000001,11.649336451372335,-2.7875,111.5,5.67072126461001
2024-08-04,19.625020000000006,10.721060000000023,-3.916020000000003,2.029433045999326,0.8057615921381966,15.65517463813751,29.48649304599934,5.945453045999329,23.54104000000001,10.908938302356091,-3.2375,129.5,10.269638687199683
2024-08-05,19.130600000000015,10.828200000000038,-3.9050399999999854,2.1911290775155408,1.082877607680416,15.48144668519592,29.131809077515527,6.096169077515526,23.03564,11.114689062363993,-10.0,444.25,3.9278385283861867
2024-08-06,19.014200000000017,10.056420000000003,-3.8593999999999937,2.130895885328357,0.9477117174759542,15.895787602804319,28.86389588532836,5.990295885328351,22.87360000000001,11.265755868733777,-6.6,264.0,7.811510223359031
2024-08-07,18.239280000000008,10.367180000000019,-3.443330000000003,2.126150911116042,1.0369781108914822,14.478559022007516,27.252090911116056,5.569480911116045,21.68261000000001,12.149478427487907,-1.39375,55.75,5.526497452124831
2024-08-08,17.802300000000002,10.491240000000005,-2.6974500000000035,2.044167024386752,1.167460048347607,13.22013707273436,25.24136702438676,4.7416170243867555,20.499750000000006,13.209239508165638,-0.115625,4.625,3.9169693499400386
2024-08-09,19.700500000000034,11.01547000000005,-2.883519999999976,2.164840510968588,1.2442585892370062,14.977649100205554,27.632380510968574,5.048360510968564,22.58402000000001,11.815531848879857,-9.98125,399.25,8.35681819528969
2024-08-10,20.818480000000022,10.91796000000005,-3.284400000000005,2.0115215869411713,1.2382398455526982,16.434681432493846,29.398801586941204,5.295921586941176,24.102880000000027,10.853314500164117,-10.0,419.0,8.282134084687339
2024-08-11,20.74380000000002,11.877160000000003,-2.1271699999999782,2.259040583932631,0.8690583393365046,14.121908923269132,27.25718058393261,4.386210583932609,22.87097,11.906405554892046,-10.0,883.5,9.463124631036921
2024-08-12,20.695700000000045,11.938440000000014,-2.7003199999999765,2.1325664495524848,0.9676365806808462,14.557783030233338,28.228906449552483,4.832886449552461,23.39602000000002,11.436832579720544,-2.44375,97.75,10.112029840183052
2024-08-13,21.400900000000036,11.781949999999995,-2.705629999999985,2.148605827400843,1.0330037693796044,15.506189596780473,28.96076582740085,4.854235827400828,24.10653000000002,11.016072891734666,-10.0,431.0,6.773315463447641
2024-08-14,22.40548000000001,12.11282,-2.3245299999999816,2.0703710821796903,0.9221267372925581,15.609687819472242,29.124911082179665,4.394901082179672,24.730009999999993,10.872074188631359,-0.65,26.0,8.196873086914804
2024-08-15,21.854030000000023,12.563130000000001,-1.4446199999999862,2.171240406456718,0.41328998765550296,13.32005039411223,26.914510406456714,3.6158604064567044,23.29865000000001,12.005163146781342,-2.7375,109.5,3.159113975352845
2024-08-16,21.083460000000002,12.23705000000001,-1.8222999999999843,2.170225672005131,1.2373338786686077,14.076269550673715,26.898285672005102,3.992525672005115,22.905759999999987,12.068184084403583,-3.44375,137.75,2.73711279491012
2024-08-17,21.341000000000008,12.622580000000028,-2.5405299999999897,2.1649003621893144,1.2482652971861512,14.672115659375436,28.586960362189302,4.705430362189304,23.881529999999998,11.205833527651123,-10.0,704.25,6.116389751826382
2024-08-18,22.070280000000025,12.079000000000008,-2.699199999999962,2.035328475396625,1.018191985283977,15.744000460680581,29.504008475396574,4.734528475396587,24.769479999999987,10.706417556726763,-1.16875,46.75,5.857779920553537
2024-08-19,19.557100000000048,11.656100000000038,-2.4971400000000017,2.2842523753054707,1.2095231653206042,13.891915540626087,26.835632375305522,4.781392375305472,22.05424000000005,12.21387550013253,-10.0,497.25,8.61792793378121
2024-08-20,20.283100000000047,12.62420000000003,-2.935949999999991,2.235171818021797,1.4174332863872792,14.247455104409084,28.390171818021827,5.171121818021788,23.21905000000004,11.379672290911458,-10.0,974.5,0.9081350302230667
2024-08-21,18.512500000000045,12.070460000000026,-2.366199999999992,2.135797850149004,1.1035496360539696,12.047587486202985,25.380697850149033,4.501997850148996,20.878700000000038,13.055844594041787,-0.23125,9.25,11.934050347071855
2024-08-22,19.458060000000046,10.917930000000013,-2.701570000000004,1.9522631639934502,0.5590814193345182,13.753044583328006,26.813463163993504,4.653833163993454,22.15963000000005,12.268094178248589,-0.13125,5.25,6.059844258083051
2024-08-23,19.974480000000028,11.378870000000006,-3.1928499999999644,1.9971075583104039,0.5591225871630741,14.344690145473464,28.35728755831036,5.189957558310368,23.167329999999993,11.445295824493996,-1.296875,51.875,2.7187206719345154
2024-08-24,17.94870000000003,11.151760000000024,-3.5974499999999807,1.9982066254898996,0.7057660294441348,13.098362654934022,27.14180662548989,5.59565662548988,21.54615000000001,12.248980423608145,-0.16875,6.75,7.9698872612027545
2024-08-25,18.739280000000008,10.270530000000008,-4.252779999999973,1.956699399310196,0.7833420341020201,15.461571433412189,29.20153939931015,6.209479399310169,22.99205999999998,11.141886289884212,-0.0,0.0,1.942386519605154
2024-08-26,19.44100000000003,10.460020000000043,-3.8910999999999945,1.952851122117238,1.117465302032258,15.942396424149479,29.176051122117258,5.843951122117232,23.332100000000025,11.088256065253745,-0.0125,0.5,6.267624544684442
2024-08-27,18.990560000000016,11.153920000000028,-3.8594399999999496,1.8983913592589943,0.3766616080553149,13.971132967314247,28.60783135925891,5.757831359258944,22.849999999999966,11.420669949528587,-0.0125,0.5,7.13760667853498
2024-08-28,18.471280000000036,10.28290000000004,-5.405370000000005,1.9866679138203267,1.1319230904414326,16.71234100426176,31.268687913820372,7.392037913820332,23.87665000000004,10.132588217005207,-4.7125,188.5,4.931256032048462
2024-08-29,18.228800000000035,10.114950000000022,-5.419780000000003,2.0976389982120054,0.9639058133710705,16.595174811583092,31.165998998212046,7.517418998212008,23.648580000000038,10.196736395030882,-10.0,479.75,3.1663439636761903
2024-08-30,18.118370000000027,10.734700000000032,-5.099699999999984,2.061746877796736,0.7542622530454537,15.29937913084217,30.379516877796732,7.16144687779672,23.21807000000001,10.605453672172303,-3.6375,145.5,6.8633552218566445
2024-08-31,18.18240000000003,10.264280000000042,-3.3388400000000047,1.9995284853974908,0.5090887262748538,13.765577211672337,26.85960848539753,5.3383684853974955,21.521240000000034,12.365309903528669,-4.075,163.0,5.831140454724568
2024-09-01,20.275540000000035,9.720799999999997,-3.031379999999956,1.90407456725751,0.6093184882107607,16.099513055468265,28.242374567257457,4.935454567257466,23.30691999999999,11.48520568602089,-6.175,247.0,5.793812856923777
2024-09-02,19.33486000000005,10.405050000000017,-3.2925199999999677,2.066811575888778,1.0897850920758856,15.378926667964663,27.986711575888762,5.359331575888746,22.627380000000016,11.681173809521454,-2.9625,118.5,2.392889857221275
2024-09-03,19.674770000000024,11.206020000000024,-3.576999999999998,2.031445063399417,0.7748209166430229,14.852015980042438,28.860215063399437,5.608445063399415,23.251770000000022,11.217408588385638,-2.1125,84.5,8.495778709936916
2024-09-04,20.353080000000034,10.417259999999999,-4.162329999999997,1.9027083886081186,0.741912264636369,16.74277065324452,30.580448388608147,6.065038388608116,24.51541000000003,10.309725226337775,-0.1875,7.5,2.711100804036628
2024-09-05,20.423519999999996,11.090360000000032,-4.119100000000003,1.9869760563040018,0.7164535259116178,16.155689582215587,30.648696056304004,6.106076056304005,24.54262,10.261933079762514,-0.625,25.0,9.445544315107176
2024-09-06,19.86993000000001,10.687550000000044,-2.3159200000000055,1.9942367761652235,0.6668710782533935,14.159407854418589,26.496006776165245,4.310156776165229,22.185850000000016,12.38483793228886,-1.984375,79.375,6.89805324494652
2024-09-07,19.684960000000046,10.802970000000016,-3.950839999999971,2.0383490962202018,0.7982084950331227,15.669387591253326,29.62498909622019,5.989189096220173,23.635800000000017,10.833426024340326,-10.0,469.0,5.1927154450462325
2024-09-08,19.067960000000028,10.536100000000033,-3.801249999999982,2.0206092902831756,0.9591464201483859,15.312865710431538,28.691069290283167,5.821859290283157,22.86921000000001,11.359217193828215,-4.3,172.0,6.305464888813437
2024-09-09,19.62945000000002,10.27493000000004,-2.990449999999953,1.9636225063552502,0.9352787960789328,15.243871302434115,27.573972506355176,4.954072506355203,22.619899999999973,11.871214156564804,-0.79375,31.75,8.783855771338876
2024-09-10,20.021839999999997,10.383200000000045,-2.5501199999999926,2.0198338337371524,0.7509795349623687,14.959573368699466,27.141913833737135,4.569953833737145,22.57195999999999,12.046809341716767,-0.6125,24.5,9.859567124120113
2024-09-11,20.428160000000048,10.580219999999997,-2.351599999999962,1.9525414101507295,0.5090075906782658,14.661089000829008,27.083901410150702,4.304141410150692,22.77976000000001,12.047350065070304,-0.39375,15.75,8.241679020670727
2024-09-12,20.427030000000002,9.978300000000047,-2.306799999999953,1.91589638419822,0.7277214561344181,15.399147840332546,26.956526384198128,4.222696384198173,22.733829999999955,12.114638840681778,-0.69375,27.75,9.251261949993259
2024-09-13,21.093230000000005,9.600400000000036,-2.5203599999999824,1.7232979994741413,0.48702768661871687,16.22351568609281,27.85724799947411,4.243657999474124,23.613589999999988,11.626721199905433,-0.034375,1.375,5.533409365712666
2024-09-14,20.77890000000002,9.846830000000011,-3.1900999999999726,1.7286047998857725,0.720476600673237,16.571251400558992,28.88770479988574,4.918704799885745,23.968999999999994,11.136187868108209,-0.63125,25.25,3.4284962845479257
2024-09-15,20.55233000000004,9.479759999999999,-3.704499999999996,1.8060184303064943,0.7319863006511014,17.315074730957633,29.767348430306527,5.51051843030649,24.256830000000036,10.708786478856894,-0.275,11.0,1.5391355704692067
2024-09-16,19.7081,9.672600000000045,-3.880959999999959,1.8496184016674988,0.9343592918082209,16.700437693475635,29.31963840166742,5.730578401667458,23.58905999999996,11.001231695589297,-0.41875,16.75,3.5608963835295695
2024-09-17,20.961720000000014,9.667079999999999,-2.7807999999999993,1.79234475941837,0.7587049107381745,16.62648967015656,28.315664759418382,4.573144759418369,23.742520000000013,11.402601536565555,-1.55625,62.25,1.8496125548830085
2024-09-18,21.225120000000004,9.741100000000017,-2.873899999999992,1.2983077874956734,-0.49620509533320956,15.160022692162443,28.27122778749566,4.172207787495665,24.099019999999996,11.44025315276167,-0.0,0.0,2.201790400004181
2024-09-19,20.36175000000003,9.53457000000003,-1.6169799999999555,1.606430364465325,0.58867945053845,14.639269815003729,25.202140364465265,3.2234103644652805,21.978729999999985,13.024170708301426,-0.340625,13.625,3.545463571833095
2024-09-20,21.205930000000023,10.25768000000005,-2.214939999999956,1.585467459860979,0.4094188799686549,15.158076339829563,27.221277459860914,3.800407459860935,23.42086999999998,11.94664136912121,-0.28125,11.25,7.36385294995556
2024-09-21,20.326040000000035,10.504850000000033,-3.556069999999977,1.7857055019576933,0.4772580858502806,15.640223587807952,29.22388550195768,5.34177550195767,23.88211000000001,11.001129139733905,-0.3125,12.5,3.5959704050293237
2024-09-22,20.377340000000004,10.799680000000023,-2.9457199999999943,1.9424346344370633,0.878835091328483,15.344649725765521,28.211214634437056,4.888154634437058,23.323059999999998,11.488596248999784,-0.5375,21.5,6.744915389483685
2024-09-23,20.354520000000036,10.84480000000002,-3.1626299999999787,2.027852048564455,1.1141534422023938,15.814355490766843,28.70763204856445,5.190482048564434,23.517150000000015,11.234830843831219,-1.2125,48.5,12.341203760734281
2024-09-24,18.877250000000004,11.492460000000051,-2.5914699999999584,2.110263032691307,1.0827421304318818,13.1692651631231,26.170453032691228,4.701733032691266,21.468719999999962,12.627978128732309,-2.896875,115.875,8.458809443907207
2024-09-25,19.776100000000042,10.910360000000026,-2.815529999999967,1.9963887609113158,1.0316761970831294,14.709334957994429,27.403548760911292,4.811918760911283,22.59163000000001,11.939748997277718,-0.0125,0.5,5.942475004952131
2024-09-26,20.066100000000006,11.00723000000005,-2.3916999999999575,2.0237661872149033,0.8216821980109899,14.296018385225807,26.873266187214824,4.415466187214861,22.457799999999963,12.177086998689958,-0.375,15.0,8.771551761251741
2024-09-27,20.827080000000024,10.43180000000001,-3.9080999999999904,1.9514112044562353,0.8671516993987893,17.12194290385503,30.59469120445624,5.859511204456226,24.735180000000014,10.259716853168811,-1.8125,72.5,8.42124157623818
2024-09-28,20.737099999999998,11.140770000000032,-3.452200000000005,2.065133257760067,0.9730233140122664,16.086686571772304,29.706633257760075,5.517333257760072,24.189300000000003,10.701179205280312,-10.0,433.25,7.6854589173340635
2024-09-29,21.552639999999997,10.75472000000002,-4.295479999999998,1.9962359314724836,0.8120305310412164,17.901666462513674,32.139835931472476,6.291715931472481,25.848119999999994,9.428151015242292,-5.11875,204.75,6.581813686047639
2024-09-30,21.916830000000004,11.716270000000009,-3.9627699999999777,1.9052007238881856,0.49496166923074725,16.563492393118906,31.747570723888145,5.867970723888163,25.879599999999982,9.605682034726328,-2.240625,89.625,4.879449910591993
2024-10-01,21.78738000000004,11.318930000000023,-3.467999999999961,1.8799862525352182,1.0197214720448073,16.836157724580005,30.60336625253518,5.347986252535179,25.255380000000002,10.18940628748777,-0.09375,3.75,3.7139725716529854
2024-10-02,22.506250000000023,10.697630000000004,-3.325400000000002,2.2207473215584628,0.9154294930579567,18.27019681461644,31.37779732155849,5.546147321558465,25.831650000000025,9.726968139623352,-10.0,2364.0,6.3040904707228345
2024-10-03,20.24413000000004,11.266800000000046,-3.982460000000003,2.0566977905523345,0.8196124815559642,15.836100272108297,30.265747790552382,6.039157790552338,24.226590000000044,10.462712369409871,-3.35625,134.25,5.2980101248570275
2024-10-04,20.554100000000005,10.372400000000027,-3.6748999999999796,1.7569560357451905,0.8845955991785672,16.498151634923715,29.660856035745155,5.43185603574517,24.228999999999985,10.765917005763981,-10.0,408.875,6.088121447360565
2024-10-05,18.186500000000024,10.20272,-3.3700999999999794,2.023580819092331,1.0456293833374843,14.423090202429819,26.950280819092313,5.39368081909231,21.556600000000003,12.317010217392124,-4.975,199.0,3.666215288799038
2024-10-06,21.607079999999996,9.825300000000027,-4.004679999999951,1.7144271165466876,0.7111117469848409,18.21199886353145,31.330867116546585,5.719107116546638,25.611759999999947,9.851560142119524,-0.184375,7.375,5.947532744752284
2024-10-07,19.82522,10.055870000000027,-3.8502299999999536,1.8000257983341612,1.0798723391506542,16.499478137484743,29.32570579833407,5.650255798334115,23.675449999999955,10.992873387319207,-0.809375,32.375,4.006901489630935
2024-10-08,19.885220000000004,10.638700000000028,-3.9666199999999776,2.0530881023735787,0.7045807302226308,15.970808832596163,29.871548102373538,6.019708102373556,23.85183999999998,10.690340760120193,-9.115625,364.625,0.8027963394150038
2024-10-09,20.333060000000046,10.967740000000049,-4.12579999999997,2.0998170450480984,0.8362254449390889,16.427162489987154,30.684477045048084,6.225617045048068,24.458860000000016,10.24173095761995,-7.80625,312.25,1.6454274375562838
2024-10-10,19.31683000000004,10.541800000000023,-3.601419999999962,2.165015978995484,0.9961342766045505,15.537600255600012,28.684685978995446,5.766435978995446,22.91825,11.324085390921766,-6.28125,251.25,4.601755086952831
2024-10-11,19.524,10.895780000000002,-2.9551500000000033,2.0800087619323335,1.1421714859565668,14.805550247888903,27.51430876193234,5.035158761932337,22.479150000000004,11.89865477635226,-3.6875,147.5,5.32074521843096
2024-10-12,18.527150000000006,11.078100000000006,-3.6999999999999886,2.0579766097045535,1.1708040955770116,14.377830705281553,27.985126609704537,5.757976609704542,22.227149999999995,11.76107436457795,-0.953125,38.125,3.96046311774843
2024-10-13,20.02720000000005,10.565449999999998,-3.783969999999954,2.0215359041239935,0.49987662068281224,15.767132524806811,29.61667590412395,5.805505904123947,23.811170000000004,10.80881706027219,-8.53125,341.25,4.372111855527734
2024-10-14,18.21255000000002,10.388480000000015,-3.84875999999997,1.8882818387167504,1.018171322821047,14.579283161537774,27.798351838716712,5.737041838716721,22.06130999999999,11.903954296598556,-3.1,124.0,12.436285079237292
2024-10-15,17.462850000000003,10.167300000000012,-3.5066999999999666,1.9908565785426617,1.0608033970060546,13.853909975548675,26.467106578542598,5.497556578542628,20.96954999999997,12.640009599170298,-2.96875,118.75,5.092298093083934
2024-10-16,18.123220000000003,10.61685,-3.0138999999999783,1.9733605915787393,1.214327707643065,13.707958299221787,26.1243805915787,4.987260591578718,21.13711999999998,12.742036039299819,-1.171875,46.875,11.44487003344249
2024-10-17,19.28588000000002,11.483180000000004,-3.765359999999987,2.1033631307524843,0.9824378047497362,14.653860935502223,28.91996313075248,5.868723130752471,23.051240000000007,11.215665022115502,-0.38125,15.25,14.351795205302267
2024-10-18,19.87414000000001,11.136650000000031,-3.7065000000000055,2.0409706650690396,1.0553161422801622,15.540276807349187,29.32811066506906,5.747470665069045,23.580640000000017,10.964201818886295,-1.0875,43.5,9.742605236802513
2024-10-19,18.3519,10.105770000000007,-3.1144199999999955,2.0793349722105745,1.0730291794783966,14.51291415168896,26.660074972210566,5.19375497221057,21.466319999999996,12.43849964646762,-8.925,357.0,8.302562867203553
2024-10-20,19.182980000000043,10.678500000000042,-4.7812999999999874,2.132911175640345,0.9380161592828244,16.356707334923158,30.878491175640363,6.914211175640332,23.96428000000003,10.242977219510124,-10.0,746.5,4.047877085111441
2024-10-21,18.84844000000004,10.742600000000039,-4.149999999999977,2.1511350749991607,0.9605082408331214,15.36748331583226,29.299575074999154,6.301135074999138,22.998440000000016,11.062148209334168,-10.0,516.5,1.0962153351393435
2024-10-22,18.48230000000001,10.215900000000033,-4.5233499999999935,2.0911867001584596,1.0975513899915086,15.978488090149938,29.620186700158456,6.614536700158453,23.005650000000003,10.944101336539688,-10.0,450.625,1.7232942003299854
2024-10-23,19.130359999999996,10.142800000000022,-3.475559999999973,2.062865830204487,0.945563621381325,15.471549451585759,28.14434583020443,5.53842583020446,22.60591999999997,11.6223209601485,-10.0,548.75,2.555330685161036
2024-10-24,18.91708,9.552120000000002,-2.5690399999999727,1.9315703875595887,0.6839075539868986,14.549477941546456,25.986730387559533,4.500610387559561,21.48611999999997,12.73487616205955,-5.90625,236.25,2.598659503910578
2024-10-25,19.489900000000034,9.189970000000017,-2.6851299999999583,1.6876419405496677,0.3546755405033082,15.027377481052952,26.54780194054962,4.372771940549626,22.175029999999992,12.422406167359838,-0.0,0.0,5.537826896574103
2024-10-26,19.627040000000022,7.5525499999999965,-1.8087199999999939,1.489934414113975,-0.06074580721599432,15.312398606898,24.734414414113985,3.298654414113969,21.435760000000016,13.333906921041205,-0.403125,16.125,5.831559017718861
2024-10-27,19.471519999999998,8.26785000000001,-2.5420299999999543,1.7238137734290149,0.40504501191117015,15.874558785340128,26.27939377342892,4.265843773428969,22.013549999999952,12.55533941019138,-1.803125,72.125,3.9952458256080736
2024-10-28,19.895960000000002,8.673730000000035,-1.919499999999971,1.6924906126449173,0.3013226747376052,15.135543287382461,25.42745061264486,3.611990612644888,21.815459999999973,12.945332322715274,-0.8875,35.5,4.067677420804102
2024-10-29,20.078730000000007,10.101530000000025,-3.326819999999998,1.7336895680129487,0.41350507121319424,15.451214639226123,28.466059568012952,5.060509568012947,23.405550000000005,11.40562447786391,-0.05,2.0,9.54801474521742
2024-10-30,20.001760000000047,9.695860000000039,-3.154639999999972,1.8412200601574114,0.48056545962236896,15.78232551977976,28.152260060157403,4.9958600601573835,23.15640000000002,11.560346951685233,-0.946875,37.875,2.99473825663193
2024-10-31,19.234460000000013,9.99902000000003,-3.328299999999956,2.034645407655944,0.9578808262722873,15.55626623392817,27.92570540765587,5.3629454076559,22.56275999999997,11.724583789148426,-4.496875,179.875,5.591525899129141
2024-11-01,19.44980000000004,9.710050000000024,-4.588899999999967,1.870484363636706,0.7707421313663758,16.969876495003064,30.49808436363668,6.459384363636673,24.038700000000006,10.434614399481802,-1.73125,69.25,2.64077081869147
2024-11-02,19.742729999999995,9.958950000000016,-4.607899999999972,1.9095296836579791,0.9395854282262235,17.240795111884154,30.86805968365792,6.5174296836579515,24.350629999999967,10.218467746297904,-3.075,123.0,2.928488734826635
2024-11-03,19.636160000000018,10.057000000000016,-4.305499999999995,1.8172017405788665,0.5972995162602501,16.299161256839113,30.064361740578875,6.1227017405788615,23.941660000000013,10.638683942318607,-0.696875,27.875,5.687773972688908
2024-11-04,18.28173000000004,9.39670000000001,-3.2717700000000036,1.8504320243892494,0.8508588516147029,14.858090876003985,26.675702024389295,5.122202024389253,21.553500000000042,12.462625197742739,-0.125,5.0,3.321797608757025
2024-11-05,19.48610000000002,9.627250000000004,-3.91125999999997,1.4301558520377853,-0.8795762517102048,14.320689600327569,28.738775852037747,5.3414158520377555,23.397359999999992,11.349978546071554,-1.2875,51.5,3.6497962609281545
2024-11-06,19.401800000000037,9.370200000000011,-2.811559999999986,1.5802840358046524,1.0574195597272933,15.480863595531957,26.60520403580466,4.391844035804638,22.213360000000023,12.411410595431562,-0.046875,1.875,7.976203452238243
2024-11-07,18.62628000000001,10.20544000000001,-3.028660000000002,1.813380485262087,0.8423405006047915,14.105220985866879,26.4969804852621,4.842040485262089,21.65494000000001,12.519737982945912,-0.06875,2.75,6.259954479645948
2024-11-08,20.54880000000003,9.531800000000032,-4.55105999999995,1.4776358585945104,-0.1378747911339815,16.907821067460475,31.12855585859444,6.02869585859446,25.09985999999998,10.054984976880064,-0.284375,11.375,3.0260082374558603
2024-11-09,19.759060000000034,10.812400000000025,-3.020179999999982,1.299285127333576,-1.4638734012661985,11.802251726067368,27.098705127333574,4.319465127333558,22.779240000000016,12.154115797596262,-0.0,0.0,6.613466119270061
2024-11-10,18.909970000000044,7.717340000000036,-1.119730000000004,1.597843890547665,0.31790281013786625,14.228106700685544,22.747273890547717,2.717573890547669,20.029700000000048,14.386736986280084,-1.290625,51.625,9.823092273342565
2024-11-11,19.287770000000023,10.809960000000046,-3.2505199999999945,1.3724719363692657,0.6515161521071491,13.752318088476386,27.161281936369278,4.62299193636926,22.538290000000018,12.162135726145607,-0.0,0.0,10.917463507558733
2024-11-12,16.99260000000004,10.939600000000041,-4.025499999999965,2.036956714495034,0.9401629210381088,13.055619635533105,27.080556714495003,6.062456714494999,21.018100000000004,12.381083930674436,-0.00625,0.25,1.999855792152469
2024-11-13,18.324580000000026,10.265900000000045,-4.611580000000004,1.9291273394086375,0.8806007696946381,15.47998810910326,29.47686733940867,6.540707339408641,22.93616000000003,11.049220889323692,-3.0375,121.5,3.779417027233964
2024-11-14,17.93163000000004,9.788780000000031,-4.689699999999959,2.0101095804445777,1.1558028962661524,15.9984624767107,29.321139580444537,6.699809580444537,22.62133,11.159705517623934,-2.934375,117.375,2.056140673533938
2024-11-15,17.866360000000043,9.950040000000001,-4.512879999999996,2.0440893723553017,1.1750031522062159,15.648292524561555,28.936209372355336,6.556969372355297,22.37924000000004,11.354762898846218,-4.159375,166.375,3.590916472717821
2024-11-16,17.941160000000025,9.820460000000026,-4.813199999999995,1.972112405116036,1.0112101305014107,15.91722253561744,29.53967240511605,6.785312405116031,22.75436000000002,11.053766599314372,-0.828125,33.125,2.026206699451966
2024-11-17,18.622160000000008,10.36062000000004,-3.5671799999999507,1.8254967699513145,0.5181536059193377,14.172370375870571,27.582016769951224,5.392676769951265,22.18933999999996,11.976549247090645,-0.1625,6.5,2.618720726311945
2024-11-18,18.51373000000001,11.301900000000046,-3.3738199999999665,1.7231583138276392,-0.6330283634093234,11.675779950418246,26.98452831382758,5.096978313827606,21.887549999999976,12.296476231312624,-0.696875,27.875,1.631445862900527
2024-11-19,18.41342000000003,11.262080000000026,-3.3954200000000014,1.5728271928387585,-0.8654311635917225,11.254156029247042,26.777087192838792,4.96824719283876,21.808840000000032,12.424992063673585,-0.0,0.0,5.092494063273633
2024-11-20,18.512320000000045,11.133540000000039,-5.573369999999954,1.506246663161221,-1.2692811073612802,13.189115555799901,31.165306663161175,7.079616663161175,24.08569,10.227471380485156,-0.140625,5.625,9.456298241840424
2024-11-21,18.465540000000033,11.50027,-5.448519999999974,1.6282192984830317,-2.259963042857464,11.782046255625573,30.99079929848301,7.076739298483005,23.914060000000006,10.307411375323056,-0.1375,5.5,11.153301466909708
2024-11-22,18.628840000000025,12.629850000000033,-4.670500000000004,1.2673433435167567,-3.3982927627766912,8.538540580740062,29.23718334351679,5.937843343516761,23.29934000000003,11.199581800232352,-0.0,0.0,12.661117808621633
2024-11-23,19.31970000000001,11.712820000000022,-3.5528999999999655,1.423224532149618,-3.6151173030156087,8.967887229133964,27.84872453214956,4.9761245321495835,22.872599999999977,11.810962361862096,-0.0,0.0,8.75734909855273
2024-11-24,19.236800000000017,12.250730000000033,-4.154269999999997,1.4113199599487416,-4.246689611780823,8.304970348167899,28.95665995994875,5.565589959948738,23.391070000000013,11.266026858497867,-0.0,0.0,9.225034426365651
2024-11-25,18.00750000000005,12.230800000000045,-4.9138999999999555,1.3885178761025259,-4.486279362298205,7.592838513804281,29.223817876102487,6.302417876102481,22.921400000000006,11.263056185226958,-0.0,0.0,3.118720095865392
2024-11-26,15.773900000000026,10.300960000000032,-3.238869999999963,1.8115821647770076,0.7726960338873141,11.296088198664279,24.06322216477696,5.050452164776971,19.01276999999999,14.064861135664898,-0.0,0.0,6.992667801576229
2024-11-27,15.918240000000026,10.61587000000003,-3.6595800000000054,1.6678931314227157,0.682606098802637,11.312449230225354,24.905293131422752,5.327473131422721,19.57782000000003,13.641403221532073,-0.0,0.0,12.822228575731934
2024-11-28,17.395070000000032,10.791300000000035,-2.309730000000002,1.0531382137293122,-0.43315138071659476,9.533486833012716,23.06766821372935,3.362868213729314,19.704800000000034,14.440143863567926,-0.0,0.0,5.717778658435864
2024-11-29,16.454300000000046,11.41787000000005,-3.4785499999999843,1.6431857783932742,0.8768817090096377,11.035047487402892,25.05458577839329,5.121735778393258,19.93285000000003,13.50228092612889,-0.0,0.0,8.532413397711007
2024-11-30,17.11608000000001,11.193720000000042,-4.538669999999968,1.9541253699502477,0.5880990343304688,13.003254404280653,28.147545369950194,6.4927953699502154,21.65474999999998,11.842921031361016,-0.640625,25.625,13.582323054981899
2024-12-01,17.490139999999997,10.962850000000003,-3.7343199999999683,2.0270369479821966,1.08306374441986,13.371710692402019,26.98581694798213,5.761356947982165,21.224459999999965,12.373500639835015,-0.428125,17.125,10.51487844656662
2024-12-02,18.149350000000027,10.872600000000034,-2.76339999999999,2.1554011040672094,1.0965238017085426,13.292074905775735,25.831551104067216,4.9188011040671995,20.912750000000017,12.86567339934021,-0.603125,24.125,9.461837431557733
2024-12-03,18.574370000000044,10.941160000000025,-5.130959999999959,2.086116091800534,0.9094992587992579,15.75978535059977,30.922406091800497,7.217076091800493,23.705330000000004,10.284734103759604,-5.80625,232.25,5.513424185772577
2024-12-04,17.991420000000005,9.691920000000039,-3.5446999999999775,1.9792611183318627,1.0719912217429055,14.895452340074712,27.060081118331823,5.52396111833184,21.536119999999983,12.287532401089948,-0.31875,12.75,1.2768357996620876
2024-12-05,18.58972,10.102400000000046,-4.335149999999999,1.9377033954319813,0.5173348171688872,15.277508212600821,29.19772339543198,6.27285339543198,22.92487,11.161257516042781,-2.075,83.0,5.1768607709733745
2024-12-06,20.033780000000036,10.582970000000046,-3.423439999999971,1.6744001268632474,-0.20839240076259102,14.340257726100617,28.555060126863225,5.097840126863218,23.457220000000007,11.37011324787511,-0.071875,2.875,4.234997854592173
2024-12-07,19.555000000000007,9.095600000000047,-3.065899999999999,1.7908068126434387,0.6721897411588884,15.988296553802286,27.477606812643444,4.856706812643438,22.620900000000006,11.942254907038091,-2.146875,85.875,3.5691251990977877
2024-12-08,20.01583000000005,9.141999999999996,-3.000039999999956,1.6690184211339556,0.4629331766525411,16.005821597786507,27.684928421133918,4.6690584211339115,23.015870000000007,11.80731347149208,-0.071875,2.875,8.066838417557156
2024-12-09,20.29785000000004,9.24508000000003,-4.106499999999983,1.635245998419805,0.4201072130491639,17.21462321146896,30.14609599841981,5.741745998419788,24.404350000000022,10.55545852711208,-0.1875,7.5,3.734636165817881
2024-12-10,19.0548,9.75314000000003,-3.47969999999998,1.6643901805105088,0.07551803657753453,14.521268217087993,27.67859018051047,5.144090180510489,22.53449999999998,11.90078659657371,-0.20625,8.25,1.1369727861590395
2024-12-11,16.93380000000002,10.088130000000035,-4.379679999999951,1.7580451677715132,0.8389177671540438,13.822312934925492,27.451205167771434,6.137725167771464,21.31347999999997,12.234131050225471,-0.0,0.0,4.566758088704311
2024-12-12,16.649159999999995,11.156060000000025,-4.233299999999986,1.9898574647609166,0.9062227847329041,12.622480249493776,27.105617464760883,6.223157464760902,20.88245999999998,12.414181969764456,-1.775,71.0,9.01457830726381
2024-12-13,17.36175000000003,10.356560000000002,-3.651430000000005,1.8512362599731773,0.8981051798028261,13.405961439776036,26.515846259973216,5.502666259973182,21.013180000000034,12.642572692629926,-0.009375,0.375,4.034278410173559
2024-12-14,17.611050000000034,10.787740000000042,-5.250999999999976,1.6828014858656388,-0.5206536931637515,13.236457792701856,29.795851485865626,6.933801485865615,22.86205000000001,10.992260004463446,-0.028125,1.125,2.9443938504514255
2024-12-15,16.108150000000023,11.466000000000008,-3.2421599999999557,1.440730779907824,-2.4016749017907273,6.9233658781170675,24.03320077990776,4.68289077990778,19.35030999999998,14.078575450717608,-0.0,0.0,1.722717915155653
2024-12-16,17.107700000000023,12.561599999999999,-3.3082299999999805,1.3050120717147706,-2.7687511113448977,6.390590960369877,25.029172071714754,4.613242071714751,20.415930000000003,13.470457779549974,-0.0,0.0,6.854821929799064
2024-12-17,18.921350000000018,10.771450000000016,-3.428169999999966,1.6779378559925817,-1.0239828028078364,12.232025053184714,27.45562785599253,5.106107855992548,22.349519999999984,12.02445339524246,-0.0,0.0,3.654843668452548
2024-12-18,17.714500000000044,10.243620000000021,-3.22829999999999,1.9431339797666851,0.45183427651159036,13.094148256278288,26.11423397976671,5.171433979766675,20.942800000000034,12.793397063055636,-0.0,0.0,2.623957348231509
2024-12-19,19.550260000000037,10.647000000000048,-2.909029999999973,1.8713030281377314,0.8485391672936089,14.532132195431302,27.239623028137714,4.780333028137704,22.45929000000001,12.05443501166394,-0.16875,6.75,1.824100599689933
2024-12-20,19.15133000000003,10.808500000000038,-3.286869999999965,1.9057296592491753,-0.5079924568499905,13.027437202399142,27.630799659249135,5.19259965924914,22.438199999999995,11.892620000955674,-0.290625,11.625,7.905463371564901
2024-12-21,20.282680000000028,10.978049999999996,-2.8414399999999773,1.535813498053301,-2.5373136750445724,11.144569823008737,27.501373498053283,4.377253498053278,23.124120000000005,11.88713458030378,-0.14375,5.75,3.810824922263916
2024-12-22,19.869619999999998,9.25036,-2.6708399999999983,1.548853409951903,-1.1987840318932967,13.640169378058602,26.760153409951897,4.219693409951901,22.540459999999996,12.29314644515,-0.34375,13.75,0.8818759445809315
2024-12-23,17.869380000000035,10.15640000000002,-2.3886999999999716,1.6796593218305134,-0.2866862492425071,11.494653072587994,24.32643932183049,4.068359321830485,20.258080000000007,13.698642502674716,-0.64375,25.75,3.395343631146654
2024-12-24,19.56400000000002,10.51030000000003,-1.5106999999999857,1.4622667365227926,-2.744236275618789,9.282430460903981,24.047666736522785,2.9729667365227783,21.074700000000007,13.68551940627026,-0.26875,10.75,0.7534246578475586
2024-12-25,17.275350000000003,10.76794000000001,-3.6548799999999915,1.8939800005115899,-1.1935833123428097,10.862686688168765,26.479090000511576,5.548860000511581,20.930229999999995,12.665597661245158,-1.81875,72.75,4.564287930947063
2024-12-26,17.452020000000005,11.627250000000004,-4.802499999999952,1.9524790785983441,0.5500711556484816,13.129820234246779,29.009499078598253,6.754979078598296,22.254519999999957,11.374392081190024,-0.68125,27.25,10.282318979700186
2024-12-27,16.78558000000004,9.078000000000031,-5.2144799999999805,1.8347031794503437,0.9942913158290594,15.75105449527939,29.049243179450343,7.049183179450324,22.00006000000002,11.444276992604784,-0.340625,13.625,10.009970076121622
2024-12-28,18.094700000000046,10.794460000000015,-4.428439999999966,1.4531544552082778,-0.31593361467901104,12.865900840529264,28.404734455208256,5.881594455208244,22.523140000000012,11.657067166562513,-0.0,0.0,8.415166695821323
2024-12-29,18.768760000000043,9.528999999999996,-4.951819999999998,1.481329353861895,-1.8797243142315665,13.793185039630373,30.153729353861934,6.433149353861893,23.72058000000004,10.708405567613227,-0.0,0.0,8.725154868171348
2024-12-30,17.068700000000035,10.983270000000005,-4.2336199999999735,1.8173962336202294,-0.9203876393061137,11.21605859431412,27.35333623362021,6.051016233620203,21.30232000000001,12.260350266241403,-0.190625,7.625,9.433068452228957
2024-12-31,18.329499999999996,11.72732000000002,-4.534699999999987,1.2816779255024926,-3.137581931028876,9.280975994473579,28.68057792550246,5.816377925502479,22.864199999999983,11.509206532005862,-0.0,0.0,7.387910024076454
2025-01-01,17.877530000000036,12.185020000000009,-4.5894799999999805,1.4310731013317195,-3.175450978924971,8.537612122406756,28.487563101331716,6.0205531013317,22.467010000000016,11.641511430626053,-0.0,0.0,5.183847941826323
2025-01-02,17.488730000000032,11.912070000000028,-4.835669999999993,1.301591337888965,-2.753521079646987,8.960400258241975,28.461661337888984,6.137261337888958,22.324400000000026,11.710277635258478,-0.0,0.0,9.162620186032386
2025-01-03,17.190330000000017,12.583860000000016,-4.4541999999999575,1.144853411164604,-2.765647218775541,7.439876192389022,27.243583411164536,5.599053411164562,21.644529999999975,12.368995929004484,-0.0,0.0,9.814581423600423
2025-01-04,17.25033000000002,13.096920000000011,-4.610239999999976,1.1075538193635452,-3.2806208899053786,6.590582929458151,27.578363819363517,5.717793819363521,21.860569999999996,12.197552063841727,-0.0,0.0,10.187059677140732
2025-01-05,18.573270000000036,11.232169999999996,-5.092629999999986,0.9638394405761801,-3.009005772860462,10.388563667715744,29.722369440576188,6.056469440576166,23.665900000000022,10.98772718913591,-0.0,0.0,9.20511104625175
2025-01-06,18.06173000000001,11.360299999999995,-4.845559999999978,1.0958154522846257,-3.4356826707711434,9.207122781513476,28.848665452284592,5.941375452284603,22.90728999999999,11.470038956355893,-0.0,0.0,3.099476002298185
2025-01-07,18.484860000000026,11.045980000000043,-3.904899999999998,1.1605092781531994,-3.5224776947005694,8.981811583452611,27.45516927815322,5.065409278153197,22.389760000000024,12.114435027902005,-0.0,0.0,5.23901686394809
2025-01-08,18.255269999999996,11.153160000000014,-5.240269999999953,0.5318192789655996,-3.288885989826042,9.585313289139492,29.2676292789655,5.772089278965552,23.49553999999995,11.28005930980629,-0.0,0.0,4.148094909271248
2025-01-09,17.062520000000006,11.605740000000026,-4.54965999999996,1.3030819125054336,-0.7321826310000574,10.577339281505317,27.46492191250536,5.852741912505394,21.612179999999967,12.258053424055447,-0.0,0.0,6.243391196873124
2025-01-10,16.761250000000018,9.782650000000046,-3.8198999999999614,1.6174834586993825,-0.12753559018796068,12.288447868511355,26.018533458699324,5.437383458699344,20.58114999999998,12.986311417704997,-0.121875,4.875,5.052489668608632
2025-01-11,18.086880000000008,11.260100000000023,-4.974339999999984,1.6155499897342338,-0.922075393015291,12.494594596718912,29.65110998973421,6.589889989734218,23.06121999999999,11.019288250075931,-0.253125,10.125,4.689012018415361
2025-01-12,20.445580000000007,8.758970000000033,-4.125619999999969,1.4411955935721608,-0.5175347781906794,16.735890815381424,30.138015593572106,5.56681559357213,24.571199999999976,10.561623677392276,-0.20625,8.25,6.783188813881622
2025-01-13,18.35903000000002,8.947100000000034,-3.967079999999953,1.8125400281285238,0.8398433928012992,16.03139342092976,28.10573002812845,5.779620028128477,22.32610999999997,11.74373360250189,-0.071875,2.875,4.543448971039909
2025-01-14,17.24246000000005,9.010130000000004,-4.803299999999979,1.7427147523540043,0.7121759073953626,15.490520659749393,28.591774752354013,6.546014752353983,22.04576000000003,11.629941148156206,-0.015625,0.625,5.922074934423511
2025-01-15,18.24526000000003,9.57763,-5.471139999999991,1.4580239578954775,0.4614798917359053,16.058273849631405,30.64556395789549,6.929163957895469,23.71640000000002,10.519223608965433,-0.015625,0.625,7.9273142122437
2025-01-16,18.107140000000015,9.621030000000019,-4.782479999999964,1.3165606173757851,-0.5430070381572705,14.042143579218475,28.98866061737573,6.099040617375749,22.88961999999998,11.375332248503867,-0.0,0.0,5.420697700740685
2025-01-17,17.71786000000003,10.072050000000047,-4.794529999999952,1.3479980470291366,-0.35811098019041765,13.430227066838654,28.65491804702907,6.142528047029089,22.512389999999982,11.583107143172526,-0.0,0.0,6.807160962206189
2025-01-18,18.39993000000004,9.250940000000014,-5.146979999999985,1.4698127146996285,0.6650171052331189,16.43079981993276,30.16370271469964,6.6167927146996135,23.546910000000025,10.743168866506835,-0.0,0.0,0.9551471658461904
2025-01-19,16.350060000000042,8.880520000000047,-5.972449999999981,1.8563972901068269,0.7359980074908776,16.03438529759768,30.15135729010683,7.828847290106808,22.322510000000023,10.943302575939526,-0.040625,1.625,2.1366156322899195
2025-01-20,19.96410000000003,11.242580000000032,-5.395420000000001,0.8167218887577405,-1.2870650750109576,13.646596813746783,31.571661888757774,6.212141888757742,25.359520000000032,9.932234825571697,-0.0,0.0,7.040364567164616
2025-01-21,19.362099999999998,11.250820000000033,-4.426119999999969,0.480396346812654,-1.365773053976909,11.652023292835679,28.69473634681259,4.906516346812623,23.788219999999967,11.449333596354904,-0.0,0.0,4.5590989609125225
2025-01-22,19.54708000000005,10.346830000000011,-4.5224399999999605,1.481220148114005,0.3802444889722665,15.584154637086272,30.073180148113977,6.0036601481139655,24.06952000000001,10.672744242391047,-0.0,0.0,7.161933375146383
2025-01-23,20.761070000000018,10.632000000000005,-4.338660000000004,0.817546764198255,-2.5955789774402547,12.689697786758018,30.25593676419828,5.156206764198259,25.099730000000022,10.516360302228293,-0.0,0.0,7.311655820644404
2025-01-24,18.903830000000028,11.322660000000042,-4.490329999999972,1.1613214108533043,-3.545011407687923,9.687810003165339,29.045811410853275,5.651651410853276,23.39416,11.275655684408207,-0.0,0.0,6.144702615323528
2025-01-25,20.434600000000046,11.605500000000006,-3.90259999999995,0.7019550896276883,-3.4991806512525727,9.934474438375105,28.941755089627634,4.604555089627638,24.337199999999996,11.209960479469146,-0.0,0.0,12.82882952704259
2025-01-26,20.558130000000006,11.208830000000034,-4.561769999999967,-0.038908249599728606,-3.35152740338242,10.52063434701779,29.64276175040021,4.522861750400239,25.119899999999973,10.88090416294034,-0.0,0.0,2.356904840768691
2025-01-27,20.388000000000034,11.374480000000005,-5.124759999999981,0.474654246400803,-3.63848716164199,10.974447084758822,31.112174246400798,5.599414246400784,25.512760000000014,10.140372295554698,-0.0,0.0,7.401690151980149
2025-01-28,20.704980000000035,10.872340000000008,-4.710969999999975,0.2972520466672677,-3.5631233584092,11.277738688258069,30.424172046667252,5.0082220466672425,25.41595000000001,10.463462718891549,-0.0,0.0,8.237229421874808
2025-01-29,21.36495000000002,12.329250000000002,-4.370399999999961,0.6371342451690793,-0.5733971470449433,13.469837098124117,30.742884245169023,5.00753424516904,25.735349999999983,10.23129759438092,-0.0,0.0,3.7520491335376973
2025-01-30,20.293300000000045,12.012720000000002,-5.64874999999995,1.5940741193670647,-2.1442894029487434,13.379114716418314,33.18487411936701,7.242824119367015,25.942049999999995,9.039832645773856,-0.0,0.0,7.762639911650294
2025-01-31,21.658650000000023,11.377679999999998,-6.1749999999999545,1.23356849112065,-2.3300785032004114,15.359459987920218,35.24221849112058,7.4085684911206044,27.833649999999977,7.92515615034921,-0.0,0.0,4.9422353022556305
2025-02-01,22.06686000000002,10.147550000000024,-4.397069999999985,0.8836540327743023,-2.79010391757771,14.409930115196573,31.744654032774292,5.2807240327742875,26.463930000000005,9.662327546615643,-0.0,0.0,6.5519596714000645
2025-02-02,22.748320000000035,10.551570000000027,-3.1748399999999606,-0.006807165679049376,-3.656586732668245,11.708196101652675,29.091192834320907,3.168032834320911,25.923159999999996,10.969264966638036,-0.0,0.0,4.160303932060873
2025-02-03,21.375820000000033,9.796620000000019,-4.240819999999985,0.29469246665144055,-2.7986636362336412,13.316048830417799,30.152152466651444,4.535512466651426,25.616640000000018,10.539680205709203,-0.0,0.0,3.7042563753981232
2025-02-04,21.829740000000015,9.195950000000039,-4.1153999999999655,0.16985489827061429,-2.1385878378387133,14.780457060431843,30.23039489827056,4.28525489827058,25.94513999999998,10.467098620390402,-0.0,0.0,3.4344134444075953
2025-02-05,21.65518000000003,9.756979999999999,-5.312479999999994,0.5364979257176969,-2.0480868553768232,15.699091070340899,32.816637925717714,5.848977925717691,26.967660000000024,9.174443384729614,-0.0,0.0,4.760803836098504
2025-02-06,20.66897,11.83358000000004,-4.7912000000000035,0.4567054083179869,-0.9747782199382868,13.108517188379665,30.708075408317995,5.24790540831799,25.460170000000005,10.318024603181698,-0.0,0.0,7.696284456507393
2025-02-07,20.86483000000004,11.07913000000002,-4.422429999999963,0.2556289594849659,-2.5158062066395246,11.947952752845424,29.965318959484932,4.678058959484929,25.287260000000003,10.680081508180876,-0.0,0.0,4.125242872935304
2025-02-08,20.97878000000003,10.973630000000014,-4.043199999999956,0.844972590081511,-1.7820808296813766,13.111241760400105,29.910152590081452,4.888172590081467,25.021979999999985,10.669359908024944,-0.0,0.0,5.771142200048636
2025-02-09,20.68190000000004,10.445460000000026,-4.436440000000005,0.9919792799117317,-2.4405373955891605,13.224321884322592,30.546759279911782,5.428419279911736,25.118340000000046,10.368256418539602,-0.0,0.0,9.770814732123643
2025-02-10,20.600120000000004,9.3716,-3.712069999999983,0.5463838358109001,-2.7634044465335705,12.723569389277316,28.57064383581087,4.258453835810883,24.312189999999987,11.388156558701041,-0.0,0.0,2.7915249331555327
2025-02-11,22.118370000000027,9.835380000000043,-4.729069999999979,0.035881978550378335,-2.636178041521987,14.411763937028354,31.612391978550363,4.764951978550357,26.847440000000006,9.756940032034379,-0.0,0.0,3.0906212936451976
2025-02-12,23.305139999999994,10.520960000000002,-4.4056999999999675,-0.5496580209848503,-2.7346267364582104,13.905595242556899,31.56688197901508,3.8560419790151172,27.710839999999962,9.697481946664482,-0.0,0.0,6.817437261096196
2025-02-13,23.614700000000028,7.7815800000000195,-4.135469999999998,0.48531800265419633,0.10789083170891445,20.561798834363117,32.37095800265422,4.620788002654194,27.750170000000026,9.257962057376687,-0.0,0.0,6.2205527103939895
2025-02-14,23.5967,7.560699999999997,-4.6301299999999515,0.32932481165249783,-0.005156264156369161,20.99029854749608,33.1862848116524,4.959454811652449,28.22682999999995,8.855215699063876,-0.0,0.0,8.028459292074686
2025-02-15,23.572320000000047,7.627130000000022,-5.226479999999981,0.5514194937965726,0.14386458062978136,21.86695407442636,34.57669949379658,5.7778994937965535,28.79880000000003,8.155799752254211,-0.0,0.0,6.937014166735314
2025-02-16,23.18887000000001,7.7057700000000295,-5.926549999999963,0.39226328996159054,-0.2640640227934341,21.5378492671681,35.434233289961526,6.318813289961554,29.115419999999972,7.756243818538735,-0.0,0.0,6.407788955041364
2025-02-17,22.972740000000044,7.755030000000033,-6.941499999999962,0.3349764659394623,-0.32989919210353946,22.164287273835896,37.19071646593943,7.2764764659394245,29.914240000000007,6.895217054901536,-0.0,0.0,9.199926250489723
2025-02-18,22.887400000000014,7.3687400000000025,-7.329049999999995,0.4964811198748862,0.009630328864545845,23.35382144873944,38.04198111987489,7.825531119874881,30.21645000000001,6.470623860273065,-0.0,0.0,4.743161898694035
2025-02-19,24.6669,8.633780000000002,-6.002599999999973,0.46544085176299177,0.10886284652684708,22.610023698289808,37.137540851762935,6.468040851762964,30.66949999999997,6.8133205592238255,-0.0,0.0,8.109036267631376
2025-02-20,23.762900000000002,8.056900000000041,-5.412149999999997,0.7205140090053419,0.32025010943442567,22.158914118439725,35.30771400900534,6.132664009005339,29.17505,7.772944461897339,-0.0,0.0,13.198184060835747
2025-02-21,23.610680000000002,7.740660000000048,-2.883579999999995,0.6131879886675051,0.2352667429312305,19.602054731598685,29.991027988667497,3.4967679886675,26.494259999999997,10.444206941389723,-0.0,0.0,8.934252275166887
2025-02-22,23.859640000000013,7.794340000000034,-4.994119999999953,0.5050839237795799,0.12559320137523855,21.69009712515475,34.3529639237795,5.4992039237795325,28.853759999999966,8.250214001977326,-0.0,0.0,4.321277541582252
2025-02-23,23.067560000000014,7.016260000000045,-4.582499999999982,0.1960267335260255,-0.16991634548242018,20.659910388043556,32.428586733526004,4.778526733526007,27.650059999999996,9.273264974324661,-0.0,0.0,14.296962062396895
2025-02-24,22.31660000000005,6.3414600000000405,-4.322499999999991,0.2309065914254802,-0.12594246319775948,20.402604128227722,31.192506591425513,4.553406591425471,26.63910000000004,9.945728043739393,-0.0,0.0,5.711515928971259
2025-02-25,21.568140000000028,6.270650000000046,-4.356539999999995,0.8807330821248911,0.21110582390400623,20.745868906028875,31.16195308212491,5.2372730821248865,25.924680000000023,9.992753698575257,-0.0,0.0,2.7410554398209848
2025-02-26,22.047330000000045,7.186180000000036,-4.869669999999985,1.0145734792856729,0.3687639000224294,21.114157379308097,32.80124347928569,5.884243479285658,26.91700000000003,9.1286528874557,-0.0,0.0,5.343830896501994
2025-02-27,22.529750000000035,9.088770000000011,-4.754799999999989,0.3018458764373122,-1.8757806095120486,16.621845266925277,32.341195876437325,5.056645876437301,27.284550000000024,9.352613675169891,-0.0,0.0,8.283653863711331
2025-02-28,22.641080000000045,10.797500000000014,-5.415259999999989,0.9054714182451562,-2.676841671279135,15.487469746966042,34.37707141824518,6.3207314182451455,28.056340000000034,8.303389212800766,-0.0,0.0,3.3414740144275727
2025-03-01,22.54740000000004,8.810699999999997,-4.626170000000002,1.377985873979867,-0.38969499241613903,19.35116088156377,33.17772587397991,6.004155873979869,27.17357000000004,8.88412884540628,-0.0,0.0,2.129769091211635
2025-03-02,23.666960000000017,8.310140000000047,-4.154459999999972,1.1943671069781772,0.38197613306044786,21.087623240038567,33.17024710697814,5.348827106978149,27.82141999999999,8.827989193275528,-0.0,0.0,7.964563307316184
2025-03-03,25.27233000000001,9.118130000000008,-4.87036999999998,0.350482670120698,0.004077113290748002,21.37912978341143,35.36355267012067,5.220852670120678,30.14269999999999,7.671043868129402,-0.0,0.0,5.614529926640952
2025-03-04,24.727869999999996,8.57850000000002,-4.5894799999999805,0.4949136872177178,0.14154937992918804,21.375313067146863,34.401743687217675,5.084393687217698,29.317349999999976,8.177314737366544,-0.0,0.0,5.579989828335859
2025-03-05,25.040900000000022,8.85528000000005,-3.7303999999999746,0.5846341992404973,0.21779976878241314,20.718453968022857,33.08633419924047,4.315034199240472,28.771299999999997,8.816379331839698,-0.0,0.0,6.6094824571741135
2025-03-06,24.766230000000007,8.684960000000046,-2.874369999999999,0.7356914997019999,0.3767013965469346,20.068032896248894,31.250661499702005,3.610061499701999,27.640600000000006,9.74420158382344,-0.0,0.0,5.830635094949862
2025-03-07,25.318300000000022,9.300560000000019,-3.2171699999999532,-0.13024397727127734,-0.5120393785703072,18.592626644158372,31.62239602272865,3.086926022728676,28.535469999999975,9.543542660117566,-0.0,0.0,4.273495495968763
2025-03-08,25.486720000000048,9.467160000000035,-4.47769999999997,0.11794935890219449,-0.2813812583047479,20.33382810059743,34.56006935890218,4.595649358902165,29.96442000000002,8.064950080736082,-0.0,0.0,5.9326805285617
2025-03-09,24.912500000000023,9.48720000000003,-3.674539999999979,0.16053956996472607,-0.3718428812118759,18.888536688752822,32.42211956996471,3.835079569964705,28.587040000000002,9.162957714294635,-0.0,0.0,4.805352119973288
2025-03-10,22.563199999999995,10.161580000000015,-3.822999999999979,0.6087960867569109,-1.8173847241405383,15.016031362616332,30.817996086756864,4.43179608675689,26.386199999999974,10.101733791349602,-0.0,0.0,5.5951398498699305
2025-03-11,19.62563,9.761070000000018,-4.037149999999997,1.9696206972854498,0.9616764380218115,16.83300713530724,29.669550697285445,6.006770697285447,23.662779999999998,10.823201872596485,-2.175,87.0,10.884889358799802
2025-03-12,20.214260000000024,10.402600000000007,-5.737899999999968,1.98646254982566,0.4727982828018753,18.00882083262752,33.67652254982562,7.724362549825628,25.952159999999992,8.76639981435028,-10.0,471.375,5.6803906395040356
2025-03-13,25.412440000000004,9.293880000000001,-5.455359999999985,0.5598285669750567,0.187129330418486,22.32087789739353,36.88298856697503,6.015188566975041,30.86779999999999,6.901088361607833,-0.0,0.0,4.0741715761748525
2025-03-14,26.233360000000005,10.336880000000008,-4.928259999999966,0.011342149227004938,-0.41480125569637494,20.421280893530593,36.10122214922694,4.939602149226971,31.16161999999997,7.260136169929979,-0.0,0.0,1.028954137741051
2025-03-15,24.992819999999995,9.773520000000019,-4.607730000000004,-0.08586524452329058,-0.90126310491911,18.83990165055758,34.12241475547671,4.521864755476713,29.60055,8.30987227842229,-0.0,0.0,3.2852592581430433
2025-03-16,24.72598000000005,8.817830000000015,-4.877139999999997,1.0522488067106224,0.6096155091406672,22.44715431585132,35.532508806710666,5.9293888067106195,29.603120000000047,7.5956564584959665,-0.0,0.0,4.275828487402988
2025-03-17,25.735250000000008,9.758260000000007,-6.249899999999968,1.011214570713605,0.6035929130200088,23.841697483733583,39.24626457071355,7.261114570713573,31.985149999999976,5.694165513630708,-0.034375,1.375,4.700304366292596
2025-03-18,25.782500000000027,9.75356000000005,-4.1995000000000005,1.0200713481234516,0.6059896374421783,21.854500985565608,35.20157134812348,5.219571348123452,29.982000000000028,7.714444702681249,-0.0,0.0,2.317495237903157
2025-03-19,23.883500000000026,9.615080000000034,-2.9326999999999543,1.2344000725158821,-0.08976214877884559,18.345757923736983,30.983300072515817,4.1671000725158365,26.81619999999998,9.907071965725493,-0.0,0.0,3.247770250638922
2025-03-20,24.04403000000002,9.688620000000014,-5.377229999999997,0.7892980385838086,-1.11952899360341,19.402409044980402,35.587788038583824,6.166528038583806,29.421260000000018,7.613621059063121,-0.0,0.0,4.771719510733006
2025-03-21,23.79122000000001,8.27660000000003,-5.2932500000000005,1.110158476102697,0.4533366819709954,22.371365158073672,35.48787847610271,6.4034084761026975,29.08447000000001,7.66560078533405,-0.0,0.0,7.903770357917829
2025-03-22,19.96365000000003,9.447720000000004,-5.006169999999997,1.9953208646074927,0.9479318069738838,18.4653526715814,31.971310864607517,7.00149086460749,24.969820000000027,9.639353208181092,-10.0,1104.0,14.398522407375204
2025-03-23,21.799740000000043,9.892700000000048,-5.484349999999949,2.013113566813331,0.41781517637798515,19.82231874319126,34.78155356681327,7.4974635668132805,27.284089999999992,8.088927235034305,-10.0,1143.875,8.951598332946963
2025-03-24,23.58352000000002,9.242880000000014,-5.7267799999999625,1.3477707704813042,0.6022516465213812,22.017442417002655,36.38485077048125,7.074550770481267,29.310299999999984,7.21709788067318,-0.0,0.0,9.086887938048562
2025-03-25,24.815060000000017,8.743980000000022,-5.435000000000002,0.8375772714940126,0.46938043949654684,22.813037710990557,36.522637271494034,6.272577271494015,30.25006000000002,7.102399263758741,-0.0,0.0,8.224638603828426
2025-03-26,24.944180000000017,9.02800000000002,-5.311999999999955,0.9071207379258226,0.4250510253183961,22.56035176324417,36.47530073792575,6.219120737925778,30.256179999999972,7.117849024365853,-0.0,0.0,4.784179788845114
2025-03-27,24.23037000000005,9.813870000000009,-6.341160000000002,1.2341651887914509,0.28697023196616556,22.27879542075766,38.146855188791505,7.575325188791453,30.571530000000052,6.306359758514134,-0.0,0.0,4.212518352981682
2025-03-28,26.337800000000016,10.533530000000042,-4.645539999999983,0.8051938715082656,0.3144828917728546,21.569486763281077,36.43407387150825,5.450733871508248,30.98334,7.082019810202269,-0.0,0.0,1.7742571801753486
2025-03-29,26.482700000000023,10.443050000000028,-4.4836199999999735,0.2627815018432216,-0.11996498969648428,20.666086512146705,35.71272150184319,4.746401501843195,30.966319999999996,7.443572561694225,-0.0,0.0,2.156000656698539
2025-03-30,25.422750000000008,9.509180000000015,-4.741199999999992,0.39735224337476893,0.006946993104804733,21.05906923647956,35.30250224337476,5.138552243374761,30.16395,7.693251290446085,-0.0,0.0,3.8381813194719814
2025-03-31,25.803200000000004,9.90685000000002,-2.5213399999999524,0.7249828633757716,0.34130384003276504,19.483976703408473,31.57086286337568,3.246322863375724,28.324539999999956,9.535894104343697,-0.003125,0.125,8.527580131448607
2025-04-01,24.25045,8.366020000000049,-2.47969999999998,1.040339409532919,0.6269703150647388,20.03143972459759,30.25018940953288,3.520039409532899,26.73014999999998,10.261821448542378,-0.309375,12.375,5.109028483336018
2025-04-02,23.21810000000005,10.055840000000046,-4.902699999999982,1.5208035460146334,0.27706014058395567,19.862823686598574,34.544303546014646,6.423503546014615,28.12080000000003,8.149215773188757,-0.0,0.0,2.315393550078864
2025-04-03,20.255330000000015,10.103660000000048,-4.333899999999971,1.95379134275953,0.6248142575675502,17.06417560032702,30.876921342759488,6.287691342759501,24.589229999999986,10.165497432751351,-9.1375,365.5,3.244963235678218
2025-04-04,22.66897,9.958550000000002,-4.7683999999999855,1.5884785639315737,0.6556735944172374,19.722972158348796,33.794248563931546,6.356878563931559,27.437369999999987,8.554736586500098,-0.340625,13.625,8.314076473638604
2025-04-05,21.950770000000034,9.870400000000018,-4.2590699999999515,1.7061879673773888,0.8895136844334957,18.935141651810852,32.175097967377326,5.96525796737734,26.209839999999986,9.405429573008064,-10.0,580.625,7.866955280406605
2025-04-06,24.817600000000027,9.955219999999997,-5.726999999999975,1.397261881475174,0.6198451025161376,22.606486983991317,37.66886188147515,7.1242618814751495,30.544600000000003,6.508017105527188,-1.9125,76.5,11.872712840651333
2025-04-07,26.66876000000002,10.457360000000051,-6.7099999999999795,0.626263602159213,0.27950258485026325,23.827166187009425,40.71502360215919,7.3362636021591925,33.37876,4.932596951404378,-0.13125,5.25,14.994768012139561
2025-04-08,25.791650000000004,9.684050000000013,-5.873359999999991,0.7446065611877088,0.37329807850682073,23.09886463969451,38.282976561187695,6.6179665611877,31.665009999999995,6.180051972192928,-0.21875,8.75,18.37019111168471
2025-04-09,24.282680000000028,8.634640000000047,-5.934969999999964,1.0021220581580224,0.5251364062836501,23.110268464441617,37.15474205815798,6.937092058157987,30.217649999999992,6.809045670508169,-0.0,0.0,11.357546086348265
2025-04-10,24.250400000000013,9.497770000000003,-5.03449999999998,1.346170812255366,0.7366903773157105,21.869991189571067,35.66557081225534,6.380670812255346,29.284899999999993,7.540388462971862,-0.059375,2.375,9.15911229670881
2025-04-11,21.574550000000045,9.95938000000001,-6.178799999999967,1.7277219513032378,0.9232359158627332,20.444927867165973,35.65987195130322,7.906521951303205,27.75335000000001,7.688590073073669,-5.55625,222.25,5.653639338442473
2025-04-12,22.65945000000005,9.888239999999996,-6.292939999999987,1.7640670254724569,0.5832770557467484,21.411494081219246,37.00939702547248,8.057007025472444,28.952390000000037,6.936571914572596,-10.0,638.875,9.530963148415989
2025-04-13,24.374600000000044,9.146630000000016,-7.1909200000000055,1.2546312808030393,0.653326212170839,24.32684749297391,40.011071280803094,8.445551280803045,31.56552000000005,5.365974976078178,-0.340625,13.625,11.961654041062005
2025-04-14,23.20455000000004,9.800229999999999,-6.667699999999968,1.6525589222410986,0.8883184474168502,22.612897369657958,38.192508922241075,8.320258922241067,29.872250000000008,6.3186495361666175,-10.0,742.25,1.8563952456829471
2025-04-15,24.09970000000004,10.41482000000002,-5.516579999999976,1.3839953530817297,0.07733288732964638,20.662788240411373,36.51685535308172,6.900575353081706,29.616280000000017,7.1210561950347255,-0.421875,16.875,5.751479312968511
2025-04-16,22.482870000000048,10.266020000000026,-5.0999499999999784,1.9115213993866291,0.8050081401413536,20.033329539527983,34.594291399386634,7.011471399386608,27.582820000000027,8.143912655707481,-9.125,365.0,3.182777091266462
2025-04-17,24.174900000000036,10.524069999999995,-3.5026599999999917,1.8194878986166145,0.6418555575583014,19.61483345617495,32.999707898616634,5.322147898616606,27.677560000000028,8.8515381530828,-3.4375,137.5,3.9526693631514047
2025-04-18,23.17193000000003,10.79200000000003,-4.524819999999977,2.1286049715409945,1.02648746425956,20.059842435800533,34.35017497154098,6.6534249715409715,27.69675000000001,8.208491815191394,-10.0,2070.625,2.308149596053769
2025-04-19,24.40963000000005,10.271600000000035,-4.1740199999999845,1.8956069560828723,0.9241962710656821,21.131853227148554,34.65327695608289,6.069626956082857,28.583650000000034,8.00933933064033,-10.0,491.625,2.941880485948675
2025-04-20,22.589350000000024,10.816550000000007,-3.8663999999999987,2.0841941748767,0.9315404640981342,18.65493463897485,32.40634417487672,5.950594174876699,26.455750000000023,9.21826745469889,-10.0,1833.875,4.538383603646768
2025-04-21,24.89083000000005,9.89688000000001,-3.4832999999999856,1.2650230597237169,0.6194678623360232,20.361740922059766,33.12245305972374,4.7483230597237025,28.374130000000036,8.784397071141882,-0.04375,1.75,4.043495120974541
2025-04-22,25.608240000000023,10.768460000000005,-4.1482299999999555,1.1636787146172196,0.4708620831425492,20.622550797759743,35.068378714617154,5.311908714617175,29.75646999999998,7.783521217200814,-0.13125,5.25,5.079251774054657
2025-04-23,26.71700000000004,11.036830000000009,-4.180099999999982,1.1280424899657646,0.6041809658867123,21.59249345585249,36.20524248996577,5.308142489965746,30.897100000000023,7.176169521862221,-0.1625,6.5,0.8078986773109732
2025-04-24,27.074430000000007,11.39312000000001,-4.20877999999999,0.9377199802259497,0.40670380522215055,21.234513785448087,36.42970998022594,5.14649998022594,31.283209999999997,7.057273722467755,-0.0,0.0,2.4674068881101974
2025-04-25,26.012,10.712670000000003,-4.863779999999963,1.2672725364441817,0.6697205053734478,22.10010304181759,37.00683253644411,6.131052536444145,30.875779999999963,6.795160342555562,-0.0,0.0,3.124423031727596
2025-04-26,24.953700000000026,10.04690000000005,-4.751559999999984,1.2963127161644934,0.6204983729757032,21.575171089140156,35.75313271616449,6.047872716164477,29.70526000000001,7.464891146876994,-0.0,0.0,3.222067665572219
2025-04-27,25.344570000000033,10.202050000000042,-5.47226999999998,1.3760725694132816,0.8267528064754401,22.817615375888693,37.665182569413275,6.848342569413262,30.816840000000013,6.487657540119187,-0.015625,0.625,1.7531485065092998
2025-04-28,24.220799999999997,10.458950000000016,-3.6245999999999867,1.4981557390681246,0.659360912861132,19.543966651929225,32.968155739068095,5.122755739068111,27.845399999999984,8.883296335634668,-0.021875,0.875,3.657647520279039
2025-04-29,25.101400000000012,10.361100000000022,-3.7618799999999624,1.4258877686949631,0.6894600192787266,20.617527787973643,34.0510477686949,5.1877677686949255,28.863279999999975,8.303782089635035,-0.034375,1.375,5.103122141583221
2025-04-30,24.824850000000026,10.34942000000001,-3.5003699999999753,1.6397476903664483,0.943796560366593,20.559344250733034,33.465337690366425,5.140117690366424,28.32522,8.598700917645544,-1.359375,54.375,4.279996960077515
2025-05-01,23.719750000000033,11.004970000000014,-3.589499999999987,1.797676120700146,0.8517760985485552,18.953732219248707,32.69642612070015,5.387176120700133,27.30925000000002,9.028505442682047,-10.0,692.25,1.8577813051252319
2025-05-02,22.560699999999997,11.236260000000016,-3.2939999999999827,2.1077986512945586,1.1677527896809465,17.89399144097547,31.25649865129452,5.401798651294541,25.85469999999998,9.793302950591737,-10.0,2196.0,5.247215086037697
2025-05-03,23.832899999999995,10.729100000000017,-5.276919999999961,1.759341098965308,0.71677336799263,20.856834466957878,36.146081098965226,7.036261098965269,29.109819999999957,7.300028866896412,-7.609375,304.375,5.08705391802806
2025-05-04,25.080219999999997,11.074760000000026,-6.293739999999957,1.198221153310385,0.25541754999574096,21.752838703306054,38.865921153310296,7.491961153310342,31.373959999999954,5.906251902172755,-0.0,0.0,11.23247529854633
2025-05-05,25.913540000000012,10.479880000000037,-5.173000000000002,0.9634689146424193,0.26383964964969664,21.833968564292093,37.223008914642435,6.136468914642421,31.086540000000014,6.70011650732107,-0.0,0.0,10.856097600960444
2025-05-06,25.38990000000001,10.198239999999998,-4.203699999999969,1.0832464558258152,0.3427399047230324,20.82134636054883,34.880546455825765,5.286946455825785,29.59359999999998,7.8896133227554515,-0.0,0.0,10.093380914506024
2025-05-07,24.426300000000026,9.774040000000014,-4.871039999999994,1.4124228175295457,0.6110794963300918,21.546802313859644,35.58080281752956,6.283462817529539,29.29734000000002,7.571041811342127,-0.296875,11.875,10.367647254570967
2025-05-08,23.717340000000036,9.685450000000003,-4.528599999999983,1.252144223269113,0.15235390452676256,19.96498812779589,34.026684223269115,5.780744223269096,28.24594000000002,8.394054442534241,-0.0,0.0,7.75574173332808
2025-05-09,23.84677000000005,10.20270000000005,-4.455569999999966,1.4917740670279045,0.09611135384420777,19.687525420872078,34.249684067027886,5.9473440670278706,28.302340000000015,8.262557419901611,-0.19375,7.75,9.652760931188618
2025-05-10,23.623100000000022,10.11020000000002,-4.142799999999966,1.514102877295386,0.5113788176072376,19.68118169490259,33.42280287729534,5.656902877295352,27.765899999999988,8.687484512633887,-0.115625,4.625,0.8835049705297129
2025-05-11,22.950950000000034,10.71210000000002,-3.600599999999986,1.8113515420222939,0.673631362784306,18.3244329048066,31.9635015420223,5.41195154202228,26.55155000000002,9.437182055981452,-1.634375,65.375,2.832039821626087
2025-05-12,24.366600000000005,12.067200000000014,-3.8121699999999805,2.055656702805152,0.7339275508312539,18.901154253636378,34.04659670280512,5.867826702805132,28.178769999999986,8.30368252703829,-10.0,732.5,3.3328949983050022
2025-05-13,21.955100000000016,11.003630000000044,-2.915899999999965,2.1463425755903813,1.1163734894496997,17.130086065040018,29.933242575590327,5.062242575590346,24.87099999999998,10.491196309162433,-10.0,1292.5,4.999052957629227
2025-05-14,23.447780000000023,11.648740000000032,-3.712069999999983,2.1752876417776292,0.8091930205017093,18.495590662279312,33.04720764177762,5.887357641777612,27.159850000000006,8.841185823436717,-10.0,1585.25,4.476273290531213
2025-05-15,22.656060000000025,11.36895000000004,-3.197180000000003,2.1363779892349157,0.860684123504825,17.481352112739728,31.186797989234947,5.333557989234919,25.853240000000028,9.819722616943466,-10.0,734.0,4.701788163696206
2025-05-16,21.55250000000001,11.04122000000001,-3.7571199999999862,2.225703051505036,0.947940022922694,17.442043074427716,31.292443051505018,5.982823051505022,25.309619999999995,9.832329695185933,-10.0,1672.625,6.008110210912264
2025-05-17,21.845180000000028,10.827449999999999,-4.0035799999999995,2.0812588804849383,1.099816351017239,18.202385231502205,31.933598880484965,6.084838880484938,25.848760000000027,9.504053875638078,-8.8375,353.5,13.936896787309683
2025-05-18,21.06567000000001,10.861100000000022,-2.784400000000005,2.133088037507548,0.8969760321909348,16.019034069698478,28.76755803750757,4.917488037507553,23.850070000000017,11.13817052420103,-10.0,420.5,11.682508076260026
2025-05-19,20.380120000000034,11.955399999999997,-2.3747999999999934,2.1689506652896853,1.34447446017856,14.312945125468275,27.298670665289706,4.543750665289679,22.754920000000027,11.924121700353567,-5.2,208.0,4.264633120149361
2025-05-20,19.736500000000035,11.427200000000028,-2.359299999999962,2.03892320916151,1.265004751053823,13.972527960215302,26.49402320916147,4.398223209161472,22.095799999999997,12.394176563721146,-5.11875,204.75,10.950425255075706
2025-05-21,19.073480000000018,11.317100000000039,-3.0506999999999493,2.0830363757902433,0.8697950682068836,13.759911443997055,27.25791637579016,5.133736375790193,22.124179999999967,12.06867261475378,-1.94375,77.75,16.358012039443782
2025-05-22,21.20297000000005,11.457150000000013,-3.498079999999959,1.9172942647738864,0.3928398381066245,15.554034102880507,30.116424264773855,5.415374264773845,24.70105000000001,10.473020088244027,-0.0,0.0,3.9096111553449857
2025-05-23,20.056820000000016,11.294550000000015,-1.8448199999999702,2.1240327105986125,1.196053413787297,13.92717612438588,25.87049271059857,3.9688527105985827,21.901639999999986,12.669007108724259,-2.39375,95.75,8.263234148182496
2025-05-24,19.596150000000023,12.759670000000028,-2.9920399999999745,2.1798520766691922,0.8738257069765609,12.882197783645722,27.760082076669164,5.171892076669167,22.588189999999997,11.758885718401643,-1.246875,49.875,8.546812709897322
2025-05-25,18.52914000000004,10.748960000000011,-2.991769999999974,2.1616487172682355,1.0890965841988987,14.022695301467138,26.674328717268224,5.1534187172682095,21.520910000000015,12.404455046836631,-4.5625,182.5,7.4997742935061735
2025-05-26,18.548760000000016,10.894100000000037,-2.539159999999981,2.131299074487913,1.0112421280528565,13.33636120254073,25.75837907448789,4.670459074487894,21.087919999999997,12.864107464427093,-5.85625,234.25,12.533833228118333
2025-05-27,18.717070000000035,10.950950000000034,-2.645240000000001,2.1752871496066746,0.9961263505015836,13.58277350010826,26.182837149606712,4.820527149606676,21.362310000000036,12.630833353929006,-2.559375,102.375,5.358084446229918
2025-05-28,19.416560000000004,11.03307000000001,-3.045599999999979,2.0855029934279514,1.0842106821953053,14.59880367562323,27.593262993427913,5.13110299342793,22.462159999999983,11.868089794529055,-0.034375,1.375,3.0416557929575467
2025-05-29,18.903700000000015,11.25735000000003,-1.8531600000000026,2.0670936371129756,1.1051101305461657,12.671713767659128,24.677113637112996,3.920253637112978,20.756860000000017,13.376175512742009,-4.0125,160.5,4.361923491382105
2025-05-30,19.582940000000008,11.280700000000024,-3.2823999999999955,2.070086101050208,0.3884588435744831,14.04318494462467,28.217826101050207,5.352486101050204,22.865340000000003,11.54285294962557,-5.49375,219.75,12.878775044259053
2025-05-31,22.55102000000005,12.963860000000011,-3.6863799999999856,1.944533610280132,-1.288485758235197,13.92958785204496,31.868313610280154,5.630913610280118,26.237400000000036,9.499972298326497,-7.8125,312.5,2.8912507864341155
2025-06-01,22.02355,10.846460000000036,-3.720739999999978,1.8620168192462074,0.4028853079167902,17.16273212716294,31.327046819246164,5.582756819246185,25.744289999999978,9.81241531192154,-6.6125,264.5,5.315281993403365
2025-06-02,20.45666,10.747520000000009,-2.4200199999999654,1.949177064496098,0.7613091702045836,14.839646234700638,27.245877064496028,4.369197064496063,22.876679999999965,11.964472328647446,-1.428125,57.125,2.3638246417024615
2025-06-03,20.1096,10.730500000000006,-2.7567999999999984,2.0513592618160033,0.8023232916862071,14.989582553502203,27.674559261816,4.808159261816002,22.8664,11.77011185312631,-1.975,79.0,4.672789410603287
2025-06-04,20.659500000000037,10.440150000000017,-1.4198399999999651,1.9105419299307869,0.5924519420607908,14.142183871991563,25.409721929930754,3.330381929930752,22.079340000000002,12.869715497820664,-4.271875,170.875,2.782552422538703
2025-06-05,21.37972000000002,9.743920000000003,-2.221299999999985,1.7320238059564872,0.29412343534733054,15.88324724130382,27.554343805956478,3.9533238059564724,23.601020000000005,11.75556019231658,-0.253125,10.125,5.587118919802647
2025-06-06,22.355200000000025,10.508200000000045,-3.498139999999978,1.7927794772554648,0.3152151640077818,17.453134641263205,31.144259477255446,5.290919477255443,25.853340000000003,9.8860603750378,-0.340625,13.625,5.164084487862234
2025-06-07,22.500020000000006,10.931399999999996,-3.2042599999999766,1.6886438462846058,0.31642003949178843,16.77794388577638,30.597183846284565,4.892903846284582,25.704279999999983,10.158201991319117,-0.0,0.0,1.0285879347785487
2025-06-08,22.392719999999997,11.121730000000014,-4.671299999999974,1.9042271504110317,0.6991895970221549,18.545706747433144,33.639547150410976,6.5755271504110056,27.06401999999997,8.62812690482707,-7.425,297.0,2.4068865390278
2025-06-09,19.598630000000014,10.549650000000042,-4.425729999999987,2.1288617810618575,0.8397750887997972,16.443346869861614,30.578951781061846,6.554591781061845,24.02436,10.354759917931858,-10.0,468.5,7.46473153622823
2025-06-10,19.31674000000004,11.291800000000023,-3.568369999999959,2.266134287622549,0.8947770554190697,14.754221343041593,28.719614287622505,5.834504287622508,22.885109999999997,11.29585615125825,-10.0,969.5,9.31684986085454
2025-06-11,19.364160000000027,10.92452000000003,-3.1205799999999613,2.18348778751556,0.948187685264088,14.691895472779606,27.78880778751551,5.304067787515521,22.484739999999988,11.76568620931414,-5.5625,222.5,7.6269214374159695
2025-06-12,18.301660000000027,11.692960000000028,-1.8282499999999686,2.0568070809653136,1.1767494733487638,11.670506554314045,24.014967080965278,3.8850570809652822,20.129909999999995,13.768810041111578,-0.0,0.0,5.5666330340425025
2025-06-13,19.649560000000008,11.756740000000036,-1.8329200000000014,2.119147652105937,1.1541513392297702,12.99903899133568,25.434547652105948,3.9520676521059386,21.48248000000001,12.923614233795888,-1.1625,46.5,8.928957680867143
2025-06-14,18.14825000000002,11.090200000000038,-2.4521499999999605,2.045216974289076,1.2667290863581684,12.822146060647185,25.097766974289016,4.4973669742890365,20.60039999999998,13.24501225043241,-0.01875,0.75,11.425151975693545
2025-06-15,17.592520000000036,11.921320000000037,-2.409339999999986,2.0294447931652826,0.9078059260134523,11.01779071917872,24.44064479316529,4.438784793165269,20.001860000000022,13.634675514995536,-0.315625,12.625,6.836560302221077
2025-06-16,18.00726000000003,11.133140000000026,-2.323599999999999,2.0180962555643305,0.6796556905004536,11.895471946064788,24.67255625556436,4.3416962555643295,20.33086000000003,13.475322502380095,-0.20625,8.25,9.504177440223653
2025-06-17,19.107870000000048,10.580000000000041,-3.46981999999997,2.0079832281244876,0.8871154297945623,14.892788657919027,28.055493228124476,5.477803228124458,22.57769000000002,11.674525494057491,-0.6125,24.5,9.460874794435114
2025-06-18,20.283929999999998,11.287070000000028,-3.3139999999999645,2.084041900224463,0.9415785859418975,15.336480486166295,28.99597190022439,5.3980419002244275,23.597929999999963,11.091641811649254,-7.5875,303.5,3.646458832987625
2025-06-19,20.816430000000025,11.117600000000039,-2.851599999999962,2.0154203100893255,0.6507859706454155,15.21663628073469,28.535050310089275,4.867020310089288,23.668029999999987,11.285022199513378,-2.4375,97.5,2.5017061395790394
2025-06-20,21.01400000000001,10.701930000000004,-3.0612499999999727,2.00593532305777,0.7339627945326015,16.11321811759035,29.142435323057725,5.067185323057743,24.075249999999983,10.96626835710282,-4.6875,187.5,5.923852306250391
2025-06-21,20.943930000000023,10.470880000000022,-2.943579999999997,1.911555216491081,0.6923891639316935,16.020574380422772,28.7426452164911,4.855135216491078,23.88751000000002,11.180007769168753,-2.66875,106.75,7.678969556230129
2025-06-22,19.00308000000001,10.306120000000021,-4.878060000000005,1.9869098371645464,0.7671536020515077,16.32908343921605,30.746109837164568,6.864969837164551,23.881140000000016,10.341309897234112,-4.853125,194.125,6.78613833569592
2025-06-23,19.156150000000025,10.036770000000047,-5.199199999999962,2.013890081065199,0.38176304604428424,16.714233127109424,31.568440081065148,7.213090081065161,24.355349999999987,9.91283484899759,-8.44375,337.75,8.822536478803258
2025-06-24,18.980430000000013,10.089620000000025,-4.3688699999999585,2.012667052298241,0.8163399754913598,16.088687027789547,29.73083705229817,6.381537052298199,23.34929999999997,10.848337734238669,-1.684375,67.375,5.576204257682819
2025-06-25,18.799500000000023,10.45422000000002,-2.9833999999999605,1.9993383894274075,0.937776298871654,14.265794688299025,26.76563838942735,4.982738389427368,21.782899999999984,12.349385355525499,-0.709375,28.375,2.226937389581023
2025-06-26,18.991540000000043,10.718960000000038,-3.2819599999999696,2.103214102089396,0.7645186485428326,14.422272750632203,27.65867410208938,5.3851741020893655,22.273500000000013,11.873497449640809,-3.425,137.0,6.285380959369031
2025-06-27,19.86510000000004,10.508170000000007,-4.074259999999981,1.9699768977577605,0.8149568066264692,16.216123704384245,29.983596897757764,6.044236897757742,23.939360000000022,10.643830124468082,-1.5875,63.5,3.876260841405373
2025-06-28,19.937250000000006,10.25735000000003,-4.475649999999973,1.9712745674146959,0.964661432530761,17.091485999945405,30.85982456741465,6.446924567414669,24.41289999999998,10.199685773615101,-3.1625,126.5,5.310135768583476
2025-06-29,21.03887000000003,10.000500000000045,-6.055759999999964,1.847064867853021,0.5907026879505679,19.53189755580354,34.99745486785298,7.902824867852985,27.094629999999995,8.051108026641373,-3.5625,142.5,2.2765001464272823
2025-06-30,20.14318000000003,10.196619999999996,-5.14242999999999,1.9331777064507492,0.8081003363085983,17.83026804275937,32.36121770645076,7.075607706450739,25.28561000000002,9.435103177300448,-2.7625,110.5,1.2066844839301594
2025-07-01,19.246200000000044,10.908530000000042,-4.955420000000004,1.9106695004754783,0.6159841334941234,15.819743633969608,31.06770950047553,6.866089500475482,24.201620000000048,10.164127929992958,-0.0,0.0,3.173548133306444
2025-07-02,18.327200000000005,10.578850000000045,-3.776769999999999,2.037701204906341,0.733418403491612,14.296239608397912,27.918441204906344,5.81447120490634,22.103970000000004,11.816242697694577,-2.003125,80.125,5.986321417519394
2025-07-03,19.13638000000003,9.608240000000023,-4.4767799999999625,1.9537760090668712,0.9614919935928583,16.9201880026597,30.043716009066827,6.430556009066834,23.613159999999993,10.683053013112044,-0.5875,23.5,8.67009478006976
2025-07-04,19.34340000000003,10.148070000000018,-4.325869999999952,1.9050696603581514,0.818768214682791,16.245037875040907,29.900209660358087,6.2309396603581035,23.669269999999983,10.7397083829606,-0.25,10.0,5.850590591207115
2025-07-05,19.06982000000005,10.248620000000017,-3.97927999999996,1.9524009902621628,1.0008723092622063,15.753753299524362,28.980780990262133,5.931680990262123,23.04910000000001,11.221134379705745,-0.0,0.0,4.650373132309471
2025-07-06,19.086479999999995,10.452600000000018,-4.596720000000005,2.018615771508621,0.9468028474190646,16.196018618927667,30.298535771508625,6.615335771508626,23.6832,10.553944780583777,-0.28125,11.25,7.38435729759357
2025-07-07,19.492520000000013,10.539150000000006,-4.508519999999976,2.021134139653327,0.6020287466857326,16.085052886339042,30.530694139653292,6.529654139653303,24.00103999999999,10.399376463812303,-0.8375,33.5,6.693404838177068
2025-07-08,19.720600000000047,10.437130000000025,-4.60705999999999,1.9949294127510484,0.8409882010385559,16.726447613789617,30.929649412751075,6.601989412751038,24.327660000000037,10.182001485015974,-8.61875,344.75,6.97342573142767
2025-07-09,20.192960000000028,10.497130000000027,-4.516519999999957,1.9533919450730082,0.6940085155939641,16.85975046066693,31.17939194507295,6.469911945072965,24.709479999999985,10.019820374729875,-2.89375,115.75,9.18564010018609
2025-07-10,19.76272,10.704250000000002,-3.9417199999999752,2.046017034483725,0.9376152000754132,15.983822234559113,29.692177034483677,5.9877370344837,23.704439999999977,10.792025258052035,-2.39375,95.75,2.75709528081917
2025-07-11,18.734700000000032,10.464400000000012,-4.14409999999998,2.1557768451719426,0.9733389905982222,15.543515835770165,29.178676845171935,6.299876845171923,22.878800000000012,11.13334743952521,-10.0,543.0,10.557925050657403
2025-07-12,19.41494,10.89688000000001,-4.091379999999958,2.0637776424329104,0.717952042559773,15.391169684992633,29.66147764243283,6.155157642432869,23.50631999999996,10.83618608154893,-3.525,141.0,7.382646771583125
2025-07-13,20.135500000000036,10.312070000000006,-4.342019999999991,2.0087294064039725,0.9287988553255673,17.10297826172956,30.82826940640399,6.350749406403963,24.477520000000027,10.195223519404351,-10.0,604.875,8.551044035643852
2025-07-14,19.03716000000003,10.409940000000006,-4.316659999999956,2.0500529615835035,0.909551792850948,15.90348475443443,29.720532961583444,6.36671296158346,23.353819999999985,10.844247553178718,-2.5875,103.5,10.642328593517492
2025-07-15,18.233270000000005,10.872130000000027,-2.9923,2.048417979819874,0.7711133768864897,13.172971356706341,26.26628797981988,5.040717979819874,21.225570000000005,12.651382640741701,-0.6125,24.5,11.274976860537567
2025-07-16,19.168900000000008,11.08596,-3.3383199999999533,2.143549212139476,0.9728357430217898,14.537644955161227,27.98908921213939,5.481869212139429,22.50721999999996,11.687829806847674,-5.8625,234.5,9.224093274647293
2025-07-17,18.598870000000034,10.940300000000036,-3.536900000000003,2.1726549566158724,0.9643483812390627,14.332473337854935,27.84532495661591,5.709554956615875,22.135770000000036,11.81115010853216,-3.88125,155.25,12.166535122989584
2025-07-18,18.59612000000004,10.177180000000021,-3.2689599999999928,2.14575509957524,1.1072605405515787,14.940915640126832,27.279795099575267,5.414715099575233,21.865080000000034,12.097255168488061,-6.34375,253.75,8.014733168495372
2025-07-19,17.873199999999997,10.61020000000002,-3.3466999999999985,2.1013521262240147,1.0632323573420308,13.77428448356602,26.66795212622401,5.448052126224013,21.219899999999996,12.48184641461063,-0.9125,36.5,7.9903779273961995
2025-07-20,18.21896000000004,10.161100000000033,-3.4633199999999533,2.079741462354548,0.9877333800304768,14.588654842384983,27.225341462354493,5.543061462354501,21.68227999999999,12.170037787074648,-5.975,239.0,7.388556290919368
2025-07-21,17.671100000000024,9.829830000000015,-4.244239999999991,1.9834683748866837,1.036226739156973,15.105205114043656,28.14304837488669,6.227708374886674,21.915340000000015,11.779750385537795,-2.39375,95.75,2.978501044097513
2025-07-22,17.943140000000028,10.164450000000045,-3.661019999999951,1.9853256717866543,0.9367071006132619,14.36174277239985,27.250505671786584,5.646345671786605,21.60415999999998,12.19666021660214,-2.65,106.0,9.018481225670586
2025-07-23,17.59008,9.691130000000044,-3.382759999999962,1.994674399122971,1.1254332146406227,14.401817613763512,26.350274399122895,5.377434399122933,20.972839999999962,12.684017601492883,-1.20625,48.25,10.397056913212475
2025-07-24,17.778620000000046,10.332060000000013,-3.3383199999999533,2.0034243155529907,0.917637396957673,13.70594171251065,26.458684315552944,5.341744315552944,21.11694,12.607551100350463,-2.36875,94.75,4.371213600663526
2025-07-25,18.07433000000003,11.140770000000032,-3.256869999999992,1.7937548879464202,0.9380154170136166,12.922200304960029,26.381824887946436,5.050624887946412,21.331200000000024,12.636711581743384,-0.1375,5.5,9.39695918904663
2025-07-26,17.515530000000012,9.648860000000013,-2.9655499999999506,1.9995438851515814,1.1133335596842926,13.945097444835824,25.446173885151495,4.965093885151532,20.481079999999963,13.14374033404755,-1.0,40.0,6.242763818860986
2025-07-27,18.321830000000034,10.503080000000011,-3.398779999999988,1.744307409460589,0.5740246873463093,13.535862096806909,26.8636974094606,5.143087409460577,21.720610000000022,12.375487493054038,-0.0875,3.5,9.024459183004026
2025-07-28,19.239599999999996,9.908929999999998,-2.1824699999999666,1.856431020097716,0.6359020467990604,14.00547306689674,25.460971020097645,4.038901020097683,21.422069999999962,12.97351947976648,-0.20625,8.25,7.7475496760215545
2025-07-29,19.236379999999997,9.756860000000017,-3.04562999999996,1.948036915165062,0.908071259764597,15.381258174929599,27.27567691516498,4.993666915165022,22.282009999999957,12.057707765783903,-0.3,12.0,9.457139356230957
2025-07-30,20.31176000000005,10.627900000000011,-2.809059999999988,1.933877154091988,0.7991686642239983,15.225965818316013,27.863757154092013,4.742937154091976,23.120820000000037,11.668708227065395,-0.35625,14.25,6.337789912850576
2025-07-31,19.870900000000006,10.421350000000018,-3.532699999999977,1.9391426997681265,0.9137343475762805,15.835127047344372,28.875442699768087,5.471842699768104,23.403599999999983,11.20057532795289,-0.68125,27.25,10.594033205466069
2025-08-01,20.356840000000034,11.2654,-2.3556600000000003,2.011644136490361,0.628326012991522,14.087070149481917,27.079804136490395,4.367304136490361,22.712500000000034,12.04996182687779,-4.225,169.0,6.009932596779921
2025-08-02,19.97738000000004,10.462000000000046,-3.346299999999985,2.0159074169678775,0.9543364084809696,15.831923825448825,28.685887416967887,5.362207416967863,23.323680000000024,11.27885909173176,-3.25625,130.25,8.542222393010292
2025-08-03,20.002130000000022,10.963130000000035,-5.083839999999952,2.118339503416223,0.6706735674137576,16.91185307082992,32.28814950341615,7.2021795034161755,25.085969999999975,9.465163401406187,-10.0,478.5,6.690771554256928
2025-08-04,19.967550000000017,11.214750000000038,-3.8564199999999573,2.102260575189348,0.8635755418158055,15.57505611700509,29.78265057518928,5.958680575189305,23.823969999999974,10.722606609182549,-10.0,481.5,10.76495500435824
2025-08-05,19.497100000000046,10.69930000000005,-3.1381599999999708,2.125978183061477,1.156045387232325,15.217983570293768,27.899398183061464,5.264138183061448,22.635260000000017,11.703399525849875,-10.0,564.0,6.909775557741865
2025-08-06,20.02328,11.70876000000004,-3.0836499999999774,2.0037774138612576,0.9176332716617708,14.319580685522965,28.194357413861212,5.087427413861235,23.106929999999977,11.522068429276544,-2.25,90.0,9.713484848000512
2025-08-07,20.004970000000014,10.732320000000016,-3.3519299999999816,2.012900034193706,1.0505453563836795,15.688025390577366,28.721730034193683,5.364830034193687,23.356899999999996,11.258983058504896,-8.05,322.0,5.635715085502211
2025-08-08,19.712120000000027,9.871030000000019,-4.271579999999972,2.006399841991879,0.9517122951628494,17.07078213715471,30.26167984199185,6.277979841991851,23.9837,10.515685941678214,-10.0,459.75,3.474086377947601
2025-08-09,18.394560000000013,10.027980000000014,-4.724279999999965,2.157247607410852,0.9057893038349221,16.153896911245738,30.000367607410794,6.881527607410817,23.118839999999977,10.75565808221188,-10.0,511.0,6.820752351502861
2025-08-10,18.27496000000002,9.336180000000013,-4.953679999999963,1.8232205779671062,0.7434859408935495,16.459166518860627,30.005540577967054,6.776900577967069,23.228639999999984,10.801290050337514,-4.7625,190.5,3.587871528313869
2025-08-11,18.41220000000004,9.459000000000003,-4.577919999999949,1.8569491006576868,0.7305808025911347,16.11864990324881,29.424989100657626,6.434869100657636,22.99011999999999,11.074091113076634,-0.6125,24.5,8.56230911843309
2025-08-12,18.479270000000042,9.02170000000001,-3.975319999999954,1.8393915458177617,0.9008705343265433,16.17315208014429,28.26930154581771,5.814711545817715,22.454589999999996,11.646765845304401,-3.8625,154.5,3.6186178374447295
2025-08-13,17.3716,9.628700000000038,-4.28476999999998,2.007159399453201,0.7267243706968429,14.761553770149987,27.948299399453163,6.291929399453181,21.65636999999998,11.907271820979929,-1.8125,72.5,3.0272217506210444
2025-08-14,17.575950000000034,9.75884000000002,-4.215119999999956,1.9086463152008832,0.8163040255702185,14.757180340771072,27.91483631520083,6.1237663152008395,21.79106999999999,11.912641920314059,-0.11875,4.75,5.117410136049586
2025-08-15,17.950739999999996,10.382380000000012,-3.891879999999958,1.9819031789513701,0.961739229499301,14.403882408450613,27.716403178951282,5.873783178951328,21.842619999999954,11.963310436101096,-0.35625,14.25,7.0411814118804035
2025-08-16,18.349820000000022,10.120140000000049,-4.019869999999969,2.05505448359321,1.0253890438604572,15.32999352745361,28.44461448359317,6.074924483593179,22.36968999999999,11.548929007158392,-2.96875,118.75,6.3262860429830585
2025-08-17,17.509500000000003,9.806300000000022,-4.375159999999994,2.0507329309161264,1.0265859035300196,15.155678834446121,28.310552930916117,6.42589293091612,21.884659999999997,11.7062763943361,-2.11875,84.75,5.01915242834353
2025-08-18,17.400320000000022,9.738200000000006,-4.883639999999957,1.9293358515363934,0.7930193133313423,15.268115164867709,29.09693585153633,6.8129758515363505,22.28395999999998,11.338979879368424,-0.95,38.0,0.7204734841785353
2025-08-19,17.76690000000002,10.73965000000004,-3.413919999999962,1.8247328292207499,-0.06774734001402294,12.19815548920667,26.419472829220695,5.238652829220712,21.180819999999983,12.648447767422397,-0.0,0.0,10.535896829476224
2025-08-20,18.593350000000044,9.659140000000036,-1.7722499999999854,1.954790662309108,0.8255081673289624,13.486758829638063,24.092640662309122,3.7270406623090935,20.36560000000003,13.711692869515332,-1.371875,54.875,9.695730750430412
2025-08-21,19.698080000000004,10.288800000000037,-2.5934799999999996,1.968939370977921,0.8299033886443112,14.801602759622199,26.853979370977925,4.562419370977921,22.291560000000004,12.224358346526003,-5.10625,204.25,7.1227530563750205
2025-08-22,19.929700000000025,10.787320000000022,-4.593179999999961,1.9359159370462748,0.7422975951083686,16.413773532154607,31.051975937046222,6.529095937046236,24.522879999999986,10.107752547715677,-7.075,283.0,7.49081093183517
2025-08-23,19.274200000000008,9.23920000000004,-4.88516999999996,1.8277101849583346,0.5376201548177733,17.285500339776036,30.87225018495826,6.712880184958294,24.159369999999967,10.267723960645583,-0.91875,36.75,5.131971726355236
2025-08-24,20.423360000000002,9.82516000000004,-4.617529999999988,1.6172232413900929,0.3263106561641962,17.15926389755424,31.27564324139007,6.234753241390081,25.04088999999999,9.981088272383374,-0.0,0.0,1.2248715778770691
2025-08-25,19.680080000000032,10.289330000000007,-3.619359999999972,1.6552825854895445,-0.7158293443733896,13.949563241116152,28.57408258548952,5.2746425854895165,23.299440000000004,11.394837595521665,-0.0,0.0,3.532822135791938
2025-08-26,19.177099999999996,9.196600000000046,-4.680149999999969,1.7925014224474012,0.6504733967464631,17.103624819193783,30.329901422447335,6.47265142244737,23.857249999999965,10.551180279475659,-0.0375,1.5,6.313280439610073
2025-08-27,18.26925,10.75490000000002,-4.1076400000000035,2.0425957904605525,1.013442450227103,14.678028240687638,28.52712579046056,6.150235790460556,22.376890000000003,11.517702667971264,-3.1,124.0,7.317347898352228
2025-08-28,18.48275000000001,10.462240000000008,-3.550239999999974,2.1974643355594026,0.9553994150915628,14.72361375065094,27.78069433555936,5.747704335559376,22.032989999999984,11.851878438195456,-8.06875,322.75,3.126415669699442
2025-08-29,19.557029999999997,10.249780000000044,-3.052699999999959,1.9622063069685396,0.5588199017129796,14.880976208681432,27.624636306968455,5.0149063069684985,22.609729999999956,11.85262941825664,-1.3625,54.5,4.963886846283621
2025-08-30,18.627070000000003,10.123770000000036,-2.440899999999999,2.052574156887431,1.1264359007030862,14.123210057590484,25.561444156887433,4.49347415688743,21.067970000000003,12.963690677825355,-2.34375,93.75,12.078899106332521
2025-08-31,18.667320000000018,10.279230000000041,-4.119759999999985,1.9843419580581667,1.0441120405952802,15.536303998653409,28.891181958058155,6.104101958058152,22.787080000000003,11.301833670043266,-3.3,132.0,9.35232935349449
2025-09-01,18.672020000000032,9.838250000000016,-4.360500000000002,1.928076283723044,0.7854508706055867,15.907797154328648,29.32109628372308,6.288576283723046,23.032520000000034,11.091958405577373,-0.503125,20.125,8.79601058225626
2025-09-02,18.78866000000005,10.01705000000004,-4.830299999999966,1.9277488281331898,0.976248763927515,16.50590759206068,30.37700882813317,6.758048828133155,23.618960000000015,10.552107015672846,-0.7,28.0,7.267377696591254
2025-09-03,19.001800000000003,10.186329999999998,-3.7918999999999983,1.9876680305955006,0.8538385184479012,15.448876549043405,28.5732680305955,5.779568030595499,22.7937,11.4277718775852,-1.33125,53.25,5.535390097028365
2025-09-04,18.803200000000004,10.592250000000035,-3.0268299999999613,1.992476086477268,0.6331430352936422,13.86339912177084,26.849336086477194,5.019306086477229,21.830029999999965,12.307808464354423,-0.0,0.0,9.19219222881799
2025-09-05,19.84268000000003,10.191520000000025,-2.073129999999992,1.9089387613141184,0.6718068718948302,14.305035633208945,25.897878761314132,3.9820687613141104,21.91581000000002,12.694724191299372,-0.00625,0.25,8.06107586887616
2025-09-06,19.45574000000005,10.272700000000043,-4.247719999999958,2.006699588229594,1.0953680871829192,16.532827675412477,29.95787958822956,6.254419588229553,23.703460000000007,10.690490078044547,-8.35625,334.25,5.34906214780909
2025-09-07,19.62620000000004,9.796230000000037,-3.494759999999985,1.8629530373622742,0.9671455767374937,16.154828614099756,28.478673037362285,5.3577130373622595,23.120960000000025,11.428472752034565,-0.3,12.0,6.060825142574394
2025-09-08,19.979600000000005,9.978400000000022,-2.7000999999999635,1.8058961893987657,0.6627966736148778,15.16999286301359,27.185696189398698,4.505996189398729,22.67969999999997,12.048761121886173,-0.0,0.0,6.356844503976437
2025-09-09,20.527300000000025,9.942960000000028,-2.8755199999999945,1.9303301852353343,0.7407719347337434,16.13096211996907,28.20867018523535,4.805850185235329,23.40282000000002,11.479264230309695,-0.86875,34.75,6.183492615316264
2025-09-10,20.289450000000045,9.873739999999998,-3.9824299999999653,2.034787068269054,0.9664929687417612,17.399420037010827,30.28909706826903,6.017217068269019,24.27188000000001,10.44917230447902,-10.0,544.25,6.633814920530329
2025-09-11,19.134060000000034,10.442530000000033,-4.5705299999999625,1.8419658987075422,0.7163992431641191,15.820425141871624,30.1170858987075,6.412495898707505,23.704589999999996,10.657097648665228,-0.0625,2.5,5.297431666465623
2025-09-12,19.161200000000008,9.782740000000047,-4.097879999999975,1.8506460669766511,0.58750923593567,15.914495302912258,29.20760606697661,5.948526066976626,23.259079999999983,11.1082770742766,-0.13125,5.25,5.974567020782806
2025-09-13,19.726830000000007,9.92034000000001,-3.1122199999999793,1.6669578150337543,0.06286692533927862,14.648534740373009,27.61822781503372,4.779177815033734,22.839049999999986,11.86753075439276,-0.13125,5.25,2.6943772142403946
2025-09-14,20.06405000000001,9.201040000000035,-3.6670299999999543,1.7579268086403772,0.6334051313394298,16.921371939979736,29.156036808640295,5.4249568086403315,23.731079999999963,11.060022014273045,-0.05625,2.25,4.393494816616168
2025-09-15,19.68386000000004,10.058700000000044,-4.391269999999963,1.8469123133874064,0.8439386122950623,16.707280925682426,30.31331231338737,6.2381823133873695,24.07513,10.506993820504817,-0.0,0.0,8.774428911402481
2025-09-16,19.143580000000043,9.898950000000013,-4.202859999999987,2.025553235052996,0.9684629294529259,16.441506164505938,29.574853235053013,6.228413235052983,23.34644000000003,10.909655357762063,-8.825,353.0,8.462464241332466
2025-09-17,20.134900000000016,10.050960000000032,-4.244599999999991,1.961899494861882,1.0561200931819599,17.346559588043817,30.58599949486188,6.206499494861873,24.379500000000007,10.320806479584576,-10.0,416.125,6.239436659546698
2025-09-18,18.87673000000001,10.083860000000016,-3.5389999999999873,2.0708896939939905,1.0741168836829615,15.476876577676933,28.025619693993974,5.609889693993978,22.415729999999996,11.704359878242087,-5.453125,218.125,9.720702593643601
2025-09-19,18.763900000000035,9.775500000000022,-4.037939999999992,1.8150975658327297,0.7690493939068119,15.610486959739546,28.65487756583275,5.853037565832722,22.801840000000027,11.427432321451306,-3.26875,130.75,12.80688792160414
2025-09-20,18.706540000000018,9.937340000000006,-3.969099999999969,1.8966407015175832,0.9472252909035319,15.582165992421096,28.54138070151754,5.865740701517552,22.675639999999987,11.481154919935022,-0.55,22.0,10.558243586085235
2025-09-21,19.65145000000001,10.292020000000036,-3.424229999999966,1.9499084214237428,0.9579307897809031,15.691499211204587,28.449818421423686,5.374138421423709,23.075679999999977,11.432554831589016,-2.4375,97.5,4.162865392716302
2025-09-22,19.087180000000046,9.651270000000011,-3.552949999999953,1.9083235968362828,1.027553715509157,15.924737312345428,28.101403596836235,5.461273596836236,22.64013,11.663449553203009,-0.8375,33.5,5.0216377309666065
2025-09-23,18.305630000000008,9.85590000000002,-4.148869999999988,1.9033900479213344,0.9603113942241635,15.462301442145474,28.50676004792132,6.052260047921322,22.454499999999996,11.538972010139275,-2.06875,82.75,7.176264526242639
2025-09-24,18.085900000000038,9.026030000000048,-3.6899499999999534,1.9026289545959685,1.04869405603705,15.701143010632961,27.368428954595913,5.592578954595922,21.77584999999999,12.13137805545773,-3.05,122.0,3.1726495777015282
2025-09-25,18.505060000000014,9.975500000000011,-4.169099999999958,2.0711229494118584,0.9228227477630639,15.692605697174884,28.914382949411788,6.240222949411816,22.674159999999972,11.297110538152083,-4.86875,194.75,0.6340964807200006
2025-09-26,19.143460000000005,8.920860000000005,-4.028049999999951,1.7728555958613015,0.8550471554650017,16.878552751326254,28.972415595861207,5.800905595861252,23.171509999999955,11.23493895061415,-2.321875,92.875,8.496307880765245
2025-09-27,17.6456,9.876250000000027,-4.949069999999949,1.8676066202701236,0.5995993815102452,15.185626001780292,29.411346620270024,6.816676620270073,22.59466999999995,11.160541832456431,-0.2875,11.5,6.59484153838084
2025-09-28,19.075950000000034,10.122520000000009,-3.3829999999999814,2.0136988392581543,0.8203006608408145,15.170429500098976,27.85564883925815,5.396698839258136,22.458950000000016,11.776890784620264,-1.1625,46.5,7.588439309013523
2025-09-29,19.588459999999998,9.917200000000037,-4.0301000000000045,1.8063987133015758,0.28853737067737484,15.796296083978916,29.455058713301582,5.83649871330158,23.618560000000002,10.948916953803518,-0.0,0.0,7.790672755465549
2025-09-30,20.54684000000003,9.28466000000003,-4.172579999999982,1.6912796405324002,0.2421004048675286,17.36814004539991,30.583279640532396,5.863859640532382,24.719420000000014,10.310529830432358,-0.0125,0.5,4.269405592415097
2025-10-01,19.859520000000032,9.706380000000024,-4.98223999999999,1.8863893160207112,0.7725123899032837,17.794281705923993,31.710389316020724,6.8686293160207015,24.841760000000022,9.78929810626039,-5.290625,211.625,3.6587967729849025
2025-10-02,19.954250000000002,9.79498000000001,-4.813419999999951,1.9299814820003576,0.8165835088084918,17.719254990808793,31.51107148200026,6.7434014820003085,24.767669999999953,9.87672546702197,-7.5,300.0,3.4544484792552113
2025-10-03,20.673000000000002,10.22598000000005,-4.625159999999994,1.898803095706171,0.7340971681323936,17.70508026383851,31.82212309570616,6.523963095706165,25.298159999999996,9.663390648556117,-4.65625,186.25,4.279389178778338
2025-10-04,18.989620000000002,10.68180000000001,-5.3723999999999705,1.8112472251277154,0.17642171966906517,15.667888944796744,31.54566722512766,7.183647225127686,24.362019999999973,9.960279053116494,-1.875,75.0,12.964207033729103
2025-10-05,20.827170000000024,9.308620000000019,-5.912599999999998,1.66989297284033,0.5495599988421986,19.65060297168253,34.32226297284035,7.582492972840328,26.73977000000002,8.420058914407775,-2.7,108.0,8.860854867190348
2025-10-06,19.767800000000022,9.201000000000022,-4.9474199999999655,1.640609371457117,0.0698154352870688,17.224644806744152,31.30324937145707,6.588029371457083,24.715219999999988,10.02363952465663,-0.0,0.0,1.8808536148721011
2025-10-07,20.339620000000025,9.173330000000021,-4.149699999999996,1.684667607674271,0.5856676121567261,17.586325219830997,30.323687607674287,5.834367607674267,24.48932000000002,10.4589403985824,-0.0,0.0,3.790158766941859
2025-10-08,19.08376000000004,9.202230000000043,-4.606239999999957,1.9941072166391223,0.8787459524186261,17.360623169057703,30.290347216639077,6.600347216639079,23.689999999999998,10.5608094959739,-10.0,873.875,3.2354943928160798
2025-10-09,19.82787000000002,10.168360000000007,-3.7097499999999854,2.078836123865244,0.9808767641026748,16.428972887967916,29.326206123865234,5.78858612386523,23.537620000000004,10.965924680907335,-10.0,919.125,4.20394672615097
2025-10-10,18.739040000000045,10.364220000000046,-4.314859999999953,2.0673036026479963,0.7802386674091508,15.5372222700571,29.43606360264795,6.38216360264795,23.0539,11.013611275378878,-10.0,923.875,6.991453350258189
2025-10-11,18.764200000000017,9.945600000000013,-3.927219999999977,1.963592529516177,0.7455722167406975,15.454984746256855,28.582232529516148,5.890812529516154,22.691419999999994,11.44824695465411,-1.540625,61.625,9.996218995955882
2025-10-12,21.03090000000003,10.838860000000011,-3.310579999999959,1.6985080584005345,0.3958840191971831,15.597012077597697,29.350568058400484,5.0090880584004935,24.34147999999999,10.88709088410792,-0.071875,2.875,0.8202284876202239
2025-10-13,20.76260000000002,9.493700000000047,-4.171819999999968,1.651919191677905,0.7576357175508406,17.850274909228688,30.758159191677862,5.823739191677873,24.93441999999999,10.20873452582282,-0.078125,3.125,10.125487287319155
2025-10-14,19.49350000000004,10.65157000000005,-4.141639999999995,2.0147186801025896,0.9974069010500557,15.995695581152631,29.79149868010262,6.156358680102585,23.635140000000035,10.769554956677837,-5.625,225.0,2.7976772808768082
2025-10-15,18.713340000000017,10.425380000000018,-3.4925999999999817,1.9803167258602343,1.0090919476584759,14.76996867351869,27.678856725860214,5.472916725860216,22.20594,11.903639304625244,-3.98125,159.25,6.149623945973789
2025-10-16,18.730160000000012,10.665300000000002,-4.382479999999987,2.0207194401571087,0.8588622183773396,15.326921658534445,29.515839440157094,6.4031994401570955,23.11264,10.97937910916886,-5.0125,200.5,3.211063087468132
2025-10-17,18.561300000000017,10.629800000000046,-4.8759000000000015,1.983723222162837,0.9925065381679019,15.783629760330712,30.296823222162857,6.859623222162838,23.43720000000002,10.609864106194209,-7.340625,293.625,7.42334055028721
2025-10-18,18.699600000000032,10.50347000000005,-4.411399999999958,2.0871898942808684,0.8357790345527292,15.530498928833538,29.609589894280816,6.498589894280826,23.11099999999999,10.928723596346572,-6.73125,269.25,0.603797681906249
2025-10-19,19.895039999999995,10.127900000000011,-4.46115999999995,2.046012189738178,0.9362290719734006,17.210541261711512,30.863372189738072,6.507172189738128,24.356199999999944,10.19414954185254,-10.0,489.625,3.2254365157462104
2025-10-20,18.388239999999996,10.045920000000024,-4.21945999999997,2.0686376833549502,0.8420042682614053,15.472421951616298,28.895797683354886,6.28809768335492,22.607699999999966,11.317777987392276,-3.64375,145.75,1.644379947389557
2025-10-21,17.92733000000004,10.86886000000004,-3.720199999999977,1.9652035767705343,0.7830261738383228,13.526899750608834,27.33293357677053,5.685403576770511,21.647530000000017,12.159344852583672,-1.61875,64.75,6.7313350926658755
2025-10-22,18.760340000000042,11.007930000000044,-3.7180999999999926,2.070305470101914,1.028884608530518,14.569700078632422,28.26684547010194,5.788405470101907,22.478440000000035,11.595753963357538,-2.315625,92.625,10.111243190585922
2025-10-23,18.39178000000004,9.95920000000001,-3.938449999999989,1.8763801913747216,0.8479601256038904,15.09537031697863,28.14506019137474,5.8148301913747105,22.33023000000003,11.714118555207335,-0.425,17.0,8.411375918439587
2025-10-24,18.187700000000007,9.26120000000003,-4.288919999999962,1.8544276478057782,0.8423825986470774,15.912230246452793,28.61996764780571,6.14334764780574,22.47661999999997,11.499356900035593,-0.28125,11.25,7.42872017198013
2025-10-25,20.079499999999996,9.413540000000012,-4.377399999999966,1.629829579422676,0.3051124311059539,16.97830201052858,30.464129579422604,6.007229579422642,24.456899999999962,10.415367981551583,-0.0,0.0,2.6959008232250214
2025-10-26,19.80782000000005,9.726600000000019,-5.206899999999962,1.7882601919883996,0.6764682732882648,17.752848465276656,32.00988019198837,6.9951601919883615,25.01472000000001,9.653402089479243,-1.3375,53.5,3.054326121776209
2025-10-27,17.749480000000005,9.342200000000048,-4.588719999999967,1.7477453948068273,0.834677137426695,15.578422532233446,28.674665394806766,6.336465394806794,22.338199999999972,11.53098699447753,-4.403125,176.125,11.817915383149128
2025-10-28,18.22230000000002,10.195150000000012,-5.484079999999949,1.7795376526385098,0.11756109892223776,15.408328751560703,30.969997652638426,7.263617652638459,23.706379999999967,10.329005462800353,-0.0,0.0,6.131657043063678
2025-10-29,18.80874,10.865700000000004,-2.2030399999999872,1.7231074609814527,-0.6533308579014374,11.215856603079999,24.937927460981427,3.92614746098144,21.011779999999987,13.290648989313524,-0.0,0.0,4.979947973230988
2025-10-30,19.633170000000007,10.37832000000003,-0.8367700000000013,1.6062430221051613,-0.6927241347563609,11.005138887348778,22.91295302210517,2.4430130221051627,20.46994000000001,14.234034103774889,-0.078125,3.125,6.653461853526758
2025-10-31,19.27860000000004,11.72670000000005,-1.0102999999999724,1.5763392901837392,-1.8239861046644705,8.31455318551923,22.875539290183724,2.5866392901837116,20.288900000000012,14.288982289823991,-0.0,0.0,5.993246318628328
2025-11-01,19.994619999999998,11.606300000000033,-3.0442999999999643,1.2126866686795097,-2.11427951429215,10.531027154387289,27.295906668679436,4.256986668679474,23.038919999999962,12.040310963189938,-0.0,0.0,5.913693609548072
2025-11-02,19.888900000000035,10.488699999999994,-3.747230000000002,1.7553996549004864,-0.6386070121571379,14.264222642743391,29.138759654900525,5.502629654900488,23.636130000000037,11.084833803983258,-0.86875,34.75,7.404325719347104
2025-11-03,19.385430000000042,11.099330000000009,-5.017979999999966,1.6748634691582538,-2.3391619104143615,12.639781558743891,31.096253469158228,6.69284346915822,24.403410000000008,10.15959461928702,-0.0,0.0,6.559430866828935
2025-11-04,17.934960000000046,9.48580000000004,-4.803699999999992,1.8962500721861488,0.44171752658746755,15.590827598773615,29.43861007218618,6.699950072186141,22.73866000000004,11.113272831414235,-0.2,8.0,8.700468570990022
2025-11-05,18.83883000000003,9.379420000000039,-4.206179999999961,1.9037977009606948,0.7298262417479577,16.299213942708604,29.154987700960646,6.1099777009606555,23.04500999999999,11.161026481679869,-6.471875,258.875,10.596770277282129
2025-11-06,19.06423000000001,8.807060000000035,-4.0224999999999795,1.6859580053625791,0.38419828647101895,16.34982629183355,28.795188005362547,5.708458005362559,23.08672999999999,11.339483336297064,-0.115625,4.625,9.723946458241395
2025-11-07,19.25060000000002,7.749960000000044,-2.4863599999999906,1.6439872521959842,0.6608558285200274,16.291843080715978,25.867307252195985,4.130347252195975,21.73696000000001,12.789916358085861,-1.715625,68.625,3.9241034776528263
2025-11-08,18.401880000000006,7.757600000000025,-2.3981399999999553,1.477457488323239,-1.1684847710347412,13.351392717288434,24.675617488323155,3.8755974883231943,20.80001999999996,13.486282173000404,-0.5265625,21.0625,5.344526529127153
2025-11-09,18.482000000000028,9.956260000000043,-2.980099999999993,1.055644399177254,-2.0481075217901434,10.513376877387088,25.497844399177268,4.035744399177247,21.46210000000002,13.10243581156061,-0.0,0.0,7.122584124663118
2025-11-10,19.008230000000026,8.98720000000003,-2.8860199999999736,1.3716937296687206,-0.3103145594036505,13.96842917026504,26.151963729668694,4.257713729668694,21.89425,12.695175541314711,-0.009375,0.375,7.222441727736164
2025-11-11,19.397820000000024,8.57247000000001,-4.132539999999949,1.5861261312402348,0.3205189447465955,16.864535075986794,29.249026131240157,5.718666131240184,23.530359999999973,11.089432070322118,-0.671875,26.875,7.3748001389419775
2025-11-12,18.797240000000045,9.10623000000004,-3.7968499999999494,1.7856650930750106,0.8396784833303172,16.113203576405283,28.176605093074954,5.58251509307496,22.594089999999994,11.666332762477964,-0.196875,7.875,6.058107023808877
2025-11-13,19.913720000000012,9.054250000000025,-4.70623999999998,1.6252341282020097,-0.07279712561370388,17.118147002588273,30.95143412820198,6.3314741282019895,24.619959999999992,10.187251796094358,-0.44375,17.75,7.676986711693776
2025-11-14,18.528400000000033,9.601950000000045,-4.831849999999974,1.3876947119943566,-1.2428427870809742,13.903151924913345,29.57979471199434,6.219544711994331,23.360250000000008,11.029155185156583,-0.165625,6.625,4.831209843502344
2025-11-15,17.763149999999996,10.125100000000032,-4.983859999999993,1.109673374828617,-1.0535532242890326,12.678030150539541,28.8405433748286,6.09353337482861,22.74700999999999,11.506514277498582,-0.0,0.0,2.229507602057658
2025-11-16,17.490800000000036,10.14205000000004,-4.168999999999983,1.6902675094996198,0.14817090632965346,13.356188415829251,27.51906750949962,5.8592675094996025,21.65980000000002,12.14265327660604,-0.253125,10.125,3.2329012956241416
2025-11-17,17.48666000000003,9.177999999999997,-4.37949999999995,1.709856637388782,0.7211304624755712,15.119147099864335,27.955516637388712,6.0893566373887325,21.86615999999998,11.922884128238252,-0.0,0.0,6.031808263129088
2025-11-18,16.478480000000047,9.348299999999995,-5.084169999999972,1.8495433726349688,0.9211444935236841,14.985037866158677,28.49636337263496,6.933713372634941,21.56265000000002,11.755828583153857,-0.0375,1.5,3.230759394142809
2025-11-19,19.10504000000003,10.324430000000007,-4.781229999999994,1.4956015114147476,-0.728180734422267,14.329260776992498,30.163101511414766,6.276831511414741,23.886270000000025,10.669381271745749,-0.190625,7.625,4.297540744097141
2025-11-20,19.84802000000002,10.062040000000025,-5.271059999999977,1.445526357466406,0.47494600723916847,16.977512364705547,31.83566635746638,6.716586357466383,25.119079999999997,9.765443676866198,-0.0,0.0,3.790140851237437
2025-11-21,17.73132000000004,9.683300000000031,-5.442359999999951,2.0148504116854156,0.7669951641691455,16.27222557585452,30.630890411685357,7.457210411685367,23.17367999999999,10.525652435015047,-3.55,142.0,7.015723076429608
2025-11-22,17.61587000000003,9.23275000000001,-5.984999999999957,1.9313749726300102,0.7174960410627591,17.016991013692746,31.517244972629953,7.916374972629967,23.600869999999986,10.104472337274785,-1.109375,44.375,2.2977020969784054
2025-11-23,17.755200000000002,9.072170000000028,-5.961979999999983,1.8441854037958478,0.5145329877214522,17.003728391517257,31.523345403795815,7.806165403795831,23.717179999999985,10.09559678690016,-0.25625,10.25,0.9598291959486587
2025-11-24,18.08540000000005,9.35626000000002,-5.277139999999974,1.7809177496102393,-0.5229276063596444,15.264270143250599,30.420597749610238,7.058057749610214,23.362540000000024,10.61727937981425,-0.0,0.0,3.071379251508913
2025-11-25,18.459339999999997,9.232200000000034,-5.468599999999981,1.4731037980394035,0.06494924388420031,16.233793041923548,30.869643798039363,6.941703798039384,23.92793999999998,10.383828241162405,-0.0,0.0,0.4185845936775152
2025-11-26,17.802880000000016,9.42294000000004,-5.28249999999997,1.43023299842298,-1.4787577163749575,13.61391528204797,29.798112998422937,6.7127329984229505,23.085379999999986,10.99430301388611,-0.0,0.0,5.471566206149844
2025-11-27,16.64462000000003,10.856380000000001,-4.083039999999983,1.2459156243357938,-3.392377808555011,7.724817815780796,26.05661562433579,5.3289556243357765,20.727660000000014,13.01921496682479,-0.0,0.0,2.853937048355961
2025-11-28,16.210530000000006,10.935940000000016,-5.220679999999959,1.324445452832606,-1.3002484565175791,10.519466996314975,27.97633545283253,6.545125452832565,21.431209999999965,12.106082961709006,-0.0,0.0,4.023915353518006
2025-11-29,15.028700000000015,10.125900000000001,-5.885899999999992,1.5755522861009013,-0.3914881979187044,11.972764088182203,28.3760522861009,7.461452286100894,20.914600000000007,12.035227716632676,-0.00625,0.25,6.391679949342605
2025-11-30,15.702480000000037,9.79788000000002,-4.127479999999991,1.8697540749770951,0.716785844504102,12.618619919481205,25.827194074977115,5.9972340749770865,19.82996000000003,13.184410234253477,-0.50625,20.25,10.718023458892477
2025-12-01,16.580399999999997,9.404780000000017,-3.1121599999999603,1.7605533443210675,1.07298656650255,13.121319910823559,24.565273344320985,4.872713344321028,19.692559999999958,13.718564972832382,-0.090625,3.625,2.948291156774805
2025-12-02,17.403200000000027,9.791930000000036,-3.8301999999999907,2.0120408916433234,1.0440589519240575,14.497569843567362,27.07564089164333,5.842240891643314,21.233400000000017,12.339663265713966,-3.109375,124.375,8.537655187028532
2025-12-03,17.067960000000028,9.70016000000004,-4.595619999999997,1.890614521944883,0.9704425907266909,14.824477112671559,28.149814521944904,6.48623452194488,21.663580000000024,11.85445829055817,-0.915625,36.625,7.640577859929575
2025-12-04,17.116540000000043,9.604579999999999,-6.293949999999995,1.8978935235723497,0.4293692718800912,16.13317279545248,31.602333523572383,8.191843523572345,23.41049000000004,10.121572657597767,-2.490625,99.625,6.954884340128785
2025-12-05,16.87646000000001,8.986350000000016,-5.722399999999993,1.8724217514457564,0.5038400938154268,15.98877184526117,30.19368175144575,7.59482175144575,22.598860000000002,10.857164517468789,-0.7,28.0,9.20721106003486
2025-12-06,17.95428000000004,9.830900000000042,-6.596000000000004,1.5213870600329642,-0.19267542772547586,16.04809163230749,32.66766706003301,8.117387060032968,24.550280000000043,9.534396107561065,-0.06875,2.75,3.9228379229460266
2025-12-07,17.92324000000002,9.880150000000015,-5.401099999999985,1.3421510970526356,-1.1352962309187546,13.651044866133873,30.067591097052627,6.743251097052621,23.324340000000007,10.854758251263547,-0.0,0.0,6.298417072948153
2025-12-08,17.514499999999998,9.349270000000047,-5.686959999999999,0.9679184402722285,-2.016582516832216,12.803525923439963,29.856338440272225,6.654878440272228,23.201459999999997,11.039468330215016,-0.0,0.0,9.295965658369349
2025-12-09,18.065150000000017,10.022550000000024,-6.097939999999994,1.4479445219983518,-1.485345735160422,14.103138786837917,31.708974521998357,7.545884521998346,24.16309000000001,10.008704160806246,-0.0375,1.5,8.94111614640302
2025-12-10,17.635580000000004,9.098749999999995,-5.29446999999999,0.8665013709756977,-1.0110907887388407,13.686710582236856,29.09102137097568,6.1609713709756875,22.930049999999994,11.415190145496979,-0.0,0.0,7.745525137601932
2025-12-11,17.110000000000014,9.953940000000046,-4.313940000000002,0.9946157360118946,-2.1480532570278115,10.316562478984054,26.732495736011913,5.308555736011897,21.423940000000016,12.647238164687963,-0.0,0.0,6.54661542611037
2025-12-12,17.509000000000015,8.903160000000014,-4.135229999999979,0.8502945138675386,-2.373716140768579,11.217648373098939,26.62975451386751,4.985524513867517,21.644229999999993,12.662624601016432,-0.0,0.0,2.8559095254101816
2025-12-13,18.028470000000027,9.384150000000034,-4.715599999999995,0.17337052725878266,-3.3619512571094106,10.17133927014936,27.6330405272588,4.888970527258778,22.744070000000022,12.145048748127408,-0.0,0.0,1.5420745149126651
2025-12-14,17.23153000000002,10.316300000000012,-4.95029999999997,0.8228346203330261,-4.10285502498931,8.585509595343694,27.954964620332987,5.773134620332996,22.18182999999999,12.035476546866676,-0.0,0.0,5.919824450592602
2025-12-15,16.950649999999996,11.406100000000038,-4.707069999999987,0.4631052406402887,-4.355875263851544,6.35884997678869,26.82789524064026,5.170175240640276,21.657719999999983,12.661104596243064,-0.0,0.0,7.6735685002409495
2025-12-16,15.921600000000012,9.366780000000006,-4.427249999999958,1.9123380252038373,0.950620548118593,13.845028573322395,26.688438025203766,6.3395880252037955,20.34884999999997,12.721400831298638,-0.0125,0.5,6.032646620353844
2025-12-17,18.17270000000002,10.69747000000001,-4.900579999999991,1.0918955537826491,-4.186714661595545,9.280990892187106,29.06575555378265,5.99247555378264,23.07328000000001,11.34961772420047,-0.0,0.0,9.169045434742296
2025-12-18,17.434600000000046,10.833150000000046,-3.883699999999976,0.7967619509952328,-3.8240121117907506,7.457899839204458,25.99876195099523,4.680461950995209,21.318300000000022,12.991227425150214,-0.0,0.0,10.398134186040746
2025-12-19,17.85055,12.125200000000007,-4.190599999999961,0.6444665253463882,-3.856826788330409,6.703589737015932,26.876216525346308,4.835066525346349,22.04114999999996,12.51456847985446,-0.0,0.0,10.433331155279642
2025-12-20,17.169399999999996,12.279320000000041,-5.0265999999999735,0.865186294125408,-3.875819772342993,6.9060465217823435,28.08778629412535,5.891786294125382,22.19599999999997,11.972627035259109,-0.0,0.0,12.022766299563765
2025-12-21,17.57394000000005,12.417020000000036,-5.482280000000003,0.7958800856858375,-4.311931401593824,7.12314868409203,29.334380085685893,6.27816008568584,23.056220000000053,11.30615118700058,-0.0,0.0,7.0582876460019826
2025-12-22,16.324670000000026,12.113500000000045,-3.864779999999996,1.3609527933431877,-2.8295945972097343,6.607308196133431,25.415182793343206,5.225732793343184,20.189450000000022,13.368699985115967,-0.0,0.0,5.205389948977429
2025-12-23,17.47410000000002,12.02090000000004,-4.039099999999962,0.8514873542816872,-4.102286576452684,6.241500777828946,26.403787354281633,4.890587354281649,21.513199999999983,12.77977555602007,-0.0,0.0,2.3236602896718486
2025-12-24,17.476560000000006,12.679300000000012,-4.017859999999985,0.8496131227877868,-4.245736457503995,5.418996665283771,26.361893122787762,4.8674731227877714,21.49441999999999,12.80056580116701,-0.0,0.0,2.995632388557414
2025-12-25,18.178800000000024,11.601950000000045,-4.752899999999954,0.5663631624268533,-4.292665714949067,7.60344744747772,28.250963162426785,5.319263162426807,22.931699999999978,11.795187600879558,-0.0,0.0,0.34501016396187517
2025-12-26,17.41420000000005,11.95980000000003,-3.664949999999976,1.4161738864046924,-3.911946570267105,6.623577316137585,26.160273886404696,5.081123886404669,21.079150000000027,12.85913330865759,-0.059375,2.375,3.553366674659425
2025-12-27,17.826000000000022,11.811000000000035,-3.8833999999999946,0.8226574467259979,-3.4207047955324015,7.3003526511935775,26.41545744672601,4.706057446725993,21.709400000000016,12.735133259927181,-0.0,0.0,3.148378407997404
2025-12-28,18.08904000000001,10.090300000000013,-4.415699999999958,0.9903470480936107,-0.576200221869783,12.828586826223784,27.91078704809354,5.406047048093569,22.50473999999997,11.944539753768822,-0.0,0.0,2.4335976645731794
2025-12-29,18.670200000000023,10.205700000000036,-5.465669999999989,1.2549226616420697,-0.8377163774736687,14.347376284168377,30.85646266164207,6.720592661642058,24.13587000000001,10.386961231967689,-0.0,0.0,4.996871320659746
2025-12-30,19.50613000000004,9.49368000000004,-5.140019999999993,1.299285882726906,-1.1153119178385964,15.336443964888304,31.085455882726933,6.439305882726899,24.646150000000034,10.18520868643634,-0.0,0.0,7.514705317961626
2025-12-31,19.594100000000026,6.615800000000036,-4.484839999999963,1.5727854731463822,0.4107743416874996,19.446699814833835,30.136565473146334,6.057625473146345,24.07893999999999,10.628747510602295,-0.909375,36.375,6.802377623362928
