selection_rank,event_group_key,label,partition,target_ist_date,target_slot,year,season,episode_id,gfs_init_cycle_utc,forecast_lead,expected_filename,expected_url,acquisition_year,acquisition_path,selection_reason,duplicate_filename_flag
1,IND_13.0_78.0|2024-01-04|1,NEGATIVE_CONFIRMED,holdout,2024-01-04,1,2024,winter,N:2024-01-04,2024-01-04T00:00:00+00:00,f003,gfs.0p25.2024010400.f003.grib2,https://data.gdex.ucar.edu/d084001/2024/20240104/gfs.0p25.2024010400.f003.grib2,2024,D:\SIH-Historical-GFS\raw,"episode-aware, year/season-stratified selection for Phase 0.4.24 300-event-group TS target; episode N:2024-01-04, winter 2024",False
1,IND_13.0_78.0|2024-01-04|1,NEGATIVE_CONFIRMED,holdout,2024-01-04,1,2024,winter,N:2024-01-04,2024-01-04T00:00:00+00:00,f006,gfs.0p25.2024010400.f006.grib2,https://data.gdex.ucar.edu/d084001/2024/20240104/gfs.0p25.2024010400.f006.grib2,2024,D:\SIH-Historical-GFS\raw,"episode-aware, year/season-stratified selection for Phase 0.4.24 300-event-group TS target; episode N:2024-01-04, winter 2024",False
2,IND_13.0_78.0|2024-01-24|2,NEGATIVE_CONFIRMED,holdout,2024-01-24,2,2024,winter,N:2024-01-24,2024-01-24T06:00:00+00:00,f003,gfs.0p25.2024012406.f003.grib2,https://data.gdex.ucar.edu/d084001/2024/20240124/gfs.0p25.2024012406.f003.grib2,2024,D:\SIH-Historical-GFS\raw,"episode-aware, year/season-stratified selection for Phase 0.4.24 300-event-group TS target; episode N:2024-01-24, winter 2024",False
2,IND_13.0_78.0|2024-01-24|2,NEGATIVE_CONFIRMED,holdout,2024-01-24,2,2024,winter,N:2024-01-24,2024-01-24T06:00:00+00:00,f006,gfs.0p25.2024012406.f006.grib2,https://data.gdex.ucar.edu/d084001/2024/20240124/gfs.0p25.2024012406.f006.grib2,2024,D:\SIH-Historical-GFS\raw,"episode-aware, year/season-stratified selection for Phase 0.4.24 300-event-group TS target; episode N:2024-01-24, winter 2024",False
3,IND_13.0_78.0|2024-01-28|3,NEGATIVE_CONFIRMED,holdout,2024-01-28,3,2024,winter,N:2024-01-28,2024-01-28T12:00:00+00:00,f003,gfs.0p25.2024012812.f003.grib2,https://data.gdex.ucar.edu/d084001/2024/20240128/gfs.0p25.2024012812.f003.grib2,2024,D:\SIH-Historical-GFS\raw,"episode-aware, year/season-stratified selection for Phase 0.4.24 300-event-group TS target; episode N:2024-01-28, winter 2024",False
3,IND_13.0_78.0|2024-01-28|3,NEGATIVE_CONFIRMED,holdout,2024-01-28,3,2024,winter,N:2024-01-28,2024-01-28T12:00:00+00:00,f006,gfs.0p25.2024012812.f006.grib2,https://data.gdex.ucar.edu/d084001/2024/20240128/gfs.0p25.2024012812.f006.grib2,2024,D:\SIH-Historical-GFS\raw,"episode-aware, year/season-stratified selection for Phase 0.4.24 300-event-group TS target; episode N:2024-01-28, winter 2024",False
4,IND_13.0_78.0|2024-01-31|0,NEGATIVE_CONFIRMED,holdout,2024-01-31,0,2024,winter,N:2024-01-31,2024-01-30T18:00:00+00:00,f003,gfs.0p25.2024013018.f003.grib2,https://data.gdex.ucar.edu/d084001/2024/20240130/gfs.0p25.2024013018.f003.grib2,2024,D:\SIH-Historical-GFS\raw,"episode-aware, year/season-stratified selection for Phase 0.4.24 300-event-group TS target; episode N:2024-01-31, winter 2024",False
4,IND_13.0_78.0|2024-01-31|0,NEGATIVE_CONFIRMED,holdout,2024-01-31,0,2024,winter,N:2024-01-31,2024-01-30T18:00:00+00:00,f006,gfs.0p25.2024013018.f006.grib2,https://data.gdex.ucar.edu/d084001/2024/20240130/gfs.0p25.2024013018.f006.grib2,2024,D:\SIH-Historical-GFS\raw,"episode-aware, year/season-stratified selection for Phase 0.4.24 300-event-group TS target; episode N:2024-01-31, winter 2024",False
5,IND_13.0_78.0|2024-03-02|0,NEGATIVE_CONFIRMED,holdout,2024-03-02,0,2024,pre-monsoon,N:2024-03-02,2024-03-01T18:00:00+00:00,f003,gfs.0p25.2024030118.f003.grib2,https://data.gdex.ucar.edu/d084001/2024/20240301/gfs.0p25.2024030118.f003.grib2,2024,D:\SIH-Historical-GFS\raw,"episode-aware, year/season-stratified selection for Phase 0.4.24 300-event-group TS target; episode N:2024-03-02, pre-monsoon 2024",False
5,IND_13.0_78.0|2024-03-02|0,NEGATIVE_CONFIRMED,holdout,2024-03-02,0,2024,pre-monsoon,N:2024-03-02,2024-03-01T18:00:00+00:00,f006,gfs.0p25.2024030118.f006.grib2,https://data.gdex.ucar.edu/d084001/2024/20240301/gfs.0p25.2024030118.f006.grib2,2024,D:\SIH-Historical-GFS\raw,"episode-aware, year/season-stratified selection for Phase 0.4.24 300-event-group TS target; episode N:2024-03-02, pre-monsoon 2024",False
6,IND_13.0_78.0|2024-03-23|3,NEGATIVE_CONFIRMED,holdout,2024-03-23,3,2024,pre-monsoon,N:2024-03-23,2024-03-23T12:00:00+00:00,f003,gfs.0p25.2024032312.f003.grib2,https://data.gdex.ucar.edu/d084001/2024/20240323/gfs.0p25.2024032312.f003.grib2,2024,D:\SIH-Historical-GFS\raw,"episode-aware, year/season-stratified selection for Phase 0.4.24 300-event-group TS target; episode N:2024-03-23, pre-monsoon 2024",False
6,IND_13.0_78.0|2024-03-23|3,NEGATIVE_CONFIRMED,holdout,2024-03-23,3,2024,pre-monsoon,N:2024-03-23,2024-03-23T12:00:00+00:00,f006,gfs.0p25.2024032312.f006.grib2,https://data.gdex.ucar.edu/d084001/2024/20240323/gfs.0p25.2024032312.f006.grib2,2024,D:\SIH-Historical-GFS\raw,"episode-aware, year/season-stratified selection for Phase 0.4.24 300-event-group TS target; episode N:2024-03-23, pre-monsoon 2024",False
7,IND_13.0_78.0|2024-03-25|1,NEGATIVE_CONFIRMED,holdout,2024-03-25,1,2024,pre-monsoon,N:2024-03-25,2024-03-25T00:00:00+00:00,f003,gfs.0p25.2024032500.f003.grib2,https://data.gdex.ucar.edu/d084001/2024/20240325/gfs.0p25.2024032500.f003.grib2,2024,D:\SIH-Historical-GFS\raw,"episode-aware, year/season-stratified selection for Phase 0.4.24 300-event-group TS target; episode N:2024-03-25, pre-monsoon 2024",False
7,IND_13.0_78.0|2024-03-25|1,NEGATIVE_CONFIRMED,holdout,2024-03-25,1,2024,pre-monsoon,N:2024-03-25,2024-03-25T00:00:00+00:00,f006,gfs.0p25.2024032500.f006.grib2,https://data.gdex.ucar.edu/d084001/2024/20240325/gfs.0p25.2024032500.f006.grib2,2024,D:\SIH-Historical-GFS\raw,"episode-aware, year/season-stratified selection for Phase 0.4.24 300-event-group TS target; episode N:2024-03-25, pre-monsoon 2024",False
8,IND_13.0_78.0|2024-03-28|3,NEGATIVE_CONFIRMED,holdout,2024-03-28,3,2024,pre-monsoon,N:2024-03-28,2024-03-28T12:00:00+00:00,f003,gfs.0p25.2024032812.f003.grib2,https://data.gdex.ucar.edu/d084001/2024/20240328/gfs.0p25.2024032812.f003.grib2,2024,D:\SIH-Historical-GFS\raw,"episode-aware, year/season-stratified selection for Phase 0.4.24 300-event-group TS target; episode N:2024-03-28, pre-monsoon 2024",False
8,IND_13.0_78.0|2024-03-28|3,NEGATIVE_CONFIRMED,holdout,2024-03-28,3,2024,pre-monsoon,N:2024-03-28,2024-03-28T12:00:00+00:00,f006,gfs.0p25.2024032812.f006.grib2,https://data.gdex.ucar.edu/d084001/2024/20240328/gfs.0p25.2024032812.f006.grib2,2024,D:\SIH-Historical-GFS\raw,"episode-aware, year/season-stratified selection for Phase 0.4.24 300-event-group TS target; episode N:2024-03-28, pre-monsoon 2024",False
9,IND_13.0_78.0|2024-05-26|2,NEGATIVE_CONFIRMED,holdout,2024-05-26,2,2024,pre-monsoon,N:2024-05-26,2024-05-26T06:00:00+00:00,f003,gfs.0p25.2024052606.f003.grib2,https://data.gdex.ucar.edu/d084001/2024/20240526/gfs.0p25.2024052606.f003.grib2,2024,D:\SIH-Historical-GFS\raw,"episode-aware, year/season-stratified selection for Phase 0.4.24 300-event-group TS target; episode N:2024-05-26, pre-monsoon 2024",False
9,IND_13.0_78.0|2024-05-26|2,NEGATIVE_CONFIRMED,holdout,2024-05-26,2,2024,pre-monsoon,N:2024-05-26,2024-05-26T06:00:00+00:00,f006,gfs.0p25.2024052606.f006.grib2,https://data.gdex.ucar.edu/d084001/2024/20240526/gfs.0p25.2024052606.f006.grib2,2024,D:\SIH-Historical-GFS\raw,"episode-aware, year/season-stratified selection for Phase 0.4.24 300-event-group TS target; episode N:2024-05-26, pre-monsoon 2024",False
10,IND_13.0_78.0|2024-05-31|2,NEGATIVE_CONFIRMED,holdout,2024-05-31,2,2024,pre-monsoon,N:2024-05-31,2024-05-31T06:00:00+00:00,f003,gfs.0p25.2024053106.f003.grib2,https://data.gdex.ucar.edu/d084001/2024/20240531/gfs.0p25.2024053106.f003.grib2,2024,D:\SIH-Historical-GFS\raw,"episode-aware, year/season-stratified selection for Phase 0.4.24 300-event-group TS target; episode N:2024-05-31, pre-monsoon 2024",False
10,IND_13.0_78.0|2024-05-31|2,NEGATIVE_CONFIRMED,holdout,2024-05-31,2,2024,pre-monsoon,N:2024-05-31,2024-05-31T06:00:00+00:00,f006,gfs.0p25.2024053106.f006.grib2,https://data.gdex.ucar.edu/d084001/2024/20240531/gfs.0p25.2024053106.f006.grib2,2024,D:\SIH-Historical-GFS\raw,"episode-aware, year/season-stratified selection for Phase 0.4.24 300-event-group TS target; episode N:2024-05-31, pre-monsoon 2024",False
11,IND_13.0_78.0|2024-06-22|1,NEGATIVE_CONFIRMED,holdout,2024-06-22,1,2024,monsoon,N:2024-06-22,2024-06-22T00:00:00+00:00,f003,gfs.0p25.2024062200.f003.grib2,https://data.gdex.ucar.edu/d084001/2024/20240622/gfs.0p25.2024062200.f003.grib2,2024,D:\SIH-Historical-GFS\raw,"episode-aware, year/season-stratified selection for Phase 0.4.24 300-event-group TS target; episode N:2024-06-22, monsoon 2024",False
11,IND_13.0_78.0|2024-06-22|1,NEGATIVE_CONFIRMED,holdout,2024-06-22,1,2024,monsoon,N:2024-06-22,2024-06-22T00:00:00+00:00,f006,gfs.0p25.2024062200.f006.grib2,https://data.gdex.ucar.edu/d084001/2024/20240622/gfs.0p25.2024062200.f006.grib2,2024,D:\SIH-Historical-GFS\raw,"episode-aware, year/season-stratified selection for Phase 0.4.24 300-event-group TS target; episode N:2024-06-22, monsoon 2024",False
12,IND_13.0_78.0|2024-06-27|2,NEGATIVE_CONFIRMED,holdout,2024-06-27,2,2024,monsoon,N:2024-06-27,2024-06-27T06:00:00+00:00,f003,gfs.0p25.2024062706.f003.grib2,https://data.gdex.ucar.edu/d084001/2024/20240627/gfs.0p25.2024062706.f003.grib2,2024,D:\SIH-Historical-GFS\raw,"episode-aware, year/season-stratified selection for Phase 0.4.24 300-event-group TS target; episode N:2024-06-27, monsoon 2024",False
12,IND_13.0_78.0|2024-06-27|2,NEGATIVE_CONFIRMED,holdout,2024-06-27,2,2024,monsoon,N:2024-06-27,2024-06-27T06:00:00+00:00,f006,gfs.0p25.2024062706.f006.grib2,https://data.gdex.ucar.edu/d084001/2024/20240627/gfs.0p25.2024062706.f006.grib2,2024,D:\SIH-Historical-GFS\raw,"episode-aware, year/season-stratified selection for Phase 0.4.24 300-event-group TS target; episode N:2024-06-27, monsoon 2024",False
13,IND_13.0_78.0|2024-07-01|3,NEGATIVE_CONFIRMED,holdout,2024-07-01,3,2024,monsoon,N:2024-07-01,2024-07-01T12:00:00+00:00,f003,gfs.0p25.2024070112.f003.grib2,https://data.gdex.ucar.edu/d084001/2024/20240701/gfs.0p25.2024070112.f003.grib2,2024,D:\SIH-Historical-GFS\raw,"episode-aware, year/season-stratified selection for Phase 0.4.24 300-event-group TS target; episode N:2024-07-01, monsoon 2024",False
13,IND_13.0_78.0|2024-07-01|3,NEGATIVE_CONFIRMED,holdout,2024-07-01,3,2024,monsoon,N:2024-07-01,2024-07-01T12:00:00+00:00,f006,gfs.0p25.2024070112.f006.grib2,https://data.gdex.ucar.edu/d084001/2024/20240701/gfs.0p25.2024070112.f006.grib2,2024,D:\SIH-Historical-GFS\raw,"episode-aware, year/season-stratified selection for Phase 0.4.24 300-event-group TS target; episode N:2024-07-01, monsoon 2024",False
14,IND_13.0_78.0|2024-10-23|0,NEGATIVE_CONFIRMED,holdout,2024-10-23,0,2024,post-monsoon,N:2024-10-23,2024-10-22T18:00:00+00:00,f003,gfs.0p25.2024102218.f003.grib2,https://data.gdex.ucar.edu/d084001/2024/20241022/gfs.0p25.2024102218.f003.grib2,2024,D:\SIH-Historical-GFS\raw,"episode-aware, year/season-stratified selection for Phase 0.4.24 300-event-group TS target; episode N:2024-10-23, post-monsoon 2024",False
14,IND_13.0_78.0|2024-10-23|0,NEGATIVE_CONFIRMED,holdout,2024-10-23,0,2024,post-monsoon,N:2024-10-23,2024-10-22T18:00:00+00:00,f006,gfs.0p25.2024102218.f006.grib2,https://data.gdex.ucar.edu/d084001/2024/20241022/gfs.0p25.2024102218.f006.grib2,2024,D:\SIH-Historical-GFS\raw,"episode-aware, year/season-stratified selection for Phase 0.4.24 300-event-group TS target; episode N:2024-10-23, post-monsoon 2024",False
15,IND_13.0_78.0|2024-10-26|1,NEGATIVE_CONFIRMED,holdout,2024-10-26,1,2024,post-monsoon,N:2024-10-26,2024-10-26T00:00:00+00:00,f003,gfs.0p25.2024102600.f003.grib2,https://data.gdex.ucar.edu/d084001/2024/20241026/gfs.0p25.2024102600.f003.grib2,2024,D:\SIH-Historical-GFS\raw,"episode-aware, year/season-stratified selection for Phase 0.4.24 300-event-group TS target; episode N:2024-10-26, post-monsoon 2024",False
15,IND_13.0_78.0|2024-10-26|1,NEGATIVE_CONFIRMED,holdout,2024-10-26,1,2024,post-monsoon,N:2024-10-26,2024-10-26T00:00:00+00:00,f006,gfs.0p25.2024102600.f006.grib2,https://data.gdex.ucar.edu/d084001/2024/20241026/gfs.0p25.2024102600.f006.grib2,2024,D:\SIH-Historical-GFS\raw,"episode-aware, year/season-stratified selection for Phase 0.4.24 300-event-group TS target; episode N:2024-10-26, post-monsoon 2024",False
16,IND_13.0_78.0|2025-01-01|3,NEGATIVE_CONFIRMED,holdout,2025-01-01,3,2025,winter,N:2025-01-01,2025-01-01T12:00:00+00:00,f003,gfs.0p25.2025010112.f003.grib2,https://data.gdex.ucar.edu/d084001/2025/20250101/gfs.0p25.2025010112.f003.grib2,2025,D:\SIH-Historical-GFS\raw,"episode-aware, year/season-stratified selection for Phase 0.4.24 300-event-group TS target; episode N:2025-01-01, winter 2025",False
16,IND_13.0_78.0|2025-01-01|3,NEGATIVE_CONFIRMED,holdout,2025-01-01,3,2025,winter,N:2025-01-01,2025-01-01T12:00:00+00:00,f006,gfs.0p25.2025010112.f006.grib2,https://data.gdex.ucar.edu/d084001/2025/20250101/gfs.0p25.2025010112.f006.grib2,2025,D:\SIH-Historical-GFS\raw,"episode-aware, year/season-stratified selection for Phase 0.4.24 300-event-group TS target; episode N:2025-01-01, winter 2025",False
17,IND_13.0_78.0|2025-01-03|0,NEGATIVE_CONFIRMED,holdout,2025-01-03,0,2025,winter,N:2025-01-03,2025-01-02T18:00:00+00:00,f003,gfs.0p25.2025010218.f003.grib2,https://data.gdex.ucar.edu/d084001/2025/20250102/gfs.0p25.2025010218.f003.grib2,2025,D:\SIH-Historical-GFS\raw,"episode-aware, year/season-stratified selection for Phase 0.4.24 300-event-group TS target; episode N:2025-01-03, winter 2025",False
17,IND_13.0_78.0|2025-01-03|0,NEGATIVE_CONFIRMED,holdout,2025-01-03,0,2025,winter,N:2025-01-03,2025-01-02T18:00:00+00:00,f006,gfs.0p25.2025010218.f006.grib2,https://data.gdex.ucar.edu/d084001/2025/20250102/gfs.0p25.2025010218.f006.grib2,2025,D:\SIH-Historical-GFS\raw,"episode-aware, year/season-stratified selection for Phase 0.4.24 300-event-group TS target; episode N:2025-01-03, winter 2025",False
18,IND_13.0_78.0|2025-01-26|1,NEGATIVE_CONFIRMED,holdout,2025-01-26,1,2025,winter,N:2025-01-26,2025-01-26T00:00:00+00:00,f003,gfs.0p25.2025012600.f003.grib2,https://data.gdex.ucar.edu/d084001/2025/20250126/gfs.0p25.2025012600.f003.grib2,2025,D:\SIH-Historical-GFS\raw,"episode-aware, year/season-stratified selection for Phase 0.4.24 300-event-group TS target; episode N:2025-01-26, winter 2025",False
18,IND_13.0_78.0|2025-01-26|1,NEGATIVE_CONFIRMED,holdout,2025-01-26,1,2025,winter,N:2025-01-26,2025-01-26T00:00:00+00:00,f006,gfs.0p25.2025012600.f006.grib2,https://data.gdex.ucar.edu/d084001/2025/20250126/gfs.0p25.2025012600.f006.grib2,2025,D:\SIH-Historical-GFS\raw,"episode-aware, year/season-stratified selection for Phase 0.4.24 300-event-group TS target; episode N:2025-01-26, winter 2025",False
19,IND_13.0_78.0|2025-01-30|3,NEGATIVE_CONFIRMED,holdout,2025-01-30,3,2025,winter,N:2025-01-30,2025-01-30T12:00:00+00:00,f003,gfs.0p25.2025013012.f003.grib2,https://data.gdex.ucar.edu/d084001/2025/20250130/gfs.0p25.2025013012.f003.grib2,2025,D:\SIH-Historical-GFS\raw,"episode-aware, year/season-stratified selection for Phase 0.4.24 300-event-group TS target; episode N:2025-01-30, winter 2025",False
19,IND_13.0_78.0|2025-01-30|3,NEGATIVE_CONFIRMED,holdout,2025-01-30,3,2025,winter,N:2025-01-30,2025-01-30T12:00:00+00:00,f006,gfs.0p25.2025013012.f006.grib2,https://data.gdex.ucar.edu/d084001/2025/20250130/gfs.0p25.2025013012.f006.grib2,2025,D:\SIH-Historical-GFS\raw,"episode-aware, year/season-stratified selection for Phase 0.4.24 300-event-group TS target; episode N:2025-01-30, winter 2025",False
20,IND_13.0_78.0|2025-03-27|2,NEGATIVE_CONFIRMED,holdout,2025-03-27,2,2025,pre-monsoon,N:2025-03-27,2025-03-27T06:00:00+00:00,f003,gfs.0p25.2025032706.f003.grib2,https://data.gdex.ucar.edu/d084001/2025/20250327/gfs.0p25.2025032706.f003.grib2,2025,D:\SIH-Historical-GFS\raw,"episode-aware, year/season-stratified selection for Phase 0.4.24 300-event-group TS target; episode N:2025-03-27, pre-monsoon 2025",False
20,IND_13.0_78.0|2025-03-27|2,NEGATIVE_CONFIRMED,holdout,2025-03-27,2,2025,pre-monsoon,N:2025-03-27,2025-03-27T06:00:00+00:00,f006,gfs.0p25.2025032706.f006.grib2,https://data.gdex.ucar.edu/d084001/2025/20250327/gfs.0p25.2025032706.f006.grib2,2025,D:\SIH-Historical-GFS\raw,"episode-aware, year/season-stratified selection for Phase 0.4.24 300-event-group TS target; episode N:2025-03-27, pre-monsoon 2025",False
21,IND_13.0_78.0|2025-03-29|1,NEGATIVE_CONFIRMED,holdout,2025-03-29,1,2025,pre-monsoon,N:2025-03-29,2025-03-29T00:00:00+00:00,f003,gfs.0p25.2025032900.f003.grib2,https://data.gdex.ucar.edu/d084001/2025/20250329/gfs.0p25.2025032900.f003.grib2,2025,D:\SIH-Historical-GFS\raw,"episode-aware, year/season-stratified selection for Phase 0.4.24 300-event-group TS target; episode N:2025-03-29, pre-monsoon 2025",False
21,IND_13.0_78.0|2025-03-29|1,NEGATIVE_CONFIRMED,holdout,2025-03-29,1,2025,pre-monsoon,N:2025-03-29,2025-03-29T00:00:00+00:00,f006,gfs.0p25.2025032900.f006.grib2,https://data.gdex.ucar.edu/d084001/2025/20250329/gfs.0p25.2025032900.f006.grib2,2025,D:\SIH-Historical-GFS\raw,"episode-aware, year/season-stratified selection for Phase 0.4.24 300-event-group TS target; episode N:2025-03-29, pre-monsoon 2025",False
22,IND_13.0_78.0|2025-03-31|3,NEGATIVE_CONFIRMED,holdout,2025-03-31,3,2025,pre-monsoon,N:2025-03-31,2025-03-31T12:00:00+00:00,f003,gfs.0p25.2025033112.f003.grib2,https://data.gdex.ucar.edu/d084001/2025/20250331/gfs.0p25.2025033112.f003.grib2,2025,D:\SIH-Historical-GFS\raw,"episode-aware, year/season-stratified selection for Phase 0.4.24 300-event-group TS target; episode N:2025-03-31, pre-monsoon 2025",False
22,IND_13.0_78.0|2025-03-31|3,NEGATIVE_CONFIRMED,holdout,2025-03-31,3,2025,pre-monsoon,N:2025-03-31,2025-03-31T12:00:00+00:00,f006,gfs.0p25.2025033112.f006.grib2,https://data.gdex.ucar.edu/d084001/2025/20250331/gfs.0p25.2025033112.f006.grib2,2025,D:\SIH-Historical-GFS\raw,"episode-aware, year/season-stratified selection for Phase 0.4.24 300-event-group TS target; episode N:2025-03-31, pre-monsoon 2025",False
23,IND_13.0_78.0|2025-06-01|2,NEGATIVE_CONFIRMED,holdout,2025-06-01,2,2025,monsoon,N:2025-06-01,2025-06-01T06:00:00+00:00,f003,gfs.0p25.2025060106.f003.grib2,https://data.gdex.ucar.edu/d084001/2025/20250601/gfs.0p25.2025060106.f003.grib2,2025,D:\SIH-Historical-GFS\raw,"episode-aware, year/season-stratified selection for Phase 0.4.24 300-event-group TS target; episode N:2025-06-01, monsoon 2025",False
23,IND_13.0_78.0|2025-06-01|2,NEGATIVE_CONFIRMED,holdout,2025-06-01,2,2025,monsoon,N:2025-06-01,2025-06-01T06:00:00+00:00,f006,gfs.0p25.2025060106.f006.grib2,https://data.gdex.ucar.edu/d084001/2025/20250601/gfs.0p25.2025060106.f006.grib2,2025,D:\SIH-Historical-GFS\raw,"episode-aware, year/season-stratified selection for Phase 0.4.24 300-event-group TS target; episode N:2025-06-01, monsoon 2025",False
24,IND_13.0_78.0|2025-06-27|0,NEGATIVE_CONFIRMED,holdout,2025-06-27,0,2025,monsoon,N:2025-06-27,2025-06-26T18:00:00+00:00,f003,gfs.0p25.2025062618.f003.grib2,https://data.gdex.ucar.edu/d084001/2025/20250626/gfs.0p25.2025062618.f003.grib2,2025,D:\SIH-Historical-GFS\raw,"episode-aware, year/season-stratified selection for Phase 0.4.24 300-event-group TS target; episode N:2025-06-27, monsoon 2025",False
24,IND_13.0_78.0|2025-06-27|0,NEGATIVE_CONFIRMED,holdout,2025-06-27,0,2025,monsoon,N:2025-06-27,2025-06-26T18:00:00+00:00,f006,gfs.0p25.2025062618.f006.grib2,https://data.gdex.ucar.edu/d084001/2025/20250626/gfs.0p25.2025062618.f006.grib2,2025,D:\SIH-Historical-GFS\raw,"episode-aware, year/season-stratified selection for Phase 0.4.24 300-event-group TS target; episode N:2025-06-27, monsoon 2025",False
25,IND_13.0_78.0|2025-07-02|2,NEGATIVE_CONFIRMED,holdout,2025-07-02,2,2025,monsoon,N:2025-07-02,2025-07-02T06:00:00+00:00,f003,gfs.0p25.2025070206.f003.grib2,https://data.gdex.ucar.edu/d084001/2025/20250702/gfs.0p25.2025070206.f003.grib2,2025,D:\SIH-Historical-GFS\raw,"episode-aware, year/season-stratified selection for Phase 0.4.24 300-event-group TS target; episode N:2025-07-02, monsoon 2025",False
25,IND_13.0_78.0|2025-07-02|2,NEGATIVE_CONFIRMED,holdout,2025-07-02,2,2025,monsoon,N:2025-07-02,2025-07-02T06:00:00+00:00,f006,gfs.0p25.2025070206.f006.grib2,https://data.gdex.ucar.edu/d084001/2025/20250702/gfs.0p25.2025070206.f006.grib2,2025,D:\SIH-Historical-GFS\raw,"episode-aware, year/season-stratified selection for Phase 0.4.24 300-event-group TS target; episode N:2025-07-02, monsoon 2025",False
26,IND_13.0_78.0|2025-09-29|2,NEGATIVE_CONFIRMED,holdout,2025-09-29,2,2025,monsoon,N:2025-09-29,2025-09-29T06:00:00+00:00,f003,gfs.0p25.2025092906.f003.grib2,https://data.gdex.ucar.edu/d084001/2025/20250929/gfs.0p25.2025092906.f003.grib2,2025,D:\SIH-Historical-GFS\raw,"episode-aware, year/season-stratified selection for Phase 0.4.24 300-event-group TS target; episode N:2025-09-29, monsoon 2025",False
26,IND_13.0_78.0|2025-09-29|2,NEGATIVE_CONFIRMED,holdout,2025-09-29,2,2025,monsoon,N:2025-09-29,2025-09-29T06:00:00+00:00,f006,gfs.0p25.2025092906.f006.grib2,https://data.gdex.ucar.edu/d084001/2025/20250929/gfs.0p25.2025092906.f006.grib2,2025,D:\SIH-Historical-GFS\raw,"episode-aware, year/season-stratified selection for Phase 0.4.24 300-event-group TS target; episode N:2025-09-29, monsoon 2025",False
27,IND_13.0_78.0|2025-10-01|3,NEGATIVE_CONFIRMED,holdout,2025-10-01,3,2025,post-monsoon,N:2025-10-01,2025-10-01T12:00:00+00:00,f003,gfs.0p25.2025100112.f003.grib2,https://data.gdex.ucar.edu/d084001/2025/20251001/gfs.0p25.2025100112.f003.grib2,2025,D:\SIH-Historical-GFS\raw,"episode-aware, year/season-stratified selection for Phase 0.4.24 300-event-group TS target; episode N:2025-10-01, post-monsoon 2025",False
27,IND_13.0_78.0|2025-10-01|3,NEGATIVE_CONFIRMED,holdout,2025-10-01,3,2025,post-monsoon,N:2025-10-01,2025-10-01T12:00:00+00:00,f006,gfs.0p25.2025100112.f006.grib2,https://data.gdex.ucar.edu/d084001/2025/20251001/gfs.0p25.2025100112.f006.grib2,2025,D:\SIH-Historical-GFS\raw,"episode-aware, year/season-stratified selection for Phase 0.4.24 300-event-group TS target; episode N:2025-10-01, post-monsoon 2025",False
28,IND_13.0_78.0|2025-10-04|1,NEGATIVE_CONFIRMED,holdout,2025-10-04,1,2025,post-monsoon,N:2025-10-04,2025-10-04T00:00:00+00:00,f003,gfs.0p25.2025100400.f003.grib2,https://data.gdex.ucar.edu/d084001/2025/20251004/gfs.0p25.2025100400.f003.grib2,2025,D:\SIH-Historical-GFS\raw,"episode-aware, year/season-stratified selection for Phase 0.4.24 300-event-group TS target; episode N:2025-10-04, post-monsoon 2025",False
28,IND_13.0_78.0|2025-10-04|1,NEGATIVE_CONFIRMED,holdout,2025-10-04,1,2025,post-monsoon,N:2025-10-04,2025-10-04T00:00:00+00:00,f006,gfs.0p25.2025100400.f006.grib2,https://data.gdex.ucar.edu/d084001/2025/20251004/gfs.0p25.2025100400.f006.grib2,2025,D:\SIH-Historical-GFS\raw,"episode-aware, year/season-stratified selection for Phase 0.4.24 300-event-group TS target; episode N:2025-10-04, post-monsoon 2025",False
29,IND_13.0_78.0|2025-10-30|1,NEGATIVE_CONFIRMED,holdout,2025-10-30,1,2025,post-monsoon,N:2025-10-30,2025-10-30T00:00:00+00:00,f003,gfs.0p25.2025103000.f003.grib2,https://data.gdex.ucar.edu/d084001/2025/20251030/gfs.0p25.2025103000.f003.grib2,2025,D:\SIH-Historical-GFS\raw,"episode-aware, year/season-stratified selection for Phase 0.4.24 300-event-group TS target; episode N:2025-10-30, post-monsoon 2025",False
29,IND_13.0_78.0|2025-10-30|1,NEGATIVE_CONFIRMED,holdout,2025-10-30,1,2025,post-monsoon,N:2025-10-30,2025-10-30T00:00:00+00:00,f006,gfs.0p25.2025103000.f006.grib2,https://data.gdex.ucar.edu/d084001/2025/20251030/gfs.0p25.2025103000.f006.grib2,2025,D:\SIH-Historical-GFS\raw,"episode-aware, year/season-stratified selection for Phase 0.4.24 300-event-group TS target; episode N:2025-10-30, post-monsoon 2025",False
30,IND_13.0_78.0|2025-11-04|0,NEGATIVE_CONFIRMED,holdout,2025-11-04,0,2025,post-monsoon,N:2025-11-04,2025-11-03T18:00:00+00:00,f003,gfs.0p25.2025110318.f003.grib2,https://data.gdex.ucar.edu/d084001/2025/20251103/gfs.0p25.2025110318.f003.grib2,2025,D:\SIH-Historical-GFS\raw,"episode-aware, year/season-stratified selection for Phase 0.4.24 300-event-group TS target; episode N:2025-11-04, post-monsoon 2025",False
30,IND_13.0_78.0|2025-11-04|0,NEGATIVE_CONFIRMED,holdout,2025-11-04,0,2025,post-monsoon,N:2025-11-04,2025-11-03T18:00:00+00:00,f006,gfs.0p25.2025110318.f006.grib2,https://data.gdex.ucar.edu/d084001/2025/20251103/gfs.0p25.2025110318.f006.grib2,2025,D:\SIH-Historical-GFS\raw,"episode-aware, year/season-stratified selection for Phase 0.4.24 300-event-group TS target; episode N:2025-11-04, post-monsoon 2025",False
31,IND_13.0_78.0|2024-06-08|2,POSITIVE,holdout,2024-06-08,2,2024,monsoon,N:2024-06-08,2024-06-08T06:00:00+00:00,f003,gfs.0p25.2024060806.f003.grib2,https://data.gdex.ucar.edu/d084001/2024/20240608/gfs.0p25.2024060806.f003.grib2,2024,D:\SIH-Historical-GFS\raw,"episode-aware, year/season-stratified selection for Phase 0.4.24 300-event-group TS target; episode N:2024-06-08, monsoon 2024",False
31,IND_13.0_78.0|2024-06-08|2,POSITIVE,holdout,2024-06-08,2,2024,monsoon,N:2024-06-08,2024-06-08T06:00:00+00:00,f006,gfs.0p25.2024060806.f006.grib2,https://data.gdex.ucar.edu/d084001/2024/20240608/gfs.0p25.2024060806.f006.grib2,2024,D:\SIH-Historical-GFS\raw,"episode-aware, year/season-stratified selection for Phase 0.4.24 300-event-group TS target; episode N:2024-06-08, monsoon 2024",False
32,IND_13.0_78.0|2024-07-09|2,POSITIVE,holdout,2024-07-09,2,2024,monsoon,N:2024-07-09,2024-07-09T06:00:00+00:00,f003,gfs.0p25.2024070906.f003.grib2,https://data.gdex.ucar.edu/d084001/2024/20240709/gfs.0p25.2024070906.f003.grib2,2024,D:\SIH-Historical-GFS\raw,"episode-aware, year/season-stratified selection for Phase 0.4.24 300-event-group TS target; episode N:2024-07-09, monsoon 2024",False
32,IND_13.0_78.0|2024-07-09|2,POSITIVE,holdout,2024-07-09,2,2024,monsoon,N:2024-07-09,2024-07-09T06:00:00+00:00,f006,gfs.0p25.2024070906.f006.grib2,https://data.gdex.ucar.edu/d084001/2024/20240709/gfs.0p25.2024070906.f006.grib2,2024,D:\SIH-Historical-GFS\raw,"episode-aware, year/season-stratified selection for Phase 0.4.24 300-event-group TS target; episode N:2024-07-09, monsoon 2024",False
33,IND_13.0_78.0|2024-10-03|2,POSITIVE,holdout,2024-10-03,2,2024,post-monsoon,N:2024-10-03,2024-10-03T06:00:00+00:00,f003,gfs.0p25.2024100306.f003.grib2,https://data.gdex.ucar.edu/d084001/2024/20241003/gfs.0p25.2024100306.f003.grib2,2024,D:\SIH-Historical-GFS\raw,"episode-aware, year/season-stratified selection for Phase 0.4.24 300-event-group TS target; episode N:2024-10-03, post-monsoon 2024",False
33,IND_13.0_78.0|2024-10-03|2,POSITIVE,holdout,2024-10-03,2,2024,post-monsoon,N:2024-10-03,2024-10-03T06:00:00+00:00,f006,gfs.0p25.2024100306.f006.grib2,https://data.gdex.ucar.edu/d084001/2024/20241003/gfs.0p25.2024100306.f006.grib2,2024,D:\SIH-Historical-GFS\raw,"episode-aware, year/season-stratified selection for Phase 0.4.24 300-event-group TS target; episode N:2024-10-03, post-monsoon 2024",False
34,IND_13.0_78.0|2024-10-04|2,POSITIVE,holdout,2024-10-04,2,2024,post-monsoon,N:2024-10-04,2024-10-04T06:00:00+00:00,f003,gfs.0p25.2024100406.f003.grib2,https://data.gdex.ucar.edu/d084001/2024/20241004/gfs.0p25.2024100406.f003.grib2,2024,D:\SIH-Historical-GFS\raw,"episode-aware, year/season-stratified selection for Phase 0.4.24 300-event-group TS target; episode N:2024-10-04, post-monsoon 2024",False
34,IND_13.0_78.0|2024-10-04|2,POSITIVE,holdout,2024-10-04,2,2024,post-monsoon,N:2024-10-04,2024-10-04T06:00:00+00:00,f006,gfs.0p25.2024100406.f006.grib2,https://data.gdex.ucar.edu/d084001/2024/20241004/gfs.0p25.2024100406.f006.grib2,2024,D:\SIH-Historical-GFS\raw,"episode-aware, year/season-stratified selection for Phase 0.4.24 300-event-group TS target; episode N:2024-10-04, post-monsoon 2024",False
35,IND_13.0_78.0|2024-10-05|2,POSITIVE,holdout,2024-10-05,2,2024,post-monsoon,N:2024-10-05,2024-10-05T06:00:00+00:00,f003,gfs.0p25.2024100506.f003.grib2,https://data.gdex.ucar.edu/d084001/2024/20241005/gfs.0p25.2024100506.f003.grib2,2024,D:\SIH-Historical-GFS\raw,"episode-aware, year/season-stratified selection for Phase 0.4.24 300-event-group TS target; episode N:2024-10-05, post-monsoon 2024",False
35,IND_13.0_78.0|2024-10-05|2,POSITIVE,holdout,2024-10-05,2,2024,post-monsoon,N:2024-10-05,2024-10-05T06:00:00+00:00,f006,gfs.0p25.2024100506.f006.grib2,https://data.gdex.ucar.edu/d084001/2024/20241005/gfs.0p25.2024100506.f006.grib2,2024,D:\SIH-Historical-GFS\raw,"episode-aware, year/season-stratified selection for Phase 0.4.24 300-event-group TS target; episode N:2024-10-05, post-monsoon 2024",False
36,IND_13.0_78.0|2024-10-06|2,POSITIVE,holdout,2024-10-06,2,2024,post-monsoon,N:2024-10-06,2024-10-06T06:00:00+00:00,f003,gfs.0p25.2024100606.f003.grib2,https://data.gdex.ucar.edu/d084001/2024/20241006/gfs.0p25.2024100606.f003.grib2,2024,D:\SIH-Historical-GFS\raw,"episode-aware, year/season-stratified selection for Phase 0.4.24 300-event-group TS target; episode N:2024-10-06, post-monsoon 2024",False
36,IND_13.0_78.0|2024-10-06|2,POSITIVE,holdout,2024-10-06,2,2024,post-monsoon,N:2024-10-06,2024-10-06T06:00:00+00:00,f006,gfs.0p25.2024100606.f006.grib2,https://data.gdex.ucar.edu/d084001/2024/20241006/gfs.0p25.2024100606.f006.grib2,2024,D:\SIH-Historical-GFS\raw,"episode-aware, year/season-stratified selection for Phase 0.4.24 300-event-group TS target; episode N:2024-10-06, post-monsoon 2024",False
37,IND_13.0_78.0|2024-10-11|2,POSITIVE,holdout,2024-10-11,2,2024,post-monsoon,N:2024-10-11,2024-10-11T06:00:00+00:00,f003,gfs.0p25.2024101106.f003.grib2,https://data.gdex.ucar.edu/d084001/2024/20241011/gfs.0p25.2024101106.f003.grib2,2024,D:\SIH-Historical-GFS\raw,"episode-aware, year/season-stratified selection for Phase 0.4.24 300-event-group TS target; episode N:2024-10-11, post-monsoon 2024",False
37,IND_13.0_78.0|2024-10-11|2,POSITIVE,holdout,2024-10-11,2,2024,post-monsoon,N:2024-10-11,2024-10-11T06:00:00+00:00,f006,gfs.0p25.2024101106.f006.grib2,https://data.gdex.ucar.edu/d084001/2024/20241011/gfs.0p25.2024101106.f006.grib2,2024,D:\SIH-Historical-GFS\raw,"episode-aware, year/season-stratified selection for Phase 0.4.24 300-event-group TS target; episode N:2024-10-11, post-monsoon 2024",False
38,IND_13.0_78.0|2024-10-20|2,POSITIVE,holdout,2024-10-20,2,2024,post-monsoon,N:2024-10-20,2024-10-20T06:00:00+00:00,f003,gfs.0p25.2024102006.f003.grib2,https://data.gdex.ucar.edu/d084001/2024/20241020/gfs.0p25.2024102006.f003.grib2,2024,D:\SIH-Historical-GFS\raw,"episode-aware, year/season-stratified selection for Phase 0.4.24 300-event-group TS target; episode N:2024-10-20, post-monsoon 2024",False
38,IND_13.0_78.0|2024-10-20|2,POSITIVE,holdout,2024-10-20,2,2024,post-monsoon,N:2024-10-20,2024-10-20T06:00:00+00:00,f006,gfs.0p25.2024102006.f006.grib2,https://data.gdex.ucar.edu/d084001/2024/20241020/gfs.0p25.2024102006.f006.grib2,2024,D:\SIH-Historical-GFS\raw,"episode-aware, year/season-stratified selection for Phase 0.4.24 300-event-group TS target; episode N:2024-10-20, post-monsoon 2024",False
39,IND_13.0_78.0|2024-10-21|2,POSITIVE,holdout,2024-10-21,2,2024,post-monsoon,N:2024-10-21,2024-10-21T06:00:00+00:00,f003,gfs.0p25.2024102106.f003.grib2,https://data.gdex.ucar.edu/d084001/2024/20241021/gfs.0p25.2024102106.f003.grib2,2024,D:\SIH-Historical-GFS\raw,"episode-aware, year/season-stratified selection for Phase 0.4.24 300-event-group TS target; episode N:2024-10-21, post-monsoon 2024",False
39,IND_13.0_78.0|2024-10-21|2,POSITIVE,holdout,2024-10-21,2,2024,post-monsoon,N:2024-10-21,2024-10-21T06:00:00+00:00,f006,gfs.0p25.2024102106.f006.grib2,https://data.gdex.ucar.edu/d084001/2024/20241021/gfs.0p25.2024102106.f006.grib2,2024,D:\SIH-Historical-GFS\raw,"episode-aware, year/season-stratified selection for Phase 0.4.24 300-event-group TS target; episode N:2024-10-21, post-monsoon 2024",False
40,IND_13.0_78.0|2024-10-22|2,POSITIVE,holdout,2024-10-22,2,2024,post-monsoon,N:2024-10-22,2024-10-22T06:00:00+00:00,f003,gfs.0p25.2024102206.f003.grib2,https://data.gdex.ucar.edu/d084001/2024/20241022/gfs.0p25.2024102206.f003.grib2,2024,D:\SIH-Historical-GFS\raw,"episode-aware, year/season-stratified selection for Phase 0.4.24 300-event-group TS target; episode N:2024-10-22, post-monsoon 2024",False
40,IND_13.0_78.0|2024-10-22|2,POSITIVE,holdout,2024-10-22,2,2024,post-monsoon,N:2024-10-22,2024-10-22T06:00:00+00:00,f006,gfs.0p25.2024102206.f006.grib2,https://data.gdex.ucar.edu/d084001/2024/20241022/gfs.0p25.2024102206.f006.grib2,2024,D:\SIH-Historical-GFS\raw,"episode-aware, year/season-stratified selection for Phase 0.4.24 300-event-group TS target; episode N:2024-10-22, post-monsoon 2024",False
41,IND_13.0_78.0|2024-10-23|2,POSITIVE,holdout,2024-10-23,2,2024,post-monsoon,N:2024-10-23,2024-10-23T06:00:00+00:00,f003,gfs.0p25.2024102306.f003.grib2,https://data.gdex.ucar.edu/d084001/2024/20241023/gfs.0p25.2024102306.f003.grib2,2024,D:\SIH-Historical-GFS\raw,"episode-aware, year/season-stratified selection for Phase 0.4.24 300-event-group TS target; episode N:2024-10-23, post-monsoon 2024",False
41,IND_13.0_78.0|2024-10-23|2,POSITIVE,holdout,2024-10-23,2,2024,post-monsoon,N:2024-10-23,2024-10-23T06:00:00+00:00,f006,gfs.0p25.2024102306.f006.grib2,https://data.gdex.ucar.edu/d084001/2024/20241023/gfs.0p25.2024102306.f006.grib2,2024,D:\SIH-Historical-GFS\raw,"episode-aware, year/season-stratified selection for Phase 0.4.24 300-event-group TS target; episode N:2024-10-23, post-monsoon 2024",False
42,IND_13.0_78.0|2024-10-24|2,POSITIVE,holdout,2024-10-24,2,2024,post-monsoon,N:2024-10-24,2024-10-24T06:00:00+00:00,f003,gfs.0p25.2024102406.f003.grib2,https://data.gdex.ucar.edu/d084001/2024/20241024/gfs.0p25.2024102406.f003.grib2,2024,D:\SIH-Historical-GFS\raw,"episode-aware, year/season-stratified selection for Phase 0.4.24 300-event-group TS target; episode N:2024-10-24, post-monsoon 2024",False
42,IND_13.0_78.0|2024-10-24|2,POSITIVE,holdout,2024-10-24,2,2024,post-monsoon,N:2024-10-24,2024-10-24T06:00:00+00:00,f006,gfs.0p25.2024102406.f006.grib2,https://data.gdex.ucar.edu/d084001/2024/20241024/gfs.0p25.2024102406.f006.grib2,2024,D:\SIH-Historical-GFS\raw,"episode-aware, year/season-stratified selection for Phase 0.4.24 300-event-group TS target; episode N:2024-10-24, post-monsoon 2024",False
43,IND_13.0_78.0|2024-10-31|2,POSITIVE,holdout,2024-10-31,2,2024,post-monsoon,N:2024-10-31,2024-10-31T06:00:00+00:00,f003,gfs.0p25.2024103106.f003.grib2,https://data.gdex.ucar.edu/d084001/2024/20241031/gfs.0p25.2024103106.f003.grib2,2024,D:\SIH-Historical-GFS\raw,"episode-aware, year/season-stratified selection for Phase 0.4.24 300-event-group TS target; episode N:2024-10-31, post-monsoon 2024",False
43,IND_13.0_78.0|2024-10-31|2,POSITIVE,holdout,2024-10-31,2,2024,post-monsoon,N:2024-10-31,2024-10-31T06:00:00+00:00,f006,gfs.0p25.2024103106.f006.grib2,https://data.gdex.ucar.edu/d084001/2024/20241031/gfs.0p25.2024103106.f006.grib2,2024,D:\SIH-Historical-GFS\raw,"episode-aware, year/season-stratified selection for Phase 0.4.24 300-event-group TS target; episode N:2024-10-31, post-monsoon 2024",False
44,IND_13.0_78.0|2024-12-02|2,POSITIVE,holdout,2024-12-02,2,2024,winter,N:2024-12-02,2024-12-02T06:00:00+00:00,f003,gfs.0p25.2024120206.f003.grib2,https://data.gdex.ucar.edu/d084001/2024/20241202/gfs.0p25.2024120206.f003.grib2,2024,D:\SIH-Historical-GFS\raw,"episode-aware, year/season-stratified selection for Phase 0.4.24 300-event-group TS target; episode N:2024-12-02, winter 2024",False
44,IND_13.0_78.0|2024-12-02|2,POSITIVE,holdout,2024-12-02,2,2024,winter,N:2024-12-02,2024-12-02T06:00:00+00:00,f006,gfs.0p25.2024120206.f006.grib2,https://data.gdex.ucar.edu/d084001/2024/20241202/gfs.0p25.2024120206.f006.grib2,2024,D:\SIH-Historical-GFS\raw,"episode-aware, year/season-stratified selection for Phase 0.4.24 300-event-group TS target; episode N:2024-12-02, winter 2024",False
45,IND_13.0_78.0|2024-12-03|2,POSITIVE,holdout,2024-12-03,2,2024,winter,N:2024-12-03,2024-12-03T06:00:00+00:00,f003,gfs.0p25.2024120306.f003.grib2,https://data.gdex.ucar.edu/d084001/2024/20241203/gfs.0p25.2024120306.f003.grib2,2024,D:\SIH-Historical-GFS\raw,"episode-aware, year/season-stratified selection for Phase 0.4.24 300-event-group TS target; episode N:2024-12-03, winter 2024",False
45,IND_13.0_78.0|2024-12-03|2,POSITIVE,holdout,2024-12-03,2,2024,winter,N:2024-12-03,2024-12-03T06:00:00+00:00,f006,gfs.0p25.2024120306.f006.grib2,https://data.gdex.ucar.edu/d084001/2024/20241203/gfs.0p25.2024120306.f006.grib2,2024,D:\SIH-Historical-GFS\raw,"episode-aware, year/season-stratified selection for Phase 0.4.24 300-event-group TS target; episode N:2024-12-03, winter 2024",False
46,IND_13.0_78.0|2025-03-23|2,POSITIVE,holdout,2025-03-23,2,2025,pre-monsoon,N:2025-03-23,2025-03-23T06:00:00+00:00,f003,gfs.0p25.2025032306.f003.grib2,https://data.gdex.ucar.edu/d084001/2025/20250323/gfs.0p25.2025032306.f003.grib2,2025,D:\SIH-Historical-GFS\raw,"episode-aware, year/season-stratified selection for Phase 0.4.24 300-event-group TS target; episode N:2025-03-23, pre-monsoon 2025",False
46,IND_13.0_78.0|2025-03-23|2,POSITIVE,holdout,2025-03-23,2,2025,pre-monsoon,N:2025-03-23,2025-03-23T06:00:00+00:00,f006,gfs.0p25.2025032306.f006.grib2,https://data.gdex.ucar.edu/d084001/2025/20250323/gfs.0p25.2025032306.f006.grib2,2025,D:\SIH-Historical-GFS\raw,"episode-aware, year/season-stratified selection for Phase 0.4.24 300-event-group TS target; episode N:2025-03-23, pre-monsoon 2025",False
47,IND_13.0_78.0|2025-03-24|2,POSITIVE,holdout,2025-03-24,2,2025,pre-monsoon,N:2025-03-24,2025-03-24T06:00:00+00:00,f003,gfs.0p25.2025032406.f003.grib2,https://data.gdex.ucar.edu/d084001/2025/20250324/gfs.0p25.2025032406.f003.grib2,2025,D:\SIH-Historical-GFS\raw,"episode-aware, year/season-stratified selection for Phase 0.4.24 300-event-group TS target; episode N:2025-03-24, pre-monsoon 2025",False
47,IND_13.0_78.0|2025-03-24|2,POSITIVE,holdout,2025-03-24,2,2025,pre-monsoon,N:2025-03-24,2025-03-24T06:00:00+00:00,f006,gfs.0p25.2025032406.f006.grib2,https://data.gdex.ucar.edu/d084001/2025/20250324/gfs.0p25.2025032406.f006.grib2,2025,D:\SIH-Historical-GFS\raw,"episode-aware, year/season-stratified selection for Phase 0.4.24 300-event-group TS target; episode N:2025-03-24, pre-monsoon 2025",False
48,IND_13.0_78.0|2025-04-04|2,POSITIVE,holdout,2025-04-04,2,2025,pre-monsoon,N:2025-04-04,2025-04-04T06:00:00+00:00,f003,gfs.0p25.2025040406.f003.grib2,https://data.gdex.ucar.edu/d084001/2025/20250404/gfs.0p25.2025040406.f003.grib2,2025,D:\SIH-Historical-GFS\raw,"episode-aware, year/season-stratified selection for Phase 0.4.24 300-event-group TS target; episode N:2025-04-04, pre-monsoon 2025",False
48,IND_13.0_78.0|2025-04-04|2,POSITIVE,holdout,2025-04-04,2,2025,pre-monsoon,N:2025-04-04,2025-04-04T06:00:00+00:00,f006,gfs.0p25.2025040406.f006.grib2,https://data.gdex.ucar.edu/d084001/2025/20250404/gfs.0p25.2025040406.f006.grib2,2025,D:\SIH-Historical-GFS\raw,"episode-aware, year/season-stratified selection for Phase 0.4.24 300-event-group TS target; episode N:2025-04-04, pre-monsoon 2025",False
49,IND_13.0_78.0|2025-04-12|2,POSITIVE,holdout,2025-04-12,2,2025,pre-monsoon,N:2025-04-12,2025-04-12T06:00:00+00:00,f003,gfs.0p25.2025041206.f003.grib2,https://data.gdex.ucar.edu/d084001/2025/20250412/gfs.0p25.2025041206.f003.grib2,2025,D:\SIH-Historical-GFS\raw,"episode-aware, year/season-stratified selection for Phase 0.4.24 300-event-group TS target; episode N:2025-04-12, pre-monsoon 2025",False
49,IND_13.0_78.0|2025-04-12|2,POSITIVE,holdout,2025-04-12,2,2025,pre-monsoon,N:2025-04-12,2025-04-12T06:00:00+00:00,f006,gfs.0p25.2025041206.f006.grib2,https://data.gdex.ucar.edu/d084001/2025/20250412/gfs.0p25.2025041206.f006.grib2,2025,D:\SIH-Historical-GFS\raw,"episode-aware, year/season-stratified selection for Phase 0.4.24 300-event-group TS target; episode N:2025-04-12, pre-monsoon 2025",False
50,IND_13.0_78.0|2025-04-15|2,POSITIVE,holdout,2025-04-15,2,2025,pre-monsoon,N:2025-04-15,2025-04-15T06:00:00+00:00,f003,gfs.0p25.2025041506.f003.grib2,https://data.gdex.ucar.edu/d084001/2025/20250415/gfs.0p25.2025041506.f003.grib2,2025,D:\SIH-Historical-GFS\raw,"episode-aware, year/season-stratified selection for Phase 0.4.24 300-event-group TS target; episode N:2025-04-15, pre-monsoon 2025",False
50,IND_13.0_78.0|2025-04-15|2,POSITIVE,holdout,2025-04-15,2,2025,pre-monsoon,N:2025-04-15,2025-04-15T06:00:00+00:00,f006,gfs.0p25.2025041506.f006.grib2,https://data.gdex.ucar.edu/d084001/2025/20250415/gfs.0p25.2025041506.f006.grib2,2025,D:\SIH-Historical-GFS\raw,"episode-aware, year/season-stratified selection for Phase 0.4.24 300-event-group TS target; episode N:2025-04-15, pre-monsoon 2025",False
51,IND_13.0_78.0|2025-06-11|2,POSITIVE,holdout,2025-06-11,2,2025,monsoon,N:2025-06-11,2025-06-11T06:00:00+00:00,f003,gfs.0p25.2025061106.f003.grib2,https://data.gdex.ucar.edu/d084001/2025/20250611/gfs.0p25.2025061106.f003.grib2,2025,D:\SIH-Historical-GFS\raw,"episode-aware, year/season-stratified selection for Phase 0.4.24 300-event-group TS target; episode N:2025-06-11, monsoon 2025",False
51,IND_13.0_78.0|2025-06-11|2,POSITIVE,holdout,2025-06-11,2,2025,monsoon,N:2025-06-11,2025-06-11T06:00:00+00:00,f006,gfs.0p25.2025061106.f006.grib2,https://data.gdex.ucar.edu/d084001/2025/20250611/gfs.0p25.2025061106.f006.grib2,2025,D:\SIH-Historical-GFS\raw,"episode-aware, year/season-stratified selection for Phase 0.4.24 300-event-group TS target; episode N:2025-06-11, monsoon 2025",False
52,IND_13.0_78.0|2025-08-04|2,POSITIVE,holdout,2025-08-04,2,2025,monsoon,N:2025-08-04,2025-08-04T06:00:00+00:00,f003,gfs.0p25.2025080406.f003.grib2,https://data.gdex.ucar.edu/d084001/2025/20250804/gfs.0p25.2025080406.f003.grib2,2025,D:\SIH-Historical-GFS\raw,"episode-aware, year/season-stratified selection for Phase 0.4.24 300-event-group TS target; episode N:2025-08-04, monsoon 2025",False
52,IND_13.0_78.0|2025-08-04|2,POSITIVE,holdout,2025-08-04,2,2025,monsoon,N:2025-08-04,2025-08-04T06:00:00+00:00,f006,gfs.0p25.2025080406.f006.grib2,https://data.gdex.ucar.edu/d084001/2025/20250804/gfs.0p25.2025080406.f006.grib2,2025,D:\SIH-Historical-GFS\raw,"episode-aware, year/season-stratified selection for Phase 0.4.24 300-event-group TS target; episode N:2025-08-04, monsoon 2025",False
53,IND_13.0_78.0|2025-08-07|2,POSITIVE,holdout,2025-08-07,2,2025,monsoon,N:2025-08-07,2025-08-07T06:00:00+00:00,f003,gfs.0p25.2025080706.f003.grib2,https://data.gdex.ucar.edu/d084001/2025/20250807/gfs.0p25.2025080706.f003.grib2,2025,D:\SIH-Historical-GFS\raw,"episode-aware, year/season-stratified selection for Phase 0.4.24 300-event-group TS target; episode N:2025-08-07, monsoon 2025",False
53,IND_13.0_78.0|2025-08-07|2,POSITIVE,holdout,2025-08-07,2,2025,monsoon,N:2025-08-07,2025-08-07T06:00:00+00:00,f006,gfs.0p25.2025080706.f006.grib2,https://data.gdex.ucar.edu/d084001/2025/20250807/gfs.0p25.2025080706.f006.grib2,2025,D:\SIH-Historical-GFS\raw,"episode-aware, year/season-stratified selection for Phase 0.4.24 300-event-group TS target; episode N:2025-08-07, monsoon 2025",False
54,IND_13.0_78.0|2025-08-10|2,POSITIVE,holdout,2025-08-10,2,2025,monsoon,N:2025-08-10,2025-08-10T06:00:00+00:00,f003,gfs.0p25.2025081006.f003.grib2,https://data.gdex.ucar.edu/d084001/2025/20250810/gfs.0p25.2025081006.f003.grib2,2025,D:\SIH-Historical-GFS\raw,"episode-aware, year/season-stratified selection for Phase 0.4.24 300-event-group TS target; episode N:2025-08-10, monsoon 2025",False
54,IND_13.0_78.0|2025-08-10|2,POSITIVE,holdout,2025-08-10,2,2025,monsoon,N:2025-08-10,2025-08-10T06:00:00+00:00,f006,gfs.0p25.2025081006.f006.grib2,https://data.gdex.ucar.edu/d084001/2025/20250810/gfs.0p25.2025081006.f006.grib2,2025,D:\SIH-Historical-GFS\raw,"episode-aware, year/season-stratified selection for Phase 0.4.24 300-event-group TS target; episode N:2025-08-10, monsoon 2025",False
55,IND_13.0_78.0|2025-08-23|2,POSITIVE,holdout,2025-08-23,2,2025,monsoon,N:2025-08-23,2025-08-23T06:00:00+00:00,f003,gfs.0p25.2025082306.f003.grib2,https://data.gdex.ucar.edu/d084001/2025/20250823/gfs.0p25.2025082306.f003.grib2,2025,D:\SIH-Historical-GFS\raw,"episode-aware, year/season-stratified selection for Phase 0.4.24 300-event-group TS target; episode N:2025-08-23, monsoon 2025",False
55,IND_13.0_78.0|2025-08-23|2,POSITIVE,holdout,2025-08-23,2,2025,monsoon,N:2025-08-23,2025-08-23T06:00:00+00:00,f006,gfs.0p25.2025082306.f006.grib2,https://data.gdex.ucar.edu/d084001/2025/20250823/gfs.0p25.2025082306.f006.grib2,2025,D:\SIH-Historical-GFS\raw,"episode-aware, year/season-stratified selection for Phase 0.4.24 300-event-group TS target; episode N:2025-08-23, monsoon 2025",False
56,IND_13.0_78.0|2025-10-03|2,POSITIVE,holdout,2025-10-03,2,2025,post-monsoon,N:2025-10-03,2025-10-03T06:00:00+00:00,f003,gfs.0p25.2025100306.f003.grib2,https://data.gdex.ucar.edu/d084001/2025/20251003/gfs.0p25.2025100306.f003.grib2,2025,D:\SIH-Historical-GFS\raw,"episode-aware, year/season-stratified selection for Phase 0.4.24 300-event-group TS target; episode N:2025-10-03, post-monsoon 2025",False
56,IND_13.0_78.0|2025-10-03|2,POSITIVE,holdout,2025-10-03,2,2025,post-monsoon,N:2025-10-03,2025-10-03T06:00:00+00:00,f006,gfs.0p25.2025100306.f006.grib2,https://data.gdex.ucar.edu/d084001/2025/20251003/gfs.0p25.2025100306.f006.grib2,2025,D:\SIH-Historical-GFS\raw,"episode-aware, year/season-stratified selection for Phase 0.4.24 300-event-group TS target; episode N:2025-10-03, post-monsoon 2025",False
57,IND_13.0_78.0|2025-10-04|2,POSITIVE,holdout,2025-10-04,2,2025,post-monsoon,N:2025-10-04,2025-10-04T06:00:00+00:00,f003,gfs.0p25.2025100406.f003.grib2,https://data.gdex.ucar.edu/d084001/2025/20251004/gfs.0p25.2025100406.f003.grib2,2025,D:\SIH-Historical-GFS\raw,"episode-aware, year/season-stratified selection for Phase 0.4.24 300-event-group TS target; episode N:2025-10-04, post-monsoon 2025",False
57,IND_13.0_78.0|2025-10-04|2,POSITIVE,holdout,2025-10-04,2,2025,post-monsoon,N:2025-10-04,2025-10-04T06:00:00+00:00,f006,gfs.0p25.2025100406.f006.grib2,https://data.gdex.ucar.edu/d084001/2025/20251004/gfs.0p25.2025100406.f006.grib2,2025,D:\SIH-Historical-GFS\raw,"episode-aware, year/season-stratified selection for Phase 0.4.24 300-event-group TS target; episode N:2025-10-04, post-monsoon 2025",False
58,IND_13.0_78.0|2025-10-10|2,POSITIVE,holdout,2025-10-10,2,2025,post-monsoon,N:2025-10-10,2025-10-10T06:00:00+00:00,f003,gfs.0p25.2025101006.f003.grib2,https://data.gdex.ucar.edu/d084001/2025/20251010/gfs.0p25.2025101006.f003.grib2,2025,D:\SIH-Historical-GFS\raw,"episode-aware, year/season-stratified selection for Phase 0.4.24 300-event-group TS target; episode N:2025-10-10, post-monsoon 2025",False
58,IND_13.0_78.0|2025-10-10|2,POSITIVE,holdout,2025-10-10,2,2025,post-monsoon,N:2025-10-10,2025-10-10T06:00:00+00:00,f006,gfs.0p25.2025101006.f006.grib2,https://data.gdex.ucar.edu/d084001/2025/20251010/gfs.0p25.2025101006.f006.grib2,2025,D:\SIH-Historical-GFS\raw,"episode-aware, year/season-stratified selection for Phase 0.4.24 300-event-group TS target; episode N:2025-10-10, post-monsoon 2025",False
59,IND_13.0_78.0|2025-10-11|2,POSITIVE,holdout,2025-10-11,2,2025,post-monsoon,N:2025-10-11,2025-10-11T06:00:00+00:00,f003,gfs.0p25.2025101106.f003.grib2,https://data.gdex.ucar.edu/d084001/2025/20251011/gfs.0p25.2025101106.f003.grib2,2025,D:\SIH-Historical-GFS\raw,"episode-aware, year/season-stratified selection for Phase 0.4.24 300-event-group TS target; episode N:2025-10-11, post-monsoon 2025",False
59,IND_13.0_78.0|2025-10-11|2,POSITIVE,holdout,2025-10-11,2,2025,post-monsoon,N:2025-10-11,2025-10-11T06:00:00+00:00,f006,gfs.0p25.2025101106.f006.grib2,https://data.gdex.ucar.edu/d084001/2025/20251011/gfs.0p25.2025101106.f006.grib2,2025,D:\SIH-Historical-GFS\raw,"episode-aware, year/season-stratified selection for Phase 0.4.24 300-event-group TS target; episode N:2025-10-11, post-monsoon 2025",False
60,IND_13.0_78.0|2025-10-17|2,POSITIVE,holdout,2025-10-17,2,2025,post-monsoon,N:2025-10-17,2025-10-17T06:00:00+00:00,f003,gfs.0p25.2025101706.f003.grib2,https://data.gdex.ucar.edu/d084001/2025/20251017/gfs.0p25.2025101706.f003.grib2,2025,D:\SIH-Historical-GFS\raw,"episode-aware, year/season-stratified selection for Phase 0.4.24 300-event-group TS target; episode N:2025-10-17, post-monsoon 2025",False
60,IND_13.0_78.0|2025-10-17|2,POSITIVE,holdout,2025-10-17,2,2025,post-monsoon,N:2025-10-17,2025-10-17T06:00:00+00:00,f006,gfs.0p25.2025101706.f006.grib2,https://data.gdex.ucar.edu/d084001/2025/20251017/gfs.0p25.2025101706.f006.grib2,2025,D:\SIH-Historical-GFS\raw,"episode-aware, year/season-stratified selection for Phase 0.4.24 300-event-group TS target; episode N:2025-10-17, post-monsoon 2025",False
61,IND_13.0_78.0|2015-01-03|1,NEGATIVE_CONFIRMED,train,2015-01-03,1,2015,winter,N:2015-01-03,2015-01-03T00:00:00+00:00,f003,gfs.0p25.2015010300.f003.grib2,https://data.gdex.ucar.edu/d084001/2015/20150103/gfs.0p25.2015010300.f003.grib2,2015,D:\SIH-Historical-GFS\raw,"episode-aware, year/season-stratified selection for Phase 0.4.24 300-event-group TS target; episode N:2015-01-03, winter 2015",False
61,IND_13.0_78.0|2015-01-03|1,NEGATIVE_CONFIRMED,train,2015-01-03,1,2015,winter,N:2015-01-03,2015-01-03T00:00:00+00:00,f006,gfs.0p25.2015010300.f006.grib2,https://data.gdex.ucar.edu/d084001/2015/20150103/gfs.0p25.2015010300.f006.grib2,2015,D:\SIH-Historical-GFS\raw,"episode-aware, year/season-stratified selection for Phase 0.4.24 300-event-group TS target; episode N:2015-01-03, winter 2015",False
62,IND_13.0_78.0|2015-01-31|0,NEGATIVE_CONFIRMED,train,2015-01-31,0,2015,winter,N:2015-01-31,2015-01-30T18:00:00+00:00,f003,gfs.0p25.2015013018.f003.grib2,https://data.gdex.ucar.edu/d084001/2015/20150130/gfs.0p25.2015013018.f003.grib2,2015,D:\SIH-Historical-GFS\raw,"episode-aware, year/season-stratified selection for Phase 0.4.24 300-event-group TS target; episode N:2015-01-31, winter 2015",False
62,IND_13.0_78.0|2015-01-31|0,NEGATIVE_CONFIRMED,train,2015-01-31,0,2015,winter,N:2015-01-31,2015-01-30T18:00:00+00:00,f006,gfs.0p25.2015013018.f006.grib2,https://data.gdex.ucar.edu/d084001/2015/20150130/gfs.0p25.2015013018.f006.grib2,2015,D:\SIH-Historical-GFS\raw,"episode-aware, year/season-stratified selection for Phase 0.4.24 300-event-group TS target; episode N:2015-01-31, winter 2015",False
63,IND_13.0_78.0|2015-02-02|2,NEGATIVE_CONFIRMED,train,2015-02-02,2,2015,winter,N:2015-02-02,2015-02-02T06:00:00+00:00,f003,gfs.0p25.2015020206.f003.grib2,https://data.gdex.ucar.edu/d084001/2015/20150202/gfs.0p25.2015020206.f003.grib2,2015,D:\SIH-Historical-GFS\raw,"episode-aware, year/season-stratified selection for Phase 0.4.24 300-event-group TS target; episode N:2015-02-02, winter 2015",False
63,IND_13.0_78.0|2015-02-02|2,NEGATIVE_CONFIRMED,train,2015-02-02,2,2015,winter,N:2015-02-02,2015-02-02T06:00:00+00:00,f006,gfs.0p25.2015020206.f006.grib2,https://data.gdex.ucar.edu/d084001/2015/20150202/gfs.0p25.2015020206.f006.grib2,2015,D:\SIH-Historical-GFS\raw,"episode-aware, year/season-stratified selection for Phase 0.4.24 300-event-group TS target; episode N:2015-02-02, winter 2015",False
64,IND_13.0_78.0|2015-03-24|2,NEGATIVE_CONFIRMED,train,2015-03-24,2,2015,pre-monsoon,N:2015-03-24,2015-03-24T06:00:00+00:00,f003,gfs.0p25.2015032406.f003.grib2,https://data.gdex.ucar.edu/d084001/2015/20150324/gfs.0p25.2015032406.f003.grib2,2015,D:\SIH-Historical-GFS\raw,"episode-aware, year/season-stratified selection for Phase 0.4.24 300-event-group TS target; episode N:2015-03-24, pre-monsoon 2015",False
64,IND_13.0_78.0|2015-03-24|2,NEGATIVE_CONFIRMED,train,2015-03-24,2,2015,pre-monsoon,N:2015-03-24,2015-03-24T06:00:00+00:00,f006,gfs.0p25.2015032406.f006.grib2,https://data.gdex.ucar.edu/d084001/2015/20150324/gfs.0p25.2015032406.f006.grib2,2015,D:\SIH-Historical-GFS\raw,"episode-aware, year/season-stratified selection for Phase 0.4.24 300-event-group TS target; episode N:2015-03-24, pre-monsoon 2015",False
65,IND_13.0_78.0|2015-03-26|1,NEGATIVE_CONFIRMED,train,2015-03-26,1,2015,pre-monsoon,N:2015-03-26,2015-03-26T00:00:00+00:00,f003,gfs.0p25.2015032600.f003.grib2,https://data.gdex.ucar.edu/d084001/2015/20150326/gfs.0p25.2015032600.f003.grib2,2015,D:\SIH-Historical-GFS\raw,"episode-aware, year/season-stratified selection for Phase 0.4.24 300-event-group TS target; episode N:2015-03-26, pre-monsoon 2015",False
65,IND_13.0_78.0|2015-03-26|1,NEGATIVE_CONFIRMED,train,2015-03-26,1,2015,pre-monsoon,N:2015-03-26,2015-03-26T00:00:00+00:00,f006,gfs.0p25.2015032600.f006.grib2,https://data.gdex.ucar.edu/d084001/2015/20150326/gfs.0p25.2015032600.f006.grib2,2015,D:\SIH-Historical-GFS\raw,"episode-aware, year/season-stratified selection for Phase 0.4.24 300-event-group TS target; episode N:2015-03-26, pre-monsoon 2015",False
66,IND_13.0_78.0|2015-03-30|3,NEGATIVE_CONFIRMED,train,2015-03-30,3,2015,pre-monsoon,N:2015-03-30,2015-03-30T12:00:00+00:00,f003,gfs.0p25.2015033012.f003.grib2,https://data.gdex.ucar.edu/d084001/2015/20150330/gfs.0p25.2015033012.f003.grib2,2015,D:\SIH-Historical-GFS\raw,"episode-aware, year/season-stratified selection for Phase 0.4.24 300-event-group TS target; episode N:2015-03-30, pre-monsoon 2015",False
66,IND_13.0_78.0|2015-03-30|3,NEGATIVE_CONFIRMED,train,2015-03-30,3,2015,pre-monsoon,N:2015-03-30,2015-03-30T12:00:00+00:00,f006,gfs.0p25.2015033012.f006.grib2,https://data.gdex.ucar.edu/d084001/2015/20150330/gfs.0p25.2015033012.f006.grib2,2015,D:\SIH-Historical-GFS\raw,"episode-aware, year/season-stratified selection for Phase 0.4.24 300-event-group TS target; episode N:2015-03-30, pre-monsoon 2015",False
67,IND_13.0_78.0|2015-06-01|1,NEGATIVE_CONFIRMED,train,2015-06-01,1,2015,monsoon,N:2015-06-01,2015-06-01T00:00:00+00:00,f003,gfs.0p25.2015060100.f003.grib2,https://data.gdex.ucar.edu/d084001/2015/20150601/gfs.0p25.2015060100.f003.grib2,2015,D:\SIH-Historical-GFS\raw,"episode-aware, year/season-stratified selection for Phase 0.4.24 300-event-group TS target; episode N:2015-06-01, monsoon 2015",False
67,IND_13.0_78.0|2015-06-01|1,NEGATIVE_CONFIRMED,train,2015-06-01,1,2015,monsoon,N:2015-06-01,2015-06-01T00:00:00+00:00,f006,gfs.0p25.2015060100.f006.grib2,https://data.gdex.ucar.edu/d084001/2015/20150601/gfs.0p25.2015060100.f006.grib2,2015,D:\SIH-Historical-GFS\raw,"episode-aware, year/season-stratified selection for Phase 0.4.24 300-event-group TS target; episode N:2015-06-01, monsoon 2015",False
68,IND_13.0_78.0|2015-06-03|2,NEGATIVE_CONFIRMED,train,2015-06-03,2,2015,monsoon,N:2015-06-03,2015-06-03T06:00:00+00:00,f003,gfs.0p25.2015060306.f003.grib2,https://data.gdex.ucar.edu/d084001/2015/20150603/gfs.0p25.2015060306.f003.grib2,2015,D:\SIH-Historical-GFS\raw,"episode-aware, year/season-stratified selection for Phase 0.4.24 300-event-group TS target; episode N:2015-06-03, monsoon 2015",False
68,IND_13.0_78.0|2015-06-03|2,NEGATIVE_CONFIRMED,train,2015-06-03,2,2015,monsoon,N:2015-06-03,2015-06-03T06:00:00+00:00,f006,gfs.0p25.2015060306.f006.grib2,https://data.gdex.ucar.edu/d084001/2015/20150603/gfs.0p25.2015060306.f006.grib2,2015,D:\SIH-Historical-GFS\raw,"episode-aware, year/season-stratified selection for Phase 0.4.24 300-event-group TS target; episode N:2015-06-03, monsoon 2015",False
69,IND_13.0_78.0|2015-06-27|3,NEGATIVE_CONFIRMED,train,2015-06-27,3,2015,monsoon,N:2015-06-27,2015-06-27T12:00:00+00:00,f003,gfs.0p25.2015062712.f003.grib2,https://data.gdex.ucar.edu/d084001/2015/20150627/gfs.0p25.2015062712.f003.grib2,2015,D:\SIH-Historical-GFS\raw,"episode-aware, year/season-stratified selection for Phase 0.4.24 300-event-group TS target; episode N:2015-06-27, monsoon 2015",False
69,IND_13.0_78.0|2015-06-27|3,NEGATIVE_CONFIRMED,train,2015-06-27,3,2015,monsoon,N:2015-06-27,2015-06-27T12:00:00+00:00,f006,gfs.0p25.2015062712.f006.grib2,https://data.gdex.ucar.edu/d084001/2015/20150627/gfs.0p25.2015062712.f006.grib2,2015,D:\SIH-Historical-GFS\raw,"episode-aware, year/season-stratified selection for Phase 0.4.24 300-event-group TS target; episode N:2015-06-27, monsoon 2015",False
70,IND_13.0_78.0|2015-07-01|1,NEGATIVE_CONFIRMED,train,2015-07-01,1,2015,monsoon,N:2015-07-01,2015-07-01T00:00:00+00:00,f003,gfs.0p25.2015070100.f003.grib2,https://data.gdex.ucar.edu/d084001/2015/20150701/gfs.0p25.2015070100.f003.grib2,2015,D:\SIH-Historical-GFS\raw,"episode-aware, year/season-stratified selection for Phase 0.4.24 300-event-group TS target; episode N:2015-07-01, monsoon 2015",False
70,IND_13.0_78.0|2015-07-01|1,NEGATIVE_CONFIRMED,train,2015-07-01,1,2015,monsoon,N:2015-07-01,2015-07-01T00:00:00+00:00,f006,gfs.0p25.2015070100.f006.grib2,https://data.gdex.ucar.edu/d084001/2015/20150701/gfs.0p25.2015070100.f006.grib2,2015,D:\SIH-Historical-GFS\raw,"episode-aware, year/season-stratified selection for Phase 0.4.24 300-event-group TS target; episode N:2015-07-01, monsoon 2015",False
71,IND_13.0_78.0|2015-10-01|3,NEGATIVE_CONFIRMED,train,2015-10-01,3,2015,post-monsoon,N:2015-10-01,2015-10-01T12:00:00+00:00,f003,gfs.0p25.2015100112.f003.grib2,https://data.gdex.ucar.edu/d084001/2015/20151001/gfs.0p25.2015100112.f003.grib2,2015,D:\SIH-Historical-GFS\raw,"episode-aware, year/season-stratified selection for Phase 0.4.24 300-event-group TS target; episode N:2015-10-01, post-monsoon 2015",False
71,IND_13.0_78.0|2015-10-01|3,NEGATIVE_CONFIRMED,train,2015-10-01,3,2015,post-monsoon,N:2015-10-01,2015-10-01T12:00:00+00:00,f006,gfs.0p25.2015100112.f006.grib2,https://data.gdex.ucar.edu/d084001/2015/20151001/gfs.0p25.2015100112.f006.grib2,2015,D:\SIH-Historical-GFS\raw,"episode-aware, year/season-stratified selection for Phase 0.4.24 300-event-group TS target; episode N:2015-10-01, post-monsoon 2015",False
72,IND_13.0_78.0|2015-10-03|0,NEGATIVE_CONFIRMED,train,2015-10-03,0,2015,post-monsoon,N:2015-10-03,2015-10-02T18:00:00+00:00,f003,gfs.0p25.2015100218.f003.grib2,https://data.gdex.ucar.edu/d084001/2015/20151002/gfs.0p25.2015100218.f003.grib2,2015,D:\SIH-Historical-GFS\raw,"episode-aware, year/season-stratified selection for Phase 0.4.24 300-event-group TS target; episode N:2015-10-03, post-monsoon 2015",False
72,IND_13.0_78.0|2015-10-03|0,NEGATIVE_CONFIRMED,train,2015-10-03,0,2015,post-monsoon,N:2015-10-03,2015-10-02T18:00:00+00:00,f006,gfs.0p25.2015100218.f006.grib2,https://data.gdex.ucar.edu/d084001/2015/20151002/gfs.0p25.2015100218.f006.grib2,2015,D:\SIH-Historical-GFS\raw,"episode-aware, year/season-stratified selection for Phase 0.4.24 300-event-group TS target; episode N:2015-10-03, post-monsoon 2015",False
73,IND_13.0_78.0|2015-10-25|2,NEGATIVE_CONFIRMED,train,2015-10-25,2,2015,post-monsoon,N:2015-10-25,2015-10-25T06:00:00+00:00,f003,gfs.0p25.2015102506.f003.grib2,https://data.gdex.ucar.edu/d084001/2015/20151025/gfs.0p25.2015102506.f003.grib2,2015,D:\SIH-Historical-GFS\raw,"episode-aware, year/season-stratified selection for Phase 0.4.24 300-event-group TS target; episode N:2015-10-25, post-monsoon 2015",False
73,IND_13.0_78.0|2015-10-25|2,NEGATIVE_CONFIRMED,train,2015-10-25,2,2015,post-monsoon,N:2015-10-25,2015-10-25T06:00:00+00:00,f006,gfs.0p25.2015102506.f006.grib2,https://data.gdex.ucar.edu/d084001/2015/20151025/gfs.0p25.2015102506.f006.grib2,2015,D:\SIH-Historical-GFS\raw,"episode-aware, year/season-stratified selection for Phase 0.4.24 300-event-group TS target; episode N:2015-10-25, post-monsoon 2015",False
74,IND_13.0_78.0|2015-11-01|0,NEGATIVE_CONFIRMED,train,2015-11-01,0,2015,post-monsoon,N:2015-11-01,2015-10-31T18:00:00+00:00,f003,gfs.0p25.2015103118.f003.grib2,https://data.gdex.ucar.edu/d084001/2015/20151031/gfs.0p25.2015103118.f003.grib2,2015,D:\SIH-Historical-GFS\raw,"episode-aware, year/season-stratified selection for Phase 0.4.24 300-event-group TS target; episode N:2015-11-01, post-monsoon 2015",False
74,IND_13.0_78.0|2015-11-01|0,NEGATIVE_CONFIRMED,train,2015-11-01,0,2015,post-monsoon,N:2015-11-01,2015-10-31T18:00:00+00:00,f006,gfs.0p25.2015103118.f006.grib2,https://data.gdex.ucar.edu/d084001/2015/20151031/gfs.0p25.2015103118.f006.grib2,2015,D:\SIH-Historical-GFS\raw,"episode-aware, year/season-stratified selection for Phase 0.4.24 300-event-group TS target; episode N:2015-11-01, post-monsoon 2015",False
75,IND_13.0_78.0|2016-01-01|2,NEGATIVE_CONFIRMED,train,2016-01-01,2,2016,winter,N:2016-01-01,2016-01-01T06:00:00+00:00,f003,gfs.0p25.2016010106.f003.grib2,https://data.gdex.ucar.edu/d084001/2016/20160101/gfs.0p25.2016010106.f003.grib2,2016,D:\SIH-Historical-GFS\raw,"episode-aware, year/season-stratified selection for Phase 0.4.24 300-event-group TS target; episode N:2016-01-01, winter 2016",False
75,IND_13.0_78.0|2016-01-01|2,NEGATIVE_CONFIRMED,train,2016-01-01,2,2016,winter,N:2016-01-01,2016-01-01T06:00:00+00:00,f006,gfs.0p25.2016010106.f006.grib2,https://data.gdex.ucar.edu/d084001/2016/20160101/gfs.0p25.2016010106.f006.grib2,2016,D:\SIH-Historical-GFS\raw,"episode-aware, year/season-stratified selection for Phase 0.4.24 300-event-group TS target; episode N:2016-01-01, winter 2016",False
76,IND_13.0_78.0|2016-01-29|3,NEGATIVE_CONFIRMED,train,2016-01-29,3,2016,winter,N:2016-01-29,2016-01-29T12:00:00+00:00,f003,gfs.0p25.2016012912.f003.grib2,https://data.gdex.ucar.edu/d084001/2016/20160129/gfs.0p25.2016012912.f003.grib2,2016,D:\SIH-Historical-GFS\raw,"episode-aware, year/season-stratified selection for Phase 0.4.24 300-event-group TS target; episode N:2016-01-29, winter 2016",False
76,IND_13.0_78.0|2016-01-29|3,NEGATIVE_CONFIRMED,train,2016-01-29,3,2016,winter,N:2016-01-29,2016-01-29T12:00:00+00:00,f006,gfs.0p25.2016012912.f006.grib2,https://data.gdex.ucar.edu/d084001/2016/20160129/gfs.0p25.2016012912.f006.grib2,2016,D:\SIH-Historical-GFS\raw,"episode-aware, year/season-stratified selection for Phase 0.4.24 300-event-group TS target; episode N:2016-01-29, winter 2016",False
77,IND_13.0_78.0|2016-02-01|0,NEGATIVE_CONFIRMED,train,2016-02-01,0,2016,winter,N:2016-02-01,2016-01-31T18:00:00+00:00,f003,gfs.0p25.2016013118.f003.grib2,https://data.gdex.ucar.edu/d084001/2016/20160131/gfs.0p25.2016013118.f003.grib2,2016,D:\SIH-Historical-GFS\raw,"episode-aware, year/season-stratified selection for Phase 0.4.24 300-event-group TS target; episode N:2016-02-01, winter 2016",False
77,IND_13.0_78.0|2016-02-01|0,NEGATIVE_CONFIRMED,train,2016-02-01,0,2016,winter,N:2016-02-01,2016-01-31T18:00:00+00:00,f006,gfs.0p25.2016013118.f006.grib2,https://data.gdex.ucar.edu/d084001/2016/20160131/gfs.0p25.2016013118.f006.grib2,2016,D:\SIH-Historical-GFS\raw,"episode-aware, year/season-stratified selection for Phase 0.4.24 300-event-group TS target; episode N:2016-02-01, winter 2016",False
78,IND_13.0_78.0|2016-03-25|2,NEGATIVE_CONFIRMED,train,2016-03-25,2,2016,pre-monsoon,N:2016-03-25,2016-03-25T06:00:00+00:00,f003,gfs.0p25.2016032506.f003.grib2,https://data.gdex.ucar.edu/d084001/2016/20160325/gfs.0p25.2016032506.f003.grib2,2016,D:\SIH-Historical-GFS\raw,"episode-aware, year/season-stratified selection for Phase 0.4.24 300-event-group TS target; episode N:2016-03-25, pre-monsoon 2016",False
78,IND_13.0_78.0|2016-03-25|2,NEGATIVE_CONFIRMED,train,2016-03-25,2,2016,pre-monsoon,N:2016-03-25,2016-03-25T06:00:00+00:00,f006,gfs.0p25.2016032506.f006.grib2,https://data.gdex.ucar.edu/d084001/2016/20160325/gfs.0p25.2016032506.f006.grib2,2016,D:\SIH-Historical-GFS\raw,"episode-aware, year/season-stratified selection for Phase 0.4.24 300-event-group TS target; episode N:2016-03-25, pre-monsoon 2016",False
79,IND_13.0_78.0|2016-03-30|3,NEGATIVE_CONFIRMED,train,2016-03-30,3,2016,pre-monsoon,N:2016-03-30,2016-03-30T12:00:00+00:00,f003,gfs.0p25.2016033012.f003.grib2,https://data.gdex.ucar.edu/d084001/2016/20160330/gfs.0p25.2016033012.f003.grib2,2016,D:\SIH-Historical-GFS\raw,"episode-aware, year/season-stratified selection for Phase 0.4.24 300-event-group TS target; episode N:2016-03-30, pre-monsoon 2016",False
79,IND_13.0_78.0|2016-03-30|3,NEGATIVE_CONFIRMED,train,2016-03-30,3,2016,pre-monsoon,N:2016-03-30,2016-03-30T12:00:00+00:00,f006,gfs.0p25.2016033012.f006.grib2,https://data.gdex.ucar.edu/d084001/2016/20160330/gfs.0p25.2016033012.f006.grib2,2016,D:\SIH-Historical-GFS\raw,"episode-aware, year/season-stratified selection for Phase 0.4.24 300-event-group TS target; episode N:2016-03-30, pre-monsoon 2016",False
80,IND_13.0_78.0|2016-06-03|1,NEGATIVE_CONFIRMED,train,2016-06-03,1,2016,monsoon,N:2016-06-03,2016-06-03T00:00:00+00:00,f003,gfs.0p25.2016060300.f003.grib2,https://data.gdex.ucar.edu/d084001/2016/20160603/gfs.0p25.2016060300.f003.grib2,2016,D:\SIH-Historical-GFS\raw,"episode-aware, year/season-stratified selection for Phase 0.4.24 300-event-group TS target; episode N:2016-06-03, monsoon 2016",False
80,IND_13.0_78.0|2016-06-03|1,NEGATIVE_CONFIRMED,train,2016-06-03,1,2016,monsoon,N:2016-06-03,2016-06-03T00:00:00+00:00,f006,gfs.0p25.2016060300.f006.grib2,https://data.gdex.ucar.edu/d084001/2016/20160603/gfs.0p25.2016060300.f006.grib2,2016,D:\SIH-Historical-GFS\raw,"episode-aware, year/season-stratified selection for Phase 0.4.24 300-event-group TS target; episode N:2016-06-03, monsoon 2016",False
81,IND_13.0_78.0|2016-06-29|1,NEGATIVE_CONFIRMED,train,2016-06-29,1,2016,monsoon,N:2016-06-29,2016-06-29T00:00:00+00:00,f003,gfs.0p25.2016062900.f003.grib2,https://data.gdex.ucar.edu/d084001/2016/20160629/gfs.0p25.2016062900.f003.grib2,2016,D:\SIH-Historical-GFS\raw,"episode-aware, year/season-stratified selection for Phase 0.4.24 300-event-group TS target; episode N:2016-06-29, monsoon 2016",False
81,IND_13.0_78.0|2016-06-29|1,NEGATIVE_CONFIRMED,train,2016-06-29,1,2016,monsoon,N:2016-06-29,2016-06-29T00:00:00+00:00,f006,gfs.0p25.2016062900.f006.grib2,https://data.gdex.ucar.edu/d084001/2016/20160629/gfs.0p25.2016062900.f006.grib2,2016,D:\SIH-Historical-GFS\raw,"episode-aware, year/season-stratified selection for Phase 0.4.24 300-event-group TS target; episode N:2016-06-29, monsoon 2016",False
82,IND_13.0_78.0|2016-07-01|2,NEGATIVE_CONFIRMED,train,2016-07-01,2,2016,monsoon,N:2016-07-01,2016-07-01T06:00:00+00:00,f003,gfs.0p25.2016070106.f003.grib2,https://data.gdex.ucar.edu/d084001/2016/20160701/gfs.0p25.2016070106.f003.grib2,2016,D:\SIH-Historical-GFS\raw,"episode-aware, year/season-stratified selection for Phase 0.4.24 300-event-group TS target; episode N:2016-07-01, monsoon 2016",False
82,IND_13.0_78.0|2016-07-01|2,NEGATIVE_CONFIRMED,train,2016-07-01,2,2016,monsoon,N:2016-07-01,2016-07-01T06:00:00+00:00,f006,gfs.0p25.2016070106.f006.grib2,https://data.gdex.ucar.edu/d084001/2016/20160701/gfs.0p25.2016070106.f006.grib2,2016,D:\SIH-Historical-GFS\raw,"episode-aware, year/season-stratified selection for Phase 0.4.24 300-event-group TS target; episode N:2016-07-01, monsoon 2016",False
83,IND_13.0_78.0|2016-07-04|0,NEGATIVE_CONFIRMED,train,2016-07-04,0,2016,monsoon,N:2016-07-04,2016-07-03T18:00:00+00:00,f003,gfs.0p25.2016070318.f003.grib2,https://data.gdex.ucar.edu/d084001/2016/20160703/gfs.0p25.2016070318.f003.grib2,2016,D:\SIH-Historical-GFS\raw,"episode-aware, year/season-stratified selection for Phase 0.4.24 300-event-group TS target; episode N:2016-07-04, monsoon 2016",False
83,IND_13.0_78.0|2016-07-04|0,NEGATIVE_CONFIRMED,train,2016-07-04,0,2016,monsoon,N:2016-07-04,2016-07-03T18:00:00+00:00,f006,gfs.0p25.2016070318.f006.grib2,https://data.gdex.ucar.edu/d084001/2016/20160703/gfs.0p25.2016070318.f006.grib2,2016,D:\SIH-Historical-GFS\raw,"episode-aware, year/season-stratified selection for Phase 0.4.24 300-event-group TS target; episode N:2016-07-04, monsoon 2016",False
84,IND_13.0_78.0|2016-07-06|2,NEGATIVE_CONFIRMED,train,2016-07-06,2,2016,monsoon,N:2016-07-06,2016-07-06T06:00:00+00:00,f003,gfs.0p25.2016070606.f003.grib2,https://data.gdex.ucar.edu/d084001/2016/20160706/gfs.0p25.2016070606.f003.grib2,2016,D:\SIH-Historical-GFS\raw,"episode-aware, year/season-stratified selection for Phase 0.4.24 300-event-group TS target; episode N:2016-07-06, monsoon 2016",False
84,IND_13.0_78.0|2016-07-06|2,NEGATIVE_CONFIRMED,train,2016-07-06,2,2016,monsoon,N:2016-07-06,2016-07-06T06:00:00+00:00,f006,gfs.0p25.2016070606.f006.grib2,https://data.gdex.ucar.edu/d084001/2016/20160706/gfs.0p25.2016070606.f006.grib2,2016,D:\SIH-Historical-GFS\raw,"episode-aware, year/season-stratified selection for Phase 0.4.24 300-event-group TS target; episode N:2016-07-06, monsoon 2016",False
85,IND_13.0_78.0|2016-10-01|3,NEGATIVE_CONFIRMED,train,2016-10-01,3,2016,post-monsoon,N:2016-10-01,2016-10-01T12:00:00+00:00,f003,gfs.0p25.2016100112.f003.grib2,https://data.gdex.ucar.edu/d084001/2016/20161001/gfs.0p25.2016100112.f003.grib2,2016,D:\SIH-Historical-GFS\raw,"episode-aware, year/season-stratified selection for Phase 0.4.24 300-event-group TS target; episode N:2016-10-01, post-monsoon 2016",False
85,IND_13.0_78.0|2016-10-01|3,NEGATIVE_CONFIRMED,train,2016-10-01,3,2016,post-monsoon,N:2016-10-01,2016-10-01T12:00:00+00:00,f006,gfs.0p25.2016100112.f006.grib2,https://data.gdex.ucar.edu/d084001/2016/20161001/gfs.0p25.2016100112.f006.grib2,2016,D:\SIH-Historical-GFS\raw,"episode-aware, year/season-stratified selection for Phase 0.4.24 300-event-group TS target; episode N:2016-10-01, post-monsoon 2016",False
86,IND_13.0_78.0|2016-10-26|1,NEGATIVE_CONFIRMED,train,2016-10-26,1,2016,post-monsoon,N:2016-10-26,2016-10-26T00:00:00+00:00,f003,gfs.0p25.2016102600.f003.grib2,https://data.gdex.ucar.edu/d084001/2016/20161026/gfs.0p25.2016102600.f003.grib2,2016,D:\SIH-Historical-GFS\raw,"episode-aware, year/season-stratified selection for Phase 0.4.24 300-event-group TS target; episode N:2016-10-26, post-monsoon 2016",False
86,IND_13.0_78.0|2016-10-26|1,NEGATIVE_CONFIRMED,train,2016-10-26,1,2016,post-monsoon,N:2016-10-26,2016-10-26T00:00:00+00:00,f006,gfs.0p25.2016102600.f006.grib2,https://data.gdex.ucar.edu/d084001/2016/20161026/gfs.0p25.2016102600.f006.grib2,2016,D:\SIH-Historical-GFS\raw,"episode-aware, year/season-stratified selection for Phase 0.4.24 300-event-group TS target; episode N:2016-10-26, post-monsoon 2016",False
87,IND_13.0_78.0|2016-10-29|0,NEGATIVE_CONFIRMED,train,2016-10-29,0,2016,post-monsoon,N:2016-10-29,2016-10-28T18:00:00+00:00,f003,gfs.0p25.2016102818.f003.grib2,https://data.gdex.ucar.edu/d084001/2016/20161028/gfs.0p25.2016102818.f003.grib2,2016,D:\SIH-Historical-GFS\raw,"episode-aware, year/season-stratified selection for Phase 0.4.24 300-event-group TS target; episode N:2016-10-29, post-monsoon 2016",False
87,IND_13.0_78.0|2016-10-29|0,NEGATIVE_CONFIRMED,train,2016-10-29,0,2016,post-monsoon,N:2016-10-29,2016-10-28T18:00:00+00:00,f006,gfs.0p25.2016102818.f006.grib2,https://data.gdex.ucar.edu/d084001/2016/20161028/gfs.0p25.2016102818.f006.grib2,2016,D:\SIH-Historical-GFS\raw,"episode-aware, year/season-stratified selection for Phase 0.4.24 300-event-group TS target; episode N:2016-10-29, post-monsoon 2016",False
88,IND_13.0_78.0|2016-10-31|1,NEGATIVE_CONFIRMED,train,2016-10-31,1,2016,post-monsoon,N:2016-10-31,2016-10-31T00:00:00+00:00,f003,gfs.0p25.2016103100.f003.grib2,https://data.gdex.ucar.edu/d084001/2016/20161031/gfs.0p25.2016103100.f003.grib2,2016,D:\SIH-Historical-GFS\raw,"episode-aware, year/season-stratified selection for Phase 0.4.24 300-event-group TS target; episode N:2016-10-31, post-monsoon 2016",False
88,IND_13.0_78.0|2016-10-31|1,NEGATIVE_CONFIRMED,train,2016-10-31,1,2016,post-monsoon,N:2016-10-31,2016-10-31T00:00:00+00:00,f006,gfs.0p25.2016103100.f006.grib2,https://data.gdex.ucar.edu/d084001/2016/20161031/gfs.0p25.2016103100.f006.grib2,2016,D:\SIH-Historical-GFS\raw,"episode-aware, year/season-stratified selection for Phase 0.4.24 300-event-group TS target; episode N:2016-10-31, post-monsoon 2016",False
89,IND_13.0_78.0|2017-01-29|3,NEGATIVE_CONFIRMED,train,2017-01-29,3,2017,winter,N:2017-01-29,2017-01-29T12:00:00+00:00,f003,gfs.0p25.2017012912.f003.grib2,https://data.gdex.ucar.edu/d084001/2017/20170129/gfs.0p25.2017012912.f003.grib2,2017,D:\SIH-Historical-GFS\raw,"episode-aware, year/season-stratified selection for Phase 0.4.24 300-event-group TS target; episode N:2017-01-29, winter 2017",False
89,IND_13.0_78.0|2017-01-29|3,NEGATIVE_CONFIRMED,train,2017-01-29,3,2017,winter,N:2017-01-29,2017-01-29T12:00:00+00:00,f006,gfs.0p25.2017012912.f006.grib2,https://data.gdex.ucar.edu/d084001/2017/20170129/gfs.0p25.2017012912.f006.grib2,2017,D:\SIH-Historical-GFS\raw,"episode-aware, year/season-stratified selection for Phase 0.4.24 300-event-group TS target; episode N:2017-01-29, winter 2017",False
90,IND_13.0_78.0|2017-01-31|2,NEGATIVE_CONFIRMED,train,2017-01-31,2,2017,winter,N:2017-01-31,2017-01-31T06:00:00+00:00,f003,gfs.0p25.2017013106.f003.grib2,https://data.gdex.ucar.edu/d084001/2017/20170131/gfs.0p25.2017013106.f003.grib2,2017,D:\SIH-Historical-GFS\raw,"episode-aware, year/season-stratified selection for Phase 0.4.24 300-event-group TS target; episode N:2017-01-31, winter 2017",False
90,IND_13.0_78.0|2017-01-31|2,NEGATIVE_CONFIRMED,train,2017-01-31,2,2017,winter,N:2017-01-31,2017-01-31T06:00:00+00:00,f006,gfs.0p25.2017013106.f006.grib2,https://data.gdex.ucar.edu/d084001/2017/20170131/gfs.0p25.2017013106.f006.grib2,2017,D:\SIH-Historical-GFS\raw,"episode-aware, year/season-stratified selection for Phase 0.4.24 300-event-group TS target; episode N:2017-01-31, winter 2017",False
91,IND_13.0_78.0|2017-03-01|2,NEGATIVE_CONFIRMED,train,2017-03-01,2,2017,pre-monsoon,N:2017-03-01,2017-03-01T06:00:00+00:00,f003,gfs.0p25.2017030106.f003.grib2,https://data.gdex.ucar.edu/d084001/2017/20170301/gfs.0p25.2017030106.f003.grib2,2017,D:\SIH-Historical-GFS\raw,"episode-aware, year/season-stratified selection for Phase 0.4.24 300-event-group TS target; episode N:2017-03-01, pre-monsoon 2017",False
91,IND_13.0_78.0|2017-03-01|2,NEGATIVE_CONFIRMED,train,2017-03-01,2,2017,pre-monsoon,N:2017-03-01,2017-03-01T06:00:00+00:00,f006,gfs.0p25.2017030106.f006.grib2,https://data.gdex.ucar.edu/d084001/2017/20170301/gfs.0p25.2017030106.f006.grib2,2017,D:\SIH-Historical-GFS\raw,"episode-aware, year/season-stratified selection for Phase 0.4.24 300-event-group TS target; episode N:2017-03-01, pre-monsoon 2017",False
92,IND_13.0_78.0|2017-03-03|1,NEGATIVE_CONFIRMED,train,2017-03-03,1,2017,pre-monsoon,N:2017-03-03,2017-03-03T00:00:00+00:00,f003,gfs.0p25.2017030300.f003.grib2,https://data.gdex.ucar.edu/d084001/2017/20170303/gfs.0p25.2017030300.f003.grib2,2017,D:\SIH-Historical-GFS\raw,"episode-aware, year/season-stratified selection for Phase 0.4.24 300-event-group TS target; episode N:2017-03-03, pre-monsoon 2017",False
92,IND_13.0_78.0|2017-03-03|1,NEGATIVE_CONFIRMED,train,2017-03-03,1,2017,pre-monsoon,N:2017-03-03,2017-03-03T00:00:00+00:00,f006,gfs.0p25.2017030300.f006.grib2,https://data.gdex.ucar.edu/d084001/2017/20170303/gfs.0p25.2017030300.f006.grib2,2017,D:\SIH-Historical-GFS\raw,"episode-aware, year/season-stratified selection for Phase 0.4.24 300-event-group TS target; episode N:2017-03-03, pre-monsoon 2017",False
93,IND_13.0_78.0|2017-03-27|0,NEGATIVE_CONFIRMED,train,2017-03-27,0,2017,pre-monsoon,N:2017-03-27,2017-03-26T18:00:00+00:00,f003,gfs.0p25.2017032618.f003.grib2,https://data.gdex.ucar.edu/d084001/2017/20170326/gfs.0p25.2017032618.f003.grib2,2017,D:\SIH-Historical-GFS\raw,"episode-aware, year/season-stratified selection for Phase 0.4.24 300-event-group TS target; episode N:2017-03-27, pre-monsoon 2017",False
93,IND_13.0_78.0|2017-03-27|0,NEGATIVE_CONFIRMED,train,2017-03-27,0,2017,pre-monsoon,N:2017-03-27,2017-03-26T18:00:00+00:00,f006,gfs.0p25.2017032618.f006.grib2,https://data.gdex.ucar.edu/d084001/2017/20170326/gfs.0p25.2017032618.f006.grib2,2017,D:\SIH-Historical-GFS\raw,"episode-aware, year/season-stratified selection for Phase 0.4.24 300-event-group TS target; episode N:2017-03-27, pre-monsoon 2017",False
94,IND_13.0_78.0|2017-03-29|1,NEGATIVE_CONFIRMED,train,2017-03-29,1,2017,pre-monsoon,N:2017-03-29,2017-03-29T00:00:00+00:00,f003,gfs.0p25.2017032900.f003.grib2,https://data.gdex.ucar.edu/d084001/2017/20170329/gfs.0p25.2017032900.f003.grib2,2017,D:\SIH-Historical-GFS\raw,"episode-aware, year/season-stratified selection for Phase 0.4.24 300-event-group TS target; episode N:2017-03-29, pre-monsoon 2017",False
94,IND_13.0_78.0|2017-03-29|1,NEGATIVE_CONFIRMED,train,2017-03-29,1,2017,pre-monsoon,N:2017-03-29,2017-03-29T00:00:00+00:00,f006,gfs.0p25.2017032900.f006.grib2,https://data.gdex.ucar.edu/d084001/2017/20170329/gfs.0p25.2017032900.f006.grib2,2017,D:\SIH-Historical-GFS\raw,"episode-aware, year/season-stratified selection for Phase 0.4.24 300-event-group TS target; episode N:2017-03-29, pre-monsoon 2017",False
95,IND_13.0_78.0|2017-04-03|2,NEGATIVE_CONFIRMED,train,2017-04-03,2,2017,pre-monsoon,N:2017-04-03,2017-04-03T06:00:00+00:00,f003,gfs.0p25.2017040306.f003.grib2,https://data.gdex.ucar.edu/d084001/2017/20170403/gfs.0p25.2017040306.f003.grib2,2017,D:\SIH-Historical-GFS\raw,"episode-aware, year/season-stratified selection for Phase 0.4.24 300-event-group TS target; episode N:2017-04-03, pre-monsoon 2017",False
95,IND_13.0_78.0|2017-04-03|2,NEGATIVE_CONFIRMED,train,2017-04-03,2,2017,pre-monsoon,N:2017-04-03,2017-04-03T06:00:00+00:00,f006,gfs.0p25.2017040306.f006.grib2,https://data.gdex.ucar.edu/d084001/2017/20170403/gfs.0p25.2017040306.f006.grib2,2017,D:\SIH-Historical-GFS\raw,"episode-aware, year/season-stratified selection for Phase 0.4.24 300-event-group TS target; episode N:2017-04-03, pre-monsoon 2017",False
96,IND_13.0_78.0|2017-06-03|1,NEGATIVE_CONFIRMED,train,2017-06-03,1,2017,monsoon,N:2017-06-03,2017-06-03T00:00:00+00:00,f003,gfs.0p25.2017060300.f003.grib2,https://data.gdex.ucar.edu/d084001/2017/20170603/gfs.0p25.2017060300.f003.grib2,2017,D:\SIH-Historical-GFS\raw,"episode-aware, year/season-stratified selection for Phase 0.4.24 300-event-group TS target; episode N:2017-06-03, monsoon 2017",False
96,IND_13.0_78.0|2017-06-03|1,NEGATIVE_CONFIRMED,train,2017-06-03,1,2017,monsoon,N:2017-06-03,2017-06-03T00:00:00+00:00,f006,gfs.0p25.2017060300.f006.grib2,https://data.gdex.ucar.edu/d084001/2017/20170603/gfs.0p25.2017060300.f006.grib2,2017,D:\SIH-Historical-GFS\raw,"episode-aware, year/season-stratified selection for Phase 0.4.24 300-event-group TS target; episode N:2017-06-03, monsoon 2017",False
97,IND_13.0_78.0|2017-06-25|1,NEGATIVE_CONFIRMED,train,2017-06-25,1,2017,monsoon,N:2017-06-25,2017-06-25T00:00:00+00:00,f003,gfs.0p25.2017062500.f003.grib2,https://data.gdex.ucar.edu/d084001/2017/20170625/gfs.0p25.2017062500.f003.grib2,2017,D:\SIH-Historical-GFS\raw,"episode-aware, year/season-stratified selection for Phase 0.4.24 300-event-group TS target; episode N:2017-06-25, monsoon 2017",False
97,IND_13.0_78.0|2017-06-25|1,NEGATIVE_CONFIRMED,train,2017-06-25,1,2017,monsoon,N:2017-06-25,2017-06-25T00:00:00+00:00,f006,gfs.0p25.2017062500.f006.grib2,https://data.gdex.ucar.edu/d084001/2017/20170625/gfs.0p25.2017062500.f006.grib2,2017,D:\SIH-Historical-GFS\raw,"episode-aware, year/season-stratified selection for Phase 0.4.24 300-event-group TS target; episode N:2017-06-25, monsoon 2017",False
98,IND_13.0_78.0|2017-06-28|2,NEGATIVE_CONFIRMED,train,2017-06-28,2,2017,monsoon,N:2017-06-28,2017-06-28T06:00:00+00:00,f003,gfs.0p25.2017062806.f003.grib2,https://data.gdex.ucar.edu/d084001/2017/20170628/gfs.0p25.2017062806.f003.grib2,2017,D:\SIH-Historical-GFS\raw,"episode-aware, year/season-stratified selection for Phase 0.4.24 300-event-group TS target; episode N:2017-06-28, monsoon 2017",False
98,IND_13.0_78.0|2017-06-28|2,NEGATIVE_CONFIRMED,train,2017-06-28,2,2017,monsoon,N:2017-06-28,2017-06-28T06:00:00+00:00,f006,gfs.0p25.2017062806.f006.grib2,https://data.gdex.ucar.edu/d084001/2017/20170628/gfs.0p25.2017062806.f006.grib2,2017,D:\SIH-Historical-GFS\raw,"episode-aware, year/season-stratified selection for Phase 0.4.24 300-event-group TS target; episode N:2017-06-28, monsoon 2017",False
99,IND_13.0_78.0|2017-06-30|0,NEGATIVE_CONFIRMED,train,2017-06-30,0,2017,monsoon,N:2017-06-30,2017-06-29T18:00:00+00:00,f003,gfs.0p25.2017062918.f003.grib2,https://data.gdex.ucar.edu/d084001/2017/20170629/gfs.0p25.2017062918.f003.grib2,2017,D:\SIH-Historical-GFS\raw,"episode-aware, year/season-stratified selection for Phase 0.4.24 300-event-group TS target; episode N:2017-06-30, monsoon 2017",False
99,IND_13.0_78.0|2017-06-30|0,NEGATIVE_CONFIRMED,train,2017-06-30,0,2017,monsoon,N:2017-06-30,2017-06-29T18:00:00+00:00,f006,gfs.0p25.2017062918.f006.grib2,https://data.gdex.ucar.edu/d084001/2017/20170629/gfs.0p25.2017062918.f006.grib2,2017,D:\SIH-Historical-GFS\raw,"episode-aware, year/season-stratified selection for Phase 0.4.24 300-event-group TS target; episode N:2017-06-30, monsoon 2017",False
100,IND_13.0_78.0|2017-10-28|3,NEGATIVE_CONFIRMED,train,2017-10-28,3,2017,post-monsoon,N:2017-10-28,2017-10-28T12:00:00+00:00,f003,gfs.0p25.2017102812.f003.grib2,https://data.gdex.ucar.edu/d084001/2017/20171028/gfs.0p25.2017102812.f003.grib2,2017,D:\SIH-Historical-GFS\raw,"episode-aware, year/season-stratified selection for Phase 0.4.24 300-event-group TS target; episode N:2017-10-28, post-monsoon 2017",False
100,IND_13.0_78.0|2017-10-28|3,NEGATIVE_CONFIRMED,train,2017-10-28,3,2017,post-monsoon,N:2017-10-28,2017-10-28T12:00:00+00:00,f006,gfs.0p25.2017102812.f006.grib2,https://data.gdex.ucar.edu/d084001/2017/20171028/gfs.0p25.2017102812.f006.grib2,2017,D:\SIH-Historical-GFS\raw,"episode-aware, year/season-stratified selection for Phase 0.4.24 300-event-group TS target; episode N:2017-10-28, post-monsoon 2017",False
101,IND_13.0_78.0|2017-10-31|3,NEGATIVE_CONFIRMED,train,2017-10-31,3,2017,post-monsoon,N:2017-10-31,2017-10-31T12:00:00+00:00,f003,gfs.0p25.2017103112.f003.grib2,https://data.gdex.ucar.edu/d084001/2017/20171031/gfs.0p25.2017103112.f003.grib2,2017,D:\SIH-Historical-GFS\raw,"episode-aware, year/season-stratified selection for Phase 0.4.24 300-event-group TS target; episode N:2017-10-31, post-monsoon 2017",False
101,IND_13.0_78.0|2017-10-31|3,NEGATIVE_CONFIRMED,train,2017-10-31,3,2017,post-monsoon,N:2017-10-31,2017-10-31T12:00:00+00:00,f006,gfs.0p25.2017103112.f006.grib2,https://data.gdex.ucar.edu/d084001/2017/20171031/gfs.0p25.2017103112.f006.grib2,2017,D:\SIH-Historical-GFS\raw,"episode-aware, year/season-stratified selection for Phase 0.4.24 300-event-group TS target; episode N:2017-10-31, post-monsoon 2017",False
102,IND_13.0_78.0|2017-11-03|0,NEGATIVE_CONFIRMED,train,2017-11-03,0,2017,post-monsoon,N:2017-11-03,2017-11-02T18:00:00+00:00,f003,gfs.0p25.2017110218.f003.grib2,https://data.gdex.ucar.edu/d084001/2017/20171102/gfs.0p25.2017110218.f003.grib2,2017,D:\SIH-Historical-GFS\raw,"episode-aware, year/season-stratified selection for Phase 0.4.24 300-event-group TS target; episode N:2017-11-03, post-monsoon 2017",False
102,IND_13.0_78.0|2017-11-03|0,NEGATIVE_CONFIRMED,train,2017-11-03,0,2017,post-monsoon,N:2017-11-03,2017-11-02T18:00:00+00:00,f006,gfs.0p25.2017110218.f006.grib2,https://data.gdex.ucar.edu/d084001/2017/20171102/gfs.0p25.2017110218.f006.grib2,2017,D:\SIH-Historical-GFS\raw,"episode-aware, year/season-stratified selection for Phase 0.4.24 300-event-group TS target; episode N:2017-11-03, post-monsoon 2017",False
103,IND_13.0_78.0|2018-01-03|3,NEGATIVE_CONFIRMED,train,2018-01-03,3,2018,winter,N:2018-01-03,2018-01-03T12:00:00+00:00,f003,gfs.0p25.2018010312.f003.grib2,https://data.gdex.ucar.edu/d084001/2018/20180103/gfs.0p25.2018010312.f003.grib2,2018,D:\SIH-Historical-GFS\raw,"episode-aware, year/season-stratified selection for Phase 0.4.24 300-event-group TS target; episode N:2018-01-03, winter 2018",False
103,IND_13.0_78.0|2018-01-03|3,NEGATIVE_CONFIRMED,train,2018-01-03,3,2018,winter,N:2018-01-03,2018-01-03T12:00:00+00:00,f006,gfs.0p25.2018010312.f006.grib2,https://data.gdex.ucar.edu/d084001/2018/20180103/gfs.0p25.2018010312.f006.grib2,2018,D:\SIH-Historical-GFS\raw,"episode-aware, year/season-stratified selection for Phase 0.4.24 300-event-group TS target; episode N:2018-01-03, winter 2018",False
104,IND_13.0_78.0|2018-01-25|1,NEGATIVE_CONFIRMED,train,2018-01-25,1,2018,winter,N:2018-01-25,2018-01-25T00:00:00+00:00,f003,gfs.0p25.2018012500.f003.grib2,https://data.gdex.ucar.edu/d084001/2018/20180125/gfs.0p25.2018012500.f003.grib2,2018,D:\SIH-Historical-GFS\raw,"episode-aware, year/season-stratified selection for Phase 0.4.24 300-event-group TS target; episode N:2018-01-25, winter 2018",False
104,IND_13.0_78.0|2018-01-25|1,NEGATIVE_CONFIRMED,train,2018-01-25,1,2018,winter,N:2018-01-25,2018-01-25T00:00:00+00:00,f006,gfs.0p25.2018012500.f006.grib2,https://data.gdex.ucar.edu/d084001/2018/20180125/gfs.0p25.2018012500.f006.grib2,2018,D:\SIH-Historical-GFS\raw,"episode-aware, year/season-stratified selection for Phase 0.4.24 300-event-group TS target; episode N:2018-01-25, winter 2018",False
105,IND_13.0_78.0|2018-01-27|3,NEGATIVE_CONFIRMED,train,2018-01-27,3,2018,winter,N:2018-01-27,2018-01-27T12:00:00+00:00,f003,gfs.0p25.2018012712.f003.grib2,https://data.gdex.ucar.edu/d084001/2018/20180127/gfs.0p25.2018012712.f003.grib2,2018,D:\SIH-Historical-GFS\raw,"episode-aware, year/season-stratified selection for Phase 0.4.24 300-event-group TS target; episode N:2018-01-27, winter 2018",False
105,IND_13.0_78.0|2018-01-27|3,NEGATIVE_CONFIRMED,train,2018-01-27,3,2018,winter,N:2018-01-27,2018-01-27T12:00:00+00:00,f006,gfs.0p25.2018012712.f006.grib2,https://data.gdex.ucar.edu/d084001/2018/20180127/gfs.0p25.2018012712.f006.grib2,2018,D:\SIH-Historical-GFS\raw,"episode-aware, year/season-stratified selection for Phase 0.4.24 300-event-group TS target; episode N:2018-01-27, winter 2018",False
106,IND_13.0_78.0|2018-03-02|2,NEGATIVE_CONFIRMED,train,2018-03-02,2,2018,pre-monsoon,N:2018-03-02,2018-03-02T06:00:00+00:00,f003,gfs.0p25.2018030206.f003.grib2,https://data.gdex.ucar.edu/d084001/2018/20180302/gfs.0p25.2018030206.f003.grib2,2018,D:\SIH-Historical-GFS\raw,"episode-aware, year/season-stratified selection for Phase 0.4.24 300-event-group TS target; episode N:2018-03-02, pre-monsoon 2018",False
106,IND_13.0_78.0|2018-03-02|2,NEGATIVE_CONFIRMED,train,2018-03-02,2,2018,pre-monsoon,N:2018-03-02,2018-03-02T06:00:00+00:00,f006,gfs.0p25.2018030206.f006.grib2,https://data.gdex.ucar.edu/d084001/2018/20180302/gfs.0p25.2018030206.f006.grib2,2018,D:\SIH-Historical-GFS\raw,"episode-aware, year/season-stratified selection for Phase 0.4.24 300-event-group TS target; episode N:2018-03-02, pre-monsoon 2018",False
107,IND_13.0_78.0|2018-03-22|2,NEGATIVE_CONFIRMED,train,2018-03-22,2,2018,pre-monsoon,N:2018-03-22,2018-03-22T06:00:00+00:00,f003,gfs.0p25.2018032206.f003.grib2,https://data.gdex.ucar.edu/d084001/2018/20180322/gfs.0p25.2018032206.f003.grib2,2018,D:\SIH-Historical-GFS\raw,"episode-aware, year/season-stratified selection for Phase 0.4.24 300-event-group TS target; episode N:2018-03-22, pre-monsoon 2018",False
107,IND_13.0_78.0|2018-03-22|2,NEGATIVE_CONFIRMED,train,2018-03-22,2,2018,pre-monsoon,N:2018-03-22,2018-03-22T06:00:00+00:00,f006,gfs.0p25.2018032206.f006.grib2,https://data.gdex.ucar.edu/d084001/2018/20180322/gfs.0p25.2018032206.f006.grib2,2018,D:\SIH-Historical-GFS\raw,"episode-aware, year/season-stratified selection for Phase 0.4.24 300-event-group TS target; episode N:2018-03-22, pre-monsoon 2018",False
108,IND_13.0_78.0|2018-03-24|1,NEGATIVE_CONFIRMED,train,2018-03-24,1,2018,pre-monsoon,N:2018-03-24,2018-03-24T00:00:00+00:00,f003,gfs.0p25.2018032400.f003.grib2,https://data.gdex.ucar.edu/d084001/2018/20180324/gfs.0p25.2018032400.f003.grib2,2018,D:\SIH-Historical-GFS\raw,"episode-aware, year/season-stratified selection for Phase 0.4.24 300-event-group TS target; episode N:2018-03-24, pre-monsoon 2018",False
108,IND_13.0_78.0|2018-03-24|1,NEGATIVE_CONFIRMED,train,2018-03-24,1,2018,pre-monsoon,N:2018-03-24,2018-03-24T00:00:00+00:00,f006,gfs.0p25.2018032400.f006.grib2,https://data.gdex.ucar.edu/d084001/2018/20180324/gfs.0p25.2018032400.f006.grib2,2018,D:\SIH-Historical-GFS\raw,"episode-aware, year/season-stratified selection for Phase 0.4.24 300-event-group TS target; episode N:2018-03-24, pre-monsoon 2018",False
109,IND_13.0_78.0|2018-03-28|3,NEGATIVE_CONFIRMED,train,2018-03-28,3,2018,pre-monsoon,N:2018-03-28,2018-03-28T12:00:00+00:00,f003,gfs.0p25.2018032812.f003.grib2,https://data.gdex.ucar.edu/d084001/2018/20180328/gfs.0p25.2018032812.f003.grib2,2018,D:\SIH-Historical-GFS\raw,"episode-aware, year/season-stratified selection for Phase 0.4.24 300-event-group TS target; episode N:2018-03-28, pre-monsoon 2018",False
109,IND_13.0_78.0|2018-03-28|3,NEGATIVE_CONFIRMED,train,2018-03-28,3,2018,pre-monsoon,N:2018-03-28,2018-03-28T12:00:00+00:00,f006,gfs.0p25.2018032812.f006.grib2,https://data.gdex.ucar.edu/d084001/2018/20180328/gfs.0p25.2018032812.f006.grib2,2018,D:\SIH-Historical-GFS\raw,"episode-aware, year/season-stratified selection for Phase 0.4.24 300-event-group TS target; episode N:2018-03-28, pre-monsoon 2018",False
110,IND_13.0_78.0|2018-03-30|1,NEGATIVE_CONFIRMED,train,2018-03-30,1,2018,pre-monsoon,N:2018-03-30,2018-03-30T00:00:00+00:00,f003,gfs.0p25.2018033000.f003.grib2,https://data.gdex.ucar.edu/d084001/2018/20180330/gfs.0p25.2018033000.f003.grib2,2018,D:\SIH-Historical-GFS\raw,"episode-aware, year/season-stratified selection for Phase 0.4.24 300-event-group TS target; episode N:2018-03-30, pre-monsoon 2018",False
110,IND_13.0_78.0|2018-03-30|1,NEGATIVE_CONFIRMED,train,2018-03-30,1,2018,pre-monsoon,N:2018-03-30,2018-03-30T00:00:00+00:00,f006,gfs.0p25.2018033000.f006.grib2,https://data.gdex.ucar.edu/d084001/2018/20180330/gfs.0p25.2018033000.f006.grib2,2018,D:\SIH-Historical-GFS\raw,"episode-aware, year/season-stratified selection for Phase 0.4.24 300-event-group TS target; episode N:2018-03-30, pre-monsoon 2018",False
111,IND_13.0_78.0|2018-06-29|2,NEGATIVE_CONFIRMED,train,2018-06-29,2,2018,monsoon,N:2018-06-29,2018-06-29T06:00:00+00:00,f003,gfs.0p25.2018062906.f003.grib2,https://data.gdex.ucar.edu/d084001/2018/20180629/gfs.0p25.2018062906.f003.grib2,2018,D:\SIH-Historical-GFS\raw,"episode-aware, year/season-stratified selection for Phase 0.4.24 300-event-group TS target; episode N:2018-06-29, monsoon 2018",False
111,IND_13.0_78.0|2018-06-29|2,NEGATIVE_CONFIRMED,train,2018-06-29,2,2018,monsoon,N:2018-06-29,2018-06-29T06:00:00+00:00,f006,gfs.0p25.2018062906.f006.grib2,https://data.gdex.ucar.edu/d084001/2018/20180629/gfs.0p25.2018062906.f006.grib2,2018,D:\SIH-Historical-GFS\raw,"episode-aware, year/season-stratified selection for Phase 0.4.24 300-event-group TS target; episode N:2018-06-29, monsoon 2018",False
112,IND_13.0_78.0|2018-09-28|0,NEGATIVE_CONFIRMED,train,2018-09-28,0,2018,monsoon,N:2018-09-28,2018-09-27T18:00:00+00:00,f003,gfs.0p25.2018092718.f003.grib2,https://data.gdex.ucar.edu/d084001/2018/20180927/gfs.0p25.2018092718.f003.grib2,2018,D:\SIH-Historical-GFS\raw,"episode-aware, year/season-stratified selection for Phase 0.4.24 300-event-group TS target; episode N:2018-09-28, monsoon 2018",False
112,IND_13.0_78.0|2018-09-28|0,NEGATIVE_CONFIRMED,train,2018-09-28,0,2018,monsoon,N:2018-09-28,2018-09-27T18:00:00+00:00,f006,gfs.0p25.2018092718.f006.grib2,https://data.gdex.ucar.edu/d084001/2018/20180927/gfs.0p25.2018092718.f006.grib2,2018,D:\SIH-Historical-GFS\raw,"episode-aware, year/season-stratified selection for Phase 0.4.24 300-event-group TS target; episode N:2018-09-28, monsoon 2018",False
113,IND_13.0_78.0|2018-10-03|1,NEGATIVE_CONFIRMED,train,2018-10-03,1,2018,post-monsoon,N:2018-10-03,2018-10-03T00:00:00+00:00,f003,gfs.0p25.2018100300.f003.grib2,https://data.gdex.ucar.edu/d084001/2018/20181003/gfs.0p25.2018100300.f003.grib2,2018,D:\SIH-Historical-GFS\raw,"episode-aware, year/season-stratified selection for Phase 0.4.24 300-event-group TS target; episode N:2018-10-03, post-monsoon 2018",False
113,IND_13.0_78.0|2018-10-03|1,NEGATIVE_CONFIRMED,train,2018-10-03,1,2018,post-monsoon,N:2018-10-03,2018-10-03T00:00:00+00:00,f006,gfs.0p25.2018100300.f006.grib2,https://data.gdex.ucar.edu/d084001/2018/20181003/gfs.0p25.2018100300.f006.grib2,2018,D:\SIH-Historical-GFS\raw,"episode-aware, year/season-stratified selection for Phase 0.4.24 300-event-group TS target; episode N:2018-10-03, post-monsoon 2018",False
114,IND_13.0_78.0|2018-10-28|0,NEGATIVE_CONFIRMED,train,2018-10-28,0,2018,post-monsoon,N:2018-10-28,2018-10-27T18:00:00+00:00,f003,gfs.0p25.2018102718.f003.grib2,https://data.gdex.ucar.edu/d084001/2018/20181027/gfs.0p25.2018102718.f003.grib2,2018,D:\SIH-Historical-GFS\raw,"episode-aware, year/season-stratified selection for Phase 0.4.24 300-event-group TS target; episode N:2018-10-28, post-monsoon 2018",False
114,IND_13.0_78.0|2018-10-28|0,NEGATIVE_CONFIRMED,train,2018-10-28,0,2018,post-monsoon,N:2018-10-28,2018-10-27T18:00:00+00:00,f006,gfs.0p25.2018102718.f006.grib2,https://data.gdex.ucar.edu/d084001/2018/20181027/gfs.0p25.2018102718.f006.grib2,2018,D:\SIH-Historical-GFS\raw,"episode-aware, year/season-stratified selection for Phase 0.4.24 300-event-group TS target; episode N:2018-10-28, post-monsoon 2018",False
115,IND_13.0_78.0|2018-12-30|0,NEGATIVE_CONFIRMED,train,2018-12-30,0,2018,winter,N:2018-12-30,2018-12-29T18:00:00+00:00,f003,gfs.0p25.2018122918.f003.grib2,https://data.gdex.ucar.edu/d084001/2018/20181229/gfs.0p25.2018122918.f003.grib2,2018,D:\SIH-Historical-GFS\raw,"episode-aware, year/season-stratified selection for Phase 0.4.24 300-event-group TS target; episode N:2018-12-30, winter 2018",False
115,IND_13.0_78.0|2018-12-30|0,NEGATIVE_CONFIRMED,train,2018-12-30,0,2018,winter,N:2018-12-30,2018-12-29T18:00:00+00:00,f006,gfs.0p25.2018122918.f006.grib2,https://data.gdex.ucar.edu/d084001/2018/20181229/gfs.0p25.2018122918.f006.grib2,2018,D:\SIH-Historical-GFS\raw,"episode-aware, year/season-stratified selection for Phase 0.4.24 300-event-group TS target; episode N:2018-12-30, winter 2018",False
116,IND_13.0_78.0|2019-03-03|1,NEGATIVE_CONFIRMED,train,2019-03-03,1,2019,pre-monsoon,N:2019-03-03,2019-03-03T00:00:00+00:00,f003,gfs.0p25.2019030300.f003.grib2,https://data.gdex.ucar.edu/d084001/2019/20190303/gfs.0p25.2019030300.f003.grib2,2019,D:\SIH-Historical-GFS\raw,"episode-aware, year/season-stratified selection for Phase 0.4.24 300-event-group TS target; episode N:2019-03-03, pre-monsoon 2019",False
116,IND_13.0_78.0|2019-03-03|1,NEGATIVE_CONFIRMED,train,2019-03-03,1,2019,pre-monsoon,N:2019-03-03,2019-03-03T00:00:00+00:00,f006,gfs.0p25.2019030300.f006.grib2,https://data.gdex.ucar.edu/d084001/2019/20190303/gfs.0p25.2019030300.f006.grib2,2019,D:\SIH-Historical-GFS\raw,"episode-aware, year/season-stratified selection for Phase 0.4.24 300-event-group TS target; episode N:2019-03-03, pre-monsoon 2019",False
117,IND_13.0_78.0|2019-03-22|1,NEGATIVE_CONFIRMED,train,2019-03-22,1,2019,pre-monsoon,N:2019-03-22,2019-03-22T00:00:00+00:00,f003,gfs.0p25.2019032200.f003.grib2,https://data.gdex.ucar.edu/d084001/2019/20190322/gfs.0p25.2019032200.f003.grib2,2019,D:\SIH-Historical-GFS\raw,"episode-aware, year/season-stratified selection for Phase 0.4.24 300-event-group TS target; episode N:2019-03-22, pre-monsoon 2019",False
117,IND_13.0_78.0|2019-03-22|1,NEGATIVE_CONFIRMED,train,2019-03-22,1,2019,pre-monsoon,N:2019-03-22,2019-03-22T00:00:00+00:00,f006,gfs.0p25.2019032200.f006.grib2,https://data.gdex.ucar.edu/d084001/2019/20190322/gfs.0p25.2019032200.f006.grib2,2019,D:\SIH-Historical-GFS\raw,"episode-aware, year/season-stratified selection for Phase 0.4.24 300-event-group TS target; episode N:2019-03-22, pre-monsoon 2019",False
118,IND_13.0_78.0|2019-03-25|1,NEGATIVE_CONFIRMED,train,2019-03-25,1,2019,pre-monsoon,N:2019-03-25,2019-03-25T00:00:00+00:00,f003,gfs.0p25.2019032500.f003.grib2,https://data.gdex.ucar.edu/d084001/2019/20190325/gfs.0p25.2019032500.f003.grib2,2019,D:\SIH-Historical-GFS\raw,"episode-aware, year/season-stratified selection for Phase 0.4.24 300-event-group TS target; episode N:2019-03-25, pre-monsoon 2019",False
118,IND_13.0_78.0|2019-03-25|1,NEGATIVE_CONFIRMED,train,2019-03-25,1,2019,pre-monsoon,N:2019-03-25,2019-03-25T00:00:00+00:00,f006,gfs.0p25.2019032500.f006.grib2,https://data.gdex.ucar.edu/d084001/2019/20190325/gfs.0p25.2019032500.f006.grib2,2019,D:\SIH-Historical-GFS\raw,"episode-aware, year/season-stratified selection for Phase 0.4.24 300-event-group TS target; episode N:2019-03-25, pre-monsoon 2019",False
119,IND_13.0_78.0|2019-03-27|2,NEGATIVE_CONFIRMED,train,2019-03-27,2,2019,pre-monsoon,N:2019-03-27,2019-03-27T06:00:00+00:00,f003,gfs.0p25.2019032706.f003.grib2,https://data.gdex.ucar.edu/d084001/2019/20190327/gfs.0p25.2019032706.f003.grib2,2019,D:\SIH-Historical-GFS\raw,"episode-aware, year/season-stratified selection for Phase 0.4.24 300-event-group TS target; episode N:2019-03-27, pre-monsoon 2019",False
119,IND_13.0_78.0|2019-03-27|2,NEGATIVE_CONFIRMED,train,2019-03-27,2,2019,pre-monsoon,N:2019-03-27,2019-03-27T06:00:00+00:00,f006,gfs.0p25.2019032706.f006.grib2,https://data.gdex.ucar.edu/d084001/2019/20190327/gfs.0p25.2019032706.f006.grib2,2019,D:\SIH-Historical-GFS\raw,"episode-aware, year/season-stratified selection for Phase 0.4.24 300-event-group TS target; episode N:2019-03-27, pre-monsoon 2019",False
120,IND_13.0_78.0|2019-06-23|1,NEGATIVE_CONFIRMED,train,2019-06-23,1,2019,monsoon,N:2019-06-23,2019-06-23T00:00:00+00:00,f003,gfs.0p25.2019062300.f003.grib2,https://data.gdex.ucar.edu/d084001/2019/20190623/gfs.0p25.2019062300.f003.grib2,2019,D:\SIH-Historical-GFS\raw,"episode-aware, year/season-stratified selection for Phase 0.4.24 300-event-group TS target; episode N:2019-06-23, monsoon 2019",False
120,IND_13.0_78.0|2019-06-23|1,NEGATIVE_CONFIRMED,train,2019-06-23,1,2019,monsoon,N:2019-06-23,2019-06-23T00:00:00+00:00,f006,gfs.0p25.2019062300.f006.grib2,https://data.gdex.ucar.edu/d084001/2019/20190623/gfs.0p25.2019062300.f006.grib2,2019,D:\SIH-Historical-GFS\raw,"episode-aware, year/season-stratified selection for Phase 0.4.24 300-event-group TS target; episode N:2019-06-23, monsoon 2019",False
121,IND_13.0_78.0|2019-06-27|2,NEGATIVE_CONFIRMED,train,2019-06-27,2,2019,monsoon,N:2019-06-27,2019-06-27T06:00:00+00:00,f003,gfs.0p25.2019062706.f003.grib2,https://data.gdex.ucar.edu/d084001/2019/20190627/gfs.0p25.2019062706.f003.grib2,2019,D:\SIH-Historical-GFS\raw,"episode-aware, year/season-stratified selection for Phase 0.4.24 300-event-group TS target; episode N:2019-06-27, monsoon 2019",False
121,IND_13.0_78.0|2019-06-27|2,NEGATIVE_CONFIRMED,train,2019-06-27,2,2019,monsoon,N:2019-06-27,2019-06-27T06:00:00+00:00,f006,gfs.0p25.2019062706.f006.grib2,https://data.gdex.ucar.edu/d084001/2019/20190627/gfs.0p25.2019062706.f006.grib2,2019,D:\SIH-Historical-GFS\raw,"episode-aware, year/season-stratified selection for Phase 0.4.24 300-event-group TS target; episode N:2019-06-27, monsoon 2019",False
122,IND_13.0_78.0|2019-06-30|0,NEGATIVE_CONFIRMED,train,2019-06-30,0,2019,monsoon,N:2019-06-30,2019-06-29T18:00:00+00:00,f003,gfs.0p25.2019062918.f003.grib2,https://data.gdex.ucar.edu/d084001/2019/20190629/gfs.0p25.2019062918.f003.grib2,2019,D:\SIH-Historical-GFS\raw,"episode-aware, year/season-stratified selection for Phase 0.4.24 300-event-group TS target; episode N:2019-06-30, monsoon 2019",False
122,IND_13.0_78.0|2019-06-30|0,NEGATIVE_CONFIRMED,train,2019-06-30,0,2019,monsoon,N:2019-06-30,2019-06-29T18:00:00+00:00,f006,gfs.0p25.2019062918.f006.grib2,https://data.gdex.ucar.edu/d084001/2019/20190629/gfs.0p25.2019062918.f006.grib2,2019,D:\SIH-Historical-GFS\raw,"episode-aware, year/season-stratified selection for Phase 0.4.24 300-event-group TS target; episode N:2019-06-30, monsoon 2019",False
123,IND_13.0_78.0|2019-10-02|0,NEGATIVE_CONFIRMED,train,2019-10-02,0,2019,post-monsoon,N:2019-10-02,2019-10-01T18:00:00+00:00,f003,gfs.0p25.2019100118.f003.grib2,https://data.gdex.ucar.edu/d084001/2019/20191001/gfs.0p25.2019100118.f003.grib2,2019,D:\SIH-Historical-GFS\raw,"episode-aware, year/season-stratified selection for Phase 0.4.24 300-event-group TS target; episode N:2019-10-02, post-monsoon 2019",False
123,IND_13.0_78.0|2019-10-02|0,NEGATIVE_CONFIRMED,train,2019-10-02,0,2019,post-monsoon,N:2019-10-02,2019-10-01T18:00:00+00:00,f006,gfs.0p25.2019100118.f006.grib2,https://data.gdex.ucar.edu/d084001/2019/20191001/gfs.0p25.2019100118.f006.grib2,2019,D:\SIH-Historical-GFS\raw,"episode-aware, year/season-stratified selection for Phase 0.4.24 300-event-group TS target; episode N:2019-10-02, post-monsoon 2019",False
124,IND_13.0_78.0|2019-10-24|2,NEGATIVE_CONFIRMED,train,2019-10-24,2,2019,post-monsoon,N:2019-10-24,2019-10-24T06:00:00+00:00,f003,gfs.0p25.2019102406.f003.grib2,https://data.gdex.ucar.edu/d084001/2019/20191024/gfs.0p25.2019102406.f003.grib2,2019,D:\SIH-Historical-GFS\raw,"episode-aware, year/season-stratified selection for Phase 0.4.24 300-event-group TS target; episode N:2019-10-24, post-monsoon 2019",False
124,IND_13.0_78.0|2019-10-24|2,NEGATIVE_CONFIRMED,train,2019-10-24,2,2019,post-monsoon,N:2019-10-24,2019-10-24T06:00:00+00:00,f006,gfs.0p25.2019102406.f006.grib2,https://data.gdex.ucar.edu/d084001/2019/20191024/gfs.0p25.2019102406.f006.grib2,2019,D:\SIH-Historical-GFS\raw,"episode-aware, year/season-stratified selection for Phase 0.4.24 300-event-group TS target; episode N:2019-10-24, post-monsoon 2019",False
125,IND_13.0_78.0|2019-10-29|3,NEGATIVE_CONFIRMED,train,2019-10-29,3,2019,post-monsoon,N:2019-10-29,2019-10-29T12:00:00+00:00,f003,gfs.0p25.2019102912.f003.grib2,https://data.gdex.ucar.edu/d084001/2019/20191029/gfs.0p25.2019102912.f003.grib2,2019,D:\SIH-Historical-GFS\raw,"episode-aware, year/season-stratified selection for Phase 0.4.24 300-event-group TS target; episode N:2019-10-29, post-monsoon 2019",False
125,IND_13.0_78.0|2019-10-29|3,NEGATIVE_CONFIRMED,train,2019-10-29,3,2019,post-monsoon,N:2019-10-29,2019-10-29T12:00:00+00:00,f006,gfs.0p25.2019102912.f006.grib2,https://data.gdex.ucar.edu/d084001/2019/20191029/gfs.0p25.2019102912.f006.grib2,2019,D:\SIH-Historical-GFS\raw,"episode-aware, year/season-stratified selection for Phase 0.4.24 300-event-group TS target; episode N:2019-10-29, post-monsoon 2019",False
126,IND_13.0_78.0|2019-12-16|0,NEGATIVE_CONFIRMED,train,2019-12-16,0,2019,winter,N:2019-12-16,2019-12-15T18:00:00+00:00,f003,gfs.0p25.2019121518.f003.grib2,https://data.gdex.ucar.edu/d084001/2019/20191215/gfs.0p25.2019121518.f003.grib2,2019,D:\SIH-Historical-GFS\raw,"episode-aware, year/season-stratified selection for Phase 0.4.24 300-event-group TS target; episode N:2019-12-16, winter 2019",False
126,IND_13.0_78.0|2019-12-16|0,NEGATIVE_CONFIRMED,train,2019-12-16,0,2019,winter,N:2019-12-16,2019-12-15T18:00:00+00:00,f006,gfs.0p25.2019121518.f006.grib2,https://data.gdex.ucar.edu/d084001/2019/20191215/gfs.0p25.2019121518.f006.grib2,2019,D:\SIH-Historical-GFS\raw,"episode-aware, year/season-stratified selection for Phase 0.4.24 300-event-group TS target; episode N:2019-12-16, winter 2019",False
127,IND_13.0_78.0|2019-12-18|3,NEGATIVE_CONFIRMED,train,2019-12-18,3,2019,winter,N:2019-12-18,2019-12-18T12:00:00+00:00,f003,gfs.0p25.2019121812.f003.grib2,https://data.gdex.ucar.edu/d084001/2019/20191218/gfs.0p25.2019121812.f003.grib2,2019,D:\SIH-Historical-GFS\raw,"episode-aware, year/season-stratified selection for Phase 0.4.24 300-event-group TS target; episode N:2019-12-18, winter 2019",False
127,IND_13.0_78.0|2019-12-18|3,NEGATIVE_CONFIRMED,train,2019-12-18,3,2019,winter,N:2019-12-18,2019-12-18T12:00:00+00:00,f006,gfs.0p25.2019121812.f006.grib2,https://data.gdex.ucar.edu/d084001/2019/20191218/gfs.0p25.2019121812.f006.grib2,2019,D:\SIH-Historical-GFS\raw,"episode-aware, year/season-stratified selection for Phase 0.4.24 300-event-group TS target; episode N:2019-12-18, winter 2019",False
128,IND_13.0_78.0|2019-12-23|3,NEGATIVE_CONFIRMED,train,2019-12-23,3,2019,winter,N:2019-12-23,2019-12-23T12:00:00+00:00,f003,gfs.0p25.2019122312.f003.grib2,https://data.gdex.ucar.edu/d084001/2019/20191223/gfs.0p25.2019122312.f003.grib2,2019,D:\SIH-Historical-GFS\raw,"episode-aware, year/season-stratified selection for Phase 0.4.24 300-event-group TS target; episode N:2019-12-23, winter 2019",False
128,IND_13.0_78.0|2019-12-23|3,NEGATIVE_CONFIRMED,train,2019-12-23,3,2019,winter,N:2019-12-23,2019-12-23T12:00:00+00:00,f006,gfs.0p25.2019122312.f006.grib2,https://data.gdex.ucar.edu/d084001/2019/20191223/gfs.0p25.2019122312.f006.grib2,2019,D:\SIH-Historical-GFS\raw,"episode-aware, year/season-stratified selection for Phase 0.4.24 300-event-group TS target; episode N:2019-12-23, winter 2019",False
129,IND_13.0_78.0|2020-01-26|2,NEGATIVE_CONFIRMED,train,2020-01-26,2,2020,winter,N:2020-01-26,2020-01-26T06:00:00+00:00,f003,gfs.0p25.2020012606.f003.grib2,https://data.gdex.ucar.edu/d084001/2020/20200126/gfs.0p25.2020012606.f003.grib2,2020,D:\SIH-Historical-GFS\raw,"episode-aware, year/season-stratified selection for Phase 0.4.24 300-event-group TS target; episode N:2020-01-26, winter 2020",False
129,IND_13.0_78.0|2020-01-26|2,NEGATIVE_CONFIRMED,train,2020-01-26,2,2020,winter,N:2020-01-26,2020-01-26T06:00:00+00:00,f006,gfs.0p25.2020012606.f006.grib2,https://data.gdex.ucar.edu/d084001/2020/20200126/gfs.0p25.2020012606.f006.grib2,2020,D:\SIH-Historical-GFS\raw,"episode-aware, year/season-stratified selection for Phase 0.4.24 300-event-group TS target; episode N:2020-01-26, winter 2020",False
130,IND_13.0_78.0|2020-01-28|0,NEGATIVE_CONFIRMED,train,2020-01-28,0,2020,winter,N:2020-01-28,2020-01-27T18:00:00+00:00,f003,gfs.0p25.2020012718.f003.grib2,https://data.gdex.ucar.edu/d084001/2020/20200127/gfs.0p25.2020012718.f003.grib2,2020,D:\SIH-Historical-GFS\raw,"episode-aware, year/season-stratified selection for Phase 0.4.24 300-event-group TS target; episode N:2020-01-28, winter 2020",False
130,IND_13.0_78.0|2020-01-28|0,NEGATIVE_CONFIRMED,train,2020-01-28,0,2020,winter,N:2020-01-28,2020-01-27T18:00:00+00:00,f006,gfs.0p25.2020012718.f006.grib2,https://data.gdex.ucar.edu/d084001/2020/20200127/gfs.0p25.2020012718.f006.grib2,2020,D:\SIH-Historical-GFS\raw,"episode-aware, year/season-stratified selection for Phase 0.4.24 300-event-group TS target; episode N:2020-01-28, winter 2020",False
131,IND_13.0_78.0|2020-03-02|3,NEGATIVE_CONFIRMED,train,2020-03-02,3,2020,pre-monsoon,N:2020-03-02,2020-03-02T12:00:00+00:00,f003,gfs.0p25.2020030212.f003.grib2,https://data.gdex.ucar.edu/d084001/2020/20200302/gfs.0p25.2020030212.f003.grib2,2020,D:\SIH-Historical-GFS\raw,"episode-aware, year/season-stratified selection for Phase 0.4.24 300-event-group TS target; episode N:2020-03-02, pre-monsoon 2020",False
131,IND_13.0_78.0|2020-03-02|3,NEGATIVE_CONFIRMED,train,2020-03-02,3,2020,pre-monsoon,N:2020-03-02,2020-03-02T12:00:00+00:00,f006,gfs.0p25.2020030212.f006.grib2,https://data.gdex.ucar.edu/d084001/2020/20200302/gfs.0p25.2020030212.f006.grib2,2020,D:\SIH-Historical-GFS\raw,"episode-aware, year/season-stratified selection for Phase 0.4.24 300-event-group TS target; episode N:2020-03-02, pre-monsoon 2020",False
132,IND_13.0_78.0|2020-03-04|2,NEGATIVE_CONFIRMED,train,2020-03-04,2,2020,pre-monsoon,N:2020-03-04,2020-03-04T06:00:00+00:00,f003,gfs.0p25.2020030406.f003.grib2,https://data.gdex.ucar.edu/d084001/2020/20200304/gfs.0p25.2020030406.f003.grib2,2020,D:\SIH-Historical-GFS\raw,"episode-aware, year/season-stratified selection for Phase 0.4.24 300-event-group TS target; episode N:2020-03-04, pre-monsoon 2020",False
132,IND_13.0_78.0|2020-03-04|2,NEGATIVE_CONFIRMED,train,2020-03-04,2,2020,pre-monsoon,N:2020-03-04,2020-03-04T06:00:00+00:00,f006,gfs.0p25.2020030406.f006.grib2,https://data.gdex.ucar.edu/d084001/2020/20200304/gfs.0p25.2020030406.f006.grib2,2020,D:\SIH-Historical-GFS\raw,"episode-aware, year/season-stratified selection for Phase 0.4.24 300-event-group TS target; episode N:2020-03-04, pre-monsoon 2020",False
133,IND_13.0_78.0|2020-03-29|0,NEGATIVE_CONFIRMED,train,2020-03-29,0,2020,pre-monsoon,N:2020-03-29,2020-03-28T18:00:00+00:00,f003,gfs.0p25.2020032818.f003.grib2,https://data.gdex.ucar.edu/d084001/2020/20200328/gfs.0p25.2020032818.f003.grib2,2020,D:\SIH-Historical-GFS\raw,"episode-aware, year/season-stratified selection for Phase 0.4.24 300-event-group TS target; episode N:2020-03-29, pre-monsoon 2020",False
133,IND_13.0_78.0|2020-03-29|0,NEGATIVE_CONFIRMED,train,2020-03-29,0,2020,pre-monsoon,N:2020-03-29,2020-03-28T18:00:00+00:00,f006,gfs.0p25.2020032818.f006.grib2,https://data.gdex.ucar.edu/d084001/2020/20200328/gfs.0p25.2020032818.f006.grib2,2020,D:\SIH-Historical-GFS\raw,"episode-aware, year/season-stratified selection for Phase 0.4.24 300-event-group TS target; episode N:2020-03-29, pre-monsoon 2020",False
134,IND_13.0_78.0|2020-04-02|3,NEGATIVE_CONFIRMED,train,2020-04-02,3,2020,pre-monsoon,N:2020-04-02,2020-04-02T12:00:00+00:00,f003,gfs.0p25.2020040212.f003.grib2,https://data.gdex.ucar.edu/d084001/2020/20200402/gfs.0p25.2020040212.f003.grib2,2020,D:\SIH-Historical-GFS\raw,"episode-aware, year/season-stratified selection for Phase 0.4.24 300-event-group TS target; episode N:2020-04-02, pre-monsoon 2020",False
134,IND_13.0_78.0|2020-04-02|3,NEGATIVE_CONFIRMED,train,2020-04-02,3,2020,pre-monsoon,N:2020-04-02,2020-04-02T12:00:00+00:00,f006,gfs.0p25.2020040212.f006.grib2,https://data.gdex.ucar.edu/d084001/2020/20200402/gfs.0p25.2020040212.f006.grib2,2020,D:\SIH-Historical-GFS\raw,"episode-aware, year/season-stratified selection for Phase 0.4.24 300-event-group TS target; episode N:2020-04-02, pre-monsoon 2020",False
135,IND_13.0_78.0|2020-06-02|1,NEGATIVE_CONFIRMED,train,2020-06-02,1,2020,monsoon,N:2020-06-02,2020-06-02T00:00:00+00:00,f003,gfs.0p25.2020060200.f003.grib2,https://data.gdex.ucar.edu/d084001/2020/20200602/gfs.0p25.2020060200.f003.grib2,2020,D:\SIH-Historical-GFS\raw,"episode-aware, year/season-stratified selection for Phase 0.4.24 300-event-group TS target; episode N:2020-06-02, monsoon 2020",False
135,IND_13.0_78.0|2020-06-02|1,NEGATIVE_CONFIRMED,train,2020-06-02,1,2020,monsoon,N:2020-06-02,2020-06-02T00:00:00+00:00,f006,gfs.0p25.2020060200.f006.grib2,https://data.gdex.ucar.edu/d084001/2020/20200602/gfs.0p25.2020060200.f006.grib2,2020,D:\SIH-Historical-GFS\raw,"episode-aware, year/season-stratified selection for Phase 0.4.24 300-event-group TS target; episode N:2020-06-02, monsoon 2020",False
136,IND_13.0_78.0|2020-06-04|1,NEGATIVE_CONFIRMED,train,2020-06-04,1,2020,monsoon,N:2020-06-04,2020-06-04T00:00:00+00:00,f003,gfs.0p25.2020060400.f003.grib2,https://data.gdex.ucar.edu/d084001/2020/20200604/gfs.0p25.2020060400.f003.grib2,2020,D:\SIH-Historical-GFS\raw,"episode-aware, year/season-stratified selection for Phase 0.4.24 300-event-group TS target; episode N:2020-06-04, monsoon 2020",False
136,IND_13.0_78.0|2020-06-04|1,NEGATIVE_CONFIRMED,train,2020-06-04,1,2020,monsoon,N:2020-06-04,2020-06-04T00:00:00+00:00,f006,gfs.0p25.2020060400.f006.grib2,https://data.gdex.ucar.edu/d084001/2020/20200604/gfs.0p25.2020060400.f006.grib2,2020,D:\SIH-Historical-GFS\raw,"episode-aware, year/season-stratified selection for Phase 0.4.24 300-event-group TS target; episode N:2020-06-04, monsoon 2020",False
137,IND_13.0_78.0|2020-06-26|3,NEGATIVE_CONFIRMED,train,2020-06-26,3,2020,monsoon,N:2020-06-26,2020-06-26T12:00:00+00:00,f003,gfs.0p25.2020062612.f003.grib2,https://data.gdex.ucar.edu/d084001/2020/20200626/gfs.0p25.2020062612.f003.grib2,2020,D:\SIH-Historical-GFS\raw,"episode-aware, year/season-stratified selection for Phase 0.4.24 300-event-group TS target; episode N:2020-06-26, monsoon 2020",False
137,IND_13.0_78.0|2020-06-26|3,NEGATIVE_CONFIRMED,train,2020-06-26,3,2020,monsoon,N:2020-06-26,2020-06-26T12:00:00+00:00,f006,gfs.0p25.2020062612.f006.grib2,https://data.gdex.ucar.edu/d084001/2020/20200626/gfs.0p25.2020062612.f006.grib2,2020,D:\SIH-Historical-GFS\raw,"episode-aware, year/season-stratified selection for Phase 0.4.24 300-event-group TS target; episode N:2020-06-26, monsoon 2020",False
138,IND_13.0_78.0|2020-10-04|0,NEGATIVE_CONFIRMED,train,2020-10-04,0,2020,post-monsoon,N:2020-10-04,2020-10-03T18:00:00+00:00,f003,gfs.0p25.2020100318.f003.grib2,https://data.gdex.ucar.edu/d084001/2020/20201003/gfs.0p25.2020100318.f003.grib2,2020,D:\SIH-Historical-GFS\raw,"episode-aware, year/season-stratified selection for Phase 0.4.24 300-event-group TS target; episode N:2020-10-04, post-monsoon 2020",False
138,IND_13.0_78.0|2020-10-04|0,NEGATIVE_CONFIRMED,train,2020-10-04,0,2020,post-monsoon,N:2020-10-04,2020-10-03T18:00:00+00:00,f006,gfs.0p25.2020100318.f006.grib2,https://data.gdex.ucar.edu/d084001/2020/20201003/gfs.0p25.2020100318.f006.grib2,2020,D:\SIH-Historical-GFS\raw,"episode-aware, year/season-stratified selection for Phase 0.4.24 300-event-group TS target; episode N:2020-10-04, post-monsoon 2020",False
139,IND_13.0_78.0|2020-10-26|2,NEGATIVE_CONFIRMED,train,2020-10-26,2,2020,post-monsoon,N:2020-10-26,2020-10-26T06:00:00+00:00,f003,gfs.0p25.2020102606.f003.grib2,https://data.gdex.ucar.edu/d084001/2020/20201026/gfs.0p25.2020102606.f003.grib2,2020,D:\SIH-Historical-GFS\raw,"episode-aware, year/season-stratified selection for Phase 0.4.24 300-event-group TS target; episode N:2020-10-26, post-monsoon 2020",False
139,IND_13.0_78.0|2020-10-26|2,NEGATIVE_CONFIRMED,train,2020-10-26,2,2020,post-monsoon,N:2020-10-26,2020-10-26T06:00:00+00:00,f006,gfs.0p25.2020102606.f006.grib2,https://data.gdex.ucar.edu/d084001/2020/20201026/gfs.0p25.2020102606.f006.grib2,2020,D:\SIH-Historical-GFS\raw,"episode-aware, year/season-stratified selection for Phase 0.4.24 300-event-group TS target; episode N:2020-10-26, post-monsoon 2020",False
140,IND_13.0_78.0|2020-10-28|1,NEGATIVE_CONFIRMED,train,2020-10-28,1,2020,post-monsoon,N:2020-10-28,2020-10-28T00:00:00+00:00,f003,gfs.0p25.2020102800.f003.grib2,https://data.gdex.ucar.edu/d084001/2020/20201028/gfs.0p25.2020102800.f003.grib2,2020,D:\SIH-Historical-GFS\raw,"episode-aware, year/season-stratified selection for Phase 0.4.24 300-event-group TS target; episode N:2020-10-28, post-monsoon 2020",False
140,IND_13.0_78.0|2020-10-28|1,NEGATIVE_CONFIRMED,train,2020-10-28,1,2020,post-monsoon,N:2020-10-28,2020-10-28T00:00:00+00:00,f006,gfs.0p25.2020102800.f006.grib2,https://data.gdex.ucar.edu/d084001/2020/20201028/gfs.0p25.2020102800.f006.grib2,2020,D:\SIH-Historical-GFS\raw,"episode-aware, year/season-stratified selection for Phase 0.4.24 300-event-group TS target; episode N:2020-10-28, post-monsoon 2020",False
141,IND_13.0_78.0|2020-11-01|1,NEGATIVE_CONFIRMED,train,2020-11-01,1,2020,post-monsoon,N:2020-11-01,2020-11-01T00:00:00+00:00,f003,gfs.0p25.2020110100.f003.grib2,https://data.gdex.ucar.edu/d084001/2020/20201101/gfs.0p25.2020110100.f003.grib2,2020,D:\SIH-Historical-GFS\raw,"episode-aware, year/season-stratified selection for Phase 0.4.24 300-event-group TS target; episode N:2020-11-01, post-monsoon 2020",False
141,IND_13.0_78.0|2020-11-01|1,NEGATIVE_CONFIRMED,train,2020-11-01,1,2020,post-monsoon,N:2020-11-01,2020-11-01T00:00:00+00:00,f006,gfs.0p25.2020110100.f006.grib2,https://data.gdex.ucar.edu/d084001/2020/20201101/gfs.0p25.2020110100.f006.grib2,2020,D:\SIH-Historical-GFS\raw,"episode-aware, year/season-stratified selection for Phase 0.4.24 300-event-group TS target; episode N:2020-11-01, post-monsoon 2020",False
142,IND_13.0_78.0|2021-01-02|1,NEGATIVE_CONFIRMED,train,2021-01-02,1,2021,winter,N:2021-01-02,2021-01-02T00:00:00+00:00,f003,gfs.0p25.2021010200.f003.grib2,https://data.gdex.ucar.edu/d084001/2021/20210102/gfs.0p25.2021010200.f003.grib2,2021,D:\SIH-Historical-GFS\raw,"episode-aware, year/season-stratified selection for Phase 0.4.24 300-event-group TS target; episode N:2021-01-02, winter 2021",False
142,IND_13.0_78.0|2021-01-02|1,NEGATIVE_CONFIRMED,train,2021-01-02,1,2021,winter,N:2021-01-02,2021-01-02T00:00:00+00:00,f006,gfs.0p25.2021010200.f006.grib2,https://data.gdex.ucar.edu/d084001/2021/20210102/gfs.0p25.2021010200.f006.grib2,2021,D:\SIH-Historical-GFS\raw,"episode-aware, year/season-stratified selection for Phase 0.4.24 300-event-group TS target; episode N:2021-01-02, winter 2021",False
143,IND_13.0_78.0|2021-01-26|2,NEGATIVE_CONFIRMED,train,2021-01-26,2,2021,winter,N:2021-01-26,2021-01-26T06:00:00+00:00,f003,gfs.0p25.2021012606.f003.grib2,https://data.gdex.ucar.edu/d084001/2021/20210126/gfs.0p25.2021012606.f003.grib2,2021,D:\SIH-Historical-GFS\raw,"episode-aware, year/season-stratified selection for Phase 0.4.24 300-event-group TS target; episode N:2021-01-26, winter 2021",False
143,IND_13.0_78.0|2021-01-26|2,NEGATIVE_CONFIRMED,train,2021-01-26,2,2021,winter,N:2021-01-26,2021-01-26T06:00:00+00:00,f006,gfs.0p25.2021012606.f006.grib2,https://data.gdex.ucar.edu/d084001/2021/20210126/gfs.0p25.2021012606.f006.grib2,2021,D:\SIH-Historical-GFS\raw,"episode-aware, year/season-stratified selection for Phase 0.4.24 300-event-group TS target; episode N:2021-01-26, winter 2021",False
144,IND_13.0_78.0|2021-03-01|3,NEGATIVE_CONFIRMED,train,2021-03-01,3,2021,pre-monsoon,N:2021-03-01,2021-03-01T12:00:00+00:00,f003,gfs.0p25.2021030112.f003.grib2,https://data.gdex.ucar.edu/d084001/2021/20210301/gfs.0p25.2021030112.f003.grib2,2021,D:\SIH-Historical-GFS\raw,"episode-aware, year/season-stratified selection for Phase 0.4.24 300-event-group TS target; episode N:2021-03-01, pre-monsoon 2021",False
144,IND_13.0_78.0|2021-03-01|3,NEGATIVE_CONFIRMED,train,2021-03-01,3,2021,pre-monsoon,N:2021-03-01,2021-03-01T12:00:00+00:00,f006,gfs.0p25.2021030112.f006.grib2,https://data.gdex.ucar.edu/d084001/2021/20210301/gfs.0p25.2021030112.f006.grib2,2021,D:\SIH-Historical-GFS\raw,"episode-aware, year/season-stratified selection for Phase 0.4.24 300-event-group TS target; episode N:2021-03-01, pre-monsoon 2021",False
145,IND_13.0_78.0|2021-03-03|2,NEGATIVE_CONFIRMED,train,2021-03-03,2,2021,pre-monsoon,N:2021-03-03,2021-03-03T06:00:00+00:00,f003,gfs.0p25.2021030306.f003.grib2,https://data.gdex.ucar.edu/d084001/2021/20210303/gfs.0p25.2021030306.f003.grib2,2021,D:\SIH-Historical-GFS\raw,"episode-aware, year/season-stratified selection for Phase 0.4.24 300-event-group TS target; episode N:2021-03-03, pre-monsoon 2021",False
145,IND_13.0_78.0|2021-03-03|2,NEGATIVE_CONFIRMED,train,2021-03-03,2,2021,pre-monsoon,N:2021-03-03,2021-03-03T06:00:00+00:00,f006,gfs.0p25.2021030306.f006.grib2,https://data.gdex.ucar.edu/d084001/2021/20210303/gfs.0p25.2021030306.f006.grib2,2021,D:\SIH-Historical-GFS\raw,"episode-aware, year/season-stratified selection for Phase 0.4.24 300-event-group TS target; episode N:2021-03-03, pre-monsoon 2021",False
146,IND_13.0_78.0|2021-03-05|1,NEGATIVE_CONFIRMED,train,2021-03-05,1,2021,pre-monsoon,N:2021-03-05,2021-03-05T00:00:00+00:00,f003,gfs.0p25.2021030500.f003.grib2,https://data.gdex.ucar.edu/d084001/2021/20210305/gfs.0p25.2021030500.f003.grib2,2021,D:\SIH-Historical-GFS\raw,"episode-aware, year/season-stratified selection for Phase 0.4.24 300-event-group TS target; episode N:2021-03-05, pre-monsoon 2021",False
146,IND_13.0_78.0|2021-03-05|1,NEGATIVE_CONFIRMED,train,2021-03-05,1,2021,pre-monsoon,N:2021-03-05,2021-03-05T00:00:00+00:00,f006,gfs.0p25.2021030500.f006.grib2,https://data.gdex.ucar.edu/d084001/2021/20210305/gfs.0p25.2021030500.f006.grib2,2021,D:\SIH-Historical-GFS\raw,"episode-aware, year/season-stratified selection for Phase 0.4.24 300-event-group TS target; episode N:2021-03-05, pre-monsoon 2021",False
147,IND_13.0_78.0|2021-03-30|1,NEGATIVE_CONFIRMED,train,2021-03-30,1,2021,pre-monsoon,N:2021-03-30,2021-03-30T00:00:00+00:00,f003,gfs.0p25.2021033000.f003.grib2,https://data.gdex.ucar.edu/d084001/2021/20210330/gfs.0p25.2021033000.f003.grib2,2021,D:\SIH-Historical-GFS\raw,"episode-aware, year/season-stratified selection for Phase 0.4.24 300-event-group TS target; episode N:2021-03-30, pre-monsoon 2021",False
147,IND_13.0_78.0|2021-03-30|1,NEGATIVE_CONFIRMED,train,2021-03-30,1,2021,pre-monsoon,N:2021-03-30,2021-03-30T00:00:00+00:00,f006,gfs.0p25.2021033000.f006.grib2,https://data.gdex.ucar.edu/d084001/2021/20210330/gfs.0p25.2021033000.f006.grib2,2021,D:\SIH-Historical-GFS\raw,"episode-aware, year/season-stratified selection for Phase 0.4.24 300-event-group TS target; episode N:2021-03-30, pre-monsoon 2021",False
148,IND_13.0_78.0|2021-04-03|0,NEGATIVE_CONFIRMED,train,2021-04-03,0,2021,pre-monsoon,N:2021-04-03,2021-04-02T18:00:00+00:00,f003,gfs.0p25.2021040218.f003.grib2,https://data.gdex.ucar.edu/d084001/2021/20210402/gfs.0p25.2021040218.f003.grib2,2021,D:\SIH-Historical-GFS\raw,"episode-aware, year/season-stratified selection for Phase 0.4.24 300-event-group TS target; episode N:2021-04-03, pre-monsoon 2021",False
148,IND_13.0_78.0|2021-04-03|0,NEGATIVE_CONFIRMED,train,2021-04-03,0,2021,pre-monsoon,N:2021-04-03,2021-04-02T18:00:00+00:00,f006,gfs.0p25.2021040218.f006.grib2,https://data.gdex.ucar.edu/d084001/2021/20210402/gfs.0p25.2021040218.f006.grib2,2021,D:\SIH-Historical-GFS\raw,"episode-aware, year/season-stratified selection for Phase 0.4.24 300-event-group TS target; episode N:2021-04-03, pre-monsoon 2021",False
149,IND_13.0_78.0|2021-07-01|3,NEGATIVE_CONFIRMED,train,2021-07-01,3,2021,monsoon,N:2021-07-01,2021-07-01T12:00:00+00:00,f003,gfs.0p25.2021070112.f003.grib2,https://data.gdex.ucar.edu/d084001/2021/20210701/gfs.0p25.2021070112.f003.grib2,2021,D:\SIH-Historical-GFS\raw,"episode-aware, year/season-stratified selection for Phase 0.4.24 300-event-group TS target; episode N:2021-07-01, monsoon 2021",False
149,IND_13.0_78.0|2021-07-01|3,NEGATIVE_CONFIRMED,train,2021-07-01,3,2021,monsoon,N:2021-07-01,2021-07-01T12:00:00+00:00,f006,gfs.0p25.2021070112.f006.grib2,https://data.gdex.ucar.edu/d084001/2021/20210701/gfs.0p25.2021070112.f006.grib2,2021,D:\SIH-Historical-GFS\raw,"episode-aware, year/season-stratified selection for Phase 0.4.24 300-event-group TS target; episode N:2021-07-01, monsoon 2021",False
150,IND_13.0_78.0|2021-07-03|3,NEGATIVE_CONFIRMED,train,2021-07-03,3,2021,monsoon,N:2021-07-03,2021-07-03T12:00:00+00:00,f003,gfs.0p25.2021070312.f003.grib2,https://data.gdex.ucar.edu/d084001/2021/20210703/gfs.0p25.2021070312.f003.grib2,2021,D:\SIH-Historical-GFS\raw,"episode-aware, year/season-stratified selection for Phase 0.4.24 300-event-group TS target; episode N:2021-07-03, monsoon 2021",False
150,IND_13.0_78.0|2021-07-03|3,NEGATIVE_CONFIRMED,train,2021-07-03,3,2021,monsoon,N:2021-07-03,2021-07-03T12:00:00+00:00,f006,gfs.0p25.2021070312.f006.grib2,https://data.gdex.ucar.edu/d084001/2021/20210703/gfs.0p25.2021070312.f006.grib2,2021,D:\SIH-Historical-GFS\raw,"episode-aware, year/season-stratified selection for Phase 0.4.24 300-event-group TS target; episode N:2021-07-03, monsoon 2021",False
151,IND_13.0_78.0|2021-10-05|0,NEGATIVE_CONFIRMED,train,2021-10-05,0,2021,post-monsoon,N:2021-10-05,2021-10-04T18:00:00+00:00,f003,gfs.0p25.2021100418.f003.grib2,https://data.gdex.ucar.edu/d084001/2021/20211004/gfs.0p25.2021100418.f003.grib2,2021,D:\SIH-Historical-GFS\raw,"episode-aware, year/season-stratified selection for Phase 0.4.24 300-event-group TS target; episode N:2021-10-05, post-monsoon 2021",False
151,IND_13.0_78.0|2021-10-05|0,NEGATIVE_CONFIRMED,train,2021-10-05,0,2021,post-monsoon,N:2021-10-05,2021-10-04T18:00:00+00:00,f006,gfs.0p25.2021100418.f006.grib2,https://data.gdex.ucar.edu/d084001/2021/20211004/gfs.0p25.2021100418.f006.grib2,2021,D:\SIH-Historical-GFS\raw,"episode-aware, year/season-stratified selection for Phase 0.4.24 300-event-group TS target; episode N:2021-10-05, post-monsoon 2021",False
152,IND_13.0_78.0|2021-10-29|2,NEGATIVE_CONFIRMED,train,2021-10-29,2,2021,post-monsoon,N:2021-10-29,2021-10-29T06:00:00+00:00,f003,gfs.0p25.2021102906.f003.grib2,https://data.gdex.ucar.edu/d084001/2021/20211029/gfs.0p25.2021102906.f003.grib2,2021,D:\SIH-Historical-GFS\raw,"episode-aware, year/season-stratified selection for Phase 0.4.24 300-event-group TS target; episode N:2021-10-29, post-monsoon 2021",False
152,IND_13.0_78.0|2021-10-29|2,NEGATIVE_CONFIRMED,train,2021-10-29,2,2021,post-monsoon,N:2021-10-29,2021-10-29T06:00:00+00:00,f006,gfs.0p25.2021102906.f006.grib2,https://data.gdex.ucar.edu/d084001/2021/20211029/gfs.0p25.2021102906.f006.grib2,2021,D:\SIH-Historical-GFS\raw,"episode-aware, year/season-stratified selection for Phase 0.4.24 300-event-group TS target; episode N:2021-10-29, post-monsoon 2021",False
153,IND_13.0_78.0|2021-10-31|0,NEGATIVE_CONFIRMED,train,2021-10-31,0,2021,post-monsoon,N:2021-10-31,2021-10-30T18:00:00+00:00,f003,gfs.0p25.2021103018.f003.grib2,https://data.gdex.ucar.edu/d084001/2021/20211030/gfs.0p25.2021103018.f003.grib2,2021,D:\SIH-Historical-GFS\raw,"episode-aware, year/season-stratified selection for Phase 0.4.24 300-event-group TS target; episode N:2021-10-31, post-monsoon 2021",False
153,IND_13.0_78.0|2021-10-31|0,NEGATIVE_CONFIRMED,train,2021-10-31,0,2021,post-monsoon,N:2021-10-31,2021-10-30T18:00:00+00:00,f006,gfs.0p25.2021103018.f006.grib2,https://data.gdex.ucar.edu/d084001/2021/20211030/gfs.0p25.2021103018.f006.grib2,2021,D:\SIH-Historical-GFS\raw,"episode-aware, year/season-stratified selection for Phase 0.4.24 300-event-group TS target; episode N:2021-10-31, post-monsoon 2021",False
154,IND_13.0_78.0|2021-11-03|1,NEGATIVE_CONFIRMED,train,2021-11-03,1,2021,post-monsoon,N:2021-11-03,2021-11-03T00:00:00+00:00,f003,gfs.0p25.2021110300.f003.grib2,https://data.gdex.ucar.edu/d084001/2021/20211103/gfs.0p25.2021110300.f003.grib2,2021,D:\SIH-Historical-GFS\raw,"episode-aware, year/season-stratified selection for Phase 0.4.24 300-event-group TS target; episode N:2021-11-03, post-monsoon 2021",False
154,IND_13.0_78.0|2021-11-03|1,NEGATIVE_CONFIRMED,train,2021-11-03,1,2021,post-monsoon,N:2021-11-03,2021-11-03T00:00:00+00:00,f006,gfs.0p25.2021110300.f006.grib2,https://data.gdex.ucar.edu/d084001/2021/20211103/gfs.0p25.2021110300.f006.grib2,2021,D:\SIH-Historical-GFS\raw,"episode-aware, year/season-stratified selection for Phase 0.4.24 300-event-group TS target; episode N:2021-11-03, post-monsoon 2021",False
155,IND_13.0_78.0|2022-01-01|3,NEGATIVE_CONFIRMED,train,2022-01-01,3,2022,winter,N:2022-01-01,2022-01-01T12:00:00+00:00,f003,gfs.0p25.2022010112.f003.grib2,https://data.gdex.ucar.edu/d084001/2022/20220101/gfs.0p25.2022010112.f003.grib2,2022,D:\SIH-Historical-GFS\raw,"episode-aware, year/season-stratified selection for Phase 0.4.24 300-event-group TS target; episode N:2022-01-01, winter 2022",False
155,IND_13.0_78.0|2022-01-01|3,NEGATIVE_CONFIRMED,train,2022-01-01,3,2022,winter,N:2022-01-01,2022-01-01T12:00:00+00:00,f006,gfs.0p25.2022010112.f006.grib2,https://data.gdex.ucar.edu/d084001/2022/20220101/gfs.0p25.2022010112.f006.grib2,2022,D:\SIH-Historical-GFS\raw,"episode-aware, year/season-stratified selection for Phase 0.4.24 300-event-group TS target; episode N:2022-01-01, winter 2022",False
156,IND_13.0_78.0|2022-01-27|1,NEGATIVE_CONFIRMED,train,2022-01-27,1,2022,winter,N:2022-01-27,2022-01-27T00:00:00+00:00,f003,gfs.0p25.2022012700.f003.grib2,https://data.gdex.ucar.edu/d084001/2022/20220127/gfs.0p25.2022012700.f003.grib2,2022,D:\SIH-Historical-GFS\raw,"episode-aware, year/season-stratified selection for Phase 0.4.24 300-event-group TS target; episode N:2022-01-27, winter 2022",False
156,IND_13.0_78.0|2022-01-27|1,NEGATIVE_CONFIRMED,train,2022-01-27,1,2022,winter,N:2022-01-27,2022-01-27T00:00:00+00:00,f006,gfs.0p25.2022012700.f006.grib2,https://data.gdex.ucar.edu/d084001/2022/20220127/gfs.0p25.2022012700.f006.grib2,2022,D:\SIH-Historical-GFS\raw,"episode-aware, year/season-stratified selection for Phase 0.4.24 300-event-group TS target; episode N:2022-01-27, winter 2022",False
157,IND_13.0_78.0|2022-01-29|3,NEGATIVE_CONFIRMED,train,2022-01-29,3,2022,winter,N:2022-01-29,2022-01-29T12:00:00+00:00,f003,gfs.0p25.2022012912.f003.grib2,https://data.gdex.ucar.edu/d084001/2022/20220129/gfs.0p25.2022012912.f003.grib2,2022,D:\SIH-Historical-GFS\raw,"episode-aware, year/season-stratified selection for Phase 0.4.24 300-event-group TS target; episode N:2022-01-29, winter 2022",False
157,IND_13.0_78.0|2022-01-29|3,NEGATIVE_CONFIRMED,train,2022-01-29,3,2022,winter,N:2022-01-29,2022-01-29T12:00:00+00:00,f006,gfs.0p25.2022012912.f006.grib2,https://data.gdex.ucar.edu/d084001/2022/20220129/gfs.0p25.2022012912.f006.grib2,2022,D:\SIH-Historical-GFS\raw,"episode-aware, year/season-stratified selection for Phase 0.4.24 300-event-group TS target; episode N:2022-01-29, winter 2022",False
158,IND_13.0_78.0|2022-03-29|3,NEGATIVE_CONFIRMED,train,2022-03-29,3,2022,pre-monsoon,N:2022-03-29,2022-03-29T12:00:00+00:00,f003,gfs.0p25.2022032912.f003.grib2,https://data.gdex.ucar.edu/d084001/2022/20220329/gfs.0p25.2022032912.f003.grib2,2022,D:\SIH-Historical-GFS\raw,"episode-aware, year/season-stratified selection for Phase 0.4.24 300-event-group TS target; episode N:2022-03-29, pre-monsoon 2022",False
158,IND_13.0_78.0|2022-03-29|3,NEGATIVE_CONFIRMED,train,2022-03-29,3,2022,pre-monsoon,N:2022-03-29,2022-03-29T12:00:00+00:00,f006,gfs.0p25.2022032912.f006.grib2,https://data.gdex.ucar.edu/d084001/2022/20220329/gfs.0p25.2022032912.f006.grib2,2022,D:\SIH-Historical-GFS\raw,"episode-aware, year/season-stratified selection for Phase 0.4.24 300-event-group TS target; episode N:2022-03-29, pre-monsoon 2022",False
159,IND_13.0_78.0|2022-06-02|1,NEGATIVE_CONFIRMED,train,2022-06-02,1,2022,monsoon,N:2022-06-02,2022-06-02T00:00:00+00:00,f003,gfs.0p25.2022060200.f003.grib2,https://data.gdex.ucar.edu/d084001/2022/20220602/gfs.0p25.2022060200.f003.grib2,2022,D:\SIH-Historical-GFS\raw,"episode-aware, year/season-stratified selection for Phase 0.4.24 300-event-group TS target; episode N:2022-06-02, monsoon 2022",False
159,IND_13.0_78.0|2022-06-02|1,NEGATIVE_CONFIRMED,train,2022-06-02,1,2022,monsoon,N:2022-06-02,2022-06-02T00:00:00+00:00,f006,gfs.0p25.2022060200.f006.grib2,https://data.gdex.ucar.edu/d084001/2022/20220602/gfs.0p25.2022060200.f006.grib2,2022,D:\SIH-Historical-GFS\raw,"episode-aware, year/season-stratified selection for Phase 0.4.24 300-event-group TS target; episode N:2022-06-02, monsoon 2022",False
160,IND_13.0_78.0|2022-06-05|2,NEGATIVE_CONFIRMED,train,2022-06-05,2,2022,monsoon,N:2022-06-05,2022-06-05T06:00:00+00:00,f003,gfs.0p25.2022060506.f003.grib2,https://data.gdex.ucar.edu/d084001/2022/20220605/gfs.0p25.2022060506.f003.grib2,2022,D:\SIH-Historical-GFS\raw,"episode-aware, year/season-stratified selection for Phase 0.4.24 300-event-group TS target; episode N:2022-06-05, monsoon 2022",False
160,IND_13.0_78.0|2022-06-05|2,NEGATIVE_CONFIRMED,train,2022-06-05,2,2022,monsoon,N:2022-06-05,2022-06-05T06:00:00+00:00,f006,gfs.0p25.2022060506.f006.grib2,https://data.gdex.ucar.edu/d084001/2022/20220605/gfs.0p25.2022060506.f006.grib2,2022,D:\SIH-Historical-GFS\raw,"episode-aware, year/season-stratified selection for Phase 0.4.24 300-event-group TS target; episode N:2022-06-05, monsoon 2022",False
161,IND_13.0_78.0|2022-06-07|1,NEGATIVE_CONFIRMED,train,2022-06-07,1,2022,monsoon,N:2022-06-07,2022-06-07T00:00:00+00:00,f003,gfs.0p25.2022060700.f003.grib2,https://data.gdex.ucar.edu/d084001/2022/20220607/gfs.0p25.2022060700.f003.grib2,2022,D:\SIH-Historical-GFS\raw,"episode-aware, year/season-stratified selection for Phase 0.4.24 300-event-group TS target; episode N:2022-06-07, monsoon 2022",False
161,IND_13.0_78.0|2022-06-07|1,NEGATIVE_CONFIRMED,train,2022-06-07,1,2022,monsoon,N:2022-06-07,2022-06-07T00:00:00+00:00,f006,gfs.0p25.2022060700.f006.grib2,https://data.gdex.ucar.edu/d084001/2022/20220607/gfs.0p25.2022060700.f006.grib2,2022,D:\SIH-Historical-GFS\raw,"episode-aware, year/season-stratified selection for Phase 0.4.24 300-event-group TS target; episode N:2022-06-07, monsoon 2022",False
162,IND_13.0_78.0|2022-07-01|2,NEGATIVE_CONFIRMED,train,2022-07-01,2,2022,monsoon,N:2022-07-01,2022-07-01T06:00:00+00:00,f003,gfs.0p25.2022070106.f003.grib2,https://data.gdex.ucar.edu/d084001/2022/20220701/gfs.0p25.2022070106.f003.grib2,2022,D:\SIH-Historical-GFS\raw,"episode-aware, year/season-stratified selection for Phase 0.4.24 300-event-group TS target; episode N:2022-07-01, monsoon 2022",False
162,IND_13.0_78.0|2022-07-01|2,NEGATIVE_CONFIRMED,train,2022-07-01,2,2022,monsoon,N:2022-07-01,2022-07-01T06:00:00+00:00,f006,gfs.0p25.2022070106.f006.grib2,https://data.gdex.ucar.edu/d084001/2022/20220701/gfs.0p25.2022070106.f006.grib2,2022,D:\SIH-Historical-GFS\raw,"episode-aware, year/season-stratified selection for Phase 0.4.24 300-event-group TS target; episode N:2022-07-01, monsoon 2022",False
163,IND_13.0_78.0|2022-07-06|2,NEGATIVE_CONFIRMED,train,2022-07-06,2,2022,monsoon,N:2022-07-06,2022-07-06T06:00:00+00:00,f003,gfs.0p25.2022070606.f003.grib2,https://data.gdex.ucar.edu/d084001/2022/20220706/gfs.0p25.2022070606.f003.grib2,2022,D:\SIH-Historical-GFS\raw,"episode-aware, year/season-stratified selection for Phase 0.4.24 300-event-group TS target; episode N:2022-07-06, monsoon 2022",False
163,IND_13.0_78.0|2022-07-06|2,NEGATIVE_CONFIRMED,train,2022-07-06,2,2022,monsoon,N:2022-07-06,2022-07-06T06:00:00+00:00,f006,gfs.0p25.2022070606.f006.grib2,https://data.gdex.ucar.edu/d084001/2022/20220706/gfs.0p25.2022070606.f006.grib2,2022,D:\SIH-Historical-GFS\raw,"episode-aware, year/season-stratified selection for Phase 0.4.24 300-event-group TS target; episode N:2022-07-06, monsoon 2022",False
164,IND_13.0_78.0|2022-10-02|0,NEGATIVE_CONFIRMED,train,2022-10-02,0,2022,post-monsoon,N:2022-10-02,2022-10-01T18:00:00+00:00,f003,gfs.0p25.2022100118.f003.grib2,https://data.gdex.ucar.edu/d084001/2022/20221001/gfs.0p25.2022100118.f003.grib2,2022,D:\SIH-Historical-GFS\raw,"episode-aware, year/season-stratified selection for Phase 0.4.24 300-event-group TS target; episode N:2022-10-02, post-monsoon 2022",False
164,IND_13.0_78.0|2022-10-02|0,NEGATIVE_CONFIRMED,train,2022-10-02,0,2022,post-monsoon,N:2022-10-02,2022-10-01T18:00:00+00:00,f006,gfs.0p25.2022100118.f006.grib2,https://data.gdex.ucar.edu/d084001/2022/20221001/gfs.0p25.2022100118.f006.grib2,2022,D:\SIH-Historical-GFS\raw,"episode-aware, year/season-stratified selection for Phase 0.4.24 300-event-group TS target; episode N:2022-10-02, post-monsoon 2022",False
165,IND_13.0_78.0|2022-10-31|1,NEGATIVE_CONFIRMED,train,2022-10-31,1,2022,post-monsoon,N:2022-10-31,2022-10-31T00:00:00+00:00,f003,gfs.0p25.2022103100.f003.grib2,https://data.gdex.ucar.edu/d084001/2022/20221031/gfs.0p25.2022103100.f003.grib2,2022,D:\SIH-Historical-GFS\raw,"episode-aware, year/season-stratified selection for Phase 0.4.24 300-event-group TS target; episode N:2022-10-31, post-monsoon 2022",False
165,IND_13.0_78.0|2022-10-31|1,NEGATIVE_CONFIRMED,train,2022-10-31,1,2022,post-monsoon,N:2022-10-31,2022-10-31T00:00:00+00:00,f006,gfs.0p25.2022103100.f006.grib2,https://data.gdex.ucar.edu/d084001/2022/20221031/gfs.0p25.2022103100.f006.grib2,2022,D:\SIH-Historical-GFS\raw,"episode-aware, year/season-stratified selection for Phase 0.4.24 300-event-group TS target; episode N:2022-10-31, post-monsoon 2022",False
166,IND_13.0_78.0|2022-11-03|0,NEGATIVE_CONFIRMED,train,2022-11-03,0,2022,post-monsoon,N:2022-11-03,2022-11-02T18:00:00+00:00,f003,gfs.0p25.2022110218.f003.grib2,https://data.gdex.ucar.edu/d084001/2022/20221102/gfs.0p25.2022110218.f003.grib2,2022,D:\SIH-Historical-GFS\raw,"episode-aware, year/season-stratified selection for Phase 0.4.24 300-event-group TS target; episode N:2022-11-03, post-monsoon 2022",False
166,IND_13.0_78.0|2022-11-03|0,NEGATIVE_CONFIRMED,train,2022-11-03,0,2022,post-monsoon,N:2022-11-03,2022-11-02T18:00:00+00:00,f006,gfs.0p25.2022110218.f006.grib2,https://data.gdex.ucar.edu/d084001/2022/20221102/gfs.0p25.2022110218.f006.grib2,2022,D:\SIH-Historical-GFS\raw,"episode-aware, year/season-stratified selection for Phase 0.4.24 300-event-group TS target; episode N:2022-11-03, post-monsoon 2022",False
167,IND_13.0_78.0|2022-11-05|0,NEGATIVE_CONFIRMED,train,2022-11-05,0,2022,post-monsoon,N:2022-11-05,2022-11-04T18:00:00+00:00,f003,gfs.0p25.2022110418.f003.grib2,https://data.gdex.ucar.edu/d084001/2022/20221104/gfs.0p25.2022110418.f003.grib2,2022,D:\SIH-Historical-GFS\raw,"episode-aware, year/season-stratified selection for Phase 0.4.24 300-event-group TS target; episode N:2022-11-05, post-monsoon 2022",False
167,IND_13.0_78.0|2022-11-05|0,NEGATIVE_CONFIRMED,train,2022-11-05,0,2022,post-monsoon,N:2022-11-05,2022-11-04T18:00:00+00:00,f006,gfs.0p25.2022110418.f006.grib2,https://data.gdex.ucar.edu/d084001/2022/20221104/gfs.0p25.2022110418.f006.grib2,2022,D:\SIH-Historical-GFS\raw,"episode-aware, year/season-stratified selection for Phase 0.4.24 300-event-group TS target; episode N:2022-11-05, post-monsoon 2022",False
168,IND_13.0_78.0|2023-01-03|1,NEGATIVE_CONFIRMED,train,2023-01-03,1,2023,winter,N:2023-01-03,2023-01-03T00:00:00+00:00,f003,gfs.0p25.2023010300.f003.grib2,https://data.gdex.ucar.edu/d084001/2023/20230103/gfs.0p25.2023010300.f003.grib2,2023,D:\SIH-Historical-GFS\raw,"episode-aware, year/season-stratified selection for Phase 0.4.24 300-event-group TS target; episode N:2023-01-03, winter 2023",False
168,IND_13.0_78.0|2023-01-03|1,NEGATIVE_CONFIRMED,train,2023-01-03,1,2023,winter,N:2023-01-03,2023-01-03T00:00:00+00:00,f006,gfs.0p25.2023010300.f006.grib2,https://data.gdex.ucar.edu/d084001/2023/20230103/gfs.0p25.2023010300.f006.grib2,2023,D:\SIH-Historical-GFS\raw,"episode-aware, year/season-stratified selection for Phase 0.4.24 300-event-group TS target; episode N:2023-01-03, winter 2023",False
169,IND_13.0_78.0|2023-01-22|3,NEGATIVE_CONFIRMED,train,2023-01-22,3,2023,winter,N:2023-01-22,2023-01-22T12:00:00+00:00,f003,gfs.0p25.2023012212.f003.grib2,https://data.gdex.ucar.edu/d084001/2023/20230122/gfs.0p25.2023012212.f003.grib2,2023,D:\SIH-Historical-GFS\raw,"episode-aware, year/season-stratified selection for Phase 0.4.24 300-event-group TS target; episode N:2023-01-22, winter 2023",False
169,IND_13.0_78.0|2023-01-22|3,NEGATIVE_CONFIRMED,train,2023-01-22,3,2023,winter,N:2023-01-22,2023-01-22T12:00:00+00:00,f006,gfs.0p25.2023012212.f006.grib2,https://data.gdex.ucar.edu/d084001/2023/20230122/gfs.0p25.2023012212.f006.grib2,2023,D:\SIH-Historical-GFS\raw,"episode-aware, year/season-stratified selection for Phase 0.4.24 300-event-group TS target; episode N:2023-01-22, winter 2023",False
170,IND_13.0_78.0|2023-01-26|0,NEGATIVE_CONFIRMED,train,2023-01-26,0,2023,winter,N:2023-01-26,2023-01-25T18:00:00+00:00,f003,gfs.0p25.2023012518.f003.grib2,https://data.gdex.ucar.edu/d084001/2023/20230125/gfs.0p25.2023012518.f003.grib2,2023,D:\SIH-Historical-GFS\raw,"episode-aware, year/season-stratified selection for Phase 0.4.24 300-event-group TS target; episode N:2023-01-26, winter 2023",False
170,IND_13.0_78.0|2023-01-26|0,NEGATIVE_CONFIRMED,train,2023-01-26,0,2023,winter,N:2023-01-26,2023-01-25T18:00:00+00:00,f006,gfs.0p25.2023012518.f006.grib2,https://data.gdex.ucar.edu/d084001/2023/20230125/gfs.0p25.2023012518.f006.grib2,2023,D:\SIH-Historical-GFS\raw,"episode-aware, year/season-stratified selection for Phase 0.4.24 300-event-group TS target; episode N:2023-01-26, winter 2023",False
171,IND_13.0_78.0|2023-01-30|3,NEGATIVE_CONFIRMED,train,2023-01-30,3,2023,winter,N:2023-01-30,2023-01-30T12:00:00+00:00,f003,gfs.0p25.2023013012.f003.grib2,https://data.gdex.ucar.edu/d084001/2023/20230130/gfs.0p25.2023013012.f003.grib2,2023,D:\SIH-Historical-GFS\raw,"episode-aware, year/season-stratified selection for Phase 0.4.24 300-event-group TS target; episode N:2023-01-30, winter 2023",False
171,IND_13.0_78.0|2023-01-30|3,NEGATIVE_CONFIRMED,train,2023-01-30,3,2023,winter,N:2023-01-30,2023-01-30T12:00:00+00:00,f006,gfs.0p25.2023013012.f006.grib2,https://data.gdex.ucar.edu/d084001/2023/20230130/gfs.0p25.2023013012.f006.grib2,2023,D:\SIH-Historical-GFS\raw,"episode-aware, year/season-stratified selection for Phase 0.4.24 300-event-group TS target; episode N:2023-01-30, winter 2023",False
172,IND_13.0_78.0|2023-03-02|1,NEGATIVE_CONFIRMED,train,2023-03-02,1,2023,pre-monsoon,N:2023-03-02,2023-03-02T00:00:00+00:00,f003,gfs.0p25.2023030200.f003.grib2,https://data.gdex.ucar.edu/d084001/2023/20230302/gfs.0p25.2023030200.f003.grib2,2023,D:\SIH-Historical-GFS\raw,"episode-aware, year/season-stratified selection for Phase 0.4.24 300-event-group TS target; episode N:2023-03-02, pre-monsoon 2023",False
172,IND_13.0_78.0|2023-03-02|1,NEGATIVE_CONFIRMED,train,2023-03-02,1,2023,pre-monsoon,N:2023-03-02,2023-03-02T00:00:00+00:00,f006,gfs.0p25.2023030200.f006.grib2,https://data.gdex.ucar.edu/d084001/2023/20230302/gfs.0p25.2023030200.f006.grib2,2023,D:\SIH-Historical-GFS\raw,"episode-aware, year/season-stratified selection for Phase 0.4.24 300-event-group TS target; episode N:2023-03-02, pre-monsoon 2023",False
173,IND_13.0_78.0|2023-03-05|0,NEGATIVE_CONFIRMED,train,2023-03-05,0,2023,pre-monsoon,N:2023-03-05,2023-03-04T18:00:00+00:00,f003,gfs.0p25.2023030418.f003.grib2,https://data.gdex.ucar.edu/d084001/2023/20230304/gfs.0p25.2023030418.f003.grib2,2023,D:\SIH-Historical-GFS\raw,"episode-aware, year/season-stratified selection for Phase 0.4.24 300-event-group TS target; episode N:2023-03-05, pre-monsoon 2023",False
173,IND_13.0_78.0|2023-03-05|0,NEGATIVE_CONFIRMED,train,2023-03-05,0,2023,pre-monsoon,N:2023-03-05,2023-03-04T18:00:00+00:00,f006,gfs.0p25.2023030418.f006.grib2,https://data.gdex.ucar.edu/d084001/2023/20230304/gfs.0p25.2023030418.f006.grib2,2023,D:\SIH-Historical-GFS\raw,"episode-aware, year/season-stratified selection for Phase 0.4.24 300-event-group TS target; episode N:2023-03-05, pre-monsoon 2023",False
174,IND_13.0_78.0|2023-03-25|2,NEGATIVE_CONFIRMED,train,2023-03-25,2,2023,pre-monsoon,N:2023-03-25,2023-03-25T06:00:00+00:00,f003,gfs.0p25.2023032506.f003.grib2,https://data.gdex.ucar.edu/d084001/2023/20230325/gfs.0p25.2023032506.f003.grib2,2023,D:\SIH-Historical-GFS\raw,"episode-aware, year/season-stratified selection for Phase 0.4.24 300-event-group TS target; episode N:2023-03-25, pre-monsoon 2023",False
174,IND_13.0_78.0|2023-03-25|2,NEGATIVE_CONFIRMED,train,2023-03-25,2,2023,pre-monsoon,N:2023-03-25,2023-03-25T06:00:00+00:00,f006,gfs.0p25.2023032506.f006.grib2,https://data.gdex.ucar.edu/d084001/2023/20230325/gfs.0p25.2023032506.f006.grib2,2023,D:\SIH-Historical-GFS\raw,"episode-aware, year/season-stratified selection for Phase 0.4.24 300-event-group TS target; episode N:2023-03-25, pre-monsoon 2023",False
175,IND_13.0_78.0|2023-03-31|1,NEGATIVE_CONFIRMED,train,2023-03-31,1,2023,pre-monsoon,N:2023-03-31,2023-03-31T00:00:00+00:00,f003,gfs.0p25.2023033100.f003.grib2,https://data.gdex.ucar.edu/d084001/2023/20230331/gfs.0p25.2023033100.f003.grib2,2023,D:\SIH-Historical-GFS\raw,"episode-aware, year/season-stratified selection for Phase 0.4.24 300-event-group TS target; episode N:2023-03-31, pre-monsoon 2023",False
175,IND_13.0_78.0|2023-03-31|1,NEGATIVE_CONFIRMED,train,2023-03-31,1,2023,pre-monsoon,N:2023-03-31,2023-03-31T00:00:00+00:00,f006,gfs.0p25.2023033100.f006.grib2,https://data.gdex.ucar.edu/d084001/2023/20230331/gfs.0p25.2023033100.f006.grib2,2023,D:\SIH-Historical-GFS\raw,"episode-aware, year/season-stratified selection for Phase 0.4.24 300-event-group TS target; episode N:2023-03-31, pre-monsoon 2023",False
176,IND_13.0_78.0|2023-07-02|1,NEGATIVE_CONFIRMED,train,2023-07-02,1,2023,monsoon,N:2023-07-02,2023-07-02T00:00:00+00:00,f003,gfs.0p25.2023070200.f003.grib2,https://data.gdex.ucar.edu/d084001/2023/20230702/gfs.0p25.2023070200.f003.grib2,2023,D:\SIH-Historical-GFS\raw,"episode-aware, year/season-stratified selection for Phase 0.4.24 300-event-group TS target; episode N:2023-07-02, monsoon 2023",False
176,IND_13.0_78.0|2023-07-02|1,NEGATIVE_CONFIRMED,train,2023-07-02,1,2023,monsoon,N:2023-07-02,2023-07-02T00:00:00+00:00,f006,gfs.0p25.2023070200.f006.grib2,https://data.gdex.ucar.edu/d084001/2023/20230702/gfs.0p25.2023070200.f006.grib2,2023,D:\SIH-Historical-GFS\raw,"episode-aware, year/season-stratified selection for Phase 0.4.24 300-event-group TS target; episode N:2023-07-02, monsoon 2023",False
177,IND_13.0_78.0|2023-10-02|3,NEGATIVE_CONFIRMED,train,2023-10-02,3,2023,post-monsoon,N:2023-10-02,2023-10-02T12:00:00+00:00,f003,gfs.0p25.2023100212.f003.grib2,https://data.gdex.ucar.edu/d084001/2023/20231002/gfs.0p25.2023100212.f003.grib2,2023,D:\SIH-Historical-GFS\raw,"episode-aware, year/season-stratified selection for Phase 0.4.24 300-event-group TS target; episode N:2023-10-02, post-monsoon 2023",False
177,IND_13.0_78.0|2023-10-02|3,NEGATIVE_CONFIRMED,train,2023-10-02,3,2023,post-monsoon,N:2023-10-02,2023-10-02T12:00:00+00:00,f006,gfs.0p25.2023100212.f006.grib2,https://data.gdex.ucar.edu/d084001/2023/20231002/gfs.0p25.2023100212.f006.grib2,2023,D:\SIH-Historical-GFS\raw,"episode-aware, year/season-stratified selection for Phase 0.4.24 300-event-group TS target; episode N:2023-10-02, post-monsoon 2023",False
178,IND_13.0_78.0|2023-10-04|2,NEGATIVE_CONFIRMED,train,2023-10-04,2,2023,post-monsoon,N:2023-10-04,2023-10-04T06:00:00+00:00,f003,gfs.0p25.2023100406.f003.grib2,https://data.gdex.ucar.edu/d084001/2023/20231004/gfs.0p25.2023100406.f003.grib2,2023,D:\SIH-Historical-GFS\raw,"episode-aware, year/season-stratified selection for Phase 0.4.24 300-event-group TS target; episode N:2023-10-04, post-monsoon 2023",False
178,IND_13.0_78.0|2023-10-04|2,NEGATIVE_CONFIRMED,train,2023-10-04,2,2023,post-monsoon,N:2023-10-04,2023-10-04T06:00:00+00:00,f006,gfs.0p25.2023100406.f006.grib2,https://data.gdex.ucar.edu/d084001/2023/20231004/gfs.0p25.2023100406.f006.grib2,2023,D:\SIH-Historical-GFS\raw,"episode-aware, year/season-stratified selection for Phase 0.4.24 300-event-group TS target; episode N:2023-10-04, post-monsoon 2023",False
179,IND_13.0_78.0|2023-10-24|2,NEGATIVE_CONFIRMED,train,2023-10-24,2,2023,post-monsoon,N:2023-10-24,2023-10-24T06:00:00+00:00,f003,gfs.0p25.2023102406.f003.grib2,https://data.gdex.ucar.edu/d084001/2023/20231024/gfs.0p25.2023102406.f003.grib2,2023,D:\SIH-Historical-GFS\raw,"episode-aware, year/season-stratified selection for Phase 0.4.24 300-event-group TS target; episode N:2023-10-24, post-monsoon 2023",False
179,IND_13.0_78.0|2023-10-24|2,NEGATIVE_CONFIRMED,train,2023-10-24,2,2023,post-monsoon,N:2023-10-24,2023-10-24T06:00:00+00:00,f006,gfs.0p25.2023102406.f006.grib2,https://data.gdex.ucar.edu/d084001/2023/20231024/gfs.0p25.2023102406.f006.grib2,2023,D:\SIH-Historical-GFS\raw,"episode-aware, year/season-stratified selection for Phase 0.4.24 300-event-group TS target; episode N:2023-10-24, post-monsoon 2023",False
180,IND_13.0_78.0|2023-10-26|0,NEGATIVE_CONFIRMED,train,2023-10-26,0,2023,post-monsoon,N:2023-10-26,2023-10-25T18:00:00+00:00,f003,gfs.0p25.2023102518.f003.grib2,https://data.gdex.ucar.edu/d084001/2023/20231025/gfs.0p25.2023102518.f003.grib2,2023,D:\SIH-Historical-GFS\raw,"episode-aware, year/season-stratified selection for Phase 0.4.24 300-event-group TS target; episode N:2023-10-26, post-monsoon 2023",False
180,IND_13.0_78.0|2023-10-26|0,NEGATIVE_CONFIRMED,train,2023-10-26,0,2023,post-monsoon,N:2023-10-26,2023-10-25T18:00:00+00:00,f006,gfs.0p25.2023102518.f006.grib2,https://data.gdex.ucar.edu/d084001/2023/20231025/gfs.0p25.2023102518.f006.grib2,2023,D:\SIH-Historical-GFS\raw,"episode-aware, year/season-stratified selection for Phase 0.4.24 300-event-group TS target; episode N:2023-10-26, post-monsoon 2023",False
181,IND_13.0_78.0|2015-03-03|1,POSITIVE,train,2015-03-03,1,2015,pre-monsoon,N:2015-03-03,2015-03-03T00:00:00+00:00,f003,gfs.0p25.2015030300.f003.grib2,https://data.gdex.ucar.edu/d084001/2015/20150303/gfs.0p25.2015030300.f003.grib2,2015,D:\SIH-Historical-GFS\raw,"episode-aware, year/season-stratified selection for Phase 0.4.24 300-event-group TS target; episode N:2015-03-03, pre-monsoon 2015",False
181,IND_13.0_78.0|2015-03-03|1,POSITIVE,train,2015-03-03,1,2015,pre-monsoon,N:2015-03-03,2015-03-03T00:00:00+00:00,f006,gfs.0p25.2015030300.f006.grib2,https://data.gdex.ucar.edu/d084001/2015/20150303/gfs.0p25.2015030300.f006.grib2,2015,D:\SIH-Historical-GFS\raw,"episode-aware, year/season-stratified selection for Phase 0.4.24 300-event-group TS target; episode N:2015-03-03, pre-monsoon 2015",False
182,IND_13.0_78.0|2015-03-06|2,POSITIVE,train,2015-03-06,2,2015,pre-monsoon,N:2015-03-06,2015-03-06T06:00:00+00:00,f003,gfs.0p25.2015030606.f003.grib2,https://data.gdex.ucar.edu/d084001/2015/20150306/gfs.0p25.2015030606.f003.grib2,2015,D:\SIH-Historical-GFS\raw,"episode-aware, year/season-stratified selection for Phase 0.4.24 300-event-group TS target; episode N:2015-03-06, pre-monsoon 2015",False
182,IND_13.0_78.0|2015-03-06|2,POSITIVE,train,2015-03-06,2,2015,pre-monsoon,N:2015-03-06,2015-03-06T06:00:00+00:00,f006,gfs.0p25.2015030606.f006.grib2,https://data.gdex.ucar.edu/d084001/2015/20150306/gfs.0p25.2015030606.f006.grib2,2015,D:\SIH-Historical-GFS\raw,"episode-aware, year/season-stratified selection for Phase 0.4.24 300-event-group TS target; episode N:2015-03-06, pre-monsoon 2015",False
183,IND_13.0_78.0|2015-04-11|3,POSITIVE,train,2015-04-11,3,2015,pre-monsoon,N:2015-04-11,2015-04-11T12:00:00+00:00,f003,gfs.0p25.2015041112.f003.grib2,https://data.gdex.ucar.edu/d084001/2015/20150411/gfs.0p25.2015041112.f003.grib2,2015,D:\SIH-Historical-GFS\raw,"episode-aware, year/season-stratified selection for Phase 0.4.24 300-event-group TS target; episode N:2015-04-11, pre-monsoon 2015",False
183,IND_13.0_78.0|2015-04-11|3,POSITIVE,train,2015-04-11,3,2015,pre-monsoon,N:2015-04-11,2015-04-11T12:00:00+00:00,f006,gfs.0p25.2015041112.f006.grib2,https://data.gdex.ucar.edu/d084001/2015/20150411/gfs.0p25.2015041112.f006.grib2,2015,D:\SIH-Historical-GFS\raw,"episode-aware, year/season-stratified selection for Phase 0.4.24 300-event-group TS target; episode N:2015-04-11, pre-monsoon 2015",False
184,IND_13.0_78.0|2015-04-13|2,POSITIVE,train,2015-04-13,2,2015,pre-monsoon,N:2015-04-13,2015-04-13T06:00:00+00:00,f003,gfs.0p25.2015041306.f003.grib2,https://data.gdex.ucar.edu/d084001/2015/20150413/gfs.0p25.2015041306.f003.grib2,2015,D:\SIH-Historical-GFS\raw,"episode-aware, year/season-stratified selection for Phase 0.4.24 300-event-group TS target; episode N:2015-04-13, pre-monsoon 2015",False
184,IND_13.0_78.0|2015-04-13|2,POSITIVE,train,2015-04-13,2,2015,pre-monsoon,N:2015-04-13,2015-04-13T06:00:00+00:00,f006,gfs.0p25.2015041306.f006.grib2,https://data.gdex.ucar.edu/d084001/2015/20150413/gfs.0p25.2015041306.f006.grib2,2015,D:\SIH-Historical-GFS\raw,"episode-aware, year/season-stratified selection for Phase 0.4.24 300-event-group TS target; episode N:2015-04-13, pre-monsoon 2015",False
185,IND_13.0_78.0|2015-04-14|3,POSITIVE,train,2015-04-14,3,2015,pre-monsoon,N:2015-04-14,2015-04-14T12:00:00+00:00,f003,gfs.0p25.2015041412.f003.grib2,https://data.gdex.ucar.edu/d084001/2015/20150414/gfs.0p25.2015041412.f003.grib2,2015,D:\SIH-Historical-GFS\raw,"episode-aware, year/season-stratified selection for Phase 0.4.24 300-event-group TS target; episode N:2015-04-14, pre-monsoon 2015",False
185,IND_13.0_78.0|2015-04-14|3,POSITIVE,train,2015-04-14,3,2015,pre-monsoon,N:2015-04-14,2015-04-14T12:00:00+00:00,f006,gfs.0p25.2015041412.f006.grib2,https://data.gdex.ucar.edu/d084001/2015/20150414/gfs.0p25.2015041412.f006.grib2,2015,D:\SIH-Historical-GFS\raw,"episode-aware, year/season-stratified selection for Phase 0.4.24 300-event-group TS target; episode N:2015-04-14, pre-monsoon 2015",False
186,IND_13.0_78.0|2015-04-17|0,POSITIVE,train,2015-04-17,0,2015,pre-monsoon,N:2015-04-17,2015-04-16T18:00:00+00:00,f003,gfs.0p25.2015041618.f003.grib2,https://data.gdex.ucar.edu/d084001/2015/20150416/gfs.0p25.2015041618.f003.grib2,2015,D:\SIH-Historical-GFS\raw,"episode-aware, year/season-stratified selection for Phase 0.4.24 300-event-group TS target; episode N:2015-04-17, pre-monsoon 2015",False
186,IND_13.0_78.0|2015-04-17|0,POSITIVE,train,2015-04-17,0,2015,pre-monsoon,N:2015-04-17,2015-04-16T18:00:00+00:00,f006,gfs.0p25.2015041618.f006.grib2,https://data.gdex.ucar.edu/d084001/2015/20150416/gfs.0p25.2015041618.f006.grib2,2015,D:\SIH-Historical-GFS\raw,"episode-aware, year/season-stratified selection for Phase 0.4.24 300-event-group TS target; episode N:2015-04-17, pre-monsoon 2015",False
187,IND_13.0_78.0|2015-05-16|0,POSITIVE,train,2015-05-16,0,2015,pre-monsoon,N:2015-05-16,2015-05-15T18:00:00+00:00,f003,gfs.0p25.2015051518.f003.grib2,https://data.gdex.ucar.edu/d084001/2015/20150515/gfs.0p25.2015051518.f003.grib2,2015,D:\SIH-Historical-GFS\raw,"episode-aware, year/season-stratified selection for Phase 0.4.24 300-event-group TS target; episode N:2015-05-16, pre-monsoon 2015",False
187,IND_13.0_78.0|2015-05-16|0,POSITIVE,train,2015-05-16,0,2015,pre-monsoon,N:2015-05-16,2015-05-15T18:00:00+00:00,f006,gfs.0p25.2015051518.f006.grib2,https://data.gdex.ucar.edu/d084001/2015/20150515/gfs.0p25.2015051518.f006.grib2,2015,D:\SIH-Historical-GFS\raw,"episode-aware, year/season-stratified selection for Phase 0.4.24 300-event-group TS target; episode N:2015-05-16, pre-monsoon 2015",False
188,IND_13.0_78.0|2015-05-28|1,POSITIVE,train,2015-05-28,1,2015,pre-monsoon,N:2015-05-28,2015-05-28T00:00:00+00:00,f003,gfs.0p25.2015052800.f003.grib2,https://data.gdex.ucar.edu/d084001/2015/20150528/gfs.0p25.2015052800.f003.grib2,2015,D:\SIH-Historical-GFS\raw,"episode-aware, year/season-stratified selection for Phase 0.4.24 300-event-group TS target; episode N:2015-05-28, pre-monsoon 2015",False
188,IND_13.0_78.0|2015-05-28|1,POSITIVE,train,2015-05-28,1,2015,pre-monsoon,N:2015-05-28,2015-05-28T00:00:00+00:00,f006,gfs.0p25.2015052800.f006.grib2,https://data.gdex.ucar.edu/d084001/2015/20150528/gfs.0p25.2015052800.f006.grib2,2015,D:\SIH-Historical-GFS\raw,"episode-aware, year/season-stratified selection for Phase 0.4.24 300-event-group TS target; episode N:2015-05-28, pre-monsoon 2015",False
189,IND_13.0_78.0|2015-07-21|2,POSITIVE,train,2015-07-21,2,2015,monsoon,N:2015-07-21,2015-07-21T06:00:00+00:00,f003,gfs.0p25.2015072106.f003.grib2,https://data.gdex.ucar.edu/d084001/2015/20150721/gfs.0p25.2015072106.f003.grib2,2015,D:\SIH-Historical-GFS\raw,"episode-aware, year/season-stratified selection for Phase 0.4.24 300-event-group TS target; episode N:2015-07-21, monsoon 2015",False
189,IND_13.0_78.0|2015-07-21|2,POSITIVE,train,2015-07-21,2,2015,monsoon,N:2015-07-21,2015-07-21T06:00:00+00:00,f006,gfs.0p25.2015072106.f006.grib2,https://data.gdex.ucar.edu/d084001/2015/20150721/gfs.0p25.2015072106.f006.grib2,2015,D:\SIH-Historical-GFS\raw,"episode-aware, year/season-stratified selection for Phase 0.4.24 300-event-group TS target; episode N:2015-07-21, monsoon 2015",False
190,IND_13.0_78.0|2015-07-31|2,POSITIVE,train,2015-07-31,2,2015,monsoon,N:2015-07-31,2015-07-31T06:00:00+00:00,f003,gfs.0p25.2015073106.f003.grib2,https://data.gdex.ucar.edu/d084001/2015/20150731/gfs.0p25.2015073106.f003.grib2,2015,D:\SIH-Historical-GFS\raw,"episode-aware, year/season-stratified selection for Phase 0.4.24 300-event-group TS target; episode N:2015-07-31, monsoon 2015",False
190,IND_13.0_78.0|2015-07-31|2,POSITIVE,train,2015-07-31,2,2015,monsoon,N:2015-07-31,2015-07-31T06:00:00+00:00,f006,gfs.0p25.2015073106.f006.grib2,https://data.gdex.ucar.edu/d084001/2015/20150731/gfs.0p25.2015073106.f006.grib2,2015,D:\SIH-Historical-GFS\raw,"episode-aware, year/season-stratified selection for Phase 0.4.24 300-event-group TS target; episode N:2015-07-31, monsoon 2015",False
191,IND_13.0_78.0|2015-08-01|3,POSITIVE,train,2015-08-01,3,2015,monsoon,N:2015-08-01,2015-08-01T12:00:00+00:00,f003,gfs.0p25.2015080112.f003.grib2,https://data.gdex.ucar.edu/d084001/2015/20150801/gfs.0p25.2015080112.f003.grib2,2015,D:\SIH-Historical-GFS\raw,"episode-aware, year/season-stratified selection for Phase 0.4.24 300-event-group TS target; episode N:2015-08-01, monsoon 2015",False
191,IND_13.0_78.0|2015-08-01|3,POSITIVE,train,2015-08-01,3,2015,monsoon,N:2015-08-01,2015-08-01T12:00:00+00:00,f006,gfs.0p25.2015080112.f006.grib2,https://data.gdex.ucar.edu/d084001/2015/20150801/gfs.0p25.2015080112.f006.grib2,2015,D:\SIH-Historical-GFS\raw,"episode-aware, year/season-stratified selection for Phase 0.4.24 300-event-group TS target; episode N:2015-08-01, monsoon 2015",False
192,IND_13.0_78.0|2015-08-17|1,POSITIVE,train,2015-08-17,1,2015,monsoon,N:2015-08-17,2015-08-17T00:00:00+00:00,f003,gfs.0p25.2015081700.f003.grib2,https://data.gdex.ucar.edu/d084001/2015/20150817/gfs.0p25.2015081700.f003.grib2,2015,D:\SIH-Historical-GFS\raw,"episode-aware, year/season-stratified selection for Phase 0.4.24 300-event-group TS target; episode N:2015-08-17, monsoon 2015",False
192,IND_13.0_78.0|2015-08-17|1,POSITIVE,train,2015-08-17,1,2015,monsoon,N:2015-08-17,2015-08-17T00:00:00+00:00,f006,gfs.0p25.2015081700.f006.grib2,https://data.gdex.ucar.edu/d084001/2015/20150817/gfs.0p25.2015081700.f006.grib2,2015,D:\SIH-Historical-GFS\raw,"episode-aware, year/season-stratified selection for Phase 0.4.24 300-event-group TS target; episode N:2015-08-17, monsoon 2015",False
193,IND_13.0_78.0|2015-10-04|0,POSITIVE,train,2015-10-04,0,2015,post-monsoon,N:2015-10-04,2015-10-03T18:00:00+00:00,f003,gfs.0p25.2015100318.f003.grib2,https://data.gdex.ucar.edu/d084001/2015/20151003/gfs.0p25.2015100318.f003.grib2,2015,D:\SIH-Historical-GFS\raw,"episode-aware, year/season-stratified selection for Phase 0.4.24 300-event-group TS target; episode N:2015-10-04, post-monsoon 2015",False
193,IND_13.0_78.0|2015-10-04|0,POSITIVE,train,2015-10-04,0,2015,post-monsoon,N:2015-10-04,2015-10-03T18:00:00+00:00,f006,gfs.0p25.2015100318.f006.grib2,https://data.gdex.ucar.edu/d084001/2015/20151003/gfs.0p25.2015100318.f006.grib2,2015,D:\SIH-Historical-GFS\raw,"episode-aware, year/season-stratified selection for Phase 0.4.24 300-event-group TS target; episode N:2015-10-04, post-monsoon 2015",False
194,IND_13.0_78.0|2015-10-06|3,POSITIVE,train,2015-10-06,3,2015,post-monsoon,N:2015-10-06,2015-10-06T12:00:00+00:00,f003,gfs.0p25.2015100612.f003.grib2,https://data.gdex.ucar.edu/d084001/2015/20151006/gfs.0p25.2015100612.f003.grib2,2015,D:\SIH-Historical-GFS\raw,"episode-aware, year/season-stratified selection for Phase 0.4.24 300-event-group TS target; episode N:2015-10-06, post-monsoon 2015",False
194,IND_13.0_78.0|2015-10-06|3,POSITIVE,train,2015-10-06,3,2015,post-monsoon,N:2015-10-06,2015-10-06T12:00:00+00:00,f006,gfs.0p25.2015100612.f006.grib2,https://data.gdex.ucar.edu/d084001/2015/20151006/gfs.0p25.2015100612.f006.grib2,2015,D:\SIH-Historical-GFS\raw,"episode-aware, year/season-stratified selection for Phase 0.4.24 300-event-group TS target; episode N:2015-10-06, post-monsoon 2015",False
195,IND_13.0_78.0|2015-11-03|1,POSITIVE,train,2015-11-03,1,2015,post-monsoon,N:2015-11-03,2015-11-03T00:00:00+00:00,f003,gfs.0p25.2015110300.f003.grib2,https://data.gdex.ucar.edu/d084001/2015/20151103/gfs.0p25.2015110300.f003.grib2,2015,D:\SIH-Historical-GFS\raw,"episode-aware, year/season-stratified selection for Phase 0.4.24 300-event-group TS target; episode N:2015-11-03, post-monsoon 2015",False
195,IND_13.0_78.0|2015-11-03|1,POSITIVE,train,2015-11-03,1,2015,post-monsoon,N:2015-11-03,2015-11-03T00:00:00+00:00,f006,gfs.0p25.2015110300.f006.grib2,https://data.gdex.ucar.edu/d084001/2015/20151103/gfs.0p25.2015110300.f006.grib2,2015,D:\SIH-Historical-GFS\raw,"episode-aware, year/season-stratified selection for Phase 0.4.24 300-event-group TS target; episode N:2015-11-03, post-monsoon 2015",False
196,IND_13.0_78.0|2016-03-15|2,POSITIVE,train,2016-03-15,2,2016,pre-monsoon,N:2016-03-15,2016-03-15T06:00:00+00:00,f003,gfs.0p25.2016031506.f003.grib2,https://data.gdex.ucar.edu/d084001/2016/20160315/gfs.0p25.2016031506.f003.grib2,2016,D:\SIH-Historical-GFS\raw,"episode-aware, year/season-stratified selection for Phase 0.4.24 300-event-group TS target; episode N:2016-03-15, pre-monsoon 2016",False
196,IND_13.0_78.0|2016-03-15|2,POSITIVE,train,2016-03-15,2,2016,pre-monsoon,N:2016-03-15,2016-03-15T06:00:00+00:00,f006,gfs.0p25.2016031506.f006.grib2,https://data.gdex.ucar.edu/d084001/2016/20160315/gfs.0p25.2016031506.f006.grib2,2016,D:\SIH-Historical-GFS\raw,"episode-aware, year/season-stratified selection for Phase 0.4.24 300-event-group TS target; episode N:2016-03-15, pre-monsoon 2016",False
197,IND_13.0_78.0|2016-03-16|3,POSITIVE,train,2016-03-16,3,2016,pre-monsoon,N:2016-03-16,2016-03-16T12:00:00+00:00,f003,gfs.0p25.2016031612.f003.grib2,https://data.gdex.ucar.edu/d084001/2016/20160316/gfs.0p25.2016031612.f003.grib2,2016,D:\SIH-Historical-GFS\raw,"episode-aware, year/season-stratified selection for Phase 0.4.24 300-event-group TS target; episode N:2016-03-16, pre-monsoon 2016",False
197,IND_13.0_78.0|2016-03-16|3,POSITIVE,train,2016-03-16,3,2016,pre-monsoon,N:2016-03-16,2016-03-16T12:00:00+00:00,f006,gfs.0p25.2016031612.f006.grib2,https://data.gdex.ucar.edu/d084001/2016/20160316/gfs.0p25.2016031612.f006.grib2,2016,D:\SIH-Historical-GFS\raw,"episode-aware, year/season-stratified selection for Phase 0.4.24 300-event-group TS target; episode N:2016-03-16, pre-monsoon 2016",False
198,IND_13.0_78.0|2016-03-17|3,POSITIVE,train,2016-03-17,3,2016,pre-monsoon,N:2016-03-17,2016-03-17T12:00:00+00:00,f003,gfs.0p25.2016031712.f003.grib2,https://data.gdex.ucar.edu/d084001/2016/20160317/gfs.0p25.2016031712.f003.grib2,2016,D:\SIH-Historical-GFS\raw,"episode-aware, year/season-stratified selection for Phase 0.4.24 300-event-group TS target; episode N:2016-03-17, pre-monsoon 2016",False
198,IND_13.0_78.0|2016-03-17|3,POSITIVE,train,2016-03-17,3,2016,pre-monsoon,N:2016-03-17,2016-03-17T12:00:00+00:00,f006,gfs.0p25.2016031712.f006.grib2,https://data.gdex.ucar.edu/d084001/2016/20160317/gfs.0p25.2016031712.f006.grib2,2016,D:\SIH-Historical-GFS\raw,"episode-aware, year/season-stratified selection for Phase 0.4.24 300-event-group TS target; episode N:2016-03-17, pre-monsoon 2016",False
199,IND_13.0_78.0|2016-04-25|2,POSITIVE,train,2016-04-25,2,2016,pre-monsoon,N:2016-04-25,2016-04-25T06:00:00+00:00,f003,gfs.0p25.2016042506.f003.grib2,https://data.gdex.ucar.edu/d084001/2016/20160425/gfs.0p25.2016042506.f003.grib2,2016,D:\SIH-Historical-GFS\raw,"episode-aware, year/season-stratified selection for Phase 0.4.24 300-event-group TS target; episode N:2016-04-25, pre-monsoon 2016",False
199,IND_13.0_78.0|2016-04-25|2,POSITIVE,train,2016-04-25,2,2016,pre-monsoon,N:2016-04-25,2016-04-25T06:00:00+00:00,f006,gfs.0p25.2016042506.f006.grib2,https://data.gdex.ucar.edu/d084001/2016/20160425/gfs.0p25.2016042506.f006.grib2,2016,D:\SIH-Historical-GFS\raw,"episode-aware, year/season-stratified selection for Phase 0.4.24 300-event-group TS target; episode N:2016-04-25, pre-monsoon 2016",False
200,IND_13.0_78.0|2016-05-02|2,POSITIVE,train,2016-05-02,2,2016,pre-monsoon,N:2016-05-02,2016-05-02T06:00:00+00:00,f003,gfs.0p25.2016050206.f003.grib2,https://data.gdex.ucar.edu/d084001/2016/20160502/gfs.0p25.2016050206.f003.grib2,2016,D:\SIH-Historical-GFS\raw,"episode-aware, year/season-stratified selection for Phase 0.4.24 300-event-group TS target; episode N:2016-05-02, pre-monsoon 2016",False
200,IND_13.0_78.0|2016-05-02|2,POSITIVE,train,2016-05-02,2,2016,pre-monsoon,N:2016-05-02,2016-05-02T06:00:00+00:00,f006,gfs.0p25.2016050206.f006.grib2,https://data.gdex.ucar.edu/d084001/2016/20160502/gfs.0p25.2016050206.f006.grib2,2016,D:\SIH-Historical-GFS\raw,"episode-aware, year/season-stratified selection for Phase 0.4.24 300-event-group TS target; episode N:2016-05-02, pre-monsoon 2016",False
201,IND_13.0_78.0|2016-05-05|2,POSITIVE,train,2016-05-05,2,2016,pre-monsoon,N:2016-05-05,2016-05-05T06:00:00+00:00,f003,gfs.0p25.2016050506.f003.grib2,https://data.gdex.ucar.edu/d084001/2016/20160505/gfs.0p25.2016050506.f003.grib2,2016,D:\SIH-Historical-GFS\raw,"episode-aware, year/season-stratified selection for Phase 0.4.24 300-event-group TS target; episode N:2016-05-05, pre-monsoon 2016",False
201,IND_13.0_78.0|2016-05-05|2,POSITIVE,train,2016-05-05,2,2016,pre-monsoon,N:2016-05-05,2016-05-05T06:00:00+00:00,f006,gfs.0p25.2016050506.f006.grib2,https://data.gdex.ucar.edu/d084001/2016/20160505/gfs.0p25.2016050506.f006.grib2,2016,D:\SIH-Historical-GFS\raw,"episode-aware, year/season-stratified selection for Phase 0.4.24 300-event-group TS target; episode N:2016-05-05, pre-monsoon 2016",False
202,IND_13.0_78.0|2016-05-20|0,POSITIVE,train,2016-05-20,0,2016,pre-monsoon,N:2016-05-20,2016-05-19T18:00:00+00:00,f003,gfs.0p25.2016051918.f003.grib2,https://data.gdex.ucar.edu/d084001/2016/20160519/gfs.0p25.2016051918.f003.grib2,2016,D:\SIH-Historical-GFS\raw,"episode-aware, year/season-stratified selection for Phase 0.4.24 300-event-group TS target; episode N:2016-05-20, pre-monsoon 2016",False
202,IND_13.0_78.0|2016-05-20|0,POSITIVE,train,2016-05-20,0,2016,pre-monsoon,N:2016-05-20,2016-05-19T18:00:00+00:00,f006,gfs.0p25.2016051918.f006.grib2,https://data.gdex.ucar.edu/d084001/2016/20160519/gfs.0p25.2016051918.f006.grib2,2016,D:\SIH-Historical-GFS\raw,"episode-aware, year/season-stratified selection for Phase 0.4.24 300-event-group TS target; episode N:2016-05-20, pre-monsoon 2016",False
203,IND_13.0_78.0|2016-06-01|2,POSITIVE,train,2016-06-01,2,2016,monsoon,N:2016-06-01,2016-06-01T06:00:00+00:00,f003,gfs.0p25.2016060106.f003.grib2,https://data.gdex.ucar.edu/d084001/2016/20160601/gfs.0p25.2016060106.f003.grib2,2016,D:\SIH-Historical-GFS\raw,"episode-aware, year/season-stratified selection for Phase 0.4.24 300-event-group TS target; episode N:2016-06-01, monsoon 2016",False
203,IND_13.0_78.0|2016-06-01|2,POSITIVE,train,2016-06-01,2,2016,monsoon,N:2016-06-01,2016-06-01T06:00:00+00:00,f006,gfs.0p25.2016060106.f006.grib2,https://data.gdex.ucar.edu/d084001/2016/20160601/gfs.0p25.2016060106.f006.grib2,2016,D:\SIH-Historical-GFS\raw,"episode-aware, year/season-stratified selection for Phase 0.4.24 300-event-group TS target; episode N:2016-06-01, monsoon 2016",False
204,IND_13.0_78.0|2016-06-02|0,POSITIVE,train,2016-06-02,0,2016,monsoon,N:2016-06-02,2016-06-01T18:00:00+00:00,f003,gfs.0p25.2016060118.f003.grib2,https://data.gdex.ucar.edu/d084001/2016/20160601/gfs.0p25.2016060118.f003.grib2,2016,D:\SIH-Historical-GFS\raw,"episode-aware, year/season-stratified selection for Phase 0.4.24 300-event-group TS target; episode N:2016-06-02, monsoon 2016",False
204,IND_13.0_78.0|2016-06-02|0,POSITIVE,train,2016-06-02,0,2016,monsoon,N:2016-06-02,2016-06-01T18:00:00+00:00,f006,gfs.0p25.2016060118.f006.grib2,https://data.gdex.ucar.edu/d084001/2016/20160601/gfs.0p25.2016060118.f006.grib2,2016,D:\SIH-Historical-GFS\raw,"episode-aware, year/season-stratified selection for Phase 0.4.24 300-event-group TS target; episode N:2016-06-02, monsoon 2016",False
205,IND_13.0_78.0|2016-06-03|3,POSITIVE,train,2016-06-03,3,2016,monsoon,N:2016-06-03,2016-06-03T12:00:00+00:00,f003,gfs.0p25.2016060312.f003.grib2,https://data.gdex.ucar.edu/d084001/2016/20160603/gfs.0p25.2016060312.f003.grib2,2016,D:\SIH-Historical-GFS\raw,"episode-aware, year/season-stratified selection for Phase 0.4.24 300-event-group TS target; episode N:2016-06-03, monsoon 2016",False
205,IND_13.0_78.0|2016-06-03|3,POSITIVE,train,2016-06-03,3,2016,monsoon,N:2016-06-03,2016-06-03T12:00:00+00:00,f006,gfs.0p25.2016060312.f006.grib2,https://data.gdex.ucar.edu/d084001/2016/20160603/gfs.0p25.2016060312.f006.grib2,2016,D:\SIH-Historical-GFS\raw,"episode-aware, year/season-stratified selection for Phase 0.4.24 300-event-group TS target; episode N:2016-06-03, monsoon 2016",False
206,IND_13.0_78.0|2016-06-06|3,POSITIVE,train,2016-06-06,3,2016,monsoon,N:2016-06-06,2016-06-06T12:00:00+00:00,f003,gfs.0p25.2016060612.f003.grib2,https://data.gdex.ucar.edu/d084001/2016/20160606/gfs.0p25.2016060612.f003.grib2,2016,D:\SIH-Historical-GFS\raw,"episode-aware, year/season-stratified selection for Phase 0.4.24 300-event-group TS target; episode N:2016-06-06, monsoon 2016",False
206,IND_13.0_78.0|2016-06-06|3,POSITIVE,train,2016-06-06,3,2016,monsoon,N:2016-06-06,2016-06-06T12:00:00+00:00,f006,gfs.0p25.2016060612.f006.grib2,https://data.gdex.ucar.edu/d084001/2016/20160606/gfs.0p25.2016060612.f006.grib2,2016,D:\SIH-Historical-GFS\raw,"episode-aware, year/season-stratified selection for Phase 0.4.24 300-event-group TS target; episode N:2016-06-06, monsoon 2016",False
207,IND_13.0_78.0|2016-06-27|2,POSITIVE,train,2016-06-27,2,2016,monsoon,N:2016-06-27,2016-06-27T06:00:00+00:00,f003,gfs.0p25.2016062706.f003.grib2,https://data.gdex.ucar.edu/d084001/2016/20160627/gfs.0p25.2016062706.f003.grib2,2016,D:\SIH-Historical-GFS\raw,"episode-aware, year/season-stratified selection for Phase 0.4.24 300-event-group TS target; episode N:2016-06-27, monsoon 2016",False
207,IND_13.0_78.0|2016-06-27|2,POSITIVE,train,2016-06-27,2,2016,monsoon,N:2016-06-27,2016-06-27T06:00:00+00:00,f006,gfs.0p25.2016062706.f006.grib2,https://data.gdex.ucar.edu/d084001/2016/20160627/gfs.0p25.2016062706.f006.grib2,2016,D:\SIH-Historical-GFS\raw,"episode-aware, year/season-stratified selection for Phase 0.4.24 300-event-group TS target; episode N:2016-06-27, monsoon 2016",False
208,IND_13.0_78.0|2016-07-16|3,POSITIVE,train,2016-07-16,3,2016,monsoon,N:2016-07-16,2016-07-16T12:00:00+00:00,f003,gfs.0p25.2016071612.f003.grib2,https://data.gdex.ucar.edu/d084001/2016/20160716/gfs.0p25.2016071612.f003.grib2,2016,D:\SIH-Historical-GFS\raw,"episode-aware, year/season-stratified selection for Phase 0.4.24 300-event-group TS target; episode N:2016-07-16, monsoon 2016",False
208,IND_13.0_78.0|2016-07-16|3,POSITIVE,train,2016-07-16,3,2016,monsoon,N:2016-07-16,2016-07-16T12:00:00+00:00,f006,gfs.0p25.2016071612.f006.grib2,https://data.gdex.ucar.edu/d084001/2016/20160716/gfs.0p25.2016071612.f006.grib2,2016,D:\SIH-Historical-GFS\raw,"episode-aware, year/season-stratified selection for Phase 0.4.24 300-event-group TS target; episode N:2016-07-16, monsoon 2016",False
209,IND_13.0_78.0|2016-07-17|1,POSITIVE,train,2016-07-17,1,2016,monsoon,N:2016-07-17,2016-07-17T00:00:00+00:00,f003,gfs.0p25.2016071700.f003.grib2,https://data.gdex.ucar.edu/d084001/2016/20160717/gfs.0p25.2016071700.f003.grib2,2016,D:\SIH-Historical-GFS\raw,"episode-aware, year/season-stratified selection for Phase 0.4.24 300-event-group TS target; episode N:2016-07-17, monsoon 2016",False
209,IND_13.0_78.0|2016-07-17|1,POSITIVE,train,2016-07-17,1,2016,monsoon,N:2016-07-17,2016-07-17T00:00:00+00:00,f006,gfs.0p25.2016071700.f006.grib2,https://data.gdex.ucar.edu/d084001/2016/20160717/gfs.0p25.2016071700.f006.grib2,2016,D:\SIH-Historical-GFS\raw,"episode-aware, year/season-stratified selection for Phase 0.4.24 300-event-group TS target; episode N:2016-07-17, monsoon 2016",False
210,IND_13.0_78.0|2016-07-29|0,POSITIVE,train,2016-07-29,0,2016,monsoon,N:2016-07-29,2016-07-28T18:00:00+00:00,f003,gfs.0p25.2016072818.f003.grib2,https://data.gdex.ucar.edu/d084001/2016/20160728/gfs.0p25.2016072818.f003.grib2,2016,D:\SIH-Historical-GFS\raw,"episode-aware, year/season-stratified selection for Phase 0.4.24 300-event-group TS target; episode N:2016-07-29, monsoon 2016",False
210,IND_13.0_78.0|2016-07-29|0,POSITIVE,train,2016-07-29,0,2016,monsoon,N:2016-07-29,2016-07-28T18:00:00+00:00,f006,gfs.0p25.2016072818.f006.grib2,https://data.gdex.ucar.edu/d084001/2016/20160728/gfs.0p25.2016072818.f006.grib2,2016,D:\SIH-Historical-GFS\raw,"episode-aware, year/season-stratified selection for Phase 0.4.24 300-event-group TS target; episode N:2016-07-29, monsoon 2016",False
211,IND_13.0_78.0|2017-03-06|3,POSITIVE,train,2017-03-06,3,2017,pre-monsoon,N:2017-03-06,2017-03-06T12:00:00+00:00,f003,gfs.0p25.2017030612.f003.grib2,https://data.gdex.ucar.edu/d084001/2017/20170306/gfs.0p25.2017030612.f003.grib2,2017,D:\SIH-Historical-GFS\raw,"episode-aware, year/season-stratified selection for Phase 0.4.24 300-event-group TS target; episode N:2017-03-06, pre-monsoon 2017",False
211,IND_13.0_78.0|2017-03-06|3,POSITIVE,train,2017-03-06,3,2017,pre-monsoon,N:2017-03-06,2017-03-06T12:00:00+00:00,f006,gfs.0p25.2017030612.f006.grib2,https://data.gdex.ucar.edu/d084001/2017/20170306/gfs.0p25.2017030612.f006.grib2,2017,D:\SIH-Historical-GFS\raw,"episode-aware, year/season-stratified selection for Phase 0.4.24 300-event-group TS target; episode N:2017-03-06, pre-monsoon 2017",False
212,IND_13.0_78.0|2017-03-07|3,POSITIVE,train,2017-03-07,3,2017,pre-monsoon,N:2017-03-07,2017-03-07T12:00:00+00:00,f003,gfs.0p25.2017030712.f003.grib2,https://data.gdex.ucar.edu/d084001/2017/20170307/gfs.0p25.2017030712.f003.grib2,2017,D:\SIH-Historical-GFS\raw,"episode-aware, year/season-stratified selection for Phase 0.4.24 300-event-group TS target; episode N:2017-03-07, pre-monsoon 2017",False
212,IND_13.0_78.0|2017-03-07|3,POSITIVE,train,2017-03-07,3,2017,pre-monsoon,N:2017-03-07,2017-03-07T12:00:00+00:00,f006,gfs.0p25.2017030712.f006.grib2,https://data.gdex.ucar.edu/d084001/2017/20170307/gfs.0p25.2017030712.f006.grib2,2017,D:\SIH-Historical-GFS\raw,"episode-aware, year/season-stratified selection for Phase 0.4.24 300-event-group TS target; episode N:2017-03-07, pre-monsoon 2017",False
213,IND_13.0_78.0|2017-04-05|2,POSITIVE,train,2017-04-05,2,2017,pre-monsoon,N:2017-04-05,2017-04-05T06:00:00+00:00,f003,gfs.0p25.2017040506.f003.grib2,https://data.gdex.ucar.edu/d084001/2017/20170405/gfs.0p25.2017040506.f003.grib2,2017,D:\SIH-Historical-GFS\raw,"episode-aware, year/season-stratified selection for Phase 0.4.24 300-event-group TS target; episode N:2017-04-05, pre-monsoon 2017",False
213,IND_13.0_78.0|2017-04-05|2,POSITIVE,train,2017-04-05,2,2017,pre-monsoon,N:2017-04-05,2017-04-05T06:00:00+00:00,f006,gfs.0p25.2017040506.f006.grib2,https://data.gdex.ucar.edu/d084001/2017/20170405/gfs.0p25.2017040506.f006.grib2,2017,D:\SIH-Historical-GFS\raw,"episode-aware, year/season-stratified selection for Phase 0.4.24 300-event-group TS target; episode N:2017-04-05, pre-monsoon 2017",False
214,IND_13.0_78.0|2017-04-06|3,POSITIVE,train,2017-04-06,3,2017,pre-monsoon,N:2017-04-06,2017-04-06T12:00:00+00:00,f003,gfs.0p25.2017040612.f003.grib2,https://data.gdex.ucar.edu/d084001/2017/20170406/gfs.0p25.2017040612.f003.grib2,2017,D:\SIH-Historical-GFS\raw,"episode-aware, year/season-stratified selection for Phase 0.4.24 300-event-group TS target; episode N:2017-04-06, pre-monsoon 2017",False
214,IND_13.0_78.0|2017-04-06|3,POSITIVE,train,2017-04-06,3,2017,pre-monsoon,N:2017-04-06,2017-04-06T12:00:00+00:00,f006,gfs.0p25.2017040612.f006.grib2,https://data.gdex.ucar.edu/d084001/2017/20170406/gfs.0p25.2017040612.f006.grib2,2017,D:\SIH-Historical-GFS\raw,"episode-aware, year/season-stratified selection for Phase 0.4.24 300-event-group TS target; episode N:2017-04-06, pre-monsoon 2017",False
215,IND_13.0_78.0|2017-05-01|1,POSITIVE,train,2017-05-01,1,2017,pre-monsoon,N:2017-05-01,2017-05-01T00:00:00+00:00,f003,gfs.0p25.2017050100.f003.grib2,https://data.gdex.ucar.edu/d084001/2017/20170501/gfs.0p25.2017050100.f003.grib2,2017,D:\SIH-Historical-GFS\raw,"episode-aware, year/season-stratified selection for Phase 0.4.24 300-event-group TS target; episode N:2017-05-01, pre-monsoon 2017",False
215,IND_13.0_78.0|2017-05-01|1,POSITIVE,train,2017-05-01,1,2017,pre-monsoon,N:2017-05-01,2017-05-01T00:00:00+00:00,f006,gfs.0p25.2017050100.f006.grib2,https://data.gdex.ucar.edu/d084001/2017/20170501/gfs.0p25.2017050100.f006.grib2,2017,D:\SIH-Historical-GFS\raw,"episode-aware, year/season-stratified selection for Phase 0.4.24 300-event-group TS target; episode N:2017-05-01, pre-monsoon 2017",False
216,IND_13.0_78.0|2017-06-09|2,POSITIVE,train,2017-06-09,2,2017,monsoon,N:2017-06-09,2017-06-09T06:00:00+00:00,f003,gfs.0p25.2017060906.f003.grib2,https://data.gdex.ucar.edu/d084001/2017/20170609/gfs.0p25.2017060906.f003.grib2,2017,D:\SIH-Historical-GFS\raw,"episode-aware, year/season-stratified selection for Phase 0.4.24 300-event-group TS target; episode N:2017-06-09, monsoon 2017",False
216,IND_13.0_78.0|2017-06-09|2,POSITIVE,train,2017-06-09,2,2017,monsoon,N:2017-06-09,2017-06-09T06:00:00+00:00,f006,gfs.0p25.2017060906.f006.grib2,https://data.gdex.ucar.edu/d084001/2017/20170609/gfs.0p25.2017060906.f006.grib2,2017,D:\SIH-Historical-GFS\raw,"episode-aware, year/season-stratified selection for Phase 0.4.24 300-event-group TS target; episode N:2017-06-09, monsoon 2017",False
217,IND_13.0_78.0|2017-06-16|2,POSITIVE,train,2017-06-16,2,2017,monsoon,N:2017-06-16,2017-06-16T06:00:00+00:00,f003,gfs.0p25.2017061606.f003.grib2,https://data.gdex.ucar.edu/d084001/2017/20170616/gfs.0p25.2017061606.f003.grib2,2017,D:\SIH-Historical-GFS\raw,"episode-aware, year/season-stratified selection for Phase 0.4.24 300-event-group TS target; episode N:2017-06-16, monsoon 2017",False
217,IND_13.0_78.0|2017-06-16|2,POSITIVE,train,2017-06-16,2,2017,monsoon,N:2017-06-16,2017-06-16T06:00:00+00:00,f006,gfs.0p25.2017061606.f006.grib2,https://data.gdex.ucar.edu/d084001/2017/20170616/gfs.0p25.2017061606.f006.grib2,2017,D:\SIH-Historical-GFS\raw,"episode-aware, year/season-stratified selection for Phase 0.4.24 300-event-group TS target; episode N:2017-06-16, monsoon 2017",False
218,IND_13.0_78.0|2017-07-05|2,POSITIVE,train,2017-07-05,2,2017,monsoon,N:2017-07-05,2017-07-05T06:00:00+00:00,f003,gfs.0p25.2017070506.f003.grib2,https://data.gdex.ucar.edu/d084001/2017/20170705/gfs.0p25.2017070506.f003.grib2,2017,D:\SIH-Historical-GFS\raw,"episode-aware, year/season-stratified selection for Phase 0.4.24 300-event-group TS target; episode N:2017-07-05, monsoon 2017",False
218,IND_13.0_78.0|2017-07-05|2,POSITIVE,train,2017-07-05,2,2017,monsoon,N:2017-07-05,2017-07-05T06:00:00+00:00,f006,gfs.0p25.2017070506.f006.grib2,https://data.gdex.ucar.edu/d084001/2017/20170705/gfs.0p25.2017070506.f006.grib2,2017,D:\SIH-Historical-GFS\raw,"episode-aware, year/season-stratified selection for Phase 0.4.24 300-event-group TS target; episode N:2017-07-05, monsoon 2017",False
219,IND_13.0_78.0|2017-07-27|3,POSITIVE,train,2017-07-27,3,2017,monsoon,N:2017-07-27,2017-07-27T12:00:00+00:00,f003,gfs.0p25.2017072712.f003.grib2,https://data.gdex.ucar.edu/d084001/2017/20170727/gfs.0p25.2017072712.f003.grib2,2017,D:\SIH-Historical-GFS\raw,"episode-aware, year/season-stratified selection for Phase 0.4.24 300-event-group TS target; episode N:2017-07-27, monsoon 2017",False
219,IND_13.0_78.0|2017-07-27|3,POSITIVE,train,2017-07-27,3,2017,monsoon,N:2017-07-27,2017-07-27T12:00:00+00:00,f006,gfs.0p25.2017072712.f006.grib2,https://data.gdex.ucar.edu/d084001/2017/20170727/gfs.0p25.2017072712.f006.grib2,2017,D:\SIH-Historical-GFS\raw,"episode-aware, year/season-stratified selection for Phase 0.4.24 300-event-group TS target; episode N:2017-07-27, monsoon 2017",False
220,IND_13.0_78.0|2017-09-01|0,POSITIVE,train,2017-09-01,0,2017,monsoon,N:2017-09-01,2017-08-31T18:00:00+00:00,f003,gfs.0p25.2017083118.f003.grib2,https://data.gdex.ucar.edu/d084001/2017/20170831/gfs.0p25.2017083118.f003.grib2,2017,D:\SIH-Historical-GFS\raw,"episode-aware, year/season-stratified selection for Phase 0.4.24 300-event-group TS target; episode N:2017-09-01, monsoon 2017",False
220,IND_13.0_78.0|2017-09-01|0,POSITIVE,train,2017-09-01,0,2017,monsoon,N:2017-09-01,2017-08-31T18:00:00+00:00,f006,gfs.0p25.2017083118.f006.grib2,https://data.gdex.ucar.edu/d084001/2017/20170831/gfs.0p25.2017083118.f006.grib2,2017,D:\SIH-Historical-GFS\raw,"episode-aware, year/season-stratified selection for Phase 0.4.24 300-event-group TS target; episode N:2017-09-01, monsoon 2017",False
221,IND_13.0_78.0|2017-09-27|1,POSITIVE,train,2017-09-27,1,2017,monsoon,N:2017-09-27,2017-09-27T00:00:00+00:00,f003,gfs.0p25.2017092700.f003.grib2,https://data.gdex.ucar.edu/d084001/2017/20170927/gfs.0p25.2017092700.f003.grib2,2017,D:\SIH-Historical-GFS\raw,"episode-aware, year/season-stratified selection for Phase 0.4.24 300-event-group TS target; episode N:2017-09-27, monsoon 2017",False
221,IND_13.0_78.0|2017-09-27|1,POSITIVE,train,2017-09-27,1,2017,monsoon,N:2017-09-27,2017-09-27T00:00:00+00:00,f006,gfs.0p25.2017092700.f006.grib2,https://data.gdex.ucar.edu/d084001/2017/20170927/gfs.0p25.2017092700.f006.grib2,2017,D:\SIH-Historical-GFS\raw,"episode-aware, year/season-stratified selection for Phase 0.4.24 300-event-group TS target; episode N:2017-09-27, monsoon 2017",False
222,IND_13.0_78.0|2017-10-01|0,POSITIVE,train,2017-10-01,0,2017,post-monsoon,N:2017-10-01,2017-09-30T18:00:00+00:00,f003,gfs.0p25.2017093018.f003.grib2,https://data.gdex.ucar.edu/d084001/2017/20170930/gfs.0p25.2017093018.f003.grib2,2017,D:\SIH-Historical-GFS\raw,"episode-aware, year/season-stratified selection for Phase 0.4.24 300-event-group TS target; episode N:2017-10-01, post-monsoon 2017",False
222,IND_13.0_78.0|2017-10-01|0,POSITIVE,train,2017-10-01,0,2017,post-monsoon,N:2017-10-01,2017-09-30T18:00:00+00:00,f006,gfs.0p25.2017093018.f006.grib2,https://data.gdex.ucar.edu/d084001/2017/20170930/gfs.0p25.2017093018.f006.grib2,2017,D:\SIH-Historical-GFS\raw,"episode-aware, year/season-stratified selection for Phase 0.4.24 300-event-group TS target; episode N:2017-10-01, post-monsoon 2017",False
223,IND_13.0_78.0|2017-10-02|1,POSITIVE,train,2017-10-02,1,2017,post-monsoon,N:2017-10-02,2017-10-02T00:00:00+00:00,f003,gfs.0p25.2017100200.f003.grib2,https://data.gdex.ucar.edu/d084001/2017/20171002/gfs.0p25.2017100200.f003.grib2,2017,D:\SIH-Historical-GFS\raw,"episode-aware, year/season-stratified selection for Phase 0.4.24 300-event-group TS target; episode N:2017-10-02, post-monsoon 2017",False
223,IND_13.0_78.0|2017-10-02|1,POSITIVE,train,2017-10-02,1,2017,post-monsoon,N:2017-10-02,2017-10-02T00:00:00+00:00,f006,gfs.0p25.2017100200.f006.grib2,https://data.gdex.ucar.edu/d084001/2017/20171002/gfs.0p25.2017100200.f006.grib2,2017,D:\SIH-Historical-GFS\raw,"episode-aware, year/season-stratified selection for Phase 0.4.24 300-event-group TS target; episode N:2017-10-02, post-monsoon 2017",False
224,IND_13.0_78.0|2017-10-04|1,POSITIVE,train,2017-10-04,1,2017,post-monsoon,N:2017-10-04,2017-10-04T00:00:00+00:00,f003,gfs.0p25.2017100400.f003.grib2,https://data.gdex.ucar.edu/d084001/2017/20171004/gfs.0p25.2017100400.f003.grib2,2017,D:\SIH-Historical-GFS\raw,"episode-aware, year/season-stratified selection for Phase 0.4.24 300-event-group TS target; episode N:2017-10-04, post-monsoon 2017",False
224,IND_13.0_78.0|2017-10-04|1,POSITIVE,train,2017-10-04,1,2017,post-monsoon,N:2017-10-04,2017-10-04T00:00:00+00:00,f006,gfs.0p25.2017100400.f006.grib2,https://data.gdex.ucar.edu/d084001/2017/20171004/gfs.0p25.2017100400.f006.grib2,2017,D:\SIH-Historical-GFS\raw,"episode-aware, year/season-stratified selection for Phase 0.4.24 300-event-group TS target; episode N:2017-10-04, post-monsoon 2017",False
225,IND_13.0_78.0|2017-10-11|0,POSITIVE,train,2017-10-11,0,2017,post-monsoon,N:2017-10-11,2017-10-10T18:00:00+00:00,f003,gfs.0p25.2017101018.f003.grib2,https://data.gdex.ucar.edu/d084001/2017/20171010/gfs.0p25.2017101018.f003.grib2,2017,D:\SIH-Historical-GFS\raw,"episode-aware, year/season-stratified selection for Phase 0.4.24 300-event-group TS target; episode N:2017-10-11, post-monsoon 2017",False
225,IND_13.0_78.0|2017-10-11|0,POSITIVE,train,2017-10-11,0,2017,post-monsoon,N:2017-10-11,2017-10-10T18:00:00+00:00,f006,gfs.0p25.2017101018.f006.grib2,https://data.gdex.ucar.edu/d084001/2017/20171010/gfs.0p25.2017101018.f006.grib2,2017,D:\SIH-Historical-GFS\raw,"episode-aware, year/season-stratified selection for Phase 0.4.24 300-event-group TS target; episode N:2017-10-11, post-monsoon 2017",False
226,IND_13.0_78.0|2018-03-15|2,POSITIVE,train,2018-03-15,2,2018,pre-monsoon,N:2018-03-15,2018-03-15T06:00:00+00:00,f003,gfs.0p25.2018031506.f003.grib2,https://data.gdex.ucar.edu/d084001/2018/20180315/gfs.0p25.2018031506.f003.grib2,2018,D:\SIH-Historical-GFS\raw,"episode-aware, year/season-stratified selection for Phase 0.4.24 300-event-group TS target; episode N:2018-03-15, pre-monsoon 2018",False
226,IND_13.0_78.0|2018-03-15|2,POSITIVE,train,2018-03-15,2,2018,pre-monsoon,N:2018-03-15,2018-03-15T06:00:00+00:00,f006,gfs.0p25.2018031506.f006.grib2,https://data.gdex.ucar.edu/d084001/2018/20180315/gfs.0p25.2018031506.f006.grib2,2018,D:\SIH-Historical-GFS\raw,"episode-aware, year/season-stratified selection for Phase 0.4.24 300-event-group TS target; episode N:2018-03-15, pre-monsoon 2018",False
227,IND_13.0_78.0|2018-03-16|3,POSITIVE,train,2018-03-16,3,2018,pre-monsoon,N:2018-03-16,2018-03-16T12:00:00+00:00,f003,gfs.0p25.2018031612.f003.grib2,https://data.gdex.ucar.edu/d084001/2018/20180316/gfs.0p25.2018031612.f003.grib2,2018,D:\SIH-Historical-GFS\raw,"episode-aware, year/season-stratified selection for Phase 0.4.24 300-event-group TS target; episode N:2018-03-16, pre-monsoon 2018",False
227,IND_13.0_78.0|2018-03-16|3,POSITIVE,train,2018-03-16,3,2018,pre-monsoon,N:2018-03-16,2018-03-16T12:00:00+00:00,f006,gfs.0p25.2018031612.f006.grib2,https://data.gdex.ucar.edu/d084001/2018/20180316/gfs.0p25.2018031612.f006.grib2,2018,D:\SIH-Historical-GFS\raw,"episode-aware, year/season-stratified selection for Phase 0.4.24 300-event-group TS target; episode N:2018-03-16, pre-monsoon 2018",False
228,IND_13.0_78.0|2018-03-17|0,POSITIVE,train,2018-03-17,0,2018,pre-monsoon,N:2018-03-17,2018-03-16T18:00:00+00:00,f003,gfs.0p25.2018031618.f003.grib2,https://data.gdex.ucar.edu/d084001/2018/20180316/gfs.0p25.2018031618.f003.grib2,2018,D:\SIH-Historical-GFS\raw,"episode-aware, year/season-stratified selection for Phase 0.4.24 300-event-group TS target; episode N:2018-03-17, pre-monsoon 2018",False
228,IND_13.0_78.0|2018-03-17|0,POSITIVE,train,2018-03-17,0,2018,pre-monsoon,N:2018-03-17,2018-03-16T18:00:00+00:00,f006,gfs.0p25.2018031618.f006.grib2,https://data.gdex.ucar.edu/d084001/2018/20180316/gfs.0p25.2018031618.f006.grib2,2018,D:\SIH-Historical-GFS\raw,"episode-aware, year/season-stratified selection for Phase 0.4.24 300-event-group TS target; episode N:2018-03-17, pre-monsoon 2018",False
229,IND_13.0_78.0|2018-03-29|3,POSITIVE,train,2018-03-29,3,2018,pre-monsoon,N:2018-03-29,2018-03-29T12:00:00+00:00,f003,gfs.0p25.2018032912.f003.grib2,https://data.gdex.ucar.edu/d084001/2018/20180329/gfs.0p25.2018032912.f003.grib2,2018,D:\SIH-Historical-GFS\raw,"episode-aware, year/season-stratified selection for Phase 0.4.24 300-event-group TS target; episode N:2018-03-29, pre-monsoon 2018",False
229,IND_13.0_78.0|2018-03-29|3,POSITIVE,train,2018-03-29,3,2018,pre-monsoon,N:2018-03-29,2018-03-29T12:00:00+00:00,f006,gfs.0p25.2018032912.f006.grib2,https://data.gdex.ucar.edu/d084001/2018/20180329/gfs.0p25.2018032912.f006.grib2,2018,D:\SIH-Historical-GFS\raw,"episode-aware, year/season-stratified selection for Phase 0.4.24 300-event-group TS target; episode N:2018-03-29, pre-monsoon 2018",False
230,IND_13.0_78.0|2018-03-30|2,POSITIVE,train,2018-03-30,2,2018,pre-monsoon,N:2018-03-30,2018-03-30T06:00:00+00:00,f003,gfs.0p25.2018033006.f003.grib2,https://data.gdex.ucar.edu/d084001/2018/20180330/gfs.0p25.2018033006.f003.grib2,2018,D:\SIH-Historical-GFS\raw,"episode-aware, year/season-stratified selection for Phase 0.4.24 300-event-group TS target; episode N:2018-03-30, pre-monsoon 2018",False
230,IND_13.0_78.0|2018-03-30|2,POSITIVE,train,2018-03-30,2,2018,pre-monsoon,N:2018-03-30,2018-03-30T06:00:00+00:00,f006,gfs.0p25.2018033006.f006.grib2,https://data.gdex.ucar.edu/d084001/2018/20180330/gfs.0p25.2018033006.f006.grib2,2018,D:\SIH-Historical-GFS\raw,"episode-aware, year/season-stratified selection for Phase 0.4.24 300-event-group TS target; episode N:2018-03-30, pre-monsoon 2018",False
231,IND_13.0_78.0|2018-04-19|3,POSITIVE,train,2018-04-19,3,2018,pre-monsoon,N:2018-04-19,2018-04-19T12:00:00+00:00,f003,gfs.0p25.2018041912.f003.grib2,https://data.gdex.ucar.edu/d084001/2018/20180419/gfs.0p25.2018041912.f003.grib2,2018,D:\SIH-Historical-GFS\raw,"episode-aware, year/season-stratified selection for Phase 0.4.24 300-event-group TS target; episode N:2018-04-19, pre-monsoon 2018",False
231,IND_13.0_78.0|2018-04-19|3,POSITIVE,train,2018-04-19,3,2018,pre-monsoon,N:2018-04-19,2018-04-19T12:00:00+00:00,f006,gfs.0p25.2018041912.f006.grib2,https://data.gdex.ucar.edu/d084001/2018/20180419/gfs.0p25.2018041912.f006.grib2,2018,D:\SIH-Historical-GFS\raw,"episode-aware, year/season-stratified selection for Phase 0.4.24 300-event-group TS target; episode N:2018-04-19, pre-monsoon 2018",False
232,IND_13.0_78.0|2018-05-01|1,POSITIVE,train,2018-05-01,1,2018,pre-monsoon,N:2018-05-01,2018-05-01T00:00:00+00:00,f003,gfs.0p25.2018050100.f003.grib2,https://data.gdex.ucar.edu/d084001/2018/20180501/gfs.0p25.2018050100.f003.grib2,2018,D:\SIH-Historical-GFS\raw,"episode-aware, year/season-stratified selection for Phase 0.4.24 300-event-group TS target; episode N:2018-05-01, pre-monsoon 2018",False
232,IND_13.0_78.0|2018-05-01|1,POSITIVE,train,2018-05-01,1,2018,pre-monsoon,N:2018-05-01,2018-05-01T00:00:00+00:00,f006,gfs.0p25.2018050100.f006.grib2,https://data.gdex.ucar.edu/d084001/2018/20180501/gfs.0p25.2018050100.f006.grib2,2018,D:\SIH-Historical-GFS\raw,"episode-aware, year/season-stratified selection for Phase 0.4.24 300-event-group TS target; episode N:2018-05-01, pre-monsoon 2018",False
233,IND_13.0_78.0|2018-06-01|3,POSITIVE,train,2018-06-01,3,2018,monsoon,N:2018-06-01,2018-06-01T12:00:00+00:00,f003,gfs.0p25.2018060112.f003.grib2,https://data.gdex.ucar.edu/d084001/2018/20180601/gfs.0p25.2018060112.f003.grib2,2018,D:\SIH-Historical-GFS\raw,"episode-aware, year/season-stratified selection for Phase 0.4.24 300-event-group TS target; episode N:2018-06-01, monsoon 2018",False
233,IND_13.0_78.0|2018-06-01|3,POSITIVE,train,2018-06-01,3,2018,monsoon,N:2018-06-01,2018-06-01T12:00:00+00:00,f006,gfs.0p25.2018060112.f006.grib2,https://data.gdex.ucar.edu/d084001/2018/20180601/gfs.0p25.2018060112.f006.grib2,2018,D:\SIH-Historical-GFS\raw,"episode-aware, year/season-stratified selection for Phase 0.4.24 300-event-group TS target; episode N:2018-06-01, monsoon 2018",False
234,IND_13.0_78.0|2018-06-02|2,POSITIVE,train,2018-06-02,2,2018,monsoon,N:2018-06-02,2018-06-02T06:00:00+00:00,f003,gfs.0p25.2018060206.f003.grib2,https://data.gdex.ucar.edu/d084001/2018/20180602/gfs.0p25.2018060206.f003.grib2,2018,D:\SIH-Historical-GFS\raw,"episode-aware, year/season-stratified selection for Phase 0.4.24 300-event-group TS target; episode N:2018-06-02, monsoon 2018",False
234,IND_13.0_78.0|2018-06-02|2,POSITIVE,train,2018-06-02,2,2018,monsoon,N:2018-06-02,2018-06-02T06:00:00+00:00,f006,gfs.0p25.2018060206.f006.grib2,https://data.gdex.ucar.edu/d084001/2018/20180602/gfs.0p25.2018060206.f006.grib2,2018,D:\SIH-Historical-GFS\raw,"episode-aware, year/season-stratified selection for Phase 0.4.24 300-event-group TS target; episode N:2018-06-02, monsoon 2018",False
235,IND_13.0_78.0|2018-06-03|2,POSITIVE,train,2018-06-03,2,2018,monsoon,N:2018-06-03,2018-06-03T06:00:00+00:00,f003,gfs.0p25.2018060306.f003.grib2,https://data.gdex.ucar.edu/d084001/2018/20180603/gfs.0p25.2018060306.f003.grib2,2018,D:\SIH-Historical-GFS\raw,"episode-aware, year/season-stratified selection for Phase 0.4.24 300-event-group TS target; episode N:2018-06-03, monsoon 2018",False
235,IND_13.0_78.0|2018-06-03|2,POSITIVE,train,2018-06-03,2,2018,monsoon,N:2018-06-03,2018-06-03T06:00:00+00:00,f006,gfs.0p25.2018060306.f006.grib2,https://data.gdex.ucar.edu/d084001/2018/20180603/gfs.0p25.2018060306.f006.grib2,2018,D:\SIH-Historical-GFS\raw,"episode-aware, year/season-stratified selection for Phase 0.4.24 300-event-group TS target; episode N:2018-06-03, monsoon 2018",False
236,IND_13.0_78.0|2018-06-15|3,POSITIVE,train,2018-06-15,3,2018,monsoon,N:2018-06-15,2018-06-15T12:00:00+00:00,f003,gfs.0p25.2018061512.f003.grib2,https://data.gdex.ucar.edu/d084001/2018/20180615/gfs.0p25.2018061512.f003.grib2,2018,D:\SIH-Historical-GFS\raw,"episode-aware, year/season-stratified selection for Phase 0.4.24 300-event-group TS target; episode N:2018-06-15, monsoon 2018",False
236,IND_13.0_78.0|2018-06-15|3,POSITIVE,train,2018-06-15,3,2018,monsoon,N:2018-06-15,2018-06-15T12:00:00+00:00,f006,gfs.0p25.2018061512.f006.grib2,https://data.gdex.ucar.edu/d084001/2018/20180615/gfs.0p25.2018061512.f006.grib2,2018,D:\SIH-Historical-GFS\raw,"episode-aware, year/season-stratified selection for Phase 0.4.24 300-event-group TS target; episode N:2018-06-15, monsoon 2018",False
237,IND_13.0_78.0|2018-09-14|0,POSITIVE,train,2018-09-14,0,2018,monsoon,N:2018-09-14,2018-09-13T18:00:00+00:00,f003,gfs.0p25.2018091318.f003.grib2,https://data.gdex.ucar.edu/d084001/2018/20180913/gfs.0p25.2018091318.f003.grib2,2018,D:\SIH-Historical-GFS\raw,"episode-aware, year/season-stratified selection for Phase 0.4.24 300-event-group TS target; episode N:2018-09-14, monsoon 2018",False
237,IND_13.0_78.0|2018-09-14|0,POSITIVE,train,2018-09-14,0,2018,monsoon,N:2018-09-14,2018-09-13T18:00:00+00:00,f006,gfs.0p25.2018091318.f006.grib2,https://data.gdex.ucar.edu/d084001/2018/20180913/gfs.0p25.2018091318.f006.grib2,2018,D:\SIH-Historical-GFS\raw,"episode-aware, year/season-stratified selection for Phase 0.4.24 300-event-group TS target; episode N:2018-09-14, monsoon 2018",False
238,IND_13.0_78.0|2018-09-15|1,POSITIVE,train,2018-09-15,1,2018,monsoon,N:2018-09-15,2018-09-15T00:00:00+00:00,f003,gfs.0p25.2018091500.f003.grib2,https://data.gdex.ucar.edu/d084001/2018/20180915/gfs.0p25.2018091500.f003.grib2,2018,D:\SIH-Historical-GFS\raw,"episode-aware, year/season-stratified selection for Phase 0.4.24 300-event-group TS target; episode N:2018-09-15, monsoon 2018",False
238,IND_13.0_78.0|2018-09-15|1,POSITIVE,train,2018-09-15,1,2018,monsoon,N:2018-09-15,2018-09-15T00:00:00+00:00,f006,gfs.0p25.2018091500.f006.grib2,https://data.gdex.ucar.edu/d084001/2018/20180915/gfs.0p25.2018091500.f006.grib2,2018,D:\SIH-Historical-GFS\raw,"episode-aware, year/season-stratified selection for Phase 0.4.24 300-event-group TS target; episode N:2018-09-15, monsoon 2018",False
239,IND_13.0_78.0|2018-09-17|0,POSITIVE,train,2018-09-17,0,2018,monsoon,N:2018-09-17,2018-09-16T18:00:00+00:00,f003,gfs.0p25.2018091618.f003.grib2,https://data.gdex.ucar.edu/d084001/2018/20180916/gfs.0p25.2018091618.f003.grib2,2018,D:\SIH-Historical-GFS\raw,"episode-aware, year/season-stratified selection for Phase 0.4.24 300-event-group TS target; episode N:2018-09-17, monsoon 2018",False
239,IND_13.0_78.0|2018-09-17|0,POSITIVE,train,2018-09-17,0,2018,monsoon,N:2018-09-17,2018-09-16T18:00:00+00:00,f006,gfs.0p25.2018091618.f006.grib2,https://data.gdex.ucar.edu/d084001/2018/20180916/gfs.0p25.2018091618.f006.grib2,2018,D:\SIH-Historical-GFS\raw,"episode-aware, year/season-stratified selection for Phase 0.4.24 300-event-group TS target; episode N:2018-09-17, monsoon 2018",False
240,IND_13.0_78.0|2018-09-24|1,POSITIVE,train,2018-09-24,1,2018,monsoon,N:2018-09-24,2018-09-24T00:00:00+00:00,f003,gfs.0p25.2018092400.f003.grib2,https://data.gdex.ucar.edu/d084001/2018/20180924/gfs.0p25.2018092400.f003.grib2,2018,D:\SIH-Historical-GFS\raw,"episode-aware, year/season-stratified selection for Phase 0.4.24 300-event-group TS target; episode N:2018-09-24, monsoon 2018",False
240,IND_13.0_78.0|2018-09-24|1,POSITIVE,train,2018-09-24,1,2018,monsoon,N:2018-09-24,2018-09-24T00:00:00+00:00,f006,gfs.0p25.2018092400.f006.grib2,https://data.gdex.ucar.edu/d084001/2018/20180924/gfs.0p25.2018092400.f006.grib2,2018,D:\SIH-Historical-GFS\raw,"episode-aware, year/season-stratified selection for Phase 0.4.24 300-event-group TS target; episode N:2018-09-24, monsoon 2018",False
241,IND_13.0_78.0|2019-10-07|2,POSITIVE,train,2019-10-07,2,2019,post-monsoon,N:2019-10-07,2019-10-07T06:00:00+00:00,f003,gfs.0p25.2019100706.f003.grib2,https://data.gdex.ucar.edu/d084001/2019/20191007/gfs.0p25.2019100706.f003.grib2,2019,D:\SIH-Historical-GFS\raw,"episode-aware, year/season-stratified selection for Phase 0.4.24 300-event-group TS target; episode N:2019-10-07, post-monsoon 2019",False
241,IND_13.0_78.0|2019-10-07|2,POSITIVE,train,2019-10-07,2,2019,post-monsoon,N:2019-10-07,2019-10-07T06:00:00+00:00,f006,gfs.0p25.2019100706.f006.grib2,https://data.gdex.ucar.edu/d084001/2019/20191007/gfs.0p25.2019100706.f006.grib2,2019,D:\SIH-Historical-GFS\raw,"episode-aware, year/season-stratified selection for Phase 0.4.24 300-event-group TS target; episode N:2019-10-07, post-monsoon 2019",False
242,IND_13.0_78.0|2020-03-20|3,POSITIVE,train,2020-03-20,3,2020,pre-monsoon,N:2020-03-20,2020-03-20T12:00:00+00:00,f003,gfs.0p25.2020032012.f003.grib2,https://data.gdex.ucar.edu/d084001/2020/20200320/gfs.0p25.2020032012.f003.grib2,2020,D:\SIH-Historical-GFS\raw,"episode-aware, year/season-stratified selection for Phase 0.4.24 300-event-group TS target; episode N:2020-03-20, pre-monsoon 2020",False
242,IND_13.0_78.0|2020-03-20|3,POSITIVE,train,2020-03-20,3,2020,pre-monsoon,N:2020-03-20,2020-03-20T12:00:00+00:00,f006,gfs.0p25.2020032012.f006.grib2,https://data.gdex.ucar.edu/d084001/2020/20200320/gfs.0p25.2020032012.f006.grib2,2020,D:\SIH-Historical-GFS\raw,"episode-aware, year/season-stratified selection for Phase 0.4.24 300-event-group TS target; episode N:2020-03-20, pre-monsoon 2020",False
243,IND_13.0_78.0|2020-03-23|2,POSITIVE,train,2020-03-23,2,2020,pre-monsoon,N:2020-03-23,2020-03-23T06:00:00+00:00,f003,gfs.0p25.2020032306.f003.grib2,https://data.gdex.ucar.edu/d084001/2020/20200323/gfs.0p25.2020032306.f003.grib2,2020,D:\SIH-Historical-GFS\raw,"episode-aware, year/season-stratified selection for Phase 0.4.24 300-event-group TS target; episode N:2020-03-23, pre-monsoon 2020",False
243,IND_13.0_78.0|2020-03-23|2,POSITIVE,train,2020-03-23,2,2020,pre-monsoon,N:2020-03-23,2020-03-23T06:00:00+00:00,f006,gfs.0p25.2020032306.f006.grib2,https://data.gdex.ucar.edu/d084001/2020/20200323/gfs.0p25.2020032306.f006.grib2,2020,D:\SIH-Historical-GFS\raw,"episode-aware, year/season-stratified selection for Phase 0.4.24 300-event-group TS target; episode N:2020-03-23, pre-monsoon 2020",False
244,IND_13.0_78.0|2020-04-06|0,POSITIVE,train,2020-04-06,0,2020,pre-monsoon,N:2020-04-06,2020-04-05T18:00:00+00:00,f003,gfs.0p25.2020040518.f003.grib2,https://data.gdex.ucar.edu/d084001/2020/20200405/gfs.0p25.2020040518.f003.grib2,2020,D:\SIH-Historical-GFS\raw,"episode-aware, year/season-stratified selection for Phase 0.4.24 300-event-group TS target; episode N:2020-04-06, pre-monsoon 2020",False
244,IND_13.0_78.0|2020-04-06|0,POSITIVE,train,2020-04-06,0,2020,pre-monsoon,N:2020-04-06,2020-04-05T18:00:00+00:00,f006,gfs.0p25.2020040518.f006.grib2,https://data.gdex.ucar.edu/d084001/2020/20200405/gfs.0p25.2020040518.f006.grib2,2020,D:\SIH-Historical-GFS\raw,"episode-aware, year/season-stratified selection for Phase 0.4.24 300-event-group TS target; episode N:2020-04-06, pre-monsoon 2020",False
245,IND_13.0_78.0|2020-04-08|3,POSITIVE,train,2020-04-08,3,2020,pre-monsoon,N:2020-04-08,2020-04-08T12:00:00+00:00,f003,gfs.0p25.2020040812.f003.grib2,https://data.gdex.ucar.edu/d084001/2020/20200408/gfs.0p25.2020040812.f003.grib2,2020,D:\SIH-Historical-GFS\raw,"episode-aware, year/season-stratified selection for Phase 0.4.24 300-event-group TS target; episode N:2020-04-08, pre-monsoon 2020",False
245,IND_13.0_78.0|2020-04-08|3,POSITIVE,train,2020-04-08,3,2020,pre-monsoon,N:2020-04-08,2020-04-08T12:00:00+00:00,f006,gfs.0p25.2020040812.f006.grib2,https://data.gdex.ucar.edu/d084001/2020/20200408/gfs.0p25.2020040812.f006.grib2,2020,D:\SIH-Historical-GFS\raw,"episode-aware, year/season-stratified selection for Phase 0.4.24 300-event-group TS target; episode N:2020-04-08, pre-monsoon 2020",False
246,IND_13.0_78.0|2020-04-24|1,POSITIVE,train,2020-04-24,1,2020,pre-monsoon,N:2020-04-24,2020-04-24T00:00:00+00:00,f003,gfs.0p25.2020042400.f003.grib2,https://data.gdex.ucar.edu/d084001/2020/20200424/gfs.0p25.2020042400.f003.grib2,2020,D:\SIH-Historical-GFS\raw,"episode-aware, year/season-stratified selection for Phase 0.4.24 300-event-group TS target; episode N:2020-04-24, pre-monsoon 2020",False
246,IND_13.0_78.0|2020-04-24|1,POSITIVE,train,2020-04-24,1,2020,pre-monsoon,N:2020-04-24,2020-04-24T00:00:00+00:00,f006,gfs.0p25.2020042400.f006.grib2,https://data.gdex.ucar.edu/d084001/2020/20200424/gfs.0p25.2020042400.f006.grib2,2020,D:\SIH-Historical-GFS\raw,"episode-aware, year/season-stratified selection for Phase 0.4.24 300-event-group TS target; episode N:2020-04-24, pre-monsoon 2020",False
247,IND_13.0_78.0|2020-05-29|1,POSITIVE,train,2020-05-29,1,2020,pre-monsoon,N:2020-05-29,2020-05-29T00:00:00+00:00,f003,gfs.0p25.2020052900.f003.grib2,https://data.gdex.ucar.edu/d084001/2020/20200529/gfs.0p25.2020052900.f003.grib2,2020,D:\SIH-Historical-GFS\raw,"episode-aware, year/season-stratified selection for Phase 0.4.24 300-event-group TS target; episode N:2020-05-29, pre-monsoon 2020",False
247,IND_13.0_78.0|2020-05-29|1,POSITIVE,train,2020-05-29,1,2020,pre-monsoon,N:2020-05-29,2020-05-29T00:00:00+00:00,f006,gfs.0p25.2020052900.f006.grib2,https://data.gdex.ucar.edu/d084001/2020/20200529/gfs.0p25.2020052900.f006.grib2,2020,D:\SIH-Historical-GFS\raw,"episode-aware, year/season-stratified selection for Phase 0.4.24 300-event-group TS target; episode N:2020-05-29, pre-monsoon 2020",False
248,IND_13.0_78.0|2020-06-01|2,POSITIVE,train,2020-06-01,2,2020,monsoon,N:2020-06-01,2020-06-01T06:00:00+00:00,f003,gfs.0p25.2020060106.f003.grib2,https://data.gdex.ucar.edu/d084001/2020/20200601/gfs.0p25.2020060106.f003.grib2,2020,D:\SIH-Historical-GFS\raw,"episode-aware, year/season-stratified selection for Phase 0.4.24 300-event-group TS target; episode N:2020-06-01, monsoon 2020",False
248,IND_13.0_78.0|2020-06-01|2,POSITIVE,train,2020-06-01,2,2020,monsoon,N:2020-06-01,2020-06-01T06:00:00+00:00,f006,gfs.0p25.2020060106.f006.grib2,https://data.gdex.ucar.edu/d084001/2020/20200601/gfs.0p25.2020060106.f006.grib2,2020,D:\SIH-Historical-GFS\raw,"episode-aware, year/season-stratified selection for Phase 0.4.24 300-event-group TS target; episode N:2020-06-01, monsoon 2020",False
249,IND_13.0_78.0|2020-06-06|2,POSITIVE,train,2020-06-06,2,2020,monsoon,N:2020-06-06,2020-06-06T06:00:00+00:00,f003,gfs.0p25.2020060606.f003.grib2,https://data.gdex.ucar.edu/d084001/2020/20200606/gfs.0p25.2020060606.f003.grib2,2020,D:\SIH-Historical-GFS\raw,"episode-aware, year/season-stratified selection for Phase 0.4.24 300-event-group TS target; episode N:2020-06-06, monsoon 2020",False
249,IND_13.0_78.0|2020-06-06|2,POSITIVE,train,2020-06-06,2,2020,monsoon,N:2020-06-06,2020-06-06T06:00:00+00:00,f006,gfs.0p25.2020060606.f006.grib2,https://data.gdex.ucar.edu/d084001/2020/20200606/gfs.0p25.2020060606.f006.grib2,2020,D:\SIH-Historical-GFS\raw,"episode-aware, year/season-stratified selection for Phase 0.4.24 300-event-group TS target; episode N:2020-06-06, monsoon 2020",False
250,IND_13.0_78.0|2020-06-24|2,POSITIVE,train,2020-06-24,2,2020,monsoon,N:2020-06-24,2020-06-24T06:00:00+00:00,f003,gfs.0p25.2020062406.f003.grib2,https://data.gdex.ucar.edu/d084001/2020/20200624/gfs.0p25.2020062406.f003.grib2,2020,D:\SIH-Historical-GFS\raw,"episode-aware, year/season-stratified selection for Phase 0.4.24 300-event-group TS target; episode N:2020-06-24, monsoon 2020",False
250,IND_13.0_78.0|2020-06-24|2,POSITIVE,train,2020-06-24,2,2020,monsoon,N:2020-06-24,2020-06-24T06:00:00+00:00,f006,gfs.0p25.2020062406.f006.grib2,https://data.gdex.ucar.edu/d084001/2020/20200624/gfs.0p25.2020062406.f006.grib2,2020,D:\SIH-Historical-GFS\raw,"episode-aware, year/season-stratified selection for Phase 0.4.24 300-event-group TS target; episode N:2020-06-24, monsoon 2020",False
251,IND_13.0_78.0|2020-06-25|0,POSITIVE,train,2020-06-25,0,2020,monsoon,N:2020-06-25,2020-06-24T18:00:00+00:00,f003,gfs.0p25.2020062418.f003.grib2,https://data.gdex.ucar.edu/d084001/2020/20200624/gfs.0p25.2020062418.f003.grib2,2020,D:\SIH-Historical-GFS\raw,"episode-aware, year/season-stratified selection for Phase 0.4.24 300-event-group TS target; episode N:2020-06-25, monsoon 2020",False
251,IND_13.0_78.0|2020-06-25|0,POSITIVE,train,2020-06-25,0,2020,monsoon,N:2020-06-25,2020-06-24T18:00:00+00:00,f006,gfs.0p25.2020062418.f006.grib2,https://data.gdex.ucar.edu/d084001/2020/20200624/gfs.0p25.2020062418.f006.grib2,2020,D:\SIH-Historical-GFS\raw,"episode-aware, year/season-stratified selection for Phase 0.4.24 300-event-group TS target; episode N:2020-06-25, monsoon 2020",False
252,IND_13.0_78.0|2020-09-09|1,POSITIVE,train,2020-09-09,1,2020,monsoon,N:2020-09-09,2020-09-09T00:00:00+00:00,f003,gfs.0p25.2020090900.f003.grib2,https://data.gdex.ucar.edu/d084001/2020/20200909/gfs.0p25.2020090900.f003.grib2,2020,D:\SIH-Historical-GFS\raw,"episode-aware, year/season-stratified selection for Phase 0.4.24 300-event-group TS target; episode N:2020-09-09, monsoon 2020",False
252,IND_13.0_78.0|2020-09-09|1,POSITIVE,train,2020-09-09,1,2020,monsoon,N:2020-09-09,2020-09-09T00:00:00+00:00,f006,gfs.0p25.2020090900.f006.grib2,https://data.gdex.ucar.edu/d084001/2020/20200909/gfs.0p25.2020090900.f006.grib2,2020,D:\SIH-Historical-GFS\raw,"episode-aware, year/season-stratified selection for Phase 0.4.24 300-event-group TS target; episode N:2020-09-09, monsoon 2020",False
253,IND_13.0_78.0|2020-10-10|3,POSITIVE,train,2020-10-10,3,2020,post-monsoon,N:2020-10-10,2020-10-10T12:00:00+00:00,f003,gfs.0p25.2020101012.f003.grib2,https://data.gdex.ucar.edu/d084001/2020/20201010/gfs.0p25.2020101012.f003.grib2,2020,D:\SIH-Historical-GFS\raw,"episode-aware, year/season-stratified selection for Phase 0.4.24 300-event-group TS target; episode N:2020-10-10, post-monsoon 2020",False
253,IND_13.0_78.0|2020-10-10|3,POSITIVE,train,2020-10-10,3,2020,post-monsoon,N:2020-10-10,2020-10-10T12:00:00+00:00,f006,gfs.0p25.2020101012.f006.grib2,https://data.gdex.ucar.edu/d084001/2020/20201010/gfs.0p25.2020101012.f006.grib2,2020,D:\SIH-Historical-GFS\raw,"episode-aware, year/season-stratified selection for Phase 0.4.24 300-event-group TS target; episode N:2020-10-10, post-monsoon 2020",False
254,IND_13.0_78.0|2020-10-20|3,POSITIVE,train,2020-10-20,3,2020,post-monsoon,N:2020-10-20,2020-10-20T12:00:00+00:00,f003,gfs.0p25.2020102012.f003.grib2,https://data.gdex.ucar.edu/d084001/2020/20201020/gfs.0p25.2020102012.f003.grib2,2020,D:\SIH-Historical-GFS\raw,"episode-aware, year/season-stratified selection for Phase 0.4.24 300-event-group TS target; episode N:2020-10-20, post-monsoon 2020",False
254,IND_13.0_78.0|2020-10-20|3,POSITIVE,train,2020-10-20,3,2020,post-monsoon,N:2020-10-20,2020-10-20T12:00:00+00:00,f006,gfs.0p25.2020102012.f006.grib2,https://data.gdex.ucar.edu/d084001/2020/20201020/gfs.0p25.2020102012.f006.grib2,2020,D:\SIH-Historical-GFS\raw,"episode-aware, year/season-stratified selection for Phase 0.4.24 300-event-group TS target; episode N:2020-10-20, post-monsoon 2020",False
255,IND_13.0_78.0|2020-10-21|0,POSITIVE,train,2020-10-21,0,2020,post-monsoon,N:2020-10-21,2020-10-20T18:00:00+00:00,f003,gfs.0p25.2020102018.f003.grib2,https://data.gdex.ucar.edu/d084001/2020/20201020/gfs.0p25.2020102018.f003.grib2,2020,D:\SIH-Historical-GFS\raw,"episode-aware, year/season-stratified selection for Phase 0.4.24 300-event-group TS target; episode N:2020-10-21, post-monsoon 2020",False
255,IND_13.0_78.0|2020-10-21|0,POSITIVE,train,2020-10-21,0,2020,post-monsoon,N:2020-10-21,2020-10-20T18:00:00+00:00,f006,gfs.0p25.2020102018.f006.grib2,https://data.gdex.ucar.edu/d084001/2020/20201020/gfs.0p25.2020102018.f006.grib2,2020,D:\SIH-Historical-GFS\raw,"episode-aware, year/season-stratified selection for Phase 0.4.24 300-event-group TS target; episode N:2020-10-21, post-monsoon 2020",False
256,IND_13.0_78.0|2020-11-05|2,POSITIVE,train,2020-11-05,2,2020,post-monsoon,N:2020-11-05,2020-11-05T06:00:00+00:00,f003,gfs.0p25.2020110506.f003.grib2,https://data.gdex.ucar.edu/d084001/2020/20201105/gfs.0p25.2020110506.f003.grib2,2020,D:\SIH-Historical-GFS\raw,"episode-aware, year/season-stratified selection for Phase 0.4.24 300-event-group TS target; episode N:2020-11-05, post-monsoon 2020",False
256,IND_13.0_78.0|2020-11-05|2,POSITIVE,train,2020-11-05,2,2020,post-monsoon,N:2020-11-05,2020-11-05T06:00:00+00:00,f006,gfs.0p25.2020110506.f006.grib2,https://data.gdex.ucar.edu/d084001/2020/20201105/gfs.0p25.2020110506.f006.grib2,2020,D:\SIH-Historical-GFS\raw,"episode-aware, year/season-stratified selection for Phase 0.4.24 300-event-group TS target; episode N:2020-11-05, post-monsoon 2020",False
257,IND_13.0_78.0|2021-02-19|3,POSITIVE,train,2021-02-19,3,2021,winter,N:2021-02-19,2021-02-19T12:00:00+00:00,f003,gfs.0p25.2021021912.f003.grib2,https://data.gdex.ucar.edu/d084001/2021/20210219/gfs.0p25.2021021912.f003.grib2,2021,D:\SIH-Historical-GFS\raw,"episode-aware, year/season-stratified selection for Phase 0.4.24 300-event-group TS target; episode N:2021-02-19, winter 2021",False
257,IND_13.0_78.0|2021-02-19|3,POSITIVE,train,2021-02-19,3,2021,winter,N:2021-02-19,2021-02-19T12:00:00+00:00,f006,gfs.0p25.2021021912.f006.grib2,https://data.gdex.ucar.edu/d084001/2021/20210219/gfs.0p25.2021021912.f006.grib2,2021,D:\SIH-Historical-GFS\raw,"episode-aware, year/season-stratified selection for Phase 0.4.24 300-event-group TS target; episode N:2021-02-19, winter 2021",False
258,IND_13.0_78.0|2021-04-14|2,POSITIVE,train,2021-04-14,2,2021,pre-monsoon,N:2021-04-14,2021-04-14T06:00:00+00:00,f003,gfs.0p25.2021041406.f003.grib2,https://data.gdex.ucar.edu/d084001/2021/20210414/gfs.0p25.2021041406.f003.grib2,2021,D:\SIH-Historical-GFS\raw,"episode-aware, year/season-stratified selection for Phase 0.4.24 300-event-group TS target; episode N:2021-04-14, pre-monsoon 2021",False
258,IND_13.0_78.0|2021-04-14|2,POSITIVE,train,2021-04-14,2,2021,pre-monsoon,N:2021-04-14,2021-04-14T06:00:00+00:00,f006,gfs.0p25.2021041406.f006.grib2,https://data.gdex.ucar.edu/d084001/2021/20210414/gfs.0p25.2021041406.f006.grib2,2021,D:\SIH-Historical-GFS\raw,"episode-aware, year/season-stratified selection for Phase 0.4.24 300-event-group TS target; episode N:2021-04-14, pre-monsoon 2021",False
259,IND_13.0_78.0|2021-04-15|2,POSITIVE,train,2021-04-15,2,2021,pre-monsoon,N:2021-04-15,2021-04-15T06:00:00+00:00,f003,gfs.0p25.2021041506.f003.grib2,https://data.gdex.ucar.edu/d084001/2021/20210415/gfs.0p25.2021041506.f003.grib2,2021,D:\SIH-Historical-GFS\raw,"episode-aware, year/season-stratified selection for Phase 0.4.24 300-event-group TS target; episode N:2021-04-15, pre-monsoon 2021",False
259,IND_13.0_78.0|2021-04-15|2,POSITIVE,train,2021-04-15,2,2021,pre-monsoon,N:2021-04-15,2021-04-15T06:00:00+00:00,f006,gfs.0p25.2021041506.f006.grib2,https://data.gdex.ucar.edu/d084001/2021/20210415/gfs.0p25.2021041506.f006.grib2,2021,D:\SIH-Historical-GFS\raw,"episode-aware, year/season-stratified selection for Phase 0.4.24 300-event-group TS target; episode N:2021-04-15, pre-monsoon 2021",False
260,IND_13.0_78.0|2021-04-20|3,POSITIVE,train,2021-04-20,3,2021,pre-monsoon,N:2021-04-20,2021-04-20T12:00:00+00:00,f003,gfs.0p25.2021042012.f003.grib2,https://data.gdex.ucar.edu/d084001/2021/20210420/gfs.0p25.2021042012.f003.grib2,2021,D:\SIH-Historical-GFS\raw,"episode-aware, year/season-stratified selection for Phase 0.4.24 300-event-group TS target; episode N:2021-04-20, pre-monsoon 2021",False
260,IND_13.0_78.0|2021-04-20|3,POSITIVE,train,2021-04-20,3,2021,pre-monsoon,N:2021-04-20,2021-04-20T12:00:00+00:00,f006,gfs.0p25.2021042012.f006.grib2,https://data.gdex.ucar.edu/d084001/2021/20210420/gfs.0p25.2021042012.f006.grib2,2021,D:\SIH-Historical-GFS\raw,"episode-aware, year/season-stratified selection for Phase 0.4.24 300-event-group TS target; episode N:2021-04-20, pre-monsoon 2021",False
261,IND_13.0_78.0|2021-04-30|1,POSITIVE,train,2021-04-30,1,2021,pre-monsoon,N:2021-04-30,2021-04-30T00:00:00+00:00,f003,gfs.0p25.2021043000.f003.grib2,https://data.gdex.ucar.edu/d084001/2021/20210430/gfs.0p25.2021043000.f003.grib2,2021,D:\SIH-Historical-GFS\raw,"episode-aware, year/season-stratified selection for Phase 0.4.24 300-event-group TS target; episode N:2021-04-30, pre-monsoon 2021",False
261,IND_13.0_78.0|2021-04-30|1,POSITIVE,train,2021-04-30,1,2021,pre-monsoon,N:2021-04-30,2021-04-30T00:00:00+00:00,f006,gfs.0p25.2021043000.f006.grib2,https://data.gdex.ucar.edu/d084001/2021/20210430/gfs.0p25.2021043000.f006.grib2,2021,D:\SIH-Historical-GFS\raw,"episode-aware, year/season-stratified selection for Phase 0.4.24 300-event-group TS target; episode N:2021-04-30, pre-monsoon 2021",False
262,IND_13.0_78.0|2021-06-01|3,POSITIVE,train,2021-06-01,3,2021,monsoon,N:2021-06-01,2021-06-01T12:00:00+00:00,f003,gfs.0p25.2021060112.f003.grib2,https://data.gdex.ucar.edu/d084001/2021/20210601/gfs.0p25.2021060112.f003.grib2,2021,D:\SIH-Historical-GFS\raw,"episode-aware, year/season-stratified selection for Phase 0.4.24 300-event-group TS target; episode N:2021-06-01, monsoon 2021",False
262,IND_13.0_78.0|2021-06-01|3,POSITIVE,train,2021-06-01,3,2021,monsoon,N:2021-06-01,2021-06-01T12:00:00+00:00,f006,gfs.0p25.2021060112.f006.grib2,https://data.gdex.ucar.edu/d084001/2021/20210601/gfs.0p25.2021060112.f006.grib2,2021,D:\SIH-Historical-GFS\raw,"episode-aware, year/season-stratified selection for Phase 0.4.24 300-event-group TS target; episode N:2021-06-01, monsoon 2021",False
263,IND_13.0_78.0|2021-06-02|2,POSITIVE,train,2021-06-02,2,2021,monsoon,N:2021-06-02,2021-06-02T06:00:00+00:00,f003,gfs.0p25.2021060206.f003.grib2,https://data.gdex.ucar.edu/d084001/2021/20210602/gfs.0p25.2021060206.f003.grib2,2021,D:\SIH-Historical-GFS\raw,"episode-aware, year/season-stratified selection for Phase 0.4.24 300-event-group TS target; episode N:2021-06-02, monsoon 2021",False
263,IND_13.0_78.0|2021-06-02|2,POSITIVE,train,2021-06-02,2,2021,monsoon,N:2021-06-02,2021-06-02T06:00:00+00:00,f006,gfs.0p25.2021060206.f006.grib2,https://data.gdex.ucar.edu/d084001/2021/20210602/gfs.0p25.2021060206.f006.grib2,2021,D:\SIH-Historical-GFS\raw,"episode-aware, year/season-stratified selection for Phase 0.4.24 300-event-group TS target; episode N:2021-06-02, monsoon 2021",False
264,IND_13.0_78.0|2021-07-04|0,POSITIVE,train,2021-07-04,0,2021,monsoon,N:2021-07-04,2021-07-03T18:00:00+00:00,f003,gfs.0p25.2021070318.f003.grib2,https://data.gdex.ucar.edu/d084001/2021/20210703/gfs.0p25.2021070318.f003.grib2,2021,D:\SIH-Historical-GFS\raw,"episode-aware, year/season-stratified selection for Phase 0.4.24 300-event-group TS target; episode N:2021-07-04, monsoon 2021",False
264,IND_13.0_78.0|2021-07-04|0,POSITIVE,train,2021-07-04,0,2021,monsoon,N:2021-07-04,2021-07-03T18:00:00+00:00,f006,gfs.0p25.2021070318.f006.grib2,https://data.gdex.ucar.edu/d084001/2021/20210703/gfs.0p25.2021070318.f006.grib2,2021,D:\SIH-Historical-GFS\raw,"episode-aware, year/season-stratified selection for Phase 0.4.24 300-event-group TS target; episode N:2021-07-04, monsoon 2021",False
265,IND_13.0_78.0|2021-09-20|1,POSITIVE,train,2021-09-20,1,2021,monsoon,N:2021-09-20,2021-09-20T00:00:00+00:00,f003,gfs.0p25.2021092000.f003.grib2,https://data.gdex.ucar.edu/d084001/2021/20210920/gfs.0p25.2021092000.f003.grib2,2021,D:\SIH-Historical-GFS\raw,"episode-aware, year/season-stratified selection for Phase 0.4.24 300-event-group TS target; episode N:2021-09-20, monsoon 2021",False
265,IND_13.0_78.0|2021-09-20|1,POSITIVE,train,2021-09-20,1,2021,monsoon,N:2021-09-20,2021-09-20T00:00:00+00:00,f006,gfs.0p25.2021092000.f006.grib2,https://data.gdex.ucar.edu/d084001/2021/20210920/gfs.0p25.2021092000.f006.grib2,2021,D:\SIH-Historical-GFS\raw,"episode-aware, year/season-stratified selection for Phase 0.4.24 300-event-group TS target; episode N:2021-09-20, monsoon 2021",False
266,IND_13.0_78.0|2021-10-01|2,POSITIVE,train,2021-10-01,2,2021,post-monsoon,N:2021-10-01,2021-10-01T06:00:00+00:00,f003,gfs.0p25.2021100106.f003.grib2,https://data.gdex.ucar.edu/d084001/2021/20211001/gfs.0p25.2021100106.f003.grib2,2021,D:\SIH-Historical-GFS\raw,"episode-aware, year/season-stratified selection for Phase 0.4.24 300-event-group TS target; episode N:2021-10-01, post-monsoon 2021",False
266,IND_13.0_78.0|2021-10-01|2,POSITIVE,train,2021-10-01,2,2021,post-monsoon,N:2021-10-01,2021-10-01T06:00:00+00:00,f006,gfs.0p25.2021100106.f006.grib2,https://data.gdex.ucar.edu/d084001/2021/20211001/gfs.0p25.2021100106.f006.grib2,2021,D:\SIH-Historical-GFS\raw,"episode-aware, year/season-stratified selection for Phase 0.4.24 300-event-group TS target; episode N:2021-10-01, post-monsoon 2021",False
267,IND_13.0_78.0|2021-10-03|3,POSITIVE,train,2021-10-03,3,2021,post-monsoon,N:2021-10-03,2021-10-03T12:00:00+00:00,f003,gfs.0p25.2021100312.f003.grib2,https://data.gdex.ucar.edu/d084001/2021/20211003/gfs.0p25.2021100312.f003.grib2,2021,D:\SIH-Historical-GFS\raw,"episode-aware, year/season-stratified selection for Phase 0.4.24 300-event-group TS target; episode N:2021-10-03, post-monsoon 2021",False
267,IND_13.0_78.0|2021-10-03|3,POSITIVE,train,2021-10-03,3,2021,post-monsoon,N:2021-10-03,2021-10-03T12:00:00+00:00,f006,gfs.0p25.2021100312.f006.grib2,https://data.gdex.ucar.edu/d084001/2021/20211003/gfs.0p25.2021100312.f006.grib2,2021,D:\SIH-Historical-GFS\raw,"episode-aware, year/season-stratified selection for Phase 0.4.24 300-event-group TS target; episode N:2021-10-03, post-monsoon 2021",False
268,IND_13.0_78.0|2021-10-04|0,POSITIVE,train,2021-10-04,0,2021,post-monsoon,N:2021-10-04,2021-10-03T18:00:00+00:00,f003,gfs.0p25.2021100318.f003.grib2,https://data.gdex.ucar.edu/d084001/2021/20211003/gfs.0p25.2021100318.f003.grib2,2021,D:\SIH-Historical-GFS\raw,"episode-aware, year/season-stratified selection for Phase 0.4.24 300-event-group TS target; episode N:2021-10-04, post-monsoon 2021",False
268,IND_13.0_78.0|2021-10-04|0,POSITIVE,train,2021-10-04,0,2021,post-monsoon,N:2021-10-04,2021-10-03T18:00:00+00:00,f006,gfs.0p25.2021100318.f006.grib2,https://data.gdex.ucar.edu/d084001/2021/20211003/gfs.0p25.2021100318.f006.grib2,2021,D:\SIH-Historical-GFS\raw,"episode-aware, year/season-stratified selection for Phase 0.4.24 300-event-group TS target; episode N:2021-10-04, post-monsoon 2021",False
269,IND_13.0_78.0|2021-10-08|0,POSITIVE,train,2021-10-08,0,2021,post-monsoon,N:2021-10-08,2021-10-07T18:00:00+00:00,f003,gfs.0p25.2021100718.f003.grib2,https://data.gdex.ucar.edu/d084001/2021/20211007/gfs.0p25.2021100718.f003.grib2,2021,D:\SIH-Historical-GFS\raw,"episode-aware, year/season-stratified selection for Phase 0.4.24 300-event-group TS target; episode N:2021-10-08, post-monsoon 2021",False
269,IND_13.0_78.0|2021-10-08|0,POSITIVE,train,2021-10-08,0,2021,post-monsoon,N:2021-10-08,2021-10-07T18:00:00+00:00,f006,gfs.0p25.2021100718.f006.grib2,https://data.gdex.ucar.edu/d084001/2021/20211007/gfs.0p25.2021100718.f006.grib2,2021,D:\SIH-Historical-GFS\raw,"episode-aware, year/season-stratified selection for Phase 0.4.24 300-event-group TS target; episode N:2021-10-08, post-monsoon 2021",False
270,IND_13.0_78.0|2021-10-15|1,POSITIVE,train,2021-10-15,1,2021,post-monsoon,N:2021-10-15,2021-10-15T00:00:00+00:00,f003,gfs.0p25.2021101500.f003.grib2,https://data.gdex.ucar.edu/d084001/2021/20211015/gfs.0p25.2021101500.f003.grib2,2021,D:\SIH-Historical-GFS\raw,"episode-aware, year/season-stratified selection for Phase 0.4.24 300-event-group TS target; episode N:2021-10-15, post-monsoon 2021",False
270,IND_13.0_78.0|2021-10-15|1,POSITIVE,train,2021-10-15,1,2021,post-monsoon,N:2021-10-15,2021-10-15T00:00:00+00:00,f006,gfs.0p25.2021101500.f006.grib2,https://data.gdex.ucar.edu/d084001/2021/20211015/gfs.0p25.2021101500.f006.grib2,2021,D:\SIH-Historical-GFS\raw,"episode-aware, year/season-stratified selection for Phase 0.4.24 300-event-group TS target; episode N:2021-10-15, post-monsoon 2021",False
271,IND_13.0_78.0|2021-11-05|1,POSITIVE,train,2021-11-05,1,2021,post-monsoon,N:2021-11-05,2021-11-05T00:00:00+00:00,f003,gfs.0p25.2021110500.f003.grib2,https://data.gdex.ucar.edu/d084001/2021/20211105/gfs.0p25.2021110500.f003.grib2,2021,D:\SIH-Historical-GFS\raw,"episode-aware, year/season-stratified selection for Phase 0.4.24 300-event-group TS target; episode N:2021-11-05, post-monsoon 2021",False
271,IND_13.0_78.0|2021-11-05|1,POSITIVE,train,2021-11-05,1,2021,post-monsoon,N:2021-11-05,2021-11-05T00:00:00+00:00,f006,gfs.0p25.2021110500.f006.grib2,https://data.gdex.ucar.edu/d084001/2021/20211105/gfs.0p25.2021110500.f006.grib2,2021,D:\SIH-Historical-GFS\raw,"episode-aware, year/season-stratified selection for Phase 0.4.24 300-event-group TS target; episode N:2021-11-05, post-monsoon 2021",False
272,IND_13.0_78.0|2022-04-13|2,POSITIVE,train,2022-04-13,2,2022,pre-monsoon,N:2022-04-13,2022-04-13T06:00:00+00:00,f003,gfs.0p25.2022041306.f003.grib2,https://data.gdex.ucar.edu/d084001/2022/20220413/gfs.0p25.2022041306.f003.grib2,2022,D:\SIH-Historical-GFS\raw,"episode-aware, year/season-stratified selection for Phase 0.4.24 300-event-group TS target; episode N:2022-04-13, pre-monsoon 2022",False
272,IND_13.0_78.0|2022-04-13|2,POSITIVE,train,2022-04-13,2,2022,pre-monsoon,N:2022-04-13,2022-04-13T06:00:00+00:00,f006,gfs.0p25.2022041306.f006.grib2,https://data.gdex.ucar.edu/d084001/2022/20220413/gfs.0p25.2022041306.f006.grib2,2022,D:\SIH-Historical-GFS\raw,"episode-aware, year/season-stratified selection for Phase 0.4.24 300-event-group TS target; episode N:2022-04-13, pre-monsoon 2022",False
273,IND_13.0_78.0|2022-04-14|3,POSITIVE,train,2022-04-14,3,2022,pre-monsoon,N:2022-04-14,2022-04-14T12:00:00+00:00,f003,gfs.0p25.2022041412.f003.grib2,https://data.gdex.ucar.edu/d084001/2022/20220414/gfs.0p25.2022041412.f003.grib2,2022,D:\SIH-Historical-GFS\raw,"episode-aware, year/season-stratified selection for Phase 0.4.24 300-event-group TS target; episode N:2022-04-14, pre-monsoon 2022",False
273,IND_13.0_78.0|2022-04-14|3,POSITIVE,train,2022-04-14,3,2022,pre-monsoon,N:2022-04-14,2022-04-14T12:00:00+00:00,f006,gfs.0p25.2022041412.f006.grib2,https://data.gdex.ucar.edu/d084001/2022/20220414/gfs.0p25.2022041412.f006.grib2,2022,D:\SIH-Historical-GFS\raw,"episode-aware, year/season-stratified selection for Phase 0.4.24 300-event-group TS target; episode N:2022-04-14, pre-monsoon 2022",False
274,IND_13.0_78.0|2022-04-16|0,POSITIVE,train,2022-04-16,0,2022,pre-monsoon,N:2022-04-16,2022-04-15T18:00:00+00:00,f003,gfs.0p25.2022041518.f003.grib2,https://data.gdex.ucar.edu/d084001/2022/20220415/gfs.0p25.2022041518.f003.grib2,2022,D:\SIH-Historical-GFS\raw,"episode-aware, year/season-stratified selection for Phase 0.4.24 300-event-group TS target; episode N:2022-04-16, pre-monsoon 2022",False
274,IND_13.0_78.0|2022-04-16|0,POSITIVE,train,2022-04-16,0,2022,pre-monsoon,N:2022-04-16,2022-04-15T18:00:00+00:00,f006,gfs.0p25.2022041518.f006.grib2,https://data.gdex.ucar.edu/d084001/2022/20220415/gfs.0p25.2022041518.f006.grib2,2022,D:\SIH-Historical-GFS\raw,"episode-aware, year/season-stratified selection for Phase 0.4.24 300-event-group TS target; episode N:2022-04-16, pre-monsoon 2022",False
275,IND_13.0_78.0|2022-05-01|1,POSITIVE,train,2022-05-01,1,2022,pre-monsoon,N:2022-05-01,2022-05-01T00:00:00+00:00,f003,gfs.0p25.2022050100.f003.grib2,https://data.gdex.ucar.edu/d084001/2022/20220501/gfs.0p25.2022050100.f003.grib2,2022,D:\SIH-Historical-GFS\raw,"episode-aware, year/season-stratified selection for Phase 0.4.24 300-event-group TS target; episode N:2022-05-01, pre-monsoon 2022",False
275,IND_13.0_78.0|2022-05-01|1,POSITIVE,train,2022-05-01,1,2022,pre-monsoon,N:2022-05-01,2022-05-01T00:00:00+00:00,f006,gfs.0p25.2022050100.f006.grib2,https://data.gdex.ucar.edu/d084001/2022/20220501/gfs.0p25.2022050100.f006.grib2,2022,D:\SIH-Historical-GFS\raw,"episode-aware, year/season-stratified selection for Phase 0.4.24 300-event-group TS target; episode N:2022-05-01, pre-monsoon 2022",False
276,IND_13.0_78.0|2022-06-02|3,POSITIVE,train,2022-06-02,3,2022,monsoon,N:2022-06-02,2022-06-02T12:00:00+00:00,f003,gfs.0p25.2022060212.f003.grib2,https://data.gdex.ucar.edu/d084001/2022/20220602/gfs.0p25.2022060212.f003.grib2,2022,D:\SIH-Historical-GFS\raw,"episode-aware, year/season-stratified selection for Phase 0.4.24 300-event-group TS target; episode N:2022-06-02, monsoon 2022",False
276,IND_13.0_78.0|2022-06-02|3,POSITIVE,train,2022-06-02,3,2022,monsoon,N:2022-06-02,2022-06-02T12:00:00+00:00,f006,gfs.0p25.2022060212.f006.grib2,https://data.gdex.ucar.edu/d084001/2022/20220602/gfs.0p25.2022060212.f006.grib2,2022,D:\SIH-Historical-GFS\raw,"episode-aware, year/season-stratified selection for Phase 0.4.24 300-event-group TS target; episode N:2022-06-02, monsoon 2022",False
277,IND_13.0_78.0|2022-06-03|0,POSITIVE,train,2022-06-03,0,2022,monsoon,N:2022-06-03,2022-06-02T18:00:00+00:00,f003,gfs.0p25.2022060218.f003.grib2,https://data.gdex.ucar.edu/d084001/2022/20220602/gfs.0p25.2022060218.f003.grib2,2022,D:\SIH-Historical-GFS\raw,"episode-aware, year/season-stratified selection for Phase 0.4.24 300-event-group TS target; episode N:2022-06-03, monsoon 2022",False
277,IND_13.0_78.0|2022-06-03|0,POSITIVE,train,2022-06-03,0,2022,monsoon,N:2022-06-03,2022-06-02T18:00:00+00:00,f006,gfs.0p25.2022060218.f006.grib2,https://data.gdex.ucar.edu/d084001/2022/20220602/gfs.0p25.2022060218.f006.grib2,2022,D:\SIH-Historical-GFS\raw,"episode-aware, year/season-stratified selection for Phase 0.4.24 300-event-group TS target; episode N:2022-06-03, monsoon 2022",False
278,IND_13.0_78.0|2022-06-04|2,POSITIVE,train,2022-06-04,2,2022,monsoon,N:2022-06-04,2022-06-04T06:00:00+00:00,f003,gfs.0p25.2022060406.f003.grib2,https://data.gdex.ucar.edu/d084001/2022/20220604/gfs.0p25.2022060406.f003.grib2,2022,D:\SIH-Historical-GFS\raw,"episode-aware, year/season-stratified selection for Phase 0.4.24 300-event-group TS target; episode N:2022-06-04, monsoon 2022",False
278,IND_13.0_78.0|2022-06-04|2,POSITIVE,train,2022-06-04,2,2022,monsoon,N:2022-06-04,2022-06-04T06:00:00+00:00,f006,gfs.0p25.2022060406.f006.grib2,https://data.gdex.ucar.edu/d084001/2022/20220604/gfs.0p25.2022060406.f006.grib2,2022,D:\SIH-Historical-GFS\raw,"episode-aware, year/season-stratified selection for Phase 0.4.24 300-event-group TS target; episode N:2022-06-04, monsoon 2022",False
279,IND_13.0_78.0|2022-06-05|3,POSITIVE,train,2022-06-05,3,2022,monsoon,N:2022-06-05,2022-06-05T12:00:00+00:00,f003,gfs.0p25.2022060512.f003.grib2,https://data.gdex.ucar.edu/d084001/2022/20220605/gfs.0p25.2022060512.f003.grib2,2022,D:\SIH-Historical-GFS\raw,"episode-aware, year/season-stratified selection for Phase 0.4.24 300-event-group TS target; episode N:2022-06-05, monsoon 2022",False
279,IND_13.0_78.0|2022-06-05|3,POSITIVE,train,2022-06-05,3,2022,monsoon,N:2022-06-05,2022-06-05T12:00:00+00:00,f006,gfs.0p25.2022060512.f006.grib2,https://data.gdex.ucar.edu/d084001/2022/20220605/gfs.0p25.2022060512.f006.grib2,2022,D:\SIH-Historical-GFS\raw,"episode-aware, year/season-stratified selection for Phase 0.4.24 300-event-group TS target; episode N:2022-06-05, monsoon 2022",False
280,IND_13.0_78.0|2022-06-17|1,POSITIVE,train,2022-06-17,1,2022,monsoon,N:2022-06-17,2022-06-17T00:00:00+00:00,f003,gfs.0p25.2022061700.f003.grib2,https://data.gdex.ucar.edu/d084001/2022/20220617/gfs.0p25.2022061700.f003.grib2,2022,D:\SIH-Historical-GFS\raw,"episode-aware, year/season-stratified selection for Phase 0.4.24 300-event-group TS target; episode N:2022-06-17, monsoon 2022",False
280,IND_13.0_78.0|2022-06-17|1,POSITIVE,train,2022-06-17,1,2022,monsoon,N:2022-06-17,2022-06-17T00:00:00+00:00,f006,gfs.0p25.2022061700.f006.grib2,https://data.gdex.ucar.edu/d084001/2022/20220617/gfs.0p25.2022061700.f006.grib2,2022,D:\SIH-Historical-GFS\raw,"episode-aware, year/season-stratified selection for Phase 0.4.24 300-event-group TS target; episode N:2022-06-17, monsoon 2022",False
281,IND_13.0_78.0|2022-10-09|2,POSITIVE,train,2022-10-09,2,2022,post-monsoon,N:2022-10-09,2022-10-09T06:00:00+00:00,f003,gfs.0p25.2022100906.f003.grib2,https://data.gdex.ucar.edu/d084001/2022/20221009/gfs.0p25.2022100906.f003.grib2,2022,D:\SIH-Historical-GFS\raw,"episode-aware, year/season-stratified selection for Phase 0.4.24 300-event-group TS target; episode N:2022-10-09, post-monsoon 2022",False
281,IND_13.0_78.0|2022-10-09|2,POSITIVE,train,2022-10-09,2,2022,post-monsoon,N:2022-10-09,2022-10-09T06:00:00+00:00,f006,gfs.0p25.2022100906.f006.grib2,https://data.gdex.ucar.edu/d084001/2022/20221009/gfs.0p25.2022100906.f006.grib2,2022,D:\SIH-Historical-GFS\raw,"episode-aware, year/season-stratified selection for Phase 0.4.24 300-event-group TS target; episode N:2022-10-09, post-monsoon 2022",False
282,IND_13.0_78.0|2022-10-10|3,POSITIVE,train,2022-10-10,3,2022,post-monsoon,N:2022-10-10,2022-10-10T12:00:00+00:00,f003,gfs.0p25.2022101012.f003.grib2,https://data.gdex.ucar.edu/d084001/2022/20221010/gfs.0p25.2022101012.f003.grib2,2022,D:\SIH-Historical-GFS\raw,"episode-aware, year/season-stratified selection for Phase 0.4.24 300-event-group TS target; episode N:2022-10-10, post-monsoon 2022",False
282,IND_13.0_78.0|2022-10-10|3,POSITIVE,train,2022-10-10,3,2022,post-monsoon,N:2022-10-10,2022-10-10T12:00:00+00:00,f006,gfs.0p25.2022101012.f006.grib2,https://data.gdex.ucar.edu/d084001/2022/20221010/gfs.0p25.2022101012.f006.grib2,2022,D:\SIH-Historical-GFS\raw,"episode-aware, year/season-stratified selection for Phase 0.4.24 300-event-group TS target; episode N:2022-10-10, post-monsoon 2022",False
283,IND_13.0_78.0|2022-10-11|0,POSITIVE,train,2022-10-11,0,2022,post-monsoon,N:2022-10-11,2022-10-10T18:00:00+00:00,f003,gfs.0p25.2022101018.f003.grib2,https://data.gdex.ucar.edu/d084001/2022/20221010/gfs.0p25.2022101018.f003.grib2,2022,D:\SIH-Historical-GFS\raw,"episode-aware, year/season-stratified selection for Phase 0.4.24 300-event-group TS target; episode N:2022-10-11, post-monsoon 2022",False
283,IND_13.0_78.0|2022-10-11|0,POSITIVE,train,2022-10-11,0,2022,post-monsoon,N:2022-10-11,2022-10-10T18:00:00+00:00,f006,gfs.0p25.2022101018.f006.grib2,https://data.gdex.ucar.edu/d084001/2022/20221010/gfs.0p25.2022101018.f006.grib2,2022,D:\SIH-Historical-GFS\raw,"episode-aware, year/season-stratified selection for Phase 0.4.24 300-event-group TS target; episode N:2022-10-11, post-monsoon 2022",False
284,IND_13.0_78.0|2022-10-13|2,POSITIVE,train,2022-10-13,2,2022,post-monsoon,N:2022-10-13,2022-10-13T06:00:00+00:00,f003,gfs.0p25.2022101306.f003.grib2,https://data.gdex.ucar.edu/d084001/2022/20221013/gfs.0p25.2022101306.f003.grib2,2022,D:\SIH-Historical-GFS\raw,"episode-aware, year/season-stratified selection for Phase 0.4.24 300-event-group TS target; episode N:2022-10-13, post-monsoon 2022",False
284,IND_13.0_78.0|2022-10-13|2,POSITIVE,train,2022-10-13,2,2022,post-monsoon,N:2022-10-13,2022-10-13T06:00:00+00:00,f006,gfs.0p25.2022101306.f006.grib2,https://data.gdex.ucar.edu/d084001/2022/20221013/gfs.0p25.2022101306.f006.grib2,2022,D:\SIH-Historical-GFS\raw,"episode-aware, year/season-stratified selection for Phase 0.4.24 300-event-group TS target; episode N:2022-10-13, post-monsoon 2022",False
285,IND_13.0_78.0|2022-10-14|1,POSITIVE,train,2022-10-14,1,2022,post-monsoon,N:2022-10-14,2022-10-14T00:00:00+00:00,f003,gfs.0p25.2022101400.f003.grib2,https://data.gdex.ucar.edu/d084001/2022/20221014/gfs.0p25.2022101400.f003.grib2,2022,D:\SIH-Historical-GFS\raw,"episode-aware, year/season-stratified selection for Phase 0.4.24 300-event-group TS target; episode N:2022-10-14, post-monsoon 2022",False
285,IND_13.0_78.0|2022-10-14|1,POSITIVE,train,2022-10-14,1,2022,post-monsoon,N:2022-10-14,2022-10-14T00:00:00+00:00,f006,gfs.0p25.2022101400.f006.grib2,https://data.gdex.ucar.edu/d084001/2022/20221014/gfs.0p25.2022101400.f006.grib2,2022,D:\SIH-Historical-GFS\raw,"episode-aware, year/season-stratified selection for Phase 0.4.24 300-event-group TS target; episode N:2022-10-14, post-monsoon 2022",False
286,IND_13.0_78.0|2022-10-15|1,POSITIVE,train,2022-10-15,1,2022,post-monsoon,N:2022-10-15,2022-10-15T00:00:00+00:00,f003,gfs.0p25.2022101500.f003.grib2,https://data.gdex.ucar.edu/d084001/2022/20221015/gfs.0p25.2022101500.f003.grib2,2022,D:\SIH-Historical-GFS\raw,"episode-aware, year/season-stratified selection for Phase 0.4.24 300-event-group TS target; episode N:2022-10-15, post-monsoon 2022",False
286,IND_13.0_78.0|2022-10-15|1,POSITIVE,train,2022-10-15,1,2022,post-monsoon,N:2022-10-15,2022-10-15T00:00:00+00:00,f006,gfs.0p25.2022101500.f006.grib2,https://data.gdex.ucar.edu/d084001/2022/20221015/gfs.0p25.2022101500.f006.grib2,2022,D:\SIH-Historical-GFS\raw,"episode-aware, year/season-stratified selection for Phase 0.4.24 300-event-group TS target; episode N:2022-10-15, post-monsoon 2022",False
287,IND_13.0_78.0|2023-03-17|1,POSITIVE,train,2023-03-17,1,2023,pre-monsoon,N:2023-03-17,2023-03-17T00:00:00+00:00,f003,gfs.0p25.2023031700.f003.grib2,https://data.gdex.ucar.edu/d084001/2023/20230317/gfs.0p25.2023031700.f003.grib2,2023,D:\SIH-Historical-GFS\raw,"episode-aware, year/season-stratified selection for Phase 0.4.24 300-event-group TS target; episode N:2023-03-17, pre-monsoon 2023",False
287,IND_13.0_78.0|2023-03-17|1,POSITIVE,train,2023-03-17,1,2023,pre-monsoon,N:2023-03-17,2023-03-17T00:00:00+00:00,f006,gfs.0p25.2023031700.f006.grib2,https://data.gdex.ucar.edu/d084001/2023/20230317/gfs.0p25.2023031700.f006.grib2,2023,D:\SIH-Historical-GFS\raw,"episode-aware, year/season-stratified selection for Phase 0.4.24 300-event-group TS target; episode N:2023-03-17, pre-monsoon 2023",False
288,IND_13.0_78.0|2023-04-03|3,POSITIVE,train,2023-04-03,3,2023,pre-monsoon,N:2023-04-03,2023-04-03T12:00:00+00:00,f003,gfs.0p25.2023040312.f003.grib2,https://data.gdex.ucar.edu/d084001/2023/20230403/gfs.0p25.2023040312.f003.grib2,2023,D:\SIH-Historical-GFS\raw,"episode-aware, year/season-stratified selection for Phase 0.4.24 300-event-group TS target; episode N:2023-04-03, pre-monsoon 2023",False
288,IND_13.0_78.0|2023-04-03|3,POSITIVE,train,2023-04-03,3,2023,pre-monsoon,N:2023-04-03,2023-04-03T12:00:00+00:00,f006,gfs.0p25.2023040312.f006.grib2,https://data.gdex.ucar.edu/d084001/2023/20230403/gfs.0p25.2023040312.f006.grib2,2023,D:\SIH-Historical-GFS\raw,"episode-aware, year/season-stratified selection for Phase 0.4.24 300-event-group TS target; episode N:2023-04-03, pre-monsoon 2023",False
289,IND_13.0_78.0|2023-04-04|3,POSITIVE,train,2023-04-04,3,2023,pre-monsoon,N:2023-04-04,2023-04-04T12:00:00+00:00,f003,gfs.0p25.2023040412.f003.grib2,https://data.gdex.ucar.edu/d084001/2023/20230404/gfs.0p25.2023040412.f003.grib2,2023,D:\SIH-Historical-GFS\raw,"episode-aware, year/season-stratified selection for Phase 0.4.24 300-event-group TS target; episode N:2023-04-04, pre-monsoon 2023",False
289,IND_13.0_78.0|2023-04-04|3,POSITIVE,train,2023-04-04,3,2023,pre-monsoon,N:2023-04-04,2023-04-04T12:00:00+00:00,f006,gfs.0p25.2023040412.f006.grib2,https://data.gdex.ucar.edu/d084001/2023/20230404/gfs.0p25.2023040412.f006.grib2,2023,D:\SIH-Historical-GFS\raw,"episode-aware, year/season-stratified selection for Phase 0.4.24 300-event-group TS target; episode N:2023-04-04, pre-monsoon 2023",False
290,IND_13.0_78.0|2023-04-30|1,POSITIVE,train,2023-04-30,1,2023,pre-monsoon,N:2023-04-30,2023-04-30T00:00:00+00:00,f003,gfs.0p25.2023043000.f003.grib2,https://data.gdex.ucar.edu/d084001/2023/20230430/gfs.0p25.2023043000.f003.grib2,2023,D:\SIH-Historical-GFS\raw,"episode-aware, year/season-stratified selection for Phase 0.4.24 300-event-group TS target; episode N:2023-04-30, pre-monsoon 2023",False
290,IND_13.0_78.0|2023-04-30|1,POSITIVE,train,2023-04-30,1,2023,pre-monsoon,N:2023-04-30,2023-04-30T00:00:00+00:00,f006,gfs.0p25.2023043000.f006.grib2,https://data.gdex.ucar.edu/d084001/2023/20230430/gfs.0p25.2023043000.f006.grib2,2023,D:\SIH-Historical-GFS\raw,"episode-aware, year/season-stratified selection for Phase 0.4.24 300-event-group TS target; episode N:2023-04-30, pre-monsoon 2023",False
291,IND_13.0_78.0|2023-05-04|0,POSITIVE,train,2023-05-04,0,2023,pre-monsoon,N:2023-05-04,2023-05-03T18:00:00+00:00,f003,gfs.0p25.2023050318.f003.grib2,https://data.gdex.ucar.edu/d084001/2023/20230503/gfs.0p25.2023050318.f003.grib2,2023,D:\SIH-Historical-GFS\raw,"episode-aware, year/season-stratified selection for Phase 0.4.24 300-event-group TS target; episode N:2023-05-04, pre-monsoon 2023",False
291,IND_13.0_78.0|2023-05-04|0,POSITIVE,train,2023-05-04,0,2023,pre-monsoon,N:2023-05-04,2023-05-03T18:00:00+00:00,f006,gfs.0p25.2023050318.f006.grib2,https://data.gdex.ucar.edu/d084001/2023/20230503/gfs.0p25.2023050318.f006.grib2,2023,D:\SIH-Historical-GFS\raw,"episode-aware, year/season-stratified selection for Phase 0.4.24 300-event-group TS target; episode N:2023-05-04, pre-monsoon 2023",False
292,IND_13.0_78.0|2023-06-01|3,POSITIVE,train,2023-06-01,3,2023,monsoon,N:2023-06-01,2023-06-01T12:00:00+00:00,f003,gfs.0p25.2023060112.f003.grib2,https://data.gdex.ucar.edu/d084001/2023/20230601/gfs.0p25.2023060112.f003.grib2,2023,D:\SIH-Historical-GFS\raw,"episode-aware, year/season-stratified selection for Phase 0.4.24 300-event-group TS target; episode N:2023-06-01, monsoon 2023",False
292,IND_13.0_78.0|2023-06-01|3,POSITIVE,train,2023-06-01,3,2023,monsoon,N:2023-06-01,2023-06-01T12:00:00+00:00,f006,gfs.0p25.2023060112.f006.grib2,https://data.gdex.ucar.edu/d084001/2023/20230601/gfs.0p25.2023060112.f006.grib2,2023,D:\SIH-Historical-GFS\raw,"episode-aware, year/season-stratified selection for Phase 0.4.24 300-event-group TS target; episode N:2023-06-01, monsoon 2023",False
293,IND_13.0_78.0|2023-06-06|2,POSITIVE,train,2023-06-06,2,2023,monsoon,N:2023-06-06,2023-06-06T06:00:00+00:00,f003,gfs.0p25.2023060606.f003.grib2,https://data.gdex.ucar.edu/d084001/2023/20230606/gfs.0p25.2023060606.f003.grib2,2023,D:\SIH-Historical-GFS\raw,"episode-aware, year/season-stratified selection for Phase 0.4.24 300-event-group TS target; episode N:2023-06-06, monsoon 2023",False
293,IND_13.0_78.0|2023-06-06|2,POSITIVE,train,2023-06-06,2,2023,monsoon,N:2023-06-06,2023-06-06T06:00:00+00:00,f006,gfs.0p25.2023060606.f006.grib2,https://data.gdex.ucar.edu/d084001/2023/20230606/gfs.0p25.2023060606.f006.grib2,2023,D:\SIH-Historical-GFS\raw,"episode-aware, year/season-stratified selection for Phase 0.4.24 300-event-group TS target; episode N:2023-06-06, monsoon 2023",False
294,IND_13.0_78.0|2023-06-09|3,POSITIVE,train,2023-06-09,3,2023,monsoon,N:2023-06-09,2023-06-09T12:00:00+00:00,f003,gfs.0p25.2023060912.f003.grib2,https://data.gdex.ucar.edu/d084001/2023/20230609/gfs.0p25.2023060912.f003.grib2,2023,D:\SIH-Historical-GFS\raw,"episode-aware, year/season-stratified selection for Phase 0.4.24 300-event-group TS target; episode N:2023-06-09, monsoon 2023",False
294,IND_13.0_78.0|2023-06-09|3,POSITIVE,train,2023-06-09,3,2023,monsoon,N:2023-06-09,2023-06-09T12:00:00+00:00,f006,gfs.0p25.2023060912.f006.grib2,https://data.gdex.ucar.edu/d084001/2023/20230609/gfs.0p25.2023060912.f006.grib2,2023,D:\SIH-Historical-GFS\raw,"episode-aware, year/season-stratified selection for Phase 0.4.24 300-event-group TS target; episode N:2023-06-09, monsoon 2023",False
295,IND_13.0_78.0|2023-06-12|0,POSITIVE,train,2023-06-12,0,2023,monsoon,N:2023-06-12,2023-06-11T18:00:00+00:00,f003,gfs.0p25.2023061118.f003.grib2,https://data.gdex.ucar.edu/d084001/2023/20230611/gfs.0p25.2023061118.f003.grib2,2023,D:\SIH-Historical-GFS\raw,"episode-aware, year/season-stratified selection for Phase 0.4.24 300-event-group TS target; episode N:2023-06-12, monsoon 2023",False
295,IND_13.0_78.0|2023-06-12|0,POSITIVE,train,2023-06-12,0,2023,monsoon,N:2023-06-12,2023-06-11T18:00:00+00:00,f006,gfs.0p25.2023061118.f006.grib2,https://data.gdex.ucar.edu/d084001/2023/20230611/gfs.0p25.2023061118.f006.grib2,2023,D:\SIH-Historical-GFS\raw,"episode-aware, year/season-stratified selection for Phase 0.4.24 300-event-group TS target; episode N:2023-06-12, monsoon 2023",False
296,IND_13.0_78.0|2023-06-20|1,POSITIVE,train,2023-06-20,1,2023,monsoon,N:2023-06-20,2023-06-20T00:00:00+00:00,f003,gfs.0p25.2023062000.f003.grib2,https://data.gdex.ucar.edu/d084001/2023/20230620/gfs.0p25.2023062000.f003.grib2,2023,D:\SIH-Historical-GFS\raw,"episode-aware, year/season-stratified selection for Phase 0.4.24 300-event-group TS target; episode N:2023-06-20, monsoon 2023",False
296,IND_13.0_78.0|2023-06-20|1,POSITIVE,train,2023-06-20,1,2023,monsoon,N:2023-06-20,2023-06-20T00:00:00+00:00,f006,gfs.0p25.2023062000.f006.grib2,https://data.gdex.ucar.edu/d084001/2023/20230620/gfs.0p25.2023062000.f006.grib2,2023,D:\SIH-Historical-GFS\raw,"episode-aware, year/season-stratified selection for Phase 0.4.24 300-event-group TS target; episode N:2023-06-20, monsoon 2023",False
297,IND_13.0_78.0|2023-10-10|0,POSITIVE,train,2023-10-10,0,2023,post-monsoon,N:2023-10-10,2023-10-09T18:00:00+00:00,f003,gfs.0p25.2023100918.f003.grib2,https://data.gdex.ucar.edu/d084001/2023/20231009/gfs.0p25.2023100918.f003.grib2,2023,D:\SIH-Historical-GFS\raw,"episode-aware, year/season-stratified selection for Phase 0.4.24 300-event-group TS target; episode N:2023-10-10, post-monsoon 2023",False
297,IND_13.0_78.0|2023-10-10|0,POSITIVE,train,2023-10-10,0,2023,post-monsoon,N:2023-10-10,2023-10-09T18:00:00+00:00,f006,gfs.0p25.2023100918.f006.grib2,https://data.gdex.ucar.edu/d084001/2023/20231009/gfs.0p25.2023100918.f006.grib2,2023,D:\SIH-Historical-GFS\raw,"episode-aware, year/season-stratified selection for Phase 0.4.24 300-event-group TS target; episode N:2023-10-10, post-monsoon 2023",False
298,IND_13.0_78.0|2023-10-11|2,POSITIVE,train,2023-10-11,2,2023,post-monsoon,N:2023-10-11,2023-10-11T06:00:00+00:00,f003,gfs.0p25.2023101106.f003.grib2,https://data.gdex.ucar.edu/d084001/2023/20231011/gfs.0p25.2023101106.f003.grib2,2023,D:\SIH-Historical-GFS\raw,"episode-aware, year/season-stratified selection for Phase 0.4.24 300-event-group TS target; episode N:2023-10-11, post-monsoon 2023",False
298,IND_13.0_78.0|2023-10-11|2,POSITIVE,train,2023-10-11,2,2023,post-monsoon,N:2023-10-11,2023-10-11T06:00:00+00:00,f006,gfs.0p25.2023101106.f006.grib2,https://data.gdex.ucar.edu/d084001/2023/20231011/gfs.0p25.2023101106.f006.grib2,2023,D:\SIH-Historical-GFS\raw,"episode-aware, year/season-stratified selection for Phase 0.4.24 300-event-group TS target; episode N:2023-10-11, post-monsoon 2023",False
299,IND_13.0_78.0|2023-10-30|2,POSITIVE,train,2023-10-30,2,2023,post-monsoon,N:2023-10-30,2023-10-30T06:00:00+00:00,f003,gfs.0p25.2023103006.f003.grib2,https://data.gdex.ucar.edu/d084001/2023/20231030/gfs.0p25.2023103006.f003.grib2,2023,D:\SIH-Historical-GFS\raw,"episode-aware, year/season-stratified selection for Phase 0.4.24 300-event-group TS target; episode N:2023-10-30, post-monsoon 2023",False
299,IND_13.0_78.0|2023-10-30|2,POSITIVE,train,2023-10-30,2,2023,post-monsoon,N:2023-10-30,2023-10-30T06:00:00+00:00,f006,gfs.0p25.2023103006.f006.grib2,https://data.gdex.ucar.edu/d084001/2023/20231030/gfs.0p25.2023103006.f006.grib2,2023,D:\SIH-Historical-GFS\raw,"episode-aware, year/season-stratified selection for Phase 0.4.24 300-event-group TS target; episode N:2023-10-30, post-monsoon 2023",False
300,IND_13.0_78.0|2023-11-04|2,POSITIVE,train,2023-11-04,2,2023,post-monsoon,N:2023-11-04,2023-11-04T06:00:00+00:00,f003,gfs.0p25.2023110406.f003.grib2,https://data.gdex.ucar.edu/d084001/2023/20231104/gfs.0p25.2023110406.f003.grib2,2023,D:\SIH-Historical-GFS\raw,"episode-aware, year/season-stratified selection for Phase 0.4.24 300-event-group TS target; episode N:2023-11-04, post-monsoon 2023",False
300,IND_13.0_78.0|2023-11-04|2,POSITIVE,train,2023-11-04,2,2023,post-monsoon,N:2023-11-04,2023-11-04T06:00:00+00:00,f006,gfs.0p25.2023110406.f006.grib2,https://data.gdex.ucar.edu/d084001/2023/20231104/gfs.0p25.2023110406.f006.grib2,2023,D:\SIH-Historical-GFS\raw,"episode-aware, year/season-stratified selection for Phase 0.4.24 300-event-group TS target; episode N:2023-11-04, post-monsoon 2023",False
