EventID,GaugeID,cell_id,cell_lat,cell_lon,mapping_status,Start Date,End Date,Flood Type
INDOFLOODS-gauge-1010-1,INDOFLOODS-gauge-1010,26.0_89.0,26.0,89.0,MAPPED,2010-07-21,2010-07-21,Flood
INDOFLOODS-gauge-1010-2,INDOFLOODS-gauge-1010,26.0_89.0,26.0,89.0,MAPPED,2016-07-23,2016-07-23,Flood
INDOFLOODS-gauge-1010-3,INDOFLOODS-gauge-1010,26.0_89.0,26.0,89.0,MAPPED,2016-07-26,2016-07-26,Flood
INDOFLOODS-gauge-1010-4,INDOFLOODS-gauge-1010,26.0_89.0,26.0,89.0,MAPPED,2017-08-11,2017-08-13,Severe Flood
INDOFLOODS-gauge-1012-1,INDOFLOODS-gauge-1012,26.0_89.0,26.0,89.0,MAPPED,2010-07-21,2010-07-21,Flood
INDOFLOODS-gauge-1013-1,INDOFLOODS-gauge-1013,26.0_89.0,26.0,89.0,MAPPED,2013-06-11,2013-06-11,Flood
INDOFLOODS-gauge-1013-2,INDOFLOODS-gauge-1013,26.0_89.0,26.0,89.0,MAPPED,2015-08-31,2015-09-01,Flood
INDOFLOODS-gauge-1013-3,INDOFLOODS-gauge-1013,26.0_89.0,26.0,89.0,MAPPED,2016-07-23,2016-07-26,Flood
INDOFLOODS-gauge-1013-4,INDOFLOODS-gauge-1013,26.0_89.0,26.0,89.0,MAPPED,2017-08-11,2017-08-13,Severe Flood
INDOFLOODS-gauge-1013-5,INDOFLOODS-gauge-1013,26.0_89.0,26.0,89.0,MAPPED,2020-07-03,2020-07-03,Flood
INDOFLOODS-gauge-1013-6,INDOFLOODS-gauge-1013,26.0_89.0,26.0,89.0,MAPPED,2020-07-12,2020-07-13,Flood
INDOFLOODS-gauge-1013-7,INDOFLOODS-gauge-1013,26.0_89.0,26.0,89.0,MAPPED,2020-07-21,2020-07-22,Severe Flood
INDOFLOODS-gauge-1013-8,INDOFLOODS-gauge-1013,26.0_89.0,26.0,89.0,MAPPED,2020-09-15,2020-09-15,Flood
INDOFLOODS-gauge-1013-9,INDOFLOODS-gauge-1013,26.0_89.0,26.0,89.0,MAPPED,2020-09-24,2020-09-24,Flood
INDOFLOODS-gauge-1018-1,INDOFLOODS-gauge-1018,26.0_88.0,26.0,88.0,MAPPED,2017-07-01,2017-07-02,Flood
INDOFLOODS-gauge-1018-10,INDOFLOODS-gauge-1018,26.0_88.0,26.0,88.0,MAPPED,2020-09-24,2020-09-24,Flood
INDOFLOODS-gauge-1018-2,INDOFLOODS-gauge-1018,26.0_88.0,26.0,88.0,MAPPED,2017-07-10,2017-07-12,Flood
INDOFLOODS-gauge-1018-3,INDOFLOODS-gauge-1018,26.0_88.0,26.0,88.0,MAPPED,2017-08-10,2017-08-13,Flood
INDOFLOODS-gauge-1018-4,INDOFLOODS-gauge-1018,26.0_88.0,26.0,88.0,MAPPED,2018-06-24,2018-06-24,Flood
INDOFLOODS-gauge-1018-5,INDOFLOODS-gauge-1018,26.0_88.0,26.0,88.0,MAPPED,2018-07-01,2018-07-05,Flood
INDOFLOODS-gauge-1018-6,INDOFLOODS-gauge-1018,26.0_88.0,26.0,88.0,MAPPED,2018-08-01,2018-08-08,Flood
INDOFLOODS-gauge-1018-7,INDOFLOODS-gauge-1018,26.0_88.0,26.0,88.0,MAPPED,2020-07-13,2020-07-13,Flood
INDOFLOODS-gauge-1018-8,INDOFLOODS-gauge-1018,26.0_88.0,26.0,88.0,MAPPED,2020-07-21,2020-07-21,Flood
INDOFLOODS-gauge-1018-9,INDOFLOODS-gauge-1018,26.0_88.0,26.0,88.0,MAPPED,2020-08-10,2020-08-12,Flood
INDOFLOODS-gauge-1020-1,INDOFLOODS-gauge-1020,22.0_87.0,22.0,87.0,MAPPED,2010-10-27,2010-10-27,Severe Flood
INDOFLOODS-gauge-1020-2,INDOFLOODS-gauge-1020,22.0_87.0,22.0,87.0,MAPPED,2011-08-11,2011-08-15,Flood
INDOFLOODS-gauge-1020-3,INDOFLOODS-gauge-1020,22.0_87.0,22.0,87.0,MAPPED,2011-08-18,2011-08-20,Flood
INDOFLOODS-gauge-1042-1,INDOFLOODS-gauge-1042,26.0_89.0,26.0,89.0,MAPPED,2010-07-21,2010-07-21,Flood
INDOFLOODS-gauge-1042-2,INDOFLOODS-gauge-1042,26.0_89.0,26.0,89.0,MAPPED,2010-10-22,2010-10-22,Severe Flood
INDOFLOODS-gauge-1050-1,INDOFLOODS-gauge-1050,26.0_89.0,26.0,89.0,MAPPED,2012-06-02,2012-06-02,Severe Flood
INDOFLOODS-gauge-1050-10,INDOFLOODS-gauge-1050,26.0_89.0,26.0,89.0,MAPPED,2012-07-23,2012-07-24,Severe Flood
INDOFLOODS-gauge-1050-11,INDOFLOODS-gauge-1050,26.0_89.0,26.0,89.0,MAPPED,2012-08-18,2012-08-18,Severe Flood
INDOFLOODS-gauge-1050-12,INDOFLOODS-gauge-1050,26.0_89.0,26.0,89.0,MAPPED,2012-08-22,2012-08-22,Severe Flood
INDOFLOODS-gauge-1050-13,INDOFLOODS-gauge-1050,26.0_89.0,26.0,89.0,MAPPED,2012-08-24,2012-08-24,Severe Flood
INDOFLOODS-gauge-1050-14,INDOFLOODS-gauge-1050,26.0_89.0,26.0,89.0,MAPPED,2012-09-15,2012-09-15,Severe Flood
INDOFLOODS-gauge-1050-15,INDOFLOODS-gauge-1050,26.0_89.0,26.0,89.0,MAPPED,2012-09-17,2012-09-17,Severe Flood
INDOFLOODS-gauge-1050-16,INDOFLOODS-gauge-1050,26.0_89.0,26.0,89.0,MAPPED,2012-09-19,2012-09-20,Severe Flood
INDOFLOODS-gauge-1050-17,INDOFLOODS-gauge-1050,26.0_89.0,26.0,89.0,MAPPED,2012-09-22,2012-09-22,Severe Flood
INDOFLOODS-gauge-1050-18,INDOFLOODS-gauge-1050,26.0_89.0,26.0,89.0,MAPPED,2012-10-01,2012-10-03,Severe Flood
INDOFLOODS-gauge-1050-19,INDOFLOODS-gauge-1050,26.0_89.0,26.0,89.0,MAPPED,2014-08-24,2014-08-24,Flood
INDOFLOODS-gauge-1050-2,INDOFLOODS-gauge-1050,26.0_89.0,26.0,89.0,MAPPED,2012-06-07,2012-06-07,Severe Flood
INDOFLOODS-gauge-1050-20,INDOFLOODS-gauge-1050,26.0_89.0,26.0,89.0,MAPPED,2014-08-27,2014-08-28,Severe Flood
INDOFLOODS-gauge-1050-21,INDOFLOODS-gauge-1050,26.0_89.0,26.0,89.0,MAPPED,2014-09-23,2014-09-23,Flood
INDOFLOODS-gauge-1050-22,INDOFLOODS-gauge-1050,26.0_89.0,26.0,89.0,MAPPED,2015-06-08,2015-06-12,Severe Flood
INDOFLOODS-gauge-1050-23,INDOFLOODS-gauge-1050,26.0_89.0,26.0,89.0,MAPPED,2015-08-17,2015-08-17,Flood
INDOFLOODS-gauge-1050-24,INDOFLOODS-gauge-1050,26.0_89.0,26.0,89.0,MAPPED,2015-08-19,2015-08-24,Severe Flood
INDOFLOODS-gauge-1050-25,INDOFLOODS-gauge-1050,26.0_89.0,26.0,89.0,MAPPED,2015-08-31,2015-09-04,Severe Flood
INDOFLOODS-gauge-1050-26,INDOFLOODS-gauge-1050,26.0_89.0,26.0,89.0,MAPPED,2016-06-23,2016-06-27,Flood
INDOFLOODS-gauge-1050-27,INDOFLOODS-gauge-1050,26.0_89.0,26.0,89.0,MAPPED,2016-07-22,2016-07-28,Severe Flood
INDOFLOODS-gauge-1050-28,INDOFLOODS-gauge-1050,26.0_89.0,26.0,89.0,MAPPED,2017-07-10,2017-07-12,Flood
INDOFLOODS-gauge-1050-29,INDOFLOODS-gauge-1050,26.0_89.0,26.0,89.0,MAPPED,2017-08-10,2017-08-17,Severe Flood
INDOFLOODS-gauge-1050-3,INDOFLOODS-gauge-1050,26.0_89.0,26.0,89.0,MAPPED,2012-06-12,2012-06-17,Severe Flood
INDOFLOODS-gauge-1050-30,INDOFLOODS-gauge-1050,26.0_89.0,26.0,89.0,MAPPED,2017-10-01,2017-10-01,Flood
INDOFLOODS-gauge-1050-31,INDOFLOODS-gauge-1050,26.0_89.0,26.0,89.0,MAPPED,2018-07-02,2018-07-02,Flood
INDOFLOODS-gauge-1050-32,INDOFLOODS-gauge-1050,26.0_89.0,26.0,89.0,MAPPED,2018-07-04,2018-07-06,Severe Flood
INDOFLOODS-gauge-1050-33,INDOFLOODS-gauge-1050,26.0_89.0,26.0,89.0,MAPPED,2018-09-15,2018-09-16,Flood
INDOFLOODS-gauge-1050-34,INDOFLOODS-gauge-1050,26.0_89.0,26.0,89.0,MAPPED,2020-06-26,2020-06-30,Severe Flood
INDOFLOODS-gauge-1050-35,INDOFLOODS-gauge-1050,26.0_89.0,26.0,89.0,MAPPED,2020-07-03,2020-07-05,Flood
INDOFLOODS-gauge-1050-36,INDOFLOODS-gauge-1050,26.0_89.0,26.0,89.0,MAPPED,2020-07-11,2020-07-16,Severe Flood
INDOFLOODS-gauge-1050-37,INDOFLOODS-gauge-1050,26.0_89.0,26.0,89.0,MAPPED,2020-07-18,2020-07-20,Flood
INDOFLOODS-gauge-1050-38,INDOFLOODS-gauge-1050,26.0_89.0,26.0,89.0,MAPPED,2020-07-22,2020-07-23,Flood
INDOFLOODS-gauge-1050-39,INDOFLOODS-gauge-1050,26.0_89.0,26.0,89.0,MAPPED,2020-07-31,2020-08-02,Flood
INDOFLOODS-gauge-1050-4,INDOFLOODS-gauge-1050,26.0_89.0,26.0,89.0,MAPPED,2012-06-23,2012-06-23,Severe Flood
INDOFLOODS-gauge-1050-40,INDOFLOODS-gauge-1050,26.0_89.0,26.0,89.0,MAPPED,2020-09-15,2020-09-19,Severe Flood
INDOFLOODS-gauge-1050-41,INDOFLOODS-gauge-1050,26.0_89.0,26.0,89.0,MAPPED,2020-09-24,2020-09-28,Flood
INDOFLOODS-gauge-1050-5,INDOFLOODS-gauge-1050,26.0_89.0,26.0,89.0,MAPPED,2012-06-25,2012-06-28,Severe Flood
INDOFLOODS-gauge-1050-6,INDOFLOODS-gauge-1050,26.0_89.0,26.0,89.0,MAPPED,2012-07-05,2012-07-07,Severe Flood
INDOFLOODS-gauge-1050-7,INDOFLOODS-gauge-1050,26.0_89.0,26.0,89.0,MAPPED,2012-07-11,2012-07-11,Severe Flood
INDOFLOODS-gauge-1050-8,INDOFLOODS-gauge-1050,26.0_89.0,26.0,89.0,MAPPED,2012-07-14,2012-07-14,Severe Flood
INDOFLOODS-gauge-1050-9,INDOFLOODS-gauge-1050,26.0_89.0,26.0,89.0,MAPPED,2012-07-16,2012-07-16,Severe Flood
INDOFLOODS-gauge-1056-1,INDOFLOODS-gauge-1056,23.0_88.0,23.0,88.0,MAPPED,2010-10-26,2010-10-26,Severe Flood
INDOFLOODS-gauge-1056-10,INDOFLOODS-gauge-1056,23.0_88.0,23.0,88.0,MAPPED,2012-07-26,2012-07-26,Severe Flood
INDOFLOODS-gauge-1056-11,INDOFLOODS-gauge-1056,23.0_88.0,23.0,88.0,MAPPED,2012-07-31,2012-07-31,Severe Flood
INDOFLOODS-gauge-1056-12,INDOFLOODS-gauge-1056,23.0_88.0,23.0,88.0,MAPPED,2012-08-17,2012-08-17,Flood
INDOFLOODS-gauge-1056-13,INDOFLOODS-gauge-1056,23.0_88.0,23.0,88.0,MAPPED,2012-09-04,2012-09-04,Severe Flood
INDOFLOODS-gauge-1056-14,INDOFLOODS-gauge-1056,23.0_88.0,23.0,88.0,MAPPED,2012-09-09,2012-09-09,Severe Flood
INDOFLOODS-gauge-1056-15,INDOFLOODS-gauge-1056,23.0_88.0,23.0,88.0,MAPPED,2012-09-17,2012-09-17,Severe Flood
INDOFLOODS-gauge-1056-16,INDOFLOODS-gauge-1056,23.0_88.0,23.0,88.0,MAPPED,2012-10-03,2012-10-03,Severe Flood
INDOFLOODS-gauge-1056-17,INDOFLOODS-gauge-1056,23.0_88.0,23.0,88.0,MAPPED,2012-10-08,2012-10-08,Severe Flood
INDOFLOODS-gauge-1056-18,INDOFLOODS-gauge-1056,23.0_88.0,23.0,88.0,MAPPED,2013-10-14,2013-10-16,Flood
INDOFLOODS-gauge-1056-2,INDOFLOODS-gauge-1056,23.0_88.0,23.0,88.0,MAPPED,2011-06-30,2011-06-30,Flood
INDOFLOODS-gauge-1056-3,INDOFLOODS-gauge-1056,23.0_88.0,23.0,88.0,MAPPED,2011-08-09,2011-08-22,Severe Flood
INDOFLOODS-gauge-1056-4,INDOFLOODS-gauge-1056,23.0_88.0,23.0,88.0,MAPPED,2012-06-21,2012-06-21,Severe Flood
INDOFLOODS-gauge-1056-5,INDOFLOODS-gauge-1056,23.0_88.0,23.0,88.0,MAPPED,2012-06-24,2012-06-24,Severe Flood
INDOFLOODS-gauge-1056-6,INDOFLOODS-gauge-1056,23.0_88.0,23.0,88.0,MAPPED,2012-07-05,2012-07-05,Severe Flood
INDOFLOODS-gauge-1056-7,INDOFLOODS-gauge-1056,23.0_88.0,23.0,88.0,MAPPED,2012-07-10,2012-07-10,Severe Flood
INDOFLOODS-gauge-1056-8,INDOFLOODS-gauge-1056,23.0_88.0,23.0,88.0,MAPPED,2012-07-15,2012-07-15,Severe Flood
INDOFLOODS-gauge-1056-9,INDOFLOODS-gauge-1056,23.0_88.0,23.0,88.0,MAPPED,2012-07-20,2012-07-20,Flood
INDOFLOODS-gauge-1059-1,INDOFLOODS-gauge-1059,26.0_88.0,26.0,88.0,MAPPED,2010-06-07,2010-06-07,Flood
INDOFLOODS-gauge-1059-10,INDOFLOODS-gauge-1059,26.0_88.0,26.0,88.0,MAPPED,2010-08-27,2010-08-29,Flood
INDOFLOODS-gauge-1059-11,INDOFLOODS-gauge-1059,26.0_88.0,26.0,88.0,MAPPED,2010-09-10,2010-09-10,Flood
INDOFLOODS-gauge-1059-12,INDOFLOODS-gauge-1059,26.0_88.0,26.0,88.0,MAPPED,2010-09-15,2010-09-17,Flood
INDOFLOODS-gauge-1059-13,INDOFLOODS-gauge-1059,26.0_88.0,26.0,88.0,MAPPED,2011-06-24,2011-06-24,Flood
INDOFLOODS-gauge-1059-14,INDOFLOODS-gauge-1059,26.0_88.0,26.0,88.0,MAPPED,2011-06-30,2011-07-11,Severe Flood
INDOFLOODS-gauge-1059-15,INDOFLOODS-gauge-1059,26.0_88.0,26.0,88.0,MAPPED,2011-07-14,2011-07-16,Flood
INDOFLOODS-gauge-1059-16,INDOFLOODS-gauge-1059,26.0_88.0,26.0,88.0,MAPPED,2011-07-28,2011-07-30,Flood
INDOFLOODS-gauge-1059-17,INDOFLOODS-gauge-1059,26.0_88.0,26.0,88.0,MAPPED,2011-08-02,2011-08-02,Flood
INDOFLOODS-gauge-1059-18,INDOFLOODS-gauge-1059,26.0_88.0,26.0,88.0,MAPPED,2011-08-10,2011-08-10,Flood
INDOFLOODS-gauge-1059-19,INDOFLOODS-gauge-1059,26.0_88.0,26.0,88.0,MAPPED,2011-08-14,2011-08-27,Severe Flood
INDOFLOODS-gauge-1059-2,INDOFLOODS-gauge-1059,26.0_88.0,26.0,88.0,MAPPED,2010-06-17,2010-06-17,Flood
INDOFLOODS-gauge-1059-20,INDOFLOODS-gauge-1059,26.0_88.0,26.0,88.0,MAPPED,2011-09-16,2011-09-16,Flood
INDOFLOODS-gauge-1059-21,INDOFLOODS-gauge-1059,26.0_88.0,26.0,88.0,MAPPED,2011-09-18,2011-09-21,Flood
INDOFLOODS-gauge-1059-22,INDOFLOODS-gauge-1059,26.0_88.0,26.0,88.0,MAPPED,2011-09-25,2011-09-29,Flood
INDOFLOODS-gauge-1059-23,INDOFLOODS-gauge-1059,26.0_88.0,26.0,88.0,MAPPED,2013-06-05,2013-06-05,Flood
INDOFLOODS-gauge-1059-24,INDOFLOODS-gauge-1059,26.0_88.0,26.0,88.0,MAPPED,2013-06-26,2013-06-30,Severe Flood
INDOFLOODS-gauge-1059-25,INDOFLOODS-gauge-1059,26.0_88.0,26.0,88.0,MAPPED,2013-07-02,2013-07-02,Flood
INDOFLOODS-gauge-1059-26,INDOFLOODS-gauge-1059,26.0_88.0,26.0,88.0,MAPPED,2013-07-04,2013-07-13,Severe Flood
INDOFLOODS-gauge-1059-27,INDOFLOODS-gauge-1059,26.0_88.0,26.0,88.0,MAPPED,2013-07-18,2013-07-19,Flood
INDOFLOODS-gauge-1059-28,INDOFLOODS-gauge-1059,26.0_88.0,26.0,88.0,MAPPED,2013-07-21,2013-07-22,Flood
INDOFLOODS-gauge-1059-29,INDOFLOODS-gauge-1059,26.0_88.0,26.0,88.0,MAPPED,2013-07-25,2013-07-25,Flood
INDOFLOODS-gauge-1059-3,INDOFLOODS-gauge-1059,26.0_88.0,26.0,88.0,MAPPED,2010-06-27,2010-06-27,Flood
INDOFLOODS-gauge-1059-30,INDOFLOODS-gauge-1059,26.0_88.0,26.0,88.0,MAPPED,2013-07-27,2013-07-28,Flood
INDOFLOODS-gauge-1059-31,INDOFLOODS-gauge-1059,26.0_88.0,26.0,88.0,MAPPED,2013-08-06,2013-08-06,Flood
INDOFLOODS-gauge-1059-32,INDOFLOODS-gauge-1059,26.0_88.0,26.0,88.0,MAPPED,2013-08-10,2013-08-12,Flood
INDOFLOODS-gauge-1059-33,INDOFLOODS-gauge-1059,26.0_88.0,26.0,88.0,MAPPED,2013-08-29,2013-08-30,Flood
INDOFLOODS-gauge-1059-34,INDOFLOODS-gauge-1059,26.0_88.0,26.0,88.0,MAPPED,2013-09-03,2013-09-03,Flood
INDOFLOODS-gauge-1059-35,INDOFLOODS-gauge-1059,26.0_88.0,26.0,88.0,MAPPED,2013-09-05,2013-09-06,Flood
INDOFLOODS-gauge-1059-36,INDOFLOODS-gauge-1059,26.0_88.0,26.0,88.0,MAPPED,2014-06-23,2014-06-25,Flood
INDOFLOODS-gauge-1059-37,INDOFLOODS-gauge-1059,26.0_88.0,26.0,88.0,MAPPED,2014-07-01,2014-07-02,Flood
INDOFLOODS-gauge-1059-38,INDOFLOODS-gauge-1059,26.0_88.0,26.0,88.0,MAPPED,2014-07-06,2014-07-07,Flood
INDOFLOODS-gauge-1059-39,INDOFLOODS-gauge-1059,26.0_88.0,26.0,88.0,MAPPED,2014-07-09,2014-07-10,Flood
INDOFLOODS-gauge-1059-4,INDOFLOODS-gauge-1059,26.0_88.0,26.0,88.0,MAPPED,2010-07-07,2010-07-09,Flood
INDOFLOODS-gauge-1059-40,INDOFLOODS-gauge-1059,26.0_88.0,26.0,88.0,MAPPED,2014-07-14,2014-07-25,Severe Flood
INDOFLOODS-gauge-1059-41,INDOFLOODS-gauge-1059,26.0_88.0,26.0,88.0,MAPPED,2014-07-28,2014-07-28,Flood
INDOFLOODS-gauge-1059-42,INDOFLOODS-gauge-1059,26.0_88.0,26.0,88.0,MAPPED,2014-07-31,2014-07-31,Flood
INDOFLOODS-gauge-1059-43,INDOFLOODS-gauge-1059,26.0_88.0,26.0,88.0,MAPPED,2014-08-02,2014-09-02,Severe Flood
INDOFLOODS-gauge-1059-44,INDOFLOODS-gauge-1059,26.0_88.0,26.0,88.0,MAPPED,2014-09-14,2014-09-16,Flood
INDOFLOODS-gauge-1059-45,INDOFLOODS-gauge-1059,26.0_88.0,26.0,88.0,MAPPED,2014-09-20,2014-09-24,Flood
INDOFLOODS-gauge-1059-46,INDOFLOODS-gauge-1059,26.0_88.0,26.0,88.0,MAPPED,2014-09-27,2014-09-28,Flood
INDOFLOODS-gauge-1059-47,INDOFLOODS-gauge-1059,26.0_88.0,26.0,88.0,MAPPED,2015-06-01,2015-06-02,Severe Flood
INDOFLOODS-gauge-1059-48,INDOFLOODS-gauge-1059,26.0_88.0,26.0,88.0,MAPPED,2015-06-08,2015-06-08,Flood
INDOFLOODS-gauge-1059-49,INDOFLOODS-gauge-1059,26.0_88.0,26.0,88.0,MAPPED,2015-06-10,2015-06-14,Severe Flood
INDOFLOODS-gauge-1059-5,INDOFLOODS-gauge-1059,26.0_88.0,26.0,88.0,MAPPED,2010-07-12,2010-07-12,Flood
INDOFLOODS-gauge-1059-50,INDOFLOODS-gauge-1059,26.0_88.0,26.0,88.0,MAPPED,2015-06-18,2015-06-20,Flood
INDOFLOODS-gauge-1059-51,INDOFLOODS-gauge-1059,26.0_88.0,26.0,88.0,MAPPED,2015-06-29,2015-06-29,Flood
INDOFLOODS-gauge-1059-52,INDOFLOODS-gauge-1059,26.0_88.0,26.0,88.0,MAPPED,2015-07-01,2015-07-01,Severe Flood
INDOFLOODS-gauge-1059-53,INDOFLOODS-gauge-1059,26.0_88.0,26.0,88.0,MAPPED,2015-07-04,2015-07-04,Flood
INDOFLOODS-gauge-1059-54,INDOFLOODS-gauge-1059,26.0_88.0,26.0,88.0,MAPPED,2015-07-10,2015-07-11,Flood
INDOFLOODS-gauge-1059-55,INDOFLOODS-gauge-1059,26.0_88.0,26.0,88.0,MAPPED,2015-08-19,2015-08-21,Flood
INDOFLOODS-gauge-1059-56,INDOFLOODS-gauge-1059,26.0_88.0,26.0,88.0,MAPPED,2015-08-24,2015-08-25,Flood
INDOFLOODS-gauge-1059-57,INDOFLOODS-gauge-1059,26.0_88.0,26.0,88.0,MAPPED,2015-08-27,2015-09-01,Severe Flood
INDOFLOODS-gauge-1059-58,INDOFLOODS-gauge-1059,26.0_88.0,26.0,88.0,MAPPED,2016-06-22,2016-06-22,Flood
INDOFLOODS-gauge-1059-59,INDOFLOODS-gauge-1059,26.0_88.0,26.0,88.0,MAPPED,2016-07-06,2016-07-06,Flood
INDOFLOODS-gauge-1059-6,INDOFLOODS-gauge-1059,26.0_88.0,26.0,88.0,MAPPED,2010-07-19,2010-07-20,Flood
INDOFLOODS-gauge-1059-60,INDOFLOODS-gauge-1059,26.0_88.0,26.0,88.0,MAPPED,2016-07-16,2016-07-17,Flood
INDOFLOODS-gauge-1059-61,INDOFLOODS-gauge-1059,26.0_88.0,26.0,88.0,MAPPED,2016-07-19,2016-07-20,Flood
INDOFLOODS-gauge-1059-62,INDOFLOODS-gauge-1059,26.0_88.0,26.0,88.0,MAPPED,2016-07-22,2016-07-30,Severe Flood
INDOFLOODS-gauge-1059-63,INDOFLOODS-gauge-1059,26.0_88.0,26.0,88.0,MAPPED,2017-07-09,2017-07-09,Flood
INDOFLOODS-gauge-1059-64,INDOFLOODS-gauge-1059,26.0_88.0,26.0,88.0,MAPPED,2017-07-21,2017-07-21,Flood
INDOFLOODS-gauge-1059-65,INDOFLOODS-gauge-1059,26.0_88.0,26.0,88.0,MAPPED,2017-08-12,2017-08-12,Flood
INDOFLOODS-gauge-1059-66,INDOFLOODS-gauge-1059,26.0_88.0,26.0,88.0,MAPPED,2018-07-05,2018-07-05,Flood
INDOFLOODS-gauge-1059-67,INDOFLOODS-gauge-1059,26.0_88.0,26.0,88.0,MAPPED,2018-08-25,2018-08-25,Flood
INDOFLOODS-gauge-1059-68,INDOFLOODS-gauge-1059,26.0_88.0,26.0,88.0,MAPPED,2018-08-28,2018-08-29,Flood
INDOFLOODS-gauge-1059-69,INDOFLOODS-gauge-1059,26.0_88.0,26.0,88.0,MAPPED,2018-09-01,2018-09-01,Flood
INDOFLOODS-gauge-1059-7,INDOFLOODS-gauge-1059,26.0_88.0,26.0,88.0,MAPPED,2010-07-26,2010-07-26,Flood
INDOFLOODS-gauge-1059-70,INDOFLOODS-gauge-1059,26.0_88.0,26.0,88.0,MAPPED,2018-09-09,2018-09-09,Flood
INDOFLOODS-gauge-1059-71,INDOFLOODS-gauge-1059,26.0_88.0,26.0,88.0,MAPPED,2018-09-13,2018-09-13,Flood
INDOFLOODS-gauge-1059-72,INDOFLOODS-gauge-1059,26.0_88.0,26.0,88.0,MAPPED,2020-06-19,2020-06-19,Flood
INDOFLOODS-gauge-1059-73,INDOFLOODS-gauge-1059,26.0_88.0,26.0,88.0,MAPPED,2020-06-26,2020-06-26,Flood
INDOFLOODS-gauge-1059-74,INDOFLOODS-gauge-1059,26.0_88.0,26.0,88.0,MAPPED,2020-06-28,2020-06-28,Flood
INDOFLOODS-gauge-1059-75,INDOFLOODS-gauge-1059,26.0_88.0,26.0,88.0,MAPPED,2020-07-07,2020-07-08,Flood
INDOFLOODS-gauge-1059-76,INDOFLOODS-gauge-1059,26.0_88.0,26.0,88.0,MAPPED,2020-07-10,2020-07-14,Severe Flood
INDOFLOODS-gauge-1059-77,INDOFLOODS-gauge-1059,26.0_88.0,26.0,88.0,MAPPED,2020-07-18,2020-07-18,Flood
INDOFLOODS-gauge-1059-78,INDOFLOODS-gauge-1059,26.0_88.0,26.0,88.0,MAPPED,2020-07-22,2020-07-22,Flood
INDOFLOODS-gauge-1059-79,INDOFLOODS-gauge-1059,26.0_88.0,26.0,88.0,MAPPED,2020-07-28,2020-07-28,Flood
INDOFLOODS-gauge-1059-8,INDOFLOODS-gauge-1059,26.0_88.0,26.0,88.0,MAPPED,2010-08-13,2010-08-18,Flood
INDOFLOODS-gauge-1059-80,INDOFLOODS-gauge-1059,26.0_88.0,26.0,88.0,MAPPED,2020-07-30,2020-08-01,Flood
INDOFLOODS-gauge-1059-81,INDOFLOODS-gauge-1059,26.0_88.0,26.0,88.0,MAPPED,2020-08-06,2020-08-06,Flood
INDOFLOODS-gauge-1059-82,INDOFLOODS-gauge-1059,26.0_88.0,26.0,88.0,MAPPED,2020-09-07,2020-09-07,Flood
INDOFLOODS-gauge-1059-83,INDOFLOODS-gauge-1059,26.0_88.0,26.0,88.0,MAPPED,2020-09-09,2020-09-09,Flood
INDOFLOODS-gauge-1059-84,INDOFLOODS-gauge-1059,26.0_88.0,26.0,88.0,MAPPED,2020-09-23,2020-09-23,Flood
INDOFLOODS-gauge-1059-9,INDOFLOODS-gauge-1059,26.0_88.0,26.0,88.0,MAPPED,2010-08-20,2010-08-25,Flood
INDOFLOODS-gauge-1074-1,INDOFLOODS-gauge-1074,24.0_88.0,24.0,88.0,MAPPED,2017-08-19,2017-08-30,Severe Flood
INDOFLOODS-gauge-1076-1,INDOFLOODS-gauge-1076,24.0_88.0,24.0,88.0,MAPPED,2010-10-26,2010-10-26,Severe Flood
INDOFLOODS-gauge-1076-10,INDOFLOODS-gauge-1076,24.0_88.0,24.0,88.0,MAPPED,2012-10-09,2012-10-10,Severe Flood
INDOFLOODS-gauge-1076-2,INDOFLOODS-gauge-1076,24.0_88.0,24.0,88.0,MAPPED,2012-07-05,2012-07-05,Severe Flood
INDOFLOODS-gauge-1076-3,INDOFLOODS-gauge-1076,24.0_88.0,24.0,88.0,MAPPED,2012-07-14,2012-07-15,Severe Flood
INDOFLOODS-gauge-1076-4,INDOFLOODS-gauge-1076,24.0_88.0,24.0,88.0,MAPPED,2012-07-18,2012-07-18,Severe Flood
INDOFLOODS-gauge-1076-5,INDOFLOODS-gauge-1076,24.0_88.0,24.0,88.0,MAPPED,2012-09-08,2012-09-09,Severe Flood
INDOFLOODS-gauge-1076-6,INDOFLOODS-gauge-1076,24.0_88.0,24.0,88.0,MAPPED,2012-09-12,2012-09-12,Severe Flood
INDOFLOODS-gauge-1076-7,INDOFLOODS-gauge-1076,24.0_88.0,24.0,88.0,MAPPED,2012-09-15,2012-09-15,Severe Flood
INDOFLOODS-gauge-1076-8,INDOFLOODS-gauge-1076,24.0_88.0,24.0,88.0,MAPPED,2012-09-29,2012-09-30,Severe Flood
INDOFLOODS-gauge-1076-9,INDOFLOODS-gauge-1076,24.0_88.0,24.0,88.0,MAPPED,2012-10-03,2012-10-03,Severe Flood
INDOFLOODS-gauge-1084-1,INDOFLOODS-gauge-1084,23.0_88.0,23.0,88.0,MAPPED,2010-08-02,2010-08-02,Severe Flood
INDOFLOODS-gauge-1084-2,INDOFLOODS-gauge-1084,23.0_88.0,23.0,88.0,MAPPED,2010-10-26,2010-10-26,Flood
INDOFLOODS-gauge-1085-1,INDOFLOODS-gauge-1085,22.0_87.0,22.0,87.0,MAPPED,2012-06-21,2012-06-22,Severe Flood
INDOFLOODS-gauge-1085-10,INDOFLOODS-gauge-1085,22.0_87.0,22.0,87.0,MAPPED,2012-08-08,2012-08-08,Severe Flood
INDOFLOODS-gauge-1085-11,INDOFLOODS-gauge-1085,22.0_87.0,22.0,87.0,MAPPED,2012-08-13,2012-08-13,Severe Flood
INDOFLOODS-gauge-1085-12,INDOFLOODS-gauge-1085,22.0_87.0,22.0,87.0,MAPPED,2012-08-17,2012-08-17,Severe Flood
INDOFLOODS-gauge-1085-13,INDOFLOODS-gauge-1085,22.0_87.0,22.0,87.0,MAPPED,2012-08-22,2012-08-22,Severe Flood
INDOFLOODS-gauge-1085-14,INDOFLOODS-gauge-1085,22.0_87.0,22.0,87.0,MAPPED,2012-08-29,2012-08-29,Severe Flood
INDOFLOODS-gauge-1085-15,INDOFLOODS-gauge-1085,22.0_87.0,22.0,87.0,MAPPED,2012-09-03,2012-09-05,Severe Flood
INDOFLOODS-gauge-1085-16,INDOFLOODS-gauge-1085,22.0_87.0,22.0,87.0,MAPPED,2012-09-13,2012-09-13,Severe Flood
INDOFLOODS-gauge-1085-17,INDOFLOODS-gauge-1085,22.0_87.0,22.0,87.0,MAPPED,2012-09-18,2012-09-18,Severe Flood
INDOFLOODS-gauge-1085-18,INDOFLOODS-gauge-1085,22.0_87.0,22.0,87.0,MAPPED,2012-10-08,2012-10-08,Severe Flood
INDOFLOODS-gauge-1085-19,INDOFLOODS-gauge-1085,22.0_87.0,22.0,87.0,MAPPED,2013-10-16,2013-10-17,Severe Flood
INDOFLOODS-gauge-1085-2,INDOFLOODS-gauge-1085,22.0_87.0,22.0,87.0,MAPPED,2012-07-03,2012-07-03,Severe Flood
INDOFLOODS-gauge-1085-20,INDOFLOODS-gauge-1085,22.0_87.0,22.0,87.0,MAPPED,2015-08-04,2015-08-05,Flood
INDOFLOODS-gauge-1085-21,INDOFLOODS-gauge-1085,22.0_87.0,22.0,87.0,MAPPED,2016-08-24,2016-08-24,Flood
INDOFLOODS-gauge-1085-22,INDOFLOODS-gauge-1085,22.0_87.0,22.0,87.0,MAPPED,2017-07-27,2017-07-29,Severe Flood
INDOFLOODS-gauge-1085-3,INDOFLOODS-gauge-1085,22.0_87.0,22.0,87.0,MAPPED,2012-07-06,2012-07-06,Severe Flood
INDOFLOODS-gauge-1085-4,INDOFLOODS-gauge-1085,22.0_87.0,22.0,87.0,MAPPED,2012-07-10,2012-07-10,Severe Flood
INDOFLOODS-gauge-1085-5,INDOFLOODS-gauge-1085,22.0_87.0,22.0,87.0,MAPPED,2012-07-12,2012-07-12,Severe Flood
INDOFLOODS-gauge-1085-6,INDOFLOODS-gauge-1085,22.0_87.0,22.0,87.0,MAPPED,2012-07-19,2012-07-20,Severe Flood
INDOFLOODS-gauge-1085-7,INDOFLOODS-gauge-1085,22.0_87.0,22.0,87.0,MAPPED,2012-07-22,2012-07-22,Severe Flood
INDOFLOODS-gauge-1085-8,INDOFLOODS-gauge-1085,22.0_87.0,22.0,87.0,MAPPED,2012-07-27,2012-07-27,Severe Flood
INDOFLOODS-gauge-1085-9,INDOFLOODS-gauge-1085,22.0_87.0,22.0,87.0,MAPPED,2012-07-29,2012-07-30,Severe Flood
INDOFLOODS-gauge-1086-1,INDOFLOODS-gauge-1086,26.0_89.0,26.0,89.0,MAPPED,2010-06-27,2010-06-27,Flood
INDOFLOODS-gauge-1086-10,INDOFLOODS-gauge-1086,26.0_89.0,26.0,89.0,MAPPED,2012-06-26,2012-06-27,Severe Flood
INDOFLOODS-gauge-1086-11,INDOFLOODS-gauge-1086,26.0_89.0,26.0,89.0,MAPPED,2012-07-14,2012-07-15,Severe Flood
INDOFLOODS-gauge-1086-12,INDOFLOODS-gauge-1086,26.0_89.0,26.0,89.0,MAPPED,2012-07-19,2012-07-19,Severe Flood
INDOFLOODS-gauge-1086-13,INDOFLOODS-gauge-1086,26.0_89.0,26.0,89.0,MAPPED,2012-07-23,2012-07-23,Severe Flood
INDOFLOODS-gauge-1086-14,INDOFLOODS-gauge-1086,26.0_89.0,26.0,89.0,MAPPED,2012-08-31,2012-08-31,Severe Flood
INDOFLOODS-gauge-1086-15,INDOFLOODS-gauge-1086,26.0_89.0,26.0,89.0,MAPPED,2015-07-01,2015-07-01,Severe Flood
INDOFLOODS-gauge-1086-16,INDOFLOODS-gauge-1086,26.0_89.0,26.0,89.0,MAPPED,2016-07-22,2016-07-22,Severe Flood
INDOFLOODS-gauge-1086-17,INDOFLOODS-gauge-1086,26.0_89.0,26.0,89.0,MAPPED,2016-07-24,2016-07-24,Flood
INDOFLOODS-gauge-1086-18,INDOFLOODS-gauge-1086,26.0_89.0,26.0,89.0,MAPPED,2016-07-27,2016-07-27,Severe Flood
INDOFLOODS-gauge-1086-19,INDOFLOODS-gauge-1086,26.0_89.0,26.0,89.0,MAPPED,2017-08-12,2017-08-12,Flood
INDOFLOODS-gauge-1086-2,INDOFLOODS-gauge-1086,26.0_89.0,26.0,89.0,MAPPED,2010-07-15,2010-07-15,Flood
INDOFLOODS-gauge-1086-3,INDOFLOODS-gauge-1086,26.0_89.0,26.0,89.0,MAPPED,2010-07-17,2010-07-17,Flood
INDOFLOODS-gauge-1086-4,INDOFLOODS-gauge-1086,26.0_89.0,26.0,89.0,MAPPED,2010-07-20,2010-07-21,Severe Flood
INDOFLOODS-gauge-1086-5,INDOFLOODS-gauge-1086,26.0_89.0,26.0,89.0,MAPPED,2010-07-30,2010-07-30,Flood
INDOFLOODS-gauge-1086-6,INDOFLOODS-gauge-1086,26.0_89.0,26.0,89.0,MAPPED,2010-09-10,2010-09-10,Flood
INDOFLOODS-gauge-1086-7,INDOFLOODS-gauge-1086,26.0_89.0,26.0,89.0,MAPPED,2011-09-25,2011-09-25,Flood
INDOFLOODS-gauge-1086-8,INDOFLOODS-gauge-1086,26.0_89.0,26.0,89.0,MAPPED,2012-06-16,2012-06-17,Severe Flood
INDOFLOODS-gauge-1086-9,INDOFLOODS-gauge-1086,26.0_89.0,26.0,89.0,MAPPED,2012-06-21,2012-06-21,Severe Flood
INDOFLOODS-gauge-1095-1,INDOFLOODS-gauge-1095,23.0_87.0,23.0,87.0,MAPPED,2010-10-26,2010-10-26,Severe Flood
INDOFLOODS-gauge-1095-10,INDOFLOODS-gauge-1095,23.0_87.0,23.0,87.0,MAPPED,2015-08-03,2015-08-03,Flood
INDOFLOODS-gauge-1095-2,INDOFLOODS-gauge-1095,23.0_87.0,23.0,87.0,MAPPED,2011-08-08,2011-08-09,Flood
INDOFLOODS-gauge-1095-3,INDOFLOODS-gauge-1095,23.0_87.0,23.0,87.0,MAPPED,2012-07-05,2012-07-05,Severe Flood
INDOFLOODS-gauge-1095-4,INDOFLOODS-gauge-1095,23.0_87.0,23.0,87.0,MAPPED,2012-07-08,2012-07-08,Severe Flood
INDOFLOODS-gauge-1095-5,INDOFLOODS-gauge-1095,23.0_87.0,23.0,87.0,MAPPED,2012-07-15,2012-07-15,Severe Flood
INDOFLOODS-gauge-1095-6,INDOFLOODS-gauge-1095,23.0_87.0,23.0,87.0,MAPPED,2012-08-12,2012-08-12,Severe Flood
INDOFLOODS-gauge-1095-7,INDOFLOODS-gauge-1095,23.0_87.0,23.0,87.0,MAPPED,2012-08-14,2012-08-14,Severe Flood
INDOFLOODS-gauge-1095-8,INDOFLOODS-gauge-1095,23.0_87.0,23.0,87.0,MAPPED,2012-10-03,2012-10-03,Severe Flood
INDOFLOODS-gauge-1095-9,INDOFLOODS-gauge-1095,23.0_87.0,23.0,87.0,MAPPED,2013-10-15,2013-10-15,Flood
INDOFLOODS-gauge-1100-1,INDOFLOODS-gauge-1100,23.0_88.0,23.0,88.0,MAPPED,2010-10-26,2010-10-26,Severe Flood
INDOFLOODS-gauge-1100-2,INDOFLOODS-gauge-1100,23.0_88.0,23.0,88.0,MAPPED,2011-08-10,2011-08-20,Flood
INDOFLOODS-gauge-1100-3,INDOFLOODS-gauge-1100,23.0_88.0,23.0,88.0,MAPPED,2011-08-28,2011-08-28,Severe Flood
INDOFLOODS-gauge-1100-4,INDOFLOODS-gauge-1100,23.0_88.0,23.0,88.0,MAPPED,2015-07-28,2015-08-10,Severe Flood
INDOFLOODS-gauge-1100-5,INDOFLOODS-gauge-1100,23.0_88.0,23.0,88.0,MAPPED,2016-09-09,2016-09-09,Flood
INDOFLOODS-gauge-1100-6,INDOFLOODS-gauge-1100,23.0_88.0,23.0,88.0,MAPPED,2017-07-29,2017-07-29,Flood
INDOFLOODS-gauge-130-1,INDOFLOODS-gauge-130,19.0_82.0,19.0,82.0,MAPPED,1966-09-04,1966-09-07,Severe Flood
INDOFLOODS-gauge-130-10,INDOFLOODS-gauge-130,19.0_82.0,19.0,82.0,MAPPED,1969-07-28,1969-08-04,Severe Flood
INDOFLOODS-gauge-130-100,INDOFLOODS-gauge-130,19.0_82.0,19.0,82.0,MAPPED,2006-08-04,2006-08-05,Severe Flood
INDOFLOODS-gauge-130-101,INDOFLOODS-gauge-130,19.0_82.0,19.0,82.0,MAPPED,2006-10-01,2006-10-02,Severe Flood
INDOFLOODS-gauge-130-102,INDOFLOODS-gauge-130,19.0_82.0,19.0,82.0,MAPPED,2007-06-30,2007-07-01,Flood
INDOFLOODS-gauge-130-103,INDOFLOODS-gauge-130,19.0_82.0,19.0,82.0,MAPPED,2007-08-07,2007-08-09,Severe Flood
INDOFLOODS-gauge-130-104,INDOFLOODS-gauge-130,19.0_82.0,19.0,82.0,MAPPED,2008-08-11,2008-08-11,Flood
INDOFLOODS-gauge-130-105,INDOFLOODS-gauge-130,19.0_82.0,19.0,82.0,MAPPED,2010-08-06,2010-08-08,Severe Flood
INDOFLOODS-gauge-130-106,INDOFLOODS-gauge-130,19.0_82.0,19.0,82.0,MAPPED,2010-09-08,2010-09-09,Flood
INDOFLOODS-gauge-130-107,INDOFLOODS-gauge-130,19.0_82.0,19.0,82.0,MAPPED,2010-09-19,2010-09-19,Flood
INDOFLOODS-gauge-130-108,INDOFLOODS-gauge-130,19.0_82.0,19.0,82.0,MAPPED,2012-08-06,2012-08-07,Severe Flood
INDOFLOODS-gauge-130-109,INDOFLOODS-gauge-130,19.0_82.0,19.0,82.0,MAPPED,2012-09-05,2012-09-05,Flood
INDOFLOODS-gauge-130-11,INDOFLOODS-gauge-130,19.0_82.0,19.0,82.0,MAPPED,1969-09-08,1969-09-08,Flood
INDOFLOODS-gauge-130-110,INDOFLOODS-gauge-130,19.0_82.0,19.0,82.0,MAPPED,2013-06-14,2013-06-16,Severe Flood
INDOFLOODS-gauge-130-111,INDOFLOODS-gauge-130,19.0_82.0,19.0,82.0,MAPPED,2013-06-25,2013-06-25,Flood
INDOFLOODS-gauge-130-112,INDOFLOODS-gauge-130,19.0_82.0,19.0,82.0,MAPPED,2017-07-19,2017-07-21,Severe Flood
INDOFLOODS-gauge-130-113,INDOFLOODS-gauge-130,19.0_82.0,19.0,82.0,MAPPED,2017-08-29,2017-08-30,Severe Flood
INDOFLOODS-gauge-130-114,INDOFLOODS-gauge-130,19.0_82.0,19.0,82.0,MAPPED,2019-06-12,2019-06-24,Severe Flood
INDOFLOODS-gauge-130-115,INDOFLOODS-gauge-130,19.0_82.0,19.0,82.0,MAPPED,2019-08-03,2019-08-03,Flood
INDOFLOODS-gauge-130-116,INDOFLOODS-gauge-130,19.0_82.0,19.0,82.0,MAPPED,2019-08-08,2019-08-09,Severe Flood
INDOFLOODS-gauge-130-117,INDOFLOODS-gauge-130,19.0_82.0,19.0,82.0,MAPPED,2019-10-30,2019-11-07,Severe Flood
INDOFLOODS-gauge-130-118,INDOFLOODS-gauge-130,19.0_82.0,19.0,82.0,MAPPED,2019-11-19,2020-01-31,Severe Flood
INDOFLOODS-gauge-130-119,INDOFLOODS-gauge-130,19.0_82.0,19.0,82.0,MAPPED,2020-02-14,2020-02-28,Severe Flood
INDOFLOODS-gauge-130-12,INDOFLOODS-gauge-130,19.0_82.0,19.0,82.0,MAPPED,1969-09-20,1969-09-21,Severe Flood
INDOFLOODS-gauge-130-120,INDOFLOODS-gauge-130,19.0_82.0,19.0,82.0,MAPPED,2020-04-02,2020-04-05,Severe Flood
INDOFLOODS-gauge-130-121,INDOFLOODS-gauge-130,19.0_82.0,19.0,82.0,MAPPED,2020-04-07,2020-04-19,Severe Flood
INDOFLOODS-gauge-130-122,INDOFLOODS-gauge-130,19.0_82.0,19.0,82.0,MAPPED,2020-04-21,2020-05-08,Severe Flood
INDOFLOODS-gauge-130-123,INDOFLOODS-gauge-130,19.0_82.0,19.0,82.0,MAPPED,2020-05-21,2020-05-27,Severe Flood
INDOFLOODS-gauge-130-13,INDOFLOODS-gauge-130,19.0_82.0,19.0,82.0,MAPPED,1970-07-29,1970-07-29,Flood
INDOFLOODS-gauge-130-14,INDOFLOODS-gauge-130,19.0_82.0,19.0,82.0,MAPPED,1970-08-17,1970-08-21,Severe Flood
INDOFLOODS-gauge-130-15,INDOFLOODS-gauge-130,19.0_82.0,19.0,82.0,MAPPED,1970-08-27,1970-08-30,Severe Flood
INDOFLOODS-gauge-130-16,INDOFLOODS-gauge-130,19.0_82.0,19.0,82.0,MAPPED,1971-09-05,1971-09-07,Severe Flood
INDOFLOODS-gauge-130-17,INDOFLOODS-gauge-130,19.0_82.0,19.0,82.0,MAPPED,1972-07-05,1972-07-08,Severe Flood
INDOFLOODS-gauge-130-18,INDOFLOODS-gauge-130,19.0_82.0,19.0,82.0,MAPPED,1972-09-12,1972-09-14,Severe Flood
INDOFLOODS-gauge-130-19,INDOFLOODS-gauge-130,19.0_82.0,19.0,82.0,MAPPED,1972-09-24,1972-09-26,Flood
INDOFLOODS-gauge-130-2,INDOFLOODS-gauge-130,19.0_82.0,19.0,82.0,MAPPED,1967-06-29,1967-07-01,Severe Flood
INDOFLOODS-gauge-130-20,INDOFLOODS-gauge-130,19.0_82.0,19.0,82.0,MAPPED,1973-07-07,1973-07-10,Severe Flood
INDOFLOODS-gauge-130-21,INDOFLOODS-gauge-130,19.0_82.0,19.0,82.0,MAPPED,1973-07-14,1973-07-16,Severe Flood
INDOFLOODS-gauge-130-22,INDOFLOODS-gauge-130,19.0_82.0,19.0,82.0,MAPPED,1973-08-26,1973-08-27,Flood
INDOFLOODS-gauge-130-23,INDOFLOODS-gauge-130,19.0_82.0,19.0,82.0,MAPPED,1975-06-28,1975-06-28,Flood
INDOFLOODS-gauge-130-24,INDOFLOODS-gauge-130,19.0_82.0,19.0,82.0,MAPPED,1975-08-14,1975-08-15,Severe Flood
INDOFLOODS-gauge-130-25,INDOFLOODS-gauge-130,19.0_82.0,19.0,82.0,MAPPED,1975-09-09,1975-09-11,Flood
INDOFLOODS-gauge-130-26,INDOFLOODS-gauge-130,19.0_82.0,19.0,82.0,MAPPED,1976-07-20,1976-07-23,Severe Flood
INDOFLOODS-gauge-130-27,INDOFLOODS-gauge-130,19.0_82.0,19.0,82.0,MAPPED,1976-08-02,1976-08-04,Severe Flood
INDOFLOODS-gauge-130-28,INDOFLOODS-gauge-130,19.0_82.0,19.0,82.0,MAPPED,1976-08-28,1976-08-28,Flood
INDOFLOODS-gauge-130-29,INDOFLOODS-gauge-130,19.0_82.0,19.0,82.0,MAPPED,1976-09-01,1976-09-04,Flood
INDOFLOODS-gauge-130-3,INDOFLOODS-gauge-130,19.0_82.0,19.0,82.0,MAPPED,1967-07-26,1967-07-27,Flood
INDOFLOODS-gauge-130-30,INDOFLOODS-gauge-130,19.0_82.0,19.0,82.0,MAPPED,1977-07-05,1977-07-07,Flood
INDOFLOODS-gauge-130-31,INDOFLOODS-gauge-130,19.0_82.0,19.0,82.0,MAPPED,1977-08-22,1977-08-27,Severe Flood
INDOFLOODS-gauge-130-32,INDOFLOODS-gauge-130,19.0_82.0,19.0,82.0,MAPPED,1977-09-13,1977-09-16,Severe Flood
INDOFLOODS-gauge-130-33,INDOFLOODS-gauge-130,19.0_82.0,19.0,82.0,MAPPED,1978-07-24,1978-07-24,Flood
INDOFLOODS-gauge-130-34,INDOFLOODS-gauge-130,19.0_82.0,19.0,82.0,MAPPED,1978-08-14,1978-08-21,Severe Flood
INDOFLOODS-gauge-130-35,INDOFLOODS-gauge-130,19.0_82.0,19.0,82.0,MAPPED,1978-08-24,1978-08-27,Severe Flood
INDOFLOODS-gauge-130-36,INDOFLOODS-gauge-130,19.0_82.0,19.0,82.0,MAPPED,1978-08-29,1978-08-30,Flood
INDOFLOODS-gauge-130-37,INDOFLOODS-gauge-130,19.0_82.0,19.0,82.0,MAPPED,1979-06-25,1979-06-27,Severe Flood
INDOFLOODS-gauge-130-38,INDOFLOODS-gauge-130,19.0_82.0,19.0,82.0,MAPPED,1979-07-09,1979-07-10,Severe Flood
INDOFLOODS-gauge-130-39,INDOFLOODS-gauge-130,19.0_82.0,19.0,82.0,MAPPED,1979-08-03,1979-08-04,Flood
INDOFLOODS-gauge-130-4,INDOFLOODS-gauge-130,19.0_82.0,19.0,82.0,MAPPED,1967-08-02,1967-08-05,Severe Flood
INDOFLOODS-gauge-130-40,INDOFLOODS-gauge-130,19.0_82.0,19.0,82.0,MAPPED,1979-08-09,1979-08-09,Flood
INDOFLOODS-gauge-130-41,INDOFLOODS-gauge-130,19.0_82.0,19.0,82.0,MAPPED,1980-07-23,1980-07-24,Flood
INDOFLOODS-gauge-130-42,INDOFLOODS-gauge-130,19.0_82.0,19.0,82.0,MAPPED,1980-07-26,1980-07-26,Flood
INDOFLOODS-gauge-130-43,INDOFLOODS-gauge-130,19.0_82.0,19.0,82.0,MAPPED,1980-07-31,1980-07-31,Flood
INDOFLOODS-gauge-130-44,INDOFLOODS-gauge-130,19.0_82.0,19.0,82.0,MAPPED,1980-09-18,1980-09-21,Severe Flood
INDOFLOODS-gauge-130-45,INDOFLOODS-gauge-130,19.0_82.0,19.0,82.0,MAPPED,1981-08-09,1981-08-11,Severe Flood
INDOFLOODS-gauge-130-46,INDOFLOODS-gauge-130,19.0_82.0,19.0,82.0,MAPPED,1982-08-13,1982-08-14,Flood
INDOFLOODS-gauge-130-47,INDOFLOODS-gauge-130,19.0_82.0,19.0,82.0,MAPPED,1982-08-30,1982-08-30,Flood
INDOFLOODS-gauge-130-48,INDOFLOODS-gauge-130,19.0_82.0,19.0,82.0,MAPPED,1983-06-26,1983-06-27,Flood
INDOFLOODS-gauge-130-49,INDOFLOODS-gauge-130,19.0_82.0,19.0,82.0,MAPPED,1984-06-15,1984-06-15,Flood
INDOFLOODS-gauge-130-5,INDOFLOODS-gauge-130,19.0_82.0,19.0,82.0,MAPPED,1967-08-21,1967-08-21,Flood
INDOFLOODS-gauge-130-50,INDOFLOODS-gauge-130,19.0_82.0,19.0,82.0,MAPPED,1984-08-01,1984-08-04,Severe Flood
INDOFLOODS-gauge-130-51,INDOFLOODS-gauge-130,19.0_82.0,19.0,82.0,MAPPED,1984-08-08,1984-08-10,Severe Flood
INDOFLOODS-gauge-130-52,INDOFLOODS-gauge-130,19.0_82.0,19.0,82.0,MAPPED,1985-07-05,1985-07-06,Flood
INDOFLOODS-gauge-130-53,INDOFLOODS-gauge-130,19.0_82.0,19.0,82.0,MAPPED,1985-08-08,1985-08-08,Flood
INDOFLOODS-gauge-130-54,INDOFLOODS-gauge-130,19.0_82.0,19.0,82.0,MAPPED,1985-08-17,1985-08-18,Flood
INDOFLOODS-gauge-130-55,INDOFLOODS-gauge-130,19.0_82.0,19.0,82.0,MAPPED,1986-07-22,1986-07-23,Flood
INDOFLOODS-gauge-130-56,INDOFLOODS-gauge-130,19.0_82.0,19.0,82.0,MAPPED,1986-08-14,1986-08-16,Severe Flood
INDOFLOODS-gauge-130-57,INDOFLOODS-gauge-130,19.0_82.0,19.0,82.0,MAPPED,1986-08-20,1986-08-21,Flood
INDOFLOODS-gauge-130-58,INDOFLOODS-gauge-130,19.0_82.0,19.0,82.0,MAPPED,1987-09-05,1987-09-05,Flood
INDOFLOODS-gauge-130-59,INDOFLOODS-gauge-130,19.0_82.0,19.0,82.0,MAPPED,1989-08-28,1989-08-28,Flood
INDOFLOODS-gauge-130-6,INDOFLOODS-gauge-130,19.0_82.0,19.0,82.0,MAPPED,1967-08-29,1967-08-29,Flood
INDOFLOODS-gauge-130-60,INDOFLOODS-gauge-130,19.0_82.0,19.0,82.0,MAPPED,1989-08-31,1989-08-31,Flood
INDOFLOODS-gauge-130-61,INDOFLOODS-gauge-130,19.0_82.0,19.0,82.0,MAPPED,1990-07-24,1990-07-25,Flood
INDOFLOODS-gauge-130-62,INDOFLOODS-gauge-130,19.0_82.0,19.0,82.0,MAPPED,1990-08-16,1990-08-17,Flood
INDOFLOODS-gauge-130-63,INDOFLOODS-gauge-130,19.0_82.0,19.0,82.0,MAPPED,1990-08-22,1990-08-24,Severe Flood
INDOFLOODS-gauge-130-64,INDOFLOODS-gauge-130,19.0_82.0,19.0,82.0,MAPPED,1990-08-29,1990-08-29,Flood
INDOFLOODS-gauge-130-65,INDOFLOODS-gauge-130,19.0_82.0,19.0,82.0,MAPPED,1990-09-05,1990-09-06,Flood
INDOFLOODS-gauge-130-66,INDOFLOODS-gauge-130,19.0_82.0,19.0,82.0,MAPPED,1990-09-13,1990-09-14,Flood
INDOFLOODS-gauge-130-67,INDOFLOODS-gauge-130,19.0_82.0,19.0,82.0,MAPPED,1990-10-04,1990-10-08,Severe Flood
INDOFLOODS-gauge-130-68,INDOFLOODS-gauge-130,19.0_82.0,19.0,82.0,MAPPED,1991-07-18,1991-07-19,Flood
INDOFLOODS-gauge-130-69,INDOFLOODS-gauge-130,19.0_82.0,19.0,82.0,MAPPED,1991-07-30,1991-08-01,Severe Flood
INDOFLOODS-gauge-130-7,INDOFLOODS-gauge-130,19.0_82.0,19.0,82.0,MAPPED,1967-09-17,1967-09-17,Flood
INDOFLOODS-gauge-130-70,INDOFLOODS-gauge-130,19.0_82.0,19.0,82.0,MAPPED,1991-08-08,1991-08-10,Flood
INDOFLOODS-gauge-130-71,INDOFLOODS-gauge-130,19.0_82.0,19.0,82.0,MAPPED,1991-08-13,1991-08-14,Flood
INDOFLOODS-gauge-130-72,INDOFLOODS-gauge-130,19.0_82.0,19.0,82.0,MAPPED,1991-08-16,1991-08-17,Flood
INDOFLOODS-gauge-130-73,INDOFLOODS-gauge-130,19.0_82.0,19.0,82.0,MAPPED,1992-07-28,1992-07-31,Severe Flood
INDOFLOODS-gauge-130-74,INDOFLOODS-gauge-130,19.0_82.0,19.0,82.0,MAPPED,1992-08-03,1992-08-03,Flood
INDOFLOODS-gauge-130-75,INDOFLOODS-gauge-130,19.0_82.0,19.0,82.0,MAPPED,1992-08-15,1992-08-17,Flood
INDOFLOODS-gauge-130-76,INDOFLOODS-gauge-130,19.0_82.0,19.0,82.0,MAPPED,1992-08-19,1992-08-21,Flood
INDOFLOODS-gauge-130-77,INDOFLOODS-gauge-130,19.0_82.0,19.0,82.0,MAPPED,1992-09-02,1992-09-02,Severe Flood
INDOFLOODS-gauge-130-78,INDOFLOODS-gauge-130,19.0_82.0,19.0,82.0,MAPPED,1992-09-08,1992-09-09,Flood
INDOFLOODS-gauge-130-79,INDOFLOODS-gauge-130,19.0_82.0,19.0,82.0,MAPPED,1993-07-15,1993-07-17,Flood
INDOFLOODS-gauge-130-8,INDOFLOODS-gauge-130,19.0_82.0,19.0,82.0,MAPPED,1968-09-14,1968-09-15,Severe Flood
INDOFLOODS-gauge-130-80,INDOFLOODS-gauge-130,19.0_82.0,19.0,82.0,MAPPED,1994-07-11,1994-07-13,Severe Flood
INDOFLOODS-gauge-130-81,INDOFLOODS-gauge-130,19.0_82.0,19.0,82.0,MAPPED,1994-08-11,1994-08-11,Flood
INDOFLOODS-gauge-130-82,INDOFLOODS-gauge-130,19.0_82.0,19.0,82.0,MAPPED,1994-08-20,1994-08-20,Flood
INDOFLOODS-gauge-130-83,INDOFLOODS-gauge-130,19.0_82.0,19.0,82.0,MAPPED,1994-08-30,1994-09-01,Severe Flood
INDOFLOODS-gauge-130-84,INDOFLOODS-gauge-130,19.0_82.0,19.0,82.0,MAPPED,1994-09-05,1994-09-09,Severe Flood
INDOFLOODS-gauge-130-85,INDOFLOODS-gauge-130,19.0_82.0,19.0,82.0,MAPPED,1995-07-22,1995-07-26,Severe Flood
INDOFLOODS-gauge-130-86,INDOFLOODS-gauge-130,19.0_82.0,19.0,82.0,MAPPED,1995-09-01,1995-09-03,Severe Flood
INDOFLOODS-gauge-130-87,INDOFLOODS-gauge-130,19.0_82.0,19.0,82.0,MAPPED,1996-07-21,1996-07-23,Flood
INDOFLOODS-gauge-130-88,INDOFLOODS-gauge-130,19.0_82.0,19.0,82.0,MAPPED,2000-08-30,2000-09-02,Severe Flood
INDOFLOODS-gauge-130-89,INDOFLOODS-gauge-130,19.0_82.0,19.0,82.0,MAPPED,2001-06-14,2001-06-15,Flood
INDOFLOODS-gauge-130-9,INDOFLOODS-gauge-130,19.0_82.0,19.0,82.0,MAPPED,1968-10-04,1968-10-06,Severe Flood
INDOFLOODS-gauge-130-90,INDOFLOODS-gauge-130,19.0_82.0,19.0,82.0,MAPPED,2001-07-08,2001-07-10,Severe Flood
INDOFLOODS-gauge-130-91,INDOFLOODS-gauge-130,19.0_82.0,19.0,82.0,MAPPED,2001-08-20,2001-08-23,Severe Flood
INDOFLOODS-gauge-130-92,INDOFLOODS-gauge-130,19.0_82.0,19.0,82.0,MAPPED,2002-08-24,2002-08-24,Flood
INDOFLOODS-gauge-130-93,INDOFLOODS-gauge-130,19.0_82.0,19.0,82.0,MAPPED,2003-08-28,2003-08-30,Severe Flood
INDOFLOODS-gauge-130-94,INDOFLOODS-gauge-130,19.0_82.0,19.0,82.0,MAPPED,2003-09-08,2003-09-08,Flood
INDOFLOODS-gauge-130-95,INDOFLOODS-gauge-130,19.0_82.0,19.0,82.0,MAPPED,2003-10-08,2003-10-09,Severe Flood
INDOFLOODS-gauge-130-96,INDOFLOODS-gauge-130,19.0_82.0,19.0,82.0,MAPPED,2004-06-14,2004-06-16,Severe Flood
INDOFLOODS-gauge-130-97,INDOFLOODS-gauge-130,19.0_82.0,19.0,82.0,MAPPED,2004-08-21,2004-08-22,Severe Flood
INDOFLOODS-gauge-130-98,INDOFLOODS-gauge-130,19.0_82.0,19.0,82.0,MAPPED,2005-09-13,2005-09-15,Flood
INDOFLOODS-gauge-130-99,INDOFLOODS-gauge-130,19.0_82.0,19.0,82.0,MAPPED,2006-07-04,2006-07-06,Severe Flood
INDOFLOODS-gauge-162-1,INDOFLOODS-gauge-162,20.0_72.0,20.0,72.0,MAPPED,2018-07-16,2018-07-16,Flood
INDOFLOODS-gauge-162-2,INDOFLOODS-gauge-162,20.0_72.0,20.0,72.0,MAPPED,2019-07-07,2019-07-07,Severe Flood
INDOFLOODS-gauge-162-3,INDOFLOODS-gauge-162,20.0_72.0,20.0,72.0,MAPPED,2019-07-29,2019-07-29,Flood
INDOFLOODS-gauge-162-4,INDOFLOODS-gauge-162,20.0_72.0,20.0,72.0,MAPPED,2019-08-03,2019-08-04,Severe Flood
INDOFLOODS-gauge-175-1,INDOFLOODS-gauge-175,23.0_73.0,23.0,73.0,MAPPED,2018-11-01,2018-12-29,Flood
INDOFLOODS-gauge-175-2,INDOFLOODS-gauge-175,23.0_73.0,23.0,73.0,MAPPED,2019-07-05,2019-07-05,Flood
INDOFLOODS-gauge-175-3,INDOFLOODS-gauge-175,23.0_73.0,23.0,73.0,MAPPED,2019-08-11,2019-08-20,Flood
INDOFLOODS-gauge-180-1,INDOFLOODS-gauge-180,21.0_72.0,21.0,72.0,MAPPED,2019-08-04,2019-08-04,Severe Flood
INDOFLOODS-gauge-19-1,INDOFLOODS-gauge-19,16.0_81.0,16.0,81.0,MAPPED,2019-08-03,2019-08-10,Flood
INDOFLOODS-gauge-196-1,INDOFLOODS-gauge-196,21.0_73.0,21.0,73.0,MAPPED,1973-08-31,1973-09-02,Severe Flood
INDOFLOODS-gauge-196-10,INDOFLOODS-gauge-196,21.0_73.0,21.0,73.0,MAPPED,1990-08-24,1990-08-24,Severe Flood
INDOFLOODS-gauge-196-11,INDOFLOODS-gauge-196,21.0_73.0,21.0,73.0,MAPPED,1994-09-01,1994-09-01,Flood
INDOFLOODS-gauge-196-12,INDOFLOODS-gauge-196,21.0_73.0,21.0,73.0,MAPPED,1994-09-07,1994-09-08,Severe Flood
INDOFLOODS-gauge-196-13,INDOFLOODS-gauge-196,21.0_73.0,21.0,73.0,MAPPED,1996-07-28,1996-07-28,Severe Flood
INDOFLOODS-gauge-196-14,INDOFLOODS-gauge-196,21.0_73.0,21.0,73.0,MAPPED,1997-07-27,1997-07-27,Severe Flood
INDOFLOODS-gauge-196-15,INDOFLOODS-gauge-196,21.0_73.0,21.0,73.0,MAPPED,1998-09-16,1998-09-16,Severe Flood
INDOFLOODS-gauge-196-16,INDOFLOODS-gauge-196,21.0_73.0,21.0,73.0,MAPPED,1999-09-21,1999-09-23,Flood
INDOFLOODS-gauge-196-17,INDOFLOODS-gauge-196,21.0_73.0,21.0,73.0,MAPPED,2006-08-07,2006-08-07,Severe Flood
INDOFLOODS-gauge-196-18,INDOFLOODS-gauge-196,21.0_73.0,21.0,73.0,MAPPED,2013-08-24,2013-08-26,Severe Flood
INDOFLOODS-gauge-196-2,INDOFLOODS-gauge-196,21.0_73.0,21.0,73.0,MAPPED,1973-09-07,1973-09-07,Severe Flood
INDOFLOODS-gauge-196-3,INDOFLOODS-gauge-196,21.0_73.0,21.0,73.0,MAPPED,1974-08-21,1974-08-22,Severe Flood
INDOFLOODS-gauge-196-4,INDOFLOODS-gauge-196,21.0_73.0,21.0,73.0,MAPPED,1975-09-13,1975-09-13,Flood
INDOFLOODS-gauge-196-5,INDOFLOODS-gauge-196,21.0_73.0,21.0,73.0,MAPPED,1978-08-30,1978-08-30,Severe Flood
INDOFLOODS-gauge-196-6,INDOFLOODS-gauge-196,21.0_73.0,21.0,73.0,MAPPED,1979-08-11,1979-08-11,Severe Flood
INDOFLOODS-gauge-196-7,INDOFLOODS-gauge-196,21.0_73.0,21.0,73.0,MAPPED,1984-08-11,1984-08-12,Severe Flood
INDOFLOODS-gauge-196-8,INDOFLOODS-gauge-196,21.0_73.0,21.0,73.0,MAPPED,1984-08-19,1984-08-21,Severe Flood
INDOFLOODS-gauge-196-9,INDOFLOODS-gauge-196,21.0_73.0,21.0,73.0,MAPPED,1986-08-16,1986-08-16,Flood
INDOFLOODS-gauge-208-1,INDOFLOODS-gauge-208,20.0_73.0,20.0,73.0,MAPPED,1987-07-07,1987-07-07,Flood
INDOFLOODS-gauge-208-10,INDOFLOODS-gauge-208,20.0_73.0,20.0,73.0,MAPPED,2005-06-29,2005-07-01,Severe Flood
INDOFLOODS-gauge-208-11,INDOFLOODS-gauge-208,20.0_73.0,20.0,73.0,MAPPED,2005-07-04,2005-07-04,Flood
INDOFLOODS-gauge-208-12,INDOFLOODS-gauge-208,20.0_73.0,20.0,73.0,MAPPED,2006-07-29,2006-07-29,Flood
INDOFLOODS-gauge-208-13,INDOFLOODS-gauge-208,20.0_73.0,20.0,73.0,MAPPED,2006-08-07,2006-08-10,Severe Flood
INDOFLOODS-gauge-208-14,INDOFLOODS-gauge-208,20.0_73.0,20.0,73.0,MAPPED,2008-08-11,2008-08-12,Severe Flood
INDOFLOODS-gauge-208-15,INDOFLOODS-gauge-208,20.0_73.0,20.0,73.0,MAPPED,2009-09-05,2009-09-05,Flood
INDOFLOODS-gauge-208-16,INDOFLOODS-gauge-208,20.0_73.0,20.0,73.0,MAPPED,2014-07-29,2014-07-29,Flood
INDOFLOODS-gauge-208-17,INDOFLOODS-gauge-208,20.0_73.0,20.0,73.0,MAPPED,2017-07-14,2017-07-15,Severe Flood
INDOFLOODS-gauge-208-18,INDOFLOODS-gauge-208,20.0_73.0,20.0,73.0,MAPPED,2017-07-28,2017-07-28,Severe Flood
INDOFLOODS-gauge-208-19,INDOFLOODS-gauge-208,20.0_73.0,20.0,73.0,MAPPED,2018-07-16,2018-07-17,Severe Flood
INDOFLOODS-gauge-208-2,INDOFLOODS-gauge-208,20.0_73.0,20.0,73.0,MAPPED,1991-07-28,1991-07-28,Flood
INDOFLOODS-gauge-208-20,INDOFLOODS-gauge-208,20.0_73.0,20.0,73.0,MAPPED,2019-07-27,2019-07-27,Flood
INDOFLOODS-gauge-208-21,INDOFLOODS-gauge-208,20.0_73.0,20.0,73.0,MAPPED,2019-07-29,2019-07-29,Flood
INDOFLOODS-gauge-208-22,INDOFLOODS-gauge-208,20.0_73.0,20.0,73.0,MAPPED,2019-08-03,2019-08-06,Severe Flood
INDOFLOODS-gauge-208-3,INDOFLOODS-gauge-208,20.0_73.0,20.0,73.0,MAPPED,1993-07-13,1993-07-13,Flood
INDOFLOODS-gauge-208-4,INDOFLOODS-gauge-208,20.0_73.0,20.0,73.0,MAPPED,1993-07-16,1993-07-16,Flood
INDOFLOODS-gauge-208-5,INDOFLOODS-gauge-208,20.0_73.0,20.0,73.0,MAPPED,1994-07-13,1994-07-13,Severe Flood
INDOFLOODS-gauge-208-6,INDOFLOODS-gauge-208,20.0_73.0,20.0,73.0,MAPPED,1998-07-08,1998-07-08,Flood
INDOFLOODS-gauge-208-7,INDOFLOODS-gauge-208,20.0_73.0,20.0,73.0,MAPPED,1998-09-17,1998-09-17,Severe Flood
INDOFLOODS-gauge-208-8,INDOFLOODS-gauge-208,20.0_73.0,20.0,73.0,MAPPED,2000-07-14,2000-07-14,Severe Flood
INDOFLOODS-gauge-208-9,INDOFLOODS-gauge-208,20.0_73.0,20.0,73.0,MAPPED,2004-08-03,2004-08-03,Severe Flood
INDOFLOODS-gauge-243-1,INDOFLOODS-gauge-243,23.0_73.0,23.0,73.0,MAPPED,2018-11-01,2018-11-18,Flood
INDOFLOODS-gauge-243-2,INDOFLOODS-gauge-243,23.0_73.0,23.0,73.0,MAPPED,2019-08-11,2019-08-27,Flood
INDOFLOODS-gauge-243-3,INDOFLOODS-gauge-243,23.0_73.0,23.0,73.0,MAPPED,2019-09-20,2020-01-11,Flood
INDOFLOODS-gauge-29-1,INDOFLOODS-gauge-29,15.0_77.0,15.0,77.0,MAPPED,1972-09-11,1972-09-13,Flood
INDOFLOODS-gauge-29-10,INDOFLOODS-gauge-29,15.0_77.0,15.0,77.0,MAPPED,1974-08-18,1974-08-24,Flood
INDOFLOODS-gauge-29-100,INDOFLOODS-gauge-29,15.0_77.0,15.0,77.0,MAPPED,2001-10-08,2001-10-08,Flood
INDOFLOODS-gauge-29-101,INDOFLOODS-gauge-29,15.0_77.0,15.0,77.0,MAPPED,2005-08-04,2005-08-07,Flood
INDOFLOODS-gauge-29-102,INDOFLOODS-gauge-29,15.0_77.0,15.0,77.0,MAPPED,2005-08-19,2005-08-20,Flood
INDOFLOODS-gauge-29-103,INDOFLOODS-gauge-29,15.0_77.0,15.0,77.0,MAPPED,2005-09-06,2005-09-06,Flood
INDOFLOODS-gauge-29-104,INDOFLOODS-gauge-29,15.0_77.0,15.0,77.0,MAPPED,2005-10-15,2005-10-15,Flood
INDOFLOODS-gauge-29-105,INDOFLOODS-gauge-29,15.0_77.0,15.0,77.0,MAPPED,2006-08-14,2006-08-17,Severe Flood
INDOFLOODS-gauge-29-106,INDOFLOODS-gauge-29,15.0_77.0,15.0,77.0,MAPPED,2006-08-19,2006-08-21,Flood
INDOFLOODS-gauge-29-107,INDOFLOODS-gauge-29,15.0_77.0,15.0,77.0,MAPPED,2007-06-23,2007-06-24,Flood
INDOFLOODS-gauge-29-108,INDOFLOODS-gauge-29,15.0_77.0,15.0,77.0,MAPPED,2007-07-19,2007-07-20,Flood
INDOFLOODS-gauge-29-109,INDOFLOODS-gauge-29,15.0_77.0,15.0,77.0,MAPPED,2007-08-08,2007-08-15,Severe Flood
INDOFLOODS-gauge-29-11,INDOFLOODS-gauge-29,15.0_77.0,15.0,77.0,MAPPED,1974-09-11,1974-09-11,Flood
INDOFLOODS-gauge-29-110,INDOFLOODS-gauge-29,15.0_77.0,15.0,77.0,MAPPED,2007-09-19,2007-09-20,Severe Flood
INDOFLOODS-gauge-29-111,INDOFLOODS-gauge-29,15.0_77.0,15.0,77.0,MAPPED,2008-08-15,2008-08-18,Severe Flood
INDOFLOODS-gauge-29-112,INDOFLOODS-gauge-29,15.0_77.0,15.0,77.0,MAPPED,2008-09-05,2008-09-05,Flood
INDOFLOODS-gauge-29-113,INDOFLOODS-gauge-29,15.0_77.0,15.0,77.0,MAPPED,2009-07-23,2009-07-23,Flood
INDOFLOODS-gauge-29-114,INDOFLOODS-gauge-29,15.0_77.0,15.0,77.0,MAPPED,2009-09-02,2009-09-03,Flood
INDOFLOODS-gauge-29-115,INDOFLOODS-gauge-29,15.0_77.0,15.0,77.0,MAPPED,2009-09-08,2009-09-09,Flood
INDOFLOODS-gauge-29-116,INDOFLOODS-gauge-29,15.0_77.0,15.0,77.0,MAPPED,2009-09-23,2009-09-23,Flood
INDOFLOODS-gauge-29-117,INDOFLOODS-gauge-29,15.0_77.0,15.0,77.0,MAPPED,2009-10-01,2009-10-08,Severe Flood
INDOFLOODS-gauge-29-118,INDOFLOODS-gauge-29,15.0_77.0,15.0,77.0,MAPPED,2010-08-25,2010-08-28,Severe Flood
INDOFLOODS-gauge-29-119,INDOFLOODS-gauge-29,15.0_77.0,15.0,77.0,MAPPED,2010-10-06,2010-10-07,Flood
INDOFLOODS-gauge-29-12,INDOFLOODS-gauge-29,15.0_77.0,15.0,77.0,MAPPED,1974-09-15,1974-09-16,Severe Flood
INDOFLOODS-gauge-29-120,INDOFLOODS-gauge-29,15.0_77.0,15.0,77.0,MAPPED,2011-09-04,2011-09-05,Flood
INDOFLOODS-gauge-29-121,INDOFLOODS-gauge-29,15.0_77.0,15.0,77.0,MAPPED,2013-07-25,2013-08-08,Flood
INDOFLOODS-gauge-29-122,INDOFLOODS-gauge-29,15.0_77.0,15.0,77.0,MAPPED,2014-08-04,2014-08-11,Severe Flood
INDOFLOODS-gauge-29-123,INDOFLOODS-gauge-29,15.0_77.0,15.0,77.0,MAPPED,2014-08-23,2014-08-23,Flood
INDOFLOODS-gauge-29-124,INDOFLOODS-gauge-29,15.0_77.0,15.0,77.0,MAPPED,2014-08-25,2014-08-25,Flood
INDOFLOODS-gauge-29-125,INDOFLOODS-gauge-29,15.0_77.0,15.0,77.0,MAPPED,2015-09-08,2015-09-08,Flood
INDOFLOODS-gauge-29-126,INDOFLOODS-gauge-29,15.0_77.0,15.0,77.0,MAPPED,2017-09-16,2017-09-16,Flood
INDOFLOODS-gauge-29-127,INDOFLOODS-gauge-29,15.0_77.0,15.0,77.0,MAPPED,2019-08-12,2019-08-20,Severe Flood
INDOFLOODS-gauge-29-13,INDOFLOODS-gauge-29,15.0_77.0,15.0,77.0,MAPPED,1974-09-18,1974-09-21,Flood
INDOFLOODS-gauge-29-14,INDOFLOODS-gauge-29,15.0_77.0,15.0,77.0,MAPPED,1974-09-28,1974-10-01,Severe Flood
INDOFLOODS-gauge-29-15,INDOFLOODS-gauge-29,15.0_77.0,15.0,77.0,MAPPED,1974-10-06,1974-10-08,Flood
INDOFLOODS-gauge-29-16,INDOFLOODS-gauge-29,15.0_77.0,15.0,77.0,MAPPED,1974-10-22,1974-10-25,Flood
INDOFLOODS-gauge-29-17,INDOFLOODS-gauge-29,15.0_77.0,15.0,77.0,MAPPED,1975-07-21,1975-10-15,Severe Flood
INDOFLOODS-gauge-29-18,INDOFLOODS-gauge-29,15.0_77.0,15.0,77.0,MAPPED,1975-10-17,1975-11-14,Severe Flood
INDOFLOODS-gauge-29-19,INDOFLOODS-gauge-29,15.0_77.0,15.0,77.0,MAPPED,1977-06-17,1977-06-17,Flood
INDOFLOODS-gauge-29-2,INDOFLOODS-gauge-29,15.0_77.0,15.0,77.0,MAPPED,1972-09-18,1972-09-20,Flood
INDOFLOODS-gauge-29-20,INDOFLOODS-gauge-29,15.0_77.0,15.0,77.0,MAPPED,1977-08-11,1977-08-11,Flood
INDOFLOODS-gauge-29-21,INDOFLOODS-gauge-29,15.0_77.0,15.0,77.0,MAPPED,1977-08-20,1977-08-20,Flood
INDOFLOODS-gauge-29-22,INDOFLOODS-gauge-29,15.0_77.0,15.0,77.0,MAPPED,1977-08-22,1977-08-22,Flood
INDOFLOODS-gauge-29-23,INDOFLOODS-gauge-29,15.0_77.0,15.0,77.0,MAPPED,1977-09-05,1977-09-09,Flood
INDOFLOODS-gauge-29-24,INDOFLOODS-gauge-29,15.0_77.0,15.0,77.0,MAPPED,1977-10-02,1977-10-13,Flood
INDOFLOODS-gauge-29-25,INDOFLOODS-gauge-29,15.0_77.0,15.0,77.0,MAPPED,1978-07-14,1978-07-14,Flood
INDOFLOODS-gauge-29-26,INDOFLOODS-gauge-29,15.0_77.0,15.0,77.0,MAPPED,1978-07-19,1978-07-22,Flood
INDOFLOODS-gauge-29-27,INDOFLOODS-gauge-29,15.0_77.0,15.0,77.0,MAPPED,1978-07-25,1978-07-25,Flood
INDOFLOODS-gauge-29-28,INDOFLOODS-gauge-29,15.0_77.0,15.0,77.0,MAPPED,1978-07-27,1978-09-08,Severe Flood
INDOFLOODS-gauge-29-29,INDOFLOODS-gauge-29,15.0_77.0,15.0,77.0,MAPPED,1978-09-13,1978-09-13,Flood
INDOFLOODS-gauge-29-3,INDOFLOODS-gauge-29,15.0_77.0,15.0,77.0,MAPPED,1972-10-08,1972-10-08,Flood
INDOFLOODS-gauge-29-30,INDOFLOODS-gauge-29,15.0_77.0,15.0,77.0,MAPPED,1978-09-20,1978-10-03,Severe Flood
INDOFLOODS-gauge-29-31,INDOFLOODS-gauge-29,15.0_77.0,15.0,77.0,MAPPED,1978-10-23,1978-10-25,Flood
INDOFLOODS-gauge-29-32,INDOFLOODS-gauge-29,15.0_77.0,15.0,77.0,MAPPED,1978-11-09,1978-11-11,Flood
INDOFLOODS-gauge-29-33,INDOFLOODS-gauge-29,15.0_77.0,15.0,77.0,MAPPED,1978-11-13,1978-11-14,Flood
INDOFLOODS-gauge-29-34,INDOFLOODS-gauge-29,15.0_77.0,15.0,77.0,MAPPED,1979-08-13,1979-08-19,Severe Flood
INDOFLOODS-gauge-29-35,INDOFLOODS-gauge-29,15.0_77.0,15.0,77.0,MAPPED,1979-08-31,1979-09-02,Flood
INDOFLOODS-gauge-29-36,INDOFLOODS-gauge-29,15.0_77.0,15.0,77.0,MAPPED,1979-09-04,1979-09-04,Flood
INDOFLOODS-gauge-29-37,INDOFLOODS-gauge-29,15.0_77.0,15.0,77.0,MAPPED,1979-09-07,1979-09-07,Flood
INDOFLOODS-gauge-29-38,INDOFLOODS-gauge-29,15.0_77.0,15.0,77.0,MAPPED,1979-09-13,1979-09-15,Flood
INDOFLOODS-gauge-29-39,INDOFLOODS-gauge-29,15.0_77.0,15.0,77.0,MAPPED,1979-09-21,1979-09-30,Severe Flood
INDOFLOODS-gauge-29-4,INDOFLOODS-gauge-29,15.0_77.0,15.0,77.0,MAPPED,1973-06-05,1973-06-07,Flood
INDOFLOODS-gauge-29-40,INDOFLOODS-gauge-29,15.0_77.0,15.0,77.0,MAPPED,1980-07-08,1980-07-14,Severe Flood
INDOFLOODS-gauge-29-41,INDOFLOODS-gauge-29,15.0_77.0,15.0,77.0,MAPPED,1980-07-16,1980-07-22,Flood
INDOFLOODS-gauge-29-42,INDOFLOODS-gauge-29,15.0_77.0,15.0,77.0,MAPPED,1980-07-25,1980-09-05,Severe Flood
INDOFLOODS-gauge-29-43,INDOFLOODS-gauge-29,15.0_77.0,15.0,77.0,MAPPED,1980-09-10,1980-09-11,Flood
INDOFLOODS-gauge-29-44,INDOFLOODS-gauge-29,15.0_77.0,15.0,77.0,MAPPED,1980-09-27,1980-10-04,Severe Flood
INDOFLOODS-gauge-29-45,INDOFLOODS-gauge-29,15.0_77.0,15.0,77.0,MAPPED,1980-10-06,1980-10-06,Flood
INDOFLOODS-gauge-29-46,INDOFLOODS-gauge-29,15.0_77.0,15.0,77.0,MAPPED,1981-06-21,1981-06-21,Flood
INDOFLOODS-gauge-29-47,INDOFLOODS-gauge-29,15.0_77.0,15.0,77.0,MAPPED,1981-08-15,1981-08-29,Severe Flood
INDOFLOODS-gauge-29-48,INDOFLOODS-gauge-29,15.0_77.0,15.0,77.0,MAPPED,1981-08-31,1981-09-07,Severe Flood
INDOFLOODS-gauge-29-49,INDOFLOODS-gauge-29,15.0_77.0,15.0,77.0,MAPPED,1981-09-10,1981-09-25,Severe Flood
INDOFLOODS-gauge-29-5,INDOFLOODS-gauge-29,15.0_77.0,15.0,77.0,MAPPED,1973-08-02,1973-09-06,Flood
INDOFLOODS-gauge-29-50,INDOFLOODS-gauge-29,15.0_77.0,15.0,77.0,MAPPED,1981-09-28,1981-09-30,Flood
INDOFLOODS-gauge-29-51,INDOFLOODS-gauge-29,15.0_77.0,15.0,77.0,MAPPED,1981-10-03,1981-10-03,Flood
INDOFLOODS-gauge-29-52,INDOFLOODS-gauge-29,15.0_77.0,15.0,77.0,MAPPED,1981-10-05,1981-10-10,Flood
INDOFLOODS-gauge-29-53,INDOFLOODS-gauge-29,15.0_77.0,15.0,77.0,MAPPED,1981-10-12,1981-10-13,Flood
INDOFLOODS-gauge-29-54,INDOFLOODS-gauge-29,15.0_77.0,15.0,77.0,MAPPED,1981-11-03,1981-11-04,Flood
INDOFLOODS-gauge-29-55,INDOFLOODS-gauge-29,15.0_77.0,15.0,77.0,MAPPED,1982-08-06,1982-08-07,Flood
INDOFLOODS-gauge-29-56,INDOFLOODS-gauge-29,15.0_77.0,15.0,77.0,MAPPED,1982-08-14,1982-08-19,Flood
INDOFLOODS-gauge-29-57,INDOFLOODS-gauge-29,15.0_77.0,15.0,77.0,MAPPED,1983-08-16,1983-08-20,Flood
INDOFLOODS-gauge-29-58,INDOFLOODS-gauge-29,15.0_77.0,15.0,77.0,MAPPED,1983-09-24,1983-09-24,Flood
INDOFLOODS-gauge-29-59,INDOFLOODS-gauge-29,15.0_77.0,15.0,77.0,MAPPED,1983-10-05,1983-10-05,Flood
INDOFLOODS-gauge-29-6,INDOFLOODS-gauge-29,15.0_77.0,15.0,77.0,MAPPED,1973-09-18,1973-09-25,Flood
INDOFLOODS-gauge-29-60,INDOFLOODS-gauge-29,15.0_77.0,15.0,77.0,MAPPED,1984-08-06,1984-08-06,Flood
INDOFLOODS-gauge-29-61,INDOFLOODS-gauge-29,15.0_77.0,15.0,77.0,MAPPED,1984-10-10,1984-10-10,Flood
INDOFLOODS-gauge-29-62,INDOFLOODS-gauge-29,15.0_77.0,15.0,77.0,MAPPED,1986-08-15,1986-08-16,Flood
INDOFLOODS-gauge-29-63,INDOFLOODS-gauge-29,15.0_77.0,15.0,77.0,MAPPED,1988-08-29,1988-09-01,Flood
INDOFLOODS-gauge-29-64,INDOFLOODS-gauge-29,15.0_77.0,15.0,77.0,MAPPED,1988-09-16,1988-09-16,Flood
INDOFLOODS-gauge-29-65,INDOFLOODS-gauge-29,15.0_77.0,15.0,77.0,MAPPED,1989-09-25,1989-09-25,Flood
INDOFLOODS-gauge-29-66,INDOFLOODS-gauge-29,15.0_77.0,15.0,77.0,MAPPED,1990-08-17,1990-08-18,Flood
INDOFLOODS-gauge-29-67,INDOFLOODS-gauge-29,15.0_77.0,15.0,77.0,MAPPED,1990-08-20,1990-08-21,Flood
INDOFLOODS-gauge-29-68,INDOFLOODS-gauge-29,15.0_77.0,15.0,77.0,MAPPED,1990-08-24,1990-08-24,Flood
INDOFLOODS-gauge-29-69,INDOFLOODS-gauge-29,15.0_77.0,15.0,77.0,MAPPED,1991-07-30,1991-08-05,Flood
INDOFLOODS-gauge-29-7,INDOFLOODS-gauge-29,15.0_77.0,15.0,77.0,MAPPED,1973-10-01,1973-10-12,Flood
INDOFLOODS-gauge-29-70,INDOFLOODS-gauge-29,15.0_77.0,15.0,77.0,MAPPED,1991-08-17,1991-08-21,Flood
INDOFLOODS-gauge-29-71,INDOFLOODS-gauge-29,15.0_77.0,15.0,77.0,MAPPED,1992-08-17,1992-08-24,Flood
INDOFLOODS-gauge-29-72,INDOFLOODS-gauge-29,15.0_77.0,15.0,77.0,MAPPED,1992-11-19,1992-11-21,Severe Flood
INDOFLOODS-gauge-29-73,INDOFLOODS-gauge-29,15.0_77.0,15.0,77.0,MAPPED,1993-08-29,1993-09-01,Flood
INDOFLOODS-gauge-29-74,INDOFLOODS-gauge-29,15.0_77.0,15.0,77.0,MAPPED,1993-10-10,1993-10-11,Flood
INDOFLOODS-gauge-29-75,INDOFLOODS-gauge-29,15.0_77.0,15.0,77.0,MAPPED,1993-10-19,1993-10-20,Flood
INDOFLOODS-gauge-29-76,INDOFLOODS-gauge-29,15.0_77.0,15.0,77.0,MAPPED,1993-10-24,1993-10-24,Flood
INDOFLOODS-gauge-29-77,INDOFLOODS-gauge-29,15.0_77.0,15.0,77.0,MAPPED,1994-07-18,1994-07-27,Severe Flood
INDOFLOODS-gauge-29-78,INDOFLOODS-gauge-29,15.0_77.0,15.0,77.0,MAPPED,1994-07-31,1994-08-03,Flood
INDOFLOODS-gauge-29-79,INDOFLOODS-gauge-29,15.0_77.0,15.0,77.0,MAPPED,1994-09-02,1994-09-05,Flood
INDOFLOODS-gauge-29-8,INDOFLOODS-gauge-29,15.0_77.0,15.0,77.0,MAPPED,1973-10-18,1973-10-19,Flood
INDOFLOODS-gauge-29-80,INDOFLOODS-gauge-29,15.0_77.0,15.0,77.0,MAPPED,1994-10-05,1994-10-05,Flood
INDOFLOODS-gauge-29-81,INDOFLOODS-gauge-29,15.0_77.0,15.0,77.0,MAPPED,1996-09-03,1996-09-03,Flood
INDOFLOODS-gauge-29-82,INDOFLOODS-gauge-29,15.0_77.0,15.0,77.0,MAPPED,1996-09-06,1996-09-07,Flood
INDOFLOODS-gauge-29-83,INDOFLOODS-gauge-29,15.0_77.0,15.0,77.0,MAPPED,1996-10-03,1996-10-04,Severe Flood
INDOFLOODS-gauge-29-84,INDOFLOODS-gauge-29,15.0_77.0,15.0,77.0,MAPPED,1997-08-04,1997-08-05,Flood
INDOFLOODS-gauge-29-85,INDOFLOODS-gauge-29,15.0_77.0,15.0,77.0,MAPPED,1997-08-09,1997-08-12,Flood
INDOFLOODS-gauge-29-86,INDOFLOODS-gauge-29,15.0_77.0,15.0,77.0,MAPPED,1997-08-25,1997-08-26,Flood
INDOFLOODS-gauge-29-87,INDOFLOODS-gauge-29,15.0_77.0,15.0,77.0,MAPPED,1997-08-30,1997-08-30,Flood
INDOFLOODS-gauge-29-88,INDOFLOODS-gauge-29,15.0_77.0,15.0,77.0,MAPPED,1998-09-06,1998-09-06,Flood
INDOFLOODS-gauge-29-89,INDOFLOODS-gauge-29,15.0_77.0,15.0,77.0,MAPPED,1998-09-17,1998-09-17,Flood
INDOFLOODS-gauge-29-9,INDOFLOODS-gauge-29,15.0_77.0,15.0,77.0,MAPPED,1973-10-23,1973-11-03,Severe Flood
INDOFLOODS-gauge-29-90,INDOFLOODS-gauge-29,15.0_77.0,15.0,77.0,MAPPED,1998-09-29,1998-09-29,Flood
INDOFLOODS-gauge-29-91,INDOFLOODS-gauge-29,15.0_77.0,15.0,77.0,MAPPED,1998-10-01,1998-10-01,Flood
INDOFLOODS-gauge-29-92,INDOFLOODS-gauge-29,15.0_77.0,15.0,77.0,MAPPED,1998-10-12,1998-10-16,Flood
INDOFLOODS-gauge-29-93,INDOFLOODS-gauge-29,15.0_77.0,15.0,77.0,MAPPED,1999-07-28,1999-07-28,Flood
INDOFLOODS-gauge-29-94,INDOFLOODS-gauge-29,15.0_77.0,15.0,77.0,MAPPED,1999-07-30,1999-07-30,Flood
INDOFLOODS-gauge-29-95,INDOFLOODS-gauge-29,15.0_77.0,15.0,77.0,MAPPED,1999-08-01,1999-08-01,Flood
INDOFLOODS-gauge-29-96,INDOFLOODS-gauge-29,15.0_77.0,15.0,77.0,MAPPED,1999-08-11,1999-08-11,Flood
INDOFLOODS-gauge-29-97,INDOFLOODS-gauge-29,15.0_77.0,15.0,77.0,MAPPED,2000-08-25,2000-08-27,Flood
INDOFLOODS-gauge-29-98,INDOFLOODS-gauge-29,15.0_77.0,15.0,77.0,MAPPED,2000-09-30,2000-09-30,Flood
INDOFLOODS-gauge-29-99,INDOFLOODS-gauge-29,15.0_77.0,15.0,77.0,MAPPED,2000-10-10,2000-10-11,Flood
INDOFLOODS-gauge-294-1,INDOFLOODS-gauge-294,20.0_73.0,20.0,73.0,MAPPED,2019-08-03,2019-08-04,Flood
INDOFLOODS-gauge-308-1,INDOFLOODS-gauge-308,22.0_86.0,22.0,86.0,MAPPED,1973-09-03,1973-09-03,Severe Flood
INDOFLOODS-gauge-308-10,INDOFLOODS-gauge-308,22.0_86.0,22.0,86.0,MAPPED,1985-10-17,1985-10-18,Severe Flood
INDOFLOODS-gauge-308-11,INDOFLOODS-gauge-308,22.0_86.0,22.0,86.0,MAPPED,1988-06-28,1988-06-28,Flood
INDOFLOODS-gauge-308-12,INDOFLOODS-gauge-308,22.0_86.0,22.0,86.0,MAPPED,1991-08-23,1991-08-23,Flood
INDOFLOODS-gauge-308-13,INDOFLOODS-gauge-308,22.0_86.0,22.0,86.0,MAPPED,1994-08-04,1994-08-04,Flood
INDOFLOODS-gauge-308-14,INDOFLOODS-gauge-308,22.0_86.0,22.0,86.0,MAPPED,1997-08-06,1997-08-06,Severe Flood
INDOFLOODS-gauge-308-15,INDOFLOODS-gauge-308,22.0_86.0,22.0,86.0,MAPPED,2007-07-06,2007-07-06,Flood
INDOFLOODS-gauge-308-16,INDOFLOODS-gauge-308,22.0_86.0,22.0,86.0,MAPPED,2007-08-20,2007-08-20,Flood
INDOFLOODS-gauge-308-17,INDOFLOODS-gauge-308,22.0_86.0,22.0,86.0,MAPPED,2008-06-18,2008-06-19,Severe Flood
INDOFLOODS-gauge-308-18,INDOFLOODS-gauge-308,22.0_86.0,22.0,86.0,MAPPED,2013-08-21,2013-08-21,Flood
INDOFLOODS-gauge-308-19,INDOFLOODS-gauge-308,22.0_86.0,22.0,86.0,MAPPED,2013-10-14,2013-10-14,Severe Flood
INDOFLOODS-gauge-308-2,INDOFLOODS-gauge-308,22.0_86.0,22.0,86.0,MAPPED,1973-10-12,1973-10-13,Severe Flood
INDOFLOODS-gauge-308-20,INDOFLOODS-gauge-308,22.0_86.0,22.0,86.0,MAPPED,2017-07-26,2017-07-27,Flood
INDOFLOODS-gauge-308-3,INDOFLOODS-gauge-308,22.0_86.0,22.0,86.0,MAPPED,1974-08-16,1974-08-17,Flood
INDOFLOODS-gauge-308-4,INDOFLOODS-gauge-308,22.0_86.0,22.0,86.0,MAPPED,1974-09-30,1974-09-30,Severe Flood
INDOFLOODS-gauge-308-5,INDOFLOODS-gauge-308,22.0_86.0,22.0,86.0,MAPPED,1975-08-20,1975-08-20,Severe Flood
INDOFLOODS-gauge-308-6,INDOFLOODS-gauge-308,22.0_86.0,22.0,86.0,MAPPED,1976-09-18,1976-09-18,Severe Flood
INDOFLOODS-gauge-308-7,INDOFLOODS-gauge-308,22.0_86.0,22.0,86.0,MAPPED,1977-08-07,1977-08-07,Flood
INDOFLOODS-gauge-308-8,INDOFLOODS-gauge-308,22.0_86.0,22.0,86.0,MAPPED,1978-09-02,1978-09-03,Severe Flood
INDOFLOODS-gauge-308-9,INDOFLOODS-gauge-308,22.0_86.0,22.0,86.0,MAPPED,1984-08-09,1984-08-09,Flood
INDOFLOODS-gauge-31-1,INDOFLOODS-gauge-31,17.0_81.0,17.0,81.0,MAPPED,2019-08-03,2019-08-04,Flood
INDOFLOODS-gauge-31-2,INDOFLOODS-gauge-31,17.0_81.0,17.0,81.0,MAPPED,2019-08-07,2019-08-10,Severe Flood
INDOFLOODS-gauge-318-1,INDOFLOODS-gauge-318,13.0_74.0,13.0,74.0,MAPPED,1985-12-30,1987-05-31,Severe Flood
INDOFLOODS-gauge-318-10,INDOFLOODS-gauge-318,13.0_74.0,13.0,74.0,MAPPED,2018-08-13,2018-08-14,Severe Flood
INDOFLOODS-gauge-318-11,INDOFLOODS-gauge-318,13.0_74.0,13.0,74.0,MAPPED,2019-08-06,2019-08-06,Flood
INDOFLOODS-gauge-318-12,INDOFLOODS-gauge-318,13.0_74.0,13.0,74.0,MAPPED,2019-08-10,2019-08-10,Flood
INDOFLOODS-gauge-318-2,INDOFLOODS-gauge-318,13.0_74.0,13.0,74.0,MAPPED,1994-06-30,1994-06-30,Flood
INDOFLOODS-gauge-318-3,INDOFLOODS-gauge-318,13.0_74.0,13.0,74.0,MAPPED,1994-07-15,1994-07-15,Flood
INDOFLOODS-gauge-318-4,INDOFLOODS-gauge-318,13.0_74.0,13.0,74.0,MAPPED,1994-07-29,1994-07-30,Flood
INDOFLOODS-gauge-318-5,INDOFLOODS-gauge-318,13.0_74.0,13.0,74.0,MAPPED,1999-07-18,1999-07-18,Flood
INDOFLOODS-gauge-318-6,INDOFLOODS-gauge-318,13.0_74.0,13.0,74.0,MAPPED,2009-07-15,2009-07-16,Flood
INDOFLOODS-gauge-318-7,INDOFLOODS-gauge-318,13.0_74.0,13.0,74.0,MAPPED,2011-07-17,2011-07-17,Severe Flood
INDOFLOODS-gauge-318-8,INDOFLOODS-gauge-318,13.0_74.0,13.0,74.0,MAPPED,2014-08-01,2014-08-01,Flood
INDOFLOODS-gauge-318-9,INDOFLOODS-gauge-318,13.0_74.0,13.0,74.0,MAPPED,2018-06-27,2018-06-27,Flood
INDOFLOODS-gauge-319-1,INDOFLOODS-gauge-319,12.0_77.0,12.0,77.0,MAPPED,2004-07-11,2004-07-14,Severe Flood
INDOFLOODS-gauge-319-10,INDOFLOODS-gauge-319,12.0_77.0,12.0,77.0,MAPPED,2008-10-26,2008-10-26,Flood
INDOFLOODS-gauge-319-11,INDOFLOODS-gauge-319,12.0_77.0,12.0,77.0,MAPPED,2009-05-22,2009-05-22,Severe Flood
INDOFLOODS-gauge-319-12,INDOFLOODS-gauge-319,12.0_77.0,12.0,77.0,MAPPED,2009-06-12,2009-06-12,Flood
INDOFLOODS-gauge-319-13,INDOFLOODS-gauge-319,12.0_77.0,12.0,77.0,MAPPED,2009-08-18,2009-08-18,Flood
INDOFLOODS-gauge-319-14,INDOFLOODS-gauge-319,12.0_77.0,12.0,77.0,MAPPED,2009-09-16,2009-09-17,Severe Flood
INDOFLOODS-gauge-319-15,INDOFLOODS-gauge-319,12.0_77.0,12.0,77.0,MAPPED,2009-09-19,2009-09-23,Severe Flood
INDOFLOODS-gauge-319-16,INDOFLOODS-gauge-319,12.0_77.0,12.0,77.0,MAPPED,2009-09-25,2009-09-26,Severe Flood
INDOFLOODS-gauge-319-17,INDOFLOODS-gauge-319,12.0_77.0,12.0,77.0,MAPPED,2010-11-08,2010-11-08,Severe Flood
INDOFLOODS-gauge-319-18,INDOFLOODS-gauge-319,12.0_77.0,12.0,77.0,MAPPED,2011-05-31,2011-05-31,Flood
INDOFLOODS-gauge-319-19,INDOFLOODS-gauge-319,12.0_77.0,12.0,77.0,MAPPED,2011-08-17,2011-08-17,Flood
INDOFLOODS-gauge-319-2,INDOFLOODS-gauge-319,12.0_77.0,12.0,77.0,MAPPED,2004-09-07,2004-09-07,Severe Flood
INDOFLOODS-gauge-319-20,INDOFLOODS-gauge-319,12.0_77.0,12.0,77.0,MAPPED,2011-10-13,2011-10-13,Severe Flood
INDOFLOODS-gauge-319-21,INDOFLOODS-gauge-319,12.0_77.0,12.0,77.0,MAPPED,2013-06-01,2013-06-01,Severe Flood
INDOFLOODS-gauge-319-22,INDOFLOODS-gauge-319,12.0_77.0,12.0,77.0,MAPPED,2013-09-09,2013-09-09,Severe Flood
INDOFLOODS-gauge-319-23,INDOFLOODS-gauge-319,12.0_77.0,12.0,77.0,MAPPED,2013-09-13,2013-09-13,Severe Flood
INDOFLOODS-gauge-319-24,INDOFLOODS-gauge-319,12.0_77.0,12.0,77.0,MAPPED,2015-08-19,2015-08-20,Severe Flood
INDOFLOODS-gauge-319-25,INDOFLOODS-gauge-319,12.0_77.0,12.0,77.0,MAPPED,2015-09-08,2015-09-08,Severe Flood
INDOFLOODS-gauge-319-26,INDOFLOODS-gauge-319,12.0_77.0,12.0,77.0,MAPPED,2016-07-29,2016-07-31,Severe Flood
INDOFLOODS-gauge-319-27,INDOFLOODS-gauge-319,12.0_77.0,12.0,77.0,MAPPED,2017-05-27,2017-05-28,Flood
INDOFLOODS-gauge-319-28,INDOFLOODS-gauge-319,12.0_77.0,12.0,77.0,MAPPED,2017-08-14,2017-08-21,Severe Flood
INDOFLOODS-gauge-319-29,INDOFLOODS-gauge-319,12.0_77.0,12.0,77.0,MAPPED,2017-09-03,2017-09-04,Severe Flood
INDOFLOODS-gauge-319-3,INDOFLOODS-gauge-319,12.0_77.0,12.0,77.0,MAPPED,2004-09-15,2004-09-17,Severe Flood
INDOFLOODS-gauge-319-30,INDOFLOODS-gauge-319,12.0_77.0,12.0,77.0,MAPPED,2017-09-07,2017-09-07,Severe Flood
INDOFLOODS-gauge-319-31,INDOFLOODS-gauge-319,12.0_77.0,12.0,77.0,MAPPED,2017-09-10,2017-09-15,Severe Flood
INDOFLOODS-gauge-319-32,INDOFLOODS-gauge-319,12.0_77.0,12.0,77.0,MAPPED,2017-10-03,2017-10-04,Severe Flood
INDOFLOODS-gauge-319-33,INDOFLOODS-gauge-319,12.0_77.0,12.0,77.0,MAPPED,2017-10-13,2017-10-13,Severe Flood
INDOFLOODS-gauge-319-4,INDOFLOODS-gauge-319,12.0_77.0,12.0,77.0,MAPPED,2004-09-24,2004-09-25,Severe Flood
INDOFLOODS-gauge-319-5,INDOFLOODS-gauge-319,12.0_77.0,12.0,77.0,MAPPED,2004-10-05,2004-10-05,Flood
INDOFLOODS-gauge-319-6,INDOFLOODS-gauge-319,12.0_77.0,12.0,77.0,MAPPED,2004-10-15,2004-10-20,Severe Flood
INDOFLOODS-gauge-319-7,INDOFLOODS-gauge-319,12.0_77.0,12.0,77.0,MAPPED,2008-08-27,2008-08-29,Severe Flood
INDOFLOODS-gauge-319-8,INDOFLOODS-gauge-319,12.0_77.0,12.0,77.0,MAPPED,2008-09-10,2008-09-11,Flood
INDOFLOODS-gauge-319-9,INDOFLOODS-gauge-319,12.0_77.0,12.0,77.0,MAPPED,2008-10-08,2008-10-08,Flood
INDOFLOODS-gauge-32-1,INDOFLOODS-gauge-32,15.0_77.0,15.0,77.0,MAPPED,1965-07-25,1965-07-27,Flood
INDOFLOODS-gauge-32-10,INDOFLOODS-gauge-32,15.0_77.0,15.0,77.0,MAPPED,1968-08-15,1968-08-15,Flood
INDOFLOODS-gauge-32-11,INDOFLOODS-gauge-32,15.0_77.0,15.0,77.0,MAPPED,1968-08-20,1968-08-20,Flood
INDOFLOODS-gauge-32-12,INDOFLOODS-gauge-32,15.0_77.0,15.0,77.0,MAPPED,1968-09-24,1968-09-25,Flood
INDOFLOODS-gauge-32-13,INDOFLOODS-gauge-32,15.0_77.0,15.0,77.0,MAPPED,1968-09-29,1968-09-30,Flood
INDOFLOODS-gauge-32-14,INDOFLOODS-gauge-32,15.0_77.0,15.0,77.0,MAPPED,1968-10-02,1968-10-04,Flood
INDOFLOODS-gauge-32-15,INDOFLOODS-gauge-32,15.0_77.0,15.0,77.0,MAPPED,1968-10-08,1968-10-11,Severe Flood
INDOFLOODS-gauge-32-16,INDOFLOODS-gauge-32,15.0_77.0,15.0,77.0,MAPPED,1969-08-05,1969-08-06,Flood
INDOFLOODS-gauge-32-17,INDOFLOODS-gauge-32,15.0_77.0,15.0,77.0,MAPPED,1970-08-14,1970-08-14,Flood
INDOFLOODS-gauge-32-18,INDOFLOODS-gauge-32,15.0_77.0,15.0,77.0,MAPPED,1970-08-16,1970-08-16,Flood
INDOFLOODS-gauge-32-19,INDOFLOODS-gauge-32,15.0_77.0,15.0,77.0,MAPPED,1970-08-22,1970-08-23,Flood
INDOFLOODS-gauge-32-2,INDOFLOODS-gauge-32,15.0_77.0,15.0,77.0,MAPPED,1965-08-02,1965-08-07,Flood
INDOFLOODS-gauge-32-20,INDOFLOODS-gauge-32,15.0_77.0,15.0,77.0,MAPPED,1970-08-25,1970-08-27,Flood
INDOFLOODS-gauge-32-21,INDOFLOODS-gauge-32,15.0_77.0,15.0,77.0,MAPPED,1970-09-17,1970-09-18,Flood
INDOFLOODS-gauge-32-22,INDOFLOODS-gauge-32,15.0_77.0,15.0,77.0,MAPPED,1970-09-21,1970-09-21,Flood
INDOFLOODS-gauge-32-23,INDOFLOODS-gauge-32,15.0_77.0,15.0,77.0,MAPPED,1971-10-15,1971-10-15,Flood
INDOFLOODS-gauge-32-24,INDOFLOODS-gauge-32,15.0_77.0,15.0,77.0,MAPPED,1974-09-19,1974-09-19,Flood
INDOFLOODS-gauge-32-25,INDOFLOODS-gauge-32,15.0_77.0,15.0,77.0,MAPPED,1974-09-28,1974-09-28,Flood
INDOFLOODS-gauge-32-26,INDOFLOODS-gauge-32,15.0_77.0,15.0,77.0,MAPPED,1975-07-26,1975-07-26,Flood
INDOFLOODS-gauge-32-27,INDOFLOODS-gauge-32,15.0_77.0,15.0,77.0,MAPPED,1975-08-18,1975-08-18,Flood
INDOFLOODS-gauge-32-28,INDOFLOODS-gauge-32,15.0_77.0,15.0,77.0,MAPPED,1975-09-20,1975-09-20,Flood
INDOFLOODS-gauge-32-29,INDOFLOODS-gauge-32,15.0_77.0,15.0,77.0,MAPPED,1975-10-12,1975-10-12,Flood
INDOFLOODS-gauge-32-3,INDOFLOODS-gauge-32,15.0_77.0,15.0,77.0,MAPPED,1965-08-14,1965-08-14,Flood
INDOFLOODS-gauge-32-30,INDOFLOODS-gauge-32,15.0_77.0,15.0,77.0,MAPPED,1975-10-19,1975-10-19,Flood
INDOFLOODS-gauge-32-31,INDOFLOODS-gauge-32,15.0_77.0,15.0,77.0,MAPPED,1975-10-31,1975-11-01,Flood
INDOFLOODS-gauge-32-32,INDOFLOODS-gauge-32,15.0_77.0,15.0,77.0,MAPPED,1975-11-07,1975-11-07,Flood
INDOFLOODS-gauge-32-33,INDOFLOODS-gauge-32,15.0_77.0,15.0,77.0,MAPPED,1978-07-28,1978-07-28,Flood
INDOFLOODS-gauge-32-34,INDOFLOODS-gauge-32,15.0_77.0,15.0,77.0,MAPPED,1978-07-30,1978-07-31,Flood
INDOFLOODS-gauge-32-35,INDOFLOODS-gauge-32,15.0_77.0,15.0,77.0,MAPPED,1978-09-28,1978-10-01,Severe Flood
INDOFLOODS-gauge-32-36,INDOFLOODS-gauge-32,15.0_77.0,15.0,77.0,MAPPED,1980-07-08,1980-07-08,Flood
INDOFLOODS-gauge-32-37,INDOFLOODS-gauge-32,15.0_77.0,15.0,77.0,MAPPED,1980-07-11,1980-07-12,Flood
INDOFLOODS-gauge-32-38,INDOFLOODS-gauge-32,15.0_77.0,15.0,77.0,MAPPED,1980-08-15,1980-08-17,Flood
INDOFLOODS-gauge-32-39,INDOFLOODS-gauge-32,15.0_77.0,15.0,77.0,MAPPED,1981-09-19,1981-09-20,Flood
INDOFLOODS-gauge-32-4,INDOFLOODS-gauge-32,15.0_77.0,15.0,77.0,MAPPED,1965-09-20,1965-09-22,Flood
INDOFLOODS-gauge-32-40,INDOFLOODS-gauge-32,15.0_77.0,15.0,77.0,MAPPED,1982-08-07,1982-08-07,Flood
INDOFLOODS-gauge-32-41,INDOFLOODS-gauge-32,15.0_77.0,15.0,77.0,MAPPED,1991-07-31,1991-08-01,Flood
INDOFLOODS-gauge-32-42,INDOFLOODS-gauge-32,15.0_77.0,15.0,77.0,MAPPED,1991-08-18,1991-08-18,Flood
INDOFLOODS-gauge-32-43,INDOFLOODS-gauge-32,15.0_77.0,15.0,77.0,MAPPED,1992-08-17,1992-08-19,Flood
INDOFLOODS-gauge-32-44,INDOFLOODS-gauge-32,15.0_77.0,15.0,77.0,MAPPED,1992-08-21,1992-08-22,Flood
INDOFLOODS-gauge-32-45,INDOFLOODS-gauge-32,15.0_77.0,15.0,77.0,MAPPED,1992-11-19,1992-11-21,Severe Flood
INDOFLOODS-gauge-32-46,INDOFLOODS-gauge-32,15.0_77.0,15.0,77.0,MAPPED,1993-08-31,1993-08-31,Flood
INDOFLOODS-gauge-32-47,INDOFLOODS-gauge-32,15.0_77.0,15.0,77.0,MAPPED,1993-10-11,1993-10-11,Flood
INDOFLOODS-gauge-32-48,INDOFLOODS-gauge-32,15.0_77.0,15.0,77.0,MAPPED,1994-07-18,1994-07-20,Severe Flood
INDOFLOODS-gauge-32-49,INDOFLOODS-gauge-32,15.0_77.0,15.0,77.0,MAPPED,1994-07-25,1994-07-27,Flood
INDOFLOODS-gauge-32-5,INDOFLOODS-gauge-32,15.0_77.0,15.0,77.0,MAPPED,1966-09-25,1966-09-25,Flood
INDOFLOODS-gauge-32-50,INDOFLOODS-gauge-32,15.0_77.0,15.0,77.0,MAPPED,1996-09-06,1996-09-06,Flood
INDOFLOODS-gauge-32-51,INDOFLOODS-gauge-32,15.0_77.0,15.0,77.0,MAPPED,1996-10-03,1996-10-03,Flood
INDOFLOODS-gauge-32-52,INDOFLOODS-gauge-32,15.0_77.0,15.0,77.0,MAPPED,1997-08-10,1997-08-11,Flood
INDOFLOODS-gauge-32-53,INDOFLOODS-gauge-32,15.0_77.0,15.0,77.0,MAPPED,1998-09-29,1998-09-29,Flood
INDOFLOODS-gauge-32-54,INDOFLOODS-gauge-32,15.0_77.0,15.0,77.0,MAPPED,1998-10-15,1998-10-16,Flood
INDOFLOODS-gauge-32-55,INDOFLOODS-gauge-32,15.0_77.0,15.0,77.0,MAPPED,2005-08-06,2005-08-07,Flood
INDOFLOODS-gauge-32-56,INDOFLOODS-gauge-32,15.0_77.0,15.0,77.0,MAPPED,2006-08-15,2006-08-16,Flood
INDOFLOODS-gauge-32-57,INDOFLOODS-gauge-32,15.0_77.0,15.0,77.0,MAPPED,2006-08-20,2006-08-20,Flood
INDOFLOODS-gauge-32-58,INDOFLOODS-gauge-32,15.0_77.0,15.0,77.0,MAPPED,2007-06-23,2007-06-24,Flood
INDOFLOODS-gauge-32-59,INDOFLOODS-gauge-32,15.0_77.0,15.0,77.0,MAPPED,2007-08-08,2007-08-14,Flood
INDOFLOODS-gauge-32-6,INDOFLOODS-gauge-32,15.0_77.0,15.0,77.0,MAPPED,1966-10-04,1966-10-04,Flood
INDOFLOODS-gauge-32-60,INDOFLOODS-gauge-32,15.0_77.0,15.0,77.0,MAPPED,2007-09-19,2007-09-20,Severe Flood
INDOFLOODS-gauge-32-61,INDOFLOODS-gauge-32,15.0_77.0,15.0,77.0,MAPPED,2008-08-15,2008-08-18,Flood
INDOFLOODS-gauge-32-62,INDOFLOODS-gauge-32,15.0_77.0,15.0,77.0,MAPPED,2009-10-01,2009-10-04,Severe Flood
INDOFLOODS-gauge-32-63,INDOFLOODS-gauge-32,15.0_77.0,15.0,77.0,MAPPED,2010-08-25,2010-08-25,Flood
INDOFLOODS-gauge-32-64,INDOFLOODS-gauge-32,15.0_77.0,15.0,77.0,MAPPED,2014-08-05,2014-08-05,Flood
INDOFLOODS-gauge-32-65,INDOFLOODS-gauge-32,15.0_77.0,15.0,77.0,MAPPED,2019-08-12,2019-08-20,Flood
INDOFLOODS-gauge-32-7,INDOFLOODS-gauge-32,15.0_77.0,15.0,77.0,MAPPED,1967-08-05,1967-08-10,Severe Flood
INDOFLOODS-gauge-32-8,INDOFLOODS-gauge-32,15.0_77.0,15.0,77.0,MAPPED,1967-10-04,1967-10-05,Flood
INDOFLOODS-gauge-32-9,INDOFLOODS-gauge-32,15.0_77.0,15.0,77.0,MAPPED,1968-08-11,1968-08-11,Flood
INDOFLOODS-gauge-324-1,INDOFLOODS-gauge-324,13.0_75.0,13.0,75.0,MAPPED,1988-07-09,1988-07-09,Severe Flood
INDOFLOODS-gauge-324-10,INDOFLOODS-gauge-324,13.0_75.0,13.0,75.0,MAPPED,2014-08-01,2014-08-08,Flood
INDOFLOODS-gauge-324-11,INDOFLOODS-gauge-324,13.0_75.0,13.0,75.0,MAPPED,2015-07-20,2015-07-20,Flood
INDOFLOODS-gauge-324-12,INDOFLOODS-gauge-324,13.0_75.0,13.0,75.0,MAPPED,2018-07-11,2018-07-11,Flood
INDOFLOODS-gauge-324-13,INDOFLOODS-gauge-324,13.0_75.0,13.0,75.0,MAPPED,2018-07-14,2018-07-14,Flood
INDOFLOODS-gauge-324-14,INDOFLOODS-gauge-324,13.0_75.0,13.0,75.0,MAPPED,2019-08-06,2019-08-11,Severe Flood
INDOFLOODS-gauge-324-2,INDOFLOODS-gauge-324,13.0_75.0,13.0,75.0,MAPPED,1993-10-03,1993-10-03,Severe Flood
INDOFLOODS-gauge-324-3,INDOFLOODS-gauge-324,13.0_75.0,13.0,75.0,MAPPED,1993-10-07,1993-10-07,Severe Flood
INDOFLOODS-gauge-324-4,INDOFLOODS-gauge-324,13.0_75.0,13.0,75.0,MAPPED,2011-07-18,2011-07-18,Flood
INDOFLOODS-gauge-324-5,INDOFLOODS-gauge-324,13.0_75.0,13.0,75.0,MAPPED,2012-08-07,2012-08-08,Severe Flood
INDOFLOODS-gauge-324-6,INDOFLOODS-gauge-324,13.0_75.0,13.0,75.0,MAPPED,2013-07-04,2013-07-05,Flood
INDOFLOODS-gauge-324-7,INDOFLOODS-gauge-324,13.0_75.0,13.0,75.0,MAPPED,2013-07-20,2013-07-20,Flood
INDOFLOODS-gauge-324-8,INDOFLOODS-gauge-324,13.0_75.0,13.0,75.0,MAPPED,2013-07-25,2013-07-27,Flood
INDOFLOODS-gauge-324-9,INDOFLOODS-gauge-324,13.0_75.0,13.0,75.0,MAPPED,2013-08-02,2013-08-03,Flood
INDOFLOODS-gauge-329-1,INDOFLOODS-gauge-329,17.0_76.0,17.0,76.0,MAPPED,2019-08-07,2019-08-11,Severe Flood
INDOFLOODS-gauge-338-1,INDOFLOODS-gauge-338,16.0_77.0,16.0,77.0,MAPPED,1965-07-21,1965-07-21,Flood
INDOFLOODS-gauge-338-2,INDOFLOODS-gauge-338,16.0_77.0,16.0,77.0,MAPPED,1965-07-24,1965-07-27,Severe Flood
INDOFLOODS-gauge-338-3,INDOFLOODS-gauge-338,16.0_77.0,16.0,77.0,MAPPED,1965-08-03,1965-08-05,Flood
INDOFLOODS-gauge-338-4,INDOFLOODS-gauge-338,16.0_77.0,16.0,77.0,MAPPED,1966-08-02,1966-08-03,Flood
INDOFLOODS-gauge-338-5,INDOFLOODS-gauge-338,16.0_77.0,16.0,77.0,MAPPED,1967-07-31,1967-08-08,Severe Flood
INDOFLOODS-gauge-338-6,INDOFLOODS-gauge-338,16.0_77.0,16.0,77.0,MAPPED,1969-08-05,1969-08-07,Flood
INDOFLOODS-gauge-338-7,INDOFLOODS-gauge-338,16.0_77.0,16.0,77.0,MAPPED,1983-08-20,1983-08-22,Flood
INDOFLOODS-gauge-338-8,INDOFLOODS-gauge-338,16.0_77.0,16.0,77.0,MAPPED,2019-08-08,2019-08-20,Severe Flood
INDOFLOODS-gauge-345-1,INDOFLOODS-gauge-345,17.0_75.0,17.0,75.0,MAPPED,1979-09-26,1979-09-27,Severe Flood
INDOFLOODS-gauge-346-1,INDOFLOODS-gauge-346,13.0_74.0,13.0,74.0,MAPPED,2002-06-25,2006-05-31,Severe Flood
INDOFLOODS-gauge-346-10,INDOFLOODS-gauge-346,13.0_74.0,13.0,74.0,MAPPED,2012-08-10,2012-08-10,Flood
INDOFLOODS-gauge-346-11,INDOFLOODS-gauge-346,13.0_74.0,13.0,74.0,MAPPED,2014-07-20,2014-07-20,Flood
INDOFLOODS-gauge-346-12,INDOFLOODS-gauge-346,13.0_74.0,13.0,74.0,MAPPED,2014-08-01,2014-08-01,Flood
INDOFLOODS-gauge-346-13,INDOFLOODS-gauge-346,13.0_74.0,13.0,74.0,MAPPED,2014-08-06,2014-08-06,Flood
INDOFLOODS-gauge-346-14,INDOFLOODS-gauge-346,13.0_74.0,13.0,74.0,MAPPED,2017-07-20,2017-07-20,Flood
INDOFLOODS-gauge-346-15,INDOFLOODS-gauge-346,13.0_74.0,13.0,74.0,MAPPED,2019-08-06,2019-08-06,Flood
INDOFLOODS-gauge-346-2,INDOFLOODS-gauge-346,13.0_74.0,13.0,74.0,MAPPED,2007-06-30,2007-06-30,Flood
INDOFLOODS-gauge-346-3,INDOFLOODS-gauge-346,13.0_74.0,13.0,74.0,MAPPED,2008-07-28,2008-07-28,Flood
INDOFLOODS-gauge-346-4,INDOFLOODS-gauge-346,13.0_74.0,13.0,74.0,MAPPED,2008-08-11,2008-08-11,Flood
INDOFLOODS-gauge-346-5,INDOFLOODS-gauge-346,13.0_74.0,13.0,74.0,MAPPED,2008-08-13,2008-08-13,Flood
INDOFLOODS-gauge-346-6,INDOFLOODS-gauge-346,13.0_74.0,13.0,74.0,MAPPED,2009-07-16,2009-07-16,Flood
INDOFLOODS-gauge-346-7,INDOFLOODS-gauge-346,13.0_74.0,13.0,74.0,MAPPED,2009-07-18,2009-07-18,Flood
INDOFLOODS-gauge-346-8,INDOFLOODS-gauge-346,13.0_74.0,13.0,74.0,MAPPED,2011-07-17,2011-07-18,Flood
INDOFLOODS-gauge-346-9,INDOFLOODS-gauge-346,13.0_74.0,13.0,74.0,MAPPED,2011-09-03,2011-09-03,Flood
INDOFLOODS-gauge-349-1,INDOFLOODS-gauge-349,14.0_74.0,14.0,74.0,MAPPED,1988-07-14,1988-07-14,Flood
INDOFLOODS-gauge-349-10,INDOFLOODS-gauge-349,14.0_74.0,14.0,74.0,MAPPED,1990-07-12,1990-07-12,Flood
INDOFLOODS-gauge-349-100,INDOFLOODS-gauge-349,14.0_74.0,14.0,74.0,MAPPED,2005-07-24,2005-07-27,Severe Flood
INDOFLOODS-gauge-349-101,INDOFLOODS-gauge-349,14.0_74.0,14.0,74.0,MAPPED,2005-07-29,2005-08-06,Flood
INDOFLOODS-gauge-349-102,INDOFLOODS-gauge-349,14.0_74.0,14.0,74.0,MAPPED,2005-08-08,2005-08-09,Flood
INDOFLOODS-gauge-349-103,INDOFLOODS-gauge-349,14.0_74.0,14.0,74.0,MAPPED,2005-09-23,2005-09-23,Flood
INDOFLOODS-gauge-349-104,INDOFLOODS-gauge-349,14.0_74.0,14.0,74.0,MAPPED,2006-06-29,2006-06-30,Flood
INDOFLOODS-gauge-349-105,INDOFLOODS-gauge-349,14.0_74.0,14.0,74.0,MAPPED,2006-07-02,2006-07-21,Flood
INDOFLOODS-gauge-349-106,INDOFLOODS-gauge-349,14.0_74.0,14.0,74.0,MAPPED,2006-07-23,2006-07-23,Flood
INDOFLOODS-gauge-349-107,INDOFLOODS-gauge-349,14.0_74.0,14.0,74.0,MAPPED,2006-07-25,2006-07-29,Flood
INDOFLOODS-gauge-349-108,INDOFLOODS-gauge-349,14.0_74.0,14.0,74.0,MAPPED,2006-07-31,2006-08-02,Flood
INDOFLOODS-gauge-349-109,INDOFLOODS-gauge-349,14.0_74.0,14.0,74.0,MAPPED,2006-08-05,2006-08-18,Flood
INDOFLOODS-gauge-349-11,INDOFLOODS-gauge-349,14.0_74.0,14.0,74.0,MAPPED,1990-07-16,1990-07-19,Flood
INDOFLOODS-gauge-349-110,INDOFLOODS-gauge-349,14.0_74.0,14.0,74.0,MAPPED,2007-06-23,2007-06-25,Flood
INDOFLOODS-gauge-349-111,INDOFLOODS-gauge-349,14.0_74.0,14.0,74.0,MAPPED,2007-06-30,2007-07-05,Flood
INDOFLOODS-gauge-349-112,INDOFLOODS-gauge-349,14.0_74.0,14.0,74.0,MAPPED,2007-07-07,2007-07-11,Flood
INDOFLOODS-gauge-349-113,INDOFLOODS-gauge-349,14.0_74.0,14.0,74.0,MAPPED,2007-07-13,2007-07-18,Flood
INDOFLOODS-gauge-349-114,INDOFLOODS-gauge-349,14.0_74.0,14.0,74.0,MAPPED,2007-08-03,2007-08-12,Severe Flood
INDOFLOODS-gauge-349-115,INDOFLOODS-gauge-349,14.0_74.0,14.0,74.0,MAPPED,2007-09-03,2007-09-03,Flood
INDOFLOODS-gauge-349-116,INDOFLOODS-gauge-349,14.0_74.0,14.0,74.0,MAPPED,2007-09-25,2007-09-25,Flood
INDOFLOODS-gauge-349-117,INDOFLOODS-gauge-349,14.0_74.0,14.0,74.0,MAPPED,2008-07-27,2008-08-01,Flood
INDOFLOODS-gauge-349-118,INDOFLOODS-gauge-349,14.0_74.0,14.0,74.0,MAPPED,2008-08-03,2008-08-03,Flood
INDOFLOODS-gauge-349-119,INDOFLOODS-gauge-349,14.0_74.0,14.0,74.0,MAPPED,2008-08-09,2008-08-15,Severe Flood
INDOFLOODS-gauge-349-12,INDOFLOODS-gauge-349,14.0_74.0,14.0,74.0,MAPPED,1990-07-21,1990-07-23,Flood
INDOFLOODS-gauge-349-120,INDOFLOODS-gauge-349,14.0_74.0,14.0,74.0,MAPPED,2008-09-11,2008-09-11,Flood
INDOFLOODS-gauge-349-121,INDOFLOODS-gauge-349,14.0_74.0,14.0,74.0,MAPPED,2008-09-13,2008-09-13,Flood
INDOFLOODS-gauge-349-122,INDOFLOODS-gauge-349,14.0_74.0,14.0,74.0,MAPPED,2009-07-03,2009-07-12,Flood
INDOFLOODS-gauge-349-123,INDOFLOODS-gauge-349,14.0_74.0,14.0,74.0,MAPPED,2009-07-14,2009-07-20,Severe Flood
INDOFLOODS-gauge-349-124,INDOFLOODS-gauge-349,14.0_74.0,14.0,74.0,MAPPED,2009-07-22,2009-07-23,Flood
INDOFLOODS-gauge-349-125,INDOFLOODS-gauge-349,14.0_74.0,14.0,74.0,MAPPED,2009-07-28,2009-07-31,Flood
INDOFLOODS-gauge-349-126,INDOFLOODS-gauge-349,14.0_74.0,14.0,74.0,MAPPED,2009-09-05,2009-09-06,Flood
INDOFLOODS-gauge-349-127,INDOFLOODS-gauge-349,14.0_74.0,14.0,74.0,MAPPED,2009-10-03,2009-10-03,Flood
INDOFLOODS-gauge-349-128,INDOFLOODS-gauge-349,14.0_74.0,14.0,74.0,MAPPED,2010-06-26,2010-06-26,Flood
INDOFLOODS-gauge-349-129,INDOFLOODS-gauge-349,14.0_74.0,14.0,74.0,MAPPED,2010-07-20,2010-07-20,Flood
INDOFLOODS-gauge-349-13,INDOFLOODS-gauge-349,14.0_74.0,14.0,74.0,MAPPED,1990-08-14,1990-08-14,Flood
INDOFLOODS-gauge-349-130,INDOFLOODS-gauge-349,14.0_74.0,14.0,74.0,MAPPED,2010-07-25,2010-08-01,Flood
INDOFLOODS-gauge-349-131,INDOFLOODS-gauge-349,14.0_74.0,14.0,74.0,MAPPED,2010-08-04,2010-08-04,Flood
INDOFLOODS-gauge-349-132,INDOFLOODS-gauge-349,14.0_74.0,14.0,74.0,MAPPED,2010-08-31,2010-09-01,Flood
INDOFLOODS-gauge-349-133,INDOFLOODS-gauge-349,14.0_74.0,14.0,74.0,MAPPED,2010-09-05,2010-09-05,Flood
INDOFLOODS-gauge-349-134,INDOFLOODS-gauge-349,14.0_74.0,14.0,74.0,MAPPED,2011-06-23,2011-06-23,Flood
INDOFLOODS-gauge-349-135,INDOFLOODS-gauge-349,14.0_74.0,14.0,74.0,MAPPED,2011-06-26,2011-06-26,Flood
INDOFLOODS-gauge-349-136,INDOFLOODS-gauge-349,14.0_74.0,14.0,74.0,MAPPED,2011-07-06,2011-07-06,Flood
INDOFLOODS-gauge-349-137,INDOFLOODS-gauge-349,14.0_74.0,14.0,74.0,MAPPED,2011-07-16,2011-07-24,Severe Flood
INDOFLOODS-gauge-349-138,INDOFLOODS-gauge-349,14.0_74.0,14.0,74.0,MAPPED,2011-08-04,2011-08-08,Flood
INDOFLOODS-gauge-349-139,INDOFLOODS-gauge-349,14.0_74.0,14.0,74.0,MAPPED,2011-08-29,2011-09-04,Flood
INDOFLOODS-gauge-349-14,INDOFLOODS-gauge-349,14.0_74.0,14.0,74.0,MAPPED,1990-08-17,1990-08-17,Flood
INDOFLOODS-gauge-349-140,INDOFLOODS-gauge-349,14.0_74.0,14.0,74.0,MAPPED,2011-09-06,2011-09-08,Flood
INDOFLOODS-gauge-349-141,INDOFLOODS-gauge-349,14.0_74.0,14.0,74.0,MAPPED,2012-07-21,2012-07-22,Flood
INDOFLOODS-gauge-349-142,INDOFLOODS-gauge-349,14.0_74.0,14.0,74.0,MAPPED,2012-07-24,2012-07-24,Flood
INDOFLOODS-gauge-349-143,INDOFLOODS-gauge-349,14.0_74.0,14.0,74.0,MAPPED,2012-07-27,2012-07-27,Flood
INDOFLOODS-gauge-349-144,INDOFLOODS-gauge-349,14.0_74.0,14.0,74.0,MAPPED,2012-08-04,2012-08-12,Flood
INDOFLOODS-gauge-349-145,INDOFLOODS-gauge-349,14.0_74.0,14.0,74.0,MAPPED,2012-08-29,2012-08-29,Flood
INDOFLOODS-gauge-349-146,INDOFLOODS-gauge-349,14.0_74.0,14.0,74.0,MAPPED,2012-09-04,2012-09-04,Flood
INDOFLOODS-gauge-349-147,INDOFLOODS-gauge-349,14.0_74.0,14.0,74.0,MAPPED,2013-07-03,2013-07-07,Severe Flood
INDOFLOODS-gauge-349-148,INDOFLOODS-gauge-349,14.0_74.0,14.0,74.0,MAPPED,2013-07-12,2013-07-12,Flood
INDOFLOODS-gauge-349-149,INDOFLOODS-gauge-349,14.0_74.0,14.0,74.0,MAPPED,2013-07-18,2013-08-04,Flood
INDOFLOODS-gauge-349-15,INDOFLOODS-gauge-349,14.0_74.0,14.0,74.0,MAPPED,1990-08-20,1990-08-24,Flood
INDOFLOODS-gauge-349-150,INDOFLOODS-gauge-349,14.0_74.0,14.0,74.0,MAPPED,2013-08-17,2013-08-18,Flood
INDOFLOODS-gauge-349-151,INDOFLOODS-gauge-349,14.0_74.0,14.0,74.0,MAPPED,2013-09-18,2013-09-18,Flood
INDOFLOODS-gauge-349-152,INDOFLOODS-gauge-349,14.0_74.0,14.0,74.0,MAPPED,2014-06-22,2014-06-22,Flood
INDOFLOODS-gauge-349-153,INDOFLOODS-gauge-349,14.0_74.0,14.0,74.0,MAPPED,2014-07-13,2014-07-26,Flood
INDOFLOODS-gauge-349-154,INDOFLOODS-gauge-349,14.0_74.0,14.0,74.0,MAPPED,2014-07-30,2014-08-09,Severe Flood
INDOFLOODS-gauge-349-155,INDOFLOODS-gauge-349,14.0_74.0,14.0,74.0,MAPPED,2014-08-12,2014-08-12,Flood
INDOFLOODS-gauge-349-156,INDOFLOODS-gauge-349,14.0_74.0,14.0,74.0,MAPPED,2014-08-26,2014-08-26,Flood
INDOFLOODS-gauge-349-157,INDOFLOODS-gauge-349,14.0_74.0,14.0,74.0,MAPPED,2014-08-29,2014-08-29,Flood
INDOFLOODS-gauge-349-158,INDOFLOODS-gauge-349,14.0_74.0,14.0,74.0,MAPPED,2014-08-31,2014-09-02,Flood
INDOFLOODS-gauge-349-159,INDOFLOODS-gauge-349,14.0_74.0,14.0,74.0,MAPPED,2014-09-05,2014-09-05,Flood
INDOFLOODS-gauge-349-16,INDOFLOODS-gauge-349,14.0_74.0,14.0,74.0,MAPPED,1990-09-06,1990-09-06,Flood
INDOFLOODS-gauge-349-160,INDOFLOODS-gauge-349,14.0_74.0,14.0,74.0,MAPPED,2014-09-07,2014-09-07,Flood
INDOFLOODS-gauge-349-161,INDOFLOODS-gauge-349,14.0_74.0,14.0,74.0,MAPPED,2015-07-20,2015-07-20,Flood
INDOFLOODS-gauge-349-162,INDOFLOODS-gauge-349,14.0_74.0,14.0,74.0,MAPPED,2016-06-29,2016-06-30,Flood
INDOFLOODS-gauge-349-163,INDOFLOODS-gauge-349,14.0_74.0,14.0,74.0,MAPPED,2016-07-05,2016-07-05,Flood
INDOFLOODS-gauge-349-164,INDOFLOODS-gauge-349,14.0_74.0,14.0,74.0,MAPPED,2016-08-04,2016-08-05,Flood
INDOFLOODS-gauge-349-165,INDOFLOODS-gauge-349,14.0_74.0,14.0,74.0,MAPPED,2017-07-02,2017-07-02,Flood
INDOFLOODS-gauge-349-166,INDOFLOODS-gauge-349,14.0_74.0,14.0,74.0,MAPPED,2017-07-19,2017-07-22,Flood
INDOFLOODS-gauge-349-167,INDOFLOODS-gauge-349,14.0_74.0,14.0,74.0,MAPPED,2017-08-29,2017-08-30,Flood
INDOFLOODS-gauge-349-168,INDOFLOODS-gauge-349,14.0_74.0,14.0,74.0,MAPPED,2018-07-06,2018-07-23,Flood
INDOFLOODS-gauge-349-169,INDOFLOODS-gauge-349,14.0_74.0,14.0,74.0,MAPPED,2019-08-02,2019-08-20,Severe Flood
INDOFLOODS-gauge-349-17,INDOFLOODS-gauge-349,14.0_74.0,14.0,74.0,MAPPED,1991-06-10,1991-06-11,Flood
INDOFLOODS-gauge-349-18,INDOFLOODS-gauge-349,14.0_74.0,14.0,74.0,MAPPED,1991-07-09,1991-07-09,Flood
INDOFLOODS-gauge-349-19,INDOFLOODS-gauge-349,14.0_74.0,14.0,74.0,MAPPED,1991-07-12,1991-07-13,Flood
INDOFLOODS-gauge-349-2,INDOFLOODS-gauge-349,14.0_74.0,14.0,74.0,MAPPED,1988-07-16,1988-07-21,Severe Flood
INDOFLOODS-gauge-349-20,INDOFLOODS-gauge-349,14.0_74.0,14.0,74.0,MAPPED,1991-07-15,1991-07-19,Flood
INDOFLOODS-gauge-349-21,INDOFLOODS-gauge-349,14.0_74.0,14.0,74.0,MAPPED,1991-07-21,1991-07-22,Flood
INDOFLOODS-gauge-349-22,INDOFLOODS-gauge-349,14.0_74.0,14.0,74.0,MAPPED,1991-07-24,1991-08-02,Flood
INDOFLOODS-gauge-349-23,INDOFLOODS-gauge-349,14.0_74.0,14.0,74.0,MAPPED,1991-08-14,1991-08-18,Flood
INDOFLOODS-gauge-349-24,INDOFLOODS-gauge-349,14.0_74.0,14.0,74.0,MAPPED,1992-06-20,1992-06-20,Flood
INDOFLOODS-gauge-349-25,INDOFLOODS-gauge-349,14.0_74.0,14.0,74.0,MAPPED,1992-06-29,1992-06-29,Flood
INDOFLOODS-gauge-349-26,INDOFLOODS-gauge-349,14.0_74.0,14.0,74.0,MAPPED,1992-07-18,1992-07-24,Severe Flood
INDOFLOODS-gauge-349-27,INDOFLOODS-gauge-349,14.0_74.0,14.0,74.0,MAPPED,1992-07-26,1992-07-27,Flood
INDOFLOODS-gauge-349-28,INDOFLOODS-gauge-349,14.0_74.0,14.0,74.0,MAPPED,1992-07-29,1992-07-29,Flood
INDOFLOODS-gauge-349-29,INDOFLOODS-gauge-349,14.0_74.0,14.0,74.0,MAPPED,1992-08-13,1992-08-20,Flood
INDOFLOODS-gauge-349-3,INDOFLOODS-gauge-349,14.0_74.0,14.0,74.0,MAPPED,1988-08-03,1988-08-06,Severe Flood
INDOFLOODS-gauge-349-30,INDOFLOODS-gauge-349,14.0_74.0,14.0,74.0,MAPPED,1992-11-17,1992-11-17,Flood
INDOFLOODS-gauge-349-31,INDOFLOODS-gauge-349,14.0_74.0,14.0,74.0,MAPPED,1993-07-11,1993-07-12,Flood
INDOFLOODS-gauge-349-32,INDOFLOODS-gauge-349,14.0_74.0,14.0,74.0,MAPPED,1993-07-14,1993-07-17,Flood
INDOFLOODS-gauge-349-33,INDOFLOODS-gauge-349,14.0_74.0,14.0,74.0,MAPPED,1993-07-31,1993-08-02,Flood
INDOFLOODS-gauge-349-34,INDOFLOODS-gauge-349,14.0_74.0,14.0,74.0,MAPPED,1993-08-12,1993-08-16,Flood
INDOFLOODS-gauge-349-35,INDOFLOODS-gauge-349,14.0_74.0,14.0,74.0,MAPPED,1994-06-29,1994-07-01,Flood
INDOFLOODS-gauge-349-36,INDOFLOODS-gauge-349,14.0_74.0,14.0,74.0,MAPPED,1994-07-03,1994-07-03,Flood
INDOFLOODS-gauge-349-37,INDOFLOODS-gauge-349,14.0_74.0,14.0,74.0,MAPPED,1994-07-11,1994-07-26,Severe Flood
INDOFLOODS-gauge-349-38,INDOFLOODS-gauge-349,14.0_74.0,14.0,74.0,MAPPED,1994-07-30,1994-07-30,Flood
INDOFLOODS-gauge-349-39,INDOFLOODS-gauge-349,14.0_74.0,14.0,74.0,MAPPED,1994-08-01,1994-08-01,Flood
INDOFLOODS-gauge-349-4,INDOFLOODS-gauge-349,14.0_74.0,14.0,74.0,MAPPED,1988-08-09,1988-08-09,Flood
INDOFLOODS-gauge-349-40,INDOFLOODS-gauge-349,14.0_74.0,14.0,74.0,MAPPED,1994-08-12,1994-08-12,Flood
INDOFLOODS-gauge-349-41,INDOFLOODS-gauge-349,14.0_74.0,14.0,74.0,MAPPED,1994-08-26,1994-08-31,Flood
INDOFLOODS-gauge-349-42,INDOFLOODS-gauge-349,14.0_74.0,14.0,74.0,MAPPED,1994-09-02,1994-09-03,Flood
INDOFLOODS-gauge-349-43,INDOFLOODS-gauge-349,14.0_74.0,14.0,74.0,MAPPED,1994-09-05,1994-09-07,Flood
INDOFLOODS-gauge-349-44,INDOFLOODS-gauge-349,14.0_74.0,14.0,74.0,MAPPED,1995-07-17,1995-07-17,Flood
INDOFLOODS-gauge-349-45,INDOFLOODS-gauge-349,14.0_74.0,14.0,74.0,MAPPED,1995-07-19,1995-07-23,Flood
INDOFLOODS-gauge-349-46,INDOFLOODS-gauge-349,14.0_74.0,14.0,74.0,MAPPED,1995-08-03,1995-08-03,Flood
INDOFLOODS-gauge-349-47,INDOFLOODS-gauge-349,14.0_74.0,14.0,74.0,MAPPED,1995-08-05,1995-08-05,Flood
INDOFLOODS-gauge-349-48,INDOFLOODS-gauge-349,14.0_74.0,14.0,74.0,MAPPED,1995-08-10,1995-08-10,Flood
INDOFLOODS-gauge-349-49,INDOFLOODS-gauge-349,14.0_74.0,14.0,74.0,MAPPED,1995-09-01,1995-09-03,Flood
INDOFLOODS-gauge-349-5,INDOFLOODS-gauge-349,14.0_74.0,14.0,74.0,MAPPED,1988-08-19,1988-08-21,Severe Flood
INDOFLOODS-gauge-349-50,INDOFLOODS-gauge-349,14.0_74.0,14.0,74.0,MAPPED,1996-06-18,1996-06-20,Flood
INDOFLOODS-gauge-349-51,INDOFLOODS-gauge-349,14.0_74.0,14.0,74.0,MAPPED,1996-07-18,1996-07-28,Flood
INDOFLOODS-gauge-349-52,INDOFLOODS-gauge-349,14.0_74.0,14.0,74.0,MAPPED,1996-07-31,1996-08-01,Flood
INDOFLOODS-gauge-349-53,INDOFLOODS-gauge-349,14.0_74.0,14.0,74.0,MAPPED,1997-06-29,1997-07-01,Flood
INDOFLOODS-gauge-349-54,INDOFLOODS-gauge-349,14.0_74.0,14.0,74.0,MAPPED,1997-07-06,1997-07-06,Flood
INDOFLOODS-gauge-349-55,INDOFLOODS-gauge-349,14.0_74.0,14.0,74.0,MAPPED,1997-07-08,1997-07-13,Flood
INDOFLOODS-gauge-349-56,INDOFLOODS-gauge-349,14.0_74.0,14.0,74.0,MAPPED,1997-07-18,1997-07-18,Flood
INDOFLOODS-gauge-349-57,INDOFLOODS-gauge-349,14.0_74.0,14.0,74.0,MAPPED,1997-07-25,1997-07-27,Flood
INDOFLOODS-gauge-349-58,INDOFLOODS-gauge-349,14.0_74.0,14.0,74.0,MAPPED,1997-07-30,1997-08-03,Flood
INDOFLOODS-gauge-349-59,INDOFLOODS-gauge-349,14.0_74.0,14.0,74.0,MAPPED,1997-08-06,1997-08-09,Flood
INDOFLOODS-gauge-349-6,INDOFLOODS-gauge-349,14.0_74.0,14.0,74.0,MAPPED,1989-06-13,1989-06-13,Flood
INDOFLOODS-gauge-349-60,INDOFLOODS-gauge-349,14.0_74.0,14.0,74.0,MAPPED,1997-08-22,1997-08-27,Flood
INDOFLOODS-gauge-349-61,INDOFLOODS-gauge-349,14.0_74.0,14.0,74.0,MAPPED,1998-06-29,1998-07-06,Flood
INDOFLOODS-gauge-349-62,INDOFLOODS-gauge-349,14.0_74.0,14.0,74.0,MAPPED,1998-07-08,1998-07-10,Flood
INDOFLOODS-gauge-349-63,INDOFLOODS-gauge-349,14.0_74.0,14.0,74.0,MAPPED,1998-07-25,1998-07-25,Flood
INDOFLOODS-gauge-349-64,INDOFLOODS-gauge-349,14.0_74.0,14.0,74.0,MAPPED,1998-07-29,1998-07-29,Flood
INDOFLOODS-gauge-349-65,INDOFLOODS-gauge-349,14.0_74.0,14.0,74.0,MAPPED,1998-08-11,1998-08-11,Flood
INDOFLOODS-gauge-349-66,INDOFLOODS-gauge-349,14.0_74.0,14.0,74.0,MAPPED,1998-08-13,1998-08-13,Flood
INDOFLOODS-gauge-349-67,INDOFLOODS-gauge-349,14.0_74.0,14.0,74.0,MAPPED,1998-08-26,1998-08-26,Flood
INDOFLOODS-gauge-349-68,INDOFLOODS-gauge-349,14.0_74.0,14.0,74.0,MAPPED,1998-09-13,1998-09-13,Flood
INDOFLOODS-gauge-349-69,INDOFLOODS-gauge-349,14.0_74.0,14.0,74.0,MAPPED,1999-06-12,1999-06-13,Flood
INDOFLOODS-gauge-349-7,INDOFLOODS-gauge-349,14.0_74.0,14.0,74.0,MAPPED,1989-07-22,1989-07-26,Flood
INDOFLOODS-gauge-349-70,INDOFLOODS-gauge-349,14.0_74.0,14.0,74.0,MAPPED,1999-06-20,1999-06-20,Flood
INDOFLOODS-gauge-349-71,INDOFLOODS-gauge-349,14.0_74.0,14.0,74.0,MAPPED,1999-07-11,1999-07-11,Flood
INDOFLOODS-gauge-349-72,INDOFLOODS-gauge-349,14.0_74.0,14.0,74.0,MAPPED,1999-07-14,1999-07-29,Severe Flood
INDOFLOODS-gauge-349-73,INDOFLOODS-gauge-349,14.0_74.0,14.0,74.0,MAPPED,1999-08-07,1999-08-08,Flood
INDOFLOODS-gauge-349-74,INDOFLOODS-gauge-349,14.0_74.0,14.0,74.0,MAPPED,2000-06-12,2000-06-12,Flood
INDOFLOODS-gauge-349-75,INDOFLOODS-gauge-349,14.0_74.0,14.0,74.0,MAPPED,2000-07-05,2000-07-05,Flood
INDOFLOODS-gauge-349-76,INDOFLOODS-gauge-349,14.0_74.0,14.0,74.0,MAPPED,2000-07-08,2000-07-15,Severe Flood
INDOFLOODS-gauge-349-77,INDOFLOODS-gauge-349,14.0_74.0,14.0,74.0,MAPPED,2000-07-18,2000-07-19,Flood
INDOFLOODS-gauge-349-78,INDOFLOODS-gauge-349,14.0_74.0,14.0,74.0,MAPPED,2000-08-11,2000-08-13,Flood
INDOFLOODS-gauge-349-79,INDOFLOODS-gauge-349,14.0_74.0,14.0,74.0,MAPPED,2000-08-19,2000-08-19,Flood
INDOFLOODS-gauge-349-8,INDOFLOODS-gauge-349,14.0_74.0,14.0,74.0,MAPPED,1990-06-15,1990-06-15,Flood
INDOFLOODS-gauge-349-80,INDOFLOODS-gauge-349,14.0_74.0,14.0,74.0,MAPPED,2000-08-22,2000-08-28,Flood
INDOFLOODS-gauge-349-81,INDOFLOODS-gauge-349,14.0_74.0,14.0,74.0,MAPPED,2000-08-31,2000-08-31,Flood
INDOFLOODS-gauge-349-82,INDOFLOODS-gauge-349,14.0_74.0,14.0,74.0,MAPPED,2000-09-02,2000-09-04,Flood
INDOFLOODS-gauge-349-83,INDOFLOODS-gauge-349,14.0_74.0,14.0,74.0,MAPPED,2001-07-05,2001-07-05,Flood
INDOFLOODS-gauge-349-84,INDOFLOODS-gauge-349,14.0_74.0,14.0,74.0,MAPPED,2001-07-09,2001-07-10,Flood
INDOFLOODS-gauge-349-85,INDOFLOODS-gauge-349,14.0_74.0,14.0,74.0,MAPPED,2001-08-18,2001-08-18,Flood
INDOFLOODS-gauge-349-86,INDOFLOODS-gauge-349,14.0_74.0,14.0,74.0,MAPPED,2002-07-11,2002-07-11,Flood
INDOFLOODS-gauge-349-87,INDOFLOODS-gauge-349,14.0_74.0,14.0,74.0,MAPPED,2002-08-09,2002-08-15,Flood
INDOFLOODS-gauge-349-88,INDOFLOODS-gauge-349,14.0_74.0,14.0,74.0,MAPPED,2002-08-17,2002-08-19,Flood
INDOFLOODS-gauge-349-89,INDOFLOODS-gauge-349,14.0_74.0,14.0,74.0,MAPPED,2003-06-23,2003-06-23,Flood
INDOFLOODS-gauge-349-9,INDOFLOODS-gauge-349,14.0_74.0,14.0,74.0,MAPPED,1990-06-30,1990-07-04,Flood
INDOFLOODS-gauge-349-90,INDOFLOODS-gauge-349,14.0_74.0,14.0,74.0,MAPPED,2003-06-30,2003-07-01,Flood
INDOFLOODS-gauge-349-91,INDOFLOODS-gauge-349,14.0_74.0,14.0,74.0,MAPPED,2003-07-06,2003-07-07,Flood
INDOFLOODS-gauge-349-92,INDOFLOODS-gauge-349,14.0_74.0,14.0,74.0,MAPPED,2003-07-24,2003-07-24,Flood
INDOFLOODS-gauge-349-93,INDOFLOODS-gauge-349,14.0_74.0,14.0,74.0,MAPPED,2003-07-26,2003-07-29,Flood
INDOFLOODS-gauge-349-94,INDOFLOODS-gauge-349,14.0_74.0,14.0,74.0,MAPPED,2003-08-07,2003-08-07,Flood
INDOFLOODS-gauge-349-95,INDOFLOODS-gauge-349,14.0_74.0,14.0,74.0,MAPPED,2004-07-29,2004-07-31,Flood
INDOFLOODS-gauge-349-96,INDOFLOODS-gauge-349,14.0_74.0,14.0,74.0,MAPPED,2004-08-03,2004-08-07,Flood
INDOFLOODS-gauge-349-97,INDOFLOODS-gauge-349,14.0_74.0,14.0,74.0,MAPPED,2004-08-12,2004-08-15,Flood
INDOFLOODS-gauge-349-98,INDOFLOODS-gauge-349,14.0_74.0,14.0,74.0,MAPPED,2005-06-29,2005-07-01,Flood
INDOFLOODS-gauge-349-99,INDOFLOODS-gauge-349,14.0_74.0,14.0,74.0,MAPPED,2005-07-05,2005-07-05,Flood
INDOFLOODS-gauge-355-1,INDOFLOODS-gauge-355,12.0_75.0,12.0,75.0,MAPPED,2004-06-16,2004-06-16,Flood
INDOFLOODS-gauge-355-10,INDOFLOODS-gauge-355,12.0_75.0,12.0,75.0,MAPPED,2007-06-29,2007-07-05,Flood
INDOFLOODS-gauge-355-11,INDOFLOODS-gauge-355,12.0_75.0,12.0,75.0,MAPPED,2007-07-07,2007-07-12,Flood
INDOFLOODS-gauge-355-12,INDOFLOODS-gauge-355,12.0_75.0,12.0,75.0,MAPPED,2007-07-16,2007-07-16,Flood
INDOFLOODS-gauge-355-13,INDOFLOODS-gauge-355,12.0_75.0,12.0,75.0,MAPPED,2007-08-05,2007-08-12,Flood
INDOFLOODS-gauge-355-14,INDOFLOODS-gauge-355,12.0_75.0,12.0,75.0,MAPPED,2007-08-22,2007-08-22,Flood
INDOFLOODS-gauge-355-15,INDOFLOODS-gauge-355,12.0_75.0,12.0,75.0,MAPPED,2007-09-25,2007-09-25,Flood
INDOFLOODS-gauge-355-16,INDOFLOODS-gauge-355,12.0_75.0,12.0,75.0,MAPPED,2007-10-28,2007-10-28,Flood
INDOFLOODS-gauge-355-17,INDOFLOODS-gauge-355,12.0_75.0,12.0,75.0,MAPPED,2008-07-29,2008-07-29,Flood
INDOFLOODS-gauge-355-18,INDOFLOODS-gauge-355,12.0_75.0,12.0,75.0,MAPPED,2008-07-31,2008-07-31,Flood
INDOFLOODS-gauge-355-19,INDOFLOODS-gauge-355,12.0_75.0,12.0,75.0,MAPPED,2008-08-11,2008-08-15,Flood
INDOFLOODS-gauge-355-2,INDOFLOODS-gauge-355,12.0_75.0,12.0,75.0,MAPPED,2004-08-05,2004-08-05,Flood
INDOFLOODS-gauge-355-20,INDOFLOODS-gauge-355,12.0_75.0,12.0,75.0,MAPPED,2009-07-15,2009-07-19,Flood
INDOFLOODS-gauge-355-21,INDOFLOODS-gauge-355,12.0_75.0,12.0,75.0,MAPPED,2009-07-22,2009-07-22,Flood
INDOFLOODS-gauge-355-22,INDOFLOODS-gauge-355,12.0_75.0,12.0,75.0,MAPPED,2011-09-03,2011-09-04,Flood
INDOFLOODS-gauge-355-23,INDOFLOODS-gauge-355,12.0_75.0,12.0,75.0,MAPPED,2012-08-06,2012-08-06,Flood
INDOFLOODS-gauge-355-24,INDOFLOODS-gauge-355,12.0_75.0,12.0,75.0,MAPPED,2013-07-25,2013-07-26,Flood
INDOFLOODS-gauge-355-25,INDOFLOODS-gauge-355,12.0_75.0,12.0,75.0,MAPPED,2013-07-28,2013-07-28,Flood
INDOFLOODS-gauge-355-26,INDOFLOODS-gauge-355,12.0_75.0,12.0,75.0,MAPPED,2013-08-01,2013-08-04,Severe Flood
INDOFLOODS-gauge-355-27,INDOFLOODS-gauge-355,12.0_75.0,12.0,75.0,MAPPED,2014-07-31,2014-08-02,Flood
INDOFLOODS-gauge-355-28,INDOFLOODS-gauge-355,12.0_75.0,12.0,75.0,MAPPED,2014-08-06,2014-08-06,Flood
INDOFLOODS-gauge-355-29,INDOFLOODS-gauge-355,12.0_75.0,12.0,75.0,MAPPED,2015-06-22,2015-06-22,Flood
INDOFLOODS-gauge-355-3,INDOFLOODS-gauge-355,12.0_75.0,12.0,75.0,MAPPED,2005-07-26,2005-07-28,Flood
INDOFLOODS-gauge-355-30,INDOFLOODS-gauge-355,12.0_75.0,12.0,75.0,MAPPED,2018-07-14,2018-07-14,Flood
INDOFLOODS-gauge-355-31,INDOFLOODS-gauge-355,12.0_75.0,12.0,75.0,MAPPED,2019-08-08,2019-08-08,Severe Flood
INDOFLOODS-gauge-355-4,INDOFLOODS-gauge-355,12.0_75.0,12.0,75.0,MAPPED,2005-07-31,2005-08-04,Flood
INDOFLOODS-gauge-355-5,INDOFLOODS-gauge-355,12.0_75.0,12.0,75.0,MAPPED,2006-07-03,2006-07-06,Flood
INDOFLOODS-gauge-355-6,INDOFLOODS-gauge-355,12.0_75.0,12.0,75.0,MAPPED,2006-07-19,2006-07-20,Flood
INDOFLOODS-gauge-355-7,INDOFLOODS-gauge-355,12.0_75.0,12.0,75.0,MAPPED,2006-08-12,2006-08-12,Flood
INDOFLOODS-gauge-355-8,INDOFLOODS-gauge-355,12.0_75.0,12.0,75.0,MAPPED,2006-08-17,2006-08-18,Flood
INDOFLOODS-gauge-355-9,INDOFLOODS-gauge-355,12.0_75.0,12.0,75.0,MAPPED,2007-06-24,2007-06-24,Flood
INDOFLOODS-gauge-361-1,INDOFLOODS-gauge-361,12.0_77.0,12.0,77.0,MAPPED,1978-09-26,1978-09-28,Severe Flood
INDOFLOODS-gauge-361-10,INDOFLOODS-gauge-361,12.0_77.0,12.0,77.0,MAPPED,1980-09-21,1980-09-26,Severe Flood
INDOFLOODS-gauge-361-100,INDOFLOODS-gauge-361,12.0_77.0,12.0,77.0,MAPPED,1996-09-22,1996-10-04,Severe Flood
INDOFLOODS-gauge-361-101,INDOFLOODS-gauge-361,12.0_77.0,12.0,77.0,MAPPED,1996-10-11,1996-10-23,Severe Flood
INDOFLOODS-gauge-361-102,INDOFLOODS-gauge-361,12.0_77.0,12.0,77.0,MAPPED,1996-12-10,1996-12-12,Flood
INDOFLOODS-gauge-361-103,INDOFLOODS-gauge-361,12.0_77.0,12.0,77.0,MAPPED,1997-09-14,1997-09-20,Severe Flood
INDOFLOODS-gauge-361-104,INDOFLOODS-gauge-361,12.0_77.0,12.0,77.0,MAPPED,1997-10-02,1997-10-05,Severe Flood
INDOFLOODS-gauge-361-105,INDOFLOODS-gauge-361,12.0_77.0,12.0,77.0,MAPPED,1997-10-10,1997-10-10,Flood
INDOFLOODS-gauge-361-106,INDOFLOODS-gauge-361,12.0_77.0,12.0,77.0,MAPPED,1997-10-25,1997-10-27,Severe Flood
INDOFLOODS-gauge-361-107,INDOFLOODS-gauge-361,12.0_77.0,12.0,77.0,MAPPED,1997-10-31,1997-11-05,Severe Flood
INDOFLOODS-gauge-361-108,INDOFLOODS-gauge-361,12.0_77.0,12.0,77.0,MAPPED,1997-11-12,1997-11-12,Flood
INDOFLOODS-gauge-361-109,INDOFLOODS-gauge-361,12.0_77.0,12.0,77.0,MAPPED,1997-11-26,1997-11-29,Severe Flood
INDOFLOODS-gauge-361-11,INDOFLOODS-gauge-361,12.0_77.0,12.0,77.0,MAPPED,1980-10-02,1980-10-05,Severe Flood
INDOFLOODS-gauge-361-110,INDOFLOODS-gauge-361,12.0_77.0,12.0,77.0,MAPPED,1997-12-10,1997-12-11,Severe Flood
INDOFLOODS-gauge-361-111,INDOFLOODS-gauge-361,12.0_77.0,12.0,77.0,MAPPED,1998-07-19,1998-07-20,Severe Flood
INDOFLOODS-gauge-361-112,INDOFLOODS-gauge-361,12.0_77.0,12.0,77.0,MAPPED,1998-08-17,1998-08-23,Severe Flood
INDOFLOODS-gauge-361-113,INDOFLOODS-gauge-361,12.0_77.0,12.0,77.0,MAPPED,1998-08-25,1998-08-26,Severe Flood
INDOFLOODS-gauge-361-114,INDOFLOODS-gauge-361,12.0_77.0,12.0,77.0,MAPPED,1998-09-04,1998-09-05,Flood
INDOFLOODS-gauge-361-115,INDOFLOODS-gauge-361,12.0_77.0,12.0,77.0,MAPPED,1998-09-24,1998-10-01,Severe Flood
INDOFLOODS-gauge-361-116,INDOFLOODS-gauge-361,12.0_77.0,12.0,77.0,MAPPED,1998-10-04,1998-10-07,Severe Flood
INDOFLOODS-gauge-361-117,INDOFLOODS-gauge-361,12.0_77.0,12.0,77.0,MAPPED,1998-10-10,1998-10-16,Severe Flood
INDOFLOODS-gauge-361-118,INDOFLOODS-gauge-361,12.0_77.0,12.0,77.0,MAPPED,1998-10-26,1998-10-26,Severe Flood
INDOFLOODS-gauge-361-119,INDOFLOODS-gauge-361,12.0_77.0,12.0,77.0,MAPPED,1998-11-02,1998-11-04,Severe Flood
INDOFLOODS-gauge-361-12,INDOFLOODS-gauge-361,12.0_77.0,12.0,77.0,MAPPED,1980-10-12,1980-10-12,Flood
INDOFLOODS-gauge-361-120,INDOFLOODS-gauge-361,12.0_77.0,12.0,77.0,MAPPED,1998-11-08,1998-11-11,Severe Flood
INDOFLOODS-gauge-361-121,INDOFLOODS-gauge-361,12.0_77.0,12.0,77.0,MAPPED,1999-10-01,1999-10-05,Severe Flood
INDOFLOODS-gauge-361-122,INDOFLOODS-gauge-361,12.0_77.0,12.0,77.0,MAPPED,1999-10-14,1999-10-14,Severe Flood
INDOFLOODS-gauge-361-123,INDOFLOODS-gauge-361,12.0_77.0,12.0,77.0,MAPPED,1999-10-16,1999-10-18,Severe Flood
INDOFLOODS-gauge-361-124,INDOFLOODS-gauge-361,12.0_77.0,12.0,77.0,MAPPED,1999-10-24,1999-10-31,Severe Flood
INDOFLOODS-gauge-361-125,INDOFLOODS-gauge-361,12.0_77.0,12.0,77.0,MAPPED,1999-11-21,1999-11-25,Severe Flood
INDOFLOODS-gauge-361-126,INDOFLOODS-gauge-361,12.0_77.0,12.0,77.0,MAPPED,2000-08-04,2000-08-07,Severe Flood
INDOFLOODS-gauge-361-127,INDOFLOODS-gauge-361,12.0_77.0,12.0,77.0,MAPPED,2000-09-15,2000-09-24,Severe Flood
INDOFLOODS-gauge-361-128,INDOFLOODS-gauge-361,12.0_77.0,12.0,77.0,MAPPED,2000-09-30,2000-11-01,Severe Flood
INDOFLOODS-gauge-361-129,INDOFLOODS-gauge-361,12.0_77.0,12.0,77.0,MAPPED,2001-09-19,2001-09-19,Severe Flood
INDOFLOODS-gauge-361-13,INDOFLOODS-gauge-361,12.0_77.0,12.0,77.0,MAPPED,1980-10-23,1980-10-26,Severe Flood
INDOFLOODS-gauge-361-130,INDOFLOODS-gauge-361,12.0_77.0,12.0,77.0,MAPPED,2001-09-26,2001-09-27,Severe Flood
INDOFLOODS-gauge-361-131,INDOFLOODS-gauge-361,12.0_77.0,12.0,77.0,MAPPED,2001-09-29,2001-09-29,Flood
INDOFLOODS-gauge-361-132,INDOFLOODS-gauge-361,12.0_77.0,12.0,77.0,MAPPED,2001-10-02,2001-10-02,Flood
INDOFLOODS-gauge-361-133,INDOFLOODS-gauge-361,12.0_77.0,12.0,77.0,MAPPED,2001-10-13,2001-10-18,Severe Flood
INDOFLOODS-gauge-361-134,INDOFLOODS-gauge-361,12.0_77.0,12.0,77.0,MAPPED,2001-10-26,2001-10-28,Severe Flood
INDOFLOODS-gauge-361-135,INDOFLOODS-gauge-361,12.0_77.0,12.0,77.0,MAPPED,2001-11-07,2001-11-09,Severe Flood
INDOFLOODS-gauge-361-136,INDOFLOODS-gauge-361,12.0_77.0,12.0,77.0,MAPPED,2002-10-11,2002-10-11,Severe Flood
INDOFLOODS-gauge-361-137,INDOFLOODS-gauge-361,12.0_77.0,12.0,77.0,MAPPED,2002-10-31,2002-10-31,Severe Flood
INDOFLOODS-gauge-361-138,INDOFLOODS-gauge-361,12.0_77.0,12.0,77.0,MAPPED,2003-10-02,2003-10-02,Flood
INDOFLOODS-gauge-361-139,INDOFLOODS-gauge-361,12.0_77.0,12.0,77.0,MAPPED,2003-10-21,2003-10-22,Severe Flood
INDOFLOODS-gauge-361-14,INDOFLOODS-gauge-361,12.0_77.0,12.0,77.0,MAPPED,1980-11-14,1980-11-17,Severe Flood
INDOFLOODS-gauge-361-140,INDOFLOODS-gauge-361,12.0_77.0,12.0,77.0,MAPPED,2004-07-12,2004-07-12,Severe Flood
INDOFLOODS-gauge-361-141,INDOFLOODS-gauge-361,12.0_77.0,12.0,77.0,MAPPED,2004-09-05,2004-09-05,Flood
INDOFLOODS-gauge-361-142,INDOFLOODS-gauge-361,12.0_77.0,12.0,77.0,MAPPED,2004-09-07,2004-09-08,Severe Flood
INDOFLOODS-gauge-361-143,INDOFLOODS-gauge-361,12.0_77.0,12.0,77.0,MAPPED,2004-09-16,2004-09-17,Severe Flood
INDOFLOODS-gauge-361-144,INDOFLOODS-gauge-361,12.0_77.0,12.0,77.0,MAPPED,2004-10-03,2004-10-04,Severe Flood
INDOFLOODS-gauge-361-145,INDOFLOODS-gauge-361,12.0_77.0,12.0,77.0,MAPPED,2004-10-15,2004-10-18,Severe Flood
INDOFLOODS-gauge-361-146,INDOFLOODS-gauge-361,12.0_77.0,12.0,77.0,MAPPED,2005-08-24,2005-09-05,Severe Flood
INDOFLOODS-gauge-361-147,INDOFLOODS-gauge-361,12.0_77.0,12.0,77.0,MAPPED,2005-10-14,2005-10-29,Severe Flood
INDOFLOODS-gauge-361-148,INDOFLOODS-gauge-361,12.0_77.0,12.0,77.0,MAPPED,2005-11-03,2005-11-05,Severe Flood
INDOFLOODS-gauge-361-149,INDOFLOODS-gauge-361,12.0_77.0,12.0,77.0,MAPPED,2006-10-10,2006-10-10,Severe Flood
INDOFLOODS-gauge-361-15,INDOFLOODS-gauge-361,12.0_77.0,12.0,77.0,MAPPED,1981-05-31,1981-05-31,Flood
INDOFLOODS-gauge-361-150,INDOFLOODS-gauge-361,12.0_77.0,12.0,77.0,MAPPED,2006-11-04,2006-11-05,Severe Flood
INDOFLOODS-gauge-361-151,INDOFLOODS-gauge-361,12.0_77.0,12.0,77.0,MAPPED,2006-11-07,2006-11-08,Severe Flood
INDOFLOODS-gauge-361-152,INDOFLOODS-gauge-361,12.0_77.0,12.0,77.0,MAPPED,2007-08-25,2007-08-27,Severe Flood
INDOFLOODS-gauge-361-153,INDOFLOODS-gauge-361,12.0_77.0,12.0,77.0,MAPPED,2007-09-11,2007-09-11,Severe Flood
INDOFLOODS-gauge-361-154,INDOFLOODS-gauge-361,12.0_77.0,12.0,77.0,MAPPED,2007-09-16,2007-09-19,Severe Flood
INDOFLOODS-gauge-361-155,INDOFLOODS-gauge-361,12.0_77.0,12.0,77.0,MAPPED,2007-10-20,2007-10-26,Severe Flood
INDOFLOODS-gauge-361-156,INDOFLOODS-gauge-361,12.0_77.0,12.0,77.0,MAPPED,2007-10-28,2007-10-29,Severe Flood
INDOFLOODS-gauge-361-157,INDOFLOODS-gauge-361,12.0_77.0,12.0,77.0,MAPPED,2007-11-05,2007-11-08,Severe Flood
INDOFLOODS-gauge-361-158,INDOFLOODS-gauge-361,12.0_77.0,12.0,77.0,MAPPED,2008-03-16,2008-03-18,Severe Flood
INDOFLOODS-gauge-361-159,INDOFLOODS-gauge-361,12.0_77.0,12.0,77.0,MAPPED,2008-06-06,2008-06-06,Flood
INDOFLOODS-gauge-361-16,INDOFLOODS-gauge-361,12.0_77.0,12.0,77.0,MAPPED,1981-08-29,1981-08-31,Severe Flood
INDOFLOODS-gauge-361-160,INDOFLOODS-gauge-361,12.0_77.0,12.0,77.0,MAPPED,2008-08-28,2008-08-31,Severe Flood
INDOFLOODS-gauge-361-161,INDOFLOODS-gauge-361,12.0_77.0,12.0,77.0,MAPPED,2008-09-04,2008-09-05,Severe Flood
INDOFLOODS-gauge-361-162,INDOFLOODS-gauge-361,12.0_77.0,12.0,77.0,MAPPED,2008-09-08,2008-09-10,Severe Flood
INDOFLOODS-gauge-361-163,INDOFLOODS-gauge-361,12.0_77.0,12.0,77.0,MAPPED,2008-10-16,2008-10-20,Severe Flood
INDOFLOODS-gauge-361-164,INDOFLOODS-gauge-361,12.0_77.0,12.0,77.0,MAPPED,2008-10-23,2008-10-29,Severe Flood
INDOFLOODS-gauge-361-165,INDOFLOODS-gauge-361,12.0_77.0,12.0,77.0,MAPPED,2008-11-30,2008-11-30,Flood
INDOFLOODS-gauge-361-166,INDOFLOODS-gauge-361,12.0_77.0,12.0,77.0,MAPPED,2008-12-02,2008-12-02,Flood
INDOFLOODS-gauge-361-167,INDOFLOODS-gauge-361,12.0_77.0,12.0,77.0,MAPPED,2008-12-11,2008-12-11,Flood
INDOFLOODS-gauge-361-168,INDOFLOODS-gauge-361,12.0_77.0,12.0,77.0,MAPPED,2009-08-19,2009-08-19,Severe Flood
INDOFLOODS-gauge-361-169,INDOFLOODS-gauge-361,12.0_77.0,12.0,77.0,MAPPED,2009-09-13,2009-09-15,Severe Flood
INDOFLOODS-gauge-361-17,INDOFLOODS-gauge-361,12.0_77.0,12.0,77.0,MAPPED,1981-09-04,1981-09-22,Severe Flood
INDOFLOODS-gauge-361-170,INDOFLOODS-gauge-361,12.0_77.0,12.0,77.0,MAPPED,2009-09-17,2009-09-28,Severe Flood
INDOFLOODS-gauge-361-171,INDOFLOODS-gauge-361,12.0_77.0,12.0,77.0,MAPPED,2009-10-14,2009-10-16,Severe Flood
INDOFLOODS-gauge-361-172,INDOFLOODS-gauge-361,12.0_77.0,12.0,77.0,MAPPED,2010-06-04,2010-06-05,Severe Flood
INDOFLOODS-gauge-361-173,INDOFLOODS-gauge-361,12.0_77.0,12.0,77.0,MAPPED,2010-06-08,2010-06-08,Flood
INDOFLOODS-gauge-361-174,INDOFLOODS-gauge-361,12.0_77.0,12.0,77.0,MAPPED,2010-07-13,2010-07-14,Flood
INDOFLOODS-gauge-361-175,INDOFLOODS-gauge-361,12.0_77.0,12.0,77.0,MAPPED,2010-08-25,2010-08-25,Flood
INDOFLOODS-gauge-361-176,INDOFLOODS-gauge-361,12.0_77.0,12.0,77.0,MAPPED,2010-08-29,2010-08-29,Severe Flood
INDOFLOODS-gauge-361-177,INDOFLOODS-gauge-361,12.0_77.0,12.0,77.0,MAPPED,2010-09-14,2010-09-15,Flood
INDOFLOODS-gauge-361-178,INDOFLOODS-gauge-361,12.0_77.0,12.0,77.0,MAPPED,2010-09-24,2010-09-27,Severe Flood
INDOFLOODS-gauge-361-179,INDOFLOODS-gauge-361,12.0_77.0,12.0,77.0,MAPPED,2010-10-04,2010-10-08,Severe Flood
INDOFLOODS-gauge-361-18,INDOFLOODS-gauge-361,12.0_77.0,12.0,77.0,MAPPED,1981-09-26,1981-09-26,Flood
INDOFLOODS-gauge-361-180,INDOFLOODS-gauge-361,12.0_77.0,12.0,77.0,MAPPED,2010-10-10,2010-10-10,Flood
INDOFLOODS-gauge-361-181,INDOFLOODS-gauge-361,12.0_77.0,12.0,77.0,MAPPED,2010-11-03,2010-11-13,Severe Flood
INDOFLOODS-gauge-361-182,INDOFLOODS-gauge-361,12.0_77.0,12.0,77.0,MAPPED,2010-11-15,2010-11-15,Severe Flood
INDOFLOODS-gauge-361-183,INDOFLOODS-gauge-361,12.0_77.0,12.0,77.0,MAPPED,2010-11-17,2010-11-21,Severe Flood
INDOFLOODS-gauge-361-184,INDOFLOODS-gauge-361,12.0_77.0,12.0,77.0,MAPPED,2011-04-23,2011-04-24,Severe Flood
INDOFLOODS-gauge-361-185,INDOFLOODS-gauge-361,12.0_77.0,12.0,77.0,MAPPED,2011-05-26,2011-05-26,Flood
INDOFLOODS-gauge-361-186,INDOFLOODS-gauge-361,12.0_77.0,12.0,77.0,MAPPED,2011-08-19,2011-08-19,Severe Flood
INDOFLOODS-gauge-361-187,INDOFLOODS-gauge-361,12.0_77.0,12.0,77.0,MAPPED,2011-10-02,2011-10-03,Flood
INDOFLOODS-gauge-361-188,INDOFLOODS-gauge-361,12.0_77.0,12.0,77.0,MAPPED,2011-10-11,2011-10-11,Flood
INDOFLOODS-gauge-361-189,INDOFLOODS-gauge-361,12.0_77.0,12.0,77.0,MAPPED,2011-10-14,2011-10-17,Severe Flood
INDOFLOODS-gauge-361-19,INDOFLOODS-gauge-361,12.0_77.0,12.0,77.0,MAPPED,1981-10-05,1981-10-14,Severe Flood
INDOFLOODS-gauge-361-190,INDOFLOODS-gauge-361,12.0_77.0,12.0,77.0,MAPPED,2011-10-27,2011-10-27,Severe Flood
INDOFLOODS-gauge-361-191,INDOFLOODS-gauge-361,12.0_77.0,12.0,77.0,MAPPED,2011-11-03,2011-11-07,Severe Flood
INDOFLOODS-gauge-361-192,INDOFLOODS-gauge-361,12.0_77.0,12.0,77.0,MAPPED,2011-11-30,2011-11-30,Severe Flood
INDOFLOODS-gauge-361-193,INDOFLOODS-gauge-361,12.0_77.0,12.0,77.0,MAPPED,2012-10-17,2012-10-17,Flood
INDOFLOODS-gauge-361-194,INDOFLOODS-gauge-361,12.0_77.0,12.0,77.0,MAPPED,2012-11-02,2012-11-03,Severe Flood
INDOFLOODS-gauge-361-195,INDOFLOODS-gauge-361,12.0_77.0,12.0,77.0,MAPPED,2013-09-04,2013-09-05,Severe Flood
INDOFLOODS-gauge-361-196,INDOFLOODS-gauge-361,12.0_77.0,12.0,77.0,MAPPED,2013-09-07,2013-09-07,Severe Flood
INDOFLOODS-gauge-361-197,INDOFLOODS-gauge-361,12.0_77.0,12.0,77.0,MAPPED,2013-09-09,2013-09-14,Severe Flood
INDOFLOODS-gauge-361-198,INDOFLOODS-gauge-361,12.0_77.0,12.0,77.0,MAPPED,2013-10-21,2013-10-22,Severe Flood
INDOFLOODS-gauge-361-199,INDOFLOODS-gauge-361,12.0_77.0,12.0,77.0,MAPPED,2013-10-24,2013-10-25,Severe Flood
INDOFLOODS-gauge-361-2,INDOFLOODS-gauge-361,12.0_77.0,12.0,77.0,MAPPED,1978-10-18,1978-10-20,Severe Flood
INDOFLOODS-gauge-361-20,INDOFLOODS-gauge-361,12.0_77.0,12.0,77.0,MAPPED,1981-10-28,1981-11-04,Severe Flood
INDOFLOODS-gauge-361-200,INDOFLOODS-gauge-361,12.0_77.0,12.0,77.0,MAPPED,2013-11-05,2013-11-05,Severe Flood
INDOFLOODS-gauge-361-201,INDOFLOODS-gauge-361,12.0_77.0,12.0,77.0,MAPPED,2013-11-25,2013-11-26,Severe Flood
INDOFLOODS-gauge-361-202,INDOFLOODS-gauge-361,12.0_77.0,12.0,77.0,MAPPED,2014-06-04,2014-06-04,Flood
INDOFLOODS-gauge-361-203,INDOFLOODS-gauge-361,12.0_77.0,12.0,77.0,MAPPED,2014-09-24,2014-10-01,Severe Flood
INDOFLOODS-gauge-361-204,INDOFLOODS-gauge-361,12.0_77.0,12.0,77.0,MAPPED,2014-10-06,2014-10-07,Severe Flood
INDOFLOODS-gauge-361-205,INDOFLOODS-gauge-361,12.0_77.0,12.0,77.0,MAPPED,2014-10-10,2014-10-11,Severe Flood
INDOFLOODS-gauge-361-206,INDOFLOODS-gauge-361,12.0_77.0,12.0,77.0,MAPPED,2014-10-20,2014-10-21,Severe Flood
INDOFLOODS-gauge-361-207,INDOFLOODS-gauge-361,12.0_77.0,12.0,77.0,MAPPED,2014-10-25,2014-10-28,Severe Flood
INDOFLOODS-gauge-361-208,INDOFLOODS-gauge-361,12.0_77.0,12.0,77.0,MAPPED,2014-12-12,2014-12-12,Flood
INDOFLOODS-gauge-361-209,INDOFLOODS-gauge-361,12.0_77.0,12.0,77.0,MAPPED,2014-12-16,2014-12-16,Severe Flood
INDOFLOODS-gauge-361-21,INDOFLOODS-gauge-361,12.0_77.0,12.0,77.0,MAPPED,1981-11-08,1981-11-11,Severe Flood
INDOFLOODS-gauge-361-210,INDOFLOODS-gauge-361,12.0_77.0,12.0,77.0,MAPPED,2015-05-20,2015-05-20,Severe Flood
INDOFLOODS-gauge-361-211,INDOFLOODS-gauge-361,12.0_77.0,12.0,77.0,MAPPED,2015-09-08,2015-09-08,Severe Flood
INDOFLOODS-gauge-361-212,INDOFLOODS-gauge-361,12.0_77.0,12.0,77.0,MAPPED,2015-10-06,2015-10-07,Severe Flood
INDOFLOODS-gauge-361-213,INDOFLOODS-gauge-361,12.0_77.0,12.0,77.0,MAPPED,2015-10-13,2015-10-14,Severe Flood
INDOFLOODS-gauge-361-214,INDOFLOODS-gauge-361,12.0_77.0,12.0,77.0,MAPPED,2015-11-02,2015-11-07,Severe Flood
INDOFLOODS-gauge-361-215,INDOFLOODS-gauge-361,12.0_77.0,12.0,77.0,MAPPED,2015-11-11,2015-11-12,Severe Flood
INDOFLOODS-gauge-361-216,INDOFLOODS-gauge-361,12.0_77.0,12.0,77.0,MAPPED,2017-10-06,2017-10-08,Severe Flood
INDOFLOODS-gauge-361-217,INDOFLOODS-gauge-361,12.0_77.0,12.0,77.0,MAPPED,2017-10-12,2017-10-12,Flood
INDOFLOODS-gauge-361-218,INDOFLOODS-gauge-361,12.0_77.0,12.0,77.0,MAPPED,2017-10-16,2017-10-18,Severe Flood
INDOFLOODS-gauge-361-219,INDOFLOODS-gauge-361,12.0_77.0,12.0,77.0,MAPPED,2017-11-25,2017-12-02,Severe Flood
INDOFLOODS-gauge-361-22,INDOFLOODS-gauge-361,12.0_77.0,12.0,77.0,MAPPED,1982-06-11,1982-06-12,Flood
INDOFLOODS-gauge-361-23,INDOFLOODS-gauge-361,12.0_77.0,12.0,77.0,MAPPED,1982-09-19,1982-09-19,Severe Flood
INDOFLOODS-gauge-361-24,INDOFLOODS-gauge-361,12.0_77.0,12.0,77.0,MAPPED,1982-09-21,1982-09-22,Severe Flood
INDOFLOODS-gauge-361-25,INDOFLOODS-gauge-361,12.0_77.0,12.0,77.0,MAPPED,1982-10-20,1982-10-20,Severe Flood
INDOFLOODS-gauge-361-26,INDOFLOODS-gauge-361,12.0_77.0,12.0,77.0,MAPPED,1982-11-06,1982-11-09,Severe Flood
INDOFLOODS-gauge-361-27,INDOFLOODS-gauge-361,12.0_77.0,12.0,77.0,MAPPED,1983-06-14,1983-06-14,Severe Flood
INDOFLOODS-gauge-361-28,INDOFLOODS-gauge-361,12.0_77.0,12.0,77.0,MAPPED,1983-08-21,1983-08-24,Severe Flood
INDOFLOODS-gauge-361-29,INDOFLOODS-gauge-361,12.0_77.0,12.0,77.0,MAPPED,1983-08-28,1983-08-28,Flood
INDOFLOODS-gauge-361-3,INDOFLOODS-gauge-361,12.0_77.0,12.0,77.0,MAPPED,1978-11-08,1978-11-09,Severe Flood
INDOFLOODS-gauge-361-30,INDOFLOODS-gauge-361,12.0_77.0,12.0,77.0,MAPPED,1983-09-07,1983-09-08,Severe Flood
INDOFLOODS-gauge-361-31,INDOFLOODS-gauge-361,12.0_77.0,12.0,77.0,MAPPED,1983-09-11,1983-09-15,Severe Flood
INDOFLOODS-gauge-361-32,INDOFLOODS-gauge-361,12.0_77.0,12.0,77.0,MAPPED,1983-11-03,1983-11-04,Severe Flood
INDOFLOODS-gauge-361-33,INDOFLOODS-gauge-361,12.0_77.0,12.0,77.0,MAPPED,1983-11-06,1983-11-06,Flood
INDOFLOODS-gauge-361-34,INDOFLOODS-gauge-361,12.0_77.0,12.0,77.0,MAPPED,1983-12-24,1983-12-28,Severe Flood
INDOFLOODS-gauge-361-35,INDOFLOODS-gauge-361,12.0_77.0,12.0,77.0,MAPPED,1984-03-06,1984-03-09,Severe Flood
INDOFLOODS-gauge-361-36,INDOFLOODS-gauge-361,12.0_77.0,12.0,77.0,MAPPED,1984-09-24,1984-10-09,Severe Flood
INDOFLOODS-gauge-361-37,INDOFLOODS-gauge-361,12.0_77.0,12.0,77.0,MAPPED,1984-10-29,1984-10-29,Flood
INDOFLOODS-gauge-361-38,INDOFLOODS-gauge-361,12.0_77.0,12.0,77.0,MAPPED,1985-08-24,1985-08-25,Severe Flood
INDOFLOODS-gauge-361-39,INDOFLOODS-gauge-361,12.0_77.0,12.0,77.0,MAPPED,1985-09-24,1985-10-04,Severe Flood
INDOFLOODS-gauge-361-4,INDOFLOODS-gauge-361,12.0_77.0,12.0,77.0,MAPPED,1979-09-03,1979-09-03,Flood
INDOFLOODS-gauge-361-40,INDOFLOODS-gauge-361,12.0_77.0,12.0,77.0,MAPPED,1985-11-10,1985-11-10,Flood
INDOFLOODS-gauge-361-41,INDOFLOODS-gauge-361,12.0_77.0,12.0,77.0,MAPPED,1986-09-16,1986-09-19,Severe Flood
INDOFLOODS-gauge-361-42,INDOFLOODS-gauge-361,12.0_77.0,12.0,77.0,MAPPED,1986-09-23,1986-09-25,Severe Flood
INDOFLOODS-gauge-361-43,INDOFLOODS-gauge-361,12.0_77.0,12.0,77.0,MAPPED,1986-09-29,1986-09-29,Flood
INDOFLOODS-gauge-361-44,INDOFLOODS-gauge-361,12.0_77.0,12.0,77.0,MAPPED,1986-10-02,1986-10-02,Severe Flood
INDOFLOODS-gauge-361-45,INDOFLOODS-gauge-361,12.0_77.0,12.0,77.0,MAPPED,1986-10-04,1986-10-11,Severe Flood
INDOFLOODS-gauge-361-46,INDOFLOODS-gauge-361,12.0_77.0,12.0,77.0,MAPPED,1986-11-02,1986-11-09,Severe Flood
INDOFLOODS-gauge-361-47,INDOFLOODS-gauge-361,12.0_77.0,12.0,77.0,MAPPED,1987-06-25,1987-06-26,Severe Flood
INDOFLOODS-gauge-361-48,INDOFLOODS-gauge-361,12.0_77.0,12.0,77.0,MAPPED,1987-09-24,1987-09-25,Severe Flood
INDOFLOODS-gauge-361-49,INDOFLOODS-gauge-361,12.0_77.0,12.0,77.0,MAPPED,1987-10-03,1987-10-03,Flood
INDOFLOODS-gauge-361-5,INDOFLOODS-gauge-361,12.0_77.0,12.0,77.0,MAPPED,1979-09-09,1979-09-20,Severe Flood
INDOFLOODS-gauge-361-50,INDOFLOODS-gauge-361,12.0_77.0,12.0,77.0,MAPPED,1987-10-07,1987-10-07,Flood
INDOFLOODS-gauge-361-51,INDOFLOODS-gauge-361,12.0_77.0,12.0,77.0,MAPPED,1987-10-09,1987-10-15,Severe Flood
INDOFLOODS-gauge-361-52,INDOFLOODS-gauge-361,12.0_77.0,12.0,77.0,MAPPED,1987-10-20,1987-10-20,Flood
INDOFLOODS-gauge-361-53,INDOFLOODS-gauge-361,12.0_77.0,12.0,77.0,MAPPED,1987-10-22,1987-10-24,Severe Flood
INDOFLOODS-gauge-361-54,INDOFLOODS-gauge-361,12.0_77.0,12.0,77.0,MAPPED,1987-11-08,1987-11-08,Severe Flood
INDOFLOODS-gauge-361-55,INDOFLOODS-gauge-361,12.0_77.0,12.0,77.0,MAPPED,1987-11-21,1987-11-24,Severe Flood
INDOFLOODS-gauge-361-56,INDOFLOODS-gauge-361,12.0_77.0,12.0,77.0,MAPPED,1987-12-10,1987-12-10,Flood
INDOFLOODS-gauge-361-57,INDOFLOODS-gauge-361,12.0_77.0,12.0,77.0,MAPPED,1987-12-15,1987-12-16,Severe Flood
INDOFLOODS-gauge-361-58,INDOFLOODS-gauge-361,12.0_77.0,12.0,77.0,MAPPED,1988-08-15,1988-08-19,Severe Flood
INDOFLOODS-gauge-361-59,INDOFLOODS-gauge-361,12.0_77.0,12.0,77.0,MAPPED,1988-08-26,1988-09-03,Severe Flood
INDOFLOODS-gauge-361-6,INDOFLOODS-gauge-361,12.0_77.0,12.0,77.0,MAPPED,1979-10-08,1979-10-11,Severe Flood
INDOFLOODS-gauge-361-60,INDOFLOODS-gauge-361,12.0_77.0,12.0,77.0,MAPPED,1988-09-08,1988-09-23,Severe Flood
INDOFLOODS-gauge-361-61,INDOFLOODS-gauge-361,12.0_77.0,12.0,77.0,MAPPED,1988-09-27,1988-09-30,Severe Flood
INDOFLOODS-gauge-361-62,INDOFLOODS-gauge-361,12.0_77.0,12.0,77.0,MAPPED,1988-10-07,1988-10-10,Severe Flood
INDOFLOODS-gauge-361-63,INDOFLOODS-gauge-361,12.0_77.0,12.0,77.0,MAPPED,1989-09-20,1989-09-27,Severe Flood
INDOFLOODS-gauge-361-64,INDOFLOODS-gauge-361,12.0_77.0,12.0,77.0,MAPPED,1989-10-07,1989-10-10,Severe Flood
INDOFLOODS-gauge-361-65,INDOFLOODS-gauge-361,12.0_77.0,12.0,77.0,MAPPED,1989-10-20,1989-10-23,Severe Flood
INDOFLOODS-gauge-361-66,INDOFLOODS-gauge-361,12.0_77.0,12.0,77.0,MAPPED,1989-10-31,1989-10-31,Flood
INDOFLOODS-gauge-361-67,INDOFLOODS-gauge-361,12.0_77.0,12.0,77.0,MAPPED,1990-10-25,1990-10-25,Flood
INDOFLOODS-gauge-361-68,INDOFLOODS-gauge-361,12.0_77.0,12.0,77.0,MAPPED,1991-06-04,1991-06-07,Severe Flood
INDOFLOODS-gauge-361-69,INDOFLOODS-gauge-361,12.0_77.0,12.0,77.0,MAPPED,1991-09-14,1991-09-18,Severe Flood
INDOFLOODS-gauge-361-7,INDOFLOODS-gauge-361,12.0_77.0,12.0,77.0,MAPPED,1979-10-29,1979-11-01,Severe Flood
INDOFLOODS-gauge-361-70,INDOFLOODS-gauge-361,12.0_77.0,12.0,77.0,MAPPED,1991-10-09,1991-10-13,Severe Flood
INDOFLOODS-gauge-361-71,INDOFLOODS-gauge-361,12.0_77.0,12.0,77.0,MAPPED,1991-10-30,1991-11-08,Severe Flood
INDOFLOODS-gauge-361-72,INDOFLOODS-gauge-361,12.0_77.0,12.0,77.0,MAPPED,1991-11-10,1991-11-12,Severe Flood
INDOFLOODS-gauge-361-73,INDOFLOODS-gauge-361,12.0_77.0,12.0,77.0,MAPPED,1991-11-16,1991-11-20,Severe Flood
INDOFLOODS-gauge-361-74,INDOFLOODS-gauge-361,12.0_77.0,12.0,77.0,MAPPED,1992-07-09,1992-07-09,Flood
INDOFLOODS-gauge-361-75,INDOFLOODS-gauge-361,12.0_77.0,12.0,77.0,MAPPED,1992-09-19,1992-09-22,Severe Flood
INDOFLOODS-gauge-361-76,INDOFLOODS-gauge-361,12.0_77.0,12.0,77.0,MAPPED,1992-09-29,1992-10-02,Severe Flood
INDOFLOODS-gauge-361-77,INDOFLOODS-gauge-361,12.0_77.0,12.0,77.0,MAPPED,1992-10-06,1992-10-11,Severe Flood
INDOFLOODS-gauge-361-78,INDOFLOODS-gauge-361,12.0_77.0,12.0,77.0,MAPPED,1992-10-16,1992-10-21,Severe Flood
INDOFLOODS-gauge-361-79,INDOFLOODS-gauge-361,12.0_77.0,12.0,77.0,MAPPED,1993-06-07,1993-06-07,Flood
INDOFLOODS-gauge-361-8,INDOFLOODS-gauge-361,12.0_77.0,12.0,77.0,MAPPED,1979-11-18,1979-11-22,Severe Flood
INDOFLOODS-gauge-361-80,INDOFLOODS-gauge-361,12.0_77.0,12.0,77.0,MAPPED,1993-08-29,1993-08-30,Flood
INDOFLOODS-gauge-361-81,INDOFLOODS-gauge-361,12.0_77.0,12.0,77.0,MAPPED,1993-09-02,1993-09-07,Severe Flood
INDOFLOODS-gauge-361-82,INDOFLOODS-gauge-361,12.0_77.0,12.0,77.0,MAPPED,1993-10-08,1993-10-11,Severe Flood
INDOFLOODS-gauge-361-83,INDOFLOODS-gauge-361,12.0_77.0,12.0,77.0,MAPPED,1993-10-13,1993-10-18,Severe Flood
INDOFLOODS-gauge-361-84,INDOFLOODS-gauge-361,12.0_77.0,12.0,77.0,MAPPED,1993-10-24,1993-10-25,Flood
INDOFLOODS-gauge-361-85,INDOFLOODS-gauge-361,12.0_77.0,12.0,77.0,MAPPED,1993-12-06,1993-12-06,Flood
INDOFLOODS-gauge-361-86,INDOFLOODS-gauge-361,12.0_77.0,12.0,77.0,MAPPED,1994-01-19,1994-01-19,Flood
INDOFLOODS-gauge-361-87,INDOFLOODS-gauge-361,12.0_77.0,12.0,77.0,MAPPED,1994-09-29,1994-09-29,Flood
INDOFLOODS-gauge-361-88,INDOFLOODS-gauge-361,12.0_77.0,12.0,77.0,MAPPED,1994-10-02,1994-10-06,Severe Flood
INDOFLOODS-gauge-361-89,INDOFLOODS-gauge-361,12.0_77.0,12.0,77.0,MAPPED,1994-10-12,1994-10-18,Severe Flood
INDOFLOODS-gauge-361-9,INDOFLOODS-gauge-361,12.0_77.0,12.0,77.0,MAPPED,1979-11-25,1979-11-25,Flood
INDOFLOODS-gauge-361-90,INDOFLOODS-gauge-361,12.0_77.0,12.0,77.0,MAPPED,1994-10-20,1994-10-21,Flood
INDOFLOODS-gauge-361-91,INDOFLOODS-gauge-361,12.0_77.0,12.0,77.0,MAPPED,1994-10-26,1994-10-31,Severe Flood
INDOFLOODS-gauge-361-92,INDOFLOODS-gauge-361,12.0_77.0,12.0,77.0,MAPPED,1994-11-07,1994-11-07,Flood
INDOFLOODS-gauge-361-93,INDOFLOODS-gauge-361,12.0_77.0,12.0,77.0,MAPPED,1995-07-28,1995-07-31,Severe Flood
INDOFLOODS-gauge-361-94,INDOFLOODS-gauge-361,12.0_77.0,12.0,77.0,MAPPED,1995-08-23,1995-08-23,Flood
INDOFLOODS-gauge-361-95,INDOFLOODS-gauge-361,12.0_77.0,12.0,77.0,MAPPED,1995-09-22,1995-09-24,Severe Flood
INDOFLOODS-gauge-361-96,INDOFLOODS-gauge-361,12.0_77.0,12.0,77.0,MAPPED,1995-10-01,1995-10-06,Severe Flood
INDOFLOODS-gauge-361-97,INDOFLOODS-gauge-361,12.0_77.0,12.0,77.0,MAPPED,1996-08-19,1996-08-19,Severe Flood
INDOFLOODS-gauge-361-98,INDOFLOODS-gauge-361,12.0_77.0,12.0,77.0,MAPPED,1996-08-22,1996-08-26,Severe Flood
INDOFLOODS-gauge-361-99,INDOFLOODS-gauge-361,12.0_77.0,12.0,77.0,MAPPED,1996-09-03,1996-09-15,Severe Flood
INDOFLOODS-gauge-363-1,INDOFLOODS-gauge-363,17.0_77.0,17.0,77.0,MAPPED,1990-08-16,1990-08-16,Severe Flood
INDOFLOODS-gauge-363-10,INDOFLOODS-gauge-363,17.0_77.0,17.0,77.0,MAPPED,2010-09-18,2010-09-18,Flood
INDOFLOODS-gauge-363-11,INDOFLOODS-gauge-363,17.0_77.0,17.0,77.0,MAPPED,2011-07-31,2011-07-31,Flood
INDOFLOODS-gauge-363-12,INDOFLOODS-gauge-363,17.0_77.0,17.0,77.0,MAPPED,2013-09-20,2013-09-20,Flood
INDOFLOODS-gauge-363-13,INDOFLOODS-gauge-363,17.0_77.0,17.0,77.0,MAPPED,2014-09-01,2014-09-01,Flood
INDOFLOODS-gauge-363-14,INDOFLOODS-gauge-363,17.0_77.0,17.0,77.0,MAPPED,2016-07-21,2016-07-21,Flood
INDOFLOODS-gauge-363-15,INDOFLOODS-gauge-363,17.0_77.0,17.0,77.0,MAPPED,2016-09-15,2016-09-15,Flood
INDOFLOODS-gauge-363-16,INDOFLOODS-gauge-363,17.0_77.0,17.0,77.0,MAPPED,2016-09-23,2016-09-25,Severe Flood
INDOFLOODS-gauge-363-2,INDOFLOODS-gauge-363,17.0_77.0,17.0,77.0,MAPPED,1998-09-22,1998-09-22,Flood
INDOFLOODS-gauge-363-3,INDOFLOODS-gauge-363,17.0_77.0,17.0,77.0,MAPPED,1998-10-14,1998-10-16,Severe Flood
INDOFLOODS-gauge-363-4,INDOFLOODS-gauge-363,17.0_77.0,17.0,77.0,MAPPED,2008-08-10,2008-08-10,Flood
INDOFLOODS-gauge-363-5,INDOFLOODS-gauge-363,17.0_77.0,17.0,77.0,MAPPED,2009-08-26,2009-08-26,Flood
INDOFLOODS-gauge-363-6,INDOFLOODS-gauge-363,17.0_77.0,17.0,77.0,MAPPED,2009-09-03,2009-09-03,Flood
INDOFLOODS-gauge-363-7,INDOFLOODS-gauge-363,17.0_77.0,17.0,77.0,MAPPED,2009-10-01,2009-10-01,Flood
INDOFLOODS-gauge-363-8,INDOFLOODS-gauge-363,17.0_77.0,17.0,77.0,MAPPED,2009-10-03,2009-10-03,Flood
INDOFLOODS-gauge-363-9,INDOFLOODS-gauge-363,17.0_77.0,17.0,77.0,MAPPED,2010-08-26,2010-08-26,Flood
INDOFLOODS-gauge-364-1,INDOFLOODS-gauge-364,12.0_75.0,12.0,75.0,MAPPED,1971-06-23,1971-06-25,Severe Flood
INDOFLOODS-gauge-364-10,INDOFLOODS-gauge-364,12.0_75.0,12.0,75.0,MAPPED,1972-07-07,1972-07-09,Flood
INDOFLOODS-gauge-364-100,INDOFLOODS-gauge-364,12.0_75.0,12.0,75.0,MAPPED,1994-07-27,1994-07-31,Severe Flood
INDOFLOODS-gauge-364-101,INDOFLOODS-gauge-364,12.0_75.0,12.0,75.0,MAPPED,1994-08-02,1994-08-04,Flood
INDOFLOODS-gauge-364-102,INDOFLOODS-gauge-364,12.0_75.0,12.0,75.0,MAPPED,1995-07-11,1995-07-12,Flood
INDOFLOODS-gauge-364-103,INDOFLOODS-gauge-364,12.0_75.0,12.0,75.0,MAPPED,1995-07-17,1995-07-17,Severe Flood
INDOFLOODS-gauge-364-104,INDOFLOODS-gauge-364,12.0_75.0,12.0,75.0,MAPPED,1995-07-19,1995-07-21,Flood
INDOFLOODS-gauge-364-105,INDOFLOODS-gauge-364,12.0_75.0,12.0,75.0,MAPPED,1995-08-31,1995-09-04,Flood
INDOFLOODS-gauge-364-106,INDOFLOODS-gauge-364,12.0_75.0,12.0,75.0,MAPPED,1996-07-23,1996-07-25,Flood
INDOFLOODS-gauge-364-107,INDOFLOODS-gauge-364,12.0_75.0,12.0,75.0,MAPPED,1996-07-27,1996-07-27,Flood
INDOFLOODS-gauge-364-108,INDOFLOODS-gauge-364,12.0_75.0,12.0,75.0,MAPPED,1996-09-29,1996-09-29,Flood
INDOFLOODS-gauge-364-109,INDOFLOODS-gauge-364,12.0_75.0,12.0,75.0,MAPPED,1997-06-29,1997-07-01,Flood
INDOFLOODS-gauge-364-11,INDOFLOODS-gauge-364,12.0_75.0,12.0,75.0,MAPPED,1972-08-20,1972-08-20,Flood
INDOFLOODS-gauge-364-110,INDOFLOODS-gauge-364,12.0_75.0,12.0,75.0,MAPPED,1997-07-10,1997-07-11,Severe Flood
INDOFLOODS-gauge-364-111,INDOFLOODS-gauge-364,12.0_75.0,12.0,75.0,MAPPED,1997-07-19,1997-07-19,Flood
INDOFLOODS-gauge-364-112,INDOFLOODS-gauge-364,12.0_75.0,12.0,75.0,MAPPED,1997-07-26,1997-07-28,Flood
INDOFLOODS-gauge-364-113,INDOFLOODS-gauge-364,12.0_75.0,12.0,75.0,MAPPED,1997-07-31,1997-08-03,Flood
INDOFLOODS-gauge-364-114,INDOFLOODS-gauge-364,12.0_75.0,12.0,75.0,MAPPED,1997-08-07,1997-08-09,Severe Flood
INDOFLOODS-gauge-364-115,INDOFLOODS-gauge-364,12.0_75.0,12.0,75.0,MAPPED,1997-08-23,1997-08-24,Flood
INDOFLOODS-gauge-364-116,INDOFLOODS-gauge-364,12.0_75.0,12.0,75.0,MAPPED,1997-08-26,1997-08-26,Flood
INDOFLOODS-gauge-364-117,INDOFLOODS-gauge-364,12.0_75.0,12.0,75.0,MAPPED,1998-06-29,1998-07-01,Flood
INDOFLOODS-gauge-364-118,INDOFLOODS-gauge-364,12.0_75.0,12.0,75.0,MAPPED,1998-07-04,1998-07-04,Flood
INDOFLOODS-gauge-364-119,INDOFLOODS-gauge-364,12.0_75.0,12.0,75.0,MAPPED,1998-07-06,1998-07-06,Flood
INDOFLOODS-gauge-364-12,INDOFLOODS-gauge-364,12.0_75.0,12.0,75.0,MAPPED,1973-06-17,1973-06-17,Flood
INDOFLOODS-gauge-364-120,INDOFLOODS-gauge-364,12.0_75.0,12.0,75.0,MAPPED,1998-07-10,1998-07-10,Flood
INDOFLOODS-gauge-364-121,INDOFLOODS-gauge-364,12.0_75.0,12.0,75.0,MAPPED,1998-07-29,1998-07-31,Flood
INDOFLOODS-gauge-364-122,INDOFLOODS-gauge-364,12.0_75.0,12.0,75.0,MAPPED,1998-08-10,1998-08-10,Flood
INDOFLOODS-gauge-364-123,INDOFLOODS-gauge-364,12.0_75.0,12.0,75.0,MAPPED,1998-09-13,1998-09-13,Flood
INDOFLOODS-gauge-364-124,INDOFLOODS-gauge-364,12.0_75.0,12.0,75.0,MAPPED,1999-07-16,1999-07-16,Flood
INDOFLOODS-gauge-364-125,INDOFLOODS-gauge-364,12.0_75.0,12.0,75.0,MAPPED,1999-07-18,1999-07-29,Severe Flood
INDOFLOODS-gauge-364-126,INDOFLOODS-gauge-364,12.0_75.0,12.0,75.0,MAPPED,1999-08-02,1999-08-02,Flood
INDOFLOODS-gauge-364-127,INDOFLOODS-gauge-364,12.0_75.0,12.0,75.0,MAPPED,1999-08-08,1999-08-08,Flood
INDOFLOODS-gauge-364-128,INDOFLOODS-gauge-364,12.0_75.0,12.0,75.0,MAPPED,2000-07-12,2000-07-14,Flood
INDOFLOODS-gauge-364-129,INDOFLOODS-gauge-364,12.0_75.0,12.0,75.0,MAPPED,2000-08-24,2000-08-26,Flood
INDOFLOODS-gauge-364-13,INDOFLOODS-gauge-364,12.0_75.0,12.0,75.0,MAPPED,1973-07-06,1973-07-10,Flood
INDOFLOODS-gauge-364-130,INDOFLOODS-gauge-364,12.0_75.0,12.0,75.0,MAPPED,2001-07-08,2001-07-09,Flood
INDOFLOODS-gauge-364-131,INDOFLOODS-gauge-364,12.0_75.0,12.0,75.0,MAPPED,2001-07-11,2001-07-11,Flood
INDOFLOODS-gauge-364-132,INDOFLOODS-gauge-364,12.0_75.0,12.0,75.0,MAPPED,2002-08-17,2002-08-17,Flood
INDOFLOODS-gauge-364-133,INDOFLOODS-gauge-364,12.0_75.0,12.0,75.0,MAPPED,2003-08-21,2003-08-21,Flood
INDOFLOODS-gauge-364-134,INDOFLOODS-gauge-364,12.0_75.0,12.0,75.0,MAPPED,2003-08-23,2003-08-23,Flood
INDOFLOODS-gauge-364-135,INDOFLOODS-gauge-364,12.0_75.0,12.0,75.0,MAPPED,2004-08-04,2004-08-05,Flood
INDOFLOODS-gauge-364-136,INDOFLOODS-gauge-364,12.0_75.0,12.0,75.0,MAPPED,2004-08-14,2004-08-14,Flood
INDOFLOODS-gauge-364-137,INDOFLOODS-gauge-364,12.0_75.0,12.0,75.0,MAPPED,2005-07-24,2005-07-26,Flood
INDOFLOODS-gauge-364-138,INDOFLOODS-gauge-364,12.0_75.0,12.0,75.0,MAPPED,2005-07-28,2005-07-29,Flood
INDOFLOODS-gauge-364-139,INDOFLOODS-gauge-364,12.0_75.0,12.0,75.0,MAPPED,2005-07-31,2005-08-04,Severe Flood
INDOFLOODS-gauge-364-14,INDOFLOODS-gauge-364,12.0_75.0,12.0,75.0,MAPPED,1973-08-16,1973-08-17,Flood
INDOFLOODS-gauge-364-140,INDOFLOODS-gauge-364,12.0_75.0,12.0,75.0,MAPPED,2005-08-16,2005-08-16,Flood
INDOFLOODS-gauge-364-141,INDOFLOODS-gauge-364,12.0_75.0,12.0,75.0,MAPPED,2006-06-30,2006-06-30,Severe Flood
INDOFLOODS-gauge-364-142,INDOFLOODS-gauge-364,12.0_75.0,12.0,75.0,MAPPED,2006-07-03,2006-07-03,Flood
INDOFLOODS-gauge-364-143,INDOFLOODS-gauge-364,12.0_75.0,12.0,75.0,MAPPED,2006-07-20,2006-07-20,Flood
INDOFLOODS-gauge-364-144,INDOFLOODS-gauge-364,12.0_75.0,12.0,75.0,MAPPED,2006-07-28,2006-07-28,Flood
INDOFLOODS-gauge-364-145,INDOFLOODS-gauge-364,12.0_75.0,12.0,75.0,MAPPED,2006-08-12,2006-08-14,Flood
INDOFLOODS-gauge-364-146,INDOFLOODS-gauge-364,12.0_75.0,12.0,75.0,MAPPED,2006-08-17,2006-08-19,Flood
INDOFLOODS-gauge-364-147,INDOFLOODS-gauge-364,12.0_75.0,12.0,75.0,MAPPED,2007-06-23,2007-06-23,Flood
INDOFLOODS-gauge-364-148,INDOFLOODS-gauge-364,12.0_75.0,12.0,75.0,MAPPED,2007-07-01,2007-07-01,Flood
INDOFLOODS-gauge-364-149,INDOFLOODS-gauge-364,12.0_75.0,12.0,75.0,MAPPED,2007-07-07,2007-07-09,Flood
INDOFLOODS-gauge-364-15,INDOFLOODS-gauge-364,12.0_75.0,12.0,75.0,MAPPED,1974-07-05,1974-07-06,Flood
INDOFLOODS-gauge-364-150,INDOFLOODS-gauge-364,12.0_75.0,12.0,75.0,MAPPED,2007-07-11,2007-07-11,Flood
INDOFLOODS-gauge-364-151,INDOFLOODS-gauge-364,12.0_75.0,12.0,75.0,MAPPED,2007-07-17,2007-07-19,Flood
INDOFLOODS-gauge-364-152,INDOFLOODS-gauge-364,12.0_75.0,12.0,75.0,MAPPED,2007-08-06,2007-08-12,Severe Flood
INDOFLOODS-gauge-364-153,INDOFLOODS-gauge-364,12.0_75.0,12.0,75.0,MAPPED,2008-07-28,2008-07-31,Flood
INDOFLOODS-gauge-364-154,INDOFLOODS-gauge-364,12.0_75.0,12.0,75.0,MAPPED,2008-08-10,2008-08-14,Severe Flood
INDOFLOODS-gauge-364-155,INDOFLOODS-gauge-364,12.0_75.0,12.0,75.0,MAPPED,2009-07-15,2009-07-19,Severe Flood
INDOFLOODS-gauge-364-156,INDOFLOODS-gauge-364,12.0_75.0,12.0,75.0,MAPPED,2010-07-30,2010-07-31,Flood
INDOFLOODS-gauge-364-157,INDOFLOODS-gauge-364,12.0_75.0,12.0,75.0,MAPPED,2010-08-31,2010-08-31,Flood
INDOFLOODS-gauge-364-158,INDOFLOODS-gauge-364,12.0_75.0,12.0,75.0,MAPPED,2011-07-17,2011-07-17,Flood
INDOFLOODS-gauge-364-159,INDOFLOODS-gauge-364,12.0_75.0,12.0,75.0,MAPPED,2011-07-19,2011-07-19,Flood
INDOFLOODS-gauge-364-16,INDOFLOODS-gauge-364,12.0_75.0,12.0,75.0,MAPPED,1974-07-25,1974-07-27,Severe Flood
INDOFLOODS-gauge-364-160,INDOFLOODS-gauge-364,12.0_75.0,12.0,75.0,MAPPED,2011-08-06,2011-08-06,Flood
INDOFLOODS-gauge-364-161,INDOFLOODS-gauge-364,12.0_75.0,12.0,75.0,MAPPED,2012-08-07,2012-08-07,Severe Flood
INDOFLOODS-gauge-364-162,INDOFLOODS-gauge-364,12.0_75.0,12.0,75.0,MAPPED,2012-08-11,2012-08-11,Flood
INDOFLOODS-gauge-364-163,INDOFLOODS-gauge-364,12.0_75.0,12.0,75.0,MAPPED,2013-07-04,2013-07-07,Severe Flood
INDOFLOODS-gauge-364-164,INDOFLOODS-gauge-364,12.0_75.0,12.0,75.0,MAPPED,2013-07-20,2013-07-21,Flood
INDOFLOODS-gauge-364-165,INDOFLOODS-gauge-364,12.0_75.0,12.0,75.0,MAPPED,2013-07-24,2013-07-28,Flood
INDOFLOODS-gauge-364-166,INDOFLOODS-gauge-364,12.0_75.0,12.0,75.0,MAPPED,2013-08-02,2013-08-03,Flood
INDOFLOODS-gauge-364-167,INDOFLOODS-gauge-364,12.0_75.0,12.0,75.0,MAPPED,2014-07-19,2014-07-21,Flood
INDOFLOODS-gauge-364-168,INDOFLOODS-gauge-364,12.0_75.0,12.0,75.0,MAPPED,2014-07-24,2014-07-24,Flood
INDOFLOODS-gauge-364-169,INDOFLOODS-gauge-364,12.0_75.0,12.0,75.0,MAPPED,2014-08-01,2014-08-02,Severe Flood
INDOFLOODS-gauge-364-17,INDOFLOODS-gauge-364,12.0_75.0,12.0,75.0,MAPPED,1974-07-31,1974-08-01,Flood
INDOFLOODS-gauge-364-170,INDOFLOODS-gauge-364,12.0_75.0,12.0,75.0,MAPPED,2014-08-04,2014-08-07,Flood
INDOFLOODS-gauge-364-171,INDOFLOODS-gauge-364,12.0_75.0,12.0,75.0,MAPPED,2018-07-07,2018-07-07,Flood
INDOFLOODS-gauge-364-172,INDOFLOODS-gauge-364,12.0_75.0,12.0,75.0,MAPPED,2018-07-14,2018-07-14,Flood
INDOFLOODS-gauge-364-173,INDOFLOODS-gauge-364,12.0_75.0,12.0,75.0,MAPPED,2018-08-08,2018-08-09,Flood
INDOFLOODS-gauge-364-174,INDOFLOODS-gauge-364,12.0_75.0,12.0,75.0,MAPPED,2018-08-12,2018-08-19,Severe Flood
INDOFLOODS-gauge-364-175,INDOFLOODS-gauge-364,12.0_75.0,12.0,75.0,MAPPED,2019-08-06,2019-08-10,Severe Flood
INDOFLOODS-gauge-364-18,INDOFLOODS-gauge-364,12.0_75.0,12.0,75.0,MAPPED,1974-08-03,1974-08-03,Flood
INDOFLOODS-gauge-364-19,INDOFLOODS-gauge-364,12.0_75.0,12.0,75.0,MAPPED,1974-08-10,1974-08-12,Flood
INDOFLOODS-gauge-364-2,INDOFLOODS-gauge-364,12.0_75.0,12.0,75.0,MAPPED,1971-06-27,1971-06-27,Flood
INDOFLOODS-gauge-364-20,INDOFLOODS-gauge-364,12.0_75.0,12.0,75.0,MAPPED,1974-08-16,1974-08-16,Flood
INDOFLOODS-gauge-364-21,INDOFLOODS-gauge-364,12.0_75.0,12.0,75.0,MAPPED,1975-06-21,1975-06-24,Severe Flood
INDOFLOODS-gauge-364-22,INDOFLOODS-gauge-364,12.0_75.0,12.0,75.0,MAPPED,1975-06-30,1975-06-30,Flood
INDOFLOODS-gauge-364-23,INDOFLOODS-gauge-364,12.0_75.0,12.0,75.0,MAPPED,1975-07-11,1975-07-13,Severe Flood
INDOFLOODS-gauge-364-24,INDOFLOODS-gauge-364,12.0_75.0,12.0,75.0,MAPPED,1975-08-12,1975-08-17,Severe Flood
INDOFLOODS-gauge-364-25,INDOFLOODS-gauge-364,12.0_75.0,12.0,75.0,MAPPED,1975-09-26,1975-09-26,Flood
INDOFLOODS-gauge-364-26,INDOFLOODS-gauge-364,12.0_75.0,12.0,75.0,MAPPED,1976-07-24,1976-07-24,Flood
INDOFLOODS-gauge-364-27,INDOFLOODS-gauge-364,12.0_75.0,12.0,75.0,MAPPED,1976-07-30,1976-08-01,Flood
INDOFLOODS-gauge-364-28,INDOFLOODS-gauge-364,12.0_75.0,12.0,75.0,MAPPED,1976-08-04,1976-08-04,Flood
INDOFLOODS-gauge-364-29,INDOFLOODS-gauge-364,12.0_75.0,12.0,75.0,MAPPED,1977-07-05,1977-07-06,Flood
INDOFLOODS-gauge-364-3,INDOFLOODS-gauge-364,12.0_75.0,12.0,75.0,MAPPED,1971-06-29,1971-06-29,Flood
INDOFLOODS-gauge-364-30,INDOFLOODS-gauge-364,12.0_75.0,12.0,75.0,MAPPED,1977-07-21,1977-07-27,Severe Flood
INDOFLOODS-gauge-364-31,INDOFLOODS-gauge-364,12.0_75.0,12.0,75.0,MAPPED,1977-09-04,1977-09-04,Flood
INDOFLOODS-gauge-364-32,INDOFLOODS-gauge-364,12.0_75.0,12.0,75.0,MAPPED,1978-06-16,1978-06-17,Flood
INDOFLOODS-gauge-364-33,INDOFLOODS-gauge-364,12.0_75.0,12.0,75.0,MAPPED,1978-06-24,1978-06-25,Flood
INDOFLOODS-gauge-364-34,INDOFLOODS-gauge-364,12.0_75.0,12.0,75.0,MAPPED,1978-07-09,1978-07-14,Flood
INDOFLOODS-gauge-364-35,INDOFLOODS-gauge-364,12.0_75.0,12.0,75.0,MAPPED,1978-07-25,1978-07-28,Severe Flood
INDOFLOODS-gauge-364-36,INDOFLOODS-gauge-364,12.0_75.0,12.0,75.0,MAPPED,1978-07-30,1978-08-02,Severe Flood
INDOFLOODS-gauge-364-37,INDOFLOODS-gauge-364,12.0_75.0,12.0,75.0,MAPPED,1978-08-10,1978-08-10,Flood
INDOFLOODS-gauge-364-38,INDOFLOODS-gauge-364,12.0_75.0,12.0,75.0,MAPPED,1978-08-16,1978-08-17,Flood
INDOFLOODS-gauge-364-39,INDOFLOODS-gauge-364,12.0_75.0,12.0,75.0,MAPPED,1978-08-20,1978-08-21,Severe Flood
INDOFLOODS-gauge-364-4,INDOFLOODS-gauge-364,12.0_75.0,12.0,75.0,MAPPED,1971-07-20,1971-07-23,Flood
INDOFLOODS-gauge-364-40,INDOFLOODS-gauge-364,12.0_75.0,12.0,75.0,MAPPED,1978-08-25,1978-08-25,Flood
INDOFLOODS-gauge-364-41,INDOFLOODS-gauge-364,12.0_75.0,12.0,75.0,MAPPED,1978-08-28,1978-08-29,Flood
INDOFLOODS-gauge-364-42,INDOFLOODS-gauge-364,12.0_75.0,12.0,75.0,MAPPED,1979-07-31,1979-08-07,Severe Flood
INDOFLOODS-gauge-364-43,INDOFLOODS-gauge-364,12.0_75.0,12.0,75.0,MAPPED,1979-08-10,1979-08-10,Flood
INDOFLOODS-gauge-364-44,INDOFLOODS-gauge-364,12.0_75.0,12.0,75.0,MAPPED,1980-06-21,1980-06-22,Flood
INDOFLOODS-gauge-364-45,INDOFLOODS-gauge-364,12.0_75.0,12.0,75.0,MAPPED,1980-06-27,1980-06-27,Flood
INDOFLOODS-gauge-364-46,INDOFLOODS-gauge-364,12.0_75.0,12.0,75.0,MAPPED,1980-06-30,1980-07-05,Severe Flood
INDOFLOODS-gauge-364-47,INDOFLOODS-gauge-364,12.0_75.0,12.0,75.0,MAPPED,1980-07-08,1980-07-10,Severe Flood
INDOFLOODS-gauge-364-48,INDOFLOODS-gauge-364,12.0_75.0,12.0,75.0,MAPPED,1980-07-24,1980-07-24,Flood
INDOFLOODS-gauge-364-49,INDOFLOODS-gauge-364,12.0_75.0,12.0,75.0,MAPPED,1980-07-26,1980-07-26,Flood
INDOFLOODS-gauge-364-5,INDOFLOODS-gauge-364,12.0_75.0,12.0,75.0,MAPPED,1971-07-25,1971-07-25,Flood
INDOFLOODS-gauge-364-50,INDOFLOODS-gauge-364,12.0_75.0,12.0,75.0,MAPPED,1980-07-28,1980-07-29,Flood
INDOFLOODS-gauge-364-51,INDOFLOODS-gauge-364,12.0_75.0,12.0,75.0,MAPPED,1980-08-11,1980-08-14,Flood
INDOFLOODS-gauge-364-52,INDOFLOODS-gauge-364,12.0_75.0,12.0,75.0,MAPPED,1981-07-07,1981-07-07,Flood
INDOFLOODS-gauge-364-53,INDOFLOODS-gauge-364,12.0_75.0,12.0,75.0,MAPPED,1981-07-11,1981-07-12,Flood
INDOFLOODS-gauge-364-54,INDOFLOODS-gauge-364,12.0_75.0,12.0,75.0,MAPPED,1981-07-14,1981-07-14,Flood
INDOFLOODS-gauge-364-55,INDOFLOODS-gauge-364,12.0_75.0,12.0,75.0,MAPPED,1981-07-27,1981-07-27,Flood
INDOFLOODS-gauge-364-56,INDOFLOODS-gauge-364,12.0_75.0,12.0,75.0,MAPPED,1981-08-02,1981-08-06,Flood
INDOFLOODS-gauge-364-57,INDOFLOODS-gauge-364,12.0_75.0,12.0,75.0,MAPPED,1981-08-12,1981-08-12,Flood
INDOFLOODS-gauge-364-58,INDOFLOODS-gauge-364,12.0_75.0,12.0,75.0,MAPPED,1981-08-16,1981-08-21,Severe Flood
INDOFLOODS-gauge-364-59,INDOFLOODS-gauge-364,12.0_75.0,12.0,75.0,MAPPED,1982-07-20,1982-07-21,Flood
INDOFLOODS-gauge-364-6,INDOFLOODS-gauge-364,12.0_75.0,12.0,75.0,MAPPED,1971-07-28,1971-07-30,Flood
INDOFLOODS-gauge-364-60,INDOFLOODS-gauge-364,12.0_75.0,12.0,75.0,MAPPED,1982-07-28,1982-07-28,Flood
INDOFLOODS-gauge-364-61,INDOFLOODS-gauge-364,12.0_75.0,12.0,75.0,MAPPED,1982-07-30,1982-08-03,Severe Flood
INDOFLOODS-gauge-364-62,INDOFLOODS-gauge-364,12.0_75.0,12.0,75.0,MAPPED,1982-08-08,1982-08-09,Flood
INDOFLOODS-gauge-364-63,INDOFLOODS-gauge-364,12.0_75.0,12.0,75.0,MAPPED,1982-08-12,1982-08-15,Flood
INDOFLOODS-gauge-364-64,INDOFLOODS-gauge-364,12.0_75.0,12.0,75.0,MAPPED,1983-07-20,1983-07-25,Severe Flood
INDOFLOODS-gauge-364-65,INDOFLOODS-gauge-364,12.0_75.0,12.0,75.0,MAPPED,1983-08-09,1983-08-10,Flood
INDOFLOODS-gauge-364-66,INDOFLOODS-gauge-364,12.0_75.0,12.0,75.0,MAPPED,1983-08-12,1983-08-18,Flood
INDOFLOODS-gauge-364-67,INDOFLOODS-gauge-364,12.0_75.0,12.0,75.0,MAPPED,1983-08-20,1983-08-23,Severe Flood
INDOFLOODS-gauge-364-68,INDOFLOODS-gauge-364,12.0_75.0,12.0,75.0,MAPPED,1984-06-16,1984-06-20,Flood
INDOFLOODS-gauge-364-69,INDOFLOODS-gauge-364,12.0_75.0,12.0,75.0,MAPPED,1984-07-01,1984-07-03,Flood
INDOFLOODS-gauge-364-7,INDOFLOODS-gauge-364,12.0_75.0,12.0,75.0,MAPPED,1971-08-11,1971-08-11,Flood
INDOFLOODS-gauge-364-70,INDOFLOODS-gauge-364,12.0_75.0,12.0,75.0,MAPPED,1984-07-17,1984-07-19,Severe Flood
INDOFLOODS-gauge-364-71,INDOFLOODS-gauge-364,12.0_75.0,12.0,75.0,MAPPED,1984-08-02,1984-08-02,Flood
INDOFLOODS-gauge-364-72,INDOFLOODS-gauge-364,12.0_75.0,12.0,75.0,MAPPED,1984-08-15,1984-08-15,Flood
INDOFLOODS-gauge-364-73,INDOFLOODS-gauge-364,12.0_75.0,12.0,75.0,MAPPED,1985-06-25,1985-06-27,Flood
INDOFLOODS-gauge-364-74,INDOFLOODS-gauge-364,12.0_75.0,12.0,75.0,MAPPED,1985-08-14,1985-08-14,Flood
INDOFLOODS-gauge-364-75,INDOFLOODS-gauge-364,12.0_75.0,12.0,75.0,MAPPED,1986-07-15,1986-07-15,Flood
INDOFLOODS-gauge-364-76,INDOFLOODS-gauge-364,12.0_75.0,12.0,75.0,MAPPED,1986-07-20,1986-07-21,Flood
INDOFLOODS-gauge-364-77,INDOFLOODS-gauge-364,12.0_75.0,12.0,75.0,MAPPED,1986-08-06,1986-08-14,Severe Flood
INDOFLOODS-gauge-364-78,INDOFLOODS-gauge-364,12.0_75.0,12.0,75.0,MAPPED,1988-07-17,1988-07-23,Severe Flood
INDOFLOODS-gauge-364-79,INDOFLOODS-gauge-364,12.0_75.0,12.0,75.0,MAPPED,1988-08-04,1988-08-05,Severe Flood
INDOFLOODS-gauge-364-8,INDOFLOODS-gauge-364,12.0_75.0,12.0,75.0,MAPPED,1972-06-29,1972-07-01,Flood
INDOFLOODS-gauge-364-80,INDOFLOODS-gauge-364,12.0_75.0,12.0,75.0,MAPPED,1989-07-23,1989-07-28,Severe Flood
INDOFLOODS-gauge-364-81,INDOFLOODS-gauge-364,12.0_75.0,12.0,75.0,MAPPED,1989-08-25,1989-08-25,Flood
INDOFLOODS-gauge-364-82,INDOFLOODS-gauge-364,12.0_75.0,12.0,75.0,MAPPED,1990-07-03,1990-07-03,Flood
INDOFLOODS-gauge-364-83,INDOFLOODS-gauge-364,12.0_75.0,12.0,75.0,MAPPED,1990-07-19,1990-07-19,Flood
INDOFLOODS-gauge-364-84,INDOFLOODS-gauge-364,12.0_75.0,12.0,75.0,MAPPED,1990-08-14,1990-08-18,Flood
INDOFLOODS-gauge-364-85,INDOFLOODS-gauge-364,12.0_75.0,12.0,75.0,MAPPED,1990-08-20,1990-08-21,Flood
INDOFLOODS-gauge-364-86,INDOFLOODS-gauge-364,12.0_75.0,12.0,75.0,MAPPED,1990-08-23,1990-08-24,Flood
INDOFLOODS-gauge-364-87,INDOFLOODS-gauge-364,12.0_75.0,12.0,75.0,MAPPED,1991-07-27,1991-08-01,Severe Flood
INDOFLOODS-gauge-364-88,INDOFLOODS-gauge-364,12.0_75.0,12.0,75.0,MAPPED,1991-08-14,1991-08-18,Flood
INDOFLOODS-gauge-364-89,INDOFLOODS-gauge-364,12.0_75.0,12.0,75.0,MAPPED,1992-07-21,1992-07-21,Flood
INDOFLOODS-gauge-364-9,INDOFLOODS-gauge-364,12.0_75.0,12.0,75.0,MAPPED,1972-07-03,1972-07-04,Flood
INDOFLOODS-gauge-364-90,INDOFLOODS-gauge-364,12.0_75.0,12.0,75.0,MAPPED,1992-07-27,1992-07-29,Flood
INDOFLOODS-gauge-364-91,INDOFLOODS-gauge-364,12.0_75.0,12.0,75.0,MAPPED,1992-08-15,1992-08-15,Flood
INDOFLOODS-gauge-364-92,INDOFLOODS-gauge-364,12.0_75.0,12.0,75.0,MAPPED,1992-08-17,1992-08-20,Flood
INDOFLOODS-gauge-364-93,INDOFLOODS-gauge-364,12.0_75.0,12.0,75.0,MAPPED,1993-07-12,1993-07-12,Flood
INDOFLOODS-gauge-364-94,INDOFLOODS-gauge-364,12.0_75.0,12.0,75.0,MAPPED,1993-08-03,1993-08-03,Flood
INDOFLOODS-gauge-364-95,INDOFLOODS-gauge-364,12.0_75.0,12.0,75.0,MAPPED,1993-08-16,1993-08-16,Flood
INDOFLOODS-gauge-364-96,INDOFLOODS-gauge-364,12.0_75.0,12.0,75.0,MAPPED,1994-06-29,1994-07-01,Severe Flood
INDOFLOODS-gauge-364-97,INDOFLOODS-gauge-364,12.0_75.0,12.0,75.0,MAPPED,1994-07-03,1994-07-03,Flood
INDOFLOODS-gauge-364-98,INDOFLOODS-gauge-364,12.0_75.0,12.0,75.0,MAPPED,1994-07-12,1994-07-18,Severe Flood
INDOFLOODS-gauge-364-99,INDOFLOODS-gauge-364,12.0_75.0,12.0,75.0,MAPPED,1994-07-20,1994-07-24,Flood
INDOFLOODS-gauge-367-1,INDOFLOODS-gauge-367,13.0_75.0,13.0,75.0,MAPPED,2018-09-15,2018-09-16,Severe Flood
INDOFLOODS-gauge-369-1,INDOFLOODS-gauge-369,14.0_75.0,14.0,75.0,MAPPED,1967-07-29,1967-07-29,Flood
INDOFLOODS-gauge-369-10,INDOFLOODS-gauge-369,14.0_75.0,14.0,75.0,MAPPED,1980-08-14,1980-08-14,Flood
INDOFLOODS-gauge-369-11,INDOFLOODS-gauge-369,14.0_75.0,14.0,75.0,MAPPED,1982-08-03,1982-08-05,Flood
INDOFLOODS-gauge-369-12,INDOFLOODS-gauge-369,14.0_75.0,14.0,75.0,MAPPED,1983-07-24,1983-07-24,Flood
INDOFLOODS-gauge-369-13,INDOFLOODS-gauge-369,14.0_75.0,14.0,75.0,MAPPED,1984-07-20,1984-07-20,Flood
INDOFLOODS-gauge-369-14,INDOFLOODS-gauge-369,14.0_75.0,14.0,75.0,MAPPED,1989-07-25,1989-07-26,Flood
INDOFLOODS-gauge-369-15,INDOFLOODS-gauge-369,14.0_75.0,14.0,75.0,MAPPED,1991-07-29,1991-07-30,Flood
INDOFLOODS-gauge-369-16,INDOFLOODS-gauge-369,14.0_75.0,14.0,75.0,MAPPED,1992-07-28,1992-07-29,Flood
INDOFLOODS-gauge-369-17,INDOFLOODS-gauge-369,14.0_75.0,14.0,75.0,MAPPED,1992-08-16,1992-08-17,Flood
INDOFLOODS-gauge-369-18,INDOFLOODS-gauge-369,14.0_75.0,14.0,75.0,MAPPED,1992-08-19,1992-08-21,Flood
INDOFLOODS-gauge-369-19,INDOFLOODS-gauge-369,14.0_75.0,14.0,75.0,MAPPED,1992-11-17,1992-11-19,Severe Flood
INDOFLOODS-gauge-369-2,INDOFLOODS-gauge-369,14.0_75.0,14.0,75.0,MAPPED,1969-07-24,1969-07-24,Flood
INDOFLOODS-gauge-369-20,INDOFLOODS-gauge-369,14.0_75.0,14.0,75.0,MAPPED,1994-07-14,1994-07-19,Severe Flood
INDOFLOODS-gauge-369-21,INDOFLOODS-gauge-369,14.0_75.0,14.0,75.0,MAPPED,1994-07-24,1994-07-25,Flood
INDOFLOODS-gauge-369-22,INDOFLOODS-gauge-369,14.0_75.0,14.0,75.0,MAPPED,1997-08-09,1997-08-10,Flood
INDOFLOODS-gauge-369-23,INDOFLOODS-gauge-369,14.0_75.0,14.0,75.0,MAPPED,1997-08-24,1997-08-24,Flood
INDOFLOODS-gauge-369-24,INDOFLOODS-gauge-369,14.0_75.0,14.0,75.0,MAPPED,1999-07-20,1999-07-20,Flood
INDOFLOODS-gauge-369-25,INDOFLOODS-gauge-369,14.0_75.0,14.0,75.0,MAPPED,2000-07-15,2000-07-15,Flood
INDOFLOODS-gauge-369-26,INDOFLOODS-gauge-369,14.0_75.0,14.0,75.0,MAPPED,2004-08-06,2004-08-06,Flood
INDOFLOODS-gauge-369-27,INDOFLOODS-gauge-369,14.0_75.0,14.0,75.0,MAPPED,2005-08-04,2005-08-05,Flood
INDOFLOODS-gauge-369-28,INDOFLOODS-gauge-369,14.0_75.0,14.0,75.0,MAPPED,2006-08-14,2006-08-14,Flood
INDOFLOODS-gauge-369-29,INDOFLOODS-gauge-369,14.0_75.0,14.0,75.0,MAPPED,2006-08-19,2006-08-19,Flood
INDOFLOODS-gauge-369-3,INDOFLOODS-gauge-369,14.0_75.0,14.0,75.0,MAPPED,1975-07-12,1975-07-12,Flood
INDOFLOODS-gauge-369-30,INDOFLOODS-gauge-369,14.0_75.0,14.0,75.0,MAPPED,2007-08-07,2007-08-12,Severe Flood
INDOFLOODS-gauge-369-31,INDOFLOODS-gauge-369,14.0_75.0,14.0,75.0,MAPPED,2008-08-12,2008-08-16,Flood
INDOFLOODS-gauge-369-32,INDOFLOODS-gauge-369,14.0_75.0,14.0,75.0,MAPPED,2009-07-17,2009-07-19,Flood
INDOFLOODS-gauge-369-33,INDOFLOODS-gauge-369,14.0_75.0,14.0,75.0,MAPPED,2013-08-03,2013-08-04,Flood
INDOFLOODS-gauge-369-34,INDOFLOODS-gauge-369,14.0_75.0,14.0,75.0,MAPPED,2014-08-03,2014-08-03,Flood
INDOFLOODS-gauge-369-35,INDOFLOODS-gauge-369,14.0_75.0,14.0,75.0,MAPPED,2014-08-07,2014-08-08,Flood
INDOFLOODS-gauge-369-4,INDOFLOODS-gauge-369,14.0_75.0,14.0,75.0,MAPPED,1978-07-14,1978-07-14,Flood
INDOFLOODS-gauge-369-5,INDOFLOODS-gauge-369,14.0_75.0,14.0,75.0,MAPPED,1978-07-27,1978-07-27,Flood
INDOFLOODS-gauge-369-6,INDOFLOODS-gauge-369,14.0_75.0,14.0,75.0,MAPPED,1978-08-02,1978-08-02,Flood
INDOFLOODS-gauge-369-7,INDOFLOODS-gauge-369,14.0_75.0,14.0,75.0,MAPPED,1978-08-18,1978-08-19,Flood
INDOFLOODS-gauge-369-8,INDOFLOODS-gauge-369,14.0_75.0,14.0,75.0,MAPPED,1980-07-03,1980-07-05,Flood
INDOFLOODS-gauge-369-9,INDOFLOODS-gauge-369,14.0_75.0,14.0,75.0,MAPPED,1980-07-10,1980-07-10,Flood
INDOFLOODS-gauge-370-1,INDOFLOODS-gauge-370,14.0_75.0,14.0,75.0,MAPPED,2018-01-08,2018-01-15,Severe Flood
INDOFLOODS-gauge-370-10,INDOFLOODS-gauge-370,14.0_75.0,14.0,75.0,MAPPED,2018-07-09,2018-07-16,Severe Flood
INDOFLOODS-gauge-370-11,INDOFLOODS-gauge-370,14.0_75.0,14.0,75.0,MAPPED,2018-07-23,2018-07-30,Severe Flood
INDOFLOODS-gauge-370-12,INDOFLOODS-gauge-370,14.0_75.0,14.0,75.0,MAPPED,2018-11-12,2018-11-19,Severe Flood
INDOFLOODS-gauge-370-13,INDOFLOODS-gauge-370,14.0_75.0,14.0,75.0,MAPPED,2018-11-26,2018-12-03,Severe Flood
INDOFLOODS-gauge-370-14,INDOFLOODS-gauge-370,14.0_75.0,14.0,75.0,MAPPED,2018-12-10,2018-12-17,Severe Flood
INDOFLOODS-gauge-370-15,INDOFLOODS-gauge-370,14.0_75.0,14.0,75.0,MAPPED,2018-12-24,2018-12-31,Severe Flood
INDOFLOODS-gauge-370-16,INDOFLOODS-gauge-370,14.0_75.0,14.0,75.0,MAPPED,2019-02-04,2019-02-11,Severe Flood
INDOFLOODS-gauge-370-17,INDOFLOODS-gauge-370,14.0_75.0,14.0,75.0,MAPPED,2019-02-18,2019-02-25,Severe Flood
INDOFLOODS-gauge-370-18,INDOFLOODS-gauge-370,14.0_75.0,14.0,75.0,MAPPED,2019-03-04,2019-03-11,Severe Flood
INDOFLOODS-gauge-370-19,INDOFLOODS-gauge-370,14.0_75.0,14.0,75.0,MAPPED,2019-03-18,2019-03-25,Severe Flood
INDOFLOODS-gauge-370-2,INDOFLOODS-gauge-370,14.0_75.0,14.0,75.0,MAPPED,2018-01-22,2018-01-29,Severe Flood
INDOFLOODS-gauge-370-20,INDOFLOODS-gauge-370,14.0_75.0,14.0,75.0,MAPPED,2019-04-01,2019-04-08,Severe Flood
INDOFLOODS-gauge-370-21,INDOFLOODS-gauge-370,14.0_75.0,14.0,75.0,MAPPED,2019-04-15,2019-04-22,Severe Flood
INDOFLOODS-gauge-370-22,INDOFLOODS-gauge-370,14.0_75.0,14.0,75.0,MAPPED,2019-06-25,2019-06-30,Severe Flood
INDOFLOODS-gauge-370-23,INDOFLOODS-gauge-370,14.0_75.0,14.0,75.0,MAPPED,2019-08-01,2019-08-20,Severe Flood
INDOFLOODS-gauge-370-24,INDOFLOODS-gauge-370,14.0_75.0,14.0,75.0,MAPPED,2020-05-19,2020-05-27,Severe Flood
INDOFLOODS-gauge-370-3,INDOFLOODS-gauge-370,14.0_75.0,14.0,75.0,MAPPED,2018-02-05,2018-02-12,Severe Flood
INDOFLOODS-gauge-370-4,INDOFLOODS-gauge-370,14.0_75.0,14.0,75.0,MAPPED,2018-02-19,2018-02-26,Severe Flood
INDOFLOODS-gauge-370-5,INDOFLOODS-gauge-370,14.0_75.0,14.0,75.0,MAPPED,2018-03-05,2018-03-12,Severe Flood
INDOFLOODS-gauge-370-6,INDOFLOODS-gauge-370,14.0_75.0,14.0,75.0,MAPPED,2018-03-19,2018-03-26,Severe Flood
INDOFLOODS-gauge-370-7,INDOFLOODS-gauge-370,14.0_75.0,14.0,75.0,MAPPED,2018-04-02,2018-04-09,Severe Flood
INDOFLOODS-gauge-370-8,INDOFLOODS-gauge-370,14.0_75.0,14.0,75.0,MAPPED,2018-04-16,2018-04-23,Severe Flood
INDOFLOODS-gauge-370-9,INDOFLOODS-gauge-370,14.0_75.0,14.0,75.0,MAPPED,2018-05-01,2018-05-08,Severe Flood
INDOFLOODS-gauge-372-1,INDOFLOODS-gauge-372,12.0_74.0,12.0,74.0,MAPPED,2003-07-17,2003-12-31,Severe Flood
INDOFLOODS-gauge-372-10,INDOFLOODS-gauge-372,12.0_74.0,12.0,74.0,MAPPED,2005-08-16,2005-08-16,Flood
INDOFLOODS-gauge-372-11,INDOFLOODS-gauge-372,12.0_74.0,12.0,74.0,MAPPED,2006-06-25,2006-06-25,Flood
INDOFLOODS-gauge-372-12,INDOFLOODS-gauge-372,12.0_74.0,12.0,74.0,MAPPED,2006-06-29,2006-07-03,Flood
INDOFLOODS-gauge-372-13,INDOFLOODS-gauge-372,12.0_74.0,12.0,74.0,MAPPED,2006-07-14,2006-07-16,Flood
INDOFLOODS-gauge-372-14,INDOFLOODS-gauge-372,12.0_74.0,12.0,74.0,MAPPED,2006-07-19,2006-07-21,Flood
INDOFLOODS-gauge-372-15,INDOFLOODS-gauge-372,12.0_74.0,12.0,74.0,MAPPED,2006-08-11,2006-08-12,Flood
INDOFLOODS-gauge-372-16,INDOFLOODS-gauge-372,12.0_74.0,12.0,74.0,MAPPED,2006-08-17,2006-08-19,Flood
INDOFLOODS-gauge-372-17,INDOFLOODS-gauge-372,12.0_74.0,12.0,74.0,MAPPED,2007-06-23,2007-06-24,Flood
INDOFLOODS-gauge-372-18,INDOFLOODS-gauge-372,12.0_74.0,12.0,74.0,MAPPED,2007-06-30,2007-07-01,Flood
INDOFLOODS-gauge-372-19,INDOFLOODS-gauge-372,12.0_74.0,12.0,74.0,MAPPED,2007-07-08,2007-07-09,Flood
INDOFLOODS-gauge-372-2,INDOFLOODS-gauge-372,12.0_74.0,12.0,74.0,MAPPED,2004-05-19,2005-03-10,Severe Flood
INDOFLOODS-gauge-372-20,INDOFLOODS-gauge-372,12.0_74.0,12.0,74.0,MAPPED,2007-07-17,2007-07-18,Flood
INDOFLOODS-gauge-372-21,INDOFLOODS-gauge-372,12.0_74.0,12.0,74.0,MAPPED,2007-08-06,2007-08-07,Flood
INDOFLOODS-gauge-372-22,INDOFLOODS-gauge-372,12.0_74.0,12.0,74.0,MAPPED,2007-08-09,2007-08-10,Flood
INDOFLOODS-gauge-372-23,INDOFLOODS-gauge-372,12.0_74.0,12.0,74.0,MAPPED,2007-08-12,2007-08-12,Flood
INDOFLOODS-gauge-372-24,INDOFLOODS-gauge-372,12.0_74.0,12.0,74.0,MAPPED,2007-09-03,2007-09-03,Flood
INDOFLOODS-gauge-372-25,INDOFLOODS-gauge-372,12.0_74.0,12.0,74.0,MAPPED,2007-09-25,2007-09-25,Flood
INDOFLOODS-gauge-372-26,INDOFLOODS-gauge-372,12.0_74.0,12.0,74.0,MAPPED,2008-06-30,2008-06-30,Flood
INDOFLOODS-gauge-372-27,INDOFLOODS-gauge-372,12.0_74.0,12.0,74.0,MAPPED,2008-07-28,2008-07-31,Flood
INDOFLOODS-gauge-372-28,INDOFLOODS-gauge-372,12.0_74.0,12.0,74.0,MAPPED,2008-08-10,2008-08-15,Flood
INDOFLOODS-gauge-372-29,INDOFLOODS-gauge-372,12.0_74.0,12.0,74.0,MAPPED,2008-09-10,2008-09-10,Flood
INDOFLOODS-gauge-372-3,INDOFLOODS-gauge-372,12.0_74.0,12.0,74.0,MAPPED,2005-06-21,2005-06-21,Flood
INDOFLOODS-gauge-372-30,INDOFLOODS-gauge-372,12.0_74.0,12.0,74.0,MAPPED,2009-07-04,2009-07-09,Flood
INDOFLOODS-gauge-372-31,INDOFLOODS-gauge-372,12.0_74.0,12.0,74.0,MAPPED,2009-07-15,2009-07-20,Flood
INDOFLOODS-gauge-372-32,INDOFLOODS-gauge-372,12.0_74.0,12.0,74.0,MAPPED,2009-07-29,2009-07-30,Flood
INDOFLOODS-gauge-372-33,INDOFLOODS-gauge-372,12.0_74.0,12.0,74.0,MAPPED,2009-08-01,2009-08-01,Flood
INDOFLOODS-gauge-372-34,INDOFLOODS-gauge-372,12.0_74.0,12.0,74.0,MAPPED,2009-09-05,2009-09-06,Flood
INDOFLOODS-gauge-372-35,INDOFLOODS-gauge-372,12.0_74.0,12.0,74.0,MAPPED,2009-10-02,2009-10-03,Flood
INDOFLOODS-gauge-372-36,INDOFLOODS-gauge-372,12.0_74.0,12.0,74.0,MAPPED,2010-07-29,2010-08-01,Flood
INDOFLOODS-gauge-372-37,INDOFLOODS-gauge-372,12.0_74.0,12.0,74.0,MAPPED,2010-08-25,2010-08-25,Flood
INDOFLOODS-gauge-372-38,INDOFLOODS-gauge-372,12.0_74.0,12.0,74.0,MAPPED,2010-08-31,2010-08-31,Flood
INDOFLOODS-gauge-372-39,INDOFLOODS-gauge-372,12.0_74.0,12.0,74.0,MAPPED,2010-09-09,2010-09-09,Flood
INDOFLOODS-gauge-372-4,INDOFLOODS-gauge-372,12.0_74.0,12.0,74.0,MAPPED,2005-07-01,2005-07-01,Flood
INDOFLOODS-gauge-372-40,INDOFLOODS-gauge-372,12.0_74.0,12.0,74.0,MAPPED,2010-09-24,2010-09-24,Flood
INDOFLOODS-gauge-372-41,INDOFLOODS-gauge-372,12.0_74.0,12.0,74.0,MAPPED,2010-11-12,2010-11-12,Flood
INDOFLOODS-gauge-372-42,INDOFLOODS-gauge-372,12.0_74.0,12.0,74.0,MAPPED,2011-06-28,2011-06-28,Flood
INDOFLOODS-gauge-372-43,INDOFLOODS-gauge-372,12.0_74.0,12.0,74.0,MAPPED,2011-07-17,2011-07-21,Flood
INDOFLOODS-gauge-372-44,INDOFLOODS-gauge-372,12.0_74.0,12.0,74.0,MAPPED,2011-08-04,2011-08-04,Flood
INDOFLOODS-gauge-372-45,INDOFLOODS-gauge-372,12.0_74.0,12.0,74.0,MAPPED,2011-08-06,2011-08-07,Flood
INDOFLOODS-gauge-372-46,INDOFLOODS-gauge-372,12.0_74.0,12.0,74.0,MAPPED,2011-08-12,2011-08-12,Flood
INDOFLOODS-gauge-372-47,INDOFLOODS-gauge-372,12.0_74.0,12.0,74.0,MAPPED,2011-09-02,2011-09-02,Flood
INDOFLOODS-gauge-372-48,INDOFLOODS-gauge-372,12.0_74.0,12.0,74.0,MAPPED,2012-08-07,2012-08-07,Flood
INDOFLOODS-gauge-372-49,INDOFLOODS-gauge-372,12.0_74.0,12.0,74.0,MAPPED,2012-08-09,2012-08-12,Flood
INDOFLOODS-gauge-372-5,INDOFLOODS-gauge-372,12.0_74.0,12.0,74.0,MAPPED,2005-07-18,2005-07-18,Flood
INDOFLOODS-gauge-372-50,INDOFLOODS-gauge-372,12.0_74.0,12.0,74.0,MAPPED,2012-08-30,2012-09-03,Flood
INDOFLOODS-gauge-372-51,INDOFLOODS-gauge-372,12.0_74.0,12.0,74.0,MAPPED,2013-07-03,2013-07-06,Severe Flood
INDOFLOODS-gauge-372-52,INDOFLOODS-gauge-372,12.0_74.0,12.0,74.0,MAPPED,2013-07-13,2013-07-13,Flood
INDOFLOODS-gauge-372-53,INDOFLOODS-gauge-372,12.0_74.0,12.0,74.0,MAPPED,2013-07-20,2013-07-20,Flood
INDOFLOODS-gauge-372-54,INDOFLOODS-gauge-372,12.0_74.0,12.0,74.0,MAPPED,2013-07-24,2013-07-29,Flood
INDOFLOODS-gauge-372-55,INDOFLOODS-gauge-372,12.0_74.0,12.0,74.0,MAPPED,2014-07-14,2014-07-15,Flood
INDOFLOODS-gauge-372-56,INDOFLOODS-gauge-372,12.0_74.0,12.0,74.0,MAPPED,2014-07-20,2014-07-21,Flood
INDOFLOODS-gauge-372-57,INDOFLOODS-gauge-372,12.0_74.0,12.0,74.0,MAPPED,2014-08-01,2014-08-04,Flood
INDOFLOODS-gauge-372-58,INDOFLOODS-gauge-372,12.0_74.0,12.0,74.0,MAPPED,2014-08-07,2014-08-08,Flood
INDOFLOODS-gauge-372-59,INDOFLOODS-gauge-372,12.0_74.0,12.0,74.0,MAPPED,2015-06-26,2015-06-26,Flood
INDOFLOODS-gauge-372-6,INDOFLOODS-gauge-372,12.0_74.0,12.0,74.0,MAPPED,2005-07-20,2005-07-20,Flood
INDOFLOODS-gauge-372-60,INDOFLOODS-gauge-372,12.0_74.0,12.0,74.0,MAPPED,2015-07-12,2015-07-12,Flood
INDOFLOODS-gauge-372-61,INDOFLOODS-gauge-372,12.0_74.0,12.0,74.0,MAPPED,2015-07-18,2015-07-20,Flood
INDOFLOODS-gauge-372-62,INDOFLOODS-gauge-372,12.0_74.0,12.0,74.0,MAPPED,2016-06-29,2016-06-29,Flood
INDOFLOODS-gauge-372-63,INDOFLOODS-gauge-372,12.0_74.0,12.0,74.0,MAPPED,2016-07-05,2016-07-05,Flood
INDOFLOODS-gauge-372-64,INDOFLOODS-gauge-372,12.0_74.0,12.0,74.0,MAPPED,2018-06-11,2018-06-11,Flood
INDOFLOODS-gauge-372-65,INDOFLOODS-gauge-372,12.0_74.0,12.0,74.0,MAPPED,2018-06-13,2018-06-14,Flood
INDOFLOODS-gauge-372-66,INDOFLOODS-gauge-372,12.0_74.0,12.0,74.0,MAPPED,2018-06-20,2018-06-21,Flood
INDOFLOODS-gauge-372-67,INDOFLOODS-gauge-372,12.0_74.0,12.0,74.0,MAPPED,2018-06-25,2018-06-29,Flood
INDOFLOODS-gauge-372-68,INDOFLOODS-gauge-372,12.0_74.0,12.0,74.0,MAPPED,2018-07-07,2018-07-07,Flood
INDOFLOODS-gauge-372-69,INDOFLOODS-gauge-372,12.0_74.0,12.0,74.0,MAPPED,2018-07-19,2018-07-20,Flood
INDOFLOODS-gauge-372-7,INDOFLOODS-gauge-372,12.0_74.0,12.0,74.0,MAPPED,2005-07-24,2005-07-26,Flood
INDOFLOODS-gauge-372-70,INDOFLOODS-gauge-372,12.0_74.0,12.0,74.0,MAPPED,2018-08-08,2018-08-20,Flood
INDOFLOODS-gauge-372-71,INDOFLOODS-gauge-372,12.0_74.0,12.0,74.0,MAPPED,2019-07-19,2019-07-24,Flood
INDOFLOODS-gauge-372-72,INDOFLOODS-gauge-372,12.0_74.0,12.0,74.0,MAPPED,2019-08-06,2019-08-06,Flood
INDOFLOODS-gauge-372-73,INDOFLOODS-gauge-372,12.0_74.0,12.0,74.0,MAPPED,2019-08-09,2019-08-11,Flood
INDOFLOODS-gauge-372-8,INDOFLOODS-gauge-372,12.0_74.0,12.0,74.0,MAPPED,2005-07-28,2005-07-28,Flood
INDOFLOODS-gauge-372-9,INDOFLOODS-gauge-372,12.0_74.0,12.0,74.0,MAPPED,2005-08-01,2005-08-05,Flood
INDOFLOODS-gauge-376-1,INDOFLOODS-gauge-376,16.0_76.0,16.0,76.0,MAPPED,2005-08-01,2005-08-13,Severe Flood
INDOFLOODS-gauge-376-2,INDOFLOODS-gauge-376,16.0_76.0,16.0,76.0,MAPPED,2006-08-17,2006-08-17,Flood
INDOFLOODS-gauge-376-3,INDOFLOODS-gauge-376,16.0_76.0,16.0,76.0,MAPPED,2009-10-02,2009-10-04,Severe Flood
INDOFLOODS-gauge-376-4,INDOFLOODS-gauge-376,16.0_76.0,16.0,76.0,MAPPED,2019-08-09,2019-08-20,Severe Flood
INDOFLOODS-gauge-388-1,INDOFLOODS-gauge-388,16.0_76.0,16.0,76.0,MAPPED,2019-05-06,2019-06-24,Severe Flood
INDOFLOODS-gauge-388-10,INDOFLOODS-gauge-388,16.0_76.0,16.0,76.0,MAPPED,2019-10-09,2019-10-09,Severe Flood
INDOFLOODS-gauge-388-11,INDOFLOODS-gauge-388,16.0_76.0,16.0,76.0,MAPPED,2019-10-14,2019-10-14,Severe Flood
INDOFLOODS-gauge-388-12,INDOFLOODS-gauge-388,16.0_76.0,16.0,76.0,MAPPED,2019-10-17,2019-10-17,Severe Flood
INDOFLOODS-gauge-388-13,INDOFLOODS-gauge-388,16.0_76.0,16.0,76.0,MAPPED,2019-10-19,2019-10-19,Severe Flood
INDOFLOODS-gauge-388-14,INDOFLOODS-gauge-388,16.0_76.0,16.0,76.0,MAPPED,2019-10-30,2019-11-06,Severe Flood
INDOFLOODS-gauge-388-15,INDOFLOODS-gauge-388,16.0_76.0,16.0,76.0,MAPPED,2019-11-08,2019-11-08,Severe Flood
INDOFLOODS-gauge-388-16,INDOFLOODS-gauge-388,16.0_76.0,16.0,76.0,MAPPED,2019-11-11,2019-11-11,Severe Flood
INDOFLOODS-gauge-388-17,INDOFLOODS-gauge-388,16.0_76.0,16.0,76.0,MAPPED,2019-11-13,2019-11-13,Severe Flood
INDOFLOODS-gauge-388-18,INDOFLOODS-gauge-388,16.0_76.0,16.0,76.0,MAPPED,2020-04-30,2020-05-01,Severe Flood
INDOFLOODS-gauge-388-2,INDOFLOODS-gauge-388,16.0_76.0,16.0,76.0,MAPPED,2019-07-14,2019-07-14,Severe Flood
INDOFLOODS-gauge-388-3,INDOFLOODS-gauge-388,16.0_76.0,16.0,76.0,MAPPED,2019-07-23,2019-07-23,Severe Flood
INDOFLOODS-gauge-388-4,INDOFLOODS-gauge-388,16.0_76.0,16.0,76.0,MAPPED,2019-08-03,2019-08-03,Severe Flood
INDOFLOODS-gauge-388-5,INDOFLOODS-gauge-388,16.0_76.0,16.0,76.0,MAPPED,2019-08-07,2019-08-07,Severe Flood
INDOFLOODS-gauge-388-6,INDOFLOODS-gauge-388,16.0_76.0,16.0,76.0,MAPPED,2019-08-13,2019-08-27,Severe Flood
INDOFLOODS-gauge-388-7,INDOFLOODS-gauge-388,16.0_76.0,16.0,76.0,MAPPED,2019-09-22,2019-09-22,Severe Flood
INDOFLOODS-gauge-388-8,INDOFLOODS-gauge-388,16.0_76.0,16.0,76.0,MAPPED,2019-09-28,2019-09-30,Severe Flood
INDOFLOODS-gauge-388-9,INDOFLOODS-gauge-388,16.0_76.0,16.0,76.0,MAPPED,2019-10-03,2019-10-06,Severe Flood
INDOFLOODS-gauge-391-1,INDOFLOODS-gauge-391,16.0_77.0,16.0,77.0,MAPPED,1967-08-03,1967-08-03,Flood
INDOFLOODS-gauge-391-10,INDOFLOODS-gauge-391,16.0_77.0,16.0,77.0,MAPPED,2009-10-04,2009-10-04,Flood
INDOFLOODS-gauge-391-2,INDOFLOODS-gauge-391,16.0_77.0,16.0,77.0,MAPPED,1969-09-07,1969-09-07,Severe Flood
INDOFLOODS-gauge-391-3,INDOFLOODS-gauge-391,16.0_77.0,16.0,77.0,MAPPED,1979-09-29,1979-09-30,Flood
INDOFLOODS-gauge-391-4,INDOFLOODS-gauge-391,16.0_77.0,16.0,77.0,MAPPED,1981-09-24,1981-09-24,Flood
INDOFLOODS-gauge-391-5,INDOFLOODS-gauge-391,16.0_77.0,16.0,77.0,MAPPED,1983-09-25,1983-09-25,Flood
INDOFLOODS-gauge-391-6,INDOFLOODS-gauge-391,16.0_77.0,16.0,77.0,MAPPED,1989-09-29,1989-09-29,Flood
INDOFLOODS-gauge-391-7,INDOFLOODS-gauge-391,16.0_77.0,16.0,77.0,MAPPED,1998-10-15,1998-10-18,Severe Flood
INDOFLOODS-gauge-391-8,INDOFLOODS-gauge-391,16.0_77.0,16.0,77.0,MAPPED,2005-08-09,2005-08-09,Flood
INDOFLOODS-gauge-391-9,INDOFLOODS-gauge-391,16.0_77.0,16.0,77.0,MAPPED,2006-08-14,2006-08-16,Flood
INDOFLOODS-gauge-394-1,INDOFLOODS-gauge-394,12.0_77.0,12.0,77.0,MAPPED,1971-08-30,1971-09-13,Flood
INDOFLOODS-gauge-394-10,INDOFLOODS-gauge-394,12.0_77.0,12.0,77.0,MAPPED,1972-07-30,1972-08-13,Flood
INDOFLOODS-gauge-394-100,INDOFLOODS-gauge-394,12.0_77.0,12.0,77.0,MAPPED,1981-07-31,1981-08-01,Flood
INDOFLOODS-gauge-394-101,INDOFLOODS-gauge-394,12.0_77.0,12.0,77.0,MAPPED,1981-08-04,1981-09-29,Severe Flood
INDOFLOODS-gauge-394-102,INDOFLOODS-gauge-394,12.0_77.0,12.0,77.0,MAPPED,1981-10-05,1981-10-12,Flood
INDOFLOODS-gauge-394-103,INDOFLOODS-gauge-394,12.0_77.0,12.0,77.0,MAPPED,1981-10-19,1981-10-19,Flood
INDOFLOODS-gauge-394-104,INDOFLOODS-gauge-394,12.0_77.0,12.0,77.0,MAPPED,1981-10-26,1981-10-27,Flood
INDOFLOODS-gauge-394-105,INDOFLOODS-gauge-394,12.0_77.0,12.0,77.0,MAPPED,1981-10-29,1981-11-01,Flood
INDOFLOODS-gauge-394-106,INDOFLOODS-gauge-394,12.0_77.0,12.0,77.0,MAPPED,1981-11-03,1981-11-04,Flood
INDOFLOODS-gauge-394-107,INDOFLOODS-gauge-394,12.0_77.0,12.0,77.0,MAPPED,1981-11-08,1981-11-11,Flood
INDOFLOODS-gauge-394-108,INDOFLOODS-gauge-394,12.0_77.0,12.0,77.0,MAPPED,1982-07-22,1982-07-25,Flood
INDOFLOODS-gauge-394-109,INDOFLOODS-gauge-394,12.0_77.0,12.0,77.0,MAPPED,1982-08-05,1982-08-07,Flood
INDOFLOODS-gauge-394-11,INDOFLOODS-gauge-394,12.0_77.0,12.0,77.0,MAPPED,1972-08-20,1972-08-28,Flood
INDOFLOODS-gauge-394-110,INDOFLOODS-gauge-394,12.0_77.0,12.0,77.0,MAPPED,1982-08-13,1982-08-30,Flood
INDOFLOODS-gauge-394-111,INDOFLOODS-gauge-394,12.0_77.0,12.0,77.0,MAPPED,1982-09-16,1982-09-20,Flood
INDOFLOODS-gauge-394-112,INDOFLOODS-gauge-394,12.0_77.0,12.0,77.0,MAPPED,1982-10-05,1982-10-07,Flood
INDOFLOODS-gauge-394-113,INDOFLOODS-gauge-394,12.0_77.0,12.0,77.0,MAPPED,1983-07-23,1983-07-27,Flood
INDOFLOODS-gauge-394-114,INDOFLOODS-gauge-394,12.0_77.0,12.0,77.0,MAPPED,1983-08-12,1983-08-26,Severe Flood
INDOFLOODS-gauge-394-115,INDOFLOODS-gauge-394,12.0_77.0,12.0,77.0,MAPPED,1983-09-08,1983-09-08,Flood
INDOFLOODS-gauge-394-116,INDOFLOODS-gauge-394,12.0_77.0,12.0,77.0,MAPPED,1983-09-10,1983-09-15,Flood
INDOFLOODS-gauge-394-117,INDOFLOODS-gauge-394,12.0_77.0,12.0,77.0,MAPPED,1983-09-18,1983-09-23,Flood
INDOFLOODS-gauge-394-118,INDOFLOODS-gauge-394,12.0_77.0,12.0,77.0,MAPPED,1983-09-26,1983-09-27,Flood
INDOFLOODS-gauge-394-119,INDOFLOODS-gauge-394,12.0_77.0,12.0,77.0,MAPPED,1983-10-03,1983-10-04,Flood
INDOFLOODS-gauge-394-12,INDOFLOODS-gauge-394,12.0_77.0,12.0,77.0,MAPPED,1972-09-22,1972-09-27,Flood
INDOFLOODS-gauge-394-120,INDOFLOODS-gauge-394,12.0_77.0,12.0,77.0,MAPPED,1983-10-07,1983-10-09,Flood
INDOFLOODS-gauge-394-121,INDOFLOODS-gauge-394,12.0_77.0,12.0,77.0,MAPPED,1983-10-18,1983-10-18,Flood
INDOFLOODS-gauge-394-122,INDOFLOODS-gauge-394,12.0_77.0,12.0,77.0,MAPPED,1983-11-05,1983-11-05,Flood
INDOFLOODS-gauge-394-123,INDOFLOODS-gauge-394,12.0_77.0,12.0,77.0,MAPPED,1983-12-25,1983-12-25,Flood
INDOFLOODS-gauge-394-124,INDOFLOODS-gauge-394,12.0_77.0,12.0,77.0,MAPPED,1984-03-07,1984-03-08,Flood
INDOFLOODS-gauge-394-125,INDOFLOODS-gauge-394,12.0_77.0,12.0,77.0,MAPPED,1984-06-17,1984-06-23,Flood
INDOFLOODS-gauge-394-126,INDOFLOODS-gauge-394,12.0_77.0,12.0,77.0,MAPPED,1984-07-02,1984-07-09,Severe Flood
INDOFLOODS-gauge-394-127,INDOFLOODS-gauge-394,12.0_77.0,12.0,77.0,MAPPED,1984-07-17,1984-07-27,Severe Flood
INDOFLOODS-gauge-394-128,INDOFLOODS-gauge-394,12.0_77.0,12.0,77.0,MAPPED,1984-08-03,1984-08-08,Flood
INDOFLOODS-gauge-394-129,INDOFLOODS-gauge-394,12.0_77.0,12.0,77.0,MAPPED,1984-08-10,1984-08-14,Flood
INDOFLOODS-gauge-394-13,INDOFLOODS-gauge-394,12.0_77.0,12.0,77.0,MAPPED,1972-09-29,1972-10-04,Flood
INDOFLOODS-gauge-394-130,INDOFLOODS-gauge-394,12.0_77.0,12.0,77.0,MAPPED,1984-08-17,1984-08-21,Flood
INDOFLOODS-gauge-394-131,INDOFLOODS-gauge-394,12.0_77.0,12.0,77.0,MAPPED,1984-08-24,1984-08-25,Flood
INDOFLOODS-gauge-394-132,INDOFLOODS-gauge-394,12.0_77.0,12.0,77.0,MAPPED,1984-09-24,1984-10-08,Severe Flood
INDOFLOODS-gauge-394-133,INDOFLOODS-gauge-394,12.0_77.0,12.0,77.0,MAPPED,1984-10-10,1984-10-13,Flood
INDOFLOODS-gauge-394-134,INDOFLOODS-gauge-394,12.0_77.0,12.0,77.0,MAPPED,1985-06-28,1985-07-03,Flood
INDOFLOODS-gauge-394-135,INDOFLOODS-gauge-394,12.0_77.0,12.0,77.0,MAPPED,1985-07-07,1985-07-07,Flood
INDOFLOODS-gauge-394-136,INDOFLOODS-gauge-394,12.0_77.0,12.0,77.0,MAPPED,1985-08-04,1985-08-05,Flood
INDOFLOODS-gauge-394-137,INDOFLOODS-gauge-394,12.0_77.0,12.0,77.0,MAPPED,1985-08-16,1985-08-20,Flood
INDOFLOODS-gauge-394-138,INDOFLOODS-gauge-394,12.0_77.0,12.0,77.0,MAPPED,1985-08-23,1985-08-27,Flood
INDOFLOODS-gauge-394-139,INDOFLOODS-gauge-394,12.0_77.0,12.0,77.0,MAPPED,1985-09-25,1985-09-27,Flood
INDOFLOODS-gauge-394-14,INDOFLOODS-gauge-394,12.0_77.0,12.0,77.0,MAPPED,1972-10-06,1972-10-13,Flood
INDOFLOODS-gauge-394-140,INDOFLOODS-gauge-394,12.0_77.0,12.0,77.0,MAPPED,1985-09-29,1985-10-04,Flood
INDOFLOODS-gauge-394-141,INDOFLOODS-gauge-394,12.0_77.0,12.0,77.0,MAPPED,1986-07-23,1986-07-24,Flood
INDOFLOODS-gauge-394-142,INDOFLOODS-gauge-394,12.0_77.0,12.0,77.0,MAPPED,1986-08-08,1986-08-18,Severe Flood
INDOFLOODS-gauge-394-143,INDOFLOODS-gauge-394,12.0_77.0,12.0,77.0,MAPPED,1986-09-17,1986-09-18,Flood
INDOFLOODS-gauge-394-144,INDOFLOODS-gauge-394,12.0_77.0,12.0,77.0,MAPPED,1986-09-23,1986-09-24,Flood
INDOFLOODS-gauge-394-145,INDOFLOODS-gauge-394,12.0_77.0,12.0,77.0,MAPPED,1986-09-28,1986-09-29,Flood
INDOFLOODS-gauge-394-146,INDOFLOODS-gauge-394,12.0_77.0,12.0,77.0,MAPPED,1986-10-02,1986-10-03,Flood
INDOFLOODS-gauge-394-147,INDOFLOODS-gauge-394,12.0_77.0,12.0,77.0,MAPPED,1986-10-05,1986-10-10,Flood
INDOFLOODS-gauge-394-148,INDOFLOODS-gauge-394,12.0_77.0,12.0,77.0,MAPPED,1986-11-02,1986-11-03,Flood
INDOFLOODS-gauge-394-149,INDOFLOODS-gauge-394,12.0_77.0,12.0,77.0,MAPPED,1986-11-06,1986-11-08,Flood
INDOFLOODS-gauge-394-15,INDOFLOODS-gauge-394,12.0_77.0,12.0,77.0,MAPPED,1972-10-15,1972-10-18,Flood
INDOFLOODS-gauge-394-150,INDOFLOODS-gauge-394,12.0_77.0,12.0,77.0,MAPPED,1987-01-07,1987-01-07,Flood
INDOFLOODS-gauge-394-151,INDOFLOODS-gauge-394,12.0_77.0,12.0,77.0,MAPPED,1987-02-05,1987-02-06,Flood
INDOFLOODS-gauge-394-152,INDOFLOODS-gauge-394,12.0_77.0,12.0,77.0,MAPPED,1987-10-07,1987-10-07,Flood
INDOFLOODS-gauge-394-153,INDOFLOODS-gauge-394,12.0_77.0,12.0,77.0,MAPPED,1987-10-10,1987-10-10,Flood
INDOFLOODS-gauge-394-154,INDOFLOODS-gauge-394,12.0_77.0,12.0,77.0,MAPPED,1987-10-12,1987-10-13,Flood
INDOFLOODS-gauge-394-155,INDOFLOODS-gauge-394,12.0_77.0,12.0,77.0,MAPPED,1987-10-21,1987-10-22,Flood
INDOFLOODS-gauge-394-156,INDOFLOODS-gauge-394,12.0_77.0,12.0,77.0,MAPPED,1987-11-21,1987-11-23,Flood
INDOFLOODS-gauge-394-157,INDOFLOODS-gauge-394,12.0_77.0,12.0,77.0,MAPPED,1988-07-22,1988-07-27,Flood
INDOFLOODS-gauge-394-158,INDOFLOODS-gauge-394,12.0_77.0,12.0,77.0,MAPPED,1988-08-06,1988-08-09,Flood
INDOFLOODS-gauge-394-159,INDOFLOODS-gauge-394,12.0_77.0,12.0,77.0,MAPPED,1988-08-20,1988-08-21,Flood
INDOFLOODS-gauge-394-16,INDOFLOODS-gauge-394,12.0_77.0,12.0,77.0,MAPPED,1972-10-30,1972-11-03,Flood
INDOFLOODS-gauge-394-160,INDOFLOODS-gauge-394,12.0_77.0,12.0,77.0,MAPPED,1988-08-27,1988-09-01,Flood
INDOFLOODS-gauge-394-161,INDOFLOODS-gauge-394,12.0_77.0,12.0,77.0,MAPPED,1988-09-06,1988-09-06,Flood
INDOFLOODS-gauge-394-162,INDOFLOODS-gauge-394,12.0_77.0,12.0,77.0,MAPPED,1988-09-08,1988-09-21,Flood
INDOFLOODS-gauge-394-163,INDOFLOODS-gauge-394,12.0_77.0,12.0,77.0,MAPPED,1988-09-24,1988-09-24,Flood
INDOFLOODS-gauge-394-164,INDOFLOODS-gauge-394,12.0_77.0,12.0,77.0,MAPPED,1988-09-26,1988-09-30,Flood
INDOFLOODS-gauge-394-165,INDOFLOODS-gauge-394,12.0_77.0,12.0,77.0,MAPPED,1989-01-01,1989-01-01,Flood
INDOFLOODS-gauge-394-166,INDOFLOODS-gauge-394,12.0_77.0,12.0,77.0,MAPPED,1989-07-25,1989-07-31,Flood
INDOFLOODS-gauge-394-167,INDOFLOODS-gauge-394,12.0_77.0,12.0,77.0,MAPPED,1989-08-18,1989-08-23,Flood
INDOFLOODS-gauge-394-168,INDOFLOODS-gauge-394,12.0_77.0,12.0,77.0,MAPPED,1989-08-27,1989-08-28,Flood
INDOFLOODS-gauge-394-169,INDOFLOODS-gauge-394,12.0_77.0,12.0,77.0,MAPPED,1989-08-30,1989-08-31,Flood
INDOFLOODS-gauge-394-17,INDOFLOODS-gauge-394,12.0_77.0,12.0,77.0,MAPPED,1972-12-09,1972-12-15,Flood
INDOFLOODS-gauge-394-170,INDOFLOODS-gauge-394,12.0_77.0,12.0,77.0,MAPPED,1989-09-03,1989-09-04,Flood
INDOFLOODS-gauge-394-171,INDOFLOODS-gauge-394,12.0_77.0,12.0,77.0,MAPPED,1989-09-21,1989-09-22,Flood
INDOFLOODS-gauge-394-172,INDOFLOODS-gauge-394,12.0_77.0,12.0,77.0,MAPPED,1989-09-26,1989-09-26,Flood
INDOFLOODS-gauge-394-173,INDOFLOODS-gauge-394,12.0_77.0,12.0,77.0,MAPPED,1989-10-01,1989-10-02,Flood
INDOFLOODS-gauge-394-174,INDOFLOODS-gauge-394,12.0_77.0,12.0,77.0,MAPPED,1989-10-07,1989-10-11,Flood
INDOFLOODS-gauge-394-175,INDOFLOODS-gauge-394,12.0_77.0,12.0,77.0,MAPPED,1989-10-21,1989-10-22,Flood
INDOFLOODS-gauge-394-176,INDOFLOODS-gauge-394,12.0_77.0,12.0,77.0,MAPPED,1990-08-16,1990-08-29,Flood
INDOFLOODS-gauge-394-177,INDOFLOODS-gauge-394,12.0_77.0,12.0,77.0,MAPPED,1990-09-09,1990-09-11,Flood
INDOFLOODS-gauge-394-178,INDOFLOODS-gauge-394,12.0_77.0,12.0,77.0,MAPPED,1991-06-04,1991-06-06,Flood
INDOFLOODS-gauge-394-179,INDOFLOODS-gauge-394,12.0_77.0,12.0,77.0,MAPPED,1991-07-04,1991-07-04,Flood
INDOFLOODS-gauge-394-18,INDOFLOODS-gauge-394,12.0_77.0,12.0,77.0,MAPPED,1973-05-24,1973-05-25,Flood
INDOFLOODS-gauge-394-180,INDOFLOODS-gauge-394,12.0_77.0,12.0,77.0,MAPPED,1991-07-10,1991-07-17,Flood
INDOFLOODS-gauge-394-181,INDOFLOODS-gauge-394,12.0_77.0,12.0,77.0,MAPPED,1991-07-19,1991-07-19,Flood
INDOFLOODS-gauge-394-182,INDOFLOODS-gauge-394,12.0_77.0,12.0,77.0,MAPPED,1991-07-28,1991-08-12,Severe Flood
INDOFLOODS-gauge-394-183,INDOFLOODS-gauge-394,12.0_77.0,12.0,77.0,MAPPED,1991-08-15,1991-08-29,Flood
INDOFLOODS-gauge-394-184,INDOFLOODS-gauge-394,12.0_77.0,12.0,77.0,MAPPED,1991-09-13,1991-09-18,Flood
INDOFLOODS-gauge-394-185,INDOFLOODS-gauge-394,12.0_77.0,12.0,77.0,MAPPED,1991-10-06,1991-10-08,Flood
INDOFLOODS-gauge-394-186,INDOFLOODS-gauge-394,12.0_77.0,12.0,77.0,MAPPED,1991-10-10,1991-10-12,Flood
INDOFLOODS-gauge-394-187,INDOFLOODS-gauge-394,12.0_77.0,12.0,77.0,MAPPED,1991-10-30,1991-11-08,Severe Flood
INDOFLOODS-gauge-394-188,INDOFLOODS-gauge-394,12.0_77.0,12.0,77.0,MAPPED,1991-11-11,1991-11-11,Flood
INDOFLOODS-gauge-394-189,INDOFLOODS-gauge-394,12.0_77.0,12.0,77.0,MAPPED,1991-11-16,1991-11-21,Flood
INDOFLOODS-gauge-394-19,INDOFLOODS-gauge-394,12.0_77.0,12.0,77.0,MAPPED,1973-06-14,1973-06-15,Flood
INDOFLOODS-gauge-394-190,INDOFLOODS-gauge-394,12.0_77.0,12.0,77.0,MAPPED,1992-06-24,1992-06-26,Flood
INDOFLOODS-gauge-394-191,INDOFLOODS-gauge-394,12.0_77.0,12.0,77.0,MAPPED,1992-07-02,1992-07-03,Flood
INDOFLOODS-gauge-394-192,INDOFLOODS-gauge-394,12.0_77.0,12.0,77.0,MAPPED,1992-07-08,1992-07-09,Flood
INDOFLOODS-gauge-394-193,INDOFLOODS-gauge-394,12.0_77.0,12.0,77.0,MAPPED,1992-07-20,1992-08-10,Severe Flood
INDOFLOODS-gauge-394-194,INDOFLOODS-gauge-394,12.0_77.0,12.0,77.0,MAPPED,1992-08-12,1992-08-26,Severe Flood
INDOFLOODS-gauge-394-195,INDOFLOODS-gauge-394,12.0_77.0,12.0,77.0,MAPPED,1992-08-28,1992-09-14,Flood
INDOFLOODS-gauge-394-196,INDOFLOODS-gauge-394,12.0_77.0,12.0,77.0,MAPPED,1992-09-19,1992-09-24,Flood
INDOFLOODS-gauge-394-197,INDOFLOODS-gauge-394,12.0_77.0,12.0,77.0,MAPPED,1992-09-26,1992-09-26,Flood
INDOFLOODS-gauge-394-198,INDOFLOODS-gauge-394,12.0_77.0,12.0,77.0,MAPPED,1992-09-28,1992-10-13,Flood
INDOFLOODS-gauge-394-199,INDOFLOODS-gauge-394,12.0_77.0,12.0,77.0,MAPPED,1992-10-18,1992-10-20,Flood
INDOFLOODS-gauge-394-2,INDOFLOODS-gauge-394,12.0_77.0,12.0,77.0,MAPPED,1971-09-16,1971-10-03,Flood
INDOFLOODS-gauge-394-20,INDOFLOODS-gauge-394,12.0_77.0,12.0,77.0,MAPPED,1973-06-17,1973-06-26,Flood
INDOFLOODS-gauge-394-200,INDOFLOODS-gauge-394,12.0_77.0,12.0,77.0,MAPPED,1992-11-19,1992-11-25,Flood
INDOFLOODS-gauge-394-201,INDOFLOODS-gauge-394,12.0_77.0,12.0,77.0,MAPPED,1993-07-18,1993-07-22,Flood
INDOFLOODS-gauge-394-202,INDOFLOODS-gauge-394,12.0_77.0,12.0,77.0,MAPPED,1993-07-30,1993-07-31,Flood
INDOFLOODS-gauge-394-203,INDOFLOODS-gauge-394,12.0_77.0,12.0,77.0,MAPPED,1993-08-02,1993-08-08,Flood
INDOFLOODS-gauge-394-204,INDOFLOODS-gauge-394,12.0_77.0,12.0,77.0,MAPPED,1993-08-16,1993-08-21,Flood
INDOFLOODS-gauge-394-205,INDOFLOODS-gauge-394,12.0_77.0,12.0,77.0,MAPPED,1993-08-23,1993-08-24,Flood
INDOFLOODS-gauge-394-206,INDOFLOODS-gauge-394,12.0_77.0,12.0,77.0,MAPPED,1993-08-27,1993-09-04,Flood
INDOFLOODS-gauge-394-207,INDOFLOODS-gauge-394,12.0_77.0,12.0,77.0,MAPPED,1993-09-06,1993-09-06,Flood
INDOFLOODS-gauge-394-208,INDOFLOODS-gauge-394,12.0_77.0,12.0,77.0,MAPPED,1993-10-05,1993-10-06,Flood
INDOFLOODS-gauge-394-209,INDOFLOODS-gauge-394,12.0_77.0,12.0,77.0,MAPPED,1993-10-08,1993-10-18,Flood
INDOFLOODS-gauge-394-21,INDOFLOODS-gauge-394,12.0_77.0,12.0,77.0,MAPPED,1973-07-06,1973-07-29,Severe Flood
INDOFLOODS-gauge-394-210,INDOFLOODS-gauge-394,12.0_77.0,12.0,77.0,MAPPED,1993-10-23,1993-10-26,Flood
INDOFLOODS-gauge-394-211,INDOFLOODS-gauge-394,12.0_77.0,12.0,77.0,MAPPED,1994-07-02,1994-07-05,Flood
INDOFLOODS-gauge-394-212,INDOFLOODS-gauge-394,12.0_77.0,12.0,77.0,MAPPED,1994-07-14,1994-08-09,Severe Flood
INDOFLOODS-gauge-394-213,INDOFLOODS-gauge-394,12.0_77.0,12.0,77.0,MAPPED,1994-08-30,1994-09-11,Flood
INDOFLOODS-gauge-394-214,INDOFLOODS-gauge-394,12.0_77.0,12.0,77.0,MAPPED,1994-09-29,1994-09-30,Flood
INDOFLOODS-gauge-394-215,INDOFLOODS-gauge-394,12.0_77.0,12.0,77.0,MAPPED,1994-10-02,1994-10-08,Flood
INDOFLOODS-gauge-394-216,INDOFLOODS-gauge-394,12.0_77.0,12.0,77.0,MAPPED,1994-10-12,1994-11-09,Severe Flood
INDOFLOODS-gauge-394-217,INDOFLOODS-gauge-394,12.0_77.0,12.0,77.0,MAPPED,1995-07-14,1995-07-16,Flood
INDOFLOODS-gauge-394-218,INDOFLOODS-gauge-394,12.0_77.0,12.0,77.0,MAPPED,1995-07-19,1995-07-20,Flood
INDOFLOODS-gauge-394-219,INDOFLOODS-gauge-394,12.0_77.0,12.0,77.0,MAPPED,1995-07-22,1995-07-23,Flood
INDOFLOODS-gauge-394-22,INDOFLOODS-gauge-394,12.0_77.0,12.0,77.0,MAPPED,1973-08-02,1973-08-02,Flood
INDOFLOODS-gauge-394-220,INDOFLOODS-gauge-394,12.0_77.0,12.0,77.0,MAPPED,1995-08-22,1995-08-23,Flood
INDOFLOODS-gauge-394-221,INDOFLOODS-gauge-394,12.0_77.0,12.0,77.0,MAPPED,1995-08-30,1995-09-13,Severe Flood
INDOFLOODS-gauge-394-222,INDOFLOODS-gauge-394,12.0_77.0,12.0,77.0,MAPPED,1995-09-22,1995-09-23,Flood
INDOFLOODS-gauge-394-223,INDOFLOODS-gauge-394,12.0_77.0,12.0,77.0,MAPPED,1995-10-01,1995-10-06,Flood
INDOFLOODS-gauge-394-224,INDOFLOODS-gauge-394,12.0_77.0,12.0,77.0,MAPPED,1996-01-08,1996-01-09,Flood
INDOFLOODS-gauge-394-225,INDOFLOODS-gauge-394,12.0_77.0,12.0,77.0,MAPPED,1996-07-24,1996-08-02,Flood
INDOFLOODS-gauge-394-226,INDOFLOODS-gauge-394,12.0_77.0,12.0,77.0,MAPPED,1996-08-17,1996-08-26,Flood
INDOFLOODS-gauge-394-227,INDOFLOODS-gauge-394,12.0_77.0,12.0,77.0,MAPPED,1996-09-03,1996-09-10,Flood
INDOFLOODS-gauge-394-228,INDOFLOODS-gauge-394,12.0_77.0,12.0,77.0,MAPPED,1996-09-12,1996-09-13,Flood
INDOFLOODS-gauge-394-229,INDOFLOODS-gauge-394,12.0_77.0,12.0,77.0,MAPPED,1996-09-26,1996-10-08,Flood
INDOFLOODS-gauge-394-23,INDOFLOODS-gauge-394,12.0_77.0,12.0,77.0,MAPPED,1973-08-04,1973-09-10,Flood
INDOFLOODS-gauge-394-230,INDOFLOODS-gauge-394,12.0_77.0,12.0,77.0,MAPPED,1996-10-12,1996-10-24,Flood
INDOFLOODS-gauge-394-231,INDOFLOODS-gauge-394,12.0_77.0,12.0,77.0,MAPPED,1997-07-10,1997-07-16,Flood
INDOFLOODS-gauge-394-232,INDOFLOODS-gauge-394,12.0_77.0,12.0,77.0,MAPPED,1997-07-28,1997-08-14,Severe Flood
INDOFLOODS-gauge-394-233,INDOFLOODS-gauge-394,12.0_77.0,12.0,77.0,MAPPED,1997-08-24,1997-09-03,Severe Flood
INDOFLOODS-gauge-394-234,INDOFLOODS-gauge-394,12.0_77.0,12.0,77.0,MAPPED,1997-09-14,1997-09-16,Flood
INDOFLOODS-gauge-394-235,INDOFLOODS-gauge-394,12.0_77.0,12.0,77.0,MAPPED,1997-09-18,1997-09-20,Flood
INDOFLOODS-gauge-394-236,INDOFLOODS-gauge-394,12.0_77.0,12.0,77.0,MAPPED,1997-10-02,1997-10-05,Flood
INDOFLOODS-gauge-394-237,INDOFLOODS-gauge-394,12.0_77.0,12.0,77.0,MAPPED,1997-10-10,1997-10-10,Flood
INDOFLOODS-gauge-394-238,INDOFLOODS-gauge-394,12.0_77.0,12.0,77.0,MAPPED,1997-10-24,1997-10-27,Flood
INDOFLOODS-gauge-394-239,INDOFLOODS-gauge-394,12.0_77.0,12.0,77.0,MAPPED,1997-10-31,1997-11-04,Flood
INDOFLOODS-gauge-394-24,INDOFLOODS-gauge-394,12.0_77.0,12.0,77.0,MAPPED,1973-09-12,1973-09-12,Flood
INDOFLOODS-gauge-394-240,INDOFLOODS-gauge-394,12.0_77.0,12.0,77.0,MAPPED,1997-11-13,1997-11-13,Flood
INDOFLOODS-gauge-394-241,INDOFLOODS-gauge-394,12.0_77.0,12.0,77.0,MAPPED,1997-11-20,1997-11-21,Flood
INDOFLOODS-gauge-394-242,INDOFLOODS-gauge-394,12.0_77.0,12.0,77.0,MAPPED,1997-11-26,1997-11-30,Flood
INDOFLOODS-gauge-394-243,INDOFLOODS-gauge-394,12.0_77.0,12.0,77.0,MAPPED,1997-12-10,1997-12-10,Flood
INDOFLOODS-gauge-394-244,INDOFLOODS-gauge-394,12.0_77.0,12.0,77.0,MAPPED,1998-07-03,1998-07-10,Flood
INDOFLOODS-gauge-394-245,INDOFLOODS-gauge-394,12.0_77.0,12.0,77.0,MAPPED,1998-07-13,1998-07-20,Flood
INDOFLOODS-gauge-394-246,INDOFLOODS-gauge-394,12.0_77.0,12.0,77.0,MAPPED,1998-07-31,1998-08-06,Flood
INDOFLOODS-gauge-394-247,INDOFLOODS-gauge-394,12.0_77.0,12.0,77.0,MAPPED,1998-08-17,1998-08-23,Flood
INDOFLOODS-gauge-394-248,INDOFLOODS-gauge-394,12.0_77.0,12.0,77.0,MAPPED,1998-08-25,1998-08-25,Flood
INDOFLOODS-gauge-394-249,INDOFLOODS-gauge-394,12.0_77.0,12.0,77.0,MAPPED,1998-08-29,1998-08-29,Flood
INDOFLOODS-gauge-394-25,INDOFLOODS-gauge-394,12.0_77.0,12.0,77.0,MAPPED,1973-09-14,1973-09-14,Flood
INDOFLOODS-gauge-394-250,INDOFLOODS-gauge-394,12.0_77.0,12.0,77.0,MAPPED,1998-09-05,1998-09-07,Flood
INDOFLOODS-gauge-394-251,INDOFLOODS-gauge-394,12.0_77.0,12.0,77.0,MAPPED,1998-09-13,1998-09-14,Flood
INDOFLOODS-gauge-394-252,INDOFLOODS-gauge-394,12.0_77.0,12.0,77.0,MAPPED,1998-09-16,1998-09-20,Flood
INDOFLOODS-gauge-394-253,INDOFLOODS-gauge-394,12.0_77.0,12.0,77.0,MAPPED,1998-09-25,1998-10-01,Flood
INDOFLOODS-gauge-394-254,INDOFLOODS-gauge-394,12.0_77.0,12.0,77.0,MAPPED,1998-10-04,1998-10-07,Flood
INDOFLOODS-gauge-394-255,INDOFLOODS-gauge-394,12.0_77.0,12.0,77.0,MAPPED,1998-10-09,1998-10-13,Flood
INDOFLOODS-gauge-394-256,INDOFLOODS-gauge-394,12.0_77.0,12.0,77.0,MAPPED,1998-10-15,1998-10-21,Flood
INDOFLOODS-gauge-394-257,INDOFLOODS-gauge-394,12.0_77.0,12.0,77.0,MAPPED,1998-10-27,1998-10-28,Flood
INDOFLOODS-gauge-394-258,INDOFLOODS-gauge-394,12.0_77.0,12.0,77.0,MAPPED,1998-11-03,1998-11-05,Flood
INDOFLOODS-gauge-394-259,INDOFLOODS-gauge-394,12.0_77.0,12.0,77.0,MAPPED,1998-11-08,1998-11-12,Flood
INDOFLOODS-gauge-394-26,INDOFLOODS-gauge-394,12.0_77.0,12.0,77.0,MAPPED,1973-09-17,1973-09-21,Flood
INDOFLOODS-gauge-394-260,INDOFLOODS-gauge-394,12.0_77.0,12.0,77.0,MAPPED,1999-07-20,1999-07-26,Flood
INDOFLOODS-gauge-394-261,INDOFLOODS-gauge-394,12.0_77.0,12.0,77.0,MAPPED,1999-07-29,1999-08-15,Flood
INDOFLOODS-gauge-394-262,INDOFLOODS-gauge-394,12.0_77.0,12.0,77.0,MAPPED,1999-10-01,1999-10-09,Flood
INDOFLOODS-gauge-394-263,INDOFLOODS-gauge-394,12.0_77.0,12.0,77.0,MAPPED,1999-10-14,1999-10-14,Flood
INDOFLOODS-gauge-394-264,INDOFLOODS-gauge-394,12.0_77.0,12.0,77.0,MAPPED,1999-10-16,1999-11-02,Severe Flood
INDOFLOODS-gauge-394-265,INDOFLOODS-gauge-394,12.0_77.0,12.0,77.0,MAPPED,1999-11-06,1999-11-07,Flood
INDOFLOODS-gauge-394-266,INDOFLOODS-gauge-394,12.0_77.0,12.0,77.0,MAPPED,1999-11-22,1999-11-25,Flood
INDOFLOODS-gauge-394-267,INDOFLOODS-gauge-394,12.0_77.0,12.0,77.0,MAPPED,2000-07-14,2000-07-16,Flood
INDOFLOODS-gauge-394-268,INDOFLOODS-gauge-394,12.0_77.0,12.0,77.0,MAPPED,2000-08-04,2000-08-07,Flood
INDOFLOODS-gauge-394-269,INDOFLOODS-gauge-394,12.0_77.0,12.0,77.0,MAPPED,2000-08-27,2000-09-02,Severe Flood
INDOFLOODS-gauge-394-27,INDOFLOODS-gauge-394,12.0_77.0,12.0,77.0,MAPPED,1973-09-28,1973-09-29,Flood
INDOFLOODS-gauge-394-270,INDOFLOODS-gauge-394,12.0_77.0,12.0,77.0,MAPPED,2000-09-06,2000-09-10,Flood
INDOFLOODS-gauge-394-271,INDOFLOODS-gauge-394,12.0_77.0,12.0,77.0,MAPPED,2000-09-15,2000-10-30,Severe Flood
INDOFLOODS-gauge-394-272,INDOFLOODS-gauge-394,12.0_77.0,12.0,77.0,MAPPED,2000-11-25,2000-11-26,Flood
INDOFLOODS-gauge-394-273,INDOFLOODS-gauge-394,12.0_77.0,12.0,77.0,MAPPED,2000-12-01,2000-12-03,Flood
INDOFLOODS-gauge-394-274,INDOFLOODS-gauge-394,12.0_77.0,12.0,77.0,MAPPED,2001-07-09,2001-07-15,Flood
INDOFLOODS-gauge-394-275,INDOFLOODS-gauge-394,12.0_77.0,12.0,77.0,MAPPED,2001-08-07,2001-08-08,Flood
INDOFLOODS-gauge-394-276,INDOFLOODS-gauge-394,12.0_77.0,12.0,77.0,MAPPED,2001-08-22,2001-08-23,Flood
INDOFLOODS-gauge-394-277,INDOFLOODS-gauge-394,12.0_77.0,12.0,77.0,MAPPED,2001-08-27,2001-08-28,Flood
INDOFLOODS-gauge-394-278,INDOFLOODS-gauge-394,12.0_77.0,12.0,77.0,MAPPED,2001-09-19,2001-09-25,Flood
INDOFLOODS-gauge-394-279,INDOFLOODS-gauge-394,12.0_77.0,12.0,77.0,MAPPED,2001-09-27,2001-09-27,Flood
INDOFLOODS-gauge-394-28,INDOFLOODS-gauge-394,12.0_77.0,12.0,77.0,MAPPED,1973-10-01,1973-10-01,Flood
INDOFLOODS-gauge-394-280,INDOFLOODS-gauge-394,12.0_77.0,12.0,77.0,MAPPED,2001-10-13,2001-10-14,Flood
INDOFLOODS-gauge-394-281,INDOFLOODS-gauge-394,12.0_77.0,12.0,77.0,MAPPED,2001-10-16,2001-10-18,Flood
INDOFLOODS-gauge-394-282,INDOFLOODS-gauge-394,12.0_77.0,12.0,77.0,MAPPED,2001-10-26,2001-10-29,Flood
INDOFLOODS-gauge-394-283,INDOFLOODS-gauge-394,12.0_77.0,12.0,77.0,MAPPED,2001-11-07,2001-11-11,Flood
INDOFLOODS-gauge-394-284,INDOFLOODS-gauge-394,12.0_77.0,12.0,77.0,MAPPED,2002-08-13,2002-08-13,Flood
INDOFLOODS-gauge-394-285,INDOFLOODS-gauge-394,12.0_77.0,12.0,77.0,MAPPED,2002-08-19,2002-08-21,Flood
INDOFLOODS-gauge-394-286,INDOFLOODS-gauge-394,12.0_77.0,12.0,77.0,MAPPED,2002-10-30,2002-11-02,Flood
INDOFLOODS-gauge-394-287,INDOFLOODS-gauge-394,12.0_77.0,12.0,77.0,MAPPED,2003-10-21,2003-10-23,Flood
INDOFLOODS-gauge-394-288,INDOFLOODS-gauge-394,12.0_77.0,12.0,77.0,MAPPED,2004-06-21,2004-06-21,Flood
INDOFLOODS-gauge-394-289,INDOFLOODS-gauge-394,12.0_77.0,12.0,77.0,MAPPED,2004-07-07,2004-07-07,Flood
INDOFLOODS-gauge-394-29,INDOFLOODS-gauge-394,12.0_77.0,12.0,77.0,MAPPED,1973-10-24,1973-11-05,Flood
INDOFLOODS-gauge-394-290,INDOFLOODS-gauge-394,12.0_77.0,12.0,77.0,MAPPED,2004-07-13,2004-07-13,Flood
INDOFLOODS-gauge-394-291,INDOFLOODS-gauge-394,12.0_77.0,12.0,77.0,MAPPED,2004-07-28,2004-07-28,Flood
INDOFLOODS-gauge-394-292,INDOFLOODS-gauge-394,12.0_77.0,12.0,77.0,MAPPED,2004-08-06,2004-08-12,Flood
INDOFLOODS-gauge-394-293,INDOFLOODS-gauge-394,12.0_77.0,12.0,77.0,MAPPED,2004-08-16,2004-08-17,Flood
INDOFLOODS-gauge-394-294,INDOFLOODS-gauge-394,12.0_77.0,12.0,77.0,MAPPED,2004-08-19,2004-08-19,Flood
INDOFLOODS-gauge-394-295,INDOFLOODS-gauge-394,12.0_77.0,12.0,77.0,MAPPED,2004-08-23,2004-08-24,Flood
INDOFLOODS-gauge-394-296,INDOFLOODS-gauge-394,12.0_77.0,12.0,77.0,MAPPED,2004-09-07,2004-09-08,Flood
INDOFLOODS-gauge-394-297,INDOFLOODS-gauge-394,12.0_77.0,12.0,77.0,MAPPED,2004-09-16,2004-09-18,Flood
INDOFLOODS-gauge-394-298,INDOFLOODS-gauge-394,12.0_77.0,12.0,77.0,MAPPED,2004-09-26,2004-09-26,Flood
INDOFLOODS-gauge-394-299,INDOFLOODS-gauge-394,12.0_77.0,12.0,77.0,MAPPED,2004-10-04,2004-10-05,Flood
INDOFLOODS-gauge-394-3,INDOFLOODS-gauge-394,12.0_77.0,12.0,77.0,MAPPED,1971-10-05,1971-10-06,Flood
INDOFLOODS-gauge-394-30,INDOFLOODS-gauge-394,12.0_77.0,12.0,77.0,MAPPED,1974-07-08,1974-07-12,Flood
INDOFLOODS-gauge-394-300,INDOFLOODS-gauge-394,12.0_77.0,12.0,77.0,MAPPED,2004-10-14,2004-10-19,Flood
INDOFLOODS-gauge-394-301,INDOFLOODS-gauge-394,12.0_77.0,12.0,77.0,MAPPED,2005-07-08,2005-07-11,Flood
INDOFLOODS-gauge-394-302,INDOFLOODS-gauge-394,12.0_77.0,12.0,77.0,MAPPED,2005-07-13,2005-07-14,Flood
INDOFLOODS-gauge-394-303,INDOFLOODS-gauge-394,12.0_77.0,12.0,77.0,MAPPED,2005-07-17,2005-07-17,Flood
INDOFLOODS-gauge-394-304,INDOFLOODS-gauge-394,12.0_77.0,12.0,77.0,MAPPED,2005-07-27,2005-08-10,Severe Flood
INDOFLOODS-gauge-394-305,INDOFLOODS-gauge-394,12.0_77.0,12.0,77.0,MAPPED,2005-08-13,2005-08-15,Flood
INDOFLOODS-gauge-394-306,INDOFLOODS-gauge-394,12.0_77.0,12.0,77.0,MAPPED,2005-08-18,2005-08-21,Flood
INDOFLOODS-gauge-394-307,INDOFLOODS-gauge-394,12.0_77.0,12.0,77.0,MAPPED,2005-08-25,2005-09-07,Flood
INDOFLOODS-gauge-394-308,INDOFLOODS-gauge-394,12.0_77.0,12.0,77.0,MAPPED,2005-09-11,2005-09-19,Flood
INDOFLOODS-gauge-394-309,INDOFLOODS-gauge-394,12.0_77.0,12.0,77.0,MAPPED,2005-09-24,2005-09-25,Flood
INDOFLOODS-gauge-394-31,INDOFLOODS-gauge-394,12.0_77.0,12.0,77.0,MAPPED,1974-07-14,1974-07-23,Flood
INDOFLOODS-gauge-394-310,INDOFLOODS-gauge-394,12.0_77.0,12.0,77.0,MAPPED,2005-10-04,2005-10-07,Flood
INDOFLOODS-gauge-394-311,INDOFLOODS-gauge-394,12.0_77.0,12.0,77.0,MAPPED,2005-10-10,2005-11-12,Severe Flood
INDOFLOODS-gauge-394-312,INDOFLOODS-gauge-394,12.0_77.0,12.0,77.0,MAPPED,2005-11-14,2005-11-14,Flood
INDOFLOODS-gauge-394-313,INDOFLOODS-gauge-394,12.0_77.0,12.0,77.0,MAPPED,2005-11-24,2005-11-28,Flood
INDOFLOODS-gauge-394-314,INDOFLOODS-gauge-394,12.0_77.0,12.0,77.0,MAPPED,2006-07-02,2006-07-09,Flood
INDOFLOODS-gauge-394-315,INDOFLOODS-gauge-394,12.0_77.0,12.0,77.0,MAPPED,2006-07-16,2006-07-26,Flood
INDOFLOODS-gauge-394-316,INDOFLOODS-gauge-394,12.0_77.0,12.0,77.0,MAPPED,2006-07-29,2006-08-04,Flood
INDOFLOODS-gauge-394-317,INDOFLOODS-gauge-394,12.0_77.0,12.0,77.0,MAPPED,2006-08-08,2006-08-09,Flood
INDOFLOODS-gauge-394-318,INDOFLOODS-gauge-394,12.0_77.0,12.0,77.0,MAPPED,2006-08-14,2006-08-24,Flood
INDOFLOODS-gauge-394-319,INDOFLOODS-gauge-394,12.0_77.0,12.0,77.0,MAPPED,2006-09-20,2006-09-20,Flood
INDOFLOODS-gauge-394-32,INDOFLOODS-gauge-394,12.0_77.0,12.0,77.0,MAPPED,1974-07-28,1974-08-31,Severe Flood
INDOFLOODS-gauge-394-320,INDOFLOODS-gauge-394,12.0_77.0,12.0,77.0,MAPPED,2006-10-09,2006-10-10,Flood
INDOFLOODS-gauge-394-321,INDOFLOODS-gauge-394,12.0_77.0,12.0,77.0,MAPPED,2006-11-08,2006-11-09,Flood
INDOFLOODS-gauge-394-322,INDOFLOODS-gauge-394,12.0_77.0,12.0,77.0,MAPPED,2007-07-03,2007-07-28,Severe Flood
INDOFLOODS-gauge-394-323,INDOFLOODS-gauge-394,12.0_77.0,12.0,77.0,MAPPED,2007-08-07,2007-08-18,Severe Flood
INDOFLOODS-gauge-394-324,INDOFLOODS-gauge-394,12.0_77.0,12.0,77.0,MAPPED,2007-08-24,2007-09-23,Flood
INDOFLOODS-gauge-394-325,INDOFLOODS-gauge-394,12.0_77.0,12.0,77.0,MAPPED,2007-09-26,2007-10-01,Flood
INDOFLOODS-gauge-394-326,INDOFLOODS-gauge-394,12.0_77.0,12.0,77.0,MAPPED,2007-10-04,2007-10-06,Flood
INDOFLOODS-gauge-394-327,INDOFLOODS-gauge-394,12.0_77.0,12.0,77.0,MAPPED,2007-10-19,2007-10-31,Flood
INDOFLOODS-gauge-394-328,INDOFLOODS-gauge-394,12.0_77.0,12.0,77.0,MAPPED,2007-11-03,2007-11-05,Flood
INDOFLOODS-gauge-394-329,INDOFLOODS-gauge-394,12.0_77.0,12.0,77.0,MAPPED,2007-11-08,2007-11-09,Flood
INDOFLOODS-gauge-394-33,INDOFLOODS-gauge-394,12.0_77.0,12.0,77.0,MAPPED,1974-09-10,1974-09-10,Flood
INDOFLOODS-gauge-394-330,INDOFLOODS-gauge-394,12.0_77.0,12.0,77.0,MAPPED,2008-07-31,2008-07-31,Flood
INDOFLOODS-gauge-394-331,INDOFLOODS-gauge-394,12.0_77.0,12.0,77.0,MAPPED,2008-08-02,2008-08-07,Flood
INDOFLOODS-gauge-394-332,INDOFLOODS-gauge-394,12.0_77.0,12.0,77.0,MAPPED,2008-08-13,2008-08-21,Severe Flood
INDOFLOODS-gauge-394-333,INDOFLOODS-gauge-394,12.0_77.0,12.0,77.0,MAPPED,2008-08-23,2008-08-23,Flood
INDOFLOODS-gauge-394-334,INDOFLOODS-gauge-394,12.0_77.0,12.0,77.0,MAPPED,2008-08-27,2008-09-11,Flood
INDOFLOODS-gauge-394-335,INDOFLOODS-gauge-394,12.0_77.0,12.0,77.0,MAPPED,2008-09-14,2008-09-14,Flood
INDOFLOODS-gauge-394-336,INDOFLOODS-gauge-394,12.0_77.0,12.0,77.0,MAPPED,2008-09-16,2008-09-17,Flood
INDOFLOODS-gauge-394-337,INDOFLOODS-gauge-394,12.0_77.0,12.0,77.0,MAPPED,2008-10-10,2008-10-10,Flood
INDOFLOODS-gauge-394-338,INDOFLOODS-gauge-394,12.0_77.0,12.0,77.0,MAPPED,2008-10-18,2008-10-18,Flood
INDOFLOODS-gauge-394-339,INDOFLOODS-gauge-394,12.0_77.0,12.0,77.0,MAPPED,2008-10-22,2008-10-29,Flood
INDOFLOODS-gauge-394-34,INDOFLOODS-gauge-394,12.0_77.0,12.0,77.0,MAPPED,1974-09-14,1974-10-11,Flood
INDOFLOODS-gauge-394-340,INDOFLOODS-gauge-394,12.0_77.0,12.0,77.0,MAPPED,2009-07-17,2009-07-23,Flood
INDOFLOODS-gauge-394-341,INDOFLOODS-gauge-394,12.0_77.0,12.0,77.0,MAPPED,2009-07-25,2009-07-28,Flood
INDOFLOODS-gauge-394-342,INDOFLOODS-gauge-394,12.0_77.0,12.0,77.0,MAPPED,2009-08-02,2009-08-04,Flood
INDOFLOODS-gauge-394-343,INDOFLOODS-gauge-394,12.0_77.0,12.0,77.0,MAPPED,2009-08-08,2009-08-09,Flood
INDOFLOODS-gauge-394-344,INDOFLOODS-gauge-394,12.0_77.0,12.0,77.0,MAPPED,2009-08-17,2009-08-22,Flood
INDOFLOODS-gauge-394-345,INDOFLOODS-gauge-394,12.0_77.0,12.0,77.0,MAPPED,2009-09-03,2009-09-03,Flood
INDOFLOODS-gauge-394-346,INDOFLOODS-gauge-394,12.0_77.0,12.0,77.0,MAPPED,2009-09-08,2009-09-10,Flood
INDOFLOODS-gauge-394-347,INDOFLOODS-gauge-394,12.0_77.0,12.0,77.0,MAPPED,2009-09-15,2009-09-30,Flood
INDOFLOODS-gauge-394-348,INDOFLOODS-gauge-394,12.0_77.0,12.0,77.0,MAPPED,2009-10-14,2009-10-16,Flood
INDOFLOODS-gauge-394-349,INDOFLOODS-gauge-394,12.0_77.0,12.0,77.0,MAPPED,2009-11-12,2009-11-12,Flood
INDOFLOODS-gauge-394-35,INDOFLOODS-gauge-394,12.0_77.0,12.0,77.0,MAPPED,1974-10-14,1974-10-17,Flood
INDOFLOODS-gauge-394-350,INDOFLOODS-gauge-394,12.0_77.0,12.0,77.0,MAPPED,2010-07-31,2010-08-03,Flood
INDOFLOODS-gauge-394-351,INDOFLOODS-gauge-394,12.0_77.0,12.0,77.0,MAPPED,2010-08-25,2010-08-26,Flood
INDOFLOODS-gauge-394-352,INDOFLOODS-gauge-394,12.0_77.0,12.0,77.0,MAPPED,2010-09-14,2010-09-14,Flood
INDOFLOODS-gauge-394-353,INDOFLOODS-gauge-394,12.0_77.0,12.0,77.0,MAPPED,2010-09-25,2010-09-25,Flood
INDOFLOODS-gauge-394-354,INDOFLOODS-gauge-394,12.0_77.0,12.0,77.0,MAPPED,2010-10-04,2010-10-06,Flood
INDOFLOODS-gauge-394-355,INDOFLOODS-gauge-394,12.0_77.0,12.0,77.0,MAPPED,2010-10-29,2010-10-31,Flood
INDOFLOODS-gauge-394-356,INDOFLOODS-gauge-394,12.0_77.0,12.0,77.0,MAPPED,2010-11-03,2010-11-16,Flood
INDOFLOODS-gauge-394-357,INDOFLOODS-gauge-394,12.0_77.0,12.0,77.0,MAPPED,2010-11-18,2010-11-21,Flood
INDOFLOODS-gauge-394-358,INDOFLOODS-gauge-394,12.0_77.0,12.0,77.0,MAPPED,2010-11-24,2010-11-26,Flood
INDOFLOODS-gauge-394-359,INDOFLOODS-gauge-394,12.0_77.0,12.0,77.0,MAPPED,2010-11-28,2010-11-28,Flood
INDOFLOODS-gauge-394-36,INDOFLOODS-gauge-394,12.0_77.0,12.0,77.0,MAPPED,1974-10-23,1974-10-23,Flood
INDOFLOODS-gauge-394-360,INDOFLOODS-gauge-394,12.0_77.0,12.0,77.0,MAPPED,2011-04-24,2011-04-24,Flood
INDOFLOODS-gauge-394-361,INDOFLOODS-gauge-394,12.0_77.0,12.0,77.0,MAPPED,2011-07-19,2011-07-24,Flood
INDOFLOODS-gauge-394-362,INDOFLOODS-gauge-394,12.0_77.0,12.0,77.0,MAPPED,2011-07-26,2011-07-29,Flood
INDOFLOODS-gauge-394-363,INDOFLOODS-gauge-394,12.0_77.0,12.0,77.0,MAPPED,2011-08-08,2011-08-11,Flood
INDOFLOODS-gauge-394-364,INDOFLOODS-gauge-394,12.0_77.0,12.0,77.0,MAPPED,2011-08-19,2011-08-20,Flood
INDOFLOODS-gauge-394-365,INDOFLOODS-gauge-394,12.0_77.0,12.0,77.0,MAPPED,2011-08-28,2011-08-28,Flood
INDOFLOODS-gauge-394-366,INDOFLOODS-gauge-394,12.0_77.0,12.0,77.0,MAPPED,2011-08-31,2011-09-12,Flood
INDOFLOODS-gauge-394-367,INDOFLOODS-gauge-394,12.0_77.0,12.0,77.0,MAPPED,2011-09-15,2011-09-17,Flood
INDOFLOODS-gauge-394-368,INDOFLOODS-gauge-394,12.0_77.0,12.0,77.0,MAPPED,2011-10-03,2011-10-04,Flood
INDOFLOODS-gauge-394-369,INDOFLOODS-gauge-394,12.0_77.0,12.0,77.0,MAPPED,2011-10-11,2011-10-11,Flood
INDOFLOODS-gauge-394-37,INDOFLOODS-gauge-394,12.0_77.0,12.0,77.0,MAPPED,1974-10-28,1974-10-29,Flood
INDOFLOODS-gauge-394-370,INDOFLOODS-gauge-394,12.0_77.0,12.0,77.0,MAPPED,2011-10-14,2011-10-16,Flood
INDOFLOODS-gauge-394-371,INDOFLOODS-gauge-394,12.0_77.0,12.0,77.0,MAPPED,2011-10-25,2011-10-27,Flood
INDOFLOODS-gauge-394-372,INDOFLOODS-gauge-394,12.0_77.0,12.0,77.0,MAPPED,2011-11-04,2011-11-08,Flood
INDOFLOODS-gauge-394-373,INDOFLOODS-gauge-394,12.0_77.0,12.0,77.0,MAPPED,2011-11-30,2011-12-01,Flood
INDOFLOODS-gauge-394-374,INDOFLOODS-gauge-394,12.0_77.0,12.0,77.0,MAPPED,2012-08-11,2012-08-11,Flood
INDOFLOODS-gauge-394-375,INDOFLOODS-gauge-394,12.0_77.0,12.0,77.0,MAPPED,2012-09-19,2012-09-19,Flood
INDOFLOODS-gauge-394-376,INDOFLOODS-gauge-394,12.0_77.0,12.0,77.0,MAPPED,2012-10-07,2012-10-08,Flood
INDOFLOODS-gauge-394-377,INDOFLOODS-gauge-394,12.0_77.0,12.0,77.0,MAPPED,2012-10-10,2012-10-10,Flood
INDOFLOODS-gauge-394-378,INDOFLOODS-gauge-394,12.0_77.0,12.0,77.0,MAPPED,2012-10-16,2012-10-16,Flood
INDOFLOODS-gauge-394-379,INDOFLOODS-gauge-394,12.0_77.0,12.0,77.0,MAPPED,2012-12-10,2012-12-10,Flood
INDOFLOODS-gauge-394-38,INDOFLOODS-gauge-394,12.0_77.0,12.0,77.0,MAPPED,1975-06-27,1975-07-08,Flood
INDOFLOODS-gauge-394-380,INDOFLOODS-gauge-394,12.0_77.0,12.0,77.0,MAPPED,2013-06-28,2013-06-30,Flood
INDOFLOODS-gauge-394-381,INDOFLOODS-gauge-394,12.0_77.0,12.0,77.0,MAPPED,2013-07-06,2013-07-10,Flood
INDOFLOODS-gauge-394-382,INDOFLOODS-gauge-394,12.0_77.0,12.0,77.0,MAPPED,2013-07-14,2013-07-17,Flood
INDOFLOODS-gauge-394-383,INDOFLOODS-gauge-394,12.0_77.0,12.0,77.0,MAPPED,2013-07-19,2013-08-11,Severe Flood
INDOFLOODS-gauge-394-384,INDOFLOODS-gauge-394,12.0_77.0,12.0,77.0,MAPPED,2013-08-14,2013-08-15,Flood
INDOFLOODS-gauge-394-385,INDOFLOODS-gauge-394,12.0_77.0,12.0,77.0,MAPPED,2013-09-05,2013-09-05,Flood
INDOFLOODS-gauge-394-386,INDOFLOODS-gauge-394,12.0_77.0,12.0,77.0,MAPPED,2013-09-09,2013-09-11,Flood
INDOFLOODS-gauge-394-387,INDOFLOODS-gauge-394,12.0_77.0,12.0,77.0,MAPPED,2013-09-13,2013-09-15,Flood
INDOFLOODS-gauge-394-388,INDOFLOODS-gauge-394,12.0_77.0,12.0,77.0,MAPPED,2013-09-24,2013-09-24,Flood
INDOFLOODS-gauge-394-389,INDOFLOODS-gauge-394,12.0_77.0,12.0,77.0,MAPPED,2013-10-21,2013-10-22,Flood
INDOFLOODS-gauge-394-39,INDOFLOODS-gauge-394,12.0_77.0,12.0,77.0,MAPPED,1975-07-10,1975-07-16,Severe Flood
INDOFLOODS-gauge-394-390,INDOFLOODS-gauge-394,12.0_77.0,12.0,77.0,MAPPED,2013-11-25,2013-11-25,Flood
INDOFLOODS-gauge-394-391,INDOFLOODS-gauge-394,12.0_77.0,12.0,77.0,MAPPED,2014-07-18,2014-07-20,Flood
INDOFLOODS-gauge-394-392,INDOFLOODS-gauge-394,12.0_77.0,12.0,77.0,MAPPED,2014-07-22,2014-07-29,Flood
INDOFLOODS-gauge-394-393,INDOFLOODS-gauge-394,12.0_77.0,12.0,77.0,MAPPED,2014-07-31,2014-08-11,Severe Flood
INDOFLOODS-gauge-394-394,INDOFLOODS-gauge-394,12.0_77.0,12.0,77.0,MAPPED,2014-08-14,2014-08-17,Flood
INDOFLOODS-gauge-394-395,INDOFLOODS-gauge-394,12.0_77.0,12.0,77.0,MAPPED,2014-09-03,2014-09-08,Flood
INDOFLOODS-gauge-394-396,INDOFLOODS-gauge-394,12.0_77.0,12.0,77.0,MAPPED,2014-09-10,2014-09-12,Flood
INDOFLOODS-gauge-394-397,INDOFLOODS-gauge-394,12.0_77.0,12.0,77.0,MAPPED,2014-09-24,2014-10-03,Flood
INDOFLOODS-gauge-394-398,INDOFLOODS-gauge-394,12.0_77.0,12.0,77.0,MAPPED,2014-10-08,2014-10-14,Flood
INDOFLOODS-gauge-394-399,INDOFLOODS-gauge-394,12.0_77.0,12.0,77.0,MAPPED,2014-10-27,2014-10-30,Flood
INDOFLOODS-gauge-394-4,INDOFLOODS-gauge-394,12.0_77.0,12.0,77.0,MAPPED,1971-10-11,1971-10-17,Flood
INDOFLOODS-gauge-394-40,INDOFLOODS-gauge-394,12.0_77.0,12.0,77.0,MAPPED,1975-07-22,1975-07-31,Flood
INDOFLOODS-gauge-394-400,INDOFLOODS-gauge-394,12.0_77.0,12.0,77.0,MAPPED,2015-06-27,2015-06-28,Flood
INDOFLOODS-gauge-394-401,INDOFLOODS-gauge-394,12.0_77.0,12.0,77.0,MAPPED,2015-07-01,2015-07-01,Flood
INDOFLOODS-gauge-394-402,INDOFLOODS-gauge-394,12.0_77.0,12.0,77.0,MAPPED,2015-07-21,2015-07-23,Flood
INDOFLOODS-gauge-394-403,INDOFLOODS-gauge-394,12.0_77.0,12.0,77.0,MAPPED,2015-07-25,2015-07-25,Flood
INDOFLOODS-gauge-394-404,INDOFLOODS-gauge-394,12.0_77.0,12.0,77.0,MAPPED,2015-07-28,2015-07-28,Flood
INDOFLOODS-gauge-394-405,INDOFLOODS-gauge-394,12.0_77.0,12.0,77.0,MAPPED,2015-08-20,2015-08-27,Flood
INDOFLOODS-gauge-394-406,INDOFLOODS-gauge-394,12.0_77.0,12.0,77.0,MAPPED,2015-09-26,2015-09-29,Flood
INDOFLOODS-gauge-394-407,INDOFLOODS-gauge-394,12.0_77.0,12.0,77.0,MAPPED,2015-10-06,2015-10-07,Flood
INDOFLOODS-gauge-394-408,INDOFLOODS-gauge-394,12.0_77.0,12.0,77.0,MAPPED,2015-11-05,2015-11-07,Flood
INDOFLOODS-gauge-394-409,INDOFLOODS-gauge-394,12.0_77.0,12.0,77.0,MAPPED,2015-11-11,2015-11-11,Flood
INDOFLOODS-gauge-394-41,INDOFLOODS-gauge-394,12.0_77.0,12.0,77.0,MAPPED,1975-08-02,1975-09-30,Severe Flood
INDOFLOODS-gauge-394-410,INDOFLOODS-gauge-394,12.0_77.0,12.0,77.0,MAPPED,2016-09-09,2016-09-13,Flood
INDOFLOODS-gauge-394-411,INDOFLOODS-gauge-394,12.0_77.0,12.0,77.0,MAPPED,2017-08-16,2017-08-16,Flood
INDOFLOODS-gauge-394-412,INDOFLOODS-gauge-394,12.0_77.0,12.0,77.0,MAPPED,2017-09-03,2017-09-03,Flood
INDOFLOODS-gauge-394-413,INDOFLOODS-gauge-394,12.0_77.0,12.0,77.0,MAPPED,2017-09-06,2017-09-07,Flood
INDOFLOODS-gauge-394-414,INDOFLOODS-gauge-394,12.0_77.0,12.0,77.0,MAPPED,2017-09-09,2017-09-09,Flood
INDOFLOODS-gauge-394-415,INDOFLOODS-gauge-394,12.0_77.0,12.0,77.0,MAPPED,2017-09-11,2017-09-11,Flood
INDOFLOODS-gauge-394-416,INDOFLOODS-gauge-394,12.0_77.0,12.0,77.0,MAPPED,2017-09-26,2017-10-01,Flood
INDOFLOODS-gauge-394-417,INDOFLOODS-gauge-394,12.0_77.0,12.0,77.0,MAPPED,2017-10-06,2017-10-09,Flood
INDOFLOODS-gauge-394-418,INDOFLOODS-gauge-394,12.0_77.0,12.0,77.0,MAPPED,2017-10-11,2017-10-16,Flood
INDOFLOODS-gauge-394-419,INDOFLOODS-gauge-394,12.0_77.0,12.0,77.0,MAPPED,2018-07-09,2018-07-31,Severe Flood
INDOFLOODS-gauge-394-42,INDOFLOODS-gauge-394,12.0_77.0,12.0,77.0,MAPPED,1975-10-02,1975-10-08,Flood
INDOFLOODS-gauge-394-43,INDOFLOODS-gauge-394,12.0_77.0,12.0,77.0,MAPPED,1975-10-10,1975-10-12,Flood
INDOFLOODS-gauge-394-44,INDOFLOODS-gauge-394,12.0_77.0,12.0,77.0,MAPPED,1975-10-15,1975-10-15,Flood
INDOFLOODS-gauge-394-45,INDOFLOODS-gauge-394,12.0_77.0,12.0,77.0,MAPPED,1975-10-19,1975-10-20,Flood
INDOFLOODS-gauge-394-46,INDOFLOODS-gauge-394,12.0_77.0,12.0,77.0,MAPPED,1975-10-23,1975-11-11,Flood
INDOFLOODS-gauge-394-47,INDOFLOODS-gauge-394,12.0_77.0,12.0,77.0,MAPPED,1976-07-27,1976-07-27,Flood
INDOFLOODS-gauge-394-48,INDOFLOODS-gauge-394,12.0_77.0,12.0,77.0,MAPPED,1976-08-02,1976-08-02,Flood
INDOFLOODS-gauge-394-49,INDOFLOODS-gauge-394,12.0_77.0,12.0,77.0,MAPPED,1976-08-05,1976-08-08,Flood
INDOFLOODS-gauge-394-5,INDOFLOODS-gauge-394,12.0_77.0,12.0,77.0,MAPPED,1971-10-20,1971-10-30,Flood
INDOFLOODS-gauge-394-50,INDOFLOODS-gauge-394,12.0_77.0,12.0,77.0,MAPPED,1976-08-16,1976-08-17,Flood
INDOFLOODS-gauge-394-51,INDOFLOODS-gauge-394,12.0_77.0,12.0,77.0,MAPPED,1976-08-27,1976-08-28,Flood
INDOFLOODS-gauge-394-52,INDOFLOODS-gauge-394,12.0_77.0,12.0,77.0,MAPPED,1976-09-03,1976-09-09,Flood
INDOFLOODS-gauge-394-53,INDOFLOODS-gauge-394,12.0_77.0,12.0,77.0,MAPPED,1976-09-12,1976-09-13,Flood
INDOFLOODS-gauge-394-54,INDOFLOODS-gauge-394,12.0_77.0,12.0,77.0,MAPPED,1976-10-02,1976-10-02,Flood
INDOFLOODS-gauge-394-55,INDOFLOODS-gauge-394,12.0_77.0,12.0,77.0,MAPPED,1976-10-19,1976-10-19,Flood
INDOFLOODS-gauge-394-56,INDOFLOODS-gauge-394,12.0_77.0,12.0,77.0,MAPPED,1976-11-22,1976-11-22,Flood
INDOFLOODS-gauge-394-57,INDOFLOODS-gauge-394,12.0_77.0,12.0,77.0,MAPPED,1977-07-23,1977-08-13,Flood
INDOFLOODS-gauge-394-58,INDOFLOODS-gauge-394,12.0_77.0,12.0,77.0,MAPPED,1977-08-16,1977-08-18,Flood
INDOFLOODS-gauge-394-59,INDOFLOODS-gauge-394,12.0_77.0,12.0,77.0,MAPPED,1977-08-27,1977-08-30,Flood
INDOFLOODS-gauge-394-6,INDOFLOODS-gauge-394,12.0_77.0,12.0,77.0,MAPPED,1971-11-06,1971-11-06,Flood
INDOFLOODS-gauge-394-60,INDOFLOODS-gauge-394,12.0_77.0,12.0,77.0,MAPPED,1977-09-04,1977-09-08,Flood
INDOFLOODS-gauge-394-61,INDOFLOODS-gauge-394,12.0_77.0,12.0,77.0,MAPPED,1977-09-13,1977-09-13,Flood
INDOFLOODS-gauge-394-62,INDOFLOODS-gauge-394,12.0_77.0,12.0,77.0,MAPPED,1977-09-19,1977-09-24,Flood
INDOFLOODS-gauge-394-63,INDOFLOODS-gauge-394,12.0_77.0,12.0,77.0,MAPPED,1977-09-26,1977-10-03,Flood
INDOFLOODS-gauge-394-64,INDOFLOODS-gauge-394,12.0_77.0,12.0,77.0,MAPPED,1977-10-05,1977-11-01,Severe Flood
INDOFLOODS-gauge-394-65,INDOFLOODS-gauge-394,12.0_77.0,12.0,77.0,MAPPED,1977-11-09,1977-11-16,Flood
INDOFLOODS-gauge-394-66,INDOFLOODS-gauge-394,12.0_77.0,12.0,77.0,MAPPED,1977-11-25,1977-11-25,Flood
INDOFLOODS-gauge-394-67,INDOFLOODS-gauge-394,12.0_77.0,12.0,77.0,MAPPED,1978-06-20,1978-06-21,Flood
INDOFLOODS-gauge-394-68,INDOFLOODS-gauge-394,12.0_77.0,12.0,77.0,MAPPED,1978-06-26,1978-06-29,Flood
INDOFLOODS-gauge-394-69,INDOFLOODS-gauge-394,12.0_77.0,12.0,77.0,MAPPED,1978-07-05,1978-07-06,Flood
INDOFLOODS-gauge-394-7,INDOFLOODS-gauge-394,12.0_77.0,12.0,77.0,MAPPED,1972-05-14,1972-05-17,Flood
INDOFLOODS-gauge-394-70,INDOFLOODS-gauge-394,12.0_77.0,12.0,77.0,MAPPED,1978-07-08,1978-07-08,Flood
INDOFLOODS-gauge-394-71,INDOFLOODS-gauge-394,12.0_77.0,12.0,77.0,MAPPED,1978-07-11,1978-07-21,Flood
INDOFLOODS-gauge-394-72,INDOFLOODS-gauge-394,12.0_77.0,12.0,77.0,MAPPED,1978-07-25,1978-09-13,Flood
INDOFLOODS-gauge-394-73,INDOFLOODS-gauge-394,12.0_77.0,12.0,77.0,MAPPED,1978-09-15,1978-09-15,Flood
INDOFLOODS-gauge-394-74,INDOFLOODS-gauge-394,12.0_77.0,12.0,77.0,MAPPED,1978-09-23,1978-10-03,Flood
INDOFLOODS-gauge-394-75,INDOFLOODS-gauge-394,12.0_77.0,12.0,77.0,MAPPED,1978-10-15,1978-10-15,Flood
INDOFLOODS-gauge-394-76,INDOFLOODS-gauge-394,12.0_77.0,12.0,77.0,MAPPED,1978-10-19,1978-10-21,Flood
INDOFLOODS-gauge-394-77,INDOFLOODS-gauge-394,12.0_77.0,12.0,77.0,MAPPED,1978-11-05,1978-11-10,Flood
INDOFLOODS-gauge-394-78,INDOFLOODS-gauge-394,12.0_77.0,12.0,77.0,MAPPED,1978-11-15,1978-11-15,Flood
INDOFLOODS-gauge-394-79,INDOFLOODS-gauge-394,12.0_77.0,12.0,77.0,MAPPED,1979-07-05,1979-07-08,Flood
INDOFLOODS-gauge-394-8,INDOFLOODS-gauge-394,12.0_77.0,12.0,77.0,MAPPED,1972-06-18,1972-06-18,Flood
INDOFLOODS-gauge-394-80,INDOFLOODS-gauge-394,12.0_77.0,12.0,77.0,MAPPED,1979-07-10,1979-07-18,Flood
INDOFLOODS-gauge-394-81,INDOFLOODS-gauge-394,12.0_77.0,12.0,77.0,MAPPED,1979-08-02,1979-08-24,Severe Flood
INDOFLOODS-gauge-394-82,INDOFLOODS-gauge-394,12.0_77.0,12.0,77.0,MAPPED,1979-08-30,1979-09-01,Flood
INDOFLOODS-gauge-394-83,INDOFLOODS-gauge-394,12.0_77.0,12.0,77.0,MAPPED,1979-09-03,1979-09-04,Flood
INDOFLOODS-gauge-394-84,INDOFLOODS-gauge-394,12.0_77.0,12.0,77.0,MAPPED,1979-09-06,1979-09-06,Flood
INDOFLOODS-gauge-394-85,INDOFLOODS-gauge-394,12.0_77.0,12.0,77.0,MAPPED,1979-09-09,1979-09-22,Flood
INDOFLOODS-gauge-394-86,INDOFLOODS-gauge-394,12.0_77.0,12.0,77.0,MAPPED,1979-09-25,1979-09-25,Flood
INDOFLOODS-gauge-394-87,INDOFLOODS-gauge-394,12.0_77.0,12.0,77.0,MAPPED,1979-09-30,1979-10-02,Flood
INDOFLOODS-gauge-394-88,INDOFLOODS-gauge-394,12.0_77.0,12.0,77.0,MAPPED,1979-10-09,1979-10-12,Flood
INDOFLOODS-gauge-394-89,INDOFLOODS-gauge-394,12.0_77.0,12.0,77.0,MAPPED,1979-10-29,1979-10-31,Flood
INDOFLOODS-gauge-394-9,INDOFLOODS-gauge-394,12.0_77.0,12.0,77.0,MAPPED,1972-07-01,1972-07-25,Flood
INDOFLOODS-gauge-394-90,INDOFLOODS-gauge-394,12.0_77.0,12.0,77.0,MAPPED,1979-11-19,1979-11-24,Flood
INDOFLOODS-gauge-394-91,INDOFLOODS-gauge-394,12.0_77.0,12.0,77.0,MAPPED,1980-06-01,1980-06-01,Flood
INDOFLOODS-gauge-394-92,INDOFLOODS-gauge-394,12.0_77.0,12.0,77.0,MAPPED,1980-06-21,1980-07-20,Severe Flood
INDOFLOODS-gauge-394-93,INDOFLOODS-gauge-394,12.0_77.0,12.0,77.0,MAPPED,1980-07-23,1980-08-09,Flood
INDOFLOODS-gauge-394-94,INDOFLOODS-gauge-394,12.0_77.0,12.0,77.0,MAPPED,1980-08-14,1980-09-10,Flood
INDOFLOODS-gauge-394-95,INDOFLOODS-gauge-394,12.0_77.0,12.0,77.0,MAPPED,1980-09-22,1980-10-06,Flood
INDOFLOODS-gauge-394-96,INDOFLOODS-gauge-394,12.0_77.0,12.0,77.0,MAPPED,1980-10-24,1980-10-26,Flood
INDOFLOODS-gauge-394-97,INDOFLOODS-gauge-394,12.0_77.0,12.0,77.0,MAPPED,1980-11-14,1980-11-16,Flood
INDOFLOODS-gauge-394-98,INDOFLOODS-gauge-394,12.0_77.0,12.0,77.0,MAPPED,1981-06-22,1981-06-29,Flood
INDOFLOODS-gauge-394-99,INDOFLOODS-gauge-394,12.0_77.0,12.0,77.0,MAPPED,1981-07-10,1981-07-17,Flood
INDOFLOODS-gauge-395-1,INDOFLOODS-gauge-395,16.0_74.0,16.0,74.0,MAPPED,1983-06-29,1983-06-30,Severe Flood
INDOFLOODS-gauge-395-2,INDOFLOODS-gauge-395,16.0_74.0,16.0,74.0,MAPPED,1989-07-26,1989-07-26,Flood
INDOFLOODS-gauge-395-3,INDOFLOODS-gauge-395,16.0_74.0,16.0,74.0,MAPPED,1994-07-17,1994-07-19,Flood
INDOFLOODS-gauge-395-4,INDOFLOODS-gauge-395,16.0_74.0,16.0,74.0,MAPPED,2005-07-28,2005-07-30,Flood
INDOFLOODS-gauge-395-5,INDOFLOODS-gauge-395,16.0_74.0,16.0,74.0,MAPPED,2005-08-02,2005-08-10,Severe Flood
INDOFLOODS-gauge-395-6,INDOFLOODS-gauge-395,16.0_74.0,16.0,74.0,MAPPED,2006-08-10,2006-08-15,Flood
INDOFLOODS-gauge-395-7,INDOFLOODS-gauge-395,16.0_74.0,16.0,74.0,MAPPED,2008-08-14,2008-08-14,Flood
INDOFLOODS-gauge-395-8,INDOFLOODS-gauge-395,16.0_74.0,16.0,74.0,MAPPED,2017-07-24,2017-07-25,Severe Flood
INDOFLOODS-gauge-395-9,INDOFLOODS-gauge-395,16.0_74.0,16.0,74.0,MAPPED,2019-08-06,2019-08-20,Severe Flood
INDOFLOODS-gauge-396-1,INDOFLOODS-gauge-396,13.0_74.0,13.0,74.0,MAPPED,1989-07-25,1989-07-25,Flood
INDOFLOODS-gauge-396-10,INDOFLOODS-gauge-396,13.0_74.0,13.0,74.0,MAPPED,1991-07-31,1991-08-01,Flood
INDOFLOODS-gauge-396-100,INDOFLOODS-gauge-396,13.0_74.0,13.0,74.0,MAPPED,2011-09-01,2011-09-01,Flood
INDOFLOODS-gauge-396-101,INDOFLOODS-gauge-396,13.0_74.0,13.0,74.0,MAPPED,2011-09-03,2011-09-03,Flood
INDOFLOODS-gauge-396-102,INDOFLOODS-gauge-396,13.0_74.0,13.0,74.0,MAPPED,2012-07-02,2012-07-02,Flood
INDOFLOODS-gauge-396-103,INDOFLOODS-gauge-396,13.0_74.0,13.0,74.0,MAPPED,2012-08-07,2012-08-11,Flood
INDOFLOODS-gauge-396-104,INDOFLOODS-gauge-396,13.0_74.0,13.0,74.0,MAPPED,2012-08-26,2012-08-26,Flood
INDOFLOODS-gauge-396-105,INDOFLOODS-gauge-396,13.0_74.0,13.0,74.0,MAPPED,2012-08-29,2012-08-29,Flood
INDOFLOODS-gauge-396-106,INDOFLOODS-gauge-396,13.0_74.0,13.0,74.0,MAPPED,2012-09-01,2012-09-01,Flood
INDOFLOODS-gauge-396-107,INDOFLOODS-gauge-396,13.0_74.0,13.0,74.0,MAPPED,2013-07-03,2013-07-04,Severe Flood
INDOFLOODS-gauge-396-108,INDOFLOODS-gauge-396,13.0_74.0,13.0,74.0,MAPPED,2013-07-07,2013-07-07,Flood
INDOFLOODS-gauge-396-109,INDOFLOODS-gauge-396,13.0_74.0,13.0,74.0,MAPPED,2013-07-12,2013-07-13,Flood
INDOFLOODS-gauge-396-11,INDOFLOODS-gauge-396,13.0_74.0,13.0,74.0,MAPPED,1991-08-17,1991-08-17,Flood
INDOFLOODS-gauge-396-110,INDOFLOODS-gauge-396,13.0_74.0,13.0,74.0,MAPPED,2013-07-20,2013-07-20,Flood
INDOFLOODS-gauge-396-111,INDOFLOODS-gauge-396,13.0_74.0,13.0,74.0,MAPPED,2013-07-24,2013-07-24,Flood
INDOFLOODS-gauge-396-112,INDOFLOODS-gauge-396,13.0_74.0,13.0,74.0,MAPPED,2013-07-26,2013-07-28,Flood
INDOFLOODS-gauge-396-113,INDOFLOODS-gauge-396,13.0_74.0,13.0,74.0,MAPPED,2014-07-13,2014-07-15,Flood
INDOFLOODS-gauge-396-114,INDOFLOODS-gauge-396,13.0_74.0,13.0,74.0,MAPPED,2014-07-19,2014-07-21,Flood
INDOFLOODS-gauge-396-115,INDOFLOODS-gauge-396,13.0_74.0,13.0,74.0,MAPPED,2014-08-01,2014-08-02,Flood
INDOFLOODS-gauge-396-116,INDOFLOODS-gauge-396,13.0_74.0,13.0,74.0,MAPPED,2014-08-04,2014-08-04,Flood
INDOFLOODS-gauge-396-117,INDOFLOODS-gauge-396,13.0_74.0,13.0,74.0,MAPPED,2014-08-06,2014-08-07,Flood
INDOFLOODS-gauge-396-118,INDOFLOODS-gauge-396,13.0_74.0,13.0,74.0,MAPPED,2015-07-10,2015-07-10,Flood
INDOFLOODS-gauge-396-119,INDOFLOODS-gauge-396,13.0_74.0,13.0,74.0,MAPPED,2015-07-18,2015-07-20,Flood
INDOFLOODS-gauge-396-12,INDOFLOODS-gauge-396,13.0_74.0,13.0,74.0,MAPPED,1992-06-29,1992-06-29,Flood
INDOFLOODS-gauge-396-120,INDOFLOODS-gauge-396,13.0_74.0,13.0,74.0,MAPPED,2016-06-29,2016-06-29,Flood
INDOFLOODS-gauge-396-121,INDOFLOODS-gauge-396,13.0_74.0,13.0,74.0,MAPPED,2016-07-04,2016-07-05,Flood
INDOFLOODS-gauge-396-122,INDOFLOODS-gauge-396,13.0_74.0,13.0,74.0,MAPPED,2016-07-11,2016-07-11,Flood
INDOFLOODS-gauge-396-123,INDOFLOODS-gauge-396,13.0_74.0,13.0,74.0,MAPPED,2016-07-16,2016-07-17,Flood
INDOFLOODS-gauge-396-124,INDOFLOODS-gauge-396,13.0_74.0,13.0,74.0,MAPPED,2017-06-26,2017-06-26,Flood
INDOFLOODS-gauge-396-125,INDOFLOODS-gauge-396,13.0_74.0,13.0,74.0,MAPPED,2017-07-20,2017-07-20,Flood
INDOFLOODS-gauge-396-126,INDOFLOODS-gauge-396,13.0_74.0,13.0,74.0,MAPPED,2017-08-04,2017-08-05,Flood
INDOFLOODS-gauge-396-127,INDOFLOODS-gauge-396,13.0_74.0,13.0,74.0,MAPPED,2018-07-06,2018-07-07,Flood
INDOFLOODS-gauge-396-128,INDOFLOODS-gauge-396,13.0_74.0,13.0,74.0,MAPPED,2018-07-11,2018-07-11,Flood
INDOFLOODS-gauge-396-129,INDOFLOODS-gauge-396,13.0_74.0,13.0,74.0,MAPPED,2018-07-13,2018-07-14,Flood
INDOFLOODS-gauge-396-13,INDOFLOODS-gauge-396,13.0_74.0,13.0,74.0,MAPPED,1992-07-20,1992-07-21,Flood
INDOFLOODS-gauge-396-130,INDOFLOODS-gauge-396,13.0_74.0,13.0,74.0,MAPPED,2018-07-18,2018-07-18,Flood
INDOFLOODS-gauge-396-131,INDOFLOODS-gauge-396,13.0_74.0,13.0,74.0,MAPPED,2019-08-05,2019-08-10,Flood
INDOFLOODS-gauge-396-14,INDOFLOODS-gauge-396,13.0_74.0,13.0,74.0,MAPPED,1992-07-27,1992-07-27,Flood
INDOFLOODS-gauge-396-15,INDOFLOODS-gauge-396,13.0_74.0,13.0,74.0,MAPPED,1992-08-10,1992-08-10,Flood
INDOFLOODS-gauge-396-16,INDOFLOODS-gauge-396,13.0_74.0,13.0,74.0,MAPPED,1992-08-18,1992-08-19,Flood
INDOFLOODS-gauge-396-17,INDOFLOODS-gauge-396,13.0_74.0,13.0,74.0,MAPPED,1993-07-10,1993-07-10,Flood
INDOFLOODS-gauge-396-18,INDOFLOODS-gauge-396,13.0_74.0,13.0,74.0,MAPPED,1993-07-27,1993-07-27,Flood
INDOFLOODS-gauge-396-19,INDOFLOODS-gauge-396,13.0_74.0,13.0,74.0,MAPPED,1993-08-14,1993-08-14,Flood
INDOFLOODS-gauge-396-2,INDOFLOODS-gauge-396,13.0_74.0,13.0,74.0,MAPPED,1989-08-05,1989-08-05,Flood
INDOFLOODS-gauge-396-20,INDOFLOODS-gauge-396,13.0_74.0,13.0,74.0,MAPPED,1994-06-29,1994-07-01,Severe Flood
INDOFLOODS-gauge-396-21,INDOFLOODS-gauge-396,13.0_74.0,13.0,74.0,MAPPED,1994-07-03,1994-07-03,Flood
INDOFLOODS-gauge-396-22,INDOFLOODS-gauge-396,13.0_74.0,13.0,74.0,MAPPED,1994-07-12,1994-07-15,Severe Flood
INDOFLOODS-gauge-396-23,INDOFLOODS-gauge-396,13.0_74.0,13.0,74.0,MAPPED,1994-07-17,1994-07-17,Flood
INDOFLOODS-gauge-396-24,INDOFLOODS-gauge-396,13.0_74.0,13.0,74.0,MAPPED,1994-07-23,1994-07-23,Flood
INDOFLOODS-gauge-396-25,INDOFLOODS-gauge-396,13.0_74.0,13.0,74.0,MAPPED,1994-07-29,1994-08-01,Severe Flood
INDOFLOODS-gauge-396-26,INDOFLOODS-gauge-396,13.0_74.0,13.0,74.0,MAPPED,1994-08-19,1994-08-19,Flood
INDOFLOODS-gauge-396-27,INDOFLOODS-gauge-396,13.0_74.0,13.0,74.0,MAPPED,1994-08-22,1994-08-22,Flood
INDOFLOODS-gauge-396-28,INDOFLOODS-gauge-396,13.0_74.0,13.0,74.0,MAPPED,1995-07-01,1995-07-02,Flood
INDOFLOODS-gauge-396-29,INDOFLOODS-gauge-396,13.0_74.0,13.0,74.0,MAPPED,1995-07-11,1995-07-11,Flood
INDOFLOODS-gauge-396-3,INDOFLOODS-gauge-396,13.0_74.0,13.0,74.0,MAPPED,1990-07-18,1990-07-19,Flood
INDOFLOODS-gauge-396-30,INDOFLOODS-gauge-396,13.0_74.0,13.0,74.0,MAPPED,1995-07-17,1995-07-17,Flood
INDOFLOODS-gauge-396-31,INDOFLOODS-gauge-396,13.0_74.0,13.0,74.0,MAPPED,1995-08-09,1995-08-09,Flood
INDOFLOODS-gauge-396-32,INDOFLOODS-gauge-396,13.0_74.0,13.0,74.0,MAPPED,1995-08-31,1995-09-01,Flood
INDOFLOODS-gauge-396-33,INDOFLOODS-gauge-396,13.0_74.0,13.0,74.0,MAPPED,1996-07-18,1996-07-18,Flood
INDOFLOODS-gauge-396-34,INDOFLOODS-gauge-396,13.0_74.0,13.0,74.0,MAPPED,1996-07-23,1996-07-23,Flood
INDOFLOODS-gauge-396-35,INDOFLOODS-gauge-396,13.0_74.0,13.0,74.0,MAPPED,1996-08-12,1996-08-13,Flood
INDOFLOODS-gauge-396-36,INDOFLOODS-gauge-396,13.0_74.0,13.0,74.0,MAPPED,1996-09-29,1996-09-29,Severe Flood
INDOFLOODS-gauge-396-37,INDOFLOODS-gauge-396,13.0_74.0,13.0,74.0,MAPPED,1997-06-29,1997-07-01,Flood
INDOFLOODS-gauge-396-38,INDOFLOODS-gauge-396,13.0_74.0,13.0,74.0,MAPPED,1997-07-10,1997-07-12,Severe Flood
INDOFLOODS-gauge-396-39,INDOFLOODS-gauge-396,13.0_74.0,13.0,74.0,MAPPED,1997-07-25,1997-07-26,Flood
INDOFLOODS-gauge-396-4,INDOFLOODS-gauge-396,13.0_74.0,13.0,74.0,MAPPED,1990-08-12,1990-08-12,Flood
INDOFLOODS-gauge-396-40,INDOFLOODS-gauge-396,13.0_74.0,13.0,74.0,MAPPED,1997-08-07,1997-08-07,Flood
INDOFLOODS-gauge-396-41,INDOFLOODS-gauge-396,13.0_74.0,13.0,74.0,MAPPED,1997-08-26,1997-08-26,Flood
INDOFLOODS-gauge-396-42,INDOFLOODS-gauge-396,13.0_74.0,13.0,74.0,MAPPED,1998-06-29,1998-06-29,Flood
INDOFLOODS-gauge-396-43,INDOFLOODS-gauge-396,13.0_74.0,13.0,74.0,MAPPED,1998-07-04,1998-07-07,Flood
INDOFLOODS-gauge-396-44,INDOFLOODS-gauge-396,13.0_74.0,13.0,74.0,MAPPED,1998-07-10,1998-07-10,Flood
INDOFLOODS-gauge-396-45,INDOFLOODS-gauge-396,13.0_74.0,13.0,74.0,MAPPED,1998-07-26,1998-07-26,Flood
INDOFLOODS-gauge-396-46,INDOFLOODS-gauge-396,13.0_74.0,13.0,74.0,MAPPED,1998-07-29,1998-07-29,Flood
INDOFLOODS-gauge-396-47,INDOFLOODS-gauge-396,13.0_74.0,13.0,74.0,MAPPED,1998-08-10,1998-08-10,Flood
INDOFLOODS-gauge-396-48,INDOFLOODS-gauge-396,13.0_74.0,13.0,74.0,MAPPED,1998-08-25,1998-08-25,Flood
INDOFLOODS-gauge-396-49,INDOFLOODS-gauge-396,13.0_74.0,13.0,74.0,MAPPED,1998-09-13,1998-09-13,Flood
INDOFLOODS-gauge-396-5,INDOFLOODS-gauge-396,13.0_74.0,13.0,74.0,MAPPED,1990-08-14,1990-08-17,Flood
INDOFLOODS-gauge-396-50,INDOFLOODS-gauge-396,13.0_74.0,13.0,74.0,MAPPED,1999-06-13,1999-06-13,Flood
INDOFLOODS-gauge-396-51,INDOFLOODS-gauge-396,13.0_74.0,13.0,74.0,MAPPED,1999-06-20,1999-06-20,Flood
INDOFLOODS-gauge-396-52,INDOFLOODS-gauge-396,13.0_74.0,13.0,74.0,MAPPED,1999-07-06,1999-07-06,Flood
INDOFLOODS-gauge-396-53,INDOFLOODS-gauge-396,13.0_74.0,13.0,74.0,MAPPED,1999-07-16,1999-07-19,Flood
INDOFLOODS-gauge-396-54,INDOFLOODS-gauge-396,13.0_74.0,13.0,74.0,MAPPED,1999-07-23,1999-07-23,Flood
INDOFLOODS-gauge-396-55,INDOFLOODS-gauge-396,13.0_74.0,13.0,74.0,MAPPED,1999-07-26,1999-07-26,Flood
INDOFLOODS-gauge-396-56,INDOFLOODS-gauge-396,13.0_74.0,13.0,74.0,MAPPED,2000-07-08,2000-07-08,Flood
INDOFLOODS-gauge-396-57,INDOFLOODS-gauge-396,13.0_74.0,13.0,74.0,MAPPED,2000-08-24,2000-08-25,Flood
INDOFLOODS-gauge-396-58,INDOFLOODS-gauge-396,13.0_74.0,13.0,74.0,MAPPED,2001-06-13,2001-06-13,Flood
INDOFLOODS-gauge-396-59,INDOFLOODS-gauge-396,13.0_74.0,13.0,74.0,MAPPED,2001-07-05,2001-07-05,Flood
INDOFLOODS-gauge-396-6,INDOFLOODS-gauge-396,13.0_74.0,13.0,74.0,MAPPED,1990-08-23,1990-08-23,Flood
INDOFLOODS-gauge-396-60,INDOFLOODS-gauge-396,13.0_74.0,13.0,74.0,MAPPED,2003-06-23,2003-06-24,Flood
INDOFLOODS-gauge-396-61,INDOFLOODS-gauge-396,13.0_74.0,13.0,74.0,MAPPED,2003-08-22,2003-08-22,Flood
INDOFLOODS-gauge-396-62,INDOFLOODS-gauge-396,13.0_74.0,13.0,74.0,MAPPED,2004-07-03,2004-07-03,Flood
INDOFLOODS-gauge-396-63,INDOFLOODS-gauge-396,13.0_74.0,13.0,74.0,MAPPED,2004-07-25,2004-07-26,Flood
INDOFLOODS-gauge-396-64,INDOFLOODS-gauge-396,13.0_74.0,13.0,74.0,MAPPED,2004-08-03,2004-08-04,Flood
INDOFLOODS-gauge-396-65,INDOFLOODS-gauge-396,13.0_74.0,13.0,74.0,MAPPED,2004-08-13,2004-08-13,Flood
INDOFLOODS-gauge-396-66,INDOFLOODS-gauge-396,13.0_74.0,13.0,74.0,MAPPED,2005-07-24,2005-07-24,Flood
INDOFLOODS-gauge-396-67,INDOFLOODS-gauge-396,13.0_74.0,13.0,74.0,MAPPED,2005-08-01,2005-08-04,Flood
INDOFLOODS-gauge-396-68,INDOFLOODS-gauge-396,13.0_74.0,13.0,74.0,MAPPED,2006-06-29,2006-06-30,Flood
INDOFLOODS-gauge-396-69,INDOFLOODS-gauge-396,13.0_74.0,13.0,74.0,MAPPED,2006-07-02,2006-07-02,Flood
INDOFLOODS-gauge-396-7,INDOFLOODS-gauge-396,13.0_74.0,13.0,74.0,MAPPED,1991-07-09,1991-07-09,Flood
INDOFLOODS-gauge-396-70,INDOFLOODS-gauge-396,13.0_74.0,13.0,74.0,MAPPED,2006-07-15,2006-07-15,Flood
INDOFLOODS-gauge-396-71,INDOFLOODS-gauge-396,13.0_74.0,13.0,74.0,MAPPED,2006-07-20,2006-07-20,Flood
INDOFLOODS-gauge-396-72,INDOFLOODS-gauge-396,13.0_74.0,13.0,74.0,MAPPED,2006-08-11,2006-08-11,Flood
INDOFLOODS-gauge-396-73,INDOFLOODS-gauge-396,13.0_74.0,13.0,74.0,MAPPED,2007-06-23,2007-06-23,Flood
INDOFLOODS-gauge-396-74,INDOFLOODS-gauge-396,13.0_74.0,13.0,74.0,MAPPED,2007-06-30,2007-06-30,Flood
INDOFLOODS-gauge-396-75,INDOFLOODS-gauge-396,13.0_74.0,13.0,74.0,MAPPED,2007-07-07,2007-07-07,Flood
INDOFLOODS-gauge-396-76,INDOFLOODS-gauge-396,13.0_74.0,13.0,74.0,MAPPED,2007-08-06,2007-08-06,Flood
INDOFLOODS-gauge-396-77,INDOFLOODS-gauge-396,13.0_74.0,13.0,74.0,MAPPED,2007-08-09,2007-08-09,Flood
INDOFLOODS-gauge-396-78,INDOFLOODS-gauge-396,13.0_74.0,13.0,74.0,MAPPED,2007-09-25,2007-09-25,Flood
INDOFLOODS-gauge-396-79,INDOFLOODS-gauge-396,13.0_74.0,13.0,74.0,MAPPED,2008-06-30,2008-06-30,Flood
INDOFLOODS-gauge-396-8,INDOFLOODS-gauge-396,13.0_74.0,13.0,74.0,MAPPED,1991-07-16,1991-07-16,Flood
INDOFLOODS-gauge-396-80,INDOFLOODS-gauge-396,13.0_74.0,13.0,74.0,MAPPED,2008-07-27,2008-07-28,Flood
INDOFLOODS-gauge-396-81,INDOFLOODS-gauge-396,13.0_74.0,13.0,74.0,MAPPED,2008-07-30,2008-07-30,Flood
INDOFLOODS-gauge-396-82,INDOFLOODS-gauge-396,13.0_74.0,13.0,74.0,MAPPED,2008-08-10,2008-08-14,Flood
INDOFLOODS-gauge-396-83,INDOFLOODS-gauge-396,13.0_74.0,13.0,74.0,MAPPED,2008-09-11,2008-09-11,Flood
INDOFLOODS-gauge-396-84,INDOFLOODS-gauge-396,13.0_74.0,13.0,74.0,MAPPED,2009-07-04,2009-07-06,Severe Flood
INDOFLOODS-gauge-396-85,INDOFLOODS-gauge-396,13.0_74.0,13.0,74.0,MAPPED,2009-07-09,2009-07-09,Flood
INDOFLOODS-gauge-396-86,INDOFLOODS-gauge-396,13.0_74.0,13.0,74.0,MAPPED,2009-07-15,2009-07-16,Flood
INDOFLOODS-gauge-396-87,INDOFLOODS-gauge-396,13.0_74.0,13.0,74.0,MAPPED,2009-07-18,2009-07-18,Severe Flood
INDOFLOODS-gauge-396-88,INDOFLOODS-gauge-396,13.0_74.0,13.0,74.0,MAPPED,2009-08-01,2009-08-01,Flood
INDOFLOODS-gauge-396-89,INDOFLOODS-gauge-396,13.0_74.0,13.0,74.0,MAPPED,2009-09-04,2009-09-05,Flood
INDOFLOODS-gauge-396-9,INDOFLOODS-gauge-396,13.0_74.0,13.0,74.0,MAPPED,1991-07-27,1991-07-28,Flood
INDOFLOODS-gauge-396-90,INDOFLOODS-gauge-396,13.0_74.0,13.0,74.0,MAPPED,2009-10-02,2009-10-02,Flood
INDOFLOODS-gauge-396-91,INDOFLOODS-gauge-396,13.0_74.0,13.0,74.0,MAPPED,2010-07-20,2010-07-20,Flood
INDOFLOODS-gauge-396-92,INDOFLOODS-gauge-396,13.0_74.0,13.0,74.0,MAPPED,2010-07-22,2010-07-22,Flood
INDOFLOODS-gauge-396-93,INDOFLOODS-gauge-396,13.0_74.0,13.0,74.0,MAPPED,2010-07-29,2010-07-31,Flood
INDOFLOODS-gauge-396-94,INDOFLOODS-gauge-396,13.0_74.0,13.0,74.0,MAPPED,2010-08-25,2010-08-25,Flood
INDOFLOODS-gauge-396-95,INDOFLOODS-gauge-396,13.0_74.0,13.0,74.0,MAPPED,2010-09-08,2010-09-08,Flood
INDOFLOODS-gauge-396-96,INDOFLOODS-gauge-396,13.0_74.0,13.0,74.0,MAPPED,2010-10-22,2010-10-22,Flood
INDOFLOODS-gauge-396-97,INDOFLOODS-gauge-396,13.0_74.0,13.0,74.0,MAPPED,2011-06-28,2011-06-28,Flood
INDOFLOODS-gauge-396-98,INDOFLOODS-gauge-396,13.0_74.0,13.0,74.0,MAPPED,2011-07-17,2011-07-19,Severe Flood
INDOFLOODS-gauge-396-99,INDOFLOODS-gauge-396,13.0_74.0,13.0,74.0,MAPPED,2011-08-02,2011-08-02,Flood
INDOFLOODS-gauge-397-1,INDOFLOODS-gauge-397,16.0_74.0,16.0,74.0,MAPPED,1971-07-21,1971-07-23,Flood
INDOFLOODS-gauge-397-10,INDOFLOODS-gauge-397,16.0_74.0,16.0,74.0,MAPPED,1974-08-11,1974-08-11,Flood
INDOFLOODS-gauge-397-11,INDOFLOODS-gauge-397,16.0_74.0,16.0,74.0,MAPPED,1974-08-17,1974-08-17,Flood
INDOFLOODS-gauge-397-12,INDOFLOODS-gauge-397,16.0_74.0,16.0,74.0,MAPPED,1975-07-10,1975-07-14,Severe Flood
INDOFLOODS-gauge-397-13,INDOFLOODS-gauge-397,16.0_74.0,16.0,74.0,MAPPED,1975-08-11,1975-08-17,Flood
INDOFLOODS-gauge-397-14,INDOFLOODS-gauge-397,16.0_74.0,16.0,74.0,MAPPED,1976-07-24,1976-07-24,Flood
INDOFLOODS-gauge-397-15,INDOFLOODS-gauge-397,16.0_74.0,16.0,74.0,MAPPED,1976-07-31,1976-08-06,Flood
INDOFLOODS-gauge-397-16,INDOFLOODS-gauge-397,16.0_74.0,16.0,74.0,MAPPED,1977-07-25,1977-07-30,Flood
INDOFLOODS-gauge-397-17,INDOFLOODS-gauge-397,16.0_74.0,16.0,74.0,MAPPED,1978-07-28,1978-07-29,Flood
INDOFLOODS-gauge-397-18,INDOFLOODS-gauge-397,16.0_74.0,16.0,74.0,MAPPED,1978-08-17,1978-08-20,Severe Flood
INDOFLOODS-gauge-397-19,INDOFLOODS-gauge-397,16.0_74.0,16.0,74.0,MAPPED,1979-08-09,1979-08-14,Severe Flood
INDOFLOODS-gauge-397-2,INDOFLOODS-gauge-397,16.0_74.0,16.0,74.0,MAPPED,1971-09-01,1971-09-01,Flood
INDOFLOODS-gauge-397-20,INDOFLOODS-gauge-397,16.0_74.0,16.0,74.0,MAPPED,1980-07-04,1980-07-11,Severe Flood
INDOFLOODS-gauge-397-21,INDOFLOODS-gauge-397,16.0_74.0,16.0,74.0,MAPPED,1980-08-04,1980-08-09,Severe Flood
INDOFLOODS-gauge-397-22,INDOFLOODS-gauge-397,16.0_74.0,16.0,74.0,MAPPED,1981-07-08,1981-07-08,Flood
INDOFLOODS-gauge-397-23,INDOFLOODS-gauge-397,16.0_74.0,16.0,74.0,MAPPED,1981-08-03,1981-08-04,Flood
INDOFLOODS-gauge-397-24,INDOFLOODS-gauge-397,16.0_74.0,16.0,74.0,MAPPED,1981-08-07,1981-08-10,Flood
INDOFLOODS-gauge-397-25,INDOFLOODS-gauge-397,16.0_74.0,16.0,74.0,MAPPED,1981-08-14,1981-08-21,Flood
INDOFLOODS-gauge-397-26,INDOFLOODS-gauge-397,16.0_74.0,16.0,74.0,MAPPED,1982-07-30,1982-07-31,Flood
INDOFLOODS-gauge-397-27,INDOFLOODS-gauge-397,16.0_74.0,16.0,74.0,MAPPED,1982-08-13,1982-08-20,Severe Flood
INDOFLOODS-gauge-397-28,INDOFLOODS-gauge-397,16.0_74.0,16.0,74.0,MAPPED,1983-06-28,1983-06-30,Severe Flood
INDOFLOODS-gauge-397-29,INDOFLOODS-gauge-397,16.0_74.0,16.0,74.0,MAPPED,1983-07-22,1983-07-26,Severe Flood
INDOFLOODS-gauge-397-3,INDOFLOODS-gauge-397,16.0_74.0,16.0,74.0,MAPPED,1972-07-03,1972-07-11,Severe Flood
INDOFLOODS-gauge-397-30,INDOFLOODS-gauge-397,16.0_74.0,16.0,74.0,MAPPED,1983-08-10,1983-08-18,Severe Flood
INDOFLOODS-gauge-397-31,INDOFLOODS-gauge-397,16.0_74.0,16.0,74.0,MAPPED,1984-07-03,1984-07-03,Flood
INDOFLOODS-gauge-397-32,INDOFLOODS-gauge-397,16.0_74.0,16.0,74.0,MAPPED,1985-08-03,1985-08-03,Flood
INDOFLOODS-gauge-397-33,INDOFLOODS-gauge-397,16.0_74.0,16.0,74.0,MAPPED,1988-07-18,1988-07-21,Flood
INDOFLOODS-gauge-397-34,INDOFLOODS-gauge-397,16.0_74.0,16.0,74.0,MAPPED,1988-08-04,1988-08-07,Severe Flood
INDOFLOODS-gauge-397-35,INDOFLOODS-gauge-397,16.0_74.0,16.0,74.0,MAPPED,1988-09-22,1988-09-25,Flood
INDOFLOODS-gauge-397-36,INDOFLOODS-gauge-397,16.0_74.0,16.0,74.0,MAPPED,1989-07-24,1989-07-27,Flood
INDOFLOODS-gauge-397-37,INDOFLOODS-gauge-397,16.0_74.0,16.0,74.0,MAPPED,1990-08-18,1990-08-21,Flood
INDOFLOODS-gauge-397-38,INDOFLOODS-gauge-397,16.0_74.0,16.0,74.0,MAPPED,1990-08-25,1990-08-25,Flood
INDOFLOODS-gauge-397-39,INDOFLOODS-gauge-397,16.0_74.0,16.0,74.0,MAPPED,1991-07-28,1991-07-30,Flood
INDOFLOODS-gauge-397-4,INDOFLOODS-gauge-397,16.0_74.0,16.0,74.0,MAPPED,1973-07-07,1973-07-13,Flood
INDOFLOODS-gauge-397-40,INDOFLOODS-gauge-397,16.0_74.0,16.0,74.0,MAPPED,1991-08-14,1991-08-19,Flood
INDOFLOODS-gauge-397-41,INDOFLOODS-gauge-397,16.0_74.0,16.0,74.0,MAPPED,1992-08-23,1992-08-23,Flood
INDOFLOODS-gauge-397-42,INDOFLOODS-gauge-397,16.0_74.0,16.0,74.0,MAPPED,1993-07-12,1993-07-14,Flood
INDOFLOODS-gauge-397-43,INDOFLOODS-gauge-397,16.0_74.0,16.0,74.0,MAPPED,1993-08-12,1993-08-17,Severe Flood
INDOFLOODS-gauge-397-44,INDOFLOODS-gauge-397,16.0_74.0,16.0,74.0,MAPPED,1994-06-30,1994-07-02,Flood
INDOFLOODS-gauge-397-45,INDOFLOODS-gauge-397,16.0_74.0,16.0,74.0,MAPPED,1994-07-13,1994-07-28,Severe Flood
INDOFLOODS-gauge-397-46,INDOFLOODS-gauge-397,16.0_74.0,16.0,74.0,MAPPED,1994-08-27,1994-09-05,Severe Flood
INDOFLOODS-gauge-397-47,INDOFLOODS-gauge-397,16.0_74.0,16.0,74.0,MAPPED,1996-10-03,1996-10-03,Flood
INDOFLOODS-gauge-397-48,INDOFLOODS-gauge-397,16.0_74.0,16.0,74.0,MAPPED,1996-10-21,1996-10-21,Flood
INDOFLOODS-gauge-397-49,INDOFLOODS-gauge-397,16.0_74.0,16.0,74.0,MAPPED,1997-07-10,1997-07-10,Flood
INDOFLOODS-gauge-397-5,INDOFLOODS-gauge-397,16.0_74.0,16.0,74.0,MAPPED,1973-07-15,1973-07-18,Flood
INDOFLOODS-gauge-397-50,INDOFLOODS-gauge-397,16.0_74.0,16.0,74.0,MAPPED,1997-08-01,1997-08-04,Severe Flood
INDOFLOODS-gauge-397-51,INDOFLOODS-gauge-397,16.0_74.0,16.0,74.0,MAPPED,1997-08-06,1997-08-10,Severe Flood
INDOFLOODS-gauge-397-52,INDOFLOODS-gauge-397,16.0_74.0,16.0,74.0,MAPPED,1997-08-15,1997-08-15,Flood
INDOFLOODS-gauge-397-53,INDOFLOODS-gauge-397,16.0_74.0,16.0,74.0,MAPPED,1997-08-23,1997-08-28,Flood
INDOFLOODS-gauge-397-54,INDOFLOODS-gauge-397,16.0_74.0,16.0,74.0,MAPPED,1999-07-19,1999-07-29,Severe Flood
INDOFLOODS-gauge-397-55,INDOFLOODS-gauge-397,16.0_74.0,16.0,74.0,MAPPED,1999-08-08,1999-08-08,Flood
INDOFLOODS-gauge-397-56,INDOFLOODS-gauge-397,16.0_74.0,16.0,74.0,MAPPED,1999-08-11,1999-08-11,Flood
INDOFLOODS-gauge-397-57,INDOFLOODS-gauge-397,16.0_74.0,16.0,74.0,MAPPED,2004-08-05,2004-08-07,Flood
INDOFLOODS-gauge-397-58,INDOFLOODS-gauge-397,16.0_74.0,16.0,74.0,MAPPED,2005-07-02,2005-07-02,Flood
INDOFLOODS-gauge-397-59,INDOFLOODS-gauge-397,16.0_74.0,16.0,74.0,MAPPED,2005-07-26,2005-07-30,Severe Flood
INDOFLOODS-gauge-397-6,INDOFLOODS-gauge-397,16.0_74.0,16.0,74.0,MAPPED,1973-08-16,1973-08-17,Flood
INDOFLOODS-gauge-397-60,INDOFLOODS-gauge-397,16.0_74.0,16.0,74.0,MAPPED,2005-08-01,2005-08-07,Severe Flood
INDOFLOODS-gauge-397-61,INDOFLOODS-gauge-397,16.0_74.0,16.0,74.0,MAPPED,2005-08-09,2005-08-11,Severe Flood
INDOFLOODS-gauge-397-62,INDOFLOODS-gauge-397,16.0_74.0,16.0,74.0,MAPPED,2005-08-18,2005-08-19,Severe Flood
INDOFLOODS-gauge-397-63,INDOFLOODS-gauge-397,16.0_74.0,16.0,74.0,MAPPED,2005-08-22,2005-08-22,Flood
INDOFLOODS-gauge-397-64,INDOFLOODS-gauge-397,16.0_74.0,16.0,74.0,MAPPED,2005-09-22,2005-09-25,Severe Flood
INDOFLOODS-gauge-397-65,INDOFLOODS-gauge-397,16.0_74.0,16.0,74.0,MAPPED,2006-07-29,2006-08-04,Severe Flood
INDOFLOODS-gauge-397-66,INDOFLOODS-gauge-397,16.0_74.0,16.0,74.0,MAPPED,2006-08-07,2006-08-20,Severe Flood
INDOFLOODS-gauge-397-67,INDOFLOODS-gauge-397,16.0_74.0,16.0,74.0,MAPPED,2006-09-23,2006-09-23,Flood
INDOFLOODS-gauge-397-68,INDOFLOODS-gauge-397,16.0_74.0,16.0,74.0,MAPPED,2007-07-01,2007-07-02,Flood
INDOFLOODS-gauge-397-69,INDOFLOODS-gauge-397,16.0_74.0,16.0,74.0,MAPPED,2007-07-10,2007-07-11,Flood
INDOFLOODS-gauge-397-7,INDOFLOODS-gauge-397,16.0_74.0,16.0,74.0,MAPPED,1974-07-05,1974-07-08,Severe Flood
INDOFLOODS-gauge-397-70,INDOFLOODS-gauge-397,16.0_74.0,16.0,74.0,MAPPED,2007-08-05,2007-08-13,Severe Flood
INDOFLOODS-gauge-397-71,INDOFLOODS-gauge-397,16.0_74.0,16.0,74.0,MAPPED,2013-07-22,2013-07-22,Flood
INDOFLOODS-gauge-397-72,INDOFLOODS-gauge-397,16.0_74.0,16.0,74.0,MAPPED,2013-08-03,2013-08-05,Flood
INDOFLOODS-gauge-397-73,INDOFLOODS-gauge-397,16.0_74.0,16.0,74.0,MAPPED,2013-08-22,2013-08-22,Flood
INDOFLOODS-gauge-397-74,INDOFLOODS-gauge-397,16.0_74.0,16.0,74.0,MAPPED,2014-08-01,2014-08-08,Flood
INDOFLOODS-gauge-397-75,INDOFLOODS-gauge-397,16.0_74.0,16.0,74.0,MAPPED,2016-07-13,2016-07-14,Flood
INDOFLOODS-gauge-397-76,INDOFLOODS-gauge-397,16.0_74.0,16.0,74.0,MAPPED,2016-08-07,2016-08-07,Flood
INDOFLOODS-gauge-397-77,INDOFLOODS-gauge-397,16.0_74.0,16.0,74.0,MAPPED,2018-07-17,2018-07-18,Flood
INDOFLOODS-gauge-397-78,INDOFLOODS-gauge-397,16.0_74.0,16.0,74.0,MAPPED,2019-08-02,2019-08-20,Severe Flood
INDOFLOODS-gauge-397-8,INDOFLOODS-gauge-397,16.0_74.0,16.0,74.0,MAPPED,1974-07-12,1974-07-14,Flood
INDOFLOODS-gauge-397-9,INDOFLOODS-gauge-397,16.0_74.0,16.0,74.0,MAPPED,1974-08-09,1974-08-09,Flood
INDOFLOODS-gauge-399-1,INDOFLOODS-gauge-399,11.0_76.0,11.0,76.0,MAPPED,2019-08-08,2019-08-10,Flood
INDOFLOODS-gauge-403-1,INDOFLOODS-gauge-403,11.0_75.0,11.0,75.0,MAPPED,2000-08-25,2000-08-28,Flood
INDOFLOODS-gauge-403-10,INDOFLOODS-gauge-403,11.0_75.0,11.0,75.0,MAPPED,2019-08-08,2019-08-10,Severe Flood
INDOFLOODS-gauge-403-2,INDOFLOODS-gauge-403,11.0_75.0,11.0,75.0,MAPPED,2001-06-23,2001-06-24,Flood
INDOFLOODS-gauge-403-3,INDOFLOODS-gauge-403,11.0_75.0,11.0,75.0,MAPPED,2001-07-08,2001-07-08,Flood
INDOFLOODS-gauge-403-4,INDOFLOODS-gauge-403,11.0_75.0,11.0,75.0,MAPPED,2001-07-31,2001-07-31,Flood
INDOFLOODS-gauge-403-5,INDOFLOODS-gauge-403,11.0_75.0,11.0,75.0,MAPPED,2002-08-17,2002-08-18,Flood
INDOFLOODS-gauge-403-6,INDOFLOODS-gauge-403,11.0_75.0,11.0,75.0,MAPPED,2007-07-17,2007-07-18,Severe Flood
INDOFLOODS-gauge-403-7,INDOFLOODS-gauge-403,11.0_75.0,11.0,75.0,MAPPED,2009-07-17,2009-07-18,Severe Flood
INDOFLOODS-gauge-403-8,INDOFLOODS-gauge-403,11.0_75.0,11.0,75.0,MAPPED,2018-08-09,2018-08-09,Flood
INDOFLOODS-gauge-403-9,INDOFLOODS-gauge-403,11.0_75.0,11.0,75.0,MAPPED,2018-08-14,2018-08-16,Severe Flood
INDOFLOODS-gauge-404-1,INDOFLOODS-gauge-404,11.0_76.0,11.0,76.0,MAPPED,2019-08-08,2019-08-10,Severe Flood
INDOFLOODS-gauge-406-1,INDOFLOODS-gauge-406,11.0_76.0,11.0,76.0,MAPPED,2019-08-04,2019-08-04,Severe Flood
INDOFLOODS-gauge-406-2,INDOFLOODS-gauge-406,11.0_76.0,11.0,76.0,MAPPED,2019-08-06,2019-08-11,Severe Flood
INDOFLOODS-gauge-407-1,INDOFLOODS-gauge-407,12.0_75.0,12.0,75.0,MAPPED,1994-07-30,1994-07-30,Flood
INDOFLOODS-gauge-407-2,INDOFLOODS-gauge-407,12.0_75.0,12.0,75.0,MAPPED,1997-08-22,1997-08-22,Flood
INDOFLOODS-gauge-407-3,INDOFLOODS-gauge-407,12.0_75.0,12.0,75.0,MAPPED,1999-07-18,1999-07-18,Flood
INDOFLOODS-gauge-407-4,INDOFLOODS-gauge-407,12.0_75.0,12.0,75.0,MAPPED,2018-07-07,2018-07-07,Flood
INDOFLOODS-gauge-407-5,INDOFLOODS-gauge-407,12.0_75.0,12.0,75.0,MAPPED,2019-08-06,2019-08-06,Flood
INDOFLOODS-gauge-407-6,INDOFLOODS-gauge-407,12.0_75.0,12.0,75.0,MAPPED,2019-08-10,2019-08-10,Flood
INDOFLOODS-gauge-411-1,INDOFLOODS-gauge-411,9.0_76.0,9.0,76.0,MAPPED,1985-06-28,1985-06-29,Flood
INDOFLOODS-gauge-411-2,INDOFLOODS-gauge-411,9.0_76.0,9.0,76.0,MAPPED,2001-07-10,2001-07-10,Flood
INDOFLOODS-gauge-411-3,INDOFLOODS-gauge-411,9.0_76.0,9.0,76.0,MAPPED,2013-08-06,2013-08-07,Flood
INDOFLOODS-gauge-411-4,INDOFLOODS-gauge-411,9.0_76.0,9.0,76.0,MAPPED,2018-08-16,2018-08-18,Severe Flood
INDOFLOODS-gauge-412-1,INDOFLOODS-gauge-412,9.0_76.0,9.0,76.0,MAPPED,1989-07-24,1989-07-24,Flood
INDOFLOODS-gauge-412-10,INDOFLOODS-gauge-412,9.0_76.0,9.0,76.0,MAPPED,2005-09-05,2005-09-05,Flood
INDOFLOODS-gauge-412-11,INDOFLOODS-gauge-412,9.0_76.0,9.0,76.0,MAPPED,2005-09-07,2005-09-07,Severe Flood
INDOFLOODS-gauge-412-12,INDOFLOODS-gauge-412,9.0_76.0,9.0,76.0,MAPPED,2007-06-23,2007-06-23,Flood
INDOFLOODS-gauge-412-13,INDOFLOODS-gauge-412,9.0_76.0,9.0,76.0,MAPPED,2007-07-17,2007-07-17,Severe Flood
INDOFLOODS-gauge-412-14,INDOFLOODS-gauge-412,9.0_76.0,9.0,76.0,MAPPED,2009-07-18,2009-07-18,Flood
INDOFLOODS-gauge-412-15,INDOFLOODS-gauge-412,9.0_76.0,9.0,76.0,MAPPED,2010-06-13,2010-06-13,Flood
INDOFLOODS-gauge-412-16,INDOFLOODS-gauge-412,9.0_76.0,9.0,76.0,MAPPED,2013-08-05,2013-08-06,Severe Flood
INDOFLOODS-gauge-412-17,INDOFLOODS-gauge-412,9.0_76.0,9.0,76.0,MAPPED,2018-02-01,2018-03-31,Flood
INDOFLOODS-gauge-412-18,INDOFLOODS-gauge-412,9.0_76.0,9.0,76.0,MAPPED,2018-07-05,2018-07-05,Severe Flood
INDOFLOODS-gauge-412-19,INDOFLOODS-gauge-412,9.0_76.0,9.0,76.0,MAPPED,2018-07-16,2018-07-16,Severe Flood
INDOFLOODS-gauge-412-2,INDOFLOODS-gauge-412,9.0_76.0,9.0,76.0,MAPPED,1989-07-27,1989-07-27,Flood
INDOFLOODS-gauge-412-20,INDOFLOODS-gauge-412,9.0_76.0,9.0,76.0,MAPPED,2018-11-02,2018-11-07,Severe Flood
INDOFLOODS-gauge-412-21,INDOFLOODS-gauge-412,9.0_76.0,9.0,76.0,MAPPED,2018-11-09,2018-11-13,Flood
INDOFLOODS-gauge-412-22,INDOFLOODS-gauge-412,9.0_76.0,9.0,76.0,MAPPED,2018-11-19,2018-11-20,Severe Flood
INDOFLOODS-gauge-412-23,INDOFLOODS-gauge-412,9.0_76.0,9.0,76.0,MAPPED,2019-02-01,2019-02-21,Flood
INDOFLOODS-gauge-412-24,INDOFLOODS-gauge-412,9.0_76.0,9.0,76.0,MAPPED,2019-02-23,2019-02-28,Flood
INDOFLOODS-gauge-412-25,INDOFLOODS-gauge-412,9.0_76.0,9.0,76.0,MAPPED,2019-08-08,2019-08-09,Severe Flood
INDOFLOODS-gauge-412-3,INDOFLOODS-gauge-412,9.0_76.0,9.0,76.0,MAPPED,1989-09-20,1989-09-20,Flood
INDOFLOODS-gauge-412-4,INDOFLOODS-gauge-412,9.0_76.0,9.0,76.0,MAPPED,1992-07-28,1992-07-29,Flood
INDOFLOODS-gauge-412-5,INDOFLOODS-gauge-412,9.0_76.0,9.0,76.0,MAPPED,1994-08-03,1994-08-03,Flood
INDOFLOODS-gauge-412-6,INDOFLOODS-gauge-412,9.0_76.0,9.0,76.0,MAPPED,1996-07-21,1996-07-21,Flood
INDOFLOODS-gauge-412-7,INDOFLOODS-gauge-412,9.0_76.0,9.0,76.0,MAPPED,1997-07-24,1997-07-25,Severe Flood
INDOFLOODS-gauge-412-8,INDOFLOODS-gauge-412,9.0_76.0,9.0,76.0,MAPPED,2001-07-09,2001-07-10,Severe Flood
INDOFLOODS-gauge-412-9,INDOFLOODS-gauge-412,9.0_76.0,9.0,76.0,MAPPED,2005-07-31,2005-07-31,Flood
INDOFLOODS-gauge-414-1,INDOFLOODS-gauge-414,11.0_76.0,11.0,76.0,MAPPED,1994-07-15,1994-07-16,Severe Flood
INDOFLOODS-gauge-414-2,INDOFLOODS-gauge-414,11.0_76.0,11.0,76.0,MAPPED,1997-07-12,1997-07-12,Flood
INDOFLOODS-gauge-414-3,INDOFLOODS-gauge-414,11.0_76.0,11.0,76.0,MAPPED,2007-07-04,2007-07-04,Flood
INDOFLOODS-gauge-414-4,INDOFLOODS-gauge-414,11.0_76.0,11.0,76.0,MAPPED,2007-07-18,2007-07-18,Severe Flood
INDOFLOODS-gauge-414-5,INDOFLOODS-gauge-414,11.0_76.0,11.0,76.0,MAPPED,2009-07-19,2009-07-19,Flood
INDOFLOODS-gauge-414-6,INDOFLOODS-gauge-414,11.0_76.0,11.0,76.0,MAPPED,2018-08-16,2018-08-17,Flood
INDOFLOODS-gauge-414-7,INDOFLOODS-gauge-414,11.0_76.0,11.0,76.0,MAPPED,2019-08-09,2019-08-11,Severe Flood
INDOFLOODS-gauge-415-1,INDOFLOODS-gauge-415,11.0_76.0,11.0,76.0,MAPPED,1981-07-09,1981-07-09,Flood
INDOFLOODS-gauge-415-2,INDOFLOODS-gauge-415,11.0_76.0,11.0,76.0,MAPPED,1981-08-17,1981-08-20,Severe Flood
INDOFLOODS-gauge-415-3,INDOFLOODS-gauge-415,11.0_76.0,11.0,76.0,MAPPED,1982-07-21,1982-07-21,Severe Flood
INDOFLOODS-gauge-415-4,INDOFLOODS-gauge-415,11.0_76.0,11.0,76.0,MAPPED,1983-07-22,1983-07-23,Severe Flood
INDOFLOODS-gauge-415-5,INDOFLOODS-gauge-415,11.0_76.0,11.0,76.0,MAPPED,2019-08-09,2019-08-09,Severe Flood
INDOFLOODS-gauge-417-1,INDOFLOODS-gauge-417,10.0_76.0,10.0,76.0,MAPPED,1980-07-02,1980-07-04,Severe Flood
INDOFLOODS-gauge-417-10,INDOFLOODS-gauge-417,10.0_76.0,10.0,76.0,MAPPED,1983-07-22,1983-07-23,Flood
INDOFLOODS-gauge-417-11,INDOFLOODS-gauge-417,10.0_76.0,10.0,76.0,MAPPED,1984-06-17,1984-06-19,Flood
INDOFLOODS-gauge-417-12,INDOFLOODS-gauge-417,10.0_76.0,10.0,76.0,MAPPED,1984-07-18,1984-07-20,Flood
INDOFLOODS-gauge-417-13,INDOFLOODS-gauge-417,10.0_76.0,10.0,76.0,MAPPED,1985-06-26,1985-06-29,Severe Flood
INDOFLOODS-gauge-417-14,INDOFLOODS-gauge-417,10.0_76.0,10.0,76.0,MAPPED,1985-07-10,1985-07-10,Flood
INDOFLOODS-gauge-417-15,INDOFLOODS-gauge-417,10.0_76.0,10.0,76.0,MAPPED,1986-06-29,1986-06-29,Flood
INDOFLOODS-gauge-417-16,INDOFLOODS-gauge-417,10.0_76.0,10.0,76.0,MAPPED,1986-08-08,1986-08-11,Flood
INDOFLOODS-gauge-417-17,INDOFLOODS-gauge-417,10.0_76.0,10.0,76.0,MAPPED,1988-08-05,1988-08-05,Flood
INDOFLOODS-gauge-417-18,INDOFLOODS-gauge-417,10.0_76.0,10.0,76.0,MAPPED,1989-07-24,1989-07-25,Flood
INDOFLOODS-gauge-417-19,INDOFLOODS-gauge-417,10.0_76.0,10.0,76.0,MAPPED,1989-07-28,1989-07-28,Flood
INDOFLOODS-gauge-417-2,INDOFLOODS-gauge-417,10.0_76.0,10.0,76.0,MAPPED,1980-07-09,1980-07-10,Flood
INDOFLOODS-gauge-417-20,INDOFLOODS-gauge-417,10.0_76.0,10.0,76.0,MAPPED,1991-07-08,1991-07-09,Flood
INDOFLOODS-gauge-417-21,INDOFLOODS-gauge-417,10.0_76.0,10.0,76.0,MAPPED,1991-07-27,1991-07-31,Severe Flood
INDOFLOODS-gauge-417-22,INDOFLOODS-gauge-417,10.0_76.0,10.0,76.0,MAPPED,1991-08-19,1991-08-20,Flood
INDOFLOODS-gauge-417-23,INDOFLOODS-gauge-417,10.0_76.0,10.0,76.0,MAPPED,1992-07-28,1992-07-30,Severe Flood
INDOFLOODS-gauge-417-24,INDOFLOODS-gauge-417,10.0_76.0,10.0,76.0,MAPPED,1994-07-13,1994-07-17,Severe Flood
INDOFLOODS-gauge-417-25,INDOFLOODS-gauge-417,10.0_76.0,10.0,76.0,MAPPED,1994-08-03,1994-08-03,Flood
INDOFLOODS-gauge-417-26,INDOFLOODS-gauge-417,10.0_76.0,10.0,76.0,MAPPED,1997-07-11,1997-07-11,Flood
INDOFLOODS-gauge-417-27,INDOFLOODS-gauge-417,10.0_76.0,10.0,76.0,MAPPED,2004-08-05,2004-08-05,Flood
INDOFLOODS-gauge-417-28,INDOFLOODS-gauge-417,10.0_76.0,10.0,76.0,MAPPED,2007-07-03,2007-07-04,Severe Flood
INDOFLOODS-gauge-417-29,INDOFLOODS-gauge-417,10.0_76.0,10.0,76.0,MAPPED,2007-07-17,2007-07-18,Severe Flood
INDOFLOODS-gauge-417-3,INDOFLOODS-gauge-417,10.0_76.0,10.0,76.0,MAPPED,1980-07-15,1980-07-16,Flood
INDOFLOODS-gauge-417-30,INDOFLOODS-gauge-417,10.0_76.0,10.0,76.0,MAPPED,2009-07-17,2009-07-19,Flood
INDOFLOODS-gauge-417-31,INDOFLOODS-gauge-417,10.0_76.0,10.0,76.0,MAPPED,2014-08-02,2014-08-02,Flood
INDOFLOODS-gauge-417-32,INDOFLOODS-gauge-417,10.0_76.0,10.0,76.0,MAPPED,2017-07-04,2017-07-04,Severe Flood
INDOFLOODS-gauge-417-33,INDOFLOODS-gauge-417,10.0_76.0,10.0,76.0,MAPPED,2017-12-06,2017-12-06,Severe Flood
INDOFLOODS-gauge-417-34,INDOFLOODS-gauge-417,10.0_76.0,10.0,76.0,MAPPED,2018-08-16,2018-08-17,Flood
INDOFLOODS-gauge-417-35,INDOFLOODS-gauge-417,10.0_76.0,10.0,76.0,MAPPED,2019-08-09,2019-08-11,Severe Flood
INDOFLOODS-gauge-417-4,INDOFLOODS-gauge-417,10.0_76.0,10.0,76.0,MAPPED,1981-06-18,1981-06-19,Flood
INDOFLOODS-gauge-417-5,INDOFLOODS-gauge-417,10.0_76.0,10.0,76.0,MAPPED,1981-06-25,1981-06-25,Flood
INDOFLOODS-gauge-417-6,INDOFLOODS-gauge-417,10.0_76.0,10.0,76.0,MAPPED,1981-08-17,1981-08-20,Flood
INDOFLOODS-gauge-417-7,INDOFLOODS-gauge-417,10.0_76.0,10.0,76.0,MAPPED,1981-09-23,1981-09-23,Flood
INDOFLOODS-gauge-417-8,INDOFLOODS-gauge-417,10.0_76.0,10.0,76.0,MAPPED,1982-07-22,1982-07-22,Flood
INDOFLOODS-gauge-417-9,INDOFLOODS-gauge-417,10.0_76.0,10.0,76.0,MAPPED,1982-08-02,1982-08-02,Flood
INDOFLOODS-gauge-420-1,INDOFLOODS-gauge-420,10.0_76.0,10.0,76.0,MAPPED,1971-06-25,1971-06-26,Flood
INDOFLOODS-gauge-420-10,INDOFLOODS-gauge-420,10.0_76.0,10.0,76.0,MAPPED,2013-08-05,2013-08-05,Flood
INDOFLOODS-gauge-420-11,INDOFLOODS-gauge-420,10.0_76.0,10.0,76.0,MAPPED,2018-08-09,2018-08-10,Severe Flood
INDOFLOODS-gauge-420-12,INDOFLOODS-gauge-420,10.0_76.0,10.0,76.0,MAPPED,2018-08-13,2018-08-19,Severe Flood
INDOFLOODS-gauge-420-13,INDOFLOODS-gauge-420,10.0_76.0,10.0,76.0,MAPPED,2019-08-08,2019-08-08,Flood
INDOFLOODS-gauge-420-2,INDOFLOODS-gauge-420,10.0_76.0,10.0,76.0,MAPPED,1974-07-27,1974-07-28,Flood
INDOFLOODS-gauge-420-3,INDOFLOODS-gauge-420,10.0_76.0,10.0,76.0,MAPPED,1974-08-17,1974-08-17,Flood
INDOFLOODS-gauge-420-4,INDOFLOODS-gauge-420,10.0_76.0,10.0,76.0,MAPPED,1975-08-11,1975-08-11,Flood
INDOFLOODS-gauge-420-5,INDOFLOODS-gauge-420,10.0_76.0,10.0,76.0,MAPPED,1975-08-13,1975-08-14,Flood
INDOFLOODS-gauge-420-6,INDOFLOODS-gauge-420,10.0_76.0,10.0,76.0,MAPPED,1975-08-16,1975-08-16,Flood
INDOFLOODS-gauge-420-7,INDOFLOODS-gauge-420,10.0_76.0,10.0,76.0,MAPPED,1985-06-26,1985-06-27,Flood
INDOFLOODS-gauge-420-8,INDOFLOODS-gauge-420,10.0_76.0,10.0,76.0,MAPPED,1986-08-09,1986-08-09,Flood
INDOFLOODS-gauge-420-9,INDOFLOODS-gauge-420,10.0_76.0,10.0,76.0,MAPPED,1989-07-24,1989-07-24,Flood
INDOFLOODS-gauge-421-1,INDOFLOODS-gauge-421,10.0_76.0,10.0,76.0,MAPPED,2019-07-21,2019-07-21,Severe Flood
INDOFLOODS-gauge-421-2,INDOFLOODS-gauge-421,10.0_76.0,10.0,76.0,MAPPED,2019-08-09,2019-08-17,Severe Flood
INDOFLOODS-gauge-422-1,INDOFLOODS-gauge-422,9.0_76.0,9.0,76.0,MAPPED,2019-06-29,2019-06-29,Flood
INDOFLOODS-gauge-422-2,INDOFLOODS-gauge-422,9.0_76.0,9.0,76.0,MAPPED,2019-08-10,2019-08-10,Flood
INDOFLOODS-gauge-423-1,INDOFLOODS-gauge-423,8.0_76.0,8.0,76.0,MAPPED,1990-11-04,1990-11-04,Flood
INDOFLOODS-gauge-423-10,INDOFLOODS-gauge-423,8.0_76.0,8.0,76.0,MAPPED,2014-08-23,2014-08-23,Flood
INDOFLOODS-gauge-423-11,INDOFLOODS-gauge-423,8.0_76.0,8.0,76.0,MAPPED,2018-08-15,2018-08-15,Flood
INDOFLOODS-gauge-423-2,INDOFLOODS-gauge-423,8.0_76.0,8.0,76.0,MAPPED,1992-10-10,1992-10-11,Severe Flood
INDOFLOODS-gauge-423-3,INDOFLOODS-gauge-423,8.0_76.0,8.0,76.0,MAPPED,1992-11-14,1992-11-15,Severe Flood
INDOFLOODS-gauge-423-4,INDOFLOODS-gauge-423,8.0_76.0,8.0,76.0,MAPPED,1993-11-11,1993-11-11,Flood
INDOFLOODS-gauge-423-5,INDOFLOODS-gauge-423,8.0_76.0,8.0,76.0,MAPPED,1994-08-02,1994-08-03,Flood
INDOFLOODS-gauge-423-6,INDOFLOODS-gauge-423,8.0_76.0,8.0,76.0,MAPPED,1996-10-18,1996-10-18,Flood
INDOFLOODS-gauge-423-7,INDOFLOODS-gauge-423,8.0_76.0,8.0,76.0,MAPPED,1998-10-11,1998-10-13,Flood
INDOFLOODS-gauge-423-8,INDOFLOODS-gauge-423,8.0_76.0,8.0,76.0,MAPPED,2010-10-04,2010-10-04,Flood
INDOFLOODS-gauge-423-9,INDOFLOODS-gauge-423,8.0_76.0,8.0,76.0,MAPPED,2010-10-07,2010-10-07,Flood
INDOFLOODS-gauge-426-1,INDOFLOODS-gauge-426,9.0_76.0,9.0,76.0,MAPPED,2019-08-08,2019-08-08,Flood
INDOFLOODS-gauge-427-1,INDOFLOODS-gauge-427,9.0_76.0,9.0,76.0,MAPPED,1985-06-23,1985-07-03,Severe Flood
INDOFLOODS-gauge-427-10,INDOFLOODS-gauge-427,9.0_76.0,9.0,76.0,MAPPED,1987-10-30,1987-10-30,Flood
INDOFLOODS-gauge-427-100,INDOFLOODS-gauge-427,9.0_76.0,9.0,76.0,MAPPED,2009-07-03,2009-07-03,Flood
INDOFLOODS-gauge-427-101,INDOFLOODS-gauge-427,9.0_76.0,9.0,76.0,MAPPED,2009-07-18,2009-07-19,Flood
INDOFLOODS-gauge-427-102,INDOFLOODS-gauge-427,9.0_76.0,9.0,76.0,MAPPED,2009-10-03,2009-10-03,Flood
INDOFLOODS-gauge-427-103,INDOFLOODS-gauge-427,9.0_76.0,9.0,76.0,MAPPED,2010-06-13,2010-06-15,Severe Flood
INDOFLOODS-gauge-427-104,INDOFLOODS-gauge-427,9.0_76.0,9.0,76.0,MAPPED,2010-07-20,2010-07-20,Flood
INDOFLOODS-gauge-427-105,INDOFLOODS-gauge-427,9.0_76.0,9.0,76.0,MAPPED,2010-08-16,2010-08-16,Flood
INDOFLOODS-gauge-427-106,INDOFLOODS-gauge-427,9.0_76.0,9.0,76.0,MAPPED,2010-10-04,2010-10-04,Flood
INDOFLOODS-gauge-427-107,INDOFLOODS-gauge-427,9.0_76.0,9.0,76.0,MAPPED,2010-10-07,2010-10-07,Flood
INDOFLOODS-gauge-427-108,INDOFLOODS-gauge-427,9.0_76.0,9.0,76.0,MAPPED,2010-11-22,2010-11-24,Flood
INDOFLOODS-gauge-427-109,INDOFLOODS-gauge-427,9.0_76.0,9.0,76.0,MAPPED,2011-06-02,2011-06-04,Severe Flood
INDOFLOODS-gauge-427-11,INDOFLOODS-gauge-427,9.0_76.0,9.0,76.0,MAPPED,1987-11-01,1987-11-01,Flood
INDOFLOODS-gauge-427-110,INDOFLOODS-gauge-427,9.0_76.0,9.0,76.0,MAPPED,2011-06-06,2011-06-06,Flood
INDOFLOODS-gauge-427-111,INDOFLOODS-gauge-427,9.0_76.0,9.0,76.0,MAPPED,2011-08-07,2011-08-08,Severe Flood
INDOFLOODS-gauge-427-112,INDOFLOODS-gauge-427,9.0_76.0,9.0,76.0,MAPPED,2011-09-03,2011-09-03,Flood
INDOFLOODS-gauge-427-113,INDOFLOODS-gauge-427,9.0_76.0,9.0,76.0,MAPPED,2012-08-18,2012-08-19,Severe Flood
INDOFLOODS-gauge-427-114,INDOFLOODS-gauge-427,9.0_76.0,9.0,76.0,MAPPED,2013-06-17,2013-06-18,Flood
INDOFLOODS-gauge-427-115,INDOFLOODS-gauge-427,9.0_76.0,9.0,76.0,MAPPED,2013-06-25,2013-06-28,Severe Flood
INDOFLOODS-gauge-427-116,INDOFLOODS-gauge-427,9.0_76.0,9.0,76.0,MAPPED,2013-07-08,2013-07-11,Flood
INDOFLOODS-gauge-427-117,INDOFLOODS-gauge-427,9.0_76.0,9.0,76.0,MAPPED,2013-08-05,2013-08-07,Severe Flood
INDOFLOODS-gauge-427-118,INDOFLOODS-gauge-427,9.0_76.0,9.0,76.0,MAPPED,2013-09-18,2013-09-18,Flood
INDOFLOODS-gauge-427-119,INDOFLOODS-gauge-427,9.0_76.0,9.0,76.0,MAPPED,2014-08-02,2014-08-06,Severe Flood
INDOFLOODS-gauge-427-12,INDOFLOODS-gauge-427,9.0_76.0,9.0,76.0,MAPPED,1988-06-09,1988-06-11,Flood
INDOFLOODS-gauge-427-120,INDOFLOODS-gauge-427,9.0_76.0,9.0,76.0,MAPPED,2014-08-23,2014-08-25,Severe Flood
INDOFLOODS-gauge-427-121,INDOFLOODS-gauge-427,9.0_76.0,9.0,76.0,MAPPED,2014-09-01,2014-09-03,Flood
INDOFLOODS-gauge-427-122,INDOFLOODS-gauge-427,9.0_76.0,9.0,76.0,MAPPED,2015-06-28,2015-06-28,Flood
INDOFLOODS-gauge-427-123,INDOFLOODS-gauge-427,9.0_76.0,9.0,76.0,MAPPED,2017-06-27,2017-06-29,Severe Flood
INDOFLOODS-gauge-427-124,INDOFLOODS-gauge-427,9.0_76.0,9.0,76.0,MAPPED,2017-07-01,2017-07-02,Severe Flood
INDOFLOODS-gauge-427-125,INDOFLOODS-gauge-427,9.0_76.0,9.0,76.0,MAPPED,2017-09-14,2017-09-14,Flood
INDOFLOODS-gauge-427-126,INDOFLOODS-gauge-427,9.0_76.0,9.0,76.0,MAPPED,2017-09-18,2017-09-19,Severe Flood
INDOFLOODS-gauge-427-127,INDOFLOODS-gauge-427,9.0_76.0,9.0,76.0,MAPPED,2018-06-11,2018-06-14,Severe Flood
INDOFLOODS-gauge-427-128,INDOFLOODS-gauge-427,9.0_76.0,9.0,76.0,MAPPED,2018-07-10,2018-07-11,Flood
INDOFLOODS-gauge-427-129,INDOFLOODS-gauge-427,9.0_76.0,9.0,76.0,MAPPED,2018-07-15,2018-07-19,Severe Flood
INDOFLOODS-gauge-427-13,INDOFLOODS-gauge-427,9.0_76.0,9.0,76.0,MAPPED,1988-07-01,1988-07-02,Flood
INDOFLOODS-gauge-427-130,INDOFLOODS-gauge-427,9.0_76.0,9.0,76.0,MAPPED,2018-07-26,2018-07-26,Flood
INDOFLOODS-gauge-427-131,INDOFLOODS-gauge-427,9.0_76.0,9.0,76.0,MAPPED,2018-07-31,2018-07-31,Flood
INDOFLOODS-gauge-427-132,INDOFLOODS-gauge-427,9.0_76.0,9.0,76.0,MAPPED,2018-08-10,2018-08-10,Severe Flood
INDOFLOODS-gauge-427-133,INDOFLOODS-gauge-427,9.0_76.0,9.0,76.0,MAPPED,2018-08-15,2018-08-19,Severe Flood
INDOFLOODS-gauge-427-134,INDOFLOODS-gauge-427,9.0_76.0,9.0,76.0,MAPPED,2019-07-19,2019-07-22,Flood
INDOFLOODS-gauge-427-135,INDOFLOODS-gauge-427,9.0_76.0,9.0,76.0,MAPPED,2019-08-08,2019-08-20,Severe Flood
INDOFLOODS-gauge-427-14,INDOFLOODS-gauge-427,9.0_76.0,9.0,76.0,MAPPED,1988-07-18,1988-07-19,Flood
INDOFLOODS-gauge-427-15,INDOFLOODS-gauge-427,9.0_76.0,9.0,76.0,MAPPED,1988-07-22,1988-07-23,Flood
INDOFLOODS-gauge-427-16,INDOFLOODS-gauge-427,9.0_76.0,9.0,76.0,MAPPED,1988-08-05,1988-08-05,Flood
INDOFLOODS-gauge-427-17,INDOFLOODS-gauge-427,9.0_76.0,9.0,76.0,MAPPED,1988-09-03,1988-09-04,Flood
INDOFLOODS-gauge-427-18,INDOFLOODS-gauge-427,9.0_76.0,9.0,76.0,MAPPED,1988-09-20,1988-09-20,Flood
INDOFLOODS-gauge-427-19,INDOFLOODS-gauge-427,9.0_76.0,9.0,76.0,MAPPED,1989-06-14,1989-06-14,Flood
INDOFLOODS-gauge-427-2,INDOFLOODS-gauge-427,9.0_76.0,9.0,76.0,MAPPED,1985-07-12,1985-07-13,Flood
INDOFLOODS-gauge-427-20,INDOFLOODS-gauge-427,9.0_76.0,9.0,76.0,MAPPED,1989-06-22,1989-06-25,Severe Flood
INDOFLOODS-gauge-427-21,INDOFLOODS-gauge-427,9.0_76.0,9.0,76.0,MAPPED,1989-07-17,1989-07-25,Severe Flood
INDOFLOODS-gauge-427-22,INDOFLOODS-gauge-427,9.0_76.0,9.0,76.0,MAPPED,1989-07-27,1989-07-28,Flood
INDOFLOODS-gauge-427-23,INDOFLOODS-gauge-427,9.0_76.0,9.0,76.0,MAPPED,1989-08-19,1989-08-19,Flood
INDOFLOODS-gauge-427-24,INDOFLOODS-gauge-427,9.0_76.0,9.0,76.0,MAPPED,1989-09-19,1989-09-22,Severe Flood
INDOFLOODS-gauge-427-25,INDOFLOODS-gauge-427,9.0_76.0,9.0,76.0,MAPPED,1989-10-15,1989-10-15,Flood
INDOFLOODS-gauge-427-26,INDOFLOODS-gauge-427,9.0_76.0,9.0,76.0,MAPPED,1990-06-16,1990-06-16,Flood
INDOFLOODS-gauge-427-27,INDOFLOODS-gauge-427,9.0_76.0,9.0,76.0,MAPPED,1990-06-22,1990-06-22,Flood
INDOFLOODS-gauge-427-28,INDOFLOODS-gauge-427,9.0_76.0,9.0,76.0,MAPPED,1990-07-03,1990-07-03,Flood
INDOFLOODS-gauge-427-29,INDOFLOODS-gauge-427,9.0_76.0,9.0,76.0,MAPPED,1990-07-05,1990-07-09,Flood
INDOFLOODS-gauge-427-3,INDOFLOODS-gauge-427,9.0_76.0,9.0,76.0,MAPPED,1986-06-27,1986-06-29,Flood
INDOFLOODS-gauge-427-30,INDOFLOODS-gauge-427,9.0_76.0,9.0,76.0,MAPPED,1990-11-04,1990-11-04,Flood
INDOFLOODS-gauge-427-31,INDOFLOODS-gauge-427,9.0_76.0,9.0,76.0,MAPPED,1991-06-05,1991-06-10,Severe Flood
INDOFLOODS-gauge-427-32,INDOFLOODS-gauge-427,9.0_76.0,9.0,76.0,MAPPED,1991-06-13,1991-06-13,Flood
INDOFLOODS-gauge-427-33,INDOFLOODS-gauge-427,9.0_76.0,9.0,76.0,MAPPED,1991-07-27,1991-07-29,Flood
INDOFLOODS-gauge-427-34,INDOFLOODS-gauge-427,9.0_76.0,9.0,76.0,MAPPED,1991-07-31,1991-08-02,Severe Flood
INDOFLOODS-gauge-427-35,INDOFLOODS-gauge-427,9.0_76.0,9.0,76.0,MAPPED,1991-08-18,1991-08-18,Flood
INDOFLOODS-gauge-427-36,INDOFLOODS-gauge-427,9.0_76.0,9.0,76.0,MAPPED,1992-06-19,1992-06-20,Flood
INDOFLOODS-gauge-427-37,INDOFLOODS-gauge-427,9.0_76.0,9.0,76.0,MAPPED,1992-06-22,1992-06-24,Flood
INDOFLOODS-gauge-427-38,INDOFLOODS-gauge-427,9.0_76.0,9.0,76.0,MAPPED,1992-07-07,1992-07-09,Flood
INDOFLOODS-gauge-427-39,INDOFLOODS-gauge-427,9.0_76.0,9.0,76.0,MAPPED,1992-07-17,1992-07-17,Flood
INDOFLOODS-gauge-427-4,INDOFLOODS-gauge-427,9.0_76.0,9.0,76.0,MAPPED,1986-08-07,1986-08-13,Severe Flood
INDOFLOODS-gauge-427-40,INDOFLOODS-gauge-427,9.0_76.0,9.0,76.0,MAPPED,1992-07-20,1992-07-20,Flood
INDOFLOODS-gauge-427-41,INDOFLOODS-gauge-427,9.0_76.0,9.0,76.0,MAPPED,1992-07-28,1992-07-30,Severe Flood
INDOFLOODS-gauge-427-42,INDOFLOODS-gauge-427,9.0_76.0,9.0,76.0,MAPPED,1992-08-01,1992-08-01,Flood
INDOFLOODS-gauge-427-43,INDOFLOODS-gauge-427,9.0_76.0,9.0,76.0,MAPPED,1992-08-05,1992-08-05,Flood
INDOFLOODS-gauge-427-44,INDOFLOODS-gauge-427,9.0_76.0,9.0,76.0,MAPPED,1992-08-08,1992-08-08,Flood
INDOFLOODS-gauge-427-45,INDOFLOODS-gauge-427,9.0_76.0,9.0,76.0,MAPPED,1992-10-04,1992-10-04,Flood
INDOFLOODS-gauge-427-46,INDOFLOODS-gauge-427,9.0_76.0,9.0,76.0,MAPPED,1992-10-10,1992-10-12,Severe Flood
INDOFLOODS-gauge-427-47,INDOFLOODS-gauge-427,9.0_76.0,9.0,76.0,MAPPED,1993-06-07,1993-06-09,Severe Flood
INDOFLOODS-gauge-427-48,INDOFLOODS-gauge-427,9.0_76.0,9.0,76.0,MAPPED,1993-07-02,1993-07-04,Severe Flood
INDOFLOODS-gauge-427-49,INDOFLOODS-gauge-427,9.0_76.0,9.0,76.0,MAPPED,1993-07-15,1993-07-17,Flood
INDOFLOODS-gauge-427-5,INDOFLOODS-gauge-427,9.0_76.0,9.0,76.0,MAPPED,1986-11-02,1986-11-02,Flood
INDOFLOODS-gauge-427-50,INDOFLOODS-gauge-427,9.0_76.0,9.0,76.0,MAPPED,1993-07-25,1993-07-26,Flood
INDOFLOODS-gauge-427-51,INDOFLOODS-gauge-427,9.0_76.0,9.0,76.0,MAPPED,1993-10-07,1993-10-08,Flood
INDOFLOODS-gauge-427-52,INDOFLOODS-gauge-427,9.0_76.0,9.0,76.0,MAPPED,1994-06-30,1994-06-30,Flood
INDOFLOODS-gauge-427-53,INDOFLOODS-gauge-427,9.0_76.0,9.0,76.0,MAPPED,1994-07-29,1994-07-30,Flood
INDOFLOODS-gauge-427-54,INDOFLOODS-gauge-427,9.0_76.0,9.0,76.0,MAPPED,1994-08-01,1994-08-05,Severe Flood
INDOFLOODS-gauge-427-55,INDOFLOODS-gauge-427,9.0_76.0,9.0,76.0,MAPPED,1995-05-09,1995-05-12,Severe Flood
INDOFLOODS-gauge-427-56,INDOFLOODS-gauge-427,9.0_76.0,9.0,76.0,MAPPED,1995-06-14,1995-06-14,Flood
INDOFLOODS-gauge-427-57,INDOFLOODS-gauge-427,9.0_76.0,9.0,76.0,MAPPED,1995-06-16,1995-06-17,Flood
INDOFLOODS-gauge-427-58,INDOFLOODS-gauge-427,9.0_76.0,9.0,76.0,MAPPED,1995-07-01,1995-07-01,Flood
INDOFLOODS-gauge-427-59,INDOFLOODS-gauge-427,9.0_76.0,9.0,76.0,MAPPED,1995-07-12,1995-07-13,Flood
INDOFLOODS-gauge-427-6,INDOFLOODS-gauge-427,9.0_76.0,9.0,76.0,MAPPED,1986-11-08,1986-11-08,Flood
INDOFLOODS-gauge-427-60,INDOFLOODS-gauge-427,9.0_76.0,9.0,76.0,MAPPED,1995-07-30,1995-08-01,Severe Flood
INDOFLOODS-gauge-427-61,INDOFLOODS-gauge-427,9.0_76.0,9.0,76.0,MAPPED,1995-08-07,1995-08-07,Flood
INDOFLOODS-gauge-427-62,INDOFLOODS-gauge-427,9.0_76.0,9.0,76.0,MAPPED,1995-08-31,1995-09-01,Flood
INDOFLOODS-gauge-427-63,INDOFLOODS-gauge-427,9.0_76.0,9.0,76.0,MAPPED,1996-07-21,1996-07-23,Flood
INDOFLOODS-gauge-427-64,INDOFLOODS-gauge-427,9.0_76.0,9.0,76.0,MAPPED,1996-07-25,1996-07-26,Flood
INDOFLOODS-gauge-427-65,INDOFLOODS-gauge-427,9.0_76.0,9.0,76.0,MAPPED,1996-09-29,1996-09-29,Severe Flood
INDOFLOODS-gauge-427-66,INDOFLOODS-gauge-427,9.0_76.0,9.0,76.0,MAPPED,1996-10-18,1996-10-19,Severe Flood
INDOFLOODS-gauge-427-67,INDOFLOODS-gauge-427,9.0_76.0,9.0,76.0,MAPPED,1997-07-22,1997-07-27,Severe Flood
INDOFLOODS-gauge-427-68,INDOFLOODS-gauge-427,9.0_76.0,9.0,76.0,MAPPED,1997-09-16,1997-09-16,Flood
INDOFLOODS-gauge-427-69,INDOFLOODS-gauge-427,9.0_76.0,9.0,76.0,MAPPED,1997-09-18,1997-09-19,Severe Flood
INDOFLOODS-gauge-427-7,INDOFLOODS-gauge-427,9.0_76.0,9.0,76.0,MAPPED,1987-06-27,1987-06-28,Flood
INDOFLOODS-gauge-427-70,INDOFLOODS-gauge-427,9.0_76.0,9.0,76.0,MAPPED,1997-10-22,1997-10-22,Flood
INDOFLOODS-gauge-427-71,INDOFLOODS-gauge-427,9.0_76.0,9.0,76.0,MAPPED,1997-10-31,1997-10-31,Flood
INDOFLOODS-gauge-427-72,INDOFLOODS-gauge-427,9.0_76.0,9.0,76.0,MAPPED,1998-06-28,1998-06-30,Severe Flood
INDOFLOODS-gauge-427-73,INDOFLOODS-gauge-427,9.0_76.0,9.0,76.0,MAPPED,1998-07-13,1998-07-13,Severe Flood
INDOFLOODS-gauge-427-74,INDOFLOODS-gauge-427,9.0_76.0,9.0,76.0,MAPPED,1998-08-13,1998-08-13,Flood
INDOFLOODS-gauge-427-75,INDOFLOODS-gauge-427,9.0_76.0,9.0,76.0,MAPPED,1998-08-25,1998-08-25,Flood
INDOFLOODS-gauge-427-76,INDOFLOODS-gauge-427,9.0_76.0,9.0,76.0,MAPPED,1998-09-09,1998-09-10,Severe Flood
INDOFLOODS-gauge-427-77,INDOFLOODS-gauge-427,9.0_76.0,9.0,76.0,MAPPED,1998-10-12,1998-10-13,Severe Flood
INDOFLOODS-gauge-427-78,INDOFLOODS-gauge-427,9.0_76.0,9.0,76.0,MAPPED,1999-05-26,1999-05-27,Flood
INDOFLOODS-gauge-427-79,INDOFLOODS-gauge-427,9.0_76.0,9.0,76.0,MAPPED,1999-05-31,1999-05-31,Flood
INDOFLOODS-gauge-427-8,INDOFLOODS-gauge-427,9.0_76.0,9.0,76.0,MAPPED,1987-08-24,1987-08-27,Severe Flood
INDOFLOODS-gauge-427-80,INDOFLOODS-gauge-427,9.0_76.0,9.0,76.0,MAPPED,1999-06-07,1999-06-10,Severe Flood
INDOFLOODS-gauge-427-81,INDOFLOODS-gauge-427,9.0_76.0,9.0,76.0,MAPPED,1999-10-18,1999-10-18,Flood
INDOFLOODS-gauge-427-82,INDOFLOODS-gauge-427,9.0_76.0,9.0,76.0,MAPPED,1999-10-21,1999-10-21,Severe Flood
INDOFLOODS-gauge-427-83,INDOFLOODS-gauge-427,9.0_76.0,9.0,76.0,MAPPED,1999-10-24,1999-10-25,Flood
INDOFLOODS-gauge-427-84,INDOFLOODS-gauge-427,9.0_76.0,9.0,76.0,MAPPED,2000-08-23,2000-08-28,Severe Flood
INDOFLOODS-gauge-427-85,INDOFLOODS-gauge-427,9.0_76.0,9.0,76.0,MAPPED,2001-06-26,2001-06-26,Flood
INDOFLOODS-gauge-427-86,INDOFLOODS-gauge-427,9.0_76.0,9.0,76.0,MAPPED,2001-07-07,2001-07-11,Severe Flood
INDOFLOODS-gauge-427-87,INDOFLOODS-gauge-427,9.0_76.0,9.0,76.0,MAPPED,2002-08-17,2002-08-18,Flood
INDOFLOODS-gauge-427-88,INDOFLOODS-gauge-427,9.0_76.0,9.0,76.0,MAPPED,2004-08-05,2004-08-05,Flood
INDOFLOODS-gauge-427-89,INDOFLOODS-gauge-427,9.0_76.0,9.0,76.0,MAPPED,2005-07-31,2005-08-03,Severe Flood
INDOFLOODS-gauge-427-9,INDOFLOODS-gauge-427,9.0_76.0,9.0,76.0,MAPPED,1987-09-25,1987-09-25,Flood
INDOFLOODS-gauge-427-90,INDOFLOODS-gauge-427,9.0_76.0,9.0,76.0,MAPPED,2005-09-05,2005-09-09,Severe Flood
INDOFLOODS-gauge-427-91,INDOFLOODS-gauge-427,9.0_76.0,9.0,76.0,MAPPED,2006-05-29,2006-06-01,Severe Flood
INDOFLOODS-gauge-427-92,INDOFLOODS-gauge-427,9.0_76.0,9.0,76.0,MAPPED,2006-06-26,2006-06-26,Flood
INDOFLOODS-gauge-427-93,INDOFLOODS-gauge-427,9.0_76.0,9.0,76.0,MAPPED,2007-06-22,2007-06-24,Severe Flood
INDOFLOODS-gauge-427-94,INDOFLOODS-gauge-427,9.0_76.0,9.0,76.0,MAPPED,2007-07-02,2007-07-03,Flood
INDOFLOODS-gauge-427-95,INDOFLOODS-gauge-427,9.0_76.0,9.0,76.0,MAPPED,2007-07-17,2007-07-19,Severe Flood
INDOFLOODS-gauge-427-96,INDOFLOODS-gauge-427,9.0_76.0,9.0,76.0,MAPPED,2008-07-16,2008-07-16,Flood
INDOFLOODS-gauge-427-97,INDOFLOODS-gauge-427,9.0_76.0,9.0,76.0,MAPPED,2008-07-28,2008-07-29,Flood
INDOFLOODS-gauge-427-98,INDOFLOODS-gauge-427,9.0_76.0,9.0,76.0,MAPPED,2008-09-08,2008-09-09,Severe Flood
INDOFLOODS-gauge-427-99,INDOFLOODS-gauge-427,9.0_76.0,9.0,76.0,MAPPED,2009-07-01,2009-07-01,Flood
INDOFLOODS-gauge-428-1,INDOFLOODS-gauge-428,9.0_76.0,9.0,76.0,MAPPED,1986-08-09,1986-08-11,Flood
INDOFLOODS-gauge-428-10,INDOFLOODS-gauge-428,9.0_76.0,9.0,76.0,MAPPED,2001-07-09,2001-07-11,Severe Flood
INDOFLOODS-gauge-428-11,INDOFLOODS-gauge-428,9.0_76.0,9.0,76.0,MAPPED,2002-08-18,2002-08-18,Flood
INDOFLOODS-gauge-428-12,INDOFLOODS-gauge-428,9.0_76.0,9.0,76.0,MAPPED,2005-08-02,2005-08-02,Flood
INDOFLOODS-gauge-428-13,INDOFLOODS-gauge-428,9.0_76.0,9.0,76.0,MAPPED,2005-09-05,2005-09-08,Severe Flood
INDOFLOODS-gauge-428-14,INDOFLOODS-gauge-428,9.0_76.0,9.0,76.0,MAPPED,2007-06-23,2007-06-24,Severe Flood
INDOFLOODS-gauge-428-15,INDOFLOODS-gauge-428,9.0_76.0,9.0,76.0,MAPPED,2007-07-17,2007-07-18,Flood
INDOFLOODS-gauge-428-16,INDOFLOODS-gauge-428,9.0_76.0,9.0,76.0,MAPPED,2013-08-05,2013-08-07,Severe Flood
INDOFLOODS-gauge-428-17,INDOFLOODS-gauge-428,9.0_76.0,9.0,76.0,MAPPED,2014-08-02,2014-08-02,Flood
INDOFLOODS-gauge-428-18,INDOFLOODS-gauge-428,9.0_76.0,9.0,76.0,MAPPED,2014-08-04,2014-08-05,Flood
INDOFLOODS-gauge-428-19,INDOFLOODS-gauge-428,9.0_76.0,9.0,76.0,MAPPED,2017-06-28,2017-06-28,Flood
INDOFLOODS-gauge-428-2,INDOFLOODS-gauge-428,9.0_76.0,9.0,76.0,MAPPED,1991-06-06,1991-06-09,Flood
INDOFLOODS-gauge-428-20,INDOFLOODS-gauge-428,9.0_76.0,9.0,76.0,MAPPED,2017-09-18,2017-09-18,Flood
INDOFLOODS-gauge-428-21,INDOFLOODS-gauge-428,9.0_76.0,9.0,76.0,MAPPED,2018-06-11,2018-06-14,Severe Flood
INDOFLOODS-gauge-428-22,INDOFLOODS-gauge-428,9.0_76.0,9.0,76.0,MAPPED,2018-07-15,2018-07-18,Severe Flood
INDOFLOODS-gauge-428-23,INDOFLOODS-gauge-428,9.0_76.0,9.0,76.0,MAPPED,2018-08-15,2018-08-19,Severe Flood
INDOFLOODS-gauge-428-24,INDOFLOODS-gauge-428,9.0_76.0,9.0,76.0,MAPPED,2019-07-20,2019-07-22,Flood
INDOFLOODS-gauge-428-25,INDOFLOODS-gauge-428,9.0_76.0,9.0,76.0,MAPPED,2019-08-08,2019-08-11,Severe Flood
INDOFLOODS-gauge-428-3,INDOFLOODS-gauge-428,9.0_76.0,9.0,76.0,MAPPED,1994-08-02,1994-08-04,Severe Flood
INDOFLOODS-gauge-428-4,INDOFLOODS-gauge-428,9.0_76.0,9.0,76.0,MAPPED,1996-09-29,1996-09-29,Flood
INDOFLOODS-gauge-428-5,INDOFLOODS-gauge-428,9.0_76.0,9.0,76.0,MAPPED,1997-07-25,1997-07-25,Flood
INDOFLOODS-gauge-428-6,INDOFLOODS-gauge-428,9.0_76.0,9.0,76.0,MAPPED,1998-06-29,1998-06-29,Flood
INDOFLOODS-gauge-428-7,INDOFLOODS-gauge-428,9.0_76.0,9.0,76.0,MAPPED,1998-10-13,1998-10-13,Flood
INDOFLOODS-gauge-428-8,INDOFLOODS-gauge-428,9.0_76.0,9.0,76.0,MAPPED,1999-06-08,1999-06-08,Flood
INDOFLOODS-gauge-428-9,INDOFLOODS-gauge-428,9.0_76.0,9.0,76.0,MAPPED,2000-08-25,2000-08-27,Flood
INDOFLOODS-gauge-429-1,INDOFLOODS-gauge-429,9.0_76.0,9.0,76.0,MAPPED,1978-06-17,1978-06-18,Flood
INDOFLOODS-gauge-429-10,INDOFLOODS-gauge-429,9.0_76.0,9.0,76.0,MAPPED,1979-05-13,1979-05-13,Flood
INDOFLOODS-gauge-429-100,INDOFLOODS-gauge-429,9.0_76.0,9.0,76.0,MAPPED,1997-09-16,1997-09-16,Flood
INDOFLOODS-gauge-429-101,INDOFLOODS-gauge-429,9.0_76.0,9.0,76.0,MAPPED,1997-10-22,1997-10-22,Flood
INDOFLOODS-gauge-429-102,INDOFLOODS-gauge-429,9.0_76.0,9.0,76.0,MAPPED,1997-11-09,1997-11-10,Flood
INDOFLOODS-gauge-429-103,INDOFLOODS-gauge-429,9.0_76.0,9.0,76.0,MAPPED,1998-06-29,1998-06-29,Flood
INDOFLOODS-gauge-429-104,INDOFLOODS-gauge-429,9.0_76.0,9.0,76.0,MAPPED,1998-08-24,1998-08-24,Flood
INDOFLOODS-gauge-429-105,INDOFLOODS-gauge-429,9.0_76.0,9.0,76.0,MAPPED,1998-09-09,1998-09-10,Severe Flood
INDOFLOODS-gauge-429-106,INDOFLOODS-gauge-429,9.0_76.0,9.0,76.0,MAPPED,1998-10-11,1998-10-16,Severe Flood
INDOFLOODS-gauge-429-107,INDOFLOODS-gauge-429,9.0_76.0,9.0,76.0,MAPPED,1998-11-11,1998-11-11,Flood
INDOFLOODS-gauge-429-108,INDOFLOODS-gauge-429,9.0_76.0,9.0,76.0,MAPPED,1998-11-14,1998-11-14,Flood
INDOFLOODS-gauge-429-109,INDOFLOODS-gauge-429,9.0_76.0,9.0,76.0,MAPPED,1999-05-26,1999-05-26,Flood
INDOFLOODS-gauge-429-11,INDOFLOODS-gauge-429,9.0_76.0,9.0,76.0,MAPPED,1979-06-17,1979-06-18,Flood
INDOFLOODS-gauge-429-110,INDOFLOODS-gauge-429,9.0_76.0,9.0,76.0,MAPPED,1999-05-31,1999-05-31,Flood
INDOFLOODS-gauge-429-111,INDOFLOODS-gauge-429,9.0_76.0,9.0,76.0,MAPPED,1999-06-07,1999-06-15,Severe Flood
INDOFLOODS-gauge-429-112,INDOFLOODS-gauge-429,9.0_76.0,9.0,76.0,MAPPED,1999-10-17,1999-10-21,Severe Flood
INDOFLOODS-gauge-429-113,INDOFLOODS-gauge-429,9.0_76.0,9.0,76.0,MAPPED,2000-08-24,2000-08-29,Severe Flood
INDOFLOODS-gauge-429-114,INDOFLOODS-gauge-429,9.0_76.0,9.0,76.0,MAPPED,2000-09-28,2000-09-28,Flood
INDOFLOODS-gauge-429-115,INDOFLOODS-gauge-429,9.0_76.0,9.0,76.0,MAPPED,2000-10-02,2000-10-02,Flood
INDOFLOODS-gauge-429-116,INDOFLOODS-gauge-429,9.0_76.0,9.0,76.0,MAPPED,2001-07-09,2001-07-12,Severe Flood
INDOFLOODS-gauge-429-117,INDOFLOODS-gauge-429,9.0_76.0,9.0,76.0,MAPPED,2001-11-17,2001-11-17,Severe Flood
INDOFLOODS-gauge-429-118,INDOFLOODS-gauge-429,9.0_76.0,9.0,76.0,MAPPED,2003-10-08,2003-10-08,Flood
INDOFLOODS-gauge-429-119,INDOFLOODS-gauge-429,9.0_76.0,9.0,76.0,MAPPED,2004-06-19,2004-06-19,Flood
INDOFLOODS-gauge-429-12,INDOFLOODS-gauge-429,9.0_76.0,9.0,76.0,MAPPED,1979-06-25,1979-06-25,Flood
INDOFLOODS-gauge-429-120,INDOFLOODS-gauge-429,9.0_76.0,9.0,76.0,MAPPED,2004-08-05,2004-08-06,Flood
INDOFLOODS-gauge-429-121,INDOFLOODS-gauge-429,9.0_76.0,9.0,76.0,MAPPED,2005-07-29,2005-07-29,Flood
INDOFLOODS-gauge-429-122,INDOFLOODS-gauge-429,9.0_76.0,9.0,76.0,MAPPED,2005-08-01,2005-08-03,Severe Flood
INDOFLOODS-gauge-429-123,INDOFLOODS-gauge-429,9.0_76.0,9.0,76.0,MAPPED,2006-06-24,2006-06-24,Flood
INDOFLOODS-gauge-429-124,INDOFLOODS-gauge-429,9.0_76.0,9.0,76.0,MAPPED,2006-09-26,2006-09-26,Flood
INDOFLOODS-gauge-429-125,INDOFLOODS-gauge-429,9.0_76.0,9.0,76.0,MAPPED,2006-10-30,2006-10-30,Flood
INDOFLOODS-gauge-429-126,INDOFLOODS-gauge-429,9.0_76.0,9.0,76.0,MAPPED,2006-11-01,2006-11-01,Flood
INDOFLOODS-gauge-429-127,INDOFLOODS-gauge-429,9.0_76.0,9.0,76.0,MAPPED,2007-06-23,2007-06-24,Flood
INDOFLOODS-gauge-429-128,INDOFLOODS-gauge-429,9.0_76.0,9.0,76.0,MAPPED,2007-07-17,2007-07-21,Severe Flood
INDOFLOODS-gauge-429-129,INDOFLOODS-gauge-429,9.0_76.0,9.0,76.0,MAPPED,2007-10-25,2007-10-25,Flood
INDOFLOODS-gauge-429-13,INDOFLOODS-gauge-429,9.0_76.0,9.0,76.0,MAPPED,1979-06-29,1979-07-01,Flood
INDOFLOODS-gauge-429-130,INDOFLOODS-gauge-429,9.0_76.0,9.0,76.0,MAPPED,2009-07-18,2009-07-18,Flood
INDOFLOODS-gauge-429-131,INDOFLOODS-gauge-429,9.0_76.0,9.0,76.0,MAPPED,2009-10-03,2009-10-04,Severe Flood
INDOFLOODS-gauge-429-132,INDOFLOODS-gauge-429,9.0_76.0,9.0,76.0,MAPPED,2010-07-20,2010-07-21,Flood
INDOFLOODS-gauge-429-133,INDOFLOODS-gauge-429,9.0_76.0,9.0,76.0,MAPPED,2010-08-16,2010-08-16,Flood
INDOFLOODS-gauge-429-134,INDOFLOODS-gauge-429,9.0_76.0,9.0,76.0,MAPPED,2010-10-04,2010-10-04,Flood
INDOFLOODS-gauge-429-135,INDOFLOODS-gauge-429,9.0_76.0,9.0,76.0,MAPPED,2010-10-07,2010-10-09,Flood
INDOFLOODS-gauge-429-136,INDOFLOODS-gauge-429,9.0_76.0,9.0,76.0,MAPPED,2010-11-22,2010-11-25,Severe Flood
INDOFLOODS-gauge-429-137,INDOFLOODS-gauge-429,9.0_76.0,9.0,76.0,MAPPED,2011-06-06,2011-06-06,Flood
INDOFLOODS-gauge-429-138,INDOFLOODS-gauge-429,9.0_76.0,9.0,76.0,MAPPED,2012-08-18,2012-08-18,Flood
INDOFLOODS-gauge-429-139,INDOFLOODS-gauge-429,9.0_76.0,9.0,76.0,MAPPED,2013-06-25,2013-06-27,Severe Flood
INDOFLOODS-gauge-429-14,INDOFLOODS-gauge-429,9.0_76.0,9.0,76.0,MAPPED,1979-07-09,1979-07-15,Severe Flood
INDOFLOODS-gauge-429-140,INDOFLOODS-gauge-429,9.0_76.0,9.0,76.0,MAPPED,2013-08-06,2013-08-06,Flood
INDOFLOODS-gauge-429-141,INDOFLOODS-gauge-429,9.0_76.0,9.0,76.0,MAPPED,2013-09-18,2013-09-18,Flood
INDOFLOODS-gauge-429-142,INDOFLOODS-gauge-429,9.0_76.0,9.0,76.0,MAPPED,2014-08-23,2014-08-25,Severe Flood
INDOFLOODS-gauge-429-143,INDOFLOODS-gauge-429,9.0_76.0,9.0,76.0,MAPPED,2014-09-02,2014-09-04,Flood
INDOFLOODS-gauge-429-144,INDOFLOODS-gauge-429,9.0_76.0,9.0,76.0,MAPPED,2015-11-05,2015-11-05,Flood
INDOFLOODS-gauge-429-145,INDOFLOODS-gauge-429,9.0_76.0,9.0,76.0,MAPPED,2017-06-28,2017-06-28,Severe Flood
INDOFLOODS-gauge-429-146,INDOFLOODS-gauge-429,9.0_76.0,9.0,76.0,MAPPED,2017-09-18,2017-09-20,Severe Flood
INDOFLOODS-gauge-429-147,INDOFLOODS-gauge-429,9.0_76.0,9.0,76.0,MAPPED,2017-11-09,2017-11-09,Flood
INDOFLOODS-gauge-429-148,INDOFLOODS-gauge-429,9.0_76.0,9.0,76.0,MAPPED,2017-12-01,2017-12-03,Flood
INDOFLOODS-gauge-429-149,INDOFLOODS-gauge-429,9.0_76.0,9.0,76.0,MAPPED,2018-01-01,2018-01-01,Severe Flood
INDOFLOODS-gauge-429-15,INDOFLOODS-gauge-429,9.0_76.0,9.0,76.0,MAPPED,1979-07-29,1979-08-07,Severe Flood
INDOFLOODS-gauge-429-150,INDOFLOODS-gauge-429,9.0_76.0,9.0,76.0,MAPPED,2018-01-24,2018-01-24,Flood
INDOFLOODS-gauge-429-151,INDOFLOODS-gauge-429,9.0_76.0,9.0,76.0,MAPPED,2018-02-01,2018-02-01,Severe Flood
INDOFLOODS-gauge-429-152,INDOFLOODS-gauge-429,9.0_76.0,9.0,76.0,MAPPED,2018-03-30,2018-03-30,Severe Flood
INDOFLOODS-gauge-429-153,INDOFLOODS-gauge-429,9.0_76.0,9.0,76.0,MAPPED,2018-04-19,2018-04-20,Severe Flood
INDOFLOODS-gauge-429-154,INDOFLOODS-gauge-429,9.0_76.0,9.0,76.0,MAPPED,2018-07-15,2018-07-19,Severe Flood
INDOFLOODS-gauge-429-155,INDOFLOODS-gauge-429,9.0_76.0,9.0,76.0,MAPPED,2019-08-08,2019-08-12,Severe Flood
INDOFLOODS-gauge-429-16,INDOFLOODS-gauge-429,9.0_76.0,9.0,76.0,MAPPED,1979-09-14,1979-09-18,Flood
INDOFLOODS-gauge-429-17,INDOFLOODS-gauge-429,9.0_76.0,9.0,76.0,MAPPED,1979-10-11,1979-10-15,Flood
INDOFLOODS-gauge-429-18,INDOFLOODS-gauge-429,9.0_76.0,9.0,76.0,MAPPED,1979-10-17,1979-10-18,Severe Flood
INDOFLOODS-gauge-429-19,INDOFLOODS-gauge-429,9.0_76.0,9.0,76.0,MAPPED,1979-11-17,1979-11-21,Flood
INDOFLOODS-gauge-429-2,INDOFLOODS-gauge-429,9.0_76.0,9.0,76.0,MAPPED,1978-06-27,1978-06-28,Flood
INDOFLOODS-gauge-429-20,INDOFLOODS-gauge-429,9.0_76.0,9.0,76.0,MAPPED,1980-06-21,1980-06-22,Flood
INDOFLOODS-gauge-429-21,INDOFLOODS-gauge-429,9.0_76.0,9.0,76.0,MAPPED,1980-06-26,1980-06-27,Flood
INDOFLOODS-gauge-429-22,INDOFLOODS-gauge-429,9.0_76.0,9.0,76.0,MAPPED,1980-07-02,1980-07-06,Severe Flood
INDOFLOODS-gauge-429-23,INDOFLOODS-gauge-429,9.0_76.0,9.0,76.0,MAPPED,1980-07-15,1980-07-17,Flood
INDOFLOODS-gauge-429-24,INDOFLOODS-gauge-429,9.0_76.0,9.0,76.0,MAPPED,1980-07-28,1980-07-29,Flood
INDOFLOODS-gauge-429-25,INDOFLOODS-gauge-429,9.0_76.0,9.0,76.0,MAPPED,1980-08-27,1980-08-28,Flood
INDOFLOODS-gauge-429-26,INDOFLOODS-gauge-429,9.0_76.0,9.0,76.0,MAPPED,1980-10-11,1980-10-16,Severe Flood
INDOFLOODS-gauge-429-27,INDOFLOODS-gauge-429,9.0_76.0,9.0,76.0,MAPPED,1980-11-17,1980-11-17,Flood
INDOFLOODS-gauge-429-28,INDOFLOODS-gauge-429,9.0_76.0,9.0,76.0,MAPPED,1981-06-04,1981-06-10,Severe Flood
INDOFLOODS-gauge-429-29,INDOFLOODS-gauge-429,9.0_76.0,9.0,76.0,MAPPED,1981-06-12,1981-06-21,Severe Flood
INDOFLOODS-gauge-429-3,INDOFLOODS-gauge-429,9.0_76.0,9.0,76.0,MAPPED,1978-07-12,1978-07-14,Flood
INDOFLOODS-gauge-429-30,INDOFLOODS-gauge-429,9.0_76.0,9.0,76.0,MAPPED,1981-07-12,1981-07-13,Flood
INDOFLOODS-gauge-429-31,INDOFLOODS-gauge-429,9.0_76.0,9.0,76.0,MAPPED,1981-07-24,1981-07-31,Severe Flood
INDOFLOODS-gauge-429-32,INDOFLOODS-gauge-429,9.0_76.0,9.0,76.0,MAPPED,1981-08-10,1981-08-14,Severe Flood
INDOFLOODS-gauge-429-33,INDOFLOODS-gauge-429,9.0_76.0,9.0,76.0,MAPPED,1981-08-17,1981-08-25,Flood
INDOFLOODS-gauge-429-34,INDOFLOODS-gauge-429,9.0_76.0,9.0,76.0,MAPPED,1981-09-09,1981-09-27,Severe Flood
INDOFLOODS-gauge-429-35,INDOFLOODS-gauge-429,9.0_76.0,9.0,76.0,MAPPED,1981-10-21,1981-10-21,Flood
INDOFLOODS-gauge-429-36,INDOFLOODS-gauge-429,9.0_76.0,9.0,76.0,MAPPED,1981-10-26,1981-10-26,Flood
INDOFLOODS-gauge-429-37,INDOFLOODS-gauge-429,9.0_76.0,9.0,76.0,MAPPED,1981-10-30,1981-10-30,Flood
INDOFLOODS-gauge-429-38,INDOFLOODS-gauge-429,9.0_76.0,9.0,76.0,MAPPED,1981-11-03,1981-11-03,Flood
INDOFLOODS-gauge-429-39,INDOFLOODS-gauge-429,9.0_76.0,9.0,76.0,MAPPED,1982-06-19,1982-06-20,Flood
INDOFLOODS-gauge-429-4,INDOFLOODS-gauge-429,9.0_76.0,9.0,76.0,MAPPED,1978-07-23,1978-08-01,Severe Flood
INDOFLOODS-gauge-429-40,INDOFLOODS-gauge-429,9.0_76.0,9.0,76.0,MAPPED,1982-06-24,1982-06-29,Flood
INDOFLOODS-gauge-429-41,INDOFLOODS-gauge-429,9.0_76.0,9.0,76.0,MAPPED,1982-08-07,1982-08-08,Flood
INDOFLOODS-gauge-429-42,INDOFLOODS-gauge-429,9.0_76.0,9.0,76.0,MAPPED,1982-11-05,1982-11-05,Flood
INDOFLOODS-gauge-429-43,INDOFLOODS-gauge-429,9.0_76.0,9.0,76.0,MAPPED,1983-08-17,1983-08-23,Severe Flood
INDOFLOODS-gauge-429-44,INDOFLOODS-gauge-429,9.0_76.0,9.0,76.0,MAPPED,1983-09-19,1983-09-21,Flood
INDOFLOODS-gauge-429-45,INDOFLOODS-gauge-429,9.0_76.0,9.0,76.0,MAPPED,1983-09-23,1983-09-26,Flood
INDOFLOODS-gauge-429-46,INDOFLOODS-gauge-429,9.0_76.0,9.0,76.0,MAPPED,1984-06-18,1984-06-19,Flood
INDOFLOODS-gauge-429-47,INDOFLOODS-gauge-429,9.0_76.0,9.0,76.0,MAPPED,1984-07-04,1984-07-08,Flood
INDOFLOODS-gauge-429-48,INDOFLOODS-gauge-429,9.0_76.0,9.0,76.0,MAPPED,1984-07-14,1984-07-20,Flood
INDOFLOODS-gauge-429-49,INDOFLOODS-gauge-429,9.0_76.0,9.0,76.0,MAPPED,1984-09-30,1984-10-01,Flood
INDOFLOODS-gauge-429-5,INDOFLOODS-gauge-429,9.0_76.0,9.0,76.0,MAPPED,1978-08-11,1978-08-12,Flood
INDOFLOODS-gauge-429-50,INDOFLOODS-gauge-429,9.0_76.0,9.0,76.0,MAPPED,1984-10-03,1984-10-06,Flood
INDOFLOODS-gauge-429-51,INDOFLOODS-gauge-429,9.0_76.0,9.0,76.0,MAPPED,1984-10-08,1984-10-09,Flood
INDOFLOODS-gauge-429-52,INDOFLOODS-gauge-429,9.0_76.0,9.0,76.0,MAPPED,1985-06-23,1985-07-05,Severe Flood
INDOFLOODS-gauge-429-53,INDOFLOODS-gauge-429,9.0_76.0,9.0,76.0,MAPPED,1985-07-12,1985-07-13,Flood
INDOFLOODS-gauge-429-54,INDOFLOODS-gauge-429,9.0_76.0,9.0,76.0,MAPPED,1986-08-08,1986-08-14,Severe Flood
INDOFLOODS-gauge-429-55,INDOFLOODS-gauge-429,9.0_76.0,9.0,76.0,MAPPED,1986-11-07,1986-11-10,Severe Flood
INDOFLOODS-gauge-429-56,INDOFLOODS-gauge-429,9.0_76.0,9.0,76.0,MAPPED,1987-06-27,1987-06-28,Flood
INDOFLOODS-gauge-429-57,INDOFLOODS-gauge-429,9.0_76.0,9.0,76.0,MAPPED,1987-08-26,1987-08-27,Flood
INDOFLOODS-gauge-429-58,INDOFLOODS-gauge-429,9.0_76.0,9.0,76.0,MAPPED,1987-10-31,1987-10-31,Flood
INDOFLOODS-gauge-429-59,INDOFLOODS-gauge-429,9.0_76.0,9.0,76.0,MAPPED,1987-11-09,1987-11-09,Flood
INDOFLOODS-gauge-429-6,INDOFLOODS-gauge-429,9.0_76.0,9.0,76.0,MAPPED,1978-08-21,1978-08-22,Flood
INDOFLOODS-gauge-429-60,INDOFLOODS-gauge-429,9.0_76.0,9.0,76.0,MAPPED,1988-07-18,1988-07-20,Flood
INDOFLOODS-gauge-429-61,INDOFLOODS-gauge-429,9.0_76.0,9.0,76.0,MAPPED,1988-07-22,1988-07-23,Flood
INDOFLOODS-gauge-429-62,INDOFLOODS-gauge-429,9.0_76.0,9.0,76.0,MAPPED,1988-09-03,1988-09-03,Flood
INDOFLOODS-gauge-429-63,INDOFLOODS-gauge-429,9.0_76.0,9.0,76.0,MAPPED,1988-09-16,1988-09-20,Flood
INDOFLOODS-gauge-429-64,INDOFLOODS-gauge-429,9.0_76.0,9.0,76.0,MAPPED,1989-06-14,1989-06-15,Flood
INDOFLOODS-gauge-429-65,INDOFLOODS-gauge-429,9.0_76.0,9.0,76.0,MAPPED,1989-06-22,1989-06-25,Flood
INDOFLOODS-gauge-429-66,INDOFLOODS-gauge-429,9.0_76.0,9.0,76.0,MAPPED,1989-07-18,1989-07-28,Severe Flood
INDOFLOODS-gauge-429-67,INDOFLOODS-gauge-429,9.0_76.0,9.0,76.0,MAPPED,1989-09-20,1989-09-22,Severe Flood
INDOFLOODS-gauge-429-68,INDOFLOODS-gauge-429,9.0_76.0,9.0,76.0,MAPPED,1989-09-24,1989-09-25,Flood
INDOFLOODS-gauge-429-69,INDOFLOODS-gauge-429,9.0_76.0,9.0,76.0,MAPPED,1989-09-27,1989-09-27,Flood
INDOFLOODS-gauge-429-7,INDOFLOODS-gauge-429,9.0_76.0,9.0,76.0,MAPPED,1978-08-28,1978-09-01,Flood
INDOFLOODS-gauge-429-70,INDOFLOODS-gauge-429,9.0_76.0,9.0,76.0,MAPPED,1989-10-28,1989-10-28,Flood
INDOFLOODS-gauge-429-71,INDOFLOODS-gauge-429,9.0_76.0,9.0,76.0,MAPPED,1989-10-30,1989-10-30,Flood
INDOFLOODS-gauge-429-72,INDOFLOODS-gauge-429,9.0_76.0,9.0,76.0,MAPPED,1990-11-03,1990-11-05,Severe Flood
INDOFLOODS-gauge-429-73,INDOFLOODS-gauge-429,9.0_76.0,9.0,76.0,MAPPED,1991-06-04,1991-06-14,Severe Flood
INDOFLOODS-gauge-429-74,INDOFLOODS-gauge-429,9.0_76.0,9.0,76.0,MAPPED,1991-06-19,1991-06-20,Flood
INDOFLOODS-gauge-429-75,INDOFLOODS-gauge-429,9.0_76.0,9.0,76.0,MAPPED,1991-06-25,1991-06-27,Flood
INDOFLOODS-gauge-429-76,INDOFLOODS-gauge-429,9.0_76.0,9.0,76.0,MAPPED,1991-06-29,1991-06-29,Flood
INDOFLOODS-gauge-429-77,INDOFLOODS-gauge-429,9.0_76.0,9.0,76.0,MAPPED,1991-07-01,1991-07-01,Flood
INDOFLOODS-gauge-429-78,INDOFLOODS-gauge-429,9.0_76.0,9.0,76.0,MAPPED,1991-07-12,1991-07-12,Flood
INDOFLOODS-gauge-429-79,INDOFLOODS-gauge-429,9.0_76.0,9.0,76.0,MAPPED,1991-08-01,1991-08-02,Severe Flood
INDOFLOODS-gauge-429-8,INDOFLOODS-gauge-429,9.0_76.0,9.0,76.0,MAPPED,1978-09-27,1978-09-27,Flood
INDOFLOODS-gauge-429-80,INDOFLOODS-gauge-429,9.0_76.0,9.0,76.0,MAPPED,1992-06-20,1992-06-21,Flood
INDOFLOODS-gauge-429-81,INDOFLOODS-gauge-429,9.0_76.0,9.0,76.0,MAPPED,1992-07-09,1992-07-09,Flood
INDOFLOODS-gauge-429-82,INDOFLOODS-gauge-429,9.0_76.0,9.0,76.0,MAPPED,1992-07-28,1992-08-01,Severe Flood
INDOFLOODS-gauge-429-83,INDOFLOODS-gauge-429,9.0_76.0,9.0,76.0,MAPPED,1992-08-05,1992-08-05,Flood
INDOFLOODS-gauge-429-84,INDOFLOODS-gauge-429,9.0_76.0,9.0,76.0,MAPPED,1992-09-27,1992-09-27,Flood
INDOFLOODS-gauge-429-85,INDOFLOODS-gauge-429,9.0_76.0,9.0,76.0,MAPPED,1992-10-09,1992-10-14,Severe Flood
INDOFLOODS-gauge-429-86,INDOFLOODS-gauge-429,9.0_76.0,9.0,76.0,MAPPED,1992-11-14,1992-11-18,Severe Flood
INDOFLOODS-gauge-429-87,INDOFLOODS-gauge-429,9.0_76.0,9.0,76.0,MAPPED,1993-06-06,1993-06-09,Severe Flood
INDOFLOODS-gauge-429-88,INDOFLOODS-gauge-429,9.0_76.0,9.0,76.0,MAPPED,1993-07-03,1993-07-04,Flood
INDOFLOODS-gauge-429-89,INDOFLOODS-gauge-429,9.0_76.0,9.0,76.0,MAPPED,1993-07-16,1993-07-18,Severe Flood
INDOFLOODS-gauge-429-9,INDOFLOODS-gauge-429,9.0_76.0,9.0,76.0,MAPPED,1978-11-01,1978-11-14,Severe Flood
INDOFLOODS-gauge-429-90,INDOFLOODS-gauge-429,9.0_76.0,9.0,76.0,MAPPED,1993-10-04,1993-10-04,Flood
INDOFLOODS-gauge-429-91,INDOFLOODS-gauge-429,9.0_76.0,9.0,76.0,MAPPED,1994-07-16,1994-07-18,Flood
INDOFLOODS-gauge-429-92,INDOFLOODS-gauge-429,9.0_76.0,9.0,76.0,MAPPED,1994-08-01,1994-08-06,Severe Flood
INDOFLOODS-gauge-429-93,INDOFLOODS-gauge-429,9.0_76.0,9.0,76.0,MAPPED,1995-05-09,1995-05-11,Severe Flood
INDOFLOODS-gauge-429-94,INDOFLOODS-gauge-429,9.0_76.0,9.0,76.0,MAPPED,1995-06-17,1995-06-17,Flood
INDOFLOODS-gauge-429-95,INDOFLOODS-gauge-429,9.0_76.0,9.0,76.0,MAPPED,1995-07-31,1995-08-01,Severe Flood
INDOFLOODS-gauge-429-96,INDOFLOODS-gauge-429,9.0_76.0,9.0,76.0,MAPPED,1995-08-28,1995-09-03,Flood
INDOFLOODS-gauge-429-97,INDOFLOODS-gauge-429,9.0_76.0,9.0,76.0,MAPPED,1996-10-18,1996-10-20,Severe Flood
INDOFLOODS-gauge-429-98,INDOFLOODS-gauge-429,9.0_76.0,9.0,76.0,MAPPED,1997-07-22,1997-07-22,Flood
INDOFLOODS-gauge-429-99,INDOFLOODS-gauge-429,9.0_76.0,9.0,76.0,MAPPED,1997-07-24,1997-07-25,Flood
INDOFLOODS-gauge-430-1,INDOFLOODS-gauge-430,10.0_76.0,10.0,76.0,MAPPED,1979-08-07,1979-08-07,Flood
INDOFLOODS-gauge-430-2,INDOFLOODS-gauge-430,10.0_76.0,10.0,76.0,MAPPED,1985-06-27,1985-06-27,Flood
INDOFLOODS-gauge-430-3,INDOFLOODS-gauge-430,10.0_76.0,10.0,76.0,MAPPED,2007-07-17,2007-07-17,Flood
INDOFLOODS-gauge-430-4,INDOFLOODS-gauge-430,10.0_76.0,10.0,76.0,MAPPED,2018-08-15,2018-08-19,Severe Flood
INDOFLOODS-gauge-431-1,INDOFLOODS-gauge-431,10.0_76.0,10.0,76.0,MAPPED,1986-02-17,1987-05-31,Severe Flood
INDOFLOODS-gauge-431-10,INDOFLOODS-gauge-431,10.0_76.0,10.0,76.0,MAPPED,2007-06-23,2007-06-23,Flood
INDOFLOODS-gauge-431-11,INDOFLOODS-gauge-431,10.0_76.0,10.0,76.0,MAPPED,2007-07-03,2007-07-04,Severe Flood
INDOFLOODS-gauge-431-12,INDOFLOODS-gauge-431,10.0_76.0,10.0,76.0,MAPPED,2007-07-17,2007-07-18,Severe Flood
INDOFLOODS-gauge-431-13,INDOFLOODS-gauge-431,10.0_76.0,10.0,76.0,MAPPED,2009-07-17,2009-07-18,Severe Flood
INDOFLOODS-gauge-431-14,INDOFLOODS-gauge-431,10.0_76.0,10.0,76.0,MAPPED,2014-08-02,2014-08-02,Flood
INDOFLOODS-gauge-431-15,INDOFLOODS-gauge-431,10.0_76.0,10.0,76.0,MAPPED,2017-09-18,2017-09-18,Flood
INDOFLOODS-gauge-431-16,INDOFLOODS-gauge-431,10.0_76.0,10.0,76.0,MAPPED,2018-07-11,2018-07-11,Flood
INDOFLOODS-gauge-431-17,INDOFLOODS-gauge-431,10.0_76.0,10.0,76.0,MAPPED,2019-08-08,2019-08-10,Severe Flood
INDOFLOODS-gauge-431-2,INDOFLOODS-gauge-431,10.0_76.0,10.0,76.0,MAPPED,1989-07-23,1989-07-24,Flood
INDOFLOODS-gauge-431-3,INDOFLOODS-gauge-431,10.0_76.0,10.0,76.0,MAPPED,1991-07-27,1991-07-28,Flood
INDOFLOODS-gauge-431-4,INDOFLOODS-gauge-431,10.0_76.0,10.0,76.0,MAPPED,1992-07-27,1992-07-29,Severe Flood
INDOFLOODS-gauge-431-5,INDOFLOODS-gauge-431,10.0_76.0,10.0,76.0,MAPPED,1994-07-13,1994-07-16,Severe Flood
INDOFLOODS-gauge-431-6,INDOFLOODS-gauge-431,10.0_76.0,10.0,76.0,MAPPED,1997-07-11,1997-07-11,Severe Flood
INDOFLOODS-gauge-431-7,INDOFLOODS-gauge-431,10.0_76.0,10.0,76.0,MAPPED,1999-07-18,1999-07-18,Flood
INDOFLOODS-gauge-431-8,INDOFLOODS-gauge-431,10.0_76.0,10.0,76.0,MAPPED,2004-08-05,2004-08-05,Flood
INDOFLOODS-gauge-431-9,INDOFLOODS-gauge-431,10.0_76.0,10.0,76.0,MAPPED,2006-09-17,2006-09-17,Flood
INDOFLOODS-gauge-434-1,INDOFLOODS-gauge-434,9.0_76.0,9.0,76.0,MAPPED,2019-08-08,2019-08-08,Severe Flood
INDOFLOODS-gauge-438-1,INDOFLOODS-gauge-438,9.0_76.0,9.0,76.0,MAPPED,1985-06-24,1985-07-02,Severe Flood
INDOFLOODS-gauge-438-10,INDOFLOODS-gauge-438,9.0_76.0,9.0,76.0,MAPPED,2000-08-25,2000-08-27,Severe Flood
INDOFLOODS-gauge-438-11,INDOFLOODS-gauge-438,9.0_76.0,9.0,76.0,MAPPED,2001-07-09,2001-07-11,Severe Flood
INDOFLOODS-gauge-438-12,INDOFLOODS-gauge-438,9.0_76.0,9.0,76.0,MAPPED,2005-08-02,2005-08-02,Flood
INDOFLOODS-gauge-438-13,INDOFLOODS-gauge-438,9.0_76.0,9.0,76.0,MAPPED,2005-09-05,2005-09-05,Flood
INDOFLOODS-gauge-438-14,INDOFLOODS-gauge-438,9.0_76.0,9.0,76.0,MAPPED,2005-09-07,2005-09-07,Flood
INDOFLOODS-gauge-438-15,INDOFLOODS-gauge-438,9.0_76.0,9.0,76.0,MAPPED,2007-07-17,2007-07-18,Flood
INDOFLOODS-gauge-438-16,INDOFLOODS-gauge-438,9.0_76.0,9.0,76.0,MAPPED,2018-06-11,2018-06-11,Flood
INDOFLOODS-gauge-438-17,INDOFLOODS-gauge-438,9.0_76.0,9.0,76.0,MAPPED,2018-07-16,2018-07-16,Flood
INDOFLOODS-gauge-438-18,INDOFLOODS-gauge-438,9.0_76.0,9.0,76.0,MAPPED,2018-08-09,2018-08-11,Severe Flood
INDOFLOODS-gauge-438-19,INDOFLOODS-gauge-438,9.0_76.0,9.0,76.0,MAPPED,2018-08-14,2018-08-20,Severe Flood
INDOFLOODS-gauge-438-2,INDOFLOODS-gauge-438,9.0_76.0,9.0,76.0,MAPPED,1986-08-09,1986-08-12,Severe Flood
INDOFLOODS-gauge-438-3,INDOFLOODS-gauge-438,9.0_76.0,9.0,76.0,MAPPED,1989-07-23,1989-07-24,Flood
INDOFLOODS-gauge-438-4,INDOFLOODS-gauge-438,9.0_76.0,9.0,76.0,MAPPED,1989-09-20,1989-09-20,Flood
INDOFLOODS-gauge-438-5,INDOFLOODS-gauge-438,9.0_76.0,9.0,76.0,MAPPED,1991-06-08,1991-06-08,Flood
INDOFLOODS-gauge-438-6,INDOFLOODS-gauge-438,9.0_76.0,9.0,76.0,MAPPED,1992-10-10,1992-10-11,Flood
INDOFLOODS-gauge-438-7,INDOFLOODS-gauge-438,9.0_76.0,9.0,76.0,MAPPED,1994-08-02,1994-08-04,Severe Flood
INDOFLOODS-gauge-438-8,INDOFLOODS-gauge-438,9.0_76.0,9.0,76.0,MAPPED,1998-10-12,1998-10-13,Flood
INDOFLOODS-gauge-438-9,INDOFLOODS-gauge-438,9.0_76.0,9.0,76.0,MAPPED,1998-10-15,1998-10-15,Flood
INDOFLOODS-gauge-440-1,INDOFLOODS-gauge-440,9.0_76.0,9.0,76.0,MAPPED,1978-07-23,1978-07-29,Severe Flood
INDOFLOODS-gauge-440-10,INDOFLOODS-gauge-440,9.0_76.0,9.0,76.0,MAPPED,1981-06-04,1981-06-08,Severe Flood
INDOFLOODS-gauge-440-11,INDOFLOODS-gauge-440,9.0_76.0,9.0,76.0,MAPPED,1981-06-12,1981-06-12,Flood
INDOFLOODS-gauge-440-12,INDOFLOODS-gauge-440,9.0_76.0,9.0,76.0,MAPPED,1981-06-14,1981-06-19,Severe Flood
INDOFLOODS-gauge-440-13,INDOFLOODS-gauge-440,9.0_76.0,9.0,76.0,MAPPED,1981-07-27,1981-07-29,Flood
INDOFLOODS-gauge-440-14,INDOFLOODS-gauge-440,9.0_76.0,9.0,76.0,MAPPED,1981-08-20,1981-08-20,Flood
INDOFLOODS-gauge-440-15,INDOFLOODS-gauge-440,9.0_76.0,9.0,76.0,MAPPED,1981-08-23,1981-08-24,Flood
INDOFLOODS-gauge-440-16,INDOFLOODS-gauge-440,9.0_76.0,9.0,76.0,MAPPED,1981-09-12,1981-09-14,Flood
INDOFLOODS-gauge-440-17,INDOFLOODS-gauge-440,9.0_76.0,9.0,76.0,MAPPED,1981-09-17,1981-09-25,Severe Flood
INDOFLOODS-gauge-440-18,INDOFLOODS-gauge-440,9.0_76.0,9.0,76.0,MAPPED,1983-08-20,1983-08-22,Severe Flood
INDOFLOODS-gauge-440-19,INDOFLOODS-gauge-440,9.0_76.0,9.0,76.0,MAPPED,1983-09-23,1983-09-23,Flood
INDOFLOODS-gauge-440-2,INDOFLOODS-gauge-440,9.0_76.0,9.0,76.0,MAPPED,1978-08-28,1978-08-30,Flood
INDOFLOODS-gauge-440-20,INDOFLOODS-gauge-440,9.0_76.0,9.0,76.0,MAPPED,1984-06-18,1984-06-18,Flood
INDOFLOODS-gauge-440-21,INDOFLOODS-gauge-440,9.0_76.0,9.0,76.0,MAPPED,1984-07-04,1984-07-05,Flood
INDOFLOODS-gauge-440-22,INDOFLOODS-gauge-440,9.0_76.0,9.0,76.0,MAPPED,1984-07-07,1984-07-07,Flood
INDOFLOODS-gauge-440-23,INDOFLOODS-gauge-440,9.0_76.0,9.0,76.0,MAPPED,1984-10-03,1984-10-06,Severe Flood
INDOFLOODS-gauge-440-24,INDOFLOODS-gauge-440,9.0_76.0,9.0,76.0,MAPPED,1984-10-08,1984-10-08,Flood
INDOFLOODS-gauge-440-25,INDOFLOODS-gauge-440,9.0_76.0,9.0,76.0,MAPPED,1985-07-01,1985-07-01,Flood
INDOFLOODS-gauge-440-26,INDOFLOODS-gauge-440,9.0_76.0,9.0,76.0,MAPPED,1989-07-22,1989-07-25,Severe Flood
INDOFLOODS-gauge-440-27,INDOFLOODS-gauge-440,9.0_76.0,9.0,76.0,MAPPED,1989-07-27,1989-07-28,Flood
INDOFLOODS-gauge-440-28,INDOFLOODS-gauge-440,9.0_76.0,9.0,76.0,MAPPED,1990-11-01,1990-11-07,Severe Flood
INDOFLOODS-gauge-440-29,INDOFLOODS-gauge-440,9.0_76.0,9.0,76.0,MAPPED,1991-06-07,1991-06-09,Severe Flood
INDOFLOODS-gauge-440-3,INDOFLOODS-gauge-440,9.0_76.0,9.0,76.0,MAPPED,1978-11-02,1978-11-10,Severe Flood
INDOFLOODS-gauge-440-30,INDOFLOODS-gauge-440,9.0_76.0,9.0,76.0,MAPPED,1991-06-12,1991-06-14,Flood
INDOFLOODS-gauge-440-31,INDOFLOODS-gauge-440,9.0_76.0,9.0,76.0,MAPPED,1992-08-01,1992-08-01,Flood
INDOFLOODS-gauge-440-32,INDOFLOODS-gauge-440,9.0_76.0,9.0,76.0,MAPPED,1992-10-10,1992-10-14,Severe Flood
INDOFLOODS-gauge-440-33,INDOFLOODS-gauge-440,9.0_76.0,9.0,76.0,MAPPED,1992-11-14,1992-11-18,Severe Flood
INDOFLOODS-gauge-440-34,INDOFLOODS-gauge-440,9.0_76.0,9.0,76.0,MAPPED,1993-07-17,1993-07-17,Flood
INDOFLOODS-gauge-440-35,INDOFLOODS-gauge-440,9.0_76.0,9.0,76.0,MAPPED,1994-08-02,1994-08-05,Severe Flood
INDOFLOODS-gauge-440-36,INDOFLOODS-gauge-440,9.0_76.0,9.0,76.0,MAPPED,1998-10-11,1998-10-17,Severe Flood
INDOFLOODS-gauge-440-37,INDOFLOODS-gauge-440,9.0_76.0,9.0,76.0,MAPPED,2000-08-26,2000-08-26,Flood
INDOFLOODS-gauge-440-38,INDOFLOODS-gauge-440,9.0_76.0,9.0,76.0,MAPPED,2000-09-28,2000-09-28,Flood
INDOFLOODS-gauge-440-39,INDOFLOODS-gauge-440,9.0_76.0,9.0,76.0,MAPPED,2007-07-17,2007-07-17,Flood
INDOFLOODS-gauge-440-4,INDOFLOODS-gauge-440,9.0_76.0,9.0,76.0,MAPPED,1978-11-12,1978-11-12,Flood
INDOFLOODS-gauge-440-40,INDOFLOODS-gauge-440,9.0_76.0,9.0,76.0,MAPPED,2010-10-04,2010-10-04,Flood
INDOFLOODS-gauge-440-41,INDOFLOODS-gauge-440,9.0_76.0,9.0,76.0,MAPPED,2010-11-23,2010-11-23,Flood
INDOFLOODS-gauge-440-42,INDOFLOODS-gauge-440,9.0_76.0,9.0,76.0,MAPPED,2014-08-23,2014-08-23,Severe Flood
INDOFLOODS-gauge-440-43,INDOFLOODS-gauge-440,9.0_76.0,9.0,76.0,MAPPED,2017-09-06,2017-09-06,Severe Flood
INDOFLOODS-gauge-440-44,INDOFLOODS-gauge-440,9.0_76.0,9.0,76.0,MAPPED,2017-10-23,2017-10-23,Severe Flood
INDOFLOODS-gauge-440-45,INDOFLOODS-gauge-440,9.0_76.0,9.0,76.0,MAPPED,2018-08-09,2018-08-13,Severe Flood
INDOFLOODS-gauge-440-46,INDOFLOODS-gauge-440,9.0_76.0,9.0,76.0,MAPPED,2018-08-15,2018-08-21,Severe Flood
INDOFLOODS-gauge-440-5,INDOFLOODS-gauge-440,9.0_76.0,9.0,76.0,MAPPED,1979-07-25,1979-07-25,Flood
INDOFLOODS-gauge-440-6,INDOFLOODS-gauge-440,9.0_76.0,9.0,76.0,MAPPED,1979-08-03,1979-08-03,Flood
INDOFLOODS-gauge-440-7,INDOFLOODS-gauge-440,9.0_76.0,9.0,76.0,MAPPED,1979-11-12,1979-11-13,Severe Flood
INDOFLOODS-gauge-440-8,INDOFLOODS-gauge-440,9.0_76.0,9.0,76.0,MAPPED,1979-11-17,1979-11-17,Flood
INDOFLOODS-gauge-440-9,INDOFLOODS-gauge-440,9.0_76.0,9.0,76.0,MAPPED,1979-11-20,1979-11-21,Severe Flood
INDOFLOODS-gauge-441-1,INDOFLOODS-gauge-441,11.0_75.0,11.0,75.0,MAPPED,2019-08-08,2019-08-09,Severe Flood
INDOFLOODS-gauge-445-1,INDOFLOODS-gauge-445,10.0_76.0,10.0,76.0,MAPPED,2019-08-08,2019-08-09,Flood
INDOFLOODS-gauge-446-1,INDOFLOODS-gauge-446,10.0_76.0,10.0,76.0,MAPPED,1992-11-14,1992-11-14,Severe Flood
INDOFLOODS-gauge-446-2,INDOFLOODS-gauge-446,10.0_76.0,10.0,76.0,MAPPED,2009-11-08,2009-11-08,Severe Flood
INDOFLOODS-gauge-472-1,INDOFLOODS-gauge-472,22.0_77.0,22.0,77.0,MAPPED,1973-07-19,1973-07-19,Flood
INDOFLOODS-gauge-472-10,INDOFLOODS-gauge-472,22.0_77.0,22.0,77.0,MAPPED,1976-08-05,1976-08-05,Flood
INDOFLOODS-gauge-472-11,INDOFLOODS-gauge-472,22.0_77.0,22.0,77.0,MAPPED,1977-06-28,1977-06-28,Severe Flood
INDOFLOODS-gauge-472-12,INDOFLOODS-gauge-472,22.0_77.0,22.0,77.0,MAPPED,1977-08-08,1977-08-10,Severe Flood
INDOFLOODS-gauge-472-13,INDOFLOODS-gauge-472,22.0_77.0,22.0,77.0,MAPPED,1977-08-31,1977-09-01,Severe Flood
INDOFLOODS-gauge-472-14,INDOFLOODS-gauge-472,22.0_77.0,22.0,77.0,MAPPED,1977-09-14,1977-09-14,Flood
INDOFLOODS-gauge-472-15,INDOFLOODS-gauge-472,22.0_77.0,22.0,77.0,MAPPED,1978-06-27,1978-06-29,Severe Flood
INDOFLOODS-gauge-472-16,INDOFLOODS-gauge-472,22.0_77.0,22.0,77.0,MAPPED,1978-08-16,1978-08-17,Severe Flood
INDOFLOODS-gauge-472-17,INDOFLOODS-gauge-472,22.0_77.0,22.0,77.0,MAPPED,1978-08-25,1978-08-26,Severe Flood
INDOFLOODS-gauge-472-18,INDOFLOODS-gauge-472,22.0_77.0,22.0,77.0,MAPPED,1978-08-30,1978-08-30,Flood
INDOFLOODS-gauge-472-19,INDOFLOODS-gauge-472,22.0_77.0,22.0,77.0,MAPPED,1979-08-10,1979-08-11,Severe Flood
INDOFLOODS-gauge-472-2,INDOFLOODS-gauge-472,22.0_77.0,22.0,77.0,MAPPED,1973-07-22,1973-07-23,Severe Flood
INDOFLOODS-gauge-472-20,INDOFLOODS-gauge-472,22.0_77.0,22.0,77.0,MAPPED,1979-08-31,1979-08-31,Severe Flood
INDOFLOODS-gauge-472-21,INDOFLOODS-gauge-472,22.0_77.0,22.0,77.0,MAPPED,1980-08-29,1980-09-01,Severe Flood
INDOFLOODS-gauge-472-22,INDOFLOODS-gauge-472,22.0_77.0,22.0,77.0,MAPPED,1982-08-23,1982-08-23,Severe Flood
INDOFLOODS-gauge-472-23,INDOFLOODS-gauge-472,22.0_77.0,22.0,77.0,MAPPED,1983-08-21,1983-08-21,Flood
INDOFLOODS-gauge-472-24,INDOFLOODS-gauge-472,22.0_77.0,22.0,77.0,MAPPED,1983-09-09,1983-09-11,Severe Flood
INDOFLOODS-gauge-472-25,INDOFLOODS-gauge-472,22.0_77.0,22.0,77.0,MAPPED,1984-08-10,1984-08-12,Severe Flood
INDOFLOODS-gauge-472-26,INDOFLOODS-gauge-472,22.0_77.0,22.0,77.0,MAPPED,1984-08-18,1984-08-21,Severe Flood
INDOFLOODS-gauge-472-27,INDOFLOODS-gauge-472,22.0_77.0,22.0,77.0,MAPPED,1985-08-09,1985-08-10,Flood
INDOFLOODS-gauge-472-28,INDOFLOODS-gauge-472,22.0_77.0,22.0,77.0,MAPPED,1986-07-22,1986-07-25,Severe Flood
INDOFLOODS-gauge-472-29,INDOFLOODS-gauge-472,22.0_77.0,22.0,77.0,MAPPED,1986-08-15,1986-08-15,Severe Flood
INDOFLOODS-gauge-472-3,INDOFLOODS-gauge-472,22.0_77.0,22.0,77.0,MAPPED,1973-08-28,1973-09-03,Severe Flood
INDOFLOODS-gauge-472-30,INDOFLOODS-gauge-472,22.0_77.0,22.0,77.0,MAPPED,1987-09-18,1987-09-18,Severe Flood
INDOFLOODS-gauge-472-31,INDOFLOODS-gauge-472,22.0_77.0,22.0,77.0,MAPPED,1988-08-04,1988-08-06,Severe Flood
INDOFLOODS-gauge-472-32,INDOFLOODS-gauge-472,22.0_77.0,22.0,77.0,MAPPED,1990-08-23,1990-08-23,Flood
INDOFLOODS-gauge-472-33,INDOFLOODS-gauge-472,22.0_77.0,22.0,77.0,MAPPED,1991-08-24,1991-08-26,Severe Flood
INDOFLOODS-gauge-472-34,INDOFLOODS-gauge-472,22.0_77.0,22.0,77.0,MAPPED,1993-08-06,1993-08-06,Flood
INDOFLOODS-gauge-472-35,INDOFLOODS-gauge-472,22.0_77.0,22.0,77.0,MAPPED,1994-07-18,1994-07-24,Severe Flood
INDOFLOODS-gauge-472-36,INDOFLOODS-gauge-472,22.0_77.0,22.0,77.0,MAPPED,1994-08-02,1994-08-02,Flood
INDOFLOODS-gauge-472-37,INDOFLOODS-gauge-472,22.0_77.0,22.0,77.0,MAPPED,1994-08-06,1994-08-09,Severe Flood
INDOFLOODS-gauge-472-38,INDOFLOODS-gauge-472,22.0_77.0,22.0,77.0,MAPPED,1994-08-20,1994-08-20,Flood
INDOFLOODS-gauge-472-39,INDOFLOODS-gauge-472,22.0_77.0,22.0,77.0,MAPPED,1994-08-26,1994-08-28,Severe Flood
INDOFLOODS-gauge-472-4,INDOFLOODS-gauge-472,22.0_77.0,22.0,77.0,MAPPED,1973-09-06,1973-09-08,Severe Flood
INDOFLOODS-gauge-472-40,INDOFLOODS-gauge-472,22.0_77.0,22.0,77.0,MAPPED,1994-08-31,1994-08-31,Flood
INDOFLOODS-gauge-472-41,INDOFLOODS-gauge-472,22.0_77.0,22.0,77.0,MAPPED,1994-09-06,1994-09-06,Severe Flood
INDOFLOODS-gauge-472-42,INDOFLOODS-gauge-472,22.0_77.0,22.0,77.0,MAPPED,1998-09-15,1998-09-15,Severe Flood
INDOFLOODS-gauge-472-43,INDOFLOODS-gauge-472,22.0_77.0,22.0,77.0,MAPPED,1999-08-09,1999-08-11,Severe Flood
INDOFLOODS-gauge-472-44,INDOFLOODS-gauge-472,22.0_77.0,22.0,77.0,MAPPED,1999-09-16,1999-09-23,Severe Flood
INDOFLOODS-gauge-472-45,INDOFLOODS-gauge-472,22.0_77.0,22.0,77.0,MAPPED,2002-08-19,2002-08-20,Severe Flood
INDOFLOODS-gauge-472-46,INDOFLOODS-gauge-472,22.0_77.0,22.0,77.0,MAPPED,2004-08-23,2004-08-24,Flood
INDOFLOODS-gauge-472-47,INDOFLOODS-gauge-472,22.0_77.0,22.0,77.0,MAPPED,2005-07-06,2005-07-06,Severe Flood
INDOFLOODS-gauge-472-48,INDOFLOODS-gauge-472,22.0_77.0,22.0,77.0,MAPPED,2006-08-14,2006-08-15,Severe Flood
INDOFLOODS-gauge-472-49,INDOFLOODS-gauge-472,22.0_77.0,22.0,77.0,MAPPED,2006-09-01,2006-09-01,Severe Flood
INDOFLOODS-gauge-472-5,INDOFLOODS-gauge-472,22.0_77.0,22.0,77.0,MAPPED,1974-08-17,1974-08-22,Severe Flood
INDOFLOODS-gauge-472-50,INDOFLOODS-gauge-472,22.0_77.0,22.0,77.0,MAPPED,2009-09-10,2009-09-11,Severe Flood
INDOFLOODS-gauge-472-51,INDOFLOODS-gauge-472,22.0_77.0,22.0,77.0,MAPPED,2012-08-07,2012-08-07,Severe Flood
INDOFLOODS-gauge-472-52,INDOFLOODS-gauge-472,22.0_77.0,22.0,77.0,MAPPED,2013-08-01,2013-08-02,Severe Flood
INDOFLOODS-gauge-472-53,INDOFLOODS-gauge-472,22.0_77.0,22.0,77.0,MAPPED,2013-08-20,2013-08-25,Severe Flood
INDOFLOODS-gauge-472-54,INDOFLOODS-gauge-472,22.0_77.0,22.0,77.0,MAPPED,2016-07-13,2016-07-13,Severe Flood
INDOFLOODS-gauge-472-55,INDOFLOODS-gauge-472,22.0_77.0,22.0,77.0,MAPPED,2016-10-25,2016-10-25,Severe Flood
INDOFLOODS-gauge-472-56,INDOFLOODS-gauge-472,22.0_77.0,22.0,77.0,MAPPED,2017-08-11,2017-08-11,Severe Flood
INDOFLOODS-gauge-472-57,INDOFLOODS-gauge-472,22.0_77.0,22.0,77.0,MAPPED,2019-12-27,2019-12-27,Severe Flood
INDOFLOODS-gauge-472-6,INDOFLOODS-gauge-472,22.0_77.0,22.0,77.0,MAPPED,1975-08-12,1975-08-12,Flood
INDOFLOODS-gauge-472-7,INDOFLOODS-gauge-472,22.0_77.0,22.0,77.0,MAPPED,1975-08-15,1975-08-15,Severe Flood
INDOFLOODS-gauge-472-8,INDOFLOODS-gauge-472,22.0_77.0,22.0,77.0,MAPPED,1975-08-23,1975-08-25,Severe Flood
INDOFLOODS-gauge-472-9,INDOFLOODS-gauge-472,22.0_77.0,22.0,77.0,MAPPED,1975-09-12,1975-09-12,Flood
INDOFLOODS-gauge-485-1,INDOFLOODS-gauge-485,22.0_76.0,22.0,76.0,MAPPED,2018-07-04,2018-07-04,Severe Flood
INDOFLOODS-gauge-509-1,INDOFLOODS-gauge-509,24.0_78.0,24.0,78.0,MAPPED,2010-10-27,2010-10-27,Severe Flood
INDOFLOODS-gauge-509-10,INDOFLOODS-gauge-509,24.0_78.0,24.0,78.0,MAPPED,2013-06-01,2013-06-01,Severe Flood
INDOFLOODS-gauge-509-11,INDOFLOODS-gauge-509,24.0_78.0,24.0,78.0,MAPPED,2013-10-15,2013-10-15,Severe Flood
INDOFLOODS-gauge-509-12,INDOFLOODS-gauge-509,24.0_78.0,24.0,78.0,MAPPED,2015-08-02,2015-08-02,Flood
INDOFLOODS-gauge-509-13,INDOFLOODS-gauge-509,24.0_78.0,24.0,78.0,MAPPED,2016-08-12,2016-08-12,Flood
INDOFLOODS-gauge-509-14,INDOFLOODS-gauge-509,24.0_78.0,24.0,78.0,MAPPED,2016-08-21,2016-08-21,Flood
INDOFLOODS-gauge-509-15,INDOFLOODS-gauge-509,24.0_78.0,24.0,78.0,MAPPED,2016-08-24,2016-08-24,Flood
INDOFLOODS-gauge-509-16,INDOFLOODS-gauge-509,24.0_78.0,24.0,78.0,MAPPED,2016-08-27,2016-08-27,Flood
INDOFLOODS-gauge-509-17,INDOFLOODS-gauge-509,24.0_78.0,24.0,78.0,MAPPED,2016-09-06,2016-09-08,Flood
INDOFLOODS-gauge-509-18,INDOFLOODS-gauge-509,24.0_78.0,24.0,78.0,MAPPED,2016-09-10,2016-09-12,Flood
INDOFLOODS-gauge-509-19,INDOFLOODS-gauge-509,24.0_78.0,24.0,78.0,MAPPED,2017-07-24,2017-08-06,Severe Flood
INDOFLOODS-gauge-509-2,INDOFLOODS-gauge-509,24.0_78.0,24.0,78.0,MAPPED,2011-06-16,2011-06-16,Severe Flood
INDOFLOODS-gauge-509-20,INDOFLOODS-gauge-509,24.0_78.0,24.0,78.0,MAPPED,2017-08-08,2017-08-09,Flood
INDOFLOODS-gauge-509-21,INDOFLOODS-gauge-509,24.0_78.0,24.0,78.0,MAPPED,2017-08-15,2017-08-17,Flood
INDOFLOODS-gauge-509-22,INDOFLOODS-gauge-509,24.0_78.0,24.0,78.0,MAPPED,2017-08-19,2017-08-21,Flood
INDOFLOODS-gauge-509-23,INDOFLOODS-gauge-509,24.0_78.0,24.0,78.0,MAPPED,2017-08-31,2017-09-06,Flood
INDOFLOODS-gauge-509-24,INDOFLOODS-gauge-509,24.0_78.0,24.0,78.0,MAPPED,2017-09-10,2017-09-22,Flood
INDOFLOODS-gauge-509-25,INDOFLOODS-gauge-509,24.0_78.0,24.0,78.0,MAPPED,2017-09-29,2017-09-30,Flood
INDOFLOODS-gauge-509-26,INDOFLOODS-gauge-509,24.0_78.0,24.0,78.0,MAPPED,2017-10-21,2017-10-22,Flood
INDOFLOODS-gauge-509-27,INDOFLOODS-gauge-509,24.0_78.0,24.0,78.0,MAPPED,2018-07-23,2018-07-24,Flood
INDOFLOODS-gauge-509-28,INDOFLOODS-gauge-509,24.0_78.0,24.0,78.0,MAPPED,2018-07-27,2018-07-29,Flood
INDOFLOODS-gauge-509-29,INDOFLOODS-gauge-509,24.0_78.0,24.0,78.0,MAPPED,2018-07-31,2018-08-04,Flood
INDOFLOODS-gauge-509-3,INDOFLOODS-gauge-509,24.0_78.0,24.0,78.0,MAPPED,2011-06-19,2011-06-19,Severe Flood
INDOFLOODS-gauge-509-30,INDOFLOODS-gauge-509,24.0_78.0,24.0,78.0,MAPPED,2018-08-06,2018-08-08,Flood
INDOFLOODS-gauge-509-31,INDOFLOODS-gauge-509,24.0_78.0,24.0,78.0,MAPPED,2018-08-10,2018-08-11,Flood
INDOFLOODS-gauge-509-32,INDOFLOODS-gauge-509,24.0_78.0,24.0,78.0,MAPPED,2018-08-16,2018-08-19,Flood
INDOFLOODS-gauge-509-33,INDOFLOODS-gauge-509,24.0_78.0,24.0,78.0,MAPPED,2018-08-21,2018-08-23,Flood
INDOFLOODS-gauge-509-34,INDOFLOODS-gauge-509,24.0_78.0,24.0,78.0,MAPPED,2018-08-27,2018-08-31,Flood
INDOFLOODS-gauge-509-35,INDOFLOODS-gauge-509,24.0_78.0,24.0,78.0,MAPPED,2018-09-02,2018-09-07,Flood
INDOFLOODS-gauge-509-36,INDOFLOODS-gauge-509,24.0_78.0,24.0,78.0,MAPPED,2018-09-11,2018-09-14,Flood
INDOFLOODS-gauge-509-37,INDOFLOODS-gauge-509,24.0_78.0,24.0,78.0,MAPPED,2018-09-22,2018-09-24,Flood
INDOFLOODS-gauge-509-38,INDOFLOODS-gauge-509,24.0_78.0,24.0,78.0,MAPPED,2018-10-13,2018-10-16,Flood
INDOFLOODS-gauge-509-39,INDOFLOODS-gauge-509,24.0_78.0,24.0,78.0,MAPPED,2020-08-23,2020-08-28,Flood
INDOFLOODS-gauge-509-4,INDOFLOODS-gauge-509,24.0_78.0,24.0,78.0,MAPPED,2012-06-17,2012-06-17,Severe Flood
INDOFLOODS-gauge-509-5,INDOFLOODS-gauge-509,24.0_78.0,24.0,78.0,MAPPED,2012-07-17,2012-07-17,Severe Flood
INDOFLOODS-gauge-509-6,INDOFLOODS-gauge-509,24.0_78.0,24.0,78.0,MAPPED,2012-07-19,2012-07-20,Severe Flood
INDOFLOODS-gauge-509-7,INDOFLOODS-gauge-509,24.0_78.0,24.0,78.0,MAPPED,2012-08-11,2012-08-11,Severe Flood
INDOFLOODS-gauge-509-8,INDOFLOODS-gauge-509,24.0_78.0,24.0,78.0,MAPPED,2012-08-25,2012-08-25,Severe Flood
INDOFLOODS-gauge-509-9,INDOFLOODS-gauge-509,24.0_78.0,24.0,78.0,MAPPED,2012-09-05,2012-09-06,Severe Flood
INDOFLOODS-gauge-526-1,INDOFLOODS-gauge-526,23.0_79.0,23.0,79.0,MAPPED,1972-08-30,1972-08-31,Severe Flood
INDOFLOODS-gauge-526-10,INDOFLOODS-gauge-526,23.0_79.0,23.0,79.0,MAPPED,1980-08-29,1980-08-30,Severe Flood
INDOFLOODS-gauge-526-11,INDOFLOODS-gauge-526,23.0_79.0,23.0,79.0,MAPPED,1983-09-09,1983-09-10,Severe Flood
INDOFLOODS-gauge-526-12,INDOFLOODS-gauge-526,23.0_79.0,23.0,79.0,MAPPED,1984-08-19,1984-08-20,Severe Flood
INDOFLOODS-gauge-526-13,INDOFLOODS-gauge-526,23.0_79.0,23.0,79.0,MAPPED,1987-09-18,1987-09-18,Severe Flood
INDOFLOODS-gauge-526-14,INDOFLOODS-gauge-526,23.0_79.0,23.0,79.0,MAPPED,1988-08-05,1988-08-05,Severe Flood
INDOFLOODS-gauge-526-15,INDOFLOODS-gauge-526,23.0_79.0,23.0,79.0,MAPPED,1991-08-24,1991-08-25,Severe Flood
INDOFLOODS-gauge-526-16,INDOFLOODS-gauge-526,23.0_79.0,23.0,79.0,MAPPED,1991-08-31,1991-08-31,Flood
INDOFLOODS-gauge-526-17,INDOFLOODS-gauge-526,23.0_79.0,23.0,79.0,MAPPED,1992-09-12,1992-09-12,Severe Flood
INDOFLOODS-gauge-526-18,INDOFLOODS-gauge-526,23.0_79.0,23.0,79.0,MAPPED,1994-07-18,1994-07-18,Severe Flood
INDOFLOODS-gauge-526-19,INDOFLOODS-gauge-526,23.0_79.0,23.0,79.0,MAPPED,1994-07-21,1994-07-23,Severe Flood
INDOFLOODS-gauge-526-2,INDOFLOODS-gauge-526,23.0_79.0,23.0,79.0,MAPPED,1973-08-03,1973-08-03,Severe Flood
INDOFLOODS-gauge-526-20,INDOFLOODS-gauge-526,23.0_79.0,23.0,79.0,MAPPED,1994-08-05,1994-08-07,Severe Flood
INDOFLOODS-gauge-526-21,INDOFLOODS-gauge-526,23.0_79.0,23.0,79.0,MAPPED,1995-08-11,1995-08-11,Severe Flood
INDOFLOODS-gauge-526-22,INDOFLOODS-gauge-526,23.0_79.0,23.0,79.0,MAPPED,1999-09-16,1999-09-20,Severe Flood
INDOFLOODS-gauge-526-23,INDOFLOODS-gauge-526,23.0_79.0,23.0,79.0,MAPPED,2002-08-18,2002-08-18,Severe Flood
INDOFLOODS-gauge-526-24,INDOFLOODS-gauge-526,23.0_79.0,23.0,79.0,MAPPED,2004-08-23,2004-08-23,Severe Flood
INDOFLOODS-gauge-526-25,INDOFLOODS-gauge-526,23.0_79.0,23.0,79.0,MAPPED,2005-07-05,2005-07-05,Flood
INDOFLOODS-gauge-526-26,INDOFLOODS-gauge-526,23.0_79.0,23.0,79.0,MAPPED,2005-09-16,2005-09-16,Severe Flood
INDOFLOODS-gauge-526-27,INDOFLOODS-gauge-526,23.0_79.0,23.0,79.0,MAPPED,2019-08-15,2019-08-15,Flood
INDOFLOODS-gauge-526-3,INDOFLOODS-gauge-526,23.0_79.0,23.0,79.0,MAPPED,1973-08-29,1973-08-31,Severe Flood
INDOFLOODS-gauge-526-4,INDOFLOODS-gauge-526,23.0_79.0,23.0,79.0,MAPPED,1973-09-05,1973-09-06,Severe Flood
INDOFLOODS-gauge-526-5,INDOFLOODS-gauge-526,23.0_79.0,23.0,79.0,MAPPED,1974-08-18,1974-08-20,Severe Flood
INDOFLOODS-gauge-526-6,INDOFLOODS-gauge-526,23.0_79.0,23.0,79.0,MAPPED,1975-08-22,1975-08-24,Severe Flood
INDOFLOODS-gauge-526-7,INDOFLOODS-gauge-526,23.0_79.0,23.0,79.0,MAPPED,1977-06-27,1977-06-27,Severe Flood
INDOFLOODS-gauge-526-8,INDOFLOODS-gauge-526,23.0_79.0,23.0,79.0,MAPPED,1977-08-08,1977-08-08,Severe Flood
INDOFLOODS-gauge-526-9,INDOFLOODS-gauge-526,23.0_79.0,23.0,79.0,MAPPED,1979-08-10,1979-08-10,Flood
INDOFLOODS-gauge-544-1,INDOFLOODS-gauge-544,22.0_80.0,22.0,80.0,MAPPED,2018-07-23,2018-07-23,Flood
INDOFLOODS-gauge-544-2,INDOFLOODS-gauge-544,22.0_80.0,22.0,80.0,MAPPED,2019-08-08,2019-08-08,Flood
INDOFLOODS-gauge-560-1,INDOFLOODS-gauge-560,21.0_76.0,21.0,76.0,MAPPED,1973-07-09,1973-07-12,Severe Flood
INDOFLOODS-gauge-560-10,INDOFLOODS-gauge-560,21.0_76.0,21.0,76.0,MAPPED,1975-07-11,1975-07-11,Flood
INDOFLOODS-gauge-560-100,INDOFLOODS-gauge-560,21.0_76.0,21.0,76.0,MAPPED,1990-07-01,1990-07-02,Flood
INDOFLOODS-gauge-560-101,INDOFLOODS-gauge-560,21.0_76.0,21.0,76.0,MAPPED,1990-07-21,1990-07-21,Flood
INDOFLOODS-gauge-560-102,INDOFLOODS-gauge-560,21.0_76.0,21.0,76.0,MAPPED,1990-07-24,1990-07-28,Severe Flood
INDOFLOODS-gauge-560-103,INDOFLOODS-gauge-560,21.0_76.0,21.0,76.0,MAPPED,1990-08-09,1990-08-10,Flood
INDOFLOODS-gauge-560-104,INDOFLOODS-gauge-560,21.0_76.0,21.0,76.0,MAPPED,1990-08-13,1990-08-28,Severe Flood
INDOFLOODS-gauge-560-105,INDOFLOODS-gauge-560,21.0_76.0,21.0,76.0,MAPPED,1990-08-30,1990-09-04,Severe Flood
INDOFLOODS-gauge-560-106,INDOFLOODS-gauge-560,21.0_76.0,21.0,76.0,MAPPED,1990-09-07,1990-09-08,Flood
INDOFLOODS-gauge-560-107,INDOFLOODS-gauge-560,21.0_76.0,21.0,76.0,MAPPED,1990-09-27,1990-09-27,Flood
INDOFLOODS-gauge-560-108,INDOFLOODS-gauge-560,21.0_76.0,21.0,76.0,MAPPED,1990-09-29,1990-09-30,Flood
INDOFLOODS-gauge-560-109,INDOFLOODS-gauge-560,21.0_76.0,21.0,76.0,MAPPED,1990-10-09,1990-10-11,Flood
INDOFLOODS-gauge-560-11,INDOFLOODS-gauge-560,21.0_76.0,21.0,76.0,MAPPED,1975-08-05,1975-08-05,Flood
INDOFLOODS-gauge-560-110,INDOFLOODS-gauge-560,21.0_76.0,21.0,76.0,MAPPED,1991-07-31,1991-08-01,Severe Flood
INDOFLOODS-gauge-560-111,INDOFLOODS-gauge-560,21.0_76.0,21.0,76.0,MAPPED,1991-08-25,1991-08-25,Flood
INDOFLOODS-gauge-560-112,INDOFLOODS-gauge-560,21.0_76.0,21.0,76.0,MAPPED,1992-08-09,1992-08-09,Flood
INDOFLOODS-gauge-560-113,INDOFLOODS-gauge-560,21.0_76.0,21.0,76.0,MAPPED,1992-08-16,1992-08-19,Severe Flood
INDOFLOODS-gauge-560-114,INDOFLOODS-gauge-560,21.0_76.0,21.0,76.0,MAPPED,1992-08-22,1992-08-22,Flood
INDOFLOODS-gauge-560-115,INDOFLOODS-gauge-560,21.0_76.0,21.0,76.0,MAPPED,1992-08-25,1992-08-25,Flood
INDOFLOODS-gauge-560-116,INDOFLOODS-gauge-560,21.0_76.0,21.0,76.0,MAPPED,1992-08-30,1992-08-30,Flood
INDOFLOODS-gauge-560-117,INDOFLOODS-gauge-560,21.0_76.0,21.0,76.0,MAPPED,1992-09-03,1992-09-03,Flood
INDOFLOODS-gauge-560-118,INDOFLOODS-gauge-560,21.0_76.0,21.0,76.0,MAPPED,1992-09-08,1992-09-08,Flood
INDOFLOODS-gauge-560-119,INDOFLOODS-gauge-560,21.0_76.0,21.0,76.0,MAPPED,1993-07-09,1993-07-09,Flood
INDOFLOODS-gauge-560-12,INDOFLOODS-gauge-560,21.0_76.0,21.0,76.0,MAPPED,1975-08-09,1975-08-09,Flood
INDOFLOODS-gauge-560-120,INDOFLOODS-gauge-560,21.0_76.0,21.0,76.0,MAPPED,1993-07-14,1993-07-18,Severe Flood
INDOFLOODS-gauge-560-121,INDOFLOODS-gauge-560,21.0_76.0,21.0,76.0,MAPPED,1993-07-29,1993-07-30,Flood
INDOFLOODS-gauge-560-122,INDOFLOODS-gauge-560,21.0_76.0,21.0,76.0,MAPPED,1993-08-05,1993-08-08,Severe Flood
INDOFLOODS-gauge-560-123,INDOFLOODS-gauge-560,21.0_76.0,21.0,76.0,MAPPED,1993-08-20,1993-08-20,Flood
INDOFLOODS-gauge-560-124,INDOFLOODS-gauge-560,21.0_76.0,21.0,76.0,MAPPED,1993-09-02,1993-09-03,Flood
INDOFLOODS-gauge-560-125,INDOFLOODS-gauge-560,21.0_76.0,21.0,76.0,MAPPED,1993-09-06,1993-09-08,Flood
INDOFLOODS-gauge-560-126,INDOFLOODS-gauge-560,21.0_76.0,21.0,76.0,MAPPED,1993-09-30,1993-09-30,Flood
INDOFLOODS-gauge-560-127,INDOFLOODS-gauge-560,21.0_76.0,21.0,76.0,MAPPED,1994-06-29,1994-06-29,Flood
INDOFLOODS-gauge-560-128,INDOFLOODS-gauge-560,21.0_76.0,21.0,76.0,MAPPED,1994-07-05,1994-07-05,Flood
INDOFLOODS-gauge-560-129,INDOFLOODS-gauge-560,21.0_76.0,21.0,76.0,MAPPED,1994-07-13,1994-07-13,Severe Flood
INDOFLOODS-gauge-560-13,INDOFLOODS-gauge-560,21.0_76.0,21.0,76.0,MAPPED,1975-08-12,1975-08-18,Severe Flood
INDOFLOODS-gauge-560-130,INDOFLOODS-gauge-560,21.0_76.0,21.0,76.0,MAPPED,1994-07-19,1994-07-23,Flood
INDOFLOODS-gauge-560-131,INDOFLOODS-gauge-560,21.0_76.0,21.0,76.0,MAPPED,1994-08-02,1994-08-02,Flood
INDOFLOODS-gauge-560-132,INDOFLOODS-gauge-560,21.0_76.0,21.0,76.0,MAPPED,1994-08-13,1994-08-13,Flood
INDOFLOODS-gauge-560-133,INDOFLOODS-gauge-560,21.0_76.0,21.0,76.0,MAPPED,1994-08-20,1994-08-21,Severe Flood
INDOFLOODS-gauge-560-134,INDOFLOODS-gauge-560,21.0_76.0,21.0,76.0,MAPPED,1994-08-25,1994-08-25,Flood
INDOFLOODS-gauge-560-135,INDOFLOODS-gauge-560,21.0_76.0,21.0,76.0,MAPPED,1994-08-27,1994-09-13,Severe Flood
INDOFLOODS-gauge-560-136,INDOFLOODS-gauge-560,21.0_76.0,21.0,76.0,MAPPED,1995-07-25,1995-07-26,Severe Flood
INDOFLOODS-gauge-560-137,INDOFLOODS-gauge-560,21.0_76.0,21.0,76.0,MAPPED,1995-09-02,1995-09-06,Severe Flood
INDOFLOODS-gauge-560-138,INDOFLOODS-gauge-560,21.0_76.0,21.0,76.0,MAPPED,1996-07-26,1996-07-29,Flood
INDOFLOODS-gauge-560-139,INDOFLOODS-gauge-560,21.0_76.0,21.0,76.0,MAPPED,1996-08-03,1996-08-10,Flood
INDOFLOODS-gauge-560-14,INDOFLOODS-gauge-560,21.0_76.0,21.0,76.0,MAPPED,1975-08-28,1975-08-29,Flood
INDOFLOODS-gauge-560-140,INDOFLOODS-gauge-560,21.0_76.0,21.0,76.0,MAPPED,1996-08-29,1996-08-31,Flood
INDOFLOODS-gauge-560-141,INDOFLOODS-gauge-560,21.0_76.0,21.0,76.0,MAPPED,1996-09-03,1996-09-03,Flood
INDOFLOODS-gauge-560-142,INDOFLOODS-gauge-560,21.0_76.0,21.0,76.0,MAPPED,1996-09-07,1996-09-08,Flood
INDOFLOODS-gauge-560-143,INDOFLOODS-gauge-560,21.0_76.0,21.0,76.0,MAPPED,1996-09-15,1996-09-19,Flood
INDOFLOODS-gauge-560-144,INDOFLOODS-gauge-560,21.0_76.0,21.0,76.0,MAPPED,1997-07-26,1997-07-27,Severe Flood
INDOFLOODS-gauge-560-145,INDOFLOODS-gauge-560,21.0_76.0,21.0,76.0,MAPPED,1997-07-31,1997-08-02,Severe Flood
INDOFLOODS-gauge-560-146,INDOFLOODS-gauge-560,21.0_76.0,21.0,76.0,MAPPED,1997-08-22,1997-08-26,Severe Flood
INDOFLOODS-gauge-560-147,INDOFLOODS-gauge-560,21.0_76.0,21.0,76.0,MAPPED,1997-08-29,1997-09-02,Flood
INDOFLOODS-gauge-560-148,INDOFLOODS-gauge-560,21.0_76.0,21.0,76.0,MAPPED,1997-09-17,1997-09-18,Flood
INDOFLOODS-gauge-560-149,INDOFLOODS-gauge-560,21.0_76.0,21.0,76.0,MAPPED,1998-08-04,1998-08-04,Flood
INDOFLOODS-gauge-560-15,INDOFLOODS-gauge-560,21.0_76.0,21.0,76.0,MAPPED,1975-09-02,1975-09-08,Severe Flood
INDOFLOODS-gauge-560-150,INDOFLOODS-gauge-560,21.0_76.0,21.0,76.0,MAPPED,1998-08-12,1998-08-13,Flood
INDOFLOODS-gauge-560-151,INDOFLOODS-gauge-560,21.0_76.0,21.0,76.0,MAPPED,1998-09-14,1998-09-20,Severe Flood
INDOFLOODS-gauge-560-152,INDOFLOODS-gauge-560,21.0_76.0,21.0,76.0,MAPPED,1998-09-22,1998-09-24,Flood
INDOFLOODS-gauge-560-153,INDOFLOODS-gauge-560,21.0_76.0,21.0,76.0,MAPPED,1998-09-26,1998-09-27,Flood
INDOFLOODS-gauge-560-154,INDOFLOODS-gauge-560,21.0_76.0,21.0,76.0,MAPPED,1999-06-23,1999-06-24,Flood
INDOFLOODS-gauge-560-155,INDOFLOODS-gauge-560,21.0_76.0,21.0,76.0,MAPPED,1999-08-03,1999-08-05,Flood
INDOFLOODS-gauge-560-156,INDOFLOODS-gauge-560,21.0_76.0,21.0,76.0,MAPPED,1999-08-10,1999-08-13,Severe Flood
INDOFLOODS-gauge-560-157,INDOFLOODS-gauge-560,21.0_76.0,21.0,76.0,MAPPED,1999-09-14,1999-09-18,Flood
INDOFLOODS-gauge-560-158,INDOFLOODS-gauge-560,21.0_76.0,21.0,76.0,MAPPED,1999-09-20,1999-09-23,Flood
INDOFLOODS-gauge-560-159,INDOFLOODS-gauge-560,21.0_76.0,21.0,76.0,MAPPED,1999-09-29,1999-09-29,Flood
INDOFLOODS-gauge-560-16,INDOFLOODS-gauge-560,21.0_76.0,21.0,76.0,MAPPED,1975-09-10,1975-09-15,Severe Flood
INDOFLOODS-gauge-560-160,INDOFLOODS-gauge-560,21.0_76.0,21.0,76.0,MAPPED,1999-10-04,1999-10-04,Flood
INDOFLOODS-gauge-560-161,INDOFLOODS-gauge-560,21.0_76.0,21.0,76.0,MAPPED,1999-10-09,1999-10-11,Flood
INDOFLOODS-gauge-560-162,INDOFLOODS-gauge-560,21.0_76.0,21.0,76.0,MAPPED,1999-10-14,1999-10-14,Flood
INDOFLOODS-gauge-560-163,INDOFLOODS-gauge-560,21.0_76.0,21.0,76.0,MAPPED,2000-07-19,2000-07-20,Flood
INDOFLOODS-gauge-560-164,INDOFLOODS-gauge-560,21.0_76.0,21.0,76.0,MAPPED,2001-08-06,2001-08-07,Flood
INDOFLOODS-gauge-560-165,INDOFLOODS-gauge-560,21.0_76.0,21.0,76.0,MAPPED,2001-08-11,2001-08-19,Severe Flood
INDOFLOODS-gauge-560-166,INDOFLOODS-gauge-560,21.0_76.0,21.0,76.0,MAPPED,2002-06-25,2002-06-26,Severe Flood
INDOFLOODS-gauge-560-167,INDOFLOODS-gauge-560,21.0_76.0,21.0,76.0,MAPPED,2002-08-18,2002-08-20,Flood
INDOFLOODS-gauge-560-168,INDOFLOODS-gauge-560,21.0_76.0,21.0,76.0,MAPPED,2002-08-24,2002-08-27,Flood
INDOFLOODS-gauge-560-169,INDOFLOODS-gauge-560,21.0_76.0,21.0,76.0,MAPPED,2002-08-31,2002-09-10,Severe Flood
INDOFLOODS-gauge-560-17,INDOFLOODS-gauge-560,21.0_76.0,21.0,76.0,MAPPED,1976-07-22,1976-07-22,Severe Flood
INDOFLOODS-gauge-560-170,INDOFLOODS-gauge-560,21.0_76.0,21.0,76.0,MAPPED,2003-07-08,2003-07-08,Flood
INDOFLOODS-gauge-560-171,INDOFLOODS-gauge-560,21.0_76.0,21.0,76.0,MAPPED,2003-07-28,2003-07-29,Severe Flood
INDOFLOODS-gauge-560-172,INDOFLOODS-gauge-560,21.0_76.0,21.0,76.0,MAPPED,2003-08-10,2003-08-10,Flood
INDOFLOODS-gauge-560-173,INDOFLOODS-gauge-560,21.0_76.0,21.0,76.0,MAPPED,2003-08-24,2003-08-25,Flood
INDOFLOODS-gauge-560-174,INDOFLOODS-gauge-560,21.0_76.0,21.0,76.0,MAPPED,2003-09-23,2003-09-30,Flood
INDOFLOODS-gauge-560-175,INDOFLOODS-gauge-560,21.0_76.0,21.0,76.0,MAPPED,2004-07-30,2004-07-30,Flood
INDOFLOODS-gauge-560-176,INDOFLOODS-gauge-560,21.0_76.0,21.0,76.0,MAPPED,2004-08-05,2004-08-07,Severe Flood
INDOFLOODS-gauge-560-177,INDOFLOODS-gauge-560,21.0_76.0,21.0,76.0,MAPPED,2004-08-11,2004-08-16,Flood
INDOFLOODS-gauge-560-178,INDOFLOODS-gauge-560,21.0_76.0,21.0,76.0,MAPPED,2004-08-23,2004-08-26,Severe Flood
INDOFLOODS-gauge-560-179,INDOFLOODS-gauge-560,21.0_76.0,21.0,76.0,MAPPED,2005-07-26,2005-07-26,Flood
INDOFLOODS-gauge-560-18,INDOFLOODS-gauge-560,21.0_76.0,21.0,76.0,MAPPED,1976-08-03,1976-08-06,Flood
INDOFLOODS-gauge-560-180,INDOFLOODS-gauge-560,21.0_76.0,21.0,76.0,MAPPED,2005-07-28,2005-07-29,Severe Flood
INDOFLOODS-gauge-560-181,INDOFLOODS-gauge-560,21.0_76.0,21.0,76.0,MAPPED,2005-08-01,2005-08-08,Severe Flood
INDOFLOODS-gauge-560-182,INDOFLOODS-gauge-560,21.0_76.0,21.0,76.0,MAPPED,2005-09-15,2005-09-17,Severe Flood
INDOFLOODS-gauge-560-183,INDOFLOODS-gauge-560,21.0_76.0,21.0,76.0,MAPPED,2006-07-05,2006-07-05,Flood
INDOFLOODS-gauge-560-184,INDOFLOODS-gauge-560,21.0_76.0,21.0,76.0,MAPPED,2006-07-19,2006-07-19,Flood
INDOFLOODS-gauge-560-185,INDOFLOODS-gauge-560,21.0_76.0,21.0,76.0,MAPPED,2006-07-29,2006-07-29,Flood
INDOFLOODS-gauge-560-186,INDOFLOODS-gauge-560,21.0_76.0,21.0,76.0,MAPPED,2006-08-05,2006-08-13,Severe Flood
INDOFLOODS-gauge-560-187,INDOFLOODS-gauge-560,21.0_76.0,21.0,76.0,MAPPED,2006-08-15,2006-08-20,Flood
INDOFLOODS-gauge-560-188,INDOFLOODS-gauge-560,21.0_76.0,21.0,76.0,MAPPED,2006-09-01,2006-09-02,Severe Flood
INDOFLOODS-gauge-560-189,INDOFLOODS-gauge-560,21.0_76.0,21.0,76.0,MAPPED,2006-09-05,2006-09-08,Severe Flood
INDOFLOODS-gauge-560-19,INDOFLOODS-gauge-560,21.0_76.0,21.0,76.0,MAPPED,1976-08-29,1976-08-29,Flood
INDOFLOODS-gauge-560-190,INDOFLOODS-gauge-560,21.0_76.0,21.0,76.0,MAPPED,2006-09-10,2006-09-10,Flood
INDOFLOODS-gauge-560-191,INDOFLOODS-gauge-560,21.0_76.0,21.0,76.0,MAPPED,2006-09-15,2006-09-16,Flood
INDOFLOODS-gauge-560-192,INDOFLOODS-gauge-560,21.0_76.0,21.0,76.0,MAPPED,2006-09-21,2006-09-21,Flood
INDOFLOODS-gauge-560-193,INDOFLOODS-gauge-560,21.0_76.0,21.0,76.0,MAPPED,2007-07-01,2007-07-02,Severe Flood
INDOFLOODS-gauge-560-194,INDOFLOODS-gauge-560,21.0_76.0,21.0,76.0,MAPPED,2007-07-08,2007-07-14,Severe Flood
INDOFLOODS-gauge-560-195,INDOFLOODS-gauge-560,21.0_76.0,21.0,76.0,MAPPED,2007-08-04,2007-08-05,Flood
INDOFLOODS-gauge-560-196,INDOFLOODS-gauge-560,21.0_76.0,21.0,76.0,MAPPED,2007-08-08,2007-08-13,Severe Flood
INDOFLOODS-gauge-560-197,INDOFLOODS-gauge-560,21.0_76.0,21.0,76.0,MAPPED,2007-09-07,2007-09-10,Flood
INDOFLOODS-gauge-560-198,INDOFLOODS-gauge-560,21.0_76.0,21.0,76.0,MAPPED,2007-09-20,2007-09-23,Flood
INDOFLOODS-gauge-560-199,INDOFLOODS-gauge-560,21.0_76.0,21.0,76.0,MAPPED,2008-07-30,2008-07-30,Flood
INDOFLOODS-gauge-560-2,INDOFLOODS-gauge-560,21.0_76.0,21.0,76.0,MAPPED,1973-07-15,1973-07-24,Severe Flood
INDOFLOODS-gauge-560-20,INDOFLOODS-gauge-560,21.0_76.0,21.0,76.0,MAPPED,1976-08-31,1976-09-01,Flood
INDOFLOODS-gauge-560-200,INDOFLOODS-gauge-560,21.0_76.0,21.0,76.0,MAPPED,2008-08-05,2008-08-06,Severe Flood
INDOFLOODS-gauge-560-201,INDOFLOODS-gauge-560,21.0_76.0,21.0,76.0,MAPPED,2008-08-10,2008-08-13,Flood
INDOFLOODS-gauge-560-202,INDOFLOODS-gauge-560,21.0_76.0,21.0,76.0,MAPPED,2008-09-07,2008-09-07,Flood
INDOFLOODS-gauge-560-203,INDOFLOODS-gauge-560,21.0_76.0,21.0,76.0,MAPPED,2009-07-21,2009-07-24,Severe Flood
INDOFLOODS-gauge-560-204,INDOFLOODS-gauge-560,21.0_76.0,21.0,76.0,MAPPED,2009-08-29,2009-08-30,Flood
INDOFLOODS-gauge-560-205,INDOFLOODS-gauge-560,21.0_76.0,21.0,76.0,MAPPED,2009-09-03,2009-09-03,Flood
INDOFLOODS-gauge-560-206,INDOFLOODS-gauge-560,21.0_76.0,21.0,76.0,MAPPED,2010-07-27,2010-07-27,Flood
INDOFLOODS-gauge-560-207,INDOFLOODS-gauge-560,21.0_76.0,21.0,76.0,MAPPED,2010-07-31,2010-08-03,Flood
INDOFLOODS-gauge-560-208,INDOFLOODS-gauge-560,21.0_76.0,21.0,76.0,MAPPED,2010-08-05,2010-08-05,Flood
INDOFLOODS-gauge-560-209,INDOFLOODS-gauge-560,21.0_76.0,21.0,76.0,MAPPED,2010-08-08,2010-08-09,Flood
INDOFLOODS-gauge-560-21,INDOFLOODS-gauge-560,21.0_76.0,21.0,76.0,MAPPED,1976-09-03,1976-09-10,Severe Flood
INDOFLOODS-gauge-560-210,INDOFLOODS-gauge-560,21.0_76.0,21.0,76.0,MAPPED,2010-08-14,2010-08-15,Flood
INDOFLOODS-gauge-560-211,INDOFLOODS-gauge-560,21.0_76.0,21.0,76.0,MAPPED,2010-08-17,2010-08-19,Flood
INDOFLOODS-gauge-560-212,INDOFLOODS-gauge-560,21.0_76.0,21.0,76.0,MAPPED,2010-08-21,2010-08-22,Flood
INDOFLOODS-gauge-560-213,INDOFLOODS-gauge-560,21.0_76.0,21.0,76.0,MAPPED,2010-08-28,2010-08-28,Flood
INDOFLOODS-gauge-560-214,INDOFLOODS-gauge-560,21.0_76.0,21.0,76.0,MAPPED,2010-08-31,2010-09-01,Flood
INDOFLOODS-gauge-560-215,INDOFLOODS-gauge-560,21.0_76.0,21.0,76.0,MAPPED,2010-09-06,2010-09-13,Severe Flood
INDOFLOODS-gauge-560-216,INDOFLOODS-gauge-560,21.0_76.0,21.0,76.0,MAPPED,2011-07-14,2011-07-14,Flood
INDOFLOODS-gauge-560-217,INDOFLOODS-gauge-560,21.0_76.0,21.0,76.0,MAPPED,2011-07-20,2011-07-20,Flood
INDOFLOODS-gauge-560-218,INDOFLOODS-gauge-560,21.0_76.0,21.0,76.0,MAPPED,2011-07-24,2011-07-25,Flood
INDOFLOODS-gauge-560-219,INDOFLOODS-gauge-560,21.0_76.0,21.0,76.0,MAPPED,2011-08-05,2011-08-05,Flood
INDOFLOODS-gauge-560-22,INDOFLOODS-gauge-560,21.0_76.0,21.0,76.0,MAPPED,1976-09-13,1976-09-17,Flood
INDOFLOODS-gauge-560-220,INDOFLOODS-gauge-560,21.0_76.0,21.0,76.0,MAPPED,2011-08-07,2011-08-10,Flood
INDOFLOODS-gauge-560-221,INDOFLOODS-gauge-560,21.0_76.0,21.0,76.0,MAPPED,2011-08-14,2011-08-15,Flood
INDOFLOODS-gauge-560-222,INDOFLOODS-gauge-560,21.0_76.0,21.0,76.0,MAPPED,2011-08-25,2011-09-06,Severe Flood
INDOFLOODS-gauge-560-223,INDOFLOODS-gauge-560,21.0_76.0,21.0,76.0,MAPPED,2011-09-17,2011-09-17,Flood
INDOFLOODS-gauge-560-224,INDOFLOODS-gauge-560,21.0_76.0,21.0,76.0,MAPPED,2012-06-19,2012-06-19,Flood
INDOFLOODS-gauge-560-225,INDOFLOODS-gauge-560,21.0_76.0,21.0,76.0,MAPPED,2012-07-08,2012-07-08,Flood
INDOFLOODS-gauge-560-226,INDOFLOODS-gauge-560,21.0_76.0,21.0,76.0,MAPPED,2012-07-23,2012-07-26,Severe Flood
INDOFLOODS-gauge-560-227,INDOFLOODS-gauge-560,21.0_76.0,21.0,76.0,MAPPED,2012-07-28,2012-08-04,Severe Flood
INDOFLOODS-gauge-560-228,INDOFLOODS-gauge-560,21.0_76.0,21.0,76.0,MAPPED,2012-08-07,2012-08-16,Severe Flood
INDOFLOODS-gauge-560-229,INDOFLOODS-gauge-560,21.0_76.0,21.0,76.0,MAPPED,2012-08-21,2012-08-24,Flood
INDOFLOODS-gauge-560-23,INDOFLOODS-gauge-560,21.0_76.0,21.0,76.0,MAPPED,1976-09-19,1976-09-19,Flood
INDOFLOODS-gauge-560-230,INDOFLOODS-gauge-560,21.0_76.0,21.0,76.0,MAPPED,2012-08-28,2012-09-15,Severe Flood
INDOFLOODS-gauge-560-231,INDOFLOODS-gauge-560,21.0_76.0,21.0,76.0,MAPPED,2013-06-16,2013-06-16,Flood
INDOFLOODS-gauge-560-232,INDOFLOODS-gauge-560,21.0_76.0,21.0,76.0,MAPPED,2013-06-27,2013-06-27,Flood
INDOFLOODS-gauge-560-233,INDOFLOODS-gauge-560,21.0_76.0,21.0,76.0,MAPPED,2013-07-05,2013-07-06,Flood
INDOFLOODS-gauge-560-234,INDOFLOODS-gauge-560,21.0_76.0,21.0,76.0,MAPPED,2013-07-13,2013-08-07,Severe Flood
INDOFLOODS-gauge-560-235,INDOFLOODS-gauge-560,21.0_76.0,21.0,76.0,MAPPED,2013-08-10,2013-08-16,Flood
INDOFLOODS-gauge-560-236,INDOFLOODS-gauge-560,21.0_76.0,21.0,76.0,MAPPED,2013-08-21,2013-08-31,Severe Flood
INDOFLOODS-gauge-560-237,INDOFLOODS-gauge-560,21.0_76.0,21.0,76.0,MAPPED,2013-09-22,2013-09-24,Severe Flood
INDOFLOODS-gauge-560-238,INDOFLOODS-gauge-560,21.0_76.0,21.0,76.0,MAPPED,2013-10-11,2013-10-13,Flood
INDOFLOODS-gauge-560-239,INDOFLOODS-gauge-560,21.0_76.0,21.0,76.0,MAPPED,2014-07-23,2014-08-02,Severe Flood
INDOFLOODS-gauge-560-24,INDOFLOODS-gauge-560,21.0_76.0,21.0,76.0,MAPPED,1977-07-26,1977-07-26,Flood
INDOFLOODS-gauge-560-240,INDOFLOODS-gauge-560,21.0_76.0,21.0,76.0,MAPPED,2014-08-29,2014-09-05,Flood
INDOFLOODS-gauge-560-241,INDOFLOODS-gauge-560,21.0_76.0,21.0,76.0,MAPPED,2014-09-08,2014-09-14,Severe Flood
INDOFLOODS-gauge-560-242,INDOFLOODS-gauge-560,21.0_76.0,21.0,76.0,MAPPED,2014-09-16,2014-09-16,Flood
INDOFLOODS-gauge-560-243,INDOFLOODS-gauge-560,21.0_76.0,21.0,76.0,MAPPED,2015-07-21,2015-07-22,Flood
INDOFLOODS-gauge-560-244,INDOFLOODS-gauge-560,21.0_76.0,21.0,76.0,MAPPED,2015-07-24,2015-07-27,Flood
INDOFLOODS-gauge-560-245,INDOFLOODS-gauge-560,21.0_76.0,21.0,76.0,MAPPED,2015-08-05,2015-08-21,Severe Flood
INDOFLOODS-gauge-560-246,INDOFLOODS-gauge-560,21.0_76.0,21.0,76.0,MAPPED,2015-09-01,2015-09-01,Flood
INDOFLOODS-gauge-560-247,INDOFLOODS-gauge-560,21.0_76.0,21.0,76.0,MAPPED,2015-09-19,2015-09-19,Flood
INDOFLOODS-gauge-560-248,INDOFLOODS-gauge-560,21.0_76.0,21.0,76.0,MAPPED,2016-07-07,2016-07-07,Flood
INDOFLOODS-gauge-560-249,INDOFLOODS-gauge-560,21.0_76.0,21.0,76.0,MAPPED,2016-07-10,2016-07-16,Severe Flood
INDOFLOODS-gauge-560-25,INDOFLOODS-gauge-560,21.0_76.0,21.0,76.0,MAPPED,1977-08-08,1977-08-09,Flood
INDOFLOODS-gauge-560-250,INDOFLOODS-gauge-560,21.0_76.0,21.0,76.0,MAPPED,2016-07-20,2016-07-20,Flood
INDOFLOODS-gauge-560-251,INDOFLOODS-gauge-560,21.0_76.0,21.0,76.0,MAPPED,2016-07-24,2016-08-17,Severe Flood
INDOFLOODS-gauge-560-252,INDOFLOODS-gauge-560,21.0_76.0,21.0,76.0,MAPPED,2016-09-01,2016-09-03,Flood
INDOFLOODS-gauge-560-253,INDOFLOODS-gauge-560,21.0_76.0,21.0,76.0,MAPPED,2016-09-18,2016-09-18,Flood
INDOFLOODS-gauge-560-254,INDOFLOODS-gauge-560,21.0_76.0,21.0,76.0,MAPPED,2016-09-22,2016-09-22,Flood
INDOFLOODS-gauge-560-255,INDOFLOODS-gauge-560,21.0_76.0,21.0,76.0,MAPPED,2016-09-25,2016-09-26,Flood
INDOFLOODS-gauge-560-256,INDOFLOODS-gauge-560,21.0_76.0,21.0,76.0,MAPPED,2016-10-02,2016-10-03,Flood
INDOFLOODS-gauge-560-257,INDOFLOODS-gauge-560,21.0_76.0,21.0,76.0,MAPPED,2017-07-20,2017-07-23,Flood
INDOFLOODS-gauge-560-258,INDOFLOODS-gauge-560,21.0_76.0,21.0,76.0,MAPPED,2017-07-28,2017-07-30,Flood
INDOFLOODS-gauge-560-259,INDOFLOODS-gauge-560,21.0_76.0,21.0,76.0,MAPPED,2017-08-26,2017-08-27,Flood
INDOFLOODS-gauge-560-26,INDOFLOODS-gauge-560,21.0_76.0,21.0,76.0,MAPPED,1977-08-13,1977-08-13,Flood
INDOFLOODS-gauge-560-260,INDOFLOODS-gauge-560,21.0_76.0,21.0,76.0,MAPPED,2017-08-29,2017-09-03,Flood
INDOFLOODS-gauge-560-261,INDOFLOODS-gauge-560,21.0_76.0,21.0,76.0,MAPPED,2017-09-15,2017-09-17,Flood
INDOFLOODS-gauge-560-262,INDOFLOODS-gauge-560,21.0_76.0,21.0,76.0,MAPPED,2017-09-20,2017-09-24,Flood
INDOFLOODS-gauge-560-263,INDOFLOODS-gauge-560,21.0_76.0,21.0,76.0,MAPPED,2018-07-11,2018-07-12,Flood
INDOFLOODS-gauge-560-264,INDOFLOODS-gauge-560,21.0_76.0,21.0,76.0,MAPPED,2018-08-17,2018-08-19,Flood
INDOFLOODS-gauge-560-265,INDOFLOODS-gauge-560,21.0_76.0,21.0,76.0,MAPPED,2018-08-21,2018-08-31,Flood
INDOFLOODS-gauge-560-266,INDOFLOODS-gauge-560,21.0_76.0,21.0,76.0,MAPPED,2018-09-23,2018-09-24,Flood
INDOFLOODS-gauge-560-267,INDOFLOODS-gauge-560,21.0_76.0,21.0,76.0,MAPPED,2019-07-28,2019-08-04,Severe Flood
INDOFLOODS-gauge-560-268,INDOFLOODS-gauge-560,21.0_76.0,21.0,76.0,MAPPED,2019-08-06,2019-08-20,Severe Flood
INDOFLOODS-gauge-560-27,INDOFLOODS-gauge-560,21.0_76.0,21.0,76.0,MAPPED,1977-08-26,1977-09-06,Severe Flood
INDOFLOODS-gauge-560-28,INDOFLOODS-gauge-560,21.0_76.0,21.0,76.0,MAPPED,1977-09-14,1977-09-17,Severe Flood
INDOFLOODS-gauge-560-29,INDOFLOODS-gauge-560,21.0_76.0,21.0,76.0,MAPPED,1977-11-25,1977-11-25,Flood
INDOFLOODS-gauge-560-3,INDOFLOODS-gauge-560,21.0_76.0,21.0,76.0,MAPPED,1973-08-08,1973-08-10,Flood
INDOFLOODS-gauge-560-30,INDOFLOODS-gauge-560,21.0_76.0,21.0,76.0,MAPPED,1978-07-06,1978-07-08,Flood
INDOFLOODS-gauge-560-31,INDOFLOODS-gauge-560,21.0_76.0,21.0,76.0,MAPPED,1978-07-14,1978-07-15,Flood
INDOFLOODS-gauge-560-32,INDOFLOODS-gauge-560,21.0_76.0,21.0,76.0,MAPPED,1978-07-25,1978-07-27,Flood
INDOFLOODS-gauge-560-33,INDOFLOODS-gauge-560,21.0_76.0,21.0,76.0,MAPPED,1978-08-17,1978-08-19,Flood
INDOFLOODS-gauge-560-34,INDOFLOODS-gauge-560,21.0_76.0,21.0,76.0,MAPPED,1978-08-21,1978-08-21,Flood
INDOFLOODS-gauge-560-35,INDOFLOODS-gauge-560,21.0_76.0,21.0,76.0,MAPPED,1978-08-25,1978-09-05,Severe Flood
INDOFLOODS-gauge-560-36,INDOFLOODS-gauge-560,21.0_76.0,21.0,76.0,MAPPED,1979-06-26,1979-06-27,Flood
INDOFLOODS-gauge-560-37,INDOFLOODS-gauge-560,21.0_76.0,21.0,76.0,MAPPED,1979-07-10,1979-07-10,Flood
INDOFLOODS-gauge-560-38,INDOFLOODS-gauge-560,21.0_76.0,21.0,76.0,MAPPED,1979-08-03,1979-08-15,Severe Flood
INDOFLOODS-gauge-560-39,INDOFLOODS-gauge-560,21.0_76.0,21.0,76.0,MAPPED,1980-06-22,1980-06-22,Flood
INDOFLOODS-gauge-560-4,INDOFLOODS-gauge-560,21.0_76.0,21.0,76.0,MAPPED,1973-08-22,1973-09-09,Severe Flood
INDOFLOODS-gauge-560-40,INDOFLOODS-gauge-560,21.0_76.0,21.0,76.0,MAPPED,1980-06-26,1980-06-26,Flood
INDOFLOODS-gauge-560-41,INDOFLOODS-gauge-560,21.0_76.0,21.0,76.0,MAPPED,1980-06-28,1980-06-28,Flood
INDOFLOODS-gauge-560-42,INDOFLOODS-gauge-560,21.0_76.0,21.0,76.0,MAPPED,1980-06-30,1980-06-30,Flood
INDOFLOODS-gauge-560-43,INDOFLOODS-gauge-560,21.0_76.0,21.0,76.0,MAPPED,1980-07-03,1980-07-03,Flood
INDOFLOODS-gauge-560-44,INDOFLOODS-gauge-560,21.0_76.0,21.0,76.0,MAPPED,1980-07-26,1980-07-27,Flood
INDOFLOODS-gauge-560-45,INDOFLOODS-gauge-560,21.0_76.0,21.0,76.0,MAPPED,1980-07-31,1980-08-10,Severe Flood
INDOFLOODS-gauge-560-46,INDOFLOODS-gauge-560,21.0_76.0,21.0,76.0,MAPPED,1980-09-04,1980-09-04,Flood
INDOFLOODS-gauge-560-47,INDOFLOODS-gauge-560,21.0_76.0,21.0,76.0,MAPPED,1981-07-09,1981-07-09,Flood
INDOFLOODS-gauge-560-48,INDOFLOODS-gauge-560,21.0_76.0,21.0,76.0,MAPPED,1981-07-14,1981-07-14,Flood
INDOFLOODS-gauge-560-49,INDOFLOODS-gauge-560,21.0_76.0,21.0,76.0,MAPPED,1981-08-06,1981-08-08,Flood
INDOFLOODS-gauge-560-5,INDOFLOODS-gauge-560,21.0_76.0,21.0,76.0,MAPPED,1973-09-22,1973-09-22,Flood
INDOFLOODS-gauge-560-50,INDOFLOODS-gauge-560,21.0_76.0,21.0,76.0,MAPPED,1981-08-10,1981-08-14,Severe Flood
INDOFLOODS-gauge-560-51,INDOFLOODS-gauge-560,21.0_76.0,21.0,76.0,MAPPED,1981-08-16,1981-08-19,Severe Flood
INDOFLOODS-gauge-560-52,INDOFLOODS-gauge-560,21.0_76.0,21.0,76.0,MAPPED,1981-09-23,1981-09-23,Flood
INDOFLOODS-gauge-560-53,INDOFLOODS-gauge-560,21.0_76.0,21.0,76.0,MAPPED,1981-09-28,1981-09-28,Flood
INDOFLOODS-gauge-560-54,INDOFLOODS-gauge-560,21.0_76.0,21.0,76.0,MAPPED,1982-08-18,1982-08-18,Flood
INDOFLOODS-gauge-560-55,INDOFLOODS-gauge-560,21.0_76.0,21.0,76.0,MAPPED,1982-08-22,1982-08-24,Flood
INDOFLOODS-gauge-560-56,INDOFLOODS-gauge-560,21.0_76.0,21.0,76.0,MAPPED,1982-09-12,1982-09-12,Flood
INDOFLOODS-gauge-560-57,INDOFLOODS-gauge-560,21.0_76.0,21.0,76.0,MAPPED,1983-06-26,1983-06-26,Flood
INDOFLOODS-gauge-560-58,INDOFLOODS-gauge-560,21.0_76.0,21.0,76.0,MAPPED,1983-08-08,1983-08-08,Flood
INDOFLOODS-gauge-560-59,INDOFLOODS-gauge-560,21.0_76.0,21.0,76.0,MAPPED,1983-08-12,1983-08-19,Flood
INDOFLOODS-gauge-560-6,INDOFLOODS-gauge-560,21.0_76.0,21.0,76.0,MAPPED,1973-09-26,1973-09-26,Flood
INDOFLOODS-gauge-560-60,INDOFLOODS-gauge-560,21.0_76.0,21.0,76.0,MAPPED,1983-08-21,1983-08-21,Flood
INDOFLOODS-gauge-560-61,INDOFLOODS-gauge-560,21.0_76.0,21.0,76.0,MAPPED,1983-08-30,1983-09-12,Severe Flood
INDOFLOODS-gauge-560-62,INDOFLOODS-gauge-560,21.0_76.0,21.0,76.0,MAPPED,1983-09-14,1983-09-15,Flood
INDOFLOODS-gauge-560-63,INDOFLOODS-gauge-560,21.0_76.0,21.0,76.0,MAPPED,1983-09-25,1983-09-26,Flood
INDOFLOODS-gauge-560-64,INDOFLOODS-gauge-560,21.0_76.0,21.0,76.0,MAPPED,1983-10-07,1983-10-07,Flood
INDOFLOODS-gauge-560-65,INDOFLOODS-gauge-560,21.0_76.0,21.0,76.0,MAPPED,1984-08-03,1984-08-04,Flood
INDOFLOODS-gauge-560-66,INDOFLOODS-gauge-560,21.0_76.0,21.0,76.0,MAPPED,1984-08-11,1984-08-13,Severe Flood
INDOFLOODS-gauge-560-67,INDOFLOODS-gauge-560,21.0_76.0,21.0,76.0,MAPPED,1984-08-17,1984-08-23,Severe Flood
INDOFLOODS-gauge-560-68,INDOFLOODS-gauge-560,21.0_76.0,21.0,76.0,MAPPED,1985-07-31,1985-07-31,Flood
INDOFLOODS-gauge-560-69,INDOFLOODS-gauge-560,21.0_76.0,21.0,76.0,MAPPED,1985-08-02,1985-08-02,Flood
INDOFLOODS-gauge-560-7,INDOFLOODS-gauge-560,21.0_76.0,21.0,76.0,MAPPED,1974-08-12,1974-08-15,Flood
INDOFLOODS-gauge-560-70,INDOFLOODS-gauge-560,21.0_76.0,21.0,76.0,MAPPED,1985-08-09,1985-08-10,Flood
INDOFLOODS-gauge-560-71,INDOFLOODS-gauge-560,21.0_76.0,21.0,76.0,MAPPED,1985-08-13,1985-08-15,Flood
INDOFLOODS-gauge-560-72,INDOFLOODS-gauge-560,21.0_76.0,21.0,76.0,MAPPED,1985-09-23,1985-09-23,Flood
INDOFLOODS-gauge-560-73,INDOFLOODS-gauge-560,21.0_76.0,21.0,76.0,MAPPED,1986-06-25,1986-06-25,Flood
INDOFLOODS-gauge-560-74,INDOFLOODS-gauge-560,21.0_76.0,21.0,76.0,MAPPED,1986-07-17,1986-07-20,Flood
INDOFLOODS-gauge-560-75,INDOFLOODS-gauge-560,21.0_76.0,21.0,76.0,MAPPED,1986-07-23,1986-07-26,Severe Flood
INDOFLOODS-gauge-560-76,INDOFLOODS-gauge-560,21.0_76.0,21.0,76.0,MAPPED,1986-08-06,1986-08-09,Flood
INDOFLOODS-gauge-560-77,INDOFLOODS-gauge-560,21.0_76.0,21.0,76.0,MAPPED,1986-08-11,1986-08-11,Flood
INDOFLOODS-gauge-560-78,INDOFLOODS-gauge-560,21.0_76.0,21.0,76.0,MAPPED,1986-08-13,1986-08-19,Severe Flood
INDOFLOODS-gauge-560-79,INDOFLOODS-gauge-560,21.0_76.0,21.0,76.0,MAPPED,1987-06-18,1987-06-18,Flood
INDOFLOODS-gauge-560-8,INDOFLOODS-gauge-560,21.0_76.0,21.0,76.0,MAPPED,1974-08-19,1974-08-21,Flood
INDOFLOODS-gauge-560-80,INDOFLOODS-gauge-560,21.0_76.0,21.0,76.0,MAPPED,1987-07-08,1987-07-08,Flood
INDOFLOODS-gauge-560-81,INDOFLOODS-gauge-560,21.0_76.0,21.0,76.0,MAPPED,1987-08-21,1987-08-21,Flood
INDOFLOODS-gauge-560-82,INDOFLOODS-gauge-560,21.0_76.0,21.0,76.0,MAPPED,1987-08-28,1987-08-28,Flood
INDOFLOODS-gauge-560-83,INDOFLOODS-gauge-560,21.0_76.0,21.0,76.0,MAPPED,1988-06-23,1988-06-23,Flood
INDOFLOODS-gauge-560-84,INDOFLOODS-gauge-560,21.0_76.0,21.0,76.0,MAPPED,1988-07-11,1988-07-11,Flood
INDOFLOODS-gauge-560-85,INDOFLOODS-gauge-560,21.0_76.0,21.0,76.0,MAPPED,1988-07-13,1988-07-15,Flood
INDOFLOODS-gauge-560-86,INDOFLOODS-gauge-560,21.0_76.0,21.0,76.0,MAPPED,1988-07-19,1988-07-20,Severe Flood
INDOFLOODS-gauge-560-87,INDOFLOODS-gauge-560,21.0_76.0,21.0,76.0,MAPPED,1988-07-22,1988-07-23,Severe Flood
INDOFLOODS-gauge-560-88,INDOFLOODS-gauge-560,21.0_76.0,21.0,76.0,MAPPED,1988-07-27,1988-07-28,Flood
INDOFLOODS-gauge-560-89,INDOFLOODS-gauge-560,21.0_76.0,21.0,76.0,MAPPED,1988-08-01,1988-08-01,Flood
INDOFLOODS-gauge-560-9,INDOFLOODS-gauge-560,21.0_76.0,21.0,76.0,MAPPED,1975-07-05,1975-07-05,Flood
INDOFLOODS-gauge-560-90,INDOFLOODS-gauge-560,21.0_76.0,21.0,76.0,MAPPED,1988-08-03,1988-08-03,Flood
INDOFLOODS-gauge-560-91,INDOFLOODS-gauge-560,21.0_76.0,21.0,76.0,MAPPED,1988-08-05,1988-08-06,Flood
INDOFLOODS-gauge-560-92,INDOFLOODS-gauge-560,21.0_76.0,21.0,76.0,MAPPED,1988-08-20,1988-08-25,Flood
INDOFLOODS-gauge-560-93,INDOFLOODS-gauge-560,21.0_76.0,21.0,76.0,MAPPED,1988-09-21,1988-09-21,Flood
INDOFLOODS-gauge-560-94,INDOFLOODS-gauge-560,21.0_76.0,21.0,76.0,MAPPED,1988-10-03,1988-10-04,Severe Flood
INDOFLOODS-gauge-560-95,INDOFLOODS-gauge-560,21.0_76.0,21.0,76.0,MAPPED,1989-06-30,1989-06-30,Flood
INDOFLOODS-gauge-560-96,INDOFLOODS-gauge-560,21.0_76.0,21.0,76.0,MAPPED,1989-08-09,1989-08-09,Flood
INDOFLOODS-gauge-560-97,INDOFLOODS-gauge-560,21.0_76.0,21.0,76.0,MAPPED,1989-08-12,1989-08-15,Flood
INDOFLOODS-gauge-560-98,INDOFLOODS-gauge-560,21.0_76.0,21.0,76.0,MAPPED,1989-08-19,1989-08-28,Severe Flood
INDOFLOODS-gauge-560-99,INDOFLOODS-gauge-560,21.0_76.0,21.0,76.0,MAPPED,1989-08-30,1989-09-03,Flood
INDOFLOODS-gauge-562-1,INDOFLOODS-gauge-562,20.0_76.0,20.0,76.0,MAPPED,1978-06-18,1978-06-18,Flood
INDOFLOODS-gauge-562-10,INDOFLOODS-gauge-562,20.0_76.0,20.0,76.0,MAPPED,1981-08-10,1981-08-10,Flood
INDOFLOODS-gauge-562-11,INDOFLOODS-gauge-562,20.0_76.0,20.0,76.0,MAPPED,1981-09-28,1981-09-29,Flood
INDOFLOODS-gauge-562-12,INDOFLOODS-gauge-562,20.0_76.0,20.0,76.0,MAPPED,1983-08-12,1983-08-12,Flood
INDOFLOODS-gauge-562-13,INDOFLOODS-gauge-562,20.0_76.0,20.0,76.0,MAPPED,1984-08-19,1984-08-19,Flood
INDOFLOODS-gauge-562-14,INDOFLOODS-gauge-562,20.0_76.0,20.0,76.0,MAPPED,1986-08-15,1986-08-15,Flood
INDOFLOODS-gauge-562-15,INDOFLOODS-gauge-562,20.0_76.0,20.0,76.0,MAPPED,1988-07-19,1988-07-20,Flood
INDOFLOODS-gauge-562-16,INDOFLOODS-gauge-562,20.0_76.0,20.0,76.0,MAPPED,1988-07-22,1988-07-23,Flood
INDOFLOODS-gauge-562-17,INDOFLOODS-gauge-562,20.0_76.0,20.0,76.0,MAPPED,1988-08-21,1988-08-23,Flood
INDOFLOODS-gauge-562-18,INDOFLOODS-gauge-562,20.0_76.0,20.0,76.0,MAPPED,1988-10-01,1988-10-01,Flood
INDOFLOODS-gauge-562-19,INDOFLOODS-gauge-562,20.0_76.0,20.0,76.0,MAPPED,1988-10-03,1988-10-04,Flood
INDOFLOODS-gauge-562-2,INDOFLOODS-gauge-562,20.0_76.0,20.0,76.0,MAPPED,1978-07-26,1978-07-26,Flood
INDOFLOODS-gauge-562-20,INDOFLOODS-gauge-562,20.0_76.0,20.0,76.0,MAPPED,1990-07-25,1990-07-25,Flood
INDOFLOODS-gauge-562-21,INDOFLOODS-gauge-562,20.0_76.0,20.0,76.0,MAPPED,1990-08-09,1990-08-09,Flood
INDOFLOODS-gauge-562-22,INDOFLOODS-gauge-562,20.0_76.0,20.0,76.0,MAPPED,1990-08-17,1990-08-18,Flood
INDOFLOODS-gauge-562-23,INDOFLOODS-gauge-562,20.0_76.0,20.0,76.0,MAPPED,1991-07-31,1991-07-31,Flood
INDOFLOODS-gauge-562-24,INDOFLOODS-gauge-562,20.0_76.0,20.0,76.0,MAPPED,1992-08-22,1992-08-22,Flood
INDOFLOODS-gauge-562-25,INDOFLOODS-gauge-562,20.0_76.0,20.0,76.0,MAPPED,1994-09-01,1994-09-02,Flood
INDOFLOODS-gauge-562-26,INDOFLOODS-gauge-562,20.0_76.0,20.0,76.0,MAPPED,1994-09-06,1994-09-08,Flood
INDOFLOODS-gauge-562-27,INDOFLOODS-gauge-562,20.0_76.0,20.0,76.0,MAPPED,1995-07-25,1995-07-25,Flood
INDOFLOODS-gauge-562-28,INDOFLOODS-gauge-562,20.0_76.0,20.0,76.0,MAPPED,1997-11-30,1997-12-01,Flood
INDOFLOODS-gauge-562-29,INDOFLOODS-gauge-562,20.0_76.0,20.0,76.0,MAPPED,1998-09-15,1998-09-17,Flood
INDOFLOODS-gauge-562-3,INDOFLOODS-gauge-562,20.0_76.0,20.0,76.0,MAPPED,1978-08-26,1978-08-27,Flood
INDOFLOODS-gauge-562-30,INDOFLOODS-gauge-562,20.0_76.0,20.0,76.0,MAPPED,1999-08-10,1999-08-11,Flood
INDOFLOODS-gauge-562-31,INDOFLOODS-gauge-562,20.0_76.0,20.0,76.0,MAPPED,2000-07-20,2000-07-20,Flood
INDOFLOODS-gauge-562-32,INDOFLOODS-gauge-562,20.0_76.0,20.0,76.0,MAPPED,2002-06-26,2002-06-26,Flood
INDOFLOODS-gauge-562-33,INDOFLOODS-gauge-562,20.0_76.0,20.0,76.0,MAPPED,2002-08-26,2002-08-26,Flood
INDOFLOODS-gauge-562-34,INDOFLOODS-gauge-562,20.0_76.0,20.0,76.0,MAPPED,2002-09-03,2002-09-04,Flood
INDOFLOODS-gauge-562-35,INDOFLOODS-gauge-562,20.0_76.0,20.0,76.0,MAPPED,2005-08-02,2005-08-02,Flood
INDOFLOODS-gauge-562-36,INDOFLOODS-gauge-562,20.0_76.0,20.0,76.0,MAPPED,2006-08-06,2006-08-08,Flood
INDOFLOODS-gauge-562-37,INDOFLOODS-gauge-562,20.0_76.0,20.0,76.0,MAPPED,2006-10-01,2006-10-02,Flood
INDOFLOODS-gauge-562-38,INDOFLOODS-gauge-562,20.0_76.0,20.0,76.0,MAPPED,2007-07-01,2007-07-02,Flood
INDOFLOODS-gauge-562-39,INDOFLOODS-gauge-562,20.0_76.0,20.0,76.0,MAPPED,2007-07-08,2007-07-09,Flood
INDOFLOODS-gauge-562-4,INDOFLOODS-gauge-562,20.0_76.0,20.0,76.0,MAPPED,1978-08-29,1978-08-31,Flood
INDOFLOODS-gauge-562-40,INDOFLOODS-gauge-562,20.0_76.0,20.0,76.0,MAPPED,2007-08-08,2007-08-09,Flood
INDOFLOODS-gauge-562-41,INDOFLOODS-gauge-562,20.0_76.0,20.0,76.0,MAPPED,2010-08-01,2010-08-01,Flood
INDOFLOODS-gauge-562-42,INDOFLOODS-gauge-562,20.0_76.0,20.0,76.0,MAPPED,2012-09-06,2012-09-07,Flood
INDOFLOODS-gauge-562-43,INDOFLOODS-gauge-562,20.0_76.0,20.0,76.0,MAPPED,2013-08-02,2013-08-03,Flood
INDOFLOODS-gauge-562-44,INDOFLOODS-gauge-562,20.0_76.0,20.0,76.0,MAPPED,2013-09-22,2013-09-22,Flood
INDOFLOODS-gauge-562-45,INDOFLOODS-gauge-562,20.0_76.0,20.0,76.0,MAPPED,2013-10-05,2013-10-05,Flood
INDOFLOODS-gauge-562-46,INDOFLOODS-gauge-562,20.0_76.0,20.0,76.0,MAPPED,2014-07-24,2014-07-24,Flood
INDOFLOODS-gauge-562-47,INDOFLOODS-gauge-562,20.0_76.0,20.0,76.0,MAPPED,2014-09-08,2014-09-08,Flood
INDOFLOODS-gauge-562-5,INDOFLOODS-gauge-562,20.0_76.0,20.0,76.0,MAPPED,1979-07-10,1979-07-10,Flood
INDOFLOODS-gauge-562-6,INDOFLOODS-gauge-562,20.0_76.0,20.0,76.0,MAPPED,1979-08-03,1979-08-03,Flood
INDOFLOODS-gauge-562-7,INDOFLOODS-gauge-562,20.0_76.0,20.0,76.0,MAPPED,1979-08-05,1979-08-05,Flood
INDOFLOODS-gauge-562-8,INDOFLOODS-gauge-562,20.0_76.0,20.0,76.0,MAPPED,1979-08-10,1979-08-11,Flood
INDOFLOODS-gauge-562-9,INDOFLOODS-gauge-562,20.0_76.0,20.0,76.0,MAPPED,1981-08-06,1981-08-06,Flood
INDOFLOODS-gauge-571-1,INDOFLOODS-gauge-571,20.0_79.0,20.0,79.0,MAPPED,1965-08-26,1965-08-27,Flood
INDOFLOODS-gauge-571-10,INDOFLOODS-gauge-571,20.0_79.0,20.0,79.0,MAPPED,1967-07-02,1967-07-05,Severe Flood
INDOFLOODS-gauge-571-100,INDOFLOODS-gauge-571,20.0_79.0,20.0,79.0,MAPPED,1980-09-21,1980-09-21,Flood
INDOFLOODS-gauge-571-101,INDOFLOODS-gauge-571,20.0_79.0,20.0,79.0,MAPPED,1981-06-25,1981-06-26,Flood
INDOFLOODS-gauge-571-102,INDOFLOODS-gauge-571,20.0_79.0,20.0,79.0,MAPPED,1981-07-09,1981-07-11,Severe Flood
INDOFLOODS-gauge-571-103,INDOFLOODS-gauge-571,20.0_79.0,20.0,79.0,MAPPED,1981-07-14,1981-07-16,Severe Flood
INDOFLOODS-gauge-571-104,INDOFLOODS-gauge-571,20.0_79.0,20.0,79.0,MAPPED,1981-07-25,1981-08-15,Severe Flood
INDOFLOODS-gauge-571-105,INDOFLOODS-gauge-571,20.0_79.0,20.0,79.0,MAPPED,1981-08-17,1981-08-19,Severe Flood
INDOFLOODS-gauge-571-106,INDOFLOODS-gauge-571,20.0_79.0,20.0,79.0,MAPPED,1981-08-24,1981-08-25,Severe Flood
INDOFLOODS-gauge-571-107,INDOFLOODS-gauge-571,20.0_79.0,20.0,79.0,MAPPED,1981-09-05,1981-09-06,Flood
INDOFLOODS-gauge-571-108,INDOFLOODS-gauge-571,20.0_79.0,20.0,79.0,MAPPED,1981-09-22,1981-10-03,Severe Flood
INDOFLOODS-gauge-571-109,INDOFLOODS-gauge-571,20.0_79.0,20.0,79.0,MAPPED,1982-07-13,1982-07-13,Flood
INDOFLOODS-gauge-571-11,INDOFLOODS-gauge-571,20.0_79.0,20.0,79.0,MAPPED,1967-07-18,1967-07-19,Flood
INDOFLOODS-gauge-571-110,INDOFLOODS-gauge-571,20.0_79.0,20.0,79.0,MAPPED,1982-08-09,1982-08-11,Severe Flood
INDOFLOODS-gauge-571-111,INDOFLOODS-gauge-571,20.0_79.0,20.0,79.0,MAPPED,1982-08-14,1982-08-28,Severe Flood
INDOFLOODS-gauge-571-112,INDOFLOODS-gauge-571,20.0_79.0,20.0,79.0,MAPPED,1982-09-12,1982-09-14,Flood
INDOFLOODS-gauge-571-113,INDOFLOODS-gauge-571,20.0_79.0,20.0,79.0,MAPPED,1983-07-03,1983-07-03,Flood
INDOFLOODS-gauge-571-114,INDOFLOODS-gauge-571,20.0_79.0,20.0,79.0,MAPPED,1983-07-21,1983-07-21,Flood
INDOFLOODS-gauge-571-115,INDOFLOODS-gauge-571,20.0_79.0,20.0,79.0,MAPPED,1983-08-02,1983-08-24,Severe Flood
INDOFLOODS-gauge-571-116,INDOFLOODS-gauge-571,20.0_79.0,20.0,79.0,MAPPED,1983-08-30,1983-09-22,Severe Flood
INDOFLOODS-gauge-571-117,INDOFLOODS-gauge-571,20.0_79.0,20.0,79.0,MAPPED,1983-09-28,1983-10-05,Severe Flood
INDOFLOODS-gauge-571-118,INDOFLOODS-gauge-571,20.0_79.0,20.0,79.0,MAPPED,1984-07-07,1984-07-07,Flood
INDOFLOODS-gauge-571-119,INDOFLOODS-gauge-571,20.0_79.0,20.0,79.0,MAPPED,1984-07-19,1984-07-19,Flood
INDOFLOODS-gauge-571-12,INDOFLOODS-gauge-571,20.0_79.0,20.0,79.0,MAPPED,1967-07-21,1967-07-21,Flood
INDOFLOODS-gauge-571-120,INDOFLOODS-gauge-571,20.0_79.0,20.0,79.0,MAPPED,1984-08-03,1984-08-08,Severe Flood
INDOFLOODS-gauge-571-121,INDOFLOODS-gauge-571,20.0_79.0,20.0,79.0,MAPPED,1984-08-10,1984-08-28,Severe Flood
INDOFLOODS-gauge-571-122,INDOFLOODS-gauge-571,20.0_79.0,20.0,79.0,MAPPED,1985-07-16,1985-07-20,Severe Flood
INDOFLOODS-gauge-571-123,INDOFLOODS-gauge-571,20.0_79.0,20.0,79.0,MAPPED,1985-07-23,1985-07-23,Flood
INDOFLOODS-gauge-571-124,INDOFLOODS-gauge-571,20.0_79.0,20.0,79.0,MAPPED,1985-07-27,1985-07-29,Flood
INDOFLOODS-gauge-571-125,INDOFLOODS-gauge-571,20.0_79.0,20.0,79.0,MAPPED,1985-08-04,1985-08-05,Severe Flood
INDOFLOODS-gauge-571-126,INDOFLOODS-gauge-571,20.0_79.0,20.0,79.0,MAPPED,1985-08-10,1985-08-22,Severe Flood
INDOFLOODS-gauge-571-127,INDOFLOODS-gauge-571,20.0_79.0,20.0,79.0,MAPPED,1985-10-13,1985-10-14,Severe Flood
INDOFLOODS-gauge-571-128,INDOFLOODS-gauge-571,20.0_79.0,20.0,79.0,MAPPED,1986-06-22,1986-06-23,Severe Flood
INDOFLOODS-gauge-571-129,INDOFLOODS-gauge-571,20.0_79.0,20.0,79.0,MAPPED,1986-06-25,1986-06-30,Severe Flood
INDOFLOODS-gauge-571-13,INDOFLOODS-gauge-571,20.0_79.0,20.0,79.0,MAPPED,1967-07-24,1967-08-09,Severe Flood
INDOFLOODS-gauge-571-130,INDOFLOODS-gauge-571,20.0_79.0,20.0,79.0,MAPPED,1986-07-10,1986-07-10,Flood
INDOFLOODS-gauge-571-131,INDOFLOODS-gauge-571,20.0_79.0,20.0,79.0,MAPPED,1986-07-15,1986-07-31,Severe Flood
INDOFLOODS-gauge-571-132,INDOFLOODS-gauge-571,20.0_79.0,20.0,79.0,MAPPED,1986-08-06,1986-08-24,Severe Flood
INDOFLOODS-gauge-571-133,INDOFLOODS-gauge-571,20.0_79.0,20.0,79.0,MAPPED,1987-07-29,1987-07-29,Flood
INDOFLOODS-gauge-571-134,INDOFLOODS-gauge-571,20.0_79.0,20.0,79.0,MAPPED,1987-08-29,1987-08-31,Flood
INDOFLOODS-gauge-571-135,INDOFLOODS-gauge-571,20.0_79.0,20.0,79.0,MAPPED,1988-06-27,1988-06-27,Flood
INDOFLOODS-gauge-571-136,INDOFLOODS-gauge-571,20.0_79.0,20.0,79.0,MAPPED,1988-07-10,1988-07-16,Severe Flood
INDOFLOODS-gauge-571-137,INDOFLOODS-gauge-571,20.0_79.0,20.0,79.0,MAPPED,1988-07-22,1988-07-24,Flood
INDOFLOODS-gauge-571-138,INDOFLOODS-gauge-571,20.0_79.0,20.0,79.0,MAPPED,1988-07-26,1988-08-07,Severe Flood
INDOFLOODS-gauge-571-139,INDOFLOODS-gauge-571,20.0_79.0,20.0,79.0,MAPPED,1988-08-19,1988-08-31,Severe Flood
INDOFLOODS-gauge-571-14,INDOFLOODS-gauge-571,20.0_79.0,20.0,79.0,MAPPED,1967-08-13,1967-09-08,Severe Flood
INDOFLOODS-gauge-571-140,INDOFLOODS-gauge-571,20.0_79.0,20.0,79.0,MAPPED,1988-09-07,1988-09-13,Flood
INDOFLOODS-gauge-571-141,INDOFLOODS-gauge-571,20.0_79.0,20.0,79.0,MAPPED,1988-09-24,1988-09-25,Flood
INDOFLOODS-gauge-571-142,INDOFLOODS-gauge-571,20.0_79.0,20.0,79.0,MAPPED,1988-09-30,1988-10-04,Flood
INDOFLOODS-gauge-571-143,INDOFLOODS-gauge-571,20.0_79.0,20.0,79.0,MAPPED,1989-08-16,1989-08-16,Flood
INDOFLOODS-gauge-571-144,INDOFLOODS-gauge-571,20.0_79.0,20.0,79.0,MAPPED,1989-08-24,1989-08-29,Severe Flood
INDOFLOODS-gauge-571-145,INDOFLOODS-gauge-571,20.0_79.0,20.0,79.0,MAPPED,1989-09-01,1989-09-04,Flood
INDOFLOODS-gauge-571-146,INDOFLOODS-gauge-571,20.0_79.0,20.0,79.0,MAPPED,1990-06-29,1990-06-29,Severe Flood
INDOFLOODS-gauge-571-147,INDOFLOODS-gauge-571,20.0_79.0,20.0,79.0,MAPPED,1990-07-04,1990-07-04,Flood
INDOFLOODS-gauge-571-148,INDOFLOODS-gauge-571,20.0_79.0,20.0,79.0,MAPPED,1990-07-17,1990-07-28,Severe Flood
INDOFLOODS-gauge-571-149,INDOFLOODS-gauge-571,20.0_79.0,20.0,79.0,MAPPED,1990-08-11,1990-08-11,Flood
INDOFLOODS-gauge-571-15,INDOFLOODS-gauge-571,20.0_79.0,20.0,79.0,MAPPED,1967-09-16,1967-09-21,Flood
INDOFLOODS-gauge-571-150,INDOFLOODS-gauge-571,20.0_79.0,20.0,79.0,MAPPED,1990-08-15,1990-08-26,Severe Flood
INDOFLOODS-gauge-571-151,INDOFLOODS-gauge-571,20.0_79.0,20.0,79.0,MAPPED,1990-08-31,1990-09-13,Severe Flood
INDOFLOODS-gauge-571-152,INDOFLOODS-gauge-571,20.0_79.0,20.0,79.0,MAPPED,1990-09-16,1990-09-18,Flood
INDOFLOODS-gauge-571-153,INDOFLOODS-gauge-571,20.0_79.0,20.0,79.0,MAPPED,1990-09-22,1990-09-24,Flood
INDOFLOODS-gauge-571-154,INDOFLOODS-gauge-571,20.0_79.0,20.0,79.0,MAPPED,1990-09-26,1990-09-26,Flood
INDOFLOODS-gauge-571-155,INDOFLOODS-gauge-571,20.0_79.0,20.0,79.0,MAPPED,1990-09-30,1990-10-05,Severe Flood
INDOFLOODS-gauge-571-156,INDOFLOODS-gauge-571,20.0_79.0,20.0,79.0,MAPPED,1990-10-08,1990-10-08,Flood
INDOFLOODS-gauge-571-157,INDOFLOODS-gauge-571,20.0_79.0,20.0,79.0,MAPPED,1990-10-12,1990-10-14,Severe Flood
INDOFLOODS-gauge-571-158,INDOFLOODS-gauge-571,20.0_79.0,20.0,79.0,MAPPED,1991-07-18,1991-07-20,Severe Flood
INDOFLOODS-gauge-571-159,INDOFLOODS-gauge-571,20.0_79.0,20.0,79.0,MAPPED,1991-07-31,1991-08-02,Severe Flood
INDOFLOODS-gauge-571-16,INDOFLOODS-gauge-571,20.0_79.0,20.0,79.0,MAPPED,1968-07-19,1968-07-21,Severe Flood
INDOFLOODS-gauge-571-160,INDOFLOODS-gauge-571,20.0_79.0,20.0,79.0,MAPPED,1991-08-06,1991-08-10,Severe Flood
INDOFLOODS-gauge-571-161,INDOFLOODS-gauge-571,20.0_79.0,20.0,79.0,MAPPED,1991-08-16,1991-08-28,Severe Flood
INDOFLOODS-gauge-571-162,INDOFLOODS-gauge-571,20.0_79.0,20.0,79.0,MAPPED,1992-07-30,1992-07-31,Severe Flood
INDOFLOODS-gauge-571-163,INDOFLOODS-gauge-571,20.0_79.0,20.0,79.0,MAPPED,1992-08-08,1992-08-13,Flood
INDOFLOODS-gauge-571-164,INDOFLOODS-gauge-571,20.0_79.0,20.0,79.0,MAPPED,1992-08-15,1992-08-30,Severe Flood
INDOFLOODS-gauge-571-165,INDOFLOODS-gauge-571,20.0_79.0,20.0,79.0,MAPPED,1992-09-07,1992-09-13,Severe Flood
INDOFLOODS-gauge-571-166,INDOFLOODS-gauge-571,20.0_79.0,20.0,79.0,MAPPED,1993-07-10,1993-07-10,Flood
INDOFLOODS-gauge-571-167,INDOFLOODS-gauge-571,20.0_79.0,20.0,79.0,MAPPED,1993-07-15,1993-07-19,Severe Flood
INDOFLOODS-gauge-571-168,INDOFLOODS-gauge-571,20.0_79.0,20.0,79.0,MAPPED,1993-07-28,1993-08-08,Severe Flood
INDOFLOODS-gauge-571-169,INDOFLOODS-gauge-571,20.0_79.0,20.0,79.0,MAPPED,1993-08-17,1993-08-23,Severe Flood
INDOFLOODS-gauge-571-17,INDOFLOODS-gauge-571,20.0_79.0,20.0,79.0,MAPPED,1968-07-24,1968-07-27,Severe Flood
INDOFLOODS-gauge-571-170,INDOFLOODS-gauge-571,20.0_79.0,20.0,79.0,MAPPED,1993-09-01,1993-09-05,Flood
INDOFLOODS-gauge-571-171,INDOFLOODS-gauge-571,20.0_79.0,20.0,79.0,MAPPED,1993-09-07,1993-09-12,Severe Flood
INDOFLOODS-gauge-571-172,INDOFLOODS-gauge-571,20.0_79.0,20.0,79.0,MAPPED,1993-09-26,1993-10-03,Severe Flood
INDOFLOODS-gauge-571-173,INDOFLOODS-gauge-571,20.0_79.0,20.0,79.0,MAPPED,1993-10-20,1993-10-20,Flood
INDOFLOODS-gauge-571-174,INDOFLOODS-gauge-571,20.0_79.0,20.0,79.0,MAPPED,1994-06-23,1994-06-24,Severe Flood
INDOFLOODS-gauge-571-175,INDOFLOODS-gauge-571,20.0_79.0,20.0,79.0,MAPPED,1994-06-29,1994-06-30,Flood
INDOFLOODS-gauge-571-176,INDOFLOODS-gauge-571,20.0_79.0,20.0,79.0,MAPPED,1994-07-05,1994-07-06,Flood
INDOFLOODS-gauge-571-177,INDOFLOODS-gauge-571,20.0_79.0,20.0,79.0,MAPPED,1994-07-10,1994-08-17,Severe Flood
INDOFLOODS-gauge-571-178,INDOFLOODS-gauge-571,20.0_79.0,20.0,79.0,MAPPED,1994-08-19,1994-09-20,Severe Flood
INDOFLOODS-gauge-571-179,INDOFLOODS-gauge-571,20.0_79.0,20.0,79.0,MAPPED,1994-10-08,1994-10-11,Severe Flood
INDOFLOODS-gauge-571-18,INDOFLOODS-gauge-571,20.0_79.0,20.0,79.0,MAPPED,1968-07-30,1968-08-11,Severe Flood
INDOFLOODS-gauge-571-180,INDOFLOODS-gauge-571,20.0_79.0,20.0,79.0,MAPPED,1995-07-20,1995-07-28,Severe Flood
INDOFLOODS-gauge-571-181,INDOFLOODS-gauge-571,20.0_79.0,20.0,79.0,MAPPED,1995-07-31,1995-08-01,Severe Flood
INDOFLOODS-gauge-571-182,INDOFLOODS-gauge-571,20.0_79.0,20.0,79.0,MAPPED,1995-08-04,1995-08-06,Flood
INDOFLOODS-gauge-571-183,INDOFLOODS-gauge-571,20.0_79.0,20.0,79.0,MAPPED,1995-08-09,1995-08-13,Severe Flood
INDOFLOODS-gauge-571-184,INDOFLOODS-gauge-571,20.0_79.0,20.0,79.0,MAPPED,1995-08-20,1995-08-25,Flood
INDOFLOODS-gauge-571-185,INDOFLOODS-gauge-571,20.0_79.0,20.0,79.0,MAPPED,1995-08-30,1995-09-07,Severe Flood
INDOFLOODS-gauge-571-186,INDOFLOODS-gauge-571,20.0_79.0,20.0,79.0,MAPPED,1995-09-18,1995-09-20,Flood
INDOFLOODS-gauge-571-187,INDOFLOODS-gauge-571,20.0_79.0,20.0,79.0,MAPPED,1996-07-28,1996-07-29,Flood
INDOFLOODS-gauge-571-188,INDOFLOODS-gauge-571,20.0_79.0,20.0,79.0,MAPPED,1996-08-18,1996-08-28,Severe Flood
INDOFLOODS-gauge-571-189,INDOFLOODS-gauge-571,20.0_79.0,20.0,79.0,MAPPED,1996-09-08,1996-09-09,Flood
INDOFLOODS-gauge-571-19,INDOFLOODS-gauge-571,20.0_79.0,20.0,79.0,MAPPED,1968-08-14,1968-08-25,Severe Flood
INDOFLOODS-gauge-571-190,INDOFLOODS-gauge-571,20.0_79.0,20.0,79.0,MAPPED,1996-09-17,1996-09-17,Flood
INDOFLOODS-gauge-571-191,INDOFLOODS-gauge-571,20.0_79.0,20.0,79.0,MAPPED,1997-07-26,1997-07-28,Severe Flood
INDOFLOODS-gauge-571-192,INDOFLOODS-gauge-571,20.0_79.0,20.0,79.0,MAPPED,1997-07-30,1997-08-05,Severe Flood
INDOFLOODS-gauge-571-193,INDOFLOODS-gauge-571,20.0_79.0,20.0,79.0,MAPPED,1997-08-22,1997-09-03,Severe Flood
INDOFLOODS-gauge-571-194,INDOFLOODS-gauge-571,20.0_79.0,20.0,79.0,MAPPED,1997-09-10,1997-09-22,Severe Flood
INDOFLOODS-gauge-571-195,INDOFLOODS-gauge-571,20.0_79.0,20.0,79.0,MAPPED,1997-10-29,1997-10-29,Flood
INDOFLOODS-gauge-571-196,INDOFLOODS-gauge-571,20.0_79.0,20.0,79.0,MAPPED,1997-12-02,1997-12-03,Flood
INDOFLOODS-gauge-571-197,INDOFLOODS-gauge-571,20.0_79.0,20.0,79.0,MAPPED,1997-12-12,1997-12-12,Severe Flood
INDOFLOODS-gauge-571-198,INDOFLOODS-gauge-571,20.0_79.0,20.0,79.0,MAPPED,1998-01-02,1998-01-02,Flood
INDOFLOODS-gauge-571-199,INDOFLOODS-gauge-571,20.0_79.0,20.0,79.0,MAPPED,1998-07-05,1998-07-07,Flood
INDOFLOODS-gauge-571-2,INDOFLOODS-gauge-571,20.0_79.0,20.0,79.0,MAPPED,1965-09-02,1965-09-05,Severe Flood
INDOFLOODS-gauge-571-20,INDOFLOODS-gauge-571,20.0_79.0,20.0,79.0,MAPPED,1968-09-14,1968-09-24,Severe Flood
INDOFLOODS-gauge-571-200,INDOFLOODS-gauge-571,20.0_79.0,20.0,79.0,MAPPED,1998-07-11,1998-07-12,Flood
INDOFLOODS-gauge-571-201,INDOFLOODS-gauge-571,20.0_79.0,20.0,79.0,MAPPED,1998-08-04,1998-08-04,Flood
INDOFLOODS-gauge-571-202,INDOFLOODS-gauge-571,20.0_79.0,20.0,79.0,MAPPED,1998-08-09,1998-08-10,Flood
INDOFLOODS-gauge-571-203,INDOFLOODS-gauge-571,20.0_79.0,20.0,79.0,MAPPED,1998-08-14,1998-08-17,Severe Flood
INDOFLOODS-gauge-571-204,INDOFLOODS-gauge-571,20.0_79.0,20.0,79.0,MAPPED,1998-08-28,1998-08-30,Flood
INDOFLOODS-gauge-571-205,INDOFLOODS-gauge-571,20.0_79.0,20.0,79.0,MAPPED,1998-09-03,1998-09-11,Severe Flood
INDOFLOODS-gauge-571-206,INDOFLOODS-gauge-571,20.0_79.0,20.0,79.0,MAPPED,1998-09-13,1998-09-20,Severe Flood
INDOFLOODS-gauge-571-207,INDOFLOODS-gauge-571,20.0_79.0,20.0,79.0,MAPPED,1998-09-22,1998-09-24,Flood
INDOFLOODS-gauge-571-208,INDOFLOODS-gauge-571,20.0_79.0,20.0,79.0,MAPPED,1998-09-27,1998-09-27,Flood
INDOFLOODS-gauge-571-209,INDOFLOODS-gauge-571,20.0_79.0,20.0,79.0,MAPPED,1998-11-10,1998-11-11,Flood
INDOFLOODS-gauge-571-21,INDOFLOODS-gauge-571,20.0_79.0,20.0,79.0,MAPPED,1969-07-05,1969-07-08,Severe Flood
INDOFLOODS-gauge-571-210,INDOFLOODS-gauge-571,20.0_79.0,20.0,79.0,MAPPED,1999-06-25,1999-06-25,Flood
INDOFLOODS-gauge-571-211,INDOFLOODS-gauge-571,20.0_79.0,20.0,79.0,MAPPED,1999-07-29,1999-08-01,Severe Flood
INDOFLOODS-gauge-571-212,INDOFLOODS-gauge-571,20.0_79.0,20.0,79.0,MAPPED,1999-08-03,1999-08-14,Severe Flood
INDOFLOODS-gauge-571-213,INDOFLOODS-gauge-571,20.0_79.0,20.0,79.0,MAPPED,1999-08-23,1999-08-24,Flood
INDOFLOODS-gauge-571-214,INDOFLOODS-gauge-571,20.0_79.0,20.0,79.0,MAPPED,1999-09-14,1999-10-15,Severe Flood
INDOFLOODS-gauge-571-215,INDOFLOODS-gauge-571,20.0_79.0,20.0,79.0,MAPPED,2000-07-13,2000-07-15,Severe Flood
INDOFLOODS-gauge-571-216,INDOFLOODS-gauge-571,20.0_79.0,20.0,79.0,MAPPED,2000-07-18,2000-07-23,Severe Flood
INDOFLOODS-gauge-571-217,INDOFLOODS-gauge-571,20.0_79.0,20.0,79.0,MAPPED,2000-07-29,2000-07-30,Severe Flood
INDOFLOODS-gauge-571-218,INDOFLOODS-gauge-571,20.0_79.0,20.0,79.0,MAPPED,2000-08-11,2000-08-12,Flood
INDOFLOODS-gauge-571-219,INDOFLOODS-gauge-571,20.0_79.0,20.0,79.0,MAPPED,2000-08-14,2000-08-17,Severe Flood
INDOFLOODS-gauge-571-22,INDOFLOODS-gauge-571,20.0_79.0,20.0,79.0,MAPPED,1969-07-18,1969-07-21,Flood
INDOFLOODS-gauge-571-220,INDOFLOODS-gauge-571,20.0_79.0,20.0,79.0,MAPPED,2000-08-20,2000-08-23,Flood
INDOFLOODS-gauge-571-221,INDOFLOODS-gauge-571,20.0_79.0,20.0,79.0,MAPPED,2000-08-29,2000-09-01,Severe Flood
INDOFLOODS-gauge-571-222,INDOFLOODS-gauge-571,20.0_79.0,20.0,79.0,MAPPED,2001-06-14,2001-06-16,Severe Flood
INDOFLOODS-gauge-571-223,INDOFLOODS-gauge-571,20.0_79.0,20.0,79.0,MAPPED,2001-07-11,2001-07-12,Flood
INDOFLOODS-gauge-571-224,INDOFLOODS-gauge-571,20.0_79.0,20.0,79.0,MAPPED,2001-07-15,2001-07-15,Flood
INDOFLOODS-gauge-571-225,INDOFLOODS-gauge-571,20.0_79.0,20.0,79.0,MAPPED,2001-07-20,2001-07-28,Severe Flood
INDOFLOODS-gauge-571-226,INDOFLOODS-gauge-571,20.0_79.0,20.0,79.0,MAPPED,2001-08-06,2001-08-08,Flood
INDOFLOODS-gauge-571-227,INDOFLOODS-gauge-571,20.0_79.0,20.0,79.0,MAPPED,2001-08-10,2001-08-11,Flood
INDOFLOODS-gauge-571-228,INDOFLOODS-gauge-571,20.0_79.0,20.0,79.0,MAPPED,2001-08-13,2001-08-19,Severe Flood
INDOFLOODS-gauge-571-229,INDOFLOODS-gauge-571,20.0_79.0,20.0,79.0,MAPPED,2001-08-23,2001-08-27,Severe Flood
INDOFLOODS-gauge-571-23,INDOFLOODS-gauge-571,20.0_79.0,20.0,79.0,MAPPED,1969-07-25,1969-08-14,Severe Flood
INDOFLOODS-gauge-571-230,INDOFLOODS-gauge-571,20.0_79.0,20.0,79.0,MAPPED,2001-10-05,2001-10-06,Flood
INDOFLOODS-gauge-571-231,INDOFLOODS-gauge-571,20.0_79.0,20.0,79.0,MAPPED,2002-06-25,2002-06-27,Severe Flood
INDOFLOODS-gauge-571-232,INDOFLOODS-gauge-571,20.0_79.0,20.0,79.0,MAPPED,2002-08-12,2002-08-12,Flood
INDOFLOODS-gauge-571-233,INDOFLOODS-gauge-571,20.0_79.0,20.0,79.0,MAPPED,2002-08-17,2002-08-27,Severe Flood
INDOFLOODS-gauge-571-234,INDOFLOODS-gauge-571,20.0_79.0,20.0,79.0,MAPPED,2002-08-30,2002-08-30,Flood
INDOFLOODS-gauge-571-235,INDOFLOODS-gauge-571,20.0_79.0,20.0,79.0,MAPPED,2002-09-01,2002-09-11,Severe Flood
INDOFLOODS-gauge-571-236,INDOFLOODS-gauge-571,20.0_79.0,20.0,79.0,MAPPED,2003-07-20,2003-07-31,Severe Flood
INDOFLOODS-gauge-571-237,INDOFLOODS-gauge-571,20.0_79.0,20.0,79.0,MAPPED,2003-08-11,2003-08-19,Severe Flood
INDOFLOODS-gauge-571-238,INDOFLOODS-gauge-571,20.0_79.0,20.0,79.0,MAPPED,2003-08-23,2003-09-12,Severe Flood
INDOFLOODS-gauge-571-239,INDOFLOODS-gauge-571,20.0_79.0,20.0,79.0,MAPPED,2003-09-16,2003-09-22,Severe Flood
INDOFLOODS-gauge-571-24,INDOFLOODS-gauge-571,20.0_79.0,20.0,79.0,MAPPED,1969-08-16,1969-08-19,Severe Flood
INDOFLOODS-gauge-571-240,INDOFLOODS-gauge-571,20.0_79.0,20.0,79.0,MAPPED,2003-09-24,2003-10-03,Severe Flood
INDOFLOODS-gauge-571-241,INDOFLOODS-gauge-571,20.0_79.0,20.0,79.0,MAPPED,2005-08-02,2005-08-02,Flood
INDOFLOODS-gauge-571-242,INDOFLOODS-gauge-571,20.0_79.0,20.0,79.0,MAPPED,2005-09-15,2005-09-17,Severe Flood
INDOFLOODS-gauge-571-25,INDOFLOODS-gauge-571,20.0_79.0,20.0,79.0,MAPPED,1969-08-21,1969-08-23,Flood
INDOFLOODS-gauge-571-26,INDOFLOODS-gauge-571,20.0_79.0,20.0,79.0,MAPPED,1969-08-27,1969-08-28,Flood
INDOFLOODS-gauge-571-27,INDOFLOODS-gauge-571,20.0_79.0,20.0,79.0,MAPPED,1969-09-07,1969-09-13,Severe Flood
INDOFLOODS-gauge-571-28,INDOFLOODS-gauge-571,20.0_79.0,20.0,79.0,MAPPED,1969-09-20,1969-09-26,Severe Flood
INDOFLOODS-gauge-571-29,INDOFLOODS-gauge-571,20.0_79.0,20.0,79.0,MAPPED,1970-06-12,1970-06-13,Flood
INDOFLOODS-gauge-571-3,INDOFLOODS-gauge-571,20.0_79.0,20.0,79.0,MAPPED,1965-09-09,1965-09-09,Flood
INDOFLOODS-gauge-571-30,INDOFLOODS-gauge-571,20.0_79.0,20.0,79.0,MAPPED,1970-06-30,1970-07-07,Severe Flood
INDOFLOODS-gauge-571-31,INDOFLOODS-gauge-571,20.0_79.0,20.0,79.0,MAPPED,1970-07-09,1970-07-14,Severe Flood
INDOFLOODS-gauge-571-32,INDOFLOODS-gauge-571,20.0_79.0,20.0,79.0,MAPPED,1970-07-29,1970-09-18,Severe Flood
INDOFLOODS-gauge-571-33,INDOFLOODS-gauge-571,20.0_79.0,20.0,79.0,MAPPED,1970-09-22,1970-09-30,Severe Flood
INDOFLOODS-gauge-571-34,INDOFLOODS-gauge-571,20.0_79.0,20.0,79.0,MAPPED,1971-06-23,1971-06-25,Severe Flood
INDOFLOODS-gauge-571-35,INDOFLOODS-gauge-571,20.0_79.0,20.0,79.0,MAPPED,1971-07-15,1971-07-20,Severe Flood
INDOFLOODS-gauge-571-36,INDOFLOODS-gauge-571,20.0_79.0,20.0,79.0,MAPPED,1971-07-30,1971-07-31,Flood
INDOFLOODS-gauge-571-37,INDOFLOODS-gauge-571,20.0_79.0,20.0,79.0,MAPPED,1971-08-05,1971-08-05,Flood
INDOFLOODS-gauge-571-38,INDOFLOODS-gauge-571,20.0_79.0,20.0,79.0,MAPPED,1971-08-17,1971-08-18,Flood
INDOFLOODS-gauge-571-39,INDOFLOODS-gauge-571,20.0_79.0,20.0,79.0,MAPPED,1971-08-28,1971-09-13,Severe Flood
INDOFLOODS-gauge-571-4,INDOFLOODS-gauge-571,20.0_79.0,20.0,79.0,MAPPED,1965-09-23,1965-09-24,Flood
INDOFLOODS-gauge-571-40,INDOFLOODS-gauge-571,20.0_79.0,20.0,79.0,MAPPED,1971-10-07,1971-10-10,Flood
INDOFLOODS-gauge-571-41,INDOFLOODS-gauge-571,20.0_79.0,20.0,79.0,MAPPED,1971-10-18,1971-10-20,Severe Flood
INDOFLOODS-gauge-571-42,INDOFLOODS-gauge-571,20.0_79.0,20.0,79.0,MAPPED,1972-07-03,1972-07-03,Flood
INDOFLOODS-gauge-571-43,INDOFLOODS-gauge-571,20.0_79.0,20.0,79.0,MAPPED,1972-07-09,1972-07-10,Severe Flood
INDOFLOODS-gauge-571-44,INDOFLOODS-gauge-571,20.0_79.0,20.0,79.0,MAPPED,1972-08-17,1972-09-04,Severe Flood
INDOFLOODS-gauge-571-45,INDOFLOODS-gauge-571,20.0_79.0,20.0,79.0,MAPPED,1972-09-06,1972-09-10,Flood
INDOFLOODS-gauge-571-46,INDOFLOODS-gauge-571,20.0_79.0,20.0,79.0,MAPPED,1972-09-12,1972-09-12,Flood
INDOFLOODS-gauge-571-47,INDOFLOODS-gauge-571,20.0_79.0,20.0,79.0,MAPPED,1972-09-14,1972-09-16,Flood
INDOFLOODS-gauge-571-48,INDOFLOODS-gauge-571,20.0_79.0,20.0,79.0,MAPPED,1973-07-08,1973-07-26,Severe Flood
INDOFLOODS-gauge-571-49,INDOFLOODS-gauge-571,20.0_79.0,20.0,79.0,MAPPED,1973-08-09,1973-08-12,Severe Flood
INDOFLOODS-gauge-571-5,INDOFLOODS-gauge-571,20.0_79.0,20.0,79.0,MAPPED,1966-07-19,1966-07-21,Flood
INDOFLOODS-gauge-571-50,INDOFLOODS-gauge-571,20.0_79.0,20.0,79.0,MAPPED,1973-08-15,1973-09-12,Severe Flood
INDOFLOODS-gauge-571-51,INDOFLOODS-gauge-571,20.0_79.0,20.0,79.0,MAPPED,1973-09-17,1973-10-07,Severe Flood
INDOFLOODS-gauge-571-52,INDOFLOODS-gauge-571,20.0_79.0,20.0,79.0,MAPPED,1973-10-24,1973-10-31,Severe Flood
INDOFLOODS-gauge-571-53,INDOFLOODS-gauge-571,20.0_79.0,20.0,79.0,MAPPED,1974-07-17,1974-07-18,Flood
INDOFLOODS-gauge-571-54,INDOFLOODS-gauge-571,20.0_79.0,20.0,79.0,MAPPED,1974-08-09,1974-08-15,Severe Flood
INDOFLOODS-gauge-571-55,INDOFLOODS-gauge-571,20.0_79.0,20.0,79.0,MAPPED,1974-08-18,1974-08-26,Severe Flood
INDOFLOODS-gauge-571-56,INDOFLOODS-gauge-571,20.0_79.0,20.0,79.0,MAPPED,1974-10-12,1974-10-12,Flood
INDOFLOODS-gauge-571-57,INDOFLOODS-gauge-571,20.0_79.0,20.0,79.0,MAPPED,1974-10-24,1974-10-27,Severe Flood
INDOFLOODS-gauge-571-58,INDOFLOODS-gauge-571,20.0_79.0,20.0,79.0,MAPPED,1975-06-28,1975-07-01,Severe Flood
INDOFLOODS-gauge-571-59,INDOFLOODS-gauge-571,20.0_79.0,20.0,79.0,MAPPED,1975-07-03,1975-07-20,Severe Flood
INDOFLOODS-gauge-571-6,INDOFLOODS-gauge-571,20.0_79.0,20.0,79.0,MAPPED,1966-07-23,1966-08-12,Severe Flood
INDOFLOODS-gauge-571-60,INDOFLOODS-gauge-571,20.0_79.0,20.0,79.0,MAPPED,1975-07-26,1975-07-29,Flood
INDOFLOODS-gauge-571-61,INDOFLOODS-gauge-571,20.0_79.0,20.0,79.0,MAPPED,1975-08-05,1975-08-05,Flood
INDOFLOODS-gauge-571-62,INDOFLOODS-gauge-571,20.0_79.0,20.0,79.0,MAPPED,1975-08-08,1975-09-16,Severe Flood
INDOFLOODS-gauge-571-63,INDOFLOODS-gauge-571,20.0_79.0,20.0,79.0,MAPPED,1975-09-19,1975-09-19,Flood
INDOFLOODS-gauge-571-64,INDOFLOODS-gauge-571,20.0_79.0,20.0,79.0,MAPPED,1975-09-24,1975-09-25,Flood
INDOFLOODS-gauge-571-65,INDOFLOODS-gauge-571,20.0_79.0,20.0,79.0,MAPPED,1975-09-28,1975-09-30,Flood
INDOFLOODS-gauge-571-66,INDOFLOODS-gauge-571,20.0_79.0,20.0,79.0,MAPPED,1975-10-05,1975-10-10,Flood
INDOFLOODS-gauge-571-67,INDOFLOODS-gauge-571,20.0_79.0,20.0,79.0,MAPPED,1976-07-13,1976-07-18,Severe Flood
INDOFLOODS-gauge-571-68,INDOFLOODS-gauge-571,20.0_79.0,20.0,79.0,MAPPED,1976-07-20,1976-07-24,Flood
INDOFLOODS-gauge-571-69,INDOFLOODS-gauge-571,20.0_79.0,20.0,79.0,MAPPED,1976-07-27,1976-07-29,Severe Flood
INDOFLOODS-gauge-571-7,INDOFLOODS-gauge-571,20.0_79.0,20.0,79.0,MAPPED,1966-08-16,1966-08-23,Severe Flood
INDOFLOODS-gauge-571-70,INDOFLOODS-gauge-571,20.0_79.0,20.0,79.0,MAPPED,1976-08-03,1976-08-10,Severe Flood
INDOFLOODS-gauge-571-71,INDOFLOODS-gauge-571,20.0_79.0,20.0,79.0,MAPPED,1976-08-15,1976-08-17,Severe Flood
INDOFLOODS-gauge-571-72,INDOFLOODS-gauge-571,20.0_79.0,20.0,79.0,MAPPED,1976-08-21,1976-09-16,Severe Flood
INDOFLOODS-gauge-571-73,INDOFLOODS-gauge-571,20.0_79.0,20.0,79.0,MAPPED,1977-06-27,1977-06-29,Severe Flood
INDOFLOODS-gauge-571-74,INDOFLOODS-gauge-571,20.0_79.0,20.0,79.0,MAPPED,1977-07-06,1977-07-19,Severe Flood
INDOFLOODS-gauge-571-75,INDOFLOODS-gauge-571,20.0_79.0,20.0,79.0,MAPPED,1977-07-25,1977-07-29,Severe Flood
INDOFLOODS-gauge-571-76,INDOFLOODS-gauge-571,20.0_79.0,20.0,79.0,MAPPED,1977-08-06,1977-08-18,Severe Flood
INDOFLOODS-gauge-571-77,INDOFLOODS-gauge-571,20.0_79.0,20.0,79.0,MAPPED,1977-08-25,1977-09-09,Severe Flood
INDOFLOODS-gauge-571-78,INDOFLOODS-gauge-571,20.0_79.0,20.0,79.0,MAPPED,1977-09-13,1977-09-19,Severe Flood
INDOFLOODS-gauge-571-79,INDOFLOODS-gauge-571,20.0_79.0,20.0,79.0,MAPPED,1977-10-05,1977-10-06,Severe Flood
INDOFLOODS-gauge-571-8,INDOFLOODS-gauge-571,20.0_79.0,20.0,79.0,MAPPED,1966-09-04,1966-09-08,Severe Flood
INDOFLOODS-gauge-571-80,INDOFLOODS-gauge-571,20.0_79.0,20.0,79.0,MAPPED,1977-11-25,1977-11-27,Severe Flood
INDOFLOODS-gauge-571-81,INDOFLOODS-gauge-571,20.0_79.0,20.0,79.0,MAPPED,1978-07-07,1978-07-20,Severe Flood
INDOFLOODS-gauge-571-82,INDOFLOODS-gauge-571,20.0_79.0,20.0,79.0,MAPPED,1978-07-24,1978-07-29,Severe Flood
INDOFLOODS-gauge-571-83,INDOFLOODS-gauge-571,20.0_79.0,20.0,79.0,MAPPED,1978-08-02,1978-08-03,Severe Flood
INDOFLOODS-gauge-571-84,INDOFLOODS-gauge-571,20.0_79.0,20.0,79.0,MAPPED,1978-08-11,1978-08-13,Severe Flood
INDOFLOODS-gauge-571-85,INDOFLOODS-gauge-571,20.0_79.0,20.0,79.0,MAPPED,1978-08-15,1978-09-06,Severe Flood
INDOFLOODS-gauge-571-86,INDOFLOODS-gauge-571,20.0_79.0,20.0,79.0,MAPPED,1979-06-26,1979-06-27,Flood
INDOFLOODS-gauge-571-87,INDOFLOODS-gauge-571,20.0_79.0,20.0,79.0,MAPPED,1979-07-10,1979-07-12,Severe Flood
INDOFLOODS-gauge-571-88,INDOFLOODS-gauge-571,20.0_79.0,20.0,79.0,MAPPED,1979-07-14,1979-07-16,Severe Flood
INDOFLOODS-gauge-571-89,INDOFLOODS-gauge-571,20.0_79.0,20.0,79.0,MAPPED,1979-08-03,1979-08-16,Severe Flood
INDOFLOODS-gauge-571-9,INDOFLOODS-gauge-571,20.0_79.0,20.0,79.0,MAPPED,1967-06-28,1967-06-29,Flood
INDOFLOODS-gauge-571-90,INDOFLOODS-gauge-571,20.0_79.0,20.0,79.0,MAPPED,1980-06-29,1980-06-29,Flood
INDOFLOODS-gauge-571-91,INDOFLOODS-gauge-571,20.0_79.0,20.0,79.0,MAPPED,1980-07-01,1980-07-01,Flood
INDOFLOODS-gauge-571-92,INDOFLOODS-gauge-571,20.0_79.0,20.0,79.0,MAPPED,1980-07-04,1980-07-05,Severe Flood
INDOFLOODS-gauge-571-93,INDOFLOODS-gauge-571,20.0_79.0,20.0,79.0,MAPPED,1980-07-10,1980-07-10,Flood
INDOFLOODS-gauge-571-94,INDOFLOODS-gauge-571,20.0_79.0,20.0,79.0,MAPPED,1980-07-13,1980-07-15,Flood
INDOFLOODS-gauge-571-95,INDOFLOODS-gauge-571,20.0_79.0,20.0,79.0,MAPPED,1980-07-17,1980-07-18,Flood
INDOFLOODS-gauge-571-96,INDOFLOODS-gauge-571,20.0_79.0,20.0,79.0,MAPPED,1980-07-25,1980-08-13,Severe Flood
INDOFLOODS-gauge-571-97,INDOFLOODS-gauge-571,20.0_79.0,20.0,79.0,MAPPED,1980-08-15,1980-08-15,Flood
INDOFLOODS-gauge-571-98,INDOFLOODS-gauge-571,20.0_79.0,20.0,79.0,MAPPED,1980-08-21,1980-08-27,Severe Flood
INDOFLOODS-gauge-571-99,INDOFLOODS-gauge-571,20.0_79.0,20.0,79.0,MAPPED,1980-08-30,1980-09-18,Severe Flood
INDOFLOODS-gauge-585-1,INDOFLOODS-gauge-585,20.0_73.0,20.0,73.0,MAPPED,2019-06-12,2019-08-27,Flood
INDOFLOODS-gauge-585-2,INDOFLOODS-gauge-585,20.0_73.0,20.0,73.0,MAPPED,2019-09-20,2020-01-31,Flood
INDOFLOODS-gauge-589-1,INDOFLOODS-gauge-589,16.0_74.0,16.0,74.0,MAPPED,1969-08-02,1969-08-03,Flood
INDOFLOODS-gauge-589-10,INDOFLOODS-gauge-589,16.0_74.0,16.0,74.0,MAPPED,1988-08-04,1988-08-05,Flood
INDOFLOODS-gauge-589-11,INDOFLOODS-gauge-589,16.0_74.0,16.0,74.0,MAPPED,1989-07-26,1989-07-28,Flood
INDOFLOODS-gauge-589-12,INDOFLOODS-gauge-589,16.0_74.0,16.0,74.0,MAPPED,1990-08-18,1990-08-21,Severe Flood
INDOFLOODS-gauge-589-13,INDOFLOODS-gauge-589,16.0_74.0,16.0,74.0,MAPPED,1991-07-29,1991-07-31,Flood
INDOFLOODS-gauge-589-14,INDOFLOODS-gauge-589,16.0_74.0,16.0,74.0,MAPPED,1994-07-14,1994-07-19,Severe Flood
INDOFLOODS-gauge-589-15,INDOFLOODS-gauge-589,16.0_74.0,16.0,74.0,MAPPED,1994-09-03,1994-09-05,Flood
INDOFLOODS-gauge-589-16,INDOFLOODS-gauge-589,16.0_74.0,16.0,74.0,MAPPED,1997-08-02,1997-08-04,Flood
INDOFLOODS-gauge-589-17,INDOFLOODS-gauge-589,16.0_74.0,16.0,74.0,MAPPED,1997-08-08,1997-08-10,Flood
INDOFLOODS-gauge-589-18,INDOFLOODS-gauge-589,16.0_74.0,16.0,74.0,MAPPED,1997-08-25,1997-08-28,Severe Flood
INDOFLOODS-gauge-589-19,INDOFLOODS-gauge-589,16.0_74.0,16.0,74.0,MAPPED,2004-08-14,2004-08-14,Flood
INDOFLOODS-gauge-589-2,INDOFLOODS-gauge-589,16.0_74.0,16.0,74.0,MAPPED,1969-08-06,1969-08-07,Flood
INDOFLOODS-gauge-589-20,INDOFLOODS-gauge-589,16.0_74.0,16.0,74.0,MAPPED,2005-07-27,2005-08-09,Severe Flood
INDOFLOODS-gauge-589-21,INDOFLOODS-gauge-589,16.0_74.0,16.0,74.0,MAPPED,2006-07-30,2006-08-05,Severe Flood
INDOFLOODS-gauge-589-22,INDOFLOODS-gauge-589,16.0_74.0,16.0,74.0,MAPPED,2006-08-08,2006-08-16,Severe Flood
INDOFLOODS-gauge-589-23,INDOFLOODS-gauge-589,16.0_74.0,16.0,74.0,MAPPED,2007-07-02,2007-07-03,Flood
INDOFLOODS-gauge-589-24,INDOFLOODS-gauge-589,16.0_74.0,16.0,74.0,MAPPED,2011-09-05,2011-09-06,Flood
INDOFLOODS-gauge-589-25,INDOFLOODS-gauge-589,16.0_74.0,16.0,74.0,MAPPED,2019-08-04,2019-08-20,Severe Flood
INDOFLOODS-gauge-589-3,INDOFLOODS-gauge-589,16.0_74.0,16.0,74.0,MAPPED,1973-07-09,1973-07-10,Flood
INDOFLOODS-gauge-589-4,INDOFLOODS-gauge-589,16.0_74.0,16.0,74.0,MAPPED,1975-07-11,1975-07-12,Flood
INDOFLOODS-gauge-589-5,INDOFLOODS-gauge-589,16.0_74.0,16.0,74.0,MAPPED,1976-06-08,1976-06-08,Severe Flood
INDOFLOODS-gauge-589-6,INDOFLOODS-gauge-589,16.0_74.0,16.0,74.0,MAPPED,1976-08-02,1976-08-06,Severe Flood
INDOFLOODS-gauge-589-7,INDOFLOODS-gauge-589,16.0_74.0,16.0,74.0,MAPPED,1979-08-08,1979-08-10,Flood
INDOFLOODS-gauge-589-8,INDOFLOODS-gauge-589,16.0_74.0,16.0,74.0,MAPPED,1980-07-04,1980-07-06,Flood
INDOFLOODS-gauge-589-9,INDOFLOODS-gauge-589,16.0_74.0,16.0,74.0,MAPPED,1980-08-06,1980-08-07,Flood
INDOFLOODS-gauge-596-1,INDOFLOODS-gauge-596,17.0_73.0,17.0,73.0,MAPPED,2018-07-13,2018-07-13,Flood
INDOFLOODS-gauge-596-2,INDOFLOODS-gauge-596,17.0_73.0,17.0,73.0,MAPPED,2019-08-03,2019-08-06,Severe Flood
INDOFLOODS-gauge-602-1,INDOFLOODS-gauge-602,18.0_73.0,18.0,73.0,MAPPED,2019-08-06,2019-08-06,Flood
INDOFLOODS-gauge-603-1,INDOFLOODS-gauge-603,17.0_75.0,17.0,75.0,MAPPED,1966-11-15,1966-11-15,Flood
INDOFLOODS-gauge-603-10,INDOFLOODS-gauge-603,17.0_75.0,17.0,75.0,MAPPED,1988-09-29,1988-09-30,Flood
INDOFLOODS-gauge-603-11,INDOFLOODS-gauge-603,17.0_75.0,17.0,75.0,MAPPED,1989-09-25,1989-09-25,Flood
INDOFLOODS-gauge-603-12,INDOFLOODS-gauge-603,17.0_75.0,17.0,75.0,MAPPED,1989-09-29,1989-09-29,Severe Flood
INDOFLOODS-gauge-603-13,INDOFLOODS-gauge-603,17.0_75.0,17.0,75.0,MAPPED,1998-09-07,1998-09-10,Severe Flood
INDOFLOODS-gauge-603-14,INDOFLOODS-gauge-603,17.0_75.0,17.0,75.0,MAPPED,1998-09-28,1998-09-30,Severe Flood
INDOFLOODS-gauge-603-15,INDOFLOODS-gauge-603,17.0_75.0,17.0,75.0,MAPPED,1998-10-04,1998-10-06,Severe Flood
INDOFLOODS-gauge-603-16,INDOFLOODS-gauge-603,17.0_75.0,17.0,75.0,MAPPED,1998-10-16,1998-10-16,Severe Flood
INDOFLOODS-gauge-603-17,INDOFLOODS-gauge-603,17.0_75.0,17.0,75.0,MAPPED,2008-09-15,2008-09-15,Flood
INDOFLOODS-gauge-603-2,INDOFLOODS-gauge-603,17.0_75.0,17.0,75.0,MAPPED,1969-08-24,1969-08-24,Flood
INDOFLOODS-gauge-603-3,INDOFLOODS-gauge-603,17.0_75.0,17.0,75.0,MAPPED,1969-09-05,1969-09-05,Flood
INDOFLOODS-gauge-603-4,INDOFLOODS-gauge-603,17.0_75.0,17.0,75.0,MAPPED,1970-09-18,1970-09-19,Severe Flood
INDOFLOODS-gauge-603-5,INDOFLOODS-gauge-603,17.0_75.0,17.0,75.0,MAPPED,1983-09-17,1983-09-17,Flood
INDOFLOODS-gauge-603-6,INDOFLOODS-gauge-603,17.0_75.0,17.0,75.0,MAPPED,1983-09-23,1983-09-25,Severe Flood
INDOFLOODS-gauge-603-7,INDOFLOODS-gauge-603,17.0_75.0,17.0,75.0,MAPPED,1983-09-29,1983-09-29,Flood
INDOFLOODS-gauge-603-8,INDOFLOODS-gauge-603,17.0_75.0,17.0,75.0,MAPPED,1988-09-03,1988-09-03,Flood
INDOFLOODS-gauge-603-9,INDOFLOODS-gauge-603,17.0_75.0,17.0,75.0,MAPPED,1988-09-17,1988-09-20,Flood
INDOFLOODS-gauge-609-1,INDOFLOODS-gauge-609,19.0_79.0,19.0,79.0,MAPPED,1966-09-06,1966-09-06,Flood
INDOFLOODS-gauge-609-10,INDOFLOODS-gauge-609,19.0_79.0,19.0,79.0,MAPPED,1983-08-12,1983-08-15,Flood
INDOFLOODS-gauge-609-11,INDOFLOODS-gauge-609,19.0_79.0,19.0,79.0,MAPPED,1986-07-24,1986-07-24,Flood
INDOFLOODS-gauge-609-12,INDOFLOODS-gauge-609,19.0_79.0,19.0,79.0,MAPPED,1986-08-11,1986-08-11,Flood
INDOFLOODS-gauge-609-13,INDOFLOODS-gauge-609,19.0_79.0,19.0,79.0,MAPPED,1986-08-13,1986-08-17,Severe Flood
INDOFLOODS-gauge-609-14,INDOFLOODS-gauge-609,19.0_79.0,19.0,79.0,MAPPED,1990-06-19,1990-06-19,Flood
INDOFLOODS-gauge-609-15,INDOFLOODS-gauge-609,19.0_79.0,19.0,79.0,MAPPED,1990-07-25,1990-07-25,Flood
INDOFLOODS-gauge-609-16,INDOFLOODS-gauge-609,19.0_79.0,19.0,79.0,MAPPED,1990-08-17,1990-08-18,Flood
INDOFLOODS-gauge-609-17,INDOFLOODS-gauge-609,19.0_79.0,19.0,79.0,MAPPED,1990-08-23,1990-08-24,Flood
INDOFLOODS-gauge-609-18,INDOFLOODS-gauge-609,19.0_79.0,19.0,79.0,MAPPED,1990-08-30,1990-09-01,Flood
INDOFLOODS-gauge-609-19,INDOFLOODS-gauge-609,19.0_79.0,19.0,79.0,MAPPED,1992-08-22,1992-08-23,Flood
INDOFLOODS-gauge-609-2,INDOFLOODS-gauge-609,19.0_79.0,19.0,79.0,MAPPED,1970-08-20,1970-08-24,Flood
INDOFLOODS-gauge-609-20,INDOFLOODS-gauge-609,19.0_79.0,19.0,79.0,MAPPED,1994-07-13,1994-07-14,Severe Flood
INDOFLOODS-gauge-609-21,INDOFLOODS-gauge-609,19.0_79.0,19.0,79.0,MAPPED,1994-09-01,1994-09-01,Flood
INDOFLOODS-gauge-609-22,INDOFLOODS-gauge-609,19.0_79.0,19.0,79.0,MAPPED,1994-09-06,1994-09-09,Flood
INDOFLOODS-gauge-609-23,INDOFLOODS-gauge-609,19.0_79.0,19.0,79.0,MAPPED,1995-09-02,1995-09-03,Flood
INDOFLOODS-gauge-609-24,INDOFLOODS-gauge-609,19.0_79.0,19.0,79.0,MAPPED,1995-10-21,1995-10-21,Flood
INDOFLOODS-gauge-609-25,INDOFLOODS-gauge-609,19.0_79.0,19.0,79.0,MAPPED,2000-07-19,2000-07-21,Flood
INDOFLOODS-gauge-609-26,INDOFLOODS-gauge-609,19.0_79.0,19.0,79.0,MAPPED,2001-06-15,2001-06-16,Flood
INDOFLOODS-gauge-609-27,INDOFLOODS-gauge-609,19.0_79.0,19.0,79.0,MAPPED,2002-06-26,2002-06-27,Severe Flood
INDOFLOODS-gauge-609-28,INDOFLOODS-gauge-609,19.0_79.0,19.0,79.0,MAPPED,2002-08-25,2002-08-26,Flood
INDOFLOODS-gauge-609-29,INDOFLOODS-gauge-609,19.0_79.0,19.0,79.0,MAPPED,2005-07-29,2005-07-29,Flood
INDOFLOODS-gauge-609-3,INDOFLOODS-gauge-609,19.0_79.0,19.0,79.0,MAPPED,1976-07-22,1976-07-23,Flood
INDOFLOODS-gauge-609-30,INDOFLOODS-gauge-609,19.0_79.0,19.0,79.0,MAPPED,2006-07-05,2006-07-06,Flood
INDOFLOODS-gauge-609-31,INDOFLOODS-gauge-609,19.0_79.0,19.0,79.0,MAPPED,2006-08-06,2006-08-10,Severe Flood
INDOFLOODS-gauge-609-32,INDOFLOODS-gauge-609,19.0_79.0,19.0,79.0,MAPPED,2010-08-08,2010-08-08,Flood
INDOFLOODS-gauge-609-33,INDOFLOODS-gauge-609,19.0_79.0,19.0,79.0,MAPPED,2013-07-17,2013-07-21,Severe Flood
INDOFLOODS-gauge-609-34,INDOFLOODS-gauge-609,19.0_79.0,19.0,79.0,MAPPED,2013-07-24,2013-07-26,Flood
INDOFLOODS-gauge-609-35,INDOFLOODS-gauge-609,19.0_79.0,19.0,79.0,MAPPED,2013-08-01,2013-08-04,Severe Flood
INDOFLOODS-gauge-609-4,INDOFLOODS-gauge-609,19.0_79.0,19.0,79.0,MAPPED,1976-09-03,1976-09-05,Flood
INDOFLOODS-gauge-609-5,INDOFLOODS-gauge-609,19.0_79.0,19.0,79.0,MAPPED,1978-07-13,1978-07-13,Flood
INDOFLOODS-gauge-609-6,INDOFLOODS-gauge-609,19.0_79.0,19.0,79.0,MAPPED,1978-08-31,1978-08-31,Flood
INDOFLOODS-gauge-609-7,INDOFLOODS-gauge-609,19.0_79.0,19.0,79.0,MAPPED,1979-08-06,1979-08-07,Flood
INDOFLOODS-gauge-609-8,INDOFLOODS-gauge-609,19.0_79.0,19.0,79.0,MAPPED,1979-08-12,1979-08-12,Flood
INDOFLOODS-gauge-609-9,INDOFLOODS-gauge-609,19.0_79.0,19.0,79.0,MAPPED,1981-08-10,1981-08-11,Flood
INDOFLOODS-gauge-612-1,INDOFLOODS-gauge-612,17.0_75.0,17.0,75.0,MAPPED,1965-08-01,1965-08-03,Flood
INDOFLOODS-gauge-612-10,INDOFLOODS-gauge-612,17.0_75.0,17.0,75.0,MAPPED,1979-09-26,1979-09-28,Severe Flood
INDOFLOODS-gauge-612-11,INDOFLOODS-gauge-612,17.0_75.0,17.0,75.0,MAPPED,1980-08-06,1980-08-06,Flood
INDOFLOODS-gauge-612-12,INDOFLOODS-gauge-612,17.0_75.0,17.0,75.0,MAPPED,1981-07-12,1981-07-13,Flood
INDOFLOODS-gauge-612-13,INDOFLOODS-gauge-612,17.0_75.0,17.0,75.0,MAPPED,1981-09-22,1981-09-23,Severe Flood
INDOFLOODS-gauge-612-14,INDOFLOODS-gauge-612,17.0_75.0,17.0,75.0,MAPPED,1983-08-17,1983-08-21,Severe Flood
INDOFLOODS-gauge-612-15,INDOFLOODS-gauge-612,17.0_75.0,17.0,75.0,MAPPED,1983-09-23,1983-09-23,Flood
INDOFLOODS-gauge-612-16,INDOFLOODS-gauge-612,17.0_75.0,17.0,75.0,MAPPED,1988-09-19,1988-09-20,Flood
INDOFLOODS-gauge-612-17,INDOFLOODS-gauge-612,17.0_75.0,17.0,75.0,MAPPED,1988-09-29,1988-09-30,Flood
INDOFLOODS-gauge-612-18,INDOFLOODS-gauge-612,17.0_75.0,17.0,75.0,MAPPED,1989-09-29,1989-09-30,Flood
INDOFLOODS-gauge-612-19,INDOFLOODS-gauge-612,17.0_75.0,17.0,75.0,MAPPED,1990-08-19,1990-08-21,Flood
INDOFLOODS-gauge-612-2,INDOFLOODS-gauge-612,17.0_75.0,17.0,75.0,MAPPED,1967-07-29,1967-08-02,Severe Flood
INDOFLOODS-gauge-612-20,INDOFLOODS-gauge-612,17.0_75.0,17.0,75.0,MAPPED,1991-07-30,1991-07-31,Flood
INDOFLOODS-gauge-612-21,INDOFLOODS-gauge-612,17.0_75.0,17.0,75.0,MAPPED,1994-07-15,1994-07-19,Severe Flood
INDOFLOODS-gauge-612-22,INDOFLOODS-gauge-612,17.0_75.0,17.0,75.0,MAPPED,1994-07-23,1994-07-27,Severe Flood
INDOFLOODS-gauge-612-23,INDOFLOODS-gauge-612,17.0_75.0,17.0,75.0,MAPPED,1994-09-04,1994-09-05,Flood
INDOFLOODS-gauge-612-24,INDOFLOODS-gauge-612,17.0_75.0,17.0,75.0,MAPPED,1996-10-05,1996-10-06,Flood
INDOFLOODS-gauge-612-25,INDOFLOODS-gauge-612,17.0_75.0,17.0,75.0,MAPPED,1997-08-25,1997-08-29,Severe Flood
INDOFLOODS-gauge-612-26,INDOFLOODS-gauge-612,17.0_75.0,17.0,75.0,MAPPED,1998-10-04,1998-10-06,Flood
INDOFLOODS-gauge-612-27,INDOFLOODS-gauge-612,17.0_75.0,17.0,75.0,MAPPED,1998-10-13,1998-10-17,Severe Flood
INDOFLOODS-gauge-612-28,INDOFLOODS-gauge-612,17.0_75.0,17.0,75.0,MAPPED,2005-07-30,2005-07-31,Flood
INDOFLOODS-gauge-612-29,INDOFLOODS-gauge-612,17.0_75.0,17.0,75.0,MAPPED,2005-08-02,2005-08-08,Severe Flood
INDOFLOODS-gauge-612-3,INDOFLOODS-gauge-612,17.0_75.0,17.0,75.0,MAPPED,1967-08-05,1967-08-05,Flood
INDOFLOODS-gauge-612-30,INDOFLOODS-gauge-612,17.0_75.0,17.0,75.0,MAPPED,2006-08-01,2006-08-04,Severe Flood
INDOFLOODS-gauge-612-31,INDOFLOODS-gauge-612,17.0_75.0,17.0,75.0,MAPPED,2006-08-08,2006-08-15,Severe Flood
INDOFLOODS-gauge-612-32,INDOFLOODS-gauge-612,17.0_75.0,17.0,75.0,MAPPED,2006-08-19,2006-08-20,Flood
INDOFLOODS-gauge-612-33,INDOFLOODS-gauge-612,17.0_75.0,17.0,75.0,MAPPED,2009-10-04,2009-10-04,Flood
INDOFLOODS-gauge-612-34,INDOFLOODS-gauge-612,17.0_75.0,17.0,75.0,MAPPED,2011-09-06,2011-09-06,Flood
INDOFLOODS-gauge-612-35,INDOFLOODS-gauge-612,17.0_75.0,17.0,75.0,MAPPED,2019-08-07,2019-08-10,Severe Flood
INDOFLOODS-gauge-612-4,INDOFLOODS-gauge-612,17.0_75.0,17.0,75.0,MAPPED,1969-08-03,1969-08-05,Severe Flood
INDOFLOODS-gauge-612-5,INDOFLOODS-gauge-612,17.0_75.0,17.0,75.0,MAPPED,1969-09-03,1969-09-04,Flood
INDOFLOODS-gauge-612-6,INDOFLOODS-gauge-612,17.0_75.0,17.0,75.0,MAPPED,1971-09-02,1971-09-03,Flood
INDOFLOODS-gauge-612-7,INDOFLOODS-gauge-612,17.0_75.0,17.0,75.0,MAPPED,1971-10-03,1971-10-03,Flood
INDOFLOODS-gauge-612-8,INDOFLOODS-gauge-612,17.0_75.0,17.0,75.0,MAPPED,1976-08-03,1976-08-10,Severe Flood
INDOFLOODS-gauge-612-9,INDOFLOODS-gauge-612,17.0_75.0,17.0,75.0,MAPPED,1979-08-13,1979-08-13,Flood
INDOFLOODS-gauge-617-1,INDOFLOODS-gauge-617,21.0_75.0,21.0,75.0,MAPPED,2018-01-01,2018-02-13,Flood
INDOFLOODS-gauge-617-2,INDOFLOODS-gauge-617,21.0_75.0,21.0,75.0,MAPPED,2018-11-01,2019-01-29,Flood
INDOFLOODS-gauge-626-1,INDOFLOODS-gauge-626,18.0_75.0,18.0,75.0,MAPPED,2019-07-07,2019-07-07,Severe Flood
INDOFLOODS-gauge-635-1,INDOFLOODS-gauge-635,19.0_74.0,19.0,74.0,MAPPED,2017-07-24,2017-07-24,Flood
INDOFLOODS-gauge-635-2,INDOFLOODS-gauge-635,19.0_74.0,19.0,74.0,MAPPED,2017-07-29,2017-07-30,Flood
INDOFLOODS-gauge-635-3,INDOFLOODS-gauge-635,19.0_74.0,19.0,74.0,MAPPED,2017-10-12,2017-10-12,Flood
INDOFLOODS-gauge-635-4,INDOFLOODS-gauge-635,19.0_74.0,19.0,74.0,MAPPED,2019-08-03,2019-08-06,Severe Flood
INDOFLOODS-gauge-635-5,INDOFLOODS-gauge-635,19.0_74.0,19.0,74.0,MAPPED,2019-12-20,2019-12-26,Flood
INDOFLOODS-gauge-635-6,INDOFLOODS-gauge-635,19.0_74.0,19.0,74.0,MAPPED,2020-01-17,2020-01-17,Flood
INDOFLOODS-gauge-635-7,INDOFLOODS-gauge-635,19.0_74.0,19.0,74.0,MAPPED,2020-01-19,2020-01-20,Flood
INDOFLOODS-gauge-635-8,INDOFLOODS-gauge-635,19.0_74.0,19.0,74.0,MAPPED,2020-01-24,2020-01-31,Flood
INDOFLOODS-gauge-635-9,INDOFLOODS-gauge-635,19.0_74.0,19.0,74.0,MAPPED,2020-02-19,2020-02-19,Flood
INDOFLOODS-gauge-636-1,INDOFLOODS-gauge-636,20.0_76.0,20.0,76.0,MAPPED,1978-06-18,1978-06-18,Flood
INDOFLOODS-gauge-636-10,INDOFLOODS-gauge-636,20.0_76.0,20.0,76.0,MAPPED,1981-08-10,1981-08-10,Flood
INDOFLOODS-gauge-636-11,INDOFLOODS-gauge-636,20.0_76.0,20.0,76.0,MAPPED,1981-09-28,1981-09-29,Flood
INDOFLOODS-gauge-636-12,INDOFLOODS-gauge-636,20.0_76.0,20.0,76.0,MAPPED,1983-08-12,1983-08-12,Flood
INDOFLOODS-gauge-636-13,INDOFLOODS-gauge-636,20.0_76.0,20.0,76.0,MAPPED,1984-08-19,1984-08-19,Flood
INDOFLOODS-gauge-636-14,INDOFLOODS-gauge-636,20.0_76.0,20.0,76.0,MAPPED,1986-08-15,1986-08-15,Flood
INDOFLOODS-gauge-636-15,INDOFLOODS-gauge-636,20.0_76.0,20.0,76.0,MAPPED,1988-07-19,1988-07-20,Flood
INDOFLOODS-gauge-636-16,INDOFLOODS-gauge-636,20.0_76.0,20.0,76.0,MAPPED,1988-07-22,1988-07-23,Flood
INDOFLOODS-gauge-636-17,INDOFLOODS-gauge-636,20.0_76.0,20.0,76.0,MAPPED,1988-08-21,1988-08-23,Flood
INDOFLOODS-gauge-636-18,INDOFLOODS-gauge-636,20.0_76.0,20.0,76.0,MAPPED,1988-10-01,1988-10-01,Flood
INDOFLOODS-gauge-636-19,INDOFLOODS-gauge-636,20.0_76.0,20.0,76.0,MAPPED,1988-10-03,1988-10-04,Flood
INDOFLOODS-gauge-636-2,INDOFLOODS-gauge-636,20.0_76.0,20.0,76.0,MAPPED,1978-07-26,1978-07-26,Flood
INDOFLOODS-gauge-636-20,INDOFLOODS-gauge-636,20.0_76.0,20.0,76.0,MAPPED,1990-07-25,1990-07-25,Flood
INDOFLOODS-gauge-636-21,INDOFLOODS-gauge-636,20.0_76.0,20.0,76.0,MAPPED,1990-08-09,1990-08-09,Flood
INDOFLOODS-gauge-636-22,INDOFLOODS-gauge-636,20.0_76.0,20.0,76.0,MAPPED,1990-08-17,1990-08-18,Flood
INDOFLOODS-gauge-636-23,INDOFLOODS-gauge-636,20.0_76.0,20.0,76.0,MAPPED,1991-07-31,1991-07-31,Flood
INDOFLOODS-gauge-636-24,INDOFLOODS-gauge-636,20.0_76.0,20.0,76.0,MAPPED,1992-08-22,1992-08-22,Flood
INDOFLOODS-gauge-636-25,INDOFLOODS-gauge-636,20.0_76.0,20.0,76.0,MAPPED,1994-09-01,1994-09-02,Flood
INDOFLOODS-gauge-636-26,INDOFLOODS-gauge-636,20.0_76.0,20.0,76.0,MAPPED,1994-09-06,1994-09-08,Flood
INDOFLOODS-gauge-636-27,INDOFLOODS-gauge-636,20.0_76.0,20.0,76.0,MAPPED,1995-07-25,1995-07-25,Flood
INDOFLOODS-gauge-636-28,INDOFLOODS-gauge-636,20.0_76.0,20.0,76.0,MAPPED,1997-11-30,1997-12-01,Flood
INDOFLOODS-gauge-636-29,INDOFLOODS-gauge-636,20.0_76.0,20.0,76.0,MAPPED,1998-09-15,1998-09-17,Flood
INDOFLOODS-gauge-636-3,INDOFLOODS-gauge-636,20.0_76.0,20.0,76.0,MAPPED,1978-08-26,1978-08-27,Flood
INDOFLOODS-gauge-636-30,INDOFLOODS-gauge-636,20.0_76.0,20.0,76.0,MAPPED,1999-08-10,1999-08-11,Flood
INDOFLOODS-gauge-636-31,INDOFLOODS-gauge-636,20.0_76.0,20.0,76.0,MAPPED,2000-07-20,2000-07-20,Flood
INDOFLOODS-gauge-636-32,INDOFLOODS-gauge-636,20.0_76.0,20.0,76.0,MAPPED,2002-06-26,2002-06-26,Flood
INDOFLOODS-gauge-636-33,INDOFLOODS-gauge-636,20.0_76.0,20.0,76.0,MAPPED,2002-08-26,2002-08-26,Flood
INDOFLOODS-gauge-636-34,INDOFLOODS-gauge-636,20.0_76.0,20.0,76.0,MAPPED,2002-09-03,2002-09-04,Flood
INDOFLOODS-gauge-636-35,INDOFLOODS-gauge-636,20.0_76.0,20.0,76.0,MAPPED,2005-08-01,2005-08-02,Flood
INDOFLOODS-gauge-636-36,INDOFLOODS-gauge-636,20.0_76.0,20.0,76.0,MAPPED,2006-08-06,2006-08-08,Flood
INDOFLOODS-gauge-636-37,INDOFLOODS-gauge-636,20.0_76.0,20.0,76.0,MAPPED,2006-10-01,2006-10-02,Flood
INDOFLOODS-gauge-636-38,INDOFLOODS-gauge-636,20.0_76.0,20.0,76.0,MAPPED,2007-07-01,2007-07-02,Flood
INDOFLOODS-gauge-636-39,INDOFLOODS-gauge-636,20.0_76.0,20.0,76.0,MAPPED,2007-07-08,2007-07-09,Flood
INDOFLOODS-gauge-636-4,INDOFLOODS-gauge-636,20.0_76.0,20.0,76.0,MAPPED,1978-08-29,1978-08-31,Flood
INDOFLOODS-gauge-636-40,INDOFLOODS-gauge-636,20.0_76.0,20.0,76.0,MAPPED,2007-08-08,2007-08-09,Flood
INDOFLOODS-gauge-636-41,INDOFLOODS-gauge-636,20.0_76.0,20.0,76.0,MAPPED,2010-08-01,2010-08-01,Flood
INDOFLOODS-gauge-636-42,INDOFLOODS-gauge-636,20.0_76.0,20.0,76.0,MAPPED,2012-09-06,2012-09-07,Flood
INDOFLOODS-gauge-636-43,INDOFLOODS-gauge-636,20.0_76.0,20.0,76.0,MAPPED,2013-08-02,2013-08-03,Flood
INDOFLOODS-gauge-636-44,INDOFLOODS-gauge-636,20.0_76.0,20.0,76.0,MAPPED,2013-09-22,2013-09-22,Flood
INDOFLOODS-gauge-636-45,INDOFLOODS-gauge-636,20.0_76.0,20.0,76.0,MAPPED,2013-10-05,2013-10-05,Flood
INDOFLOODS-gauge-636-46,INDOFLOODS-gauge-636,20.0_76.0,20.0,76.0,MAPPED,2014-07-24,2014-07-24,Flood
INDOFLOODS-gauge-636-47,INDOFLOODS-gauge-636,20.0_76.0,20.0,76.0,MAPPED,2014-09-08,2014-09-08,Flood
INDOFLOODS-gauge-636-48,INDOFLOODS-gauge-636,20.0_76.0,20.0,76.0,MAPPED,2015-08-05,2015-08-06,Flood
INDOFLOODS-gauge-636-49,INDOFLOODS-gauge-636,20.0_76.0,20.0,76.0,MAPPED,2016-07-11,2016-07-13,Flood
INDOFLOODS-gauge-636-5,INDOFLOODS-gauge-636,20.0_76.0,20.0,76.0,MAPPED,1979-07-10,1979-07-10,Flood
INDOFLOODS-gauge-636-50,INDOFLOODS-gauge-636,20.0_76.0,20.0,76.0,MAPPED,2018-08-17,2018-08-24,Flood
INDOFLOODS-gauge-636-6,INDOFLOODS-gauge-636,20.0_76.0,20.0,76.0,MAPPED,1979-08-03,1979-08-03,Flood
INDOFLOODS-gauge-636-7,INDOFLOODS-gauge-636,20.0_76.0,20.0,76.0,MAPPED,1979-08-05,1979-08-05,Flood
INDOFLOODS-gauge-636-8,INDOFLOODS-gauge-636,20.0_76.0,20.0,76.0,MAPPED,1979-08-10,1979-08-11,Flood
INDOFLOODS-gauge-636-9,INDOFLOODS-gauge-636,20.0_76.0,20.0,76.0,MAPPED,1981-08-06,1981-08-06,Flood
INDOFLOODS-gauge-640-1,INDOFLOODS-gauge-640,18.0_74.0,18.0,74.0,MAPPED,1969-08-01,1969-08-02,Severe Flood
INDOFLOODS-gauge-640-10,INDOFLOODS-gauge-640,18.0_74.0,18.0,74.0,MAPPED,1983-08-09,1983-08-09,Flood
INDOFLOODS-gauge-640-11,INDOFLOODS-gauge-640,18.0_74.0,18.0,74.0,MAPPED,1983-08-16,1983-08-17,Severe Flood
INDOFLOODS-gauge-640-12,INDOFLOODS-gauge-640,18.0_74.0,18.0,74.0,MAPPED,1988-08-03,1988-08-03,Flood
INDOFLOODS-gauge-640-13,INDOFLOODS-gauge-640,18.0_74.0,18.0,74.0,MAPPED,1989-07-25,1989-07-25,Severe Flood
INDOFLOODS-gauge-640-14,INDOFLOODS-gauge-640,18.0_74.0,18.0,74.0,MAPPED,1990-07-25,1990-07-25,Severe Flood
INDOFLOODS-gauge-640-15,INDOFLOODS-gauge-640,18.0_74.0,18.0,74.0,MAPPED,1990-08-16,1990-08-17,Flood
INDOFLOODS-gauge-640-16,INDOFLOODS-gauge-640,18.0_74.0,18.0,74.0,MAPPED,1991-07-28,1991-07-29,Flood
INDOFLOODS-gauge-640-17,INDOFLOODS-gauge-640,18.0_74.0,18.0,74.0,MAPPED,1994-07-14,1994-07-16,Severe Flood
INDOFLOODS-gauge-640-18,INDOFLOODS-gauge-640,18.0_74.0,18.0,74.0,MAPPED,1997-08-01,1997-08-01,Flood
INDOFLOODS-gauge-640-19,INDOFLOODS-gauge-640,18.0_74.0,18.0,74.0,MAPPED,1997-08-24,1997-08-26,Severe Flood
INDOFLOODS-gauge-640-2,INDOFLOODS-gauge-640,18.0_74.0,18.0,74.0,MAPPED,1971-08-30,1971-08-30,Flood
INDOFLOODS-gauge-640-20,INDOFLOODS-gauge-640,18.0_74.0,18.0,74.0,MAPPED,2005-07-27,2005-07-28,Severe Flood
INDOFLOODS-gauge-640-21,INDOFLOODS-gauge-640,18.0_74.0,18.0,74.0,MAPPED,2005-08-02,2005-08-04,Severe Flood
INDOFLOODS-gauge-640-22,INDOFLOODS-gauge-640,18.0_74.0,18.0,74.0,MAPPED,2006-07-30,2006-07-31,Severe Flood
INDOFLOODS-gauge-640-23,INDOFLOODS-gauge-640,18.0_74.0,18.0,74.0,MAPPED,2006-08-07,2006-08-10,Severe Flood
INDOFLOODS-gauge-640-24,INDOFLOODS-gauge-640,18.0_74.0,18.0,74.0,MAPPED,2006-08-12,2006-08-12,Flood
INDOFLOODS-gauge-640-25,INDOFLOODS-gauge-640,18.0_74.0,18.0,74.0,MAPPED,2006-08-18,2006-08-18,Flood
INDOFLOODS-gauge-640-26,INDOFLOODS-gauge-640,18.0_74.0,18.0,74.0,MAPPED,2019-08-05,2019-08-06,Severe Flood
INDOFLOODS-gauge-640-3,INDOFLOODS-gauge-640,18.0_74.0,18.0,74.0,MAPPED,1971-10-01,1971-10-01,Severe Flood
INDOFLOODS-gauge-640-4,INDOFLOODS-gauge-640,18.0_74.0,18.0,74.0,MAPPED,1972-07-09,1972-07-09,Flood
INDOFLOODS-gauge-640-5,INDOFLOODS-gauge-640,18.0_74.0,18.0,74.0,MAPPED,1973-07-09,1973-07-09,Flood
INDOFLOODS-gauge-640-6,INDOFLOODS-gauge-640,18.0_74.0,18.0,74.0,MAPPED,1976-07-31,1976-08-06,Severe Flood
INDOFLOODS-gauge-640-7,INDOFLOODS-gauge-640,18.0_74.0,18.0,74.0,MAPPED,1980-07-04,1980-07-04,Flood
INDOFLOODS-gauge-640-8,INDOFLOODS-gauge-640,18.0_74.0,18.0,74.0,MAPPED,1980-08-04,1980-08-04,Flood
INDOFLOODS-gauge-640-9,INDOFLOODS-gauge-640,18.0_74.0,18.0,74.0,MAPPED,1981-07-10,1981-07-11,Severe Flood
INDOFLOODS-gauge-642-1,INDOFLOODS-gauge-642,17.0_75.0,17.0,75.0,MAPPED,1967-07-29,1967-08-01,Severe Flood
INDOFLOODS-gauge-642-10,INDOFLOODS-gauge-642,17.0_75.0,17.0,75.0,MAPPED,2005-08-02,2005-08-05,Severe Flood
INDOFLOODS-gauge-642-11,INDOFLOODS-gauge-642,17.0_75.0,17.0,75.0,MAPPED,2006-07-31,2006-08-02,Flood
INDOFLOODS-gauge-642-12,INDOFLOODS-gauge-642,17.0_75.0,17.0,75.0,MAPPED,2006-08-08,2006-08-12,Severe Flood
INDOFLOODS-gauge-642-13,INDOFLOODS-gauge-642,17.0_75.0,17.0,75.0,MAPPED,2019-06-25,2019-06-30,Severe Flood
INDOFLOODS-gauge-642-14,INDOFLOODS-gauge-642,17.0_75.0,17.0,75.0,MAPPED,2019-08-06,2019-08-08,Severe Flood
INDOFLOODS-gauge-642-2,INDOFLOODS-gauge-642,17.0_75.0,17.0,75.0,MAPPED,1969-08-02,1969-08-03,Severe Flood
INDOFLOODS-gauge-642-3,INDOFLOODS-gauge-642,17.0_75.0,17.0,75.0,MAPPED,1976-08-02,1976-08-07,Severe Flood
INDOFLOODS-gauge-642-4,INDOFLOODS-gauge-642,17.0_75.0,17.0,75.0,MAPPED,1981-07-10,1981-07-11,Severe Flood
INDOFLOODS-gauge-642-5,INDOFLOODS-gauge-642,17.0_75.0,17.0,75.0,MAPPED,1983-08-17,1983-08-19,Severe Flood
INDOFLOODS-gauge-642-6,INDOFLOODS-gauge-642,17.0_75.0,17.0,75.0,MAPPED,1994-07-15,1994-07-17,Severe Flood
INDOFLOODS-gauge-642-7,INDOFLOODS-gauge-642,17.0_75.0,17.0,75.0,MAPPED,1994-07-23,1994-07-25,Severe Flood
INDOFLOODS-gauge-642-8,INDOFLOODS-gauge-642,17.0_75.0,17.0,75.0,MAPPED,1997-08-25,1997-08-27,Severe Flood
INDOFLOODS-gauge-642-9,INDOFLOODS-gauge-642,17.0_75.0,17.0,75.0,MAPPED,2005-07-29,2005-07-29,Flood
INDOFLOODS-gauge-643-1,INDOFLOODS-gauge-643,16.0_74.0,16.0,74.0,MAPPED,1980-07-02,1980-07-11,Severe Flood
INDOFLOODS-gauge-643-10,INDOFLOODS-gauge-643,16.0_74.0,16.0,74.0,MAPPED,1983-08-10,1983-08-20,Severe Flood
INDOFLOODS-gauge-643-11,INDOFLOODS-gauge-643,16.0_74.0,16.0,74.0,MAPPED,1984-07-03,1984-07-06,Flood
INDOFLOODS-gauge-643-12,INDOFLOODS-gauge-643,16.0_74.0,16.0,74.0,MAPPED,1984-07-19,1984-07-22,Severe Flood
INDOFLOODS-gauge-643-13,INDOFLOODS-gauge-643,16.0_74.0,16.0,74.0,MAPPED,1985-08-02,1985-08-06,Flood
INDOFLOODS-gauge-643-14,INDOFLOODS-gauge-643,16.0_74.0,16.0,74.0,MAPPED,1986-08-09,1986-08-16,Severe Flood
INDOFLOODS-gauge-643-15,INDOFLOODS-gauge-643,16.0_74.0,16.0,74.0,MAPPED,1987-07-09,1987-07-11,Flood
INDOFLOODS-gauge-643-16,INDOFLOODS-gauge-643,16.0_74.0,16.0,74.0,MAPPED,1988-07-17,1988-07-25,Severe Flood
INDOFLOODS-gauge-643-17,INDOFLOODS-gauge-643,16.0_74.0,16.0,74.0,MAPPED,1988-07-28,1988-08-08,Severe Flood
INDOFLOODS-gauge-643-18,INDOFLOODS-gauge-643,16.0_74.0,16.0,74.0,MAPPED,1988-09-24,1988-09-25,Flood
INDOFLOODS-gauge-643-19,INDOFLOODS-gauge-643,16.0_74.0,16.0,74.0,MAPPED,1989-07-24,1989-07-31,Severe Flood
INDOFLOODS-gauge-643-2,INDOFLOODS-gauge-643,16.0_74.0,16.0,74.0,MAPPED,1980-08-04,1980-08-12,Severe Flood
INDOFLOODS-gauge-643-20,INDOFLOODS-gauge-643,16.0_74.0,16.0,74.0,MAPPED,1990-07-18,1990-07-20,Flood
INDOFLOODS-gauge-643-21,INDOFLOODS-gauge-643,16.0_74.0,16.0,74.0,MAPPED,1990-07-23,1990-07-23,Flood
INDOFLOODS-gauge-643-22,INDOFLOODS-gauge-643,16.0_74.0,16.0,74.0,MAPPED,1990-07-25,1990-07-27,Flood
INDOFLOODS-gauge-643-23,INDOFLOODS-gauge-643,16.0_74.0,16.0,74.0,MAPPED,1990-08-16,1990-08-27,Severe Flood
INDOFLOODS-gauge-643-24,INDOFLOODS-gauge-643,16.0_74.0,16.0,74.0,MAPPED,1991-06-10,1991-06-11,Flood
INDOFLOODS-gauge-643-25,INDOFLOODS-gauge-643,16.0_74.0,16.0,74.0,MAPPED,1991-07-17,1991-07-22,Flood
INDOFLOODS-gauge-643-26,INDOFLOODS-gauge-643,16.0_74.0,16.0,74.0,MAPPED,1991-07-27,1991-08-04,Severe Flood
INDOFLOODS-gauge-643-27,INDOFLOODS-gauge-643,16.0_74.0,16.0,74.0,MAPPED,1991-08-15,1991-08-20,Flood
INDOFLOODS-gauge-643-28,INDOFLOODS-gauge-643,16.0_74.0,16.0,74.0,MAPPED,1991-08-26,1991-08-26,Flood
INDOFLOODS-gauge-643-29,INDOFLOODS-gauge-643,16.0_74.0,16.0,74.0,MAPPED,1992-07-22,1992-07-24,Flood
INDOFLOODS-gauge-643-3,INDOFLOODS-gauge-643,16.0_74.0,16.0,74.0,MAPPED,1981-07-08,1981-07-13,Severe Flood
INDOFLOODS-gauge-643-30,INDOFLOODS-gauge-643,16.0_74.0,16.0,74.0,MAPPED,1992-08-14,1992-08-23,Flood
INDOFLOODS-gauge-643-31,INDOFLOODS-gauge-643,16.0_74.0,16.0,74.0,MAPPED,1993-07-12,1993-07-18,Flood
INDOFLOODS-gauge-643-32,INDOFLOODS-gauge-643,16.0_74.0,16.0,74.0,MAPPED,1993-08-03,1993-08-07,Flood
INDOFLOODS-gauge-643-33,INDOFLOODS-gauge-643,16.0_74.0,16.0,74.0,MAPPED,1993-08-14,1993-08-15,Flood
INDOFLOODS-gauge-643-34,INDOFLOODS-gauge-643,16.0_74.0,16.0,74.0,MAPPED,1994-07-01,1994-07-04,Flood
INDOFLOODS-gauge-643-35,INDOFLOODS-gauge-643,16.0_74.0,16.0,74.0,MAPPED,1994-07-13,1994-07-29,Severe Flood
INDOFLOODS-gauge-643-36,INDOFLOODS-gauge-643,16.0_74.0,16.0,74.0,MAPPED,1994-08-28,1994-09-10,Severe Flood
INDOFLOODS-gauge-643-37,INDOFLOODS-gauge-643,16.0_74.0,16.0,74.0,MAPPED,1995-07-21,1995-07-24,Flood
INDOFLOODS-gauge-643-38,INDOFLOODS-gauge-643,16.0_74.0,16.0,74.0,MAPPED,1995-09-04,1995-09-05,Flood
INDOFLOODS-gauge-643-39,INDOFLOODS-gauge-643,16.0_74.0,16.0,74.0,MAPPED,1996-07-25,1996-08-01,Severe Flood
INDOFLOODS-gauge-643-4,INDOFLOODS-gauge-643,16.0_74.0,16.0,74.0,MAPPED,1981-08-06,1981-08-09,Flood
INDOFLOODS-gauge-643-40,INDOFLOODS-gauge-643,16.0_74.0,16.0,74.0,MAPPED,1996-10-04,1996-10-07,Severe Flood
INDOFLOODS-gauge-643-41,INDOFLOODS-gauge-643,16.0_74.0,16.0,74.0,MAPPED,1997-07-09,1997-07-13,Flood
INDOFLOODS-gauge-643-42,INDOFLOODS-gauge-643,16.0_74.0,16.0,74.0,MAPPED,1997-07-30,1997-08-12,Severe Flood
INDOFLOODS-gauge-643-43,INDOFLOODS-gauge-643,16.0_74.0,16.0,74.0,MAPPED,1997-08-24,1997-08-30,Severe Flood
INDOFLOODS-gauge-643-44,INDOFLOODS-gauge-643,16.0_74.0,16.0,74.0,MAPPED,1998-07-10,1998-07-11,Flood
INDOFLOODS-gauge-643-45,INDOFLOODS-gauge-643,16.0_74.0,16.0,74.0,MAPPED,1999-06-26,1999-06-26,Flood
INDOFLOODS-gauge-643-46,INDOFLOODS-gauge-643,16.0_74.0,16.0,74.0,MAPPED,1999-07-18,1999-07-31,Severe Flood
INDOFLOODS-gauge-643-47,INDOFLOODS-gauge-643,16.0_74.0,16.0,74.0,MAPPED,1999-08-09,1999-08-11,Flood
INDOFLOODS-gauge-643-48,INDOFLOODS-gauge-643,16.0_74.0,16.0,74.0,MAPPED,2000-07-13,2000-07-17,Flood
INDOFLOODS-gauge-643-49,INDOFLOODS-gauge-643,16.0_74.0,16.0,74.0,MAPPED,2001-07-11,2001-07-12,Flood
INDOFLOODS-gauge-643-5,INDOFLOODS-gauge-643,16.0_74.0,16.0,74.0,MAPPED,1982-07-24,1982-07-24,Flood
INDOFLOODS-gauge-643-50,INDOFLOODS-gauge-643,16.0_74.0,16.0,74.0,MAPPED,2002-08-12,2002-08-16,Flood
INDOFLOODS-gauge-643-51,INDOFLOODS-gauge-643,16.0_74.0,16.0,74.0,MAPPED,2004-06-18,2004-06-19,Flood
INDOFLOODS-gauge-643-52,INDOFLOODS-gauge-643,16.0_74.0,16.0,74.0,MAPPED,2004-08-04,2004-08-18,Severe Flood
INDOFLOODS-gauge-643-53,INDOFLOODS-gauge-643,16.0_74.0,16.0,74.0,MAPPED,2005-07-01,2005-07-06,Flood
INDOFLOODS-gauge-643-54,INDOFLOODS-gauge-643,16.0_74.0,16.0,74.0,MAPPED,2005-07-27,2005-08-13,Severe Flood
INDOFLOODS-gauge-643-55,INDOFLOODS-gauge-643,16.0_74.0,16.0,74.0,MAPPED,2005-08-19,2005-08-20,Flood
INDOFLOODS-gauge-643-56,INDOFLOODS-gauge-643,16.0_74.0,16.0,74.0,MAPPED,2005-09-15,2005-09-15,Flood
INDOFLOODS-gauge-643-57,INDOFLOODS-gauge-643,16.0_74.0,16.0,74.0,MAPPED,2005-09-23,2005-09-25,Flood
INDOFLOODS-gauge-643-58,INDOFLOODS-gauge-643,16.0_74.0,16.0,74.0,MAPPED,2006-07-04,2006-07-10,Severe Flood
INDOFLOODS-gauge-643-59,INDOFLOODS-gauge-643,16.0_74.0,16.0,74.0,MAPPED,2006-07-24,2006-07-27,Flood
INDOFLOODS-gauge-643-6,INDOFLOODS-gauge-643,16.0_74.0,16.0,74.0,MAPPED,1982-07-30,1982-08-02,Flood
INDOFLOODS-gauge-643-60,INDOFLOODS-gauge-643,16.0_74.0,16.0,74.0,MAPPED,2006-07-29,2006-08-21,Severe Flood
INDOFLOODS-gauge-643-61,INDOFLOODS-gauge-643,16.0_74.0,16.0,74.0,MAPPED,2007-06-30,2007-07-13,Severe Flood
INDOFLOODS-gauge-643-62,INDOFLOODS-gauge-643,16.0_74.0,16.0,74.0,MAPPED,2007-08-07,2007-08-14,Severe Flood
INDOFLOODS-gauge-643-63,INDOFLOODS-gauge-643,16.0_74.0,16.0,74.0,MAPPED,2008-08-11,2008-08-18,Severe Flood
INDOFLOODS-gauge-643-64,INDOFLOODS-gauge-643,16.0_74.0,16.0,74.0,MAPPED,2010-08-01,2010-08-08,Flood
INDOFLOODS-gauge-643-65,INDOFLOODS-gauge-643,16.0_74.0,16.0,74.0,MAPPED,2011-09-01,2011-09-08,Flood
INDOFLOODS-gauge-643-66,INDOFLOODS-gauge-643,16.0_74.0,16.0,74.0,MAPPED,2013-07-22,2013-08-07,Severe Flood
INDOFLOODS-gauge-643-67,INDOFLOODS-gauge-643,16.0_74.0,16.0,74.0,MAPPED,2016-07-12,2016-07-17,Severe Flood
INDOFLOODS-gauge-643-68,INDOFLOODS-gauge-643,16.0_74.0,16.0,74.0,MAPPED,2016-08-05,2016-08-12,Severe Flood
INDOFLOODS-gauge-643-69,INDOFLOODS-gauge-643,16.0_74.0,16.0,74.0,MAPPED,2017-07-21,2017-07-25,Flood
INDOFLOODS-gauge-643-7,INDOFLOODS-gauge-643,16.0_74.0,16.0,74.0,MAPPED,1982-08-15,1982-08-20,Flood
INDOFLOODS-gauge-643-8,INDOFLOODS-gauge-643,16.0_74.0,16.0,74.0,MAPPED,1983-06-29,1983-07-02,Severe Flood
INDOFLOODS-gauge-643-9,INDOFLOODS-gauge-643,16.0_74.0,16.0,74.0,MAPPED,1983-07-23,1983-07-26,Flood
INDOFLOODS-gauge-645-1,INDOFLOODS-gauge-645,20.0_73.0,20.0,73.0,MAPPED,2018-07-16,2018-07-16,Flood
INDOFLOODS-gauge-645-2,INDOFLOODS-gauge-645,20.0_73.0,20.0,73.0,MAPPED,2019-08-03,2019-08-04,Severe Flood
INDOFLOODS-gauge-646-1,INDOFLOODS-gauge-646,18.0_73.0,18.0,73.0,MAPPED,2016-08-01,2016-08-01,Flood
INDOFLOODS-gauge-646-10,INDOFLOODS-gauge-646,18.0_73.0,18.0,73.0,MAPPED,2020-05-20,2020-05-20,Flood
INDOFLOODS-gauge-646-2,INDOFLOODS-gauge-646,18.0_73.0,18.0,73.0,MAPPED,2016-09-18,2016-09-18,Flood
INDOFLOODS-gauge-646-3,INDOFLOODS-gauge-646,18.0_73.0,18.0,73.0,MAPPED,2016-09-22,2016-09-22,Severe Flood
INDOFLOODS-gauge-646-4,INDOFLOODS-gauge-646,18.0_73.0,18.0,73.0,MAPPED,2016-09-24,2016-09-24,Flood
INDOFLOODS-gauge-646-5,INDOFLOODS-gauge-646,18.0_73.0,18.0,73.0,MAPPED,2017-01-01,2017-01-08,Flood
INDOFLOODS-gauge-646-6,INDOFLOODS-gauge-646,18.0_73.0,18.0,73.0,MAPPED,2017-02-01,2017-02-08,Flood
INDOFLOODS-gauge-646-7,INDOFLOODS-gauge-646,18.0_73.0,18.0,73.0,MAPPED,2017-08-29,2017-08-29,Flood
INDOFLOODS-gauge-646-8,INDOFLOODS-gauge-646,18.0_73.0,18.0,73.0,MAPPED,2018-07-07,2018-07-10,Severe Flood
INDOFLOODS-gauge-646-9,INDOFLOODS-gauge-646,18.0_73.0,18.0,73.0,MAPPED,2019-08-02,2019-08-05,Flood
INDOFLOODS-gauge-648-1,INDOFLOODS-gauge-648,18.0_73.0,18.0,73.0,MAPPED,2019-08-04,2019-08-04,Flood
INDOFLOODS-gauge-650-1,INDOFLOODS-gauge-650,20.0_76.0,20.0,76.0,MAPPED,1973-07-15,1973-07-15,Flood
INDOFLOODS-gauge-650-10,INDOFLOODS-gauge-650,20.0_76.0,20.0,76.0,MAPPED,1979-08-05,1979-08-06,Severe Flood
INDOFLOODS-gauge-650-11,INDOFLOODS-gauge-650,20.0_76.0,20.0,76.0,MAPPED,1979-08-10,1979-08-12,Severe Flood
INDOFLOODS-gauge-650-12,INDOFLOODS-gauge-650,20.0_76.0,20.0,76.0,MAPPED,1980-08-18,1980-08-18,Flood
INDOFLOODS-gauge-650-13,INDOFLOODS-gauge-650,20.0_76.0,20.0,76.0,MAPPED,1980-08-24,1980-08-24,Flood
INDOFLOODS-gauge-650-14,INDOFLOODS-gauge-650,20.0_76.0,20.0,76.0,MAPPED,1981-08-06,1981-08-06,Severe Flood
INDOFLOODS-gauge-650-15,INDOFLOODS-gauge-650,20.0_76.0,20.0,76.0,MAPPED,1981-08-10,1981-08-11,Severe Flood
INDOFLOODS-gauge-650-16,INDOFLOODS-gauge-650,20.0_76.0,20.0,76.0,MAPPED,1981-09-28,1981-09-29,Flood
INDOFLOODS-gauge-650-17,INDOFLOODS-gauge-650,20.0_76.0,20.0,76.0,MAPPED,1983-08-12,1983-08-13,Severe Flood
INDOFLOODS-gauge-650-18,INDOFLOODS-gauge-650,20.0_76.0,20.0,76.0,MAPPED,1983-09-26,1983-09-26,Flood
INDOFLOODS-gauge-650-19,INDOFLOODS-gauge-650,20.0_76.0,20.0,76.0,MAPPED,1983-10-07,1983-10-07,Flood
INDOFLOODS-gauge-650-2,INDOFLOODS-gauge-650,20.0_76.0,20.0,76.0,MAPPED,1973-08-27,1973-08-28,Severe Flood
INDOFLOODS-gauge-650-20,INDOFLOODS-gauge-650,20.0_76.0,20.0,76.0,MAPPED,1985-06-27,1985-06-27,Severe Flood
INDOFLOODS-gauge-650-21,INDOFLOODS-gauge-650,20.0_76.0,20.0,76.0,MAPPED,1986-07-18,1986-07-19,Severe Flood
INDOFLOODS-gauge-650-22,INDOFLOODS-gauge-650,20.0_76.0,20.0,76.0,MAPPED,1986-08-07,1986-08-08,Severe Flood
INDOFLOODS-gauge-650-23,INDOFLOODS-gauge-650,20.0_76.0,20.0,76.0,MAPPED,1986-08-11,1986-08-11,Flood
INDOFLOODS-gauge-650-24,INDOFLOODS-gauge-650,20.0_76.0,20.0,76.0,MAPPED,1986-08-15,1986-08-16,Flood
INDOFLOODS-gauge-650-25,INDOFLOODS-gauge-650,20.0_76.0,20.0,76.0,MAPPED,1988-07-20,1988-07-20,Severe Flood
INDOFLOODS-gauge-650-26,INDOFLOODS-gauge-650,20.0_76.0,20.0,76.0,MAPPED,1988-07-23,1988-07-24,Severe Flood
INDOFLOODS-gauge-650-27,INDOFLOODS-gauge-650,20.0_76.0,20.0,76.0,MAPPED,1988-08-21,1988-08-23,Severe Flood
INDOFLOODS-gauge-650-28,INDOFLOODS-gauge-650,20.0_76.0,20.0,76.0,MAPPED,1988-09-04,1988-09-04,Flood
INDOFLOODS-gauge-650-29,INDOFLOODS-gauge-650,20.0_76.0,20.0,76.0,MAPPED,1988-10-01,1988-10-01,Flood
INDOFLOODS-gauge-650-3,INDOFLOODS-gauge-650,20.0_76.0,20.0,76.0,MAPPED,1975-09-05,1975-09-05,Flood
INDOFLOODS-gauge-650-30,INDOFLOODS-gauge-650,20.0_76.0,20.0,76.0,MAPPED,1988-10-03,1988-10-05,Severe Flood
INDOFLOODS-gauge-650-31,INDOFLOODS-gauge-650,20.0_76.0,20.0,76.0,MAPPED,1990-07-25,1990-07-26,Severe Flood
INDOFLOODS-gauge-650-32,INDOFLOODS-gauge-650,20.0_76.0,20.0,76.0,MAPPED,1990-08-10,1990-08-10,Flood
INDOFLOODS-gauge-650-33,INDOFLOODS-gauge-650,20.0_76.0,20.0,76.0,MAPPED,1990-08-17,1990-08-18,Severe Flood
INDOFLOODS-gauge-650-34,INDOFLOODS-gauge-650,20.0_76.0,20.0,76.0,MAPPED,1991-08-01,1991-08-01,Flood
INDOFLOODS-gauge-650-35,INDOFLOODS-gauge-650,20.0_76.0,20.0,76.0,MAPPED,1992-08-09,1992-08-09,Flood
INDOFLOODS-gauge-650-36,INDOFLOODS-gauge-650,20.0_76.0,20.0,76.0,MAPPED,1992-08-22,1992-08-22,Flood
INDOFLOODS-gauge-650-37,INDOFLOODS-gauge-650,20.0_76.0,20.0,76.0,MAPPED,1993-07-16,1993-07-16,Severe Flood
INDOFLOODS-gauge-650-38,INDOFLOODS-gauge-650,20.0_76.0,20.0,76.0,MAPPED,1994-09-01,1994-09-04,Severe Flood
INDOFLOODS-gauge-650-39,INDOFLOODS-gauge-650,20.0_76.0,20.0,76.0,MAPPED,1994-09-07,1994-09-09,Severe Flood
INDOFLOODS-gauge-650-4,INDOFLOODS-gauge-650,20.0_76.0,20.0,76.0,MAPPED,1976-09-04,1976-09-05,Flood
INDOFLOODS-gauge-650-40,INDOFLOODS-gauge-650,20.0_76.0,20.0,76.0,MAPPED,1995-09-03,1995-09-03,Flood
INDOFLOODS-gauge-650-41,INDOFLOODS-gauge-650,20.0_76.0,20.0,76.0,MAPPED,1997-12-01,1997-12-01,Flood
INDOFLOODS-gauge-650-42,INDOFLOODS-gauge-650,20.0_76.0,20.0,76.0,MAPPED,1998-09-15,1998-09-18,Severe Flood
INDOFLOODS-gauge-650-43,INDOFLOODS-gauge-650,20.0_76.0,20.0,76.0,MAPPED,1998-09-23,1998-09-23,Flood
INDOFLOODS-gauge-650-44,INDOFLOODS-gauge-650,20.0_76.0,20.0,76.0,MAPPED,1999-08-10,1999-08-11,Severe Flood
INDOFLOODS-gauge-650-45,INDOFLOODS-gauge-650,20.0_76.0,20.0,76.0,MAPPED,2001-06-15,2001-06-15,Flood
INDOFLOODS-gauge-650-46,INDOFLOODS-gauge-650,20.0_76.0,20.0,76.0,MAPPED,2002-06-26,2002-06-27,Flood
INDOFLOODS-gauge-650-47,INDOFLOODS-gauge-650,20.0_76.0,20.0,76.0,MAPPED,2002-08-26,2002-08-26,Severe Flood
INDOFLOODS-gauge-650-48,INDOFLOODS-gauge-650,20.0_76.0,20.0,76.0,MAPPED,2002-09-02,2002-09-07,Severe Flood
INDOFLOODS-gauge-650-49,INDOFLOODS-gauge-650,20.0_76.0,20.0,76.0,MAPPED,2005-08-02,2005-08-03,Severe Flood
INDOFLOODS-gauge-650-5,INDOFLOODS-gauge-650,20.0_76.0,20.0,76.0,MAPPED,1978-06-19,1978-06-19,Flood
INDOFLOODS-gauge-650-50,INDOFLOODS-gauge-650,20.0_76.0,20.0,76.0,MAPPED,2006-07-05,2006-07-05,Severe Flood
INDOFLOODS-gauge-650-51,INDOFLOODS-gauge-650,20.0_76.0,20.0,76.0,MAPPED,2006-08-06,2006-08-09,Severe Flood
INDOFLOODS-gauge-650-52,INDOFLOODS-gauge-650,20.0_76.0,20.0,76.0,MAPPED,2006-10-02,2006-10-02,Flood
INDOFLOODS-gauge-650-53,INDOFLOODS-gauge-650,20.0_76.0,20.0,76.0,MAPPED,2007-07-01,2007-07-03,Severe Flood
INDOFLOODS-gauge-650-54,INDOFLOODS-gauge-650,20.0_76.0,20.0,76.0,MAPPED,2007-07-09,2007-07-10,Severe Flood
INDOFLOODS-gauge-650-55,INDOFLOODS-gauge-650,20.0_76.0,20.0,76.0,MAPPED,2007-08-08,2007-08-10,Severe Flood
INDOFLOODS-gauge-650-56,INDOFLOODS-gauge-650,20.0_76.0,20.0,76.0,MAPPED,2010-08-01,2010-08-01,Severe Flood
INDOFLOODS-gauge-650-57,INDOFLOODS-gauge-650,20.0_76.0,20.0,76.0,MAPPED,2012-09-06,2012-09-08,Severe Flood
INDOFLOODS-gauge-650-58,INDOFLOODS-gauge-650,20.0_76.0,20.0,76.0,MAPPED,2013-08-02,2013-08-04,Severe Flood
INDOFLOODS-gauge-650-59,INDOFLOODS-gauge-650,20.0_76.0,20.0,76.0,MAPPED,2013-09-23,2013-09-23,Flood
INDOFLOODS-gauge-650-6,INDOFLOODS-gauge-650,20.0_76.0,20.0,76.0,MAPPED,1978-07-26,1978-07-26,Severe Flood
INDOFLOODS-gauge-650-60,INDOFLOODS-gauge-650,20.0_76.0,20.0,76.0,MAPPED,2014-07-24,2014-07-25,Severe Flood
INDOFLOODS-gauge-650-61,INDOFLOODS-gauge-650,20.0_76.0,20.0,76.0,MAPPED,2014-09-09,2014-09-09,Flood
INDOFLOODS-gauge-650-62,INDOFLOODS-gauge-650,20.0_76.0,20.0,76.0,MAPPED,2015-08-05,2015-08-07,Severe Flood
INDOFLOODS-gauge-650-63,INDOFLOODS-gauge-650,20.0_76.0,20.0,76.0,MAPPED,2016-07-12,2016-07-13,Flood
INDOFLOODS-gauge-650-64,INDOFLOODS-gauge-650,20.0_76.0,20.0,76.0,MAPPED,2016-07-28,2016-07-28,Flood
INDOFLOODS-gauge-650-65,INDOFLOODS-gauge-650,20.0_76.0,20.0,76.0,MAPPED,2019-08-09,2019-08-09,Flood
INDOFLOODS-gauge-650-7,INDOFLOODS-gauge-650,20.0_76.0,20.0,76.0,MAPPED,1978-08-26,1978-08-27,Severe Flood
INDOFLOODS-gauge-650-8,INDOFLOODS-gauge-650,20.0_76.0,20.0,76.0,MAPPED,1978-08-30,1978-08-31,Severe Flood
INDOFLOODS-gauge-650-9,INDOFLOODS-gauge-650,20.0_76.0,20.0,76.0,MAPPED,1979-07-29,1979-07-29,Flood
INDOFLOODS-gauge-654-1,INDOFLOODS-gauge-654,17.0_74.0,17.0,74.0,MAPPED,1967-07-28,1967-07-28,Flood
INDOFLOODS-gauge-654-10,INDOFLOODS-gauge-654,17.0_74.0,17.0,74.0,MAPPED,2006-07-29,2006-07-31,Severe Flood
INDOFLOODS-gauge-654-11,INDOFLOODS-gauge-654,17.0_74.0,17.0,74.0,MAPPED,2006-08-08,2006-08-11,Flood
INDOFLOODS-gauge-654-12,INDOFLOODS-gauge-654,17.0_74.0,17.0,74.0,MAPPED,2011-09-04,2011-09-04,Flood
INDOFLOODS-gauge-654-13,INDOFLOODS-gauge-654,17.0_74.0,17.0,74.0,MAPPED,2019-08-05,2019-08-08,Severe Flood
INDOFLOODS-gauge-654-2,INDOFLOODS-gauge-654,17.0_74.0,17.0,74.0,MAPPED,1976-06-07,1976-06-07,Flood
INDOFLOODS-gauge-654-3,INDOFLOODS-gauge-654,17.0_74.0,17.0,74.0,MAPPED,1988-08-03,1988-08-03,Flood
INDOFLOODS-gauge-654-4,INDOFLOODS-gauge-654,17.0_74.0,17.0,74.0,MAPPED,1990-08-18,1990-08-18,Flood
INDOFLOODS-gauge-654-5,INDOFLOODS-gauge-654,17.0_74.0,17.0,74.0,MAPPED,1994-09-02,1994-09-03,Flood
INDOFLOODS-gauge-654-6,INDOFLOODS-gauge-654,17.0_74.0,17.0,74.0,MAPPED,1997-08-24,1997-08-26,Flood
INDOFLOODS-gauge-654-7,INDOFLOODS-gauge-654,17.0_74.0,17.0,74.0,MAPPED,2004-08-13,2004-08-13,Flood
INDOFLOODS-gauge-654-8,INDOFLOODS-gauge-654,17.0_74.0,17.0,74.0,MAPPED,2005-07-26,2005-07-26,Flood
INDOFLOODS-gauge-654-9,INDOFLOODS-gauge-654,17.0_74.0,17.0,74.0,MAPPED,2005-08-01,2005-08-04,Severe Flood
INDOFLOODS-gauge-656-1,INDOFLOODS-gauge-656,16.0_74.0,16.0,74.0,MAPPED,2019-08-06,2019-08-11,Severe Flood
INDOFLOODS-gauge-665-1,INDOFLOODS-gauge-665,20.0_76.0,20.0,76.0,MAPPED,2019-07-31,2019-07-31,Flood
INDOFLOODS-gauge-665-2,INDOFLOODS-gauge-665,20.0_76.0,20.0,76.0,MAPPED,2019-08-05,2019-08-05,Flood
INDOFLOODS-gauge-665-3,INDOFLOODS-gauge-665,20.0_76.0,20.0,76.0,MAPPED,2019-08-07,2019-08-20,Severe Flood
INDOFLOODS-gauge-668-1,INDOFLOODS-gauge-668,19.0_73.0,19.0,73.0,MAPPED,2019-08-04,2019-08-04,Severe Flood
INDOFLOODS-gauge-678-1,INDOFLOODS-gauge-678,16.0_74.0,16.0,74.0,MAPPED,1973-07-09,1973-07-13,Flood
INDOFLOODS-gauge-678-10,INDOFLOODS-gauge-678,16.0_74.0,16.0,74.0,MAPPED,1988-07-21,1988-07-22,Flood
INDOFLOODS-gauge-678-11,INDOFLOODS-gauge-678,16.0_74.0,16.0,74.0,MAPPED,1988-08-04,1988-08-06,Flood
INDOFLOODS-gauge-678-12,INDOFLOODS-gauge-678,16.0_74.0,16.0,74.0,MAPPED,1989-07-26,1989-07-29,Severe Flood
INDOFLOODS-gauge-678-13,INDOFLOODS-gauge-678,16.0_74.0,16.0,74.0,MAPPED,1990-08-18,1990-08-22,Severe Flood
INDOFLOODS-gauge-678-14,INDOFLOODS-gauge-678,16.0_74.0,16.0,74.0,MAPPED,1991-07-28,1991-08-02,Severe Flood
INDOFLOODS-gauge-678-15,INDOFLOODS-gauge-678,16.0_74.0,16.0,74.0,MAPPED,1994-07-14,1994-07-26,Severe Flood
INDOFLOODS-gauge-678-16,INDOFLOODS-gauge-678,16.0_74.0,16.0,74.0,MAPPED,1994-09-04,1994-09-07,Flood
INDOFLOODS-gauge-678-17,INDOFLOODS-gauge-678,16.0_74.0,16.0,74.0,MAPPED,1997-08-02,1997-08-11,Flood
INDOFLOODS-gauge-678-18,INDOFLOODS-gauge-678,16.0_74.0,16.0,74.0,MAPPED,1997-08-25,1997-08-29,Severe Flood
INDOFLOODS-gauge-678-19,INDOFLOODS-gauge-678,16.0_74.0,16.0,74.0,MAPPED,1999-07-24,1999-07-24,Flood
INDOFLOODS-gauge-678-2,INDOFLOODS-gauge-678,16.0_74.0,16.0,74.0,MAPPED,1975-07-11,1975-07-14,Flood
INDOFLOODS-gauge-678-20,INDOFLOODS-gauge-678,16.0_74.0,16.0,74.0,MAPPED,2004-08-15,2004-08-15,Flood
INDOFLOODS-gauge-678-21,INDOFLOODS-gauge-678,16.0_74.0,16.0,74.0,MAPPED,2005-07-28,2005-08-12,Severe Flood
INDOFLOODS-gauge-678-22,INDOFLOODS-gauge-678,16.0_74.0,16.0,74.0,MAPPED,2006-07-31,2006-08-19,Severe Flood
INDOFLOODS-gauge-678-23,INDOFLOODS-gauge-678,16.0_74.0,16.0,74.0,MAPPED,2007-07-02,2007-07-05,Flood
INDOFLOODS-gauge-678-24,INDOFLOODS-gauge-678,16.0_74.0,16.0,74.0,MAPPED,2007-08-11,2007-08-11,Flood
INDOFLOODS-gauge-678-25,INDOFLOODS-gauge-678,16.0_74.0,16.0,74.0,MAPPED,2008-08-13,2008-08-17,Flood
INDOFLOODS-gauge-678-26,INDOFLOODS-gauge-678,16.0_74.0,16.0,74.0,MAPPED,2011-09-05,2011-09-07,Flood
INDOFLOODS-gauge-678-27,INDOFLOODS-gauge-678,16.0_74.0,16.0,74.0,MAPPED,2013-07-27,2013-07-30,Flood
INDOFLOODS-gauge-678-28,INDOFLOODS-gauge-678,16.0_74.0,16.0,74.0,MAPPED,2019-08-02,2019-08-02,Flood
INDOFLOODS-gauge-678-29,INDOFLOODS-gauge-678,16.0_74.0,16.0,74.0,MAPPED,2019-08-04,2019-08-20,Severe Flood
INDOFLOODS-gauge-678-3,INDOFLOODS-gauge-678,16.0_74.0,16.0,74.0,MAPPED,1976-06-08,1976-06-08,Flood
INDOFLOODS-gauge-678-4,INDOFLOODS-gauge-678,16.0_74.0,16.0,74.0,MAPPED,1976-08-02,1976-08-08,Flood
INDOFLOODS-gauge-678-5,INDOFLOODS-gauge-678,16.0_74.0,16.0,74.0,MAPPED,1979-08-08,1979-08-15,Flood
INDOFLOODS-gauge-678-6,INDOFLOODS-gauge-678,16.0_74.0,16.0,74.0,MAPPED,1980-07-04,1980-07-08,Flood
INDOFLOODS-gauge-678-7,INDOFLOODS-gauge-678,16.0_74.0,16.0,74.0,MAPPED,1980-08-06,1980-08-09,Flood
INDOFLOODS-gauge-678-8,INDOFLOODS-gauge-678,16.0_74.0,16.0,74.0,MAPPED,1981-07-11,1981-07-11,Flood
INDOFLOODS-gauge-678-9,INDOFLOODS-gauge-678,16.0_74.0,16.0,74.0,MAPPED,1983-08-17,1983-08-19,Flood
INDOFLOODS-gauge-679-1,INDOFLOODS-gauge-679,19.0_77.0,19.0,77.0,MAPPED,1978-06-01,1986-03-23,Severe Flood
INDOFLOODS-gauge-679-10,INDOFLOODS-gauge-679,19.0_77.0,19.0,77.0,MAPPED,1987-06-16,1993-03-20,Severe Flood
INDOFLOODS-gauge-679-11,INDOFLOODS-gauge-679,19.0_77.0,19.0,77.0,MAPPED,1993-03-26,1993-04-09,Severe Flood
INDOFLOODS-gauge-679-12,INDOFLOODS-gauge-679,19.0_77.0,19.0,77.0,MAPPED,1993-04-15,1993-05-02,Severe Flood
INDOFLOODS-gauge-679-13,INDOFLOODS-gauge-679,19.0_77.0,19.0,77.0,MAPPED,1993-05-09,1994-03-30,Severe Flood
INDOFLOODS-gauge-679-14,INDOFLOODS-gauge-679,19.0_77.0,19.0,77.0,MAPPED,1994-04-07,1994-04-17,Severe Flood
INDOFLOODS-gauge-679-15,INDOFLOODS-gauge-679,19.0_77.0,19.0,77.0,MAPPED,1994-05-06,1994-05-08,Severe Flood
INDOFLOODS-gauge-679-16,INDOFLOODS-gauge-679,19.0_77.0,19.0,77.0,MAPPED,1994-06-04,1996-01-26,Severe Flood
INDOFLOODS-gauge-679-17,INDOFLOODS-gauge-679,19.0_77.0,19.0,77.0,MAPPED,1996-03-03,1996-03-08,Severe Flood
INDOFLOODS-gauge-679-18,INDOFLOODS-gauge-679,19.0_77.0,19.0,77.0,MAPPED,1996-07-05,1996-12-28,Severe Flood
INDOFLOODS-gauge-679-19,INDOFLOODS-gauge-679,19.0_77.0,19.0,77.0,MAPPED,1997-01-01,1997-02-05,Severe Flood
INDOFLOODS-gauge-679-2,INDOFLOODS-gauge-679,19.0_77.0,19.0,77.0,MAPPED,1986-06-01,1986-12-22,Severe Flood
INDOFLOODS-gauge-679-20,INDOFLOODS-gauge-679,19.0_77.0,19.0,77.0,MAPPED,1997-07-03,1998-02-18,Severe Flood
INDOFLOODS-gauge-679-21,INDOFLOODS-gauge-679,19.0_77.0,19.0,77.0,MAPPED,1998-06-16,2001-03-28,Severe Flood
INDOFLOODS-gauge-679-22,INDOFLOODS-gauge-679,19.0_77.0,19.0,77.0,MAPPED,2001-04-08,2001-04-22,Severe Flood
INDOFLOODS-gauge-679-23,INDOFLOODS-gauge-679,19.0_77.0,19.0,77.0,MAPPED,2001-06-10,2002-03-25,Severe Flood
INDOFLOODS-gauge-679-24,INDOFLOODS-gauge-679,19.0_77.0,19.0,77.0,MAPPED,2002-04-02,2002-04-09,Severe Flood
INDOFLOODS-gauge-679-25,INDOFLOODS-gauge-679,19.0_77.0,19.0,77.0,MAPPED,2002-04-21,2002-04-28,Severe Flood
INDOFLOODS-gauge-679-26,INDOFLOODS-gauge-679,19.0_77.0,19.0,77.0,MAPPED,2002-05-04,2002-05-10,Severe Flood
INDOFLOODS-gauge-679-27,INDOFLOODS-gauge-679,19.0_77.0,19.0,77.0,MAPPED,2002-05-20,2002-05-24,Severe Flood
INDOFLOODS-gauge-679-28,INDOFLOODS-gauge-679,19.0_77.0,19.0,77.0,MAPPED,2002-06-05,2003-01-22,Severe Flood
INDOFLOODS-gauge-679-29,INDOFLOODS-gauge-679,19.0_77.0,19.0,77.0,MAPPED,2003-02-03,2003-03-03,Severe Flood
INDOFLOODS-gauge-679-3,INDOFLOODS-gauge-679,19.0_77.0,19.0,77.0,MAPPED,1986-12-27,1987-01-24,Severe Flood
INDOFLOODS-gauge-679-30,INDOFLOODS-gauge-679,19.0_77.0,19.0,77.0,MAPPED,2003-03-10,2003-03-31,Severe Flood
INDOFLOODS-gauge-679-31,INDOFLOODS-gauge-679,19.0_77.0,19.0,77.0,MAPPED,2003-04-13,2003-04-18,Severe Flood
INDOFLOODS-gauge-679-32,INDOFLOODS-gauge-679,19.0_77.0,19.0,77.0,MAPPED,2003-06-04,2003-06-05,Severe Flood
INDOFLOODS-gauge-679-33,INDOFLOODS-gauge-679,19.0_77.0,19.0,77.0,MAPPED,2003-06-16,2003-12-21,Severe Flood
INDOFLOODS-gauge-679-34,INDOFLOODS-gauge-679,19.0_77.0,19.0,77.0,MAPPED,2004-05-15,2004-05-22,Severe Flood
INDOFLOODS-gauge-679-35,INDOFLOODS-gauge-679,19.0_77.0,19.0,77.0,MAPPED,2004-08-01,2004-11-06,Severe Flood
INDOFLOODS-gauge-679-36,INDOFLOODS-gauge-679,19.0_77.0,19.0,77.0,MAPPED,2004-11-09,2004-11-27,Severe Flood
INDOFLOODS-gauge-679-37,INDOFLOODS-gauge-679,19.0_77.0,19.0,77.0,MAPPED,2005-04-16,2005-04-22,Severe Flood
INDOFLOODS-gauge-679-38,INDOFLOODS-gauge-679,19.0_77.0,19.0,77.0,MAPPED,2005-07-10,2006-01-16,Severe Flood
INDOFLOODS-gauge-679-39,INDOFLOODS-gauge-679,19.0_77.0,19.0,77.0,MAPPED,2006-03-11,2006-03-25,Severe Flood
INDOFLOODS-gauge-679-4,INDOFLOODS-gauge-679,19.0_77.0,19.0,77.0,MAPPED,1987-02-02,1987-02-09,Severe Flood
INDOFLOODS-gauge-679-40,INDOFLOODS-gauge-679,19.0_77.0,19.0,77.0,MAPPED,2006-05-14,2006-05-18,Severe Flood
INDOFLOODS-gauge-679-41,INDOFLOODS-gauge-679,19.0_77.0,19.0,77.0,MAPPED,2006-05-22,2006-06-09,Severe Flood
INDOFLOODS-gauge-679-42,INDOFLOODS-gauge-679,19.0_77.0,19.0,77.0,MAPPED,2006-06-28,2007-03-31,Severe Flood
INDOFLOODS-gauge-679-43,INDOFLOODS-gauge-679,19.0_77.0,19.0,77.0,MAPPED,2007-04-21,2007-05-13,Severe Flood
INDOFLOODS-gauge-679-44,INDOFLOODS-gauge-679,19.0_77.0,19.0,77.0,MAPPED,2007-06-01,2008-01-17,Severe Flood
INDOFLOODS-gauge-679-45,INDOFLOODS-gauge-679,19.0_77.0,19.0,77.0,MAPPED,2008-01-23,2008-02-08,Severe Flood
INDOFLOODS-gauge-679-46,INDOFLOODS-gauge-679,19.0_77.0,19.0,77.0,MAPPED,2008-02-20,2008-03-07,Severe Flood
INDOFLOODS-gauge-679-47,INDOFLOODS-gauge-679,19.0_77.0,19.0,77.0,MAPPED,2008-04-19,2008-05-16,Severe Flood
INDOFLOODS-gauge-679-48,INDOFLOODS-gauge-679,19.0_77.0,19.0,77.0,MAPPED,2008-05-23,2008-12-31,Severe Flood
INDOFLOODS-gauge-679-49,INDOFLOODS-gauge-679,19.0_77.0,19.0,77.0,MAPPED,2009-03-01,2009-03-31,Severe Flood
INDOFLOODS-gauge-679-5,INDOFLOODS-gauge-679,19.0_77.0,19.0,77.0,MAPPED,1987-02-21,1987-02-27,Severe Flood
INDOFLOODS-gauge-679-50,INDOFLOODS-gauge-679,19.0_77.0,19.0,77.0,MAPPED,2009-07-09,2009-12-10,Severe Flood
INDOFLOODS-gauge-679-51,INDOFLOODS-gauge-679,19.0_77.0,19.0,77.0,MAPPED,2010-07-02,2011-10-31,Severe Flood
INDOFLOODS-gauge-679-52,INDOFLOODS-gauge-679,19.0_77.0,19.0,77.0,MAPPED,2012-05-21,2012-05-26,Severe Flood
INDOFLOODS-gauge-679-53,INDOFLOODS-gauge-679,19.0_77.0,19.0,77.0,MAPPED,2012-06-23,2012-06-24,Severe Flood
INDOFLOODS-gauge-679-54,INDOFLOODS-gauge-679,19.0_77.0,19.0,77.0,MAPPED,2012-08-25,2012-08-29,Severe Flood
INDOFLOODS-gauge-679-55,INDOFLOODS-gauge-679,19.0_77.0,19.0,77.0,MAPPED,2012-09-02,2012-09-07,Severe Flood
INDOFLOODS-gauge-679-56,INDOFLOODS-gauge-679,19.0_77.0,19.0,77.0,MAPPED,2012-09-22,2012-09-22,Severe Flood
INDOFLOODS-gauge-679-57,INDOFLOODS-gauge-679,19.0_77.0,19.0,77.0,MAPPED,2012-09-26,2012-09-26,Severe Flood
INDOFLOODS-gauge-679-58,INDOFLOODS-gauge-679,19.0_77.0,19.0,77.0,MAPPED,2012-10-03,2012-11-26,Severe Flood
INDOFLOODS-gauge-679-59,INDOFLOODS-gauge-679,19.0_77.0,19.0,77.0,MAPPED,2013-06-18,2014-03-20,Severe Flood
INDOFLOODS-gauge-679-6,INDOFLOODS-gauge-679,19.0_77.0,19.0,77.0,MAPPED,1987-03-19,1987-04-05,Severe Flood
INDOFLOODS-gauge-679-60,INDOFLOODS-gauge-679,19.0_77.0,19.0,77.0,MAPPED,2014-03-30,2014-05-05,Severe Flood
INDOFLOODS-gauge-679-61,INDOFLOODS-gauge-679,19.0_77.0,19.0,77.0,MAPPED,2016-06-01,2017-11-07,Severe Flood
INDOFLOODS-gauge-679-62,INDOFLOODS-gauge-679,19.0_77.0,19.0,77.0,MAPPED,2018-01-01,2018-05-31,Severe Flood
INDOFLOODS-gauge-679-63,INDOFLOODS-gauge-679,19.0_77.0,19.0,77.0,MAPPED,2018-07-01,2018-07-31,Severe Flood
INDOFLOODS-gauge-679-64,INDOFLOODS-gauge-679,19.0_77.0,19.0,77.0,MAPPED,2018-11-01,2019-03-19,Severe Flood
INDOFLOODS-gauge-679-65,INDOFLOODS-gauge-679,19.0_77.0,19.0,77.0,MAPPED,2019-06-12,2019-06-27,Severe Flood
INDOFLOODS-gauge-679-66,INDOFLOODS-gauge-679,19.0_77.0,19.0,77.0,MAPPED,2019-10-30,2019-11-07,Severe Flood
INDOFLOODS-gauge-679-67,INDOFLOODS-gauge-679,19.0_77.0,19.0,77.0,MAPPED,2019-11-19,2020-01-31,Severe Flood
INDOFLOODS-gauge-679-68,INDOFLOODS-gauge-679,19.0_77.0,19.0,77.0,MAPPED,2020-02-14,2020-02-28,Severe Flood
INDOFLOODS-gauge-679-69,INDOFLOODS-gauge-679,19.0_77.0,19.0,77.0,MAPPED,2020-04-02,2020-04-05,Severe Flood
INDOFLOODS-gauge-679-7,INDOFLOODS-gauge-679,19.0_77.0,19.0,77.0,MAPPED,1987-04-22,1987-04-30,Severe Flood
INDOFLOODS-gauge-679-70,INDOFLOODS-gauge-679,19.0_77.0,19.0,77.0,MAPPED,2020-04-07,2020-05-27,Severe Flood
INDOFLOODS-gauge-679-8,INDOFLOODS-gauge-679,19.0_77.0,19.0,77.0,MAPPED,1987-05-16,1987-05-20,Severe Flood
INDOFLOODS-gauge-679-9,INDOFLOODS-gauge-679,19.0_77.0,19.0,77.0,MAPPED,1987-06-05,1987-06-12,Severe Flood
INDOFLOODS-gauge-681-1,INDOFLOODS-gauge-681,16.0_74.0,16.0,74.0,MAPPED,1967-07-26,1967-07-26,Flood
INDOFLOODS-gauge-681-10,INDOFLOODS-gauge-681,16.0_74.0,16.0,74.0,MAPPED,1980-07-04,1980-07-06,Flood
INDOFLOODS-gauge-681-11,INDOFLOODS-gauge-681,16.0_74.0,16.0,74.0,MAPPED,1988-07-20,1988-07-20,Flood
INDOFLOODS-gauge-681-12,INDOFLOODS-gauge-681,16.0_74.0,16.0,74.0,MAPPED,1988-08-04,1988-08-05,Flood
INDOFLOODS-gauge-681-13,INDOFLOODS-gauge-681,16.0_74.0,16.0,74.0,MAPPED,1989-07-26,1989-07-28,Severe Flood
INDOFLOODS-gauge-681-14,INDOFLOODS-gauge-681,16.0_74.0,16.0,74.0,MAPPED,1990-08-18,1990-08-21,Severe Flood
INDOFLOODS-gauge-681-15,INDOFLOODS-gauge-681,16.0_74.0,16.0,74.0,MAPPED,1991-07-28,1991-07-31,Severe Flood
INDOFLOODS-gauge-681-16,INDOFLOODS-gauge-681,16.0_74.0,16.0,74.0,MAPPED,1994-07-14,1994-07-18,Severe Flood
INDOFLOODS-gauge-681-17,INDOFLOODS-gauge-681,16.0_74.0,16.0,74.0,MAPPED,1994-09-04,1994-09-05,Flood
INDOFLOODS-gauge-681-18,INDOFLOODS-gauge-681,16.0_74.0,16.0,74.0,MAPPED,1997-08-03,1997-08-03,Flood
INDOFLOODS-gauge-681-19,INDOFLOODS-gauge-681,16.0_74.0,16.0,74.0,MAPPED,1997-08-08,1997-08-10,Flood
INDOFLOODS-gauge-681-2,INDOFLOODS-gauge-681,16.0_74.0,16.0,74.0,MAPPED,1967-07-28,1967-08-04,Severe Flood
INDOFLOODS-gauge-681-20,INDOFLOODS-gauge-681,16.0_74.0,16.0,74.0,MAPPED,1997-08-25,1997-08-28,Severe Flood
INDOFLOODS-gauge-681-21,INDOFLOODS-gauge-681,16.0_74.0,16.0,74.0,MAPPED,2005-07-27,2005-08-10,Severe Flood
INDOFLOODS-gauge-681-22,INDOFLOODS-gauge-681,16.0_74.0,16.0,74.0,MAPPED,2006-07-30,2006-08-04,Severe Flood
INDOFLOODS-gauge-681-23,INDOFLOODS-gauge-681,16.0_74.0,16.0,74.0,MAPPED,2006-08-09,2006-08-15,Severe Flood
INDOFLOODS-gauge-681-24,INDOFLOODS-gauge-681,16.0_74.0,16.0,74.0,MAPPED,2007-07-01,2007-07-03,Flood
INDOFLOODS-gauge-681-25,INDOFLOODS-gauge-681,16.0_74.0,16.0,74.0,MAPPED,2011-09-05,2011-09-06,Flood
INDOFLOODS-gauge-681-26,INDOFLOODS-gauge-681,16.0_74.0,16.0,74.0,MAPPED,2019-08-04,2019-08-20,Severe Flood
INDOFLOODS-gauge-681-3,INDOFLOODS-gauge-681,16.0_74.0,16.0,74.0,MAPPED,1969-08-01,1969-08-03,Severe Flood
INDOFLOODS-gauge-681-4,INDOFLOODS-gauge-681,16.0_74.0,16.0,74.0,MAPPED,1969-08-06,1969-08-07,Flood
INDOFLOODS-gauge-681-5,INDOFLOODS-gauge-681,16.0_74.0,16.0,74.0,MAPPED,1973-07-09,1973-07-10,Severe Flood
INDOFLOODS-gauge-681-6,INDOFLOODS-gauge-681,16.0_74.0,16.0,74.0,MAPPED,1975-07-11,1975-07-12,Severe Flood
INDOFLOODS-gauge-681-7,INDOFLOODS-gauge-681,16.0_74.0,16.0,74.0,MAPPED,1976-06-08,1976-06-08,Severe Flood
INDOFLOODS-gauge-681-8,INDOFLOODS-gauge-681,16.0_74.0,16.0,74.0,MAPPED,1976-08-02,1976-08-06,Severe Flood
INDOFLOODS-gauge-681-9,INDOFLOODS-gauge-681,16.0_74.0,16.0,74.0,MAPPED,1979-08-08,1979-08-10,Flood
INDOFLOODS-gauge-682-1,INDOFLOODS-gauge-682,17.0_75.0,17.0,75.0,MAPPED,1966-05-04,1966-05-04,Flood
INDOFLOODS-gauge-682-10,INDOFLOODS-gauge-682,17.0_75.0,17.0,75.0,MAPPED,1983-08-16,1983-08-16,Severe Flood
INDOFLOODS-gauge-682-11,INDOFLOODS-gauge-682,17.0_75.0,17.0,75.0,MAPPED,1994-06-30,1994-06-30,Flood
INDOFLOODS-gauge-682-12,INDOFLOODS-gauge-682,17.0_75.0,17.0,75.0,MAPPED,1996-10-05,1996-10-05,Flood
INDOFLOODS-gauge-682-13,INDOFLOODS-gauge-682,17.0_75.0,17.0,75.0,MAPPED,1997-08-24,1997-08-25,Flood
INDOFLOODS-gauge-682-14,INDOFLOODS-gauge-682,17.0_75.0,17.0,75.0,MAPPED,2019-08-05,2019-08-08,Severe Flood
INDOFLOODS-gauge-682-2,INDOFLOODS-gauge-682,17.0_75.0,17.0,75.0,MAPPED,1967-07-28,1967-07-28,Severe Flood
INDOFLOODS-gauge-682-3,INDOFLOODS-gauge-682,17.0_75.0,17.0,75.0,MAPPED,1967-07-30,1967-07-30,Flood
INDOFLOODS-gauge-682-4,INDOFLOODS-gauge-682,17.0_75.0,17.0,75.0,MAPPED,1967-08-04,1967-08-04,Flood
INDOFLOODS-gauge-682-5,INDOFLOODS-gauge-682,17.0_75.0,17.0,75.0,MAPPED,1969-08-31,1969-08-31,Flood
INDOFLOODS-gauge-682-6,INDOFLOODS-gauge-682,17.0_75.0,17.0,75.0,MAPPED,1976-07-31,1976-07-31,Flood
INDOFLOODS-gauge-682-7,INDOFLOODS-gauge-682,17.0_75.0,17.0,75.0,MAPPED,1976-08-02,1976-08-02,Severe Flood
INDOFLOODS-gauge-682-8,INDOFLOODS-gauge-682,17.0_75.0,17.0,75.0,MAPPED,1979-09-26,1979-09-26,Severe Flood
INDOFLOODS-gauge-682-9,INDOFLOODS-gauge-682,17.0_75.0,17.0,75.0,MAPPED,1981-09-21,1981-09-21,Flood
INDOFLOODS-gauge-684-1,INDOFLOODS-gauge-684,17.0_74.0,17.0,74.0,MAPPED,1997-08-24,1997-08-24,Flood
INDOFLOODS-gauge-684-2,INDOFLOODS-gauge-684,17.0_74.0,17.0,74.0,MAPPED,2005-08-01,2005-08-03,Flood
INDOFLOODS-gauge-684-3,INDOFLOODS-gauge-684,17.0_74.0,17.0,74.0,MAPPED,2006-07-30,2006-07-31,Flood
INDOFLOODS-gauge-684-4,INDOFLOODS-gauge-684,17.0_74.0,17.0,74.0,MAPPED,2006-08-08,2006-08-08,Flood
INDOFLOODS-gauge-684-5,INDOFLOODS-gauge-684,17.0_74.0,17.0,74.0,MAPPED,2019-08-05,2019-08-07,Flood
INDOFLOODS-gauge-694-1,INDOFLOODS-gauge-694,20.0_86.0,20.0,86.0,MAPPED,2018-07-23,2018-07-23,Severe Flood
INDOFLOODS-gauge-705-1,INDOFLOODS-gauge-705,21.0_85.0,21.0,85.0,MAPPED,2019-07-28,2019-07-28,Severe Flood
INDOFLOODS-gauge-707-1,INDOFLOODS-gauge-707,21.0_86.0,21.0,86.0,MAPPED,1994-07-15,1994-07-16,Flood
INDOFLOODS-gauge-707-10,INDOFLOODS-gauge-707,21.0_86.0,21.0,86.0,MAPPED,1997-06-28,1997-06-28,Flood
INDOFLOODS-gauge-707-11,INDOFLOODS-gauge-707,21.0_86.0,21.0,86.0,MAPPED,1997-08-22,1997-08-23,Severe Flood
INDOFLOODS-gauge-707-12,INDOFLOODS-gauge-707,21.0_86.0,21.0,86.0,MAPPED,1997-08-30,1997-08-30,Flood
INDOFLOODS-gauge-707-13,INDOFLOODS-gauge-707,21.0_86.0,21.0,86.0,MAPPED,1998-09-13,1998-09-14,Flood
INDOFLOODS-gauge-707-14,INDOFLOODS-gauge-707,21.0_86.0,21.0,86.0,MAPPED,1999-08-08,1999-08-09,Flood
INDOFLOODS-gauge-707-15,INDOFLOODS-gauge-707,21.0_86.0,21.0,86.0,MAPPED,1999-10-31,1999-11-02,Severe Flood
INDOFLOODS-gauge-707-16,INDOFLOODS-gauge-707,21.0_86.0,21.0,86.0,MAPPED,2000-09-15,2000-09-15,Flood
INDOFLOODS-gauge-707-17,INDOFLOODS-gauge-707,21.0_86.0,21.0,86.0,MAPPED,2000-09-19,2000-09-19,Flood
INDOFLOODS-gauge-707-18,INDOFLOODS-gauge-707,21.0_86.0,21.0,86.0,MAPPED,2000-09-21,2000-09-21,Flood
INDOFLOODS-gauge-707-19,INDOFLOODS-gauge-707,21.0_86.0,21.0,86.0,MAPPED,2001-07-20,2001-07-21,Flood
INDOFLOODS-gauge-707-2,INDOFLOODS-gauge-707,21.0_86.0,21.0,86.0,MAPPED,1994-07-19,1994-07-20,Flood
INDOFLOODS-gauge-707-20,INDOFLOODS-gauge-707,21.0_86.0,21.0,86.0,MAPPED,2001-10-01,2001-10-02,Flood
INDOFLOODS-gauge-707-21,INDOFLOODS-gauge-707,21.0_86.0,21.0,86.0,MAPPED,2002-09-24,2002-09-24,Flood
INDOFLOODS-gauge-707-22,INDOFLOODS-gauge-707,21.0_86.0,21.0,86.0,MAPPED,2003-10-08,2003-10-10,Severe Flood
INDOFLOODS-gauge-707-23,INDOFLOODS-gauge-707,21.0_86.0,21.0,86.0,MAPPED,2004-10-06,2004-10-08,Flood
INDOFLOODS-gauge-707-24,INDOFLOODS-gauge-707,21.0_86.0,21.0,86.0,MAPPED,2005-09-13,2005-09-16,Flood
INDOFLOODS-gauge-707-25,INDOFLOODS-gauge-707,21.0_86.0,21.0,86.0,MAPPED,2005-10-21,2005-10-21,Flood
INDOFLOODS-gauge-707-26,INDOFLOODS-gauge-707,21.0_86.0,21.0,86.0,MAPPED,2005-10-23,2005-10-24,Flood
INDOFLOODS-gauge-707-27,INDOFLOODS-gauge-707,21.0_86.0,21.0,86.0,MAPPED,2006-08-18,2006-08-19,Flood
INDOFLOODS-gauge-707-28,INDOFLOODS-gauge-707,21.0_86.0,21.0,86.0,MAPPED,2006-08-23,2006-08-24,Flood
INDOFLOODS-gauge-707-29,INDOFLOODS-gauge-707,21.0_86.0,21.0,86.0,MAPPED,2006-09-05,2006-09-06,Flood
INDOFLOODS-gauge-707-3,INDOFLOODS-gauge-707,21.0_86.0,21.0,86.0,MAPPED,1994-08-19,1994-08-19,Flood
INDOFLOODS-gauge-707-30,INDOFLOODS-gauge-707,21.0_86.0,21.0,86.0,MAPPED,2007-07-07,2007-07-07,Flood
INDOFLOODS-gauge-707-31,INDOFLOODS-gauge-707,21.0_86.0,21.0,86.0,MAPPED,2007-08-14,2007-08-14,Flood
INDOFLOODS-gauge-707-32,INDOFLOODS-gauge-707,21.0_86.0,21.0,86.0,MAPPED,2007-08-20,2007-08-20,Flood
INDOFLOODS-gauge-707-33,INDOFLOODS-gauge-707,21.0_86.0,21.0,86.0,MAPPED,2007-09-23,2007-09-26,Severe Flood
INDOFLOODS-gauge-707-34,INDOFLOODS-gauge-707,21.0_86.0,21.0,86.0,MAPPED,2008-06-18,2008-06-19,Flood
INDOFLOODS-gauge-707-35,INDOFLOODS-gauge-707,21.0_86.0,21.0,86.0,MAPPED,2008-09-18,2008-09-18,Flood
INDOFLOODS-gauge-707-36,INDOFLOODS-gauge-707,21.0_86.0,21.0,86.0,MAPPED,2009-10-02,2009-10-03,Flood
INDOFLOODS-gauge-707-37,INDOFLOODS-gauge-707,21.0_86.0,21.0,86.0,MAPPED,2011-09-03,2011-09-04,Flood
INDOFLOODS-gauge-707-38,INDOFLOODS-gauge-707,21.0_86.0,21.0,86.0,MAPPED,2011-09-23,2011-09-24,Flood
INDOFLOODS-gauge-707-39,INDOFLOODS-gauge-707,21.0_86.0,21.0,86.0,MAPPED,2013-07-27,2013-07-27,Flood
INDOFLOODS-gauge-707-4,INDOFLOODS-gauge-707,21.0_86.0,21.0,86.0,MAPPED,1994-09-05,1994-09-06,Flood
INDOFLOODS-gauge-707-40,INDOFLOODS-gauge-707,21.0_86.0,21.0,86.0,MAPPED,2013-08-21,2013-08-22,Flood
INDOFLOODS-gauge-707-41,INDOFLOODS-gauge-707,21.0_86.0,21.0,86.0,MAPPED,2013-10-02,2013-10-03,Flood
INDOFLOODS-gauge-707-42,INDOFLOODS-gauge-707,21.0_86.0,21.0,86.0,MAPPED,2013-10-13,2013-10-15,Severe Flood
INDOFLOODS-gauge-707-43,INDOFLOODS-gauge-707,21.0_86.0,21.0,86.0,MAPPED,2013-10-25,2013-10-27,Flood
INDOFLOODS-gauge-707-44,INDOFLOODS-gauge-707,21.0_86.0,21.0,86.0,MAPPED,2014-08-05,2014-08-05,Severe Flood
INDOFLOODS-gauge-707-45,INDOFLOODS-gauge-707,21.0_86.0,21.0,86.0,MAPPED,2015-07-29,2015-07-29,Flood
INDOFLOODS-gauge-707-46,INDOFLOODS-gauge-707,21.0_86.0,21.0,86.0,MAPPED,2017-10-21,2017-10-22,Flood
INDOFLOODS-gauge-707-47,INDOFLOODS-gauge-707,21.0_86.0,21.0,86.0,MAPPED,2018-09-22,2018-09-22,Severe Flood
INDOFLOODS-gauge-707-48,INDOFLOODS-gauge-707,21.0_86.0,21.0,86.0,MAPPED,2018-10-13,2018-10-14,Severe Flood
INDOFLOODS-gauge-707-5,INDOFLOODS-gauge-707,21.0_86.0,21.0,86.0,MAPPED,1995-05-17,1995-05-17,Flood
INDOFLOODS-gauge-707-6,INDOFLOODS-gauge-707,21.0_86.0,21.0,86.0,MAPPED,1995-09-19,1995-09-19,Flood
INDOFLOODS-gauge-707-7,INDOFLOODS-gauge-707,21.0_86.0,21.0,86.0,MAPPED,1995-09-27,1995-09-27,Flood
INDOFLOODS-gauge-707-8,INDOFLOODS-gauge-707,21.0_86.0,21.0,86.0,MAPPED,1995-11-10,1995-11-12,Flood
INDOFLOODS-gauge-707-9,INDOFLOODS-gauge-707,21.0_86.0,21.0,86.0,MAPPED,1996-08-07,1996-08-07,Flood
INDOFLOODS-gauge-715-1,INDOFLOODS-gauge-715,19.0_84.0,19.0,84.0,MAPPED,1990-10-09,1990-10-09,Flood
INDOFLOODS-gauge-715-10,INDOFLOODS-gauge-715,19.0_84.0,19.0,84.0,MAPPED,1995-11-10,1995-11-11,Severe Flood
INDOFLOODS-gauge-715-11,INDOFLOODS-gauge-715,19.0_84.0,19.0,84.0,MAPPED,1997-08-22,1997-08-22,Severe Flood
INDOFLOODS-gauge-715-12,INDOFLOODS-gauge-715,19.0_84.0,19.0,84.0,MAPPED,1999-10-18,1999-10-20,Severe Flood
INDOFLOODS-gauge-715-13,INDOFLOODS-gauge-715,19.0_84.0,19.0,84.0,MAPPED,2003-08-29,2003-08-29,Flood
INDOFLOODS-gauge-715-14,INDOFLOODS-gauge-715,19.0_84.0,19.0,84.0,MAPPED,2003-10-07,2003-10-10,Severe Flood
INDOFLOODS-gauge-715-15,INDOFLOODS-gauge-715,19.0_84.0,19.0,84.0,MAPPED,2003-10-19,2003-10-19,Flood
INDOFLOODS-gauge-715-16,INDOFLOODS-gauge-715,19.0_84.0,19.0,84.0,MAPPED,2003-10-25,2003-10-26,Flood
INDOFLOODS-gauge-715-17,INDOFLOODS-gauge-715,19.0_84.0,19.0,84.0,MAPPED,2005-09-13,2005-09-14,Flood
INDOFLOODS-gauge-715-18,INDOFLOODS-gauge-715,19.0_84.0,19.0,84.0,MAPPED,2005-09-19,2005-09-20,Flood
INDOFLOODS-gauge-715-19,INDOFLOODS-gauge-715,19.0_84.0,19.0,84.0,MAPPED,2006-07-04,2006-07-05,Severe Flood
INDOFLOODS-gauge-715-2,INDOFLOODS-gauge-715,19.0_84.0,19.0,84.0,MAPPED,1991-07-29,1991-07-30,Flood
INDOFLOODS-gauge-715-20,INDOFLOODS-gauge-715,19.0_84.0,19.0,84.0,MAPPED,2006-08-30,2006-08-31,Flood
INDOFLOODS-gauge-715-21,INDOFLOODS-gauge-715,19.0_84.0,19.0,84.0,MAPPED,2006-09-30,2006-10-01,Flood
INDOFLOODS-gauge-715-22,INDOFLOODS-gauge-715,19.0_84.0,19.0,84.0,MAPPED,2007-08-07,2007-08-08,Severe Flood
INDOFLOODS-gauge-715-23,INDOFLOODS-gauge-715,19.0_84.0,19.0,84.0,MAPPED,2007-09-24,2007-09-24,Flood
INDOFLOODS-gauge-715-24,INDOFLOODS-gauge-715,19.0_84.0,19.0,84.0,MAPPED,2007-09-28,2007-09-28,Flood
INDOFLOODS-gauge-715-25,INDOFLOODS-gauge-715,19.0_84.0,19.0,84.0,MAPPED,2008-09-18,2008-09-19,Flood
INDOFLOODS-gauge-715-26,INDOFLOODS-gauge-715,19.0_84.0,19.0,84.0,MAPPED,2009-07-15,2009-07-15,Flood
INDOFLOODS-gauge-715-27,INDOFLOODS-gauge-715,19.0_84.0,19.0,84.0,MAPPED,2009-07-20,2009-07-21,Severe Flood
INDOFLOODS-gauge-715-28,INDOFLOODS-gauge-715,19.0_84.0,19.0,84.0,MAPPED,2009-10-04,2009-10-04,Flood
INDOFLOODS-gauge-715-29,INDOFLOODS-gauge-715,19.0_84.0,19.0,84.0,MAPPED,2010-11-09,2010-11-09,Flood
INDOFLOODS-gauge-715-3,INDOFLOODS-gauge-715,19.0_84.0,19.0,84.0,MAPPED,1992-06-19,1992-06-19,Flood
INDOFLOODS-gauge-715-30,INDOFLOODS-gauge-715,19.0_84.0,19.0,84.0,MAPPED,2012-11-03,2012-11-04,Flood
INDOFLOODS-gauge-715-31,INDOFLOODS-gauge-715,19.0_84.0,19.0,84.0,MAPPED,2013-10-13,2013-10-15,Severe Flood
INDOFLOODS-gauge-715-32,INDOFLOODS-gauge-715,19.0_84.0,19.0,84.0,MAPPED,2013-10-24,2013-10-28,Severe Flood
INDOFLOODS-gauge-715-33,INDOFLOODS-gauge-715,19.0_84.0,19.0,84.0,MAPPED,2014-10-14,2014-10-14,Flood
INDOFLOODS-gauge-715-34,INDOFLOODS-gauge-715,19.0_84.0,19.0,84.0,MAPPED,2018-10-12,2018-10-13,Severe Flood
INDOFLOODS-gauge-715-4,INDOFLOODS-gauge-715,19.0_84.0,19.0,84.0,MAPPED,1992-10-10,1992-10-10,Flood
INDOFLOODS-gauge-715-5,INDOFLOODS-gauge-715,19.0_84.0,19.0,84.0,MAPPED,1994-08-19,1994-08-19,Flood
INDOFLOODS-gauge-715-6,INDOFLOODS-gauge-715,19.0_84.0,19.0,84.0,MAPPED,1995-05-11,1995-05-16,Severe Flood
INDOFLOODS-gauge-715-7,INDOFLOODS-gauge-715,19.0_84.0,19.0,84.0,MAPPED,1995-09-01,1995-09-02,Flood
INDOFLOODS-gauge-715-8,INDOFLOODS-gauge-715,19.0_84.0,19.0,84.0,MAPPED,1995-10-09,1995-10-12,Flood
INDOFLOODS-gauge-715-9,INDOFLOODS-gauge-715,19.0_84.0,19.0,84.0,MAPPED,1995-10-14,1995-10-14,Flood
INDOFLOODS-gauge-724-1,INDOFLOODS-gauge-724,19.0_83.0,19.0,83.0,MAPPED,1991-07-29,1991-07-29,Severe Flood
INDOFLOODS-gauge-724-10,INDOFLOODS-gauge-724,19.0_83.0,19.0,83.0,MAPPED,2003-10-07,2003-10-08,Severe Flood
INDOFLOODS-gauge-724-11,INDOFLOODS-gauge-724,19.0_83.0,19.0,83.0,MAPPED,2005-09-13,2005-09-13,Flood
INDOFLOODS-gauge-724-12,INDOFLOODS-gauge-724,19.0_83.0,19.0,83.0,MAPPED,2005-09-19,2005-09-19,Flood
INDOFLOODS-gauge-724-13,INDOFLOODS-gauge-724,19.0_83.0,19.0,83.0,MAPPED,2006-07-03,2006-07-04,Severe Flood
INDOFLOODS-gauge-724-14,INDOFLOODS-gauge-724,19.0_83.0,19.0,83.0,MAPPED,2006-08-03,2006-08-04,Severe Flood
INDOFLOODS-gauge-724-15,INDOFLOODS-gauge-724,19.0_83.0,19.0,83.0,MAPPED,2006-08-23,2006-08-23,Flood
INDOFLOODS-gauge-724-16,INDOFLOODS-gauge-724,19.0_83.0,19.0,83.0,MAPPED,2006-08-30,2006-08-30,Flood
INDOFLOODS-gauge-724-17,INDOFLOODS-gauge-724,19.0_83.0,19.0,83.0,MAPPED,2006-09-30,2006-09-30,Flood
INDOFLOODS-gauge-724-18,INDOFLOODS-gauge-724,19.0_83.0,19.0,83.0,MAPPED,2007-08-07,2007-08-07,Severe Flood
INDOFLOODS-gauge-724-19,INDOFLOODS-gauge-724,19.0_83.0,19.0,83.0,MAPPED,2008-09-17,2008-09-18,Severe Flood
INDOFLOODS-gauge-724-2,INDOFLOODS-gauge-724,19.0_83.0,19.0,83.0,MAPPED,1991-08-13,1991-08-13,Flood
INDOFLOODS-gauge-724-20,INDOFLOODS-gauge-724,19.0_83.0,19.0,83.0,MAPPED,2009-07-19,2009-07-19,Severe Flood
INDOFLOODS-gauge-724-21,INDOFLOODS-gauge-724,19.0_83.0,19.0,83.0,MAPPED,2013-10-28,2013-10-28,Flood
INDOFLOODS-gauge-724-22,INDOFLOODS-gauge-724,19.0_83.0,19.0,83.0,MAPPED,2014-08-04,2014-08-04,Flood
INDOFLOODS-gauge-724-23,INDOFLOODS-gauge-724,19.0_83.0,19.0,83.0,MAPPED,2014-09-07,2014-09-07,Severe Flood
INDOFLOODS-gauge-724-24,INDOFLOODS-gauge-724,19.0_83.0,19.0,83.0,MAPPED,2014-10-13,2014-10-13,Flood
INDOFLOODS-gauge-724-25,INDOFLOODS-gauge-724,19.0_83.0,19.0,83.0,MAPPED,2017-07-19,2017-07-19,Flood
INDOFLOODS-gauge-724-26,INDOFLOODS-gauge-724,19.0_83.0,19.0,83.0,MAPPED,2018-07-15,2018-07-15,Flood
INDOFLOODS-gauge-724-27,INDOFLOODS-gauge-724,19.0_83.0,19.0,83.0,MAPPED,2018-07-21,2018-07-21,Flood
INDOFLOODS-gauge-724-28,INDOFLOODS-gauge-724,19.0_83.0,19.0,83.0,MAPPED,2018-10-12,2018-10-12,Severe Flood
INDOFLOODS-gauge-724-3,INDOFLOODS-gauge-724,19.0_83.0,19.0,83.0,MAPPED,1992-07-26,1992-07-28,Severe Flood
INDOFLOODS-gauge-724-4,INDOFLOODS-gauge-724,19.0_83.0,19.0,83.0,MAPPED,1994-09-04,1994-09-05,Severe Flood
INDOFLOODS-gauge-724-5,INDOFLOODS-gauge-724,19.0_83.0,19.0,83.0,MAPPED,1997-08-21,1997-08-21,Severe Flood
INDOFLOODS-gauge-724-6,INDOFLOODS-gauge-724,19.0_83.0,19.0,83.0,MAPPED,2001-07-07,2001-07-07,Flood
INDOFLOODS-gauge-724-7,INDOFLOODS-gauge-724,19.0_83.0,19.0,83.0,MAPPED,2001-08-10,2001-08-10,Flood
INDOFLOODS-gauge-724-8,INDOFLOODS-gauge-724,19.0_83.0,19.0,83.0,MAPPED,2003-08-28,2003-08-28,Flood
INDOFLOODS-gauge-724-9,INDOFLOODS-gauge-724,19.0_83.0,19.0,83.0,MAPPED,2003-09-06,2003-09-07,Severe Flood
INDOFLOODS-gauge-727-1,INDOFLOODS-gauge-727,22.0_86.0,22.0,86.0,MAPPED,2004-08-15,2004-08-16,Flood
INDOFLOODS-gauge-727-10,INDOFLOODS-gauge-727,22.0_86.0,22.0,86.0,MAPPED,2007-09-24,2007-09-28,Severe Flood
INDOFLOODS-gauge-727-11,INDOFLOODS-gauge-727,22.0_86.0,22.0,86.0,MAPPED,2011-06-19,2011-06-20,Severe Flood
INDOFLOODS-gauge-727-12,INDOFLOODS-gauge-727,22.0_86.0,22.0,86.0,MAPPED,2011-08-13,2011-08-16,Severe Flood
INDOFLOODS-gauge-727-13,INDOFLOODS-gauge-727,22.0_86.0,22.0,86.0,MAPPED,2011-08-18,2011-08-18,Flood
INDOFLOODS-gauge-727-14,INDOFLOODS-gauge-727,22.0_86.0,22.0,86.0,MAPPED,2011-09-10,2011-09-11,Severe Flood
INDOFLOODS-gauge-727-15,INDOFLOODS-gauge-727,22.0_86.0,22.0,86.0,MAPPED,2011-09-23,2011-09-25,Severe Flood
INDOFLOODS-gauge-727-16,INDOFLOODS-gauge-727,22.0_86.0,22.0,86.0,MAPPED,2013-10-02,2013-10-04,Flood
INDOFLOODS-gauge-727-17,INDOFLOODS-gauge-727,22.0_86.0,22.0,86.0,MAPPED,2013-10-14,2013-10-16,Severe Flood
INDOFLOODS-gauge-727-18,INDOFLOODS-gauge-727,22.0_86.0,22.0,86.0,MAPPED,2019-10-26,2019-10-26,Flood
INDOFLOODS-gauge-727-2,INDOFLOODS-gauge-727,22.0_86.0,22.0,86.0,MAPPED,2004-08-19,2004-08-19,Flood
INDOFLOODS-gauge-727-3,INDOFLOODS-gauge-727,22.0_86.0,22.0,86.0,MAPPED,2004-08-21,2004-08-23,Severe Flood
INDOFLOODS-gauge-727-4,INDOFLOODS-gauge-727,22.0_86.0,22.0,86.0,MAPPED,2004-10-08,2004-10-08,Flood
INDOFLOODS-gauge-727-5,INDOFLOODS-gauge-727,22.0_86.0,22.0,86.0,MAPPED,2006-07-30,2006-08-01,Severe Flood
INDOFLOODS-gauge-727-6,INDOFLOODS-gauge-727,22.0_86.0,22.0,86.0,MAPPED,2006-08-17,2006-08-26,Flood
INDOFLOODS-gauge-727-7,INDOFLOODS-gauge-727,22.0_86.0,22.0,86.0,MAPPED,2007-07-17,2007-07-17,Flood
INDOFLOODS-gauge-727-8,INDOFLOODS-gauge-727,22.0_86.0,22.0,86.0,MAPPED,2007-08-13,2007-08-15,Severe Flood
INDOFLOODS-gauge-727-9,INDOFLOODS-gauge-727,22.0_86.0,22.0,86.0,MAPPED,2007-08-20,2007-08-21,Severe Flood
INDOFLOODS-gauge-731-1,INDOFLOODS-gauge-731,21.0_87.0,21.0,87.0,MAPPED,2017-07-25,2017-08-13,Severe Flood
INDOFLOODS-gauge-731-10,INDOFLOODS-gauge-731,21.0_87.0,21.0,87.0,MAPPED,2018-08-29,2018-09-13,Severe Flood
INDOFLOODS-gauge-731-11,INDOFLOODS-gauge-731,21.0_87.0,21.0,87.0,MAPPED,2018-09-24,2018-09-24,Flood
INDOFLOODS-gauge-731-2,INDOFLOODS-gauge-731,21.0_87.0,21.0,87.0,MAPPED,2017-08-16,2017-08-25,Severe Flood
INDOFLOODS-gauge-731-3,INDOFLOODS-gauge-731,21.0_87.0,21.0,87.0,MAPPED,2017-08-29,2017-09-05,Flood
INDOFLOODS-gauge-731-4,INDOFLOODS-gauge-731,21.0_87.0,21.0,87.0,MAPPED,2017-09-20,2017-09-20,Flood
INDOFLOODS-gauge-731-5,INDOFLOODS-gauge-731,21.0_87.0,21.0,87.0,MAPPED,2017-10-08,2017-10-08,Flood
INDOFLOODS-gauge-731-6,INDOFLOODS-gauge-731,21.0_87.0,21.0,87.0,MAPPED,2017-10-22,2017-10-25,Severe Flood
INDOFLOODS-gauge-731-7,INDOFLOODS-gauge-731,21.0_87.0,21.0,87.0,MAPPED,2018-08-02,2018-08-03,Flood
INDOFLOODS-gauge-731-8,INDOFLOODS-gauge-731,21.0_87.0,21.0,87.0,MAPPED,2018-08-07,2018-08-12,Severe Flood
INDOFLOODS-gauge-731-9,INDOFLOODS-gauge-731,21.0_87.0,21.0,87.0,MAPPED,2018-08-23,2018-08-23,Flood
INDOFLOODS-gauge-734-1,INDOFLOODS-gauge-734,20.0_85.0,20.0,85.0,MAPPED,2018-07-23,2018-07-23,Flood
INDOFLOODS-gauge-739-1,INDOFLOODS-gauge-739,21.0_86.0,21.0,86.0,MAPPED,1972-08-14,1972-08-14,Severe Flood
INDOFLOODS-gauge-739-10,INDOFLOODS-gauge-739,21.0_86.0,21.0,86.0,MAPPED,1976-08-14,1976-08-14,Flood
INDOFLOODS-gauge-739-11,INDOFLOODS-gauge-739,21.0_86.0,21.0,86.0,MAPPED,1978-09-02,1978-09-03,Severe Flood
INDOFLOODS-gauge-739-12,INDOFLOODS-gauge-739,21.0_86.0,21.0,86.0,MAPPED,1979-08-08,1979-08-09,Severe Flood
INDOFLOODS-gauge-739-13,INDOFLOODS-gauge-739,21.0_86.0,21.0,86.0,MAPPED,1983-09-06,1983-09-07,Flood
INDOFLOODS-gauge-739-14,INDOFLOODS-gauge-739,21.0_86.0,21.0,86.0,MAPPED,1983-09-17,1983-09-17,Severe Flood
INDOFLOODS-gauge-739-15,INDOFLOODS-gauge-739,21.0_86.0,21.0,86.0,MAPPED,1984-06-24,1984-06-24,Flood
INDOFLOODS-gauge-739-16,INDOFLOODS-gauge-739,21.0_86.0,21.0,86.0,MAPPED,1984-08-17,1984-08-18,Flood
INDOFLOODS-gauge-739-17,INDOFLOODS-gauge-739,21.0_86.0,21.0,86.0,MAPPED,1984-08-27,1984-08-28,Severe Flood
INDOFLOODS-gauge-739-18,INDOFLOODS-gauge-739,21.0_86.0,21.0,86.0,MAPPED,1985-08-06,1985-08-07,Severe Flood
INDOFLOODS-gauge-739-19,INDOFLOODS-gauge-739,21.0_86.0,21.0,86.0,MAPPED,1985-08-28,1985-08-29,Severe Flood
INDOFLOODS-gauge-739-2,INDOFLOODS-gauge-739,21.0_86.0,21.0,86.0,MAPPED,1972-09-11,1972-09-13,Severe Flood
INDOFLOODS-gauge-739-20,INDOFLOODS-gauge-739,21.0_86.0,21.0,86.0,MAPPED,1985-09-05,1985-09-05,Flood
INDOFLOODS-gauge-739-21,INDOFLOODS-gauge-739,21.0_86.0,21.0,86.0,MAPPED,1985-09-15,1985-09-16,Severe Flood
INDOFLOODS-gauge-739-22,INDOFLOODS-gauge-739,21.0_86.0,21.0,86.0,MAPPED,1985-10-16,1985-10-17,Severe Flood
INDOFLOODS-gauge-739-23,INDOFLOODS-gauge-739,21.0_86.0,21.0,86.0,MAPPED,1988-08-03,1988-08-04,Severe Flood
INDOFLOODS-gauge-739-24,INDOFLOODS-gauge-739,21.0_86.0,21.0,86.0,MAPPED,1989-06-22,1989-06-22,Flood
INDOFLOODS-gauge-739-25,INDOFLOODS-gauge-739,21.0_86.0,21.0,86.0,MAPPED,1989-08-04,1989-08-05,Severe Flood
INDOFLOODS-gauge-739-26,INDOFLOODS-gauge-739,21.0_86.0,21.0,86.0,MAPPED,1990-06-15,1990-06-15,Flood
INDOFLOODS-gauge-739-27,INDOFLOODS-gauge-739,21.0_86.0,21.0,86.0,MAPPED,1990-07-15,1990-07-15,Flood
INDOFLOODS-gauge-739-28,INDOFLOODS-gauge-739,21.0_86.0,21.0,86.0,MAPPED,1991-07-23,1991-07-23,Flood
INDOFLOODS-gauge-739-29,INDOFLOODS-gauge-739,21.0_86.0,21.0,86.0,MAPPED,1991-08-13,1991-08-14,Severe Flood
INDOFLOODS-gauge-739-3,INDOFLOODS-gauge-739,21.0_86.0,21.0,86.0,MAPPED,1973-07-20,1973-07-21,Severe Flood
INDOFLOODS-gauge-739-30,INDOFLOODS-gauge-739,21.0_86.0,21.0,86.0,MAPPED,1991-08-23,1991-08-23,Flood
INDOFLOODS-gauge-739-31,INDOFLOODS-gauge-739,21.0_86.0,21.0,86.0,MAPPED,1993-07-16,1993-07-16,Flood
INDOFLOODS-gauge-739-32,INDOFLOODS-gauge-739,21.0_86.0,21.0,86.0,MAPPED,1994-06-29,1994-06-29,Severe Flood
INDOFLOODS-gauge-739-33,INDOFLOODS-gauge-739,21.0_86.0,21.0,86.0,MAPPED,1994-08-04,1994-08-04,Flood
INDOFLOODS-gauge-739-34,INDOFLOODS-gauge-739,21.0_86.0,21.0,86.0,MAPPED,1995-08-09,1995-08-10,Severe Flood
INDOFLOODS-gauge-739-35,INDOFLOODS-gauge-739,21.0_86.0,21.0,86.0,MAPPED,1996-06-23,1996-06-23,Severe Flood
INDOFLOODS-gauge-739-36,INDOFLOODS-gauge-739,21.0_86.0,21.0,86.0,MAPPED,1996-08-07,1996-08-07,Severe Flood
INDOFLOODS-gauge-739-37,INDOFLOODS-gauge-739,21.0_86.0,21.0,86.0,MAPPED,1997-06-29,1997-06-29,Flood
INDOFLOODS-gauge-739-38,INDOFLOODS-gauge-739,21.0_86.0,21.0,86.0,MAPPED,1997-08-05,1997-08-06,Severe Flood
INDOFLOODS-gauge-739-39,INDOFLOODS-gauge-739,21.0_86.0,21.0,86.0,MAPPED,1999-08-08,1999-08-08,Severe Flood
INDOFLOODS-gauge-739-4,INDOFLOODS-gauge-739,21.0_86.0,21.0,86.0,MAPPED,1973-08-27,1973-08-28,Flood
INDOFLOODS-gauge-739-40,INDOFLOODS-gauge-739,21.0_86.0,21.0,86.0,MAPPED,1999-10-30,1999-10-31,Severe Flood
INDOFLOODS-gauge-739-41,INDOFLOODS-gauge-739,21.0_86.0,21.0,86.0,MAPPED,2000-07-18,2000-07-18,Flood
INDOFLOODS-gauge-739-42,INDOFLOODS-gauge-739,21.0_86.0,21.0,86.0,MAPPED,2000-09-15,2000-09-15,Flood
INDOFLOODS-gauge-739-43,INDOFLOODS-gauge-739,21.0_86.0,21.0,86.0,MAPPED,2001-07-04,2001-07-04,Flood
INDOFLOODS-gauge-739-44,INDOFLOODS-gauge-739,21.0_86.0,21.0,86.0,MAPPED,2001-07-12,2001-07-12,Severe Flood
INDOFLOODS-gauge-739-45,INDOFLOODS-gauge-739,21.0_86.0,21.0,86.0,MAPPED,2001-07-22,2001-07-22,Flood
INDOFLOODS-gauge-739-46,INDOFLOODS-gauge-739,21.0_86.0,21.0,86.0,MAPPED,2001-08-15,2001-08-15,Severe Flood
INDOFLOODS-gauge-739-47,INDOFLOODS-gauge-739,21.0_86.0,21.0,86.0,MAPPED,2003-06-21,2003-06-21,Flood
INDOFLOODS-gauge-739-48,INDOFLOODS-gauge-739,21.0_86.0,21.0,86.0,MAPPED,2003-07-31,2003-08-01,Flood
INDOFLOODS-gauge-739-49,INDOFLOODS-gauge-739,21.0_86.0,21.0,86.0,MAPPED,2003-10-08,2003-10-09,Flood
INDOFLOODS-gauge-739-5,INDOFLOODS-gauge-739,21.0_86.0,21.0,86.0,MAPPED,1973-09-02,1973-09-04,Severe Flood
INDOFLOODS-gauge-739-50,INDOFLOODS-gauge-739,21.0_86.0,21.0,86.0,MAPPED,2004-08-21,2004-08-21,Severe Flood
INDOFLOODS-gauge-739-51,INDOFLOODS-gauge-739,21.0_86.0,21.0,86.0,MAPPED,2005-06-28,2005-06-30,Severe Flood
INDOFLOODS-gauge-739-52,INDOFLOODS-gauge-739,21.0_86.0,21.0,86.0,MAPPED,2005-07-30,2005-07-31,Flood
INDOFLOODS-gauge-739-53,INDOFLOODS-gauge-739,21.0_86.0,21.0,86.0,MAPPED,2005-08-05,2005-08-05,Flood
INDOFLOODS-gauge-739-54,INDOFLOODS-gauge-739,21.0_86.0,21.0,86.0,MAPPED,2006-08-01,2006-08-02,Flood
INDOFLOODS-gauge-739-55,INDOFLOODS-gauge-739,21.0_86.0,21.0,86.0,MAPPED,2006-08-18,2006-08-18,Flood
INDOFLOODS-gauge-739-56,INDOFLOODS-gauge-739,21.0_86.0,21.0,86.0,MAPPED,2006-08-23,2006-08-23,Severe Flood
INDOFLOODS-gauge-739-57,INDOFLOODS-gauge-739,21.0_86.0,21.0,86.0,MAPPED,2006-09-05,2006-09-05,Flood
INDOFLOODS-gauge-739-58,INDOFLOODS-gauge-739,21.0_86.0,21.0,86.0,MAPPED,2007-07-07,2007-07-08,Severe Flood
INDOFLOODS-gauge-739-59,INDOFLOODS-gauge-739,21.0_86.0,21.0,86.0,MAPPED,2007-08-13,2007-08-14,Severe Flood
INDOFLOODS-gauge-739-6,INDOFLOODS-gauge-739,21.0_86.0,21.0,86.0,MAPPED,1973-09-25,1973-09-25,Flood
INDOFLOODS-gauge-739-60,INDOFLOODS-gauge-739,21.0_86.0,21.0,86.0,MAPPED,2007-08-20,2007-08-21,Severe Flood
INDOFLOODS-gauge-739-61,INDOFLOODS-gauge-739,21.0_86.0,21.0,86.0,MAPPED,2007-09-24,2007-09-26,Severe Flood
INDOFLOODS-gauge-739-62,INDOFLOODS-gauge-739,21.0_86.0,21.0,86.0,MAPPED,2008-06-18,2008-06-19,Severe Flood
INDOFLOODS-gauge-739-63,INDOFLOODS-gauge-739,21.0_86.0,21.0,86.0,MAPPED,2008-08-21,2008-08-21,Flood
INDOFLOODS-gauge-739-64,INDOFLOODS-gauge-739,21.0_86.0,21.0,86.0,MAPPED,2008-09-18,2008-09-18,Severe Flood
INDOFLOODS-gauge-739-65,INDOFLOODS-gauge-739,21.0_86.0,21.0,86.0,MAPPED,2009-07-21,2009-07-21,Flood
INDOFLOODS-gauge-739-66,INDOFLOODS-gauge-739,21.0_86.0,21.0,86.0,MAPPED,2011-09-07,2011-09-07,Flood
INDOFLOODS-gauge-739-67,INDOFLOODS-gauge-739,21.0_86.0,21.0,86.0,MAPPED,2011-09-16,2011-09-16,Severe Flood
INDOFLOODS-gauge-739-68,INDOFLOODS-gauge-739,21.0_86.0,21.0,86.0,MAPPED,2011-09-22,2011-09-25,Severe Flood
INDOFLOODS-gauge-739-69,INDOFLOODS-gauge-739,21.0_86.0,21.0,86.0,MAPPED,2013-07-27,2013-07-27,Flood
INDOFLOODS-gauge-739-7,INDOFLOODS-gauge-739,21.0_86.0,21.0,86.0,MAPPED,1974-08-16,1974-08-17,Severe Flood
INDOFLOODS-gauge-739-70,INDOFLOODS-gauge-739,21.0_86.0,21.0,86.0,MAPPED,2013-07-31,2013-07-31,Flood
INDOFLOODS-gauge-739-71,INDOFLOODS-gauge-739,21.0_86.0,21.0,86.0,MAPPED,2013-08-21,2013-08-21,Severe Flood
INDOFLOODS-gauge-739-72,INDOFLOODS-gauge-739,21.0_86.0,21.0,86.0,MAPPED,2013-09-20,2013-09-20,Severe Flood
INDOFLOODS-gauge-739-73,INDOFLOODS-gauge-739,21.0_86.0,21.0,86.0,MAPPED,2013-10-13,2013-10-14,Severe Flood
INDOFLOODS-gauge-739-74,INDOFLOODS-gauge-739,21.0_86.0,21.0,86.0,MAPPED,2014-07-21,2014-07-22,Severe Flood
INDOFLOODS-gauge-739-75,INDOFLOODS-gauge-739,21.0_86.0,21.0,86.0,MAPPED,2014-08-05,2014-08-06,Severe Flood
INDOFLOODS-gauge-739-76,INDOFLOODS-gauge-739,21.0_86.0,21.0,86.0,MAPPED,2014-08-10,2014-08-10,Flood
INDOFLOODS-gauge-739-77,INDOFLOODS-gauge-739,21.0_86.0,21.0,86.0,MAPPED,2015-07-28,2015-07-29,Severe Flood
INDOFLOODS-gauge-739-78,INDOFLOODS-gauge-739,21.0_86.0,21.0,86.0,MAPPED,2017-07-24,2017-07-25,Flood
INDOFLOODS-gauge-739-8,INDOFLOODS-gauge-739,21.0_86.0,21.0,86.0,MAPPED,1974-09-30,1974-09-30,Flood
INDOFLOODS-gauge-739-9,INDOFLOODS-gauge-739,21.0_86.0,21.0,86.0,MAPPED,1975-08-19,1975-08-21,Severe Flood
INDOFLOODS-gauge-759-1,INDOFLOODS-gauge-759,20.0_86.0,20.0,86.0,MAPPED,1991-08-13,1991-08-14,Flood
INDOFLOODS-gauge-759-10,INDOFLOODS-gauge-759,20.0_86.0,20.0,86.0,MAPPED,1998-09-14,1998-09-14,Flood
INDOFLOODS-gauge-759-11,INDOFLOODS-gauge-759,20.0_86.0,20.0,86.0,MAPPED,1999-08-10,1999-08-11,Flood
INDOFLOODS-gauge-759-12,INDOFLOODS-gauge-759,20.0_86.0,20.0,86.0,MAPPED,1999-09-15,1999-09-17,Flood
INDOFLOODS-gauge-759-13,INDOFLOODS-gauge-759,20.0_86.0,20.0,86.0,MAPPED,1999-10-31,1999-10-31,Flood
INDOFLOODS-gauge-759-14,INDOFLOODS-gauge-759,20.0_86.0,20.0,86.0,MAPPED,2001-07-17,2001-07-18,Flood
INDOFLOODS-gauge-759-15,INDOFLOODS-gauge-759,20.0_86.0,20.0,86.0,MAPPED,2001-07-20,2001-07-26,Severe Flood
INDOFLOODS-gauge-759-16,INDOFLOODS-gauge-759,20.0_86.0,20.0,86.0,MAPPED,2001-09-03,2001-09-03,Flood
INDOFLOODS-gauge-759-17,INDOFLOODS-gauge-759,20.0_86.0,20.0,86.0,MAPPED,2003-10-27,2003-10-27,Flood
INDOFLOODS-gauge-759-18,INDOFLOODS-gauge-759,20.0_86.0,20.0,86.0,MAPPED,2005-07-30,2005-08-01,Severe Flood
INDOFLOODS-gauge-759-19,INDOFLOODS-gauge-759,20.0_86.0,20.0,86.0,MAPPED,2006-08-24,2006-08-25,Severe Flood
INDOFLOODS-gauge-759-2,INDOFLOODS-gauge-759,20.0_86.0,20.0,86.0,MAPPED,1991-08-16,1991-08-16,Flood
INDOFLOODS-gauge-759-20,INDOFLOODS-gauge-759,20.0_86.0,20.0,86.0,MAPPED,2007-08-22,2007-08-22,Flood
INDOFLOODS-gauge-759-21,INDOFLOODS-gauge-759,20.0_86.0,20.0,86.0,MAPPED,2007-09-27,2007-09-28,Flood
INDOFLOODS-gauge-759-22,INDOFLOODS-gauge-759,20.0_86.0,20.0,86.0,MAPPED,2008-09-18,2008-09-19,Flood
INDOFLOODS-gauge-759-23,INDOFLOODS-gauge-759,20.0_86.0,20.0,86.0,MAPPED,2009-07-22,2009-07-22,Flood
INDOFLOODS-gauge-759-24,INDOFLOODS-gauge-759,20.0_86.0,20.0,86.0,MAPPED,2011-09-07,2011-09-07,Flood
INDOFLOODS-gauge-759-25,INDOFLOODS-gauge-759,20.0_86.0,20.0,86.0,MAPPED,2011-09-11,2011-09-11,Flood
INDOFLOODS-gauge-759-26,INDOFLOODS-gauge-759,20.0_86.0,20.0,86.0,MAPPED,2011-09-22,2011-09-27,Severe Flood
INDOFLOODS-gauge-759-27,INDOFLOODS-gauge-759,20.0_86.0,20.0,86.0,MAPPED,2014-08-06,2014-08-06,Flood
INDOFLOODS-gauge-759-28,INDOFLOODS-gauge-759,20.0_86.0,20.0,86.0,MAPPED,2017-07-29,2017-07-30,Flood
INDOFLOODS-gauge-759-3,INDOFLOODS-gauge-759,20.0_86.0,20.0,86.0,MAPPED,1994-07-11,1994-07-11,Flood
INDOFLOODS-gauge-759-4,INDOFLOODS-gauge-759,20.0_86.0,20.0,86.0,MAPPED,1994-07-18,1994-07-18,Flood
INDOFLOODS-gauge-759-5,INDOFLOODS-gauge-759,20.0_86.0,20.0,86.0,MAPPED,1994-07-22,1994-07-22,Flood
INDOFLOODS-gauge-759-6,INDOFLOODS-gauge-759,20.0_86.0,20.0,86.0,MAPPED,1994-08-03,1994-08-07,Flood
INDOFLOODS-gauge-759-7,INDOFLOODS-gauge-759,20.0_86.0,20.0,86.0,MAPPED,1994-08-30,1994-08-30,Flood
INDOFLOODS-gauge-759-8,INDOFLOODS-gauge-759,20.0_86.0,20.0,86.0,MAPPED,1994-09-19,1994-09-20,Flood
INDOFLOODS-gauge-759-9,INDOFLOODS-gauge-759,20.0_86.0,20.0,86.0,MAPPED,1997-08-06,1997-08-06,Flood
INDOFLOODS-gauge-768-1,INDOFLOODS-gauge-768,18.0_83.0,18.0,83.0,MAPPED,2014-05-27,2014-05-28,Severe Flood
INDOFLOODS-gauge-768-10,INDOFLOODS-gauge-768,18.0_83.0,18.0,83.0,MAPPED,2015-08-22,2015-08-23,Flood
INDOFLOODS-gauge-768-11,INDOFLOODS-gauge-768,18.0_83.0,18.0,83.0,MAPPED,2015-08-29,2015-09-01,Flood
INDOFLOODS-gauge-768-12,INDOFLOODS-gauge-768,18.0_83.0,18.0,83.0,MAPPED,2015-09-07,2015-09-07,Flood
INDOFLOODS-gauge-768-13,INDOFLOODS-gauge-768,18.0_83.0,18.0,83.0,MAPPED,2015-09-16,2015-09-29,Severe Flood
INDOFLOODS-gauge-768-14,INDOFLOODS-gauge-768,18.0_83.0,18.0,83.0,MAPPED,2016-07-03,2016-07-03,Flood
INDOFLOODS-gauge-768-15,INDOFLOODS-gauge-768,18.0_83.0,18.0,83.0,MAPPED,2016-07-22,2016-07-22,Flood
INDOFLOODS-gauge-768-16,INDOFLOODS-gauge-768,18.0_83.0,18.0,83.0,MAPPED,2016-08-02,2016-08-02,Flood
INDOFLOODS-gauge-768-17,INDOFLOODS-gauge-768,18.0_83.0,18.0,83.0,MAPPED,2016-08-05,2016-08-09,Severe Flood
INDOFLOODS-gauge-768-18,INDOFLOODS-gauge-768,18.0_83.0,18.0,83.0,MAPPED,2016-08-13,2016-08-13,Flood
INDOFLOODS-gauge-768-19,INDOFLOODS-gauge-768,18.0_83.0,18.0,83.0,MAPPED,2016-08-28,2016-08-28,Flood
INDOFLOODS-gauge-768-2,INDOFLOODS-gauge-768,18.0_83.0,18.0,83.0,MAPPED,2014-07-16,2014-07-16,Flood
INDOFLOODS-gauge-768-20,INDOFLOODS-gauge-768,18.0_83.0,18.0,83.0,MAPPED,2016-09-03,2016-09-08,Severe Flood
INDOFLOODS-gauge-768-21,INDOFLOODS-gauge-768,18.0_83.0,18.0,83.0,MAPPED,2016-09-12,2016-09-18,Flood
INDOFLOODS-gauge-768-22,INDOFLOODS-gauge-768,18.0_83.0,18.0,83.0,MAPPED,2016-09-20,2016-09-21,Flood
INDOFLOODS-gauge-768-23,INDOFLOODS-gauge-768,18.0_83.0,18.0,83.0,MAPPED,2016-09-24,2016-10-15,Flood
INDOFLOODS-gauge-768-24,INDOFLOODS-gauge-768,18.0_83.0,18.0,83.0,MAPPED,2017-06-23,2017-06-23,Flood
INDOFLOODS-gauge-768-25,INDOFLOODS-gauge-768,18.0_83.0,18.0,83.0,MAPPED,2017-07-17,2017-07-22,Severe Flood
INDOFLOODS-gauge-768-26,INDOFLOODS-gauge-768,18.0_83.0,18.0,83.0,MAPPED,2017-08-15,2017-08-15,Flood
INDOFLOODS-gauge-768-27,INDOFLOODS-gauge-768,18.0_83.0,18.0,83.0,MAPPED,2017-08-17,2017-09-04,Severe Flood
INDOFLOODS-gauge-768-28,INDOFLOODS-gauge-768,18.0_83.0,18.0,83.0,MAPPED,2017-09-07,2017-09-08,Flood
INDOFLOODS-gauge-768-29,INDOFLOODS-gauge-768,18.0_83.0,18.0,83.0,MAPPED,2017-09-10,2017-09-10,Flood
INDOFLOODS-gauge-768-3,INDOFLOODS-gauge-768,18.0_83.0,18.0,83.0,MAPPED,2014-07-19,2014-07-25,Severe Flood
INDOFLOODS-gauge-768-30,INDOFLOODS-gauge-768,18.0_83.0,18.0,83.0,MAPPED,2017-09-15,2017-09-15,Flood
INDOFLOODS-gauge-768-31,INDOFLOODS-gauge-768,18.0_83.0,18.0,83.0,MAPPED,2017-09-18,2017-09-19,Flood
INDOFLOODS-gauge-768-32,INDOFLOODS-gauge-768,18.0_83.0,18.0,83.0,MAPPED,2017-09-21,2017-09-22,Flood
INDOFLOODS-gauge-768-33,INDOFLOODS-gauge-768,18.0_83.0,18.0,83.0,MAPPED,2017-09-26,2017-10-16,Severe Flood
INDOFLOODS-gauge-768-34,INDOFLOODS-gauge-768,18.0_83.0,18.0,83.0,MAPPED,2017-10-21,2017-11-03,Severe Flood
INDOFLOODS-gauge-768-35,INDOFLOODS-gauge-768,18.0_83.0,18.0,83.0,MAPPED,2017-11-20,2017-11-20,Flood
INDOFLOODS-gauge-768-36,INDOFLOODS-gauge-768,18.0_83.0,18.0,83.0,MAPPED,2018-07-15,2018-07-15,Severe Flood
INDOFLOODS-gauge-768-37,INDOFLOODS-gauge-768,18.0_83.0,18.0,83.0,MAPPED,2018-07-21,2018-07-22,Flood
INDOFLOODS-gauge-768-38,INDOFLOODS-gauge-768,18.0_83.0,18.0,83.0,MAPPED,2018-08-01,2018-08-04,Flood
INDOFLOODS-gauge-768-39,INDOFLOODS-gauge-768,18.0_83.0,18.0,83.0,MAPPED,2018-08-08,2018-09-14,Severe Flood
INDOFLOODS-gauge-768-4,INDOFLOODS-gauge-768,18.0_83.0,18.0,83.0,MAPPED,2014-07-29,2014-09-25,Severe Flood
INDOFLOODS-gauge-768-40,INDOFLOODS-gauge-768,18.0_83.0,18.0,83.0,MAPPED,2018-09-18,2018-10-03,Severe Flood
INDOFLOODS-gauge-768-41,INDOFLOODS-gauge-768,18.0_83.0,18.0,83.0,MAPPED,2018-10-12,2018-10-26,Severe Flood
INDOFLOODS-gauge-768-42,INDOFLOODS-gauge-768,18.0_83.0,18.0,83.0,MAPPED,2019-08-07,2019-08-07,Severe Flood
INDOFLOODS-gauge-768-43,INDOFLOODS-gauge-768,18.0_83.0,18.0,83.0,MAPPED,2019-08-13,2019-08-13,Flood
INDOFLOODS-gauge-768-44,INDOFLOODS-gauge-768,18.0_83.0,18.0,83.0,MAPPED,2019-10-24,2019-10-27,Severe Flood
INDOFLOODS-gauge-768-45,INDOFLOODS-gauge-768,18.0_83.0,18.0,83.0,MAPPED,2019-11-01,2019-11-01,Flood
INDOFLOODS-gauge-768-5,INDOFLOODS-gauge-768,18.0_83.0,18.0,83.0,MAPPED,2014-09-29,2014-09-29,Flood
INDOFLOODS-gauge-768-6,INDOFLOODS-gauge-768,18.0_83.0,18.0,83.0,MAPPED,2014-10-11,2014-10-23,Severe Flood
INDOFLOODS-gauge-768-7,INDOFLOODS-gauge-768,18.0_83.0,18.0,83.0,MAPPED,2014-10-29,2014-10-29,Flood
INDOFLOODS-gauge-768-8,INDOFLOODS-gauge-768,18.0_83.0,18.0,83.0,MAPPED,2015-06-22,2015-06-22,Severe Flood
INDOFLOODS-gauge-768-9,INDOFLOODS-gauge-768,18.0_83.0,18.0,83.0,MAPPED,2015-08-20,2015-08-20,Flood
INDOFLOODS-gauge-786-1,INDOFLOODS-gauge-786,23.0_74.0,23.0,74.0,MAPPED,2019-02-01,2019-02-05,Severe Flood
INDOFLOODS-gauge-786-2,INDOFLOODS-gauge-786,23.0_74.0,23.0,74.0,MAPPED,2019-02-07,2019-03-13,Severe Flood
INDOFLOODS-gauge-814-1,INDOFLOODS-gauge-814,24.0_72.0,24.0,72.0,MAPPED,1990-07-04,1990-07-04,Flood
INDOFLOODS-gauge-814-2,INDOFLOODS-gauge-814,24.0_72.0,24.0,72.0,MAPPED,1990-08-05,1990-08-05,Severe Flood
INDOFLOODS-gauge-814-3,INDOFLOODS-gauge-814,24.0_72.0,24.0,72.0,MAPPED,1992-09-08,1992-09-08,Flood
INDOFLOODS-gauge-830-1,INDOFLOODS-gauge-830,11.0_77.0,11.0,77.0,MAPPED,1972-12-09,1972-12-10,Severe Flood
INDOFLOODS-gauge-830-10,INDOFLOODS-gauge-830,11.0_77.0,11.0,77.0,MAPPED,1994-07-31,1994-08-02,Flood
INDOFLOODS-gauge-830-11,INDOFLOODS-gauge-830,11.0_77.0,11.0,77.0,MAPPED,1994-08-05,1994-08-06,Flood
INDOFLOODS-gauge-830-12,INDOFLOODS-gauge-830,11.0_77.0,11.0,77.0,MAPPED,1994-11-07,1994-11-07,Flood
INDOFLOODS-gauge-830-13,INDOFLOODS-gauge-830,11.0_77.0,11.0,77.0,MAPPED,2000-10-10,2000-10-11,Severe Flood
INDOFLOODS-gauge-830-14,INDOFLOODS-gauge-830,11.0_77.0,11.0,77.0,MAPPED,2000-10-25,2000-10-26,Flood
INDOFLOODS-gauge-830-15,INDOFLOODS-gauge-830,11.0_77.0,11.0,77.0,MAPPED,2005-10-24,2005-10-27,Severe Flood
INDOFLOODS-gauge-830-16,INDOFLOODS-gauge-830,11.0_77.0,11.0,77.0,MAPPED,2005-11-03,2005-11-03,Flood
INDOFLOODS-gauge-830-17,INDOFLOODS-gauge-830,11.0_77.0,11.0,77.0,MAPPED,2007-08-09,2007-08-13,Severe Flood
INDOFLOODS-gauge-830-18,INDOFLOODS-gauge-830,11.0_77.0,11.0,77.0,MAPPED,2013-08-05,2013-08-06,Flood
INDOFLOODS-gauge-830-2,INDOFLOODS-gauge-830,11.0_77.0,11.0,77.0,MAPPED,1978-11-05,1978-11-05,Severe Flood
INDOFLOODS-gauge-830-3,INDOFLOODS-gauge-830,11.0_77.0,11.0,77.0,MAPPED,1979-08-14,1979-08-14,Flood
INDOFLOODS-gauge-830-4,INDOFLOODS-gauge-830,11.0_77.0,11.0,77.0,MAPPED,1980-07-05,1980-07-07,Severe Flood
INDOFLOODS-gauge-830-5,INDOFLOODS-gauge-830,11.0_77.0,11.0,77.0,MAPPED,1980-07-11,1980-07-14,Severe Flood
INDOFLOODS-gauge-830-6,INDOFLOODS-gauge-830,11.0_77.0,11.0,77.0,MAPPED,1980-08-01,1980-08-01,Flood
INDOFLOODS-gauge-830-7,INDOFLOODS-gauge-830,11.0_77.0,11.0,77.0,MAPPED,1981-08-22,1981-08-22,Flood
INDOFLOODS-gauge-830-8,INDOFLOODS-gauge-830,11.0_77.0,11.0,77.0,MAPPED,1981-09-13,1981-09-14,Flood
INDOFLOODS-gauge-830-9,INDOFLOODS-gauge-830,11.0_77.0,11.0,77.0,MAPPED,1992-08-22,1992-08-23,Flood
INDOFLOODS-gauge-832-1,INDOFLOODS-gauge-832,10.0_76.0,10.0,76.0,MAPPED,2019-08-07,2019-08-09,Severe Flood
INDOFLOODS-gauge-833-1,INDOFLOODS-gauge-833,11.0_76.0,11.0,76.0,MAPPED,2017-06-17,2017-06-18,Flood
INDOFLOODS-gauge-833-2,INDOFLOODS-gauge-833,11.0_76.0,11.0,76.0,MAPPED,2017-07-04,2017-07-11,Flood
INDOFLOODS-gauge-833-3,INDOFLOODS-gauge-833,11.0_76.0,11.0,76.0,MAPPED,2018-01-11,2018-01-19,Severe Flood
INDOFLOODS-gauge-833-4,INDOFLOODS-gauge-833,11.0_76.0,11.0,76.0,MAPPED,2018-11-05,2018-11-05,Flood
INDOFLOODS-gauge-833-5,INDOFLOODS-gauge-833,11.0_76.0,11.0,76.0,MAPPED,2019-03-01,2019-03-04,Severe Flood
INDOFLOODS-gauge-833-6,INDOFLOODS-gauge-833,11.0_76.0,11.0,76.0,MAPPED,2019-08-08,2019-08-08,Flood
INDOFLOODS-gauge-836-1,INDOFLOODS-gauge-836,8.0_77.0,8.0,77.0,MAPPED,1979-11-12,1979-11-12,Severe Flood
INDOFLOODS-gauge-836-2,INDOFLOODS-gauge-836,8.0_77.0,8.0,77.0,MAPPED,1979-11-20,1979-11-20,Flood
INDOFLOODS-gauge-836-3,INDOFLOODS-gauge-836,8.0_77.0,8.0,77.0,MAPPED,1984-03-04,1984-03-05,Flood
INDOFLOODS-gauge-836-4,INDOFLOODS-gauge-836,8.0_77.0,8.0,77.0,MAPPED,1992-11-14,1992-11-14,Severe Flood
INDOFLOODS-gauge-836-5,INDOFLOODS-gauge-836,8.0_77.0,8.0,77.0,MAPPED,1993-12-23,1993-12-23,Flood
INDOFLOODS-gauge-836-6,INDOFLOODS-gauge-836,8.0_77.0,8.0,77.0,MAPPED,2006-11-23,2006-11-23,Flood
INDOFLOODS-gauge-844-1,INDOFLOODS-gauge-844,10.0_77.0,10.0,77.0,MAPPED,1979-11-19,1979-11-19,Flood
INDOFLOODS-gauge-844-2,INDOFLOODS-gauge-844,10.0_77.0,10.0,77.0,MAPPED,1993-11-10,1993-11-10,Flood
INDOFLOODS-gauge-846-1,INDOFLOODS-gauge-846,11.0_76.0,11.0,76.0,MAPPED,1986-08-09,1986-08-09,Flood
INDOFLOODS-gauge-846-10,INDOFLOODS-gauge-846,11.0_76.0,11.0,76.0,MAPPED,2009-07-16,2009-07-16,Severe Flood
INDOFLOODS-gauge-846-11,INDOFLOODS-gauge-846,11.0_76.0,11.0,76.0,MAPPED,2009-11-10,2009-11-10,Severe Flood
INDOFLOODS-gauge-846-12,INDOFLOODS-gauge-846,11.0_76.0,11.0,76.0,MAPPED,2013-06-25,2013-06-25,Flood
INDOFLOODS-gauge-846-13,INDOFLOODS-gauge-846,11.0_76.0,11.0,76.0,MAPPED,2013-08-02,2013-08-02,Severe Flood
INDOFLOODS-gauge-846-14,INDOFLOODS-gauge-846,11.0_76.0,11.0,76.0,MAPPED,2015-10-16,2015-10-16,Flood
INDOFLOODS-gauge-846-15,INDOFLOODS-gauge-846,11.0_76.0,11.0,76.0,MAPPED,2017-07-21,2017-07-21,Severe Flood
INDOFLOODS-gauge-846-16,INDOFLOODS-gauge-846,11.0_76.0,11.0,76.0,MAPPED,2018-05-20,2018-05-20,Flood
INDOFLOODS-gauge-846-17,INDOFLOODS-gauge-846,11.0_76.0,11.0,76.0,MAPPED,2018-07-09,2018-07-10,Severe Flood
INDOFLOODS-gauge-846-18,INDOFLOODS-gauge-846,11.0_76.0,11.0,76.0,MAPPED,2018-07-16,2018-07-16,Flood
INDOFLOODS-gauge-846-19,INDOFLOODS-gauge-846,11.0_76.0,11.0,76.0,MAPPED,2018-07-24,2018-07-24,Flood
INDOFLOODS-gauge-846-2,INDOFLOODS-gauge-846,11.0_76.0,11.0,76.0,MAPPED,1989-07-23,1989-07-24,Severe Flood
INDOFLOODS-gauge-846-20,INDOFLOODS-gauge-846,11.0_76.0,11.0,76.0,MAPPED,2018-07-26,2018-07-26,Flood
INDOFLOODS-gauge-846-21,INDOFLOODS-gauge-846,11.0_76.0,11.0,76.0,MAPPED,2019-08-08,2019-08-08,Severe Flood
INDOFLOODS-gauge-846-3,INDOFLOODS-gauge-846,11.0_76.0,11.0,76.0,MAPPED,1992-06-21,1992-06-21,Flood
INDOFLOODS-gauge-846-4,INDOFLOODS-gauge-846,11.0_76.0,11.0,76.0,MAPPED,1992-07-27,1992-07-28,Flood
INDOFLOODS-gauge-846-5,INDOFLOODS-gauge-846,11.0_76.0,11.0,76.0,MAPPED,1992-11-15,1992-11-15,Flood
INDOFLOODS-gauge-846-6,INDOFLOODS-gauge-846,11.0_76.0,11.0,76.0,MAPPED,1994-07-14,1994-07-14,Severe Flood
INDOFLOODS-gauge-846-7,INDOFLOODS-gauge-846,11.0_76.0,11.0,76.0,MAPPED,2005-07-26,2005-07-27,Flood
INDOFLOODS-gauge-846-8,INDOFLOODS-gauge-846,11.0_76.0,11.0,76.0,MAPPED,2007-07-02,2007-07-02,Flood
INDOFLOODS-gauge-846-9,INDOFLOODS-gauge-846,11.0_76.0,11.0,76.0,MAPPED,2007-08-06,2007-08-06,Severe Flood
INDOFLOODS-gauge-85-1,INDOFLOODS-gauge-85,18.0_83.0,18.0,83.0,MAPPED,1990-09-04,1990-09-05,Flood
INDOFLOODS-gauge-85-10,INDOFLOODS-gauge-85,18.0_83.0,18.0,83.0,MAPPED,1991-09-20,1991-09-21,Flood
INDOFLOODS-gauge-85-11,INDOFLOODS-gauge-85,18.0_83.0,18.0,83.0,MAPPED,1991-09-23,1991-09-25,Flood
INDOFLOODS-gauge-85-12,INDOFLOODS-gauge-85,18.0_83.0,18.0,83.0,MAPPED,1991-09-27,1991-09-27,Flood
INDOFLOODS-gauge-85-13,INDOFLOODS-gauge-85,18.0_83.0,18.0,83.0,MAPPED,1992-07-27,1992-07-29,Severe Flood
INDOFLOODS-gauge-85-14,INDOFLOODS-gauge-85,18.0_83.0,18.0,83.0,MAPPED,1992-08-15,1992-08-16,Severe Flood
INDOFLOODS-gauge-85-15,INDOFLOODS-gauge-85,18.0_83.0,18.0,83.0,MAPPED,1992-09-01,1992-09-04,Severe Flood
INDOFLOODS-gauge-85-16,INDOFLOODS-gauge-85,18.0_83.0,18.0,83.0,MAPPED,1992-09-07,1992-09-09,Flood
INDOFLOODS-gauge-85-17,INDOFLOODS-gauge-85,18.0_83.0,18.0,83.0,MAPPED,1992-09-11,1992-09-11,Flood
INDOFLOODS-gauge-85-18,INDOFLOODS-gauge-85,18.0_83.0,18.0,83.0,MAPPED,1992-10-10,1992-10-10,Flood
INDOFLOODS-gauge-85-19,INDOFLOODS-gauge-85,18.0_83.0,18.0,83.0,MAPPED,1994-09-03,1994-09-03,Flood
INDOFLOODS-gauge-85-2,INDOFLOODS-gauge-85,18.0_83.0,18.0,83.0,MAPPED,1990-10-02,1990-10-06,Flood
INDOFLOODS-gauge-85-20,INDOFLOODS-gauge-85,18.0_83.0,18.0,83.0,MAPPED,1994-09-05,1994-09-07,Severe Flood
INDOFLOODS-gauge-85-21,INDOFLOODS-gauge-85,18.0_83.0,18.0,83.0,MAPPED,1994-09-17,1994-09-18,Flood
INDOFLOODS-gauge-85-22,INDOFLOODS-gauge-85,18.0_83.0,18.0,83.0,MAPPED,1994-10-07,1994-10-07,Flood
INDOFLOODS-gauge-85-23,INDOFLOODS-gauge-85,18.0_83.0,18.0,83.0,MAPPED,1995-05-11,1995-05-12,Severe Flood
INDOFLOODS-gauge-85-24,INDOFLOODS-gauge-85,18.0_83.0,18.0,83.0,MAPPED,1995-07-22,1995-07-23,Flood
INDOFLOODS-gauge-85-25,INDOFLOODS-gauge-85,18.0_83.0,18.0,83.0,MAPPED,1995-08-31,1995-09-02,Flood
INDOFLOODS-gauge-85-26,INDOFLOODS-gauge-85,18.0_83.0,18.0,83.0,MAPPED,1995-10-11,1995-10-13,Flood
INDOFLOODS-gauge-85-27,INDOFLOODS-gauge-85,18.0_83.0,18.0,83.0,MAPPED,1995-10-15,1995-10-17,Flood
INDOFLOODS-gauge-85-28,INDOFLOODS-gauge-85,18.0_83.0,18.0,83.0,MAPPED,1996-07-20,1996-07-20,Flood
INDOFLOODS-gauge-85-29,INDOFLOODS-gauge-85,18.0_83.0,18.0,83.0,MAPPED,1996-08-23,1996-08-23,Flood
INDOFLOODS-gauge-85-3,INDOFLOODS-gauge-85,18.0_83.0,18.0,83.0,MAPPED,1990-10-08,1990-10-08,Flood
INDOFLOODS-gauge-85-30,INDOFLOODS-gauge-85,18.0_83.0,18.0,83.0,MAPPED,1996-10-03,1996-10-04,Flood
INDOFLOODS-gauge-85-31,INDOFLOODS-gauge-85,18.0_83.0,18.0,83.0,MAPPED,2000-08-25,2000-08-26,Flood
INDOFLOODS-gauge-85-32,INDOFLOODS-gauge-85,18.0_83.0,18.0,83.0,MAPPED,2001-07-07,2001-07-07,Flood
INDOFLOODS-gauge-85-33,INDOFLOODS-gauge-85,18.0_83.0,18.0,83.0,MAPPED,2003-09-07,2003-09-07,Flood
INDOFLOODS-gauge-85-34,INDOFLOODS-gauge-85,18.0_83.0,18.0,83.0,MAPPED,2003-10-07,2003-10-09,Flood
INDOFLOODS-gauge-85-35,INDOFLOODS-gauge-85,18.0_83.0,18.0,83.0,MAPPED,2003-10-25,2003-10-26,Flood
INDOFLOODS-gauge-85-36,INDOFLOODS-gauge-85,18.0_83.0,18.0,83.0,MAPPED,2004-08-05,2004-08-05,Flood
INDOFLOODS-gauge-85-37,INDOFLOODS-gauge-85,18.0_83.0,18.0,83.0,MAPPED,2005-09-19,2005-09-19,Flood
INDOFLOODS-gauge-85-38,INDOFLOODS-gauge-85,18.0_83.0,18.0,83.0,MAPPED,2005-09-21,2005-09-22,Flood
INDOFLOODS-gauge-85-39,INDOFLOODS-gauge-85,18.0_83.0,18.0,83.0,MAPPED,2006-07-03,2006-07-06,Severe Flood
INDOFLOODS-gauge-85-4,INDOFLOODS-gauge-85,18.0_83.0,18.0,83.0,MAPPED,1990-10-11,1990-10-16,Flood
INDOFLOODS-gauge-85-40,INDOFLOODS-gauge-85,18.0_83.0,18.0,83.0,MAPPED,2006-08-03,2006-08-06,Severe Flood
INDOFLOODS-gauge-85-41,INDOFLOODS-gauge-85,18.0_83.0,18.0,83.0,MAPPED,2006-08-17,2006-08-17,Flood
INDOFLOODS-gauge-85-42,INDOFLOODS-gauge-85,18.0_83.0,18.0,83.0,MAPPED,2006-08-23,2006-08-23,Flood
INDOFLOODS-gauge-85-43,INDOFLOODS-gauge-85,18.0_83.0,18.0,83.0,MAPPED,2006-08-30,2006-08-30,Flood
INDOFLOODS-gauge-85-44,INDOFLOODS-gauge-85,18.0_83.0,18.0,83.0,MAPPED,2006-09-20,2006-09-21,Flood
INDOFLOODS-gauge-85-45,INDOFLOODS-gauge-85,18.0_83.0,18.0,83.0,MAPPED,2006-09-30,2006-10-01,Severe Flood
INDOFLOODS-gauge-85-46,INDOFLOODS-gauge-85,18.0_83.0,18.0,83.0,MAPPED,2007-06-29,2007-07-01,Flood
INDOFLOODS-gauge-85-47,INDOFLOODS-gauge-85,18.0_83.0,18.0,83.0,MAPPED,2007-08-07,2007-08-07,Severe Flood
INDOFLOODS-gauge-85-48,INDOFLOODS-gauge-85,18.0_83.0,18.0,83.0,MAPPED,2007-08-12,2007-08-12,Severe Flood
INDOFLOODS-gauge-85-49,INDOFLOODS-gauge-85,18.0_83.0,18.0,83.0,MAPPED,2007-09-03,2007-09-03,Flood
INDOFLOODS-gauge-85-5,INDOFLOODS-gauge-85,18.0_83.0,18.0,83.0,MAPPED,1990-11-05,1990-11-05,Flood
INDOFLOODS-gauge-85-50,INDOFLOODS-gauge-85,18.0_83.0,18.0,83.0,MAPPED,2007-09-24,2007-09-24,Flood
INDOFLOODS-gauge-85-51,INDOFLOODS-gauge-85,18.0_83.0,18.0,83.0,MAPPED,2007-09-28,2007-09-28,Flood
INDOFLOODS-gauge-85-52,INDOFLOODS-gauge-85,18.0_83.0,18.0,83.0,MAPPED,2008-08-11,2008-08-11,Flood
INDOFLOODS-gauge-85-53,INDOFLOODS-gauge-85,18.0_83.0,18.0,83.0,MAPPED,2008-09-12,2008-09-13,Severe Flood
INDOFLOODS-gauge-85-54,INDOFLOODS-gauge-85,18.0_83.0,18.0,83.0,MAPPED,2008-09-15,2008-09-15,Flood
INDOFLOODS-gauge-85-55,INDOFLOODS-gauge-85,18.0_83.0,18.0,83.0,MAPPED,2008-09-17,2008-09-20,Severe Flood
INDOFLOODS-gauge-85-56,INDOFLOODS-gauge-85,18.0_83.0,18.0,83.0,MAPPED,2009-07-14,2009-07-14,Flood
INDOFLOODS-gauge-85-57,INDOFLOODS-gauge-85,18.0_83.0,18.0,83.0,MAPPED,2009-07-20,2009-07-20,Flood
INDOFLOODS-gauge-85-58,INDOFLOODS-gauge-85,18.0_83.0,18.0,83.0,MAPPED,2009-10-03,2009-10-03,Flood
INDOFLOODS-gauge-85-59,INDOFLOODS-gauge-85,18.0_83.0,18.0,83.0,MAPPED,2010-08-06,2010-08-06,Flood
INDOFLOODS-gauge-85-6,INDOFLOODS-gauge-85,18.0_83.0,18.0,83.0,MAPPED,1991-07-29,1991-07-31,Severe Flood
INDOFLOODS-gauge-85-60,INDOFLOODS-gauge-85,18.0_83.0,18.0,83.0,MAPPED,2010-09-09,2010-09-09,Flood
INDOFLOODS-gauge-85-61,INDOFLOODS-gauge-85,18.0_83.0,18.0,83.0,MAPPED,2010-09-17,2010-09-19,Flood
INDOFLOODS-gauge-85-62,INDOFLOODS-gauge-85,18.0_83.0,18.0,83.0,MAPPED,2010-10-25,2010-10-25,Flood
INDOFLOODS-gauge-85-63,INDOFLOODS-gauge-85,18.0_83.0,18.0,83.0,MAPPED,2010-12-09,2010-12-09,Flood
INDOFLOODS-gauge-85-64,INDOFLOODS-gauge-85,18.0_83.0,18.0,83.0,MAPPED,2011-09-01,2011-09-02,Severe Flood
INDOFLOODS-gauge-85-65,INDOFLOODS-gauge-85,18.0_83.0,18.0,83.0,MAPPED,2012-11-03,2012-11-07,Severe Flood
INDOFLOODS-gauge-85-66,INDOFLOODS-gauge-85,18.0_83.0,18.0,83.0,MAPPED,2013-06-14,2013-06-14,Flood
INDOFLOODS-gauge-85-67,INDOFLOODS-gauge-85,18.0_83.0,18.0,83.0,MAPPED,2013-10-25,2013-10-28,Severe Flood
INDOFLOODS-gauge-85-68,INDOFLOODS-gauge-85,18.0_83.0,18.0,83.0,MAPPED,2014-08-04,2014-08-05,Flood
INDOFLOODS-gauge-85-69,INDOFLOODS-gauge-85,18.0_83.0,18.0,83.0,MAPPED,2014-09-07,2014-09-08,Flood
INDOFLOODS-gauge-85-7,INDOFLOODS-gauge-85,18.0_83.0,18.0,83.0,MAPPED,1991-08-09,1991-08-09,Flood
INDOFLOODS-gauge-85-70,INDOFLOODS-gauge-85,18.0_83.0,18.0,83.0,MAPPED,2014-10-13,2014-10-15,Severe Flood
INDOFLOODS-gauge-85-71,INDOFLOODS-gauge-85,18.0_83.0,18.0,83.0,MAPPED,2015-09-17,2015-09-17,Flood
INDOFLOODS-gauge-85-72,INDOFLOODS-gauge-85,18.0_83.0,18.0,83.0,MAPPED,2016-09-24,2016-09-24,Flood
INDOFLOODS-gauge-85-73,INDOFLOODS-gauge-85,18.0_83.0,18.0,83.0,MAPPED,2017-07-17,2017-07-17,Severe Flood
INDOFLOODS-gauge-85-74,INDOFLOODS-gauge-85,18.0_83.0,18.0,83.0,MAPPED,2018-08-16,2018-08-16,Severe Flood
INDOFLOODS-gauge-85-75,INDOFLOODS-gauge-85,18.0_83.0,18.0,83.0,MAPPED,2018-10-12,2018-10-12,Flood
INDOFLOODS-gauge-85-76,INDOFLOODS-gauge-85,18.0_83.0,18.0,83.0,MAPPED,2019-02-15,2019-02-17,Severe Flood
INDOFLOODS-gauge-85-77,INDOFLOODS-gauge-85,18.0_83.0,18.0,83.0,MAPPED,2019-08-07,2019-08-08,Flood
INDOFLOODS-gauge-85-78,INDOFLOODS-gauge-85,18.0_83.0,18.0,83.0,MAPPED,2019-10-21,2019-10-21,Severe Flood
INDOFLOODS-gauge-85-79,INDOFLOODS-gauge-85,18.0_83.0,18.0,83.0,MAPPED,2019-10-25,2019-10-26,Flood
INDOFLOODS-gauge-85-8,INDOFLOODS-gauge-85,18.0_83.0,18.0,83.0,MAPPED,1991-08-13,1991-08-14,Flood
INDOFLOODS-gauge-85-80,INDOFLOODS-gauge-85,18.0_83.0,18.0,83.0,MAPPED,2020-03-11,2020-03-17,Severe Flood
INDOFLOODS-gauge-85-81,INDOFLOODS-gauge-85,18.0_83.0,18.0,83.0,MAPPED,2020-04-04,2020-04-05,Severe Flood
INDOFLOODS-gauge-85-82,INDOFLOODS-gauge-85,18.0_83.0,18.0,83.0,MAPPED,2020-04-07,2020-04-12,Severe Flood
INDOFLOODS-gauge-85-83,INDOFLOODS-gauge-85,18.0_83.0,18.0,83.0,MAPPED,2020-04-24,2020-05-13,Severe Flood
INDOFLOODS-gauge-85-9,INDOFLOODS-gauge-85,18.0_83.0,18.0,83.0,MAPPED,1991-08-23,1991-08-23,Flood
INDOFLOODS-gauge-852-1,INDOFLOODS-gauge-852,8.0_77.0,8.0,77.0,MAPPED,2001-07-09,2001-07-09,Flood
INDOFLOODS-gauge-852-10,INDOFLOODS-gauge-852,8.0_77.0,8.0,77.0,MAPPED,2007-11-07,2007-11-08,Severe Flood
INDOFLOODS-gauge-852-11,INDOFLOODS-gauge-852,8.0_77.0,8.0,77.0,MAPPED,2007-11-11,2007-11-11,Flood
INDOFLOODS-gauge-852-12,INDOFLOODS-gauge-852,8.0_77.0,8.0,77.0,MAPPED,2008-10-25,2008-10-26,Flood
INDOFLOODS-gauge-852-13,INDOFLOODS-gauge-852,8.0_77.0,8.0,77.0,MAPPED,2010-10-06,2010-10-07,Flood
INDOFLOODS-gauge-852-14,INDOFLOODS-gauge-852,8.0_77.0,8.0,77.0,MAPPED,2010-10-09,2010-10-09,Flood
INDOFLOODS-gauge-852-15,INDOFLOODS-gauge-852,8.0_77.0,8.0,77.0,MAPPED,2010-11-22,2010-11-24,Severe Flood
INDOFLOODS-gauge-852-16,INDOFLOODS-gauge-852,8.0_77.0,8.0,77.0,MAPPED,2010-11-27,2010-11-27,Flood
INDOFLOODS-gauge-852-17,INDOFLOODS-gauge-852,8.0_77.0,8.0,77.0,MAPPED,2010-12-02,2010-12-05,Flood
INDOFLOODS-gauge-852-18,INDOFLOODS-gauge-852,8.0_77.0,8.0,77.0,MAPPED,2010-12-08,2010-12-11,Severe Flood
INDOFLOODS-gauge-852-19,INDOFLOODS-gauge-852,8.0_77.0,8.0,77.0,MAPPED,2015-05-18,2015-05-18,Flood
INDOFLOODS-gauge-852-2,INDOFLOODS-gauge-852,8.0_77.0,8.0,77.0,MAPPED,2001-09-25,2001-09-25,Flood
INDOFLOODS-gauge-852-20,INDOFLOODS-gauge-852,8.0_77.0,8.0,77.0,MAPPED,2015-05-20,2015-05-20,Flood
INDOFLOODS-gauge-852-21,INDOFLOODS-gauge-852,8.0_77.0,8.0,77.0,MAPPED,2015-06-25,2015-06-25,Flood
INDOFLOODS-gauge-852-22,INDOFLOODS-gauge-852,8.0_77.0,8.0,77.0,MAPPED,2015-06-28,2015-06-30,Severe Flood
INDOFLOODS-gauge-852-23,INDOFLOODS-gauge-852,8.0_77.0,8.0,77.0,MAPPED,2015-10-09,2015-10-09,Severe Flood
INDOFLOODS-gauge-852-24,INDOFLOODS-gauge-852,8.0_77.0,8.0,77.0,MAPPED,2015-10-31,2015-10-31,Flood
INDOFLOODS-gauge-852-25,INDOFLOODS-gauge-852,8.0_77.0,8.0,77.0,MAPPED,2015-11-09,2015-11-10,Flood
INDOFLOODS-gauge-852-26,INDOFLOODS-gauge-852,8.0_77.0,8.0,77.0,MAPPED,2015-11-16,2015-11-16,Flood
INDOFLOODS-gauge-852-27,INDOFLOODS-gauge-852,8.0_77.0,8.0,77.0,MAPPED,2015-12-09,2015-12-09,Flood
INDOFLOODS-gauge-852-28,INDOFLOODS-gauge-852,8.0_77.0,8.0,77.0,MAPPED,2016-05-20,2016-05-20,Flood
INDOFLOODS-gauge-852-29,INDOFLOODS-gauge-852,8.0_77.0,8.0,77.0,MAPPED,2017-06-15,2017-06-23,Severe Flood
INDOFLOODS-gauge-852-3,INDOFLOODS-gauge-852,8.0_77.0,8.0,77.0,MAPPED,2001-11-10,2001-11-10,Flood
INDOFLOODS-gauge-852-30,INDOFLOODS-gauge-852,8.0_77.0,8.0,77.0,MAPPED,2017-06-27,2017-07-08,Severe Flood
INDOFLOODS-gauge-852-31,INDOFLOODS-gauge-852,8.0_77.0,8.0,77.0,MAPPED,2018-01-02,2018-06-30,Severe Flood
INDOFLOODS-gauge-852-32,INDOFLOODS-gauge-852,8.0_77.0,8.0,77.0,MAPPED,2018-08-01,2018-09-26,Severe Flood
INDOFLOODS-gauge-852-33,INDOFLOODS-gauge-852,8.0_77.0,8.0,77.0,MAPPED,2018-09-28,2018-09-28,Severe Flood
INDOFLOODS-gauge-852-34,INDOFLOODS-gauge-852,8.0_77.0,8.0,77.0,MAPPED,2018-09-30,2018-10-31,Severe Flood
INDOFLOODS-gauge-852-35,INDOFLOODS-gauge-852,8.0_77.0,8.0,77.0,MAPPED,2019-01-01,2019-01-31,Severe Flood
INDOFLOODS-gauge-852-36,INDOFLOODS-gauge-852,8.0_77.0,8.0,77.0,MAPPED,2019-03-19,2019-03-20,Severe Flood
INDOFLOODS-gauge-852-37,INDOFLOODS-gauge-852,8.0_77.0,8.0,77.0,MAPPED,2019-07-01,2019-07-31,Severe Flood
INDOFLOODS-gauge-852-4,INDOFLOODS-gauge-852,8.0_77.0,8.0,77.0,MAPPED,2006-10-29,2006-11-02,Severe Flood
INDOFLOODS-gauge-852-5,INDOFLOODS-gauge-852,8.0_77.0,8.0,77.0,MAPPED,2006-11-04,2006-11-05,Flood
INDOFLOODS-gauge-852-6,INDOFLOODS-gauge-852,8.0_77.0,8.0,77.0,MAPPED,2006-11-09,2006-11-11,Flood
INDOFLOODS-gauge-852-7,INDOFLOODS-gauge-852,8.0_77.0,8.0,77.0,MAPPED,2007-10-19,2007-10-21,Flood
INDOFLOODS-gauge-852-8,INDOFLOODS-gauge-852,8.0_77.0,8.0,77.0,MAPPED,2007-10-27,2007-10-28,Flood
INDOFLOODS-gauge-852-9,INDOFLOODS-gauge-852,8.0_77.0,8.0,77.0,MAPPED,2007-10-30,2007-10-30,Flood
INDOFLOODS-gauge-858-1,INDOFLOODS-gauge-858,10.0_77.0,10.0,77.0,MAPPED,1978-06-03,1979-05-07,Severe Flood
INDOFLOODS-gauge-858-10,INDOFLOODS-gauge-858,10.0_77.0,10.0,77.0,MAPPED,1981-03-12,1981-03-13,Flood
INDOFLOODS-gauge-858-11,INDOFLOODS-gauge-858,10.0_77.0,10.0,77.0,MAPPED,1981-03-15,1981-03-21,Flood
INDOFLOODS-gauge-858-12,INDOFLOODS-gauge-858,10.0_77.0,10.0,77.0,MAPPED,1981-03-23,1981-03-30,Flood
INDOFLOODS-gauge-858-13,INDOFLOODS-gauge-858,10.0_77.0,10.0,77.0,MAPPED,1981-04-02,1981-04-13,Flood
INDOFLOODS-gauge-858-14,INDOFLOODS-gauge-858,10.0_77.0,10.0,77.0,MAPPED,1981-04-15,1981-04-18,Flood
INDOFLOODS-gauge-858-15,INDOFLOODS-gauge-858,10.0_77.0,10.0,77.0,MAPPED,1981-04-22,1981-04-29,Flood
INDOFLOODS-gauge-858-16,INDOFLOODS-gauge-858,10.0_77.0,10.0,77.0,MAPPED,1981-05-10,1981-05-15,Flood
INDOFLOODS-gauge-858-17,INDOFLOODS-gauge-858,10.0_77.0,10.0,77.0,MAPPED,1981-05-17,1981-05-17,Flood
INDOFLOODS-gauge-858-18,INDOFLOODS-gauge-858,10.0_77.0,10.0,77.0,MAPPED,1981-06-05,1982-02-18,Severe Flood
INDOFLOODS-gauge-858-19,INDOFLOODS-gauge-858,10.0_77.0,10.0,77.0,MAPPED,1982-02-21,1982-02-28,Flood
INDOFLOODS-gauge-858-2,INDOFLOODS-gauge-858,10.0_77.0,10.0,77.0,MAPPED,1979-05-09,1979-05-11,Flood
INDOFLOODS-gauge-858-20,INDOFLOODS-gauge-858,10.0_77.0,10.0,77.0,MAPPED,1982-03-02,1982-03-03,Flood
INDOFLOODS-gauge-858-21,INDOFLOODS-gauge-858,10.0_77.0,10.0,77.0,MAPPED,1982-03-06,1982-03-06,Flood
INDOFLOODS-gauge-858-22,INDOFLOODS-gauge-858,10.0_77.0,10.0,77.0,MAPPED,1982-03-08,1982-03-08,Flood
INDOFLOODS-gauge-858-23,INDOFLOODS-gauge-858,10.0_77.0,10.0,77.0,MAPPED,1982-03-26,1982-04-21,Flood
INDOFLOODS-gauge-858-24,INDOFLOODS-gauge-858,10.0_77.0,10.0,77.0,MAPPED,1982-04-23,1982-04-23,Flood
INDOFLOODS-gauge-858-25,INDOFLOODS-gauge-858,10.0_77.0,10.0,77.0,MAPPED,1982-04-28,1982-05-03,Flood
INDOFLOODS-gauge-858-26,INDOFLOODS-gauge-858,10.0_77.0,10.0,77.0,MAPPED,1982-05-09,1982-05-10,Flood
INDOFLOODS-gauge-858-27,INDOFLOODS-gauge-858,10.0_77.0,10.0,77.0,MAPPED,1982-05-16,1982-05-19,Flood
INDOFLOODS-gauge-858-28,INDOFLOODS-gauge-858,10.0_77.0,10.0,77.0,MAPPED,1982-05-24,1982-05-24,Flood
INDOFLOODS-gauge-858-29,INDOFLOODS-gauge-858,10.0_77.0,10.0,77.0,MAPPED,1982-05-31,1982-05-31,Flood
INDOFLOODS-gauge-858-3,INDOFLOODS-gauge-858,10.0_77.0,10.0,77.0,MAPPED,1979-05-13,1979-05-20,Flood
INDOFLOODS-gauge-858-30,INDOFLOODS-gauge-858,10.0_77.0,10.0,77.0,MAPPED,1992-11-14,1992-11-14,Severe Flood
INDOFLOODS-gauge-858-31,INDOFLOODS-gauge-858,10.0_77.0,10.0,77.0,MAPPED,1998-12-11,1998-12-12,Severe Flood
INDOFLOODS-gauge-858-32,INDOFLOODS-gauge-858,10.0_77.0,10.0,77.0,MAPPED,2007-10-25,2007-10-25,Flood
INDOFLOODS-gauge-858-33,INDOFLOODS-gauge-858,10.0_77.0,10.0,77.0,MAPPED,2020-03-11,2020-03-11,Flood
INDOFLOODS-gauge-858-4,INDOFLOODS-gauge-858,10.0_77.0,10.0,77.0,MAPPED,1979-05-23,1980-05-10,Severe Flood
INDOFLOODS-gauge-858-5,INDOFLOODS-gauge-858,10.0_77.0,10.0,77.0,MAPPED,1980-05-12,1980-05-22,Flood
INDOFLOODS-gauge-858-6,INDOFLOODS-gauge-858,10.0_77.0,10.0,77.0,MAPPED,1980-05-24,1980-06-13,Flood
INDOFLOODS-gauge-858-7,INDOFLOODS-gauge-858,10.0_77.0,10.0,77.0,MAPPED,1980-06-15,1981-02-26,Severe Flood
INDOFLOODS-gauge-858-8,INDOFLOODS-gauge-858,10.0_77.0,10.0,77.0,MAPPED,1981-02-28,1981-03-02,Flood
INDOFLOODS-gauge-858-9,INDOFLOODS-gauge-858,10.0_77.0,10.0,77.0,MAPPED,1981-03-06,1981-03-07,Flood
INDOFLOODS-gauge-861-1,INDOFLOODS-gauge-861,9.0_78.0,9.0,78.0,MAPPED,1971-12-18,1971-12-20,Flood
INDOFLOODS-gauge-861-10,INDOFLOODS-gauge-861,9.0_78.0,9.0,78.0,MAPPED,1981-11-10,1981-11-10,Flood
INDOFLOODS-gauge-861-11,INDOFLOODS-gauge-861,9.0_78.0,9.0,78.0,MAPPED,1984-03-07,1984-03-10,Flood
INDOFLOODS-gauge-861-12,INDOFLOODS-gauge-861,9.0_78.0,9.0,78.0,MAPPED,1992-11-16,1992-11-16,Flood
INDOFLOODS-gauge-861-13,INDOFLOODS-gauge-861,9.0_78.0,9.0,78.0,MAPPED,1993-11-10,1993-11-14,Severe Flood
INDOFLOODS-gauge-861-14,INDOFLOODS-gauge-861,9.0_78.0,9.0,78.0,MAPPED,1994-11-04,1994-11-05,Flood
INDOFLOODS-gauge-861-15,INDOFLOODS-gauge-861,9.0_78.0,9.0,78.0,MAPPED,1997-11-10,1997-11-10,Flood
INDOFLOODS-gauge-861-16,INDOFLOODS-gauge-861,9.0_78.0,9.0,78.0,MAPPED,1997-11-26,1997-11-26,Flood
INDOFLOODS-gauge-861-17,INDOFLOODS-gauge-861,9.0_78.0,9.0,78.0,MAPPED,1998-12-12,1998-12-15,Severe Flood
INDOFLOODS-gauge-861-18,INDOFLOODS-gauge-861,9.0_78.0,9.0,78.0,MAPPED,2005-11-25,2005-11-26,Flood
INDOFLOODS-gauge-861-2,INDOFLOODS-gauge-861,9.0_78.0,9.0,78.0,MAPPED,1972-11-04,1972-11-05,Flood
INDOFLOODS-gauge-861-3,INDOFLOODS-gauge-861,9.0_78.0,9.0,78.0,MAPPED,1977-10-23,1977-10-30,Flood
INDOFLOODS-gauge-861-4,INDOFLOODS-gauge-861,9.0_78.0,9.0,78.0,MAPPED,1977-11-05,1977-11-05,Flood
INDOFLOODS-gauge-861-5,INDOFLOODS-gauge-861,9.0_78.0,9.0,78.0,MAPPED,1977-11-07,1977-11-11,Flood
INDOFLOODS-gauge-861-6,INDOFLOODS-gauge-861,9.0_78.0,9.0,78.0,MAPPED,1977-11-14,1977-11-19,Flood
INDOFLOODS-gauge-861-7,INDOFLOODS-gauge-861,9.0_78.0,9.0,78.0,MAPPED,1979-11-14,1979-11-27,Severe Flood
INDOFLOODS-gauge-861-8,INDOFLOODS-gauge-861,9.0_78.0,9.0,78.0,MAPPED,1979-11-29,1979-12-01,Flood
INDOFLOODS-gauge-861-9,INDOFLOODS-gauge-861,9.0_78.0,9.0,78.0,MAPPED,1981-10-30,1981-11-02,Flood
INDOFLOODS-gauge-872-1,INDOFLOODS-gauge-872,10.0_78.0,10.0,78.0,MAPPED,1972-06-02,1972-12-10,Severe Flood
INDOFLOODS-gauge-872-10,INDOFLOODS-gauge-872,10.0_78.0,10.0,78.0,MAPPED,2012-04-27,2012-04-28,Flood
INDOFLOODS-gauge-872-11,INDOFLOODS-gauge-872,10.0_78.0,10.0,78.0,MAPPED,2014-09-24,2014-09-30,Flood
INDOFLOODS-gauge-872-12,INDOFLOODS-gauge-872,10.0_78.0,10.0,78.0,MAPPED,2015-11-06,2015-11-08,Flood
INDOFLOODS-gauge-872-13,INDOFLOODS-gauge-872,10.0_78.0,10.0,78.0,MAPPED,2016-10-15,2016-10-16,Flood
INDOFLOODS-gauge-872-14,INDOFLOODS-gauge-872,10.0_78.0,10.0,78.0,MAPPED,2018-07-24,2018-07-30,Flood
INDOFLOODS-gauge-872-2,INDOFLOODS-gauge-872,10.0_78.0,10.0,78.0,MAPPED,1972-12-17,1972-12-17,Severe Flood
INDOFLOODS-gauge-872-3,INDOFLOODS-gauge-872,10.0_78.0,10.0,78.0,MAPPED,1972-12-19,2003-06-26,Severe Flood
INDOFLOODS-gauge-872-4,INDOFLOODS-gauge-872,10.0_78.0,10.0,78.0,MAPPED,2003-08-08,2003-08-29,Severe Flood
INDOFLOODS-gauge-872-5,INDOFLOODS-gauge-872,10.0_78.0,10.0,78.0,MAPPED,2003-10-03,2004-03-14,Severe Flood
INDOFLOODS-gauge-872-6,INDOFLOODS-gauge-872,10.0_78.0,10.0,78.0,MAPPED,2004-05-11,2004-06-27,Flood
INDOFLOODS-gauge-872-7,INDOFLOODS-gauge-872,10.0_78.0,10.0,78.0,MAPPED,2004-07-08,2005-03-06,Severe Flood
INDOFLOODS-gauge-872-8,INDOFLOODS-gauge-872,10.0_78.0,10.0,78.0,MAPPED,2005-03-09,2012-02-11,Severe Flood
INDOFLOODS-gauge-872-9,INDOFLOODS-gauge-872,10.0_78.0,10.0,78.0,MAPPED,2012-02-14,2012-02-24,Flood
INDOFLOODS-gauge-877-1,INDOFLOODS-gauge-877,11.0_77.0,11.0,77.0,MAPPED,2018-07-24,2018-07-31,Flood
INDOFLOODS-gauge-879-1,INDOFLOODS-gauge-879,12.0_78.0,12.0,78.0,MAPPED,1978-09-26,1978-09-26,Flood
INDOFLOODS-gauge-879-10,INDOFLOODS-gauge-879,12.0_78.0,12.0,78.0,MAPPED,1986-10-07,1986-10-07,Flood
INDOFLOODS-gauge-879-11,INDOFLOODS-gauge-879,12.0_78.0,12.0,78.0,MAPPED,1987-10-09,1987-10-09,Flood
INDOFLOODS-gauge-879-12,INDOFLOODS-gauge-879,12.0_78.0,12.0,78.0,MAPPED,1987-10-14,1987-10-14,Flood
INDOFLOODS-gauge-879-13,INDOFLOODS-gauge-879,12.0_78.0,12.0,78.0,MAPPED,1988-09-11,1988-09-11,Flood
INDOFLOODS-gauge-879-14,INDOFLOODS-gauge-879,12.0_78.0,12.0,78.0,MAPPED,1988-09-26,1988-09-27,Flood
INDOFLOODS-gauge-879-15,INDOFLOODS-gauge-879,12.0_78.0,12.0,78.0,MAPPED,1991-10-29,1991-11-01,Flood
INDOFLOODS-gauge-879-16,INDOFLOODS-gauge-879,12.0_78.0,12.0,78.0,MAPPED,1991-11-05,1991-11-05,Flood
INDOFLOODS-gauge-879-17,INDOFLOODS-gauge-879,12.0_78.0,12.0,78.0,MAPPED,1991-11-16,1991-11-19,Flood
INDOFLOODS-gauge-879-18,INDOFLOODS-gauge-879,12.0_78.0,12.0,78.0,MAPPED,1993-12-05,1993-12-05,Flood
INDOFLOODS-gauge-879-19,INDOFLOODS-gauge-879,12.0_78.0,12.0,78.0,MAPPED,1995-11-02,1995-11-02,Flood
INDOFLOODS-gauge-879-2,INDOFLOODS-gauge-879,12.0_78.0,12.0,78.0,MAPPED,1978-10-01,1978-10-01,Flood
INDOFLOODS-gauge-879-20,INDOFLOODS-gauge-879,12.0_78.0,12.0,78.0,MAPPED,1996-09-25,1996-09-25,Flood
INDOFLOODS-gauge-879-21,INDOFLOODS-gauge-879,12.0_78.0,12.0,78.0,MAPPED,1996-09-29,1996-09-30,Flood
INDOFLOODS-gauge-879-22,INDOFLOODS-gauge-879,12.0_78.0,12.0,78.0,MAPPED,1996-10-19,1996-10-20,Flood
INDOFLOODS-gauge-879-23,INDOFLOODS-gauge-879,12.0_78.0,12.0,78.0,MAPPED,1998-10-12,1998-10-12,Flood
INDOFLOODS-gauge-879-24,INDOFLOODS-gauge-879,12.0_78.0,12.0,78.0,MAPPED,2001-10-06,2001-10-06,Flood
INDOFLOODS-gauge-879-25,INDOFLOODS-gauge-879,12.0_78.0,12.0,78.0,MAPPED,2001-10-12,2001-10-13,Flood
INDOFLOODS-gauge-879-26,INDOFLOODS-gauge-879,12.0_78.0,12.0,78.0,MAPPED,2005-10-23,2005-10-25,Severe Flood
INDOFLOODS-gauge-879-27,INDOFLOODS-gauge-879,12.0_78.0,12.0,78.0,MAPPED,2017-10-12,2017-10-16,Flood
INDOFLOODS-gauge-879-3,INDOFLOODS-gauge-879,12.0_78.0,12.0,78.0,MAPPED,1979-09-19,1979-09-19,Flood
INDOFLOODS-gauge-879-4,INDOFLOODS-gauge-879,12.0_78.0,12.0,78.0,MAPPED,1979-11-19,1979-11-21,Severe Flood
INDOFLOODS-gauge-879-5,INDOFLOODS-gauge-879,12.0_78.0,12.0,78.0,MAPPED,1981-09-11,1981-09-11,Severe Flood
INDOFLOODS-gauge-879-6,INDOFLOODS-gauge-879,12.0_78.0,12.0,78.0,MAPPED,1981-09-13,1981-09-14,Flood
INDOFLOODS-gauge-879-7,INDOFLOODS-gauge-879,12.0_78.0,12.0,78.0,MAPPED,1981-10-07,1981-10-09,Flood
INDOFLOODS-gauge-879-8,INDOFLOODS-gauge-879,12.0_78.0,12.0,78.0,MAPPED,1981-11-01,1981-11-03,Flood
INDOFLOODS-gauge-879-9,INDOFLOODS-gauge-879,12.0_78.0,12.0,78.0,MAPPED,1983-09-11,1983-09-11,Flood
INDOFLOODS-gauge-884-1,INDOFLOODS-gauge-884,11.0_77.0,11.0,77.0,MAPPED,1979-08-14,1979-08-15,Severe Flood
INDOFLOODS-gauge-884-10,INDOFLOODS-gauge-884,11.0_77.0,11.0,77.0,MAPPED,2005-10-24,2005-10-26,Severe Flood
INDOFLOODS-gauge-884-11,INDOFLOODS-gauge-884,11.0_77.0,11.0,77.0,MAPPED,2005-11-03,2005-11-03,Flood
INDOFLOODS-gauge-884-12,INDOFLOODS-gauge-884,11.0_77.0,11.0,77.0,MAPPED,2007-08-09,2007-08-09,Flood
INDOFLOODS-gauge-884-13,INDOFLOODS-gauge-884,11.0_77.0,11.0,77.0,MAPPED,2007-08-11,2007-08-13,Severe Flood
INDOFLOODS-gauge-884-14,INDOFLOODS-gauge-884,11.0_77.0,11.0,77.0,MAPPED,2013-08-05,2013-08-06,Severe Flood
INDOFLOODS-gauge-884-2,INDOFLOODS-gauge-884,11.0_77.0,11.0,77.0,MAPPED,1980-07-05,1980-07-07,Severe Flood
INDOFLOODS-gauge-884-3,INDOFLOODS-gauge-884,11.0_77.0,11.0,77.0,MAPPED,1980-07-09,1980-07-14,Severe Flood
INDOFLOODS-gauge-884-4,INDOFLOODS-gauge-884,11.0_77.0,11.0,77.0,MAPPED,1980-08-01,1980-08-01,Flood
INDOFLOODS-gauge-884-5,INDOFLOODS-gauge-884,11.0_77.0,11.0,77.0,MAPPED,1981-08-22,1981-08-22,Severe Flood
INDOFLOODS-gauge-884-6,INDOFLOODS-gauge-884,11.0_77.0,11.0,77.0,MAPPED,1981-09-12,1981-09-14,Flood
INDOFLOODS-gauge-884-7,INDOFLOODS-gauge-884,11.0_77.0,11.0,77.0,MAPPED,1992-08-22,1992-08-22,Flood
INDOFLOODS-gauge-884-8,INDOFLOODS-gauge-884,11.0_77.0,11.0,77.0,MAPPED,1994-08-02,1994-08-02,Flood
INDOFLOODS-gauge-884-9,INDOFLOODS-gauge-884,11.0_77.0,11.0,77.0,MAPPED,2000-10-10,2000-10-11,Flood
INDOFLOODS-gauge-885-1,INDOFLOODS-gauge-885,9.0_77.0,9.0,77.0,MAPPED,1997-12-09,1997-12-09,Severe Flood
INDOFLOODS-gauge-885-2,INDOFLOODS-gauge-885,9.0_77.0,9.0,77.0,MAPPED,1998-12-14,1998-12-15,Severe Flood
INDOFLOODS-gauge-885-3,INDOFLOODS-gauge-885,9.0_77.0,9.0,77.0,MAPPED,2004-11-02,2004-11-02,Flood
INDOFLOODS-gauge-889-1,INDOFLOODS-gauge-889,11.0_77.0,11.0,77.0,MAPPED,1999-10-24,1999-10-24,Flood
INDOFLOODS-gauge-890-1,INDOFLOODS-gauge-890,8.0_77.0,8.0,77.0,MAPPED,2000-08-25,2000-08-25,Flood
INDOFLOODS-gauge-890-2,INDOFLOODS-gauge-890,8.0_77.0,8.0,77.0,MAPPED,2002-11-09,2002-11-09,Flood
INDOFLOODS-gauge-890-3,INDOFLOODS-gauge-890,8.0_77.0,8.0,77.0,MAPPED,2008-10-25,2008-10-26,Flood
INDOFLOODS-gauge-890-4,INDOFLOODS-gauge-890,8.0_77.0,8.0,77.0,MAPPED,2010-12-08,2010-12-09,Flood
INDOFLOODS-gauge-890-5,INDOFLOODS-gauge-890,8.0_77.0,8.0,77.0,MAPPED,2011-11-08,2011-11-08,Flood
INDOFLOODS-gauge-890-6,INDOFLOODS-gauge-890,8.0_77.0,8.0,77.0,MAPPED,2011-11-27,2011-11-27,Flood
INDOFLOODS-gauge-890-7,INDOFLOODS-gauge-890,8.0_77.0,8.0,77.0,MAPPED,2015-05-20,2015-05-20,Flood
INDOFLOODS-gauge-890-8,INDOFLOODS-gauge-890,8.0_77.0,8.0,77.0,MAPPED,2015-10-09,2015-10-09,Flood
INDOFLOODS-gauge-890-9,INDOFLOODS-gauge-890,8.0_77.0,8.0,77.0,MAPPED,2017-12-02,2017-12-03,Flood
INDOFLOODS-gauge-896-1,INDOFLOODS-gauge-896,11.0_76.0,11.0,76.0,MAPPED,1991-10-30,1991-10-30,Flood
INDOFLOODS-gauge-896-2,INDOFLOODS-gauge-896,11.0_76.0,11.0,76.0,MAPPED,2009-07-16,2009-07-16,Flood
INDOFLOODS-gauge-896-3,INDOFLOODS-gauge-896,11.0_76.0,11.0,76.0,MAPPED,2009-11-10,2009-11-10,Flood
INDOFLOODS-gauge-896-4,INDOFLOODS-gauge-896,11.0_76.0,11.0,76.0,MAPPED,2010-08-21,2010-08-21,Flood
INDOFLOODS-gauge-896-5,INDOFLOODS-gauge-896,11.0_76.0,11.0,76.0,MAPPED,2018-01-11,2018-01-23,Severe Flood
INDOFLOODS-gauge-896-6,INDOFLOODS-gauge-896,11.0_76.0,11.0,76.0,MAPPED,2019-08-08,2019-08-08,Flood
INDOFLOODS-gauge-898-1,INDOFLOODS-gauge-898,12.0_78.0,12.0,78.0,MAPPED,1981-09-11,1981-09-11,Severe Flood
INDOFLOODS-gauge-898-2,INDOFLOODS-gauge-898,12.0_78.0,12.0,78.0,MAPPED,2005-10-24,2005-10-24,Severe Flood
INDOFLOODS-gauge-898-3,INDOFLOODS-gauge-898,12.0_78.0,12.0,78.0,MAPPED,2019-02-01,2019-02-24,Severe Flood
INDOFLOODS-gauge-913-1,INDOFLOODS-gauge-913,16.0_78.0,16.0,78.0,MAPPED,2019-05-06,2019-08-27,Severe Flood
INDOFLOODS-gauge-916-1,INDOFLOODS-gauge-916,17.0_77.0,17.0,77.0,MAPPED,2019-05-06,2019-06-04,Severe Flood
INDOFLOODS-gauge-916-10,INDOFLOODS-gauge-916,17.0_77.0,17.0,77.0,MAPPED,2019-08-01,2019-08-07,Severe Flood
INDOFLOODS-gauge-916-11,INDOFLOODS-gauge-916,17.0_77.0,17.0,77.0,MAPPED,2019-08-09,2019-08-27,Severe Flood
INDOFLOODS-gauge-916-12,INDOFLOODS-gauge-916,17.0_77.0,17.0,77.0,MAPPED,2020-03-19,2020-03-23,Severe Flood
INDOFLOODS-gauge-916-13,INDOFLOODS-gauge-916,17.0_77.0,17.0,77.0,MAPPED,2020-03-25,2020-04-02,Severe Flood
INDOFLOODS-gauge-916-2,INDOFLOODS-gauge-916,17.0_77.0,17.0,77.0,MAPPED,2019-06-06,2019-06-10,Severe Flood
INDOFLOODS-gauge-916-3,INDOFLOODS-gauge-916,17.0_77.0,17.0,77.0,MAPPED,2019-06-14,2019-06-28,Severe Flood
INDOFLOODS-gauge-916-4,INDOFLOODS-gauge-916,17.0_77.0,17.0,77.0,MAPPED,2019-06-30,2019-06-30,Severe Flood
INDOFLOODS-gauge-916-5,INDOFLOODS-gauge-916,17.0_77.0,17.0,77.0,MAPPED,2019-07-02,2019-07-02,Severe Flood
INDOFLOODS-gauge-916-6,INDOFLOODS-gauge-916,17.0_77.0,17.0,77.0,MAPPED,2019-07-04,2019-07-08,Severe Flood
INDOFLOODS-gauge-916-7,INDOFLOODS-gauge-916,17.0_77.0,17.0,77.0,MAPPED,2019-07-14,2019-07-14,Severe Flood
INDOFLOODS-gauge-916-8,INDOFLOODS-gauge-916,17.0_77.0,17.0,77.0,MAPPED,2019-07-16,2019-07-23,Severe Flood
INDOFLOODS-gauge-916-9,INDOFLOODS-gauge-916,17.0_77.0,17.0,77.0,MAPPED,2019-07-27,2019-07-29,Severe Flood
INDOFLOODS-gauge-917-1,INDOFLOODS-gauge-917,16.0_77.0,16.0,77.0,MAPPED,1994-07-21,1994-07-21,Flood
INDOFLOODS-gauge-917-2,INDOFLOODS-gauge-917,16.0_77.0,16.0,77.0,MAPPED,1998-10-15,1998-10-16,Flood
INDOFLOODS-gauge-917-3,INDOFLOODS-gauge-917,16.0_77.0,16.0,77.0,MAPPED,2005-08-02,2005-08-11,Severe Flood
INDOFLOODS-gauge-917-4,INDOFLOODS-gauge-917,16.0_77.0,16.0,77.0,MAPPED,2006-08-06,2006-08-06,Flood
INDOFLOODS-gauge-917-5,INDOFLOODS-gauge-917,16.0_77.0,16.0,77.0,MAPPED,2006-08-14,2006-08-17,Flood
INDOFLOODS-gauge-917-6,INDOFLOODS-gauge-917,16.0_77.0,16.0,77.0,MAPPED,2019-08-10,2019-08-20,Severe Flood
INDOFLOODS-gauge-922-1,INDOFLOODS-gauge-922,17.0_80.0,17.0,80.0,MAPPED,2019-08-03,2019-08-03,Flood
INDOFLOODS-gauge-922-2,INDOFLOODS-gauge-922,17.0_80.0,17.0,80.0,MAPPED,2019-08-08,2019-08-08,Flood
INDOFLOODS-gauge-925-1,INDOFLOODS-gauge-925,17.0_80.0,17.0,80.0,MAPPED,2006-08-01,2006-08-29,Severe Flood
INDOFLOODS-gauge-925-2,INDOFLOODS-gauge-925,17.0_80.0,17.0,80.0,MAPPED,2014-09-08,2014-09-10,Flood
INDOFLOODS-gauge-925-3,INDOFLOODS-gauge-925,17.0_80.0,17.0,80.0,MAPPED,2016-07-11,2016-07-13,Flood
INDOFLOODS-gauge-925-4,INDOFLOODS-gauge-925,17.0_80.0,17.0,80.0,MAPPED,2019-08-03,2019-08-03,Flood
INDOFLOODS-gauge-925-5,INDOFLOODS-gauge-925,17.0_80.0,17.0,80.0,MAPPED,2019-08-05,2019-08-05,Flood
INDOFLOODS-gauge-925-6,INDOFLOODS-gauge-925,17.0_80.0,17.0,80.0,MAPPED,2019-08-08,2019-08-09,Flood
INDOFLOODS-gauge-926-1,INDOFLOODS-gauge-926,17.0_77.0,17.0,77.0,MAPPED,1983-08-24,1983-08-24,Flood
INDOFLOODS-gauge-926-2,INDOFLOODS-gauge-926,17.0_77.0,17.0,77.0,MAPPED,1983-09-15,1983-09-15,Flood
INDOFLOODS-gauge-926-3,INDOFLOODS-gauge-926,17.0_77.0,17.0,77.0,MAPPED,1983-09-17,1983-09-17,Flood
INDOFLOODS-gauge-926-4,INDOFLOODS-gauge-926,17.0_77.0,17.0,77.0,MAPPED,1984-08-01,1984-08-01,Severe Flood
INDOFLOODS-gauge-926-5,INDOFLOODS-gauge-926,17.0_77.0,17.0,77.0,MAPPED,1990-08-15,1990-08-15,Flood
INDOFLOODS-gauge-939-1,INDOFLOODS-gauge-939,18.0_77.0,18.0,77.0,MAPPED,2019-04-30,2019-04-30,Severe Flood
INDOFLOODS-gauge-939-10,INDOFLOODS-gauge-939,18.0_77.0,18.0,77.0,MAPPED,2019-08-09,2019-08-27,Severe Flood
INDOFLOODS-gauge-939-11,INDOFLOODS-gauge-939,18.0_77.0,18.0,77.0,MAPPED,2019-09-20,2019-09-22,Severe Flood
INDOFLOODS-gauge-939-12,INDOFLOODS-gauge-939,18.0_77.0,18.0,77.0,MAPPED,2019-09-25,2019-09-29,Severe Flood
INDOFLOODS-gauge-939-13,INDOFLOODS-gauge-939,18.0_77.0,18.0,77.0,MAPPED,2019-10-01,2019-10-04,Severe Flood
INDOFLOODS-gauge-939-14,INDOFLOODS-gauge-939,18.0_77.0,18.0,77.0,MAPPED,2019-10-06,2019-10-07,Severe Flood
INDOFLOODS-gauge-939-15,INDOFLOODS-gauge-939,18.0_77.0,18.0,77.0,MAPPED,2019-10-10,2019-10-12,Severe Flood
INDOFLOODS-gauge-939-16,INDOFLOODS-gauge-939,18.0_77.0,18.0,77.0,MAPPED,2019-10-14,2019-10-21,Severe Flood
INDOFLOODS-gauge-939-17,INDOFLOODS-gauge-939,18.0_77.0,18.0,77.0,MAPPED,2019-10-23,2019-10-23,Severe Flood
INDOFLOODS-gauge-939-18,INDOFLOODS-gauge-939,18.0_77.0,18.0,77.0,MAPPED,2019-10-25,2019-10-25,Severe Flood
INDOFLOODS-gauge-939-19,INDOFLOODS-gauge-939,18.0_77.0,18.0,77.0,MAPPED,2019-10-31,2019-11-01,Severe Flood
INDOFLOODS-gauge-939-2,INDOFLOODS-gauge-939,18.0_77.0,18.0,77.0,MAPPED,2019-05-06,2019-05-09,Severe Flood
INDOFLOODS-gauge-939-20,INDOFLOODS-gauge-939,18.0_77.0,18.0,77.0,MAPPED,2019-11-04,2019-11-05,Severe Flood
INDOFLOODS-gauge-939-21,INDOFLOODS-gauge-939,18.0_77.0,18.0,77.0,MAPPED,2019-11-07,2019-11-07,Severe Flood
INDOFLOODS-gauge-939-22,INDOFLOODS-gauge-939,18.0_77.0,18.0,77.0,MAPPED,2019-11-11,2019-11-11,Severe Flood
INDOFLOODS-gauge-939-23,INDOFLOODS-gauge-939,18.0_77.0,18.0,77.0,MAPPED,2019-11-13,2019-11-13,Severe Flood
INDOFLOODS-gauge-939-24,INDOFLOODS-gauge-939,18.0_77.0,18.0,77.0,MAPPED,2019-11-15,2019-11-16,Severe Flood
INDOFLOODS-gauge-939-25,INDOFLOODS-gauge-939,18.0_77.0,18.0,77.0,MAPPED,2019-11-21,2019-11-23,Severe Flood
INDOFLOODS-gauge-939-26,INDOFLOODS-gauge-939,18.0_77.0,18.0,77.0,MAPPED,2019-11-25,2019-11-25,Severe Flood
INDOFLOODS-gauge-939-27,INDOFLOODS-gauge-939,18.0_77.0,18.0,77.0,MAPPED,2019-11-29,2019-12-02,Severe Flood
INDOFLOODS-gauge-939-28,INDOFLOODS-gauge-939,18.0_77.0,18.0,77.0,MAPPED,2019-12-05,2019-12-05,Severe Flood
INDOFLOODS-gauge-939-29,INDOFLOODS-gauge-939,18.0_77.0,18.0,77.0,MAPPED,2019-12-07,2019-12-12,Severe Flood
INDOFLOODS-gauge-939-3,INDOFLOODS-gauge-939,18.0_77.0,18.0,77.0,MAPPED,2019-05-11,2019-05-20,Severe Flood
INDOFLOODS-gauge-939-30,INDOFLOODS-gauge-939,18.0_77.0,18.0,77.0,MAPPED,2019-12-15,2019-12-19,Severe Flood
INDOFLOODS-gauge-939-31,INDOFLOODS-gauge-939,18.0_77.0,18.0,77.0,MAPPED,2019-12-28,2019-12-29,Severe Flood
INDOFLOODS-gauge-939-32,INDOFLOODS-gauge-939,18.0_77.0,18.0,77.0,MAPPED,2020-01-04,2020-01-05,Severe Flood
INDOFLOODS-gauge-939-33,INDOFLOODS-gauge-939,18.0_77.0,18.0,77.0,MAPPED,2020-01-23,2020-01-23,Severe Flood
INDOFLOODS-gauge-939-4,INDOFLOODS-gauge-939,18.0_77.0,18.0,77.0,MAPPED,2019-05-22,2019-06-04,Severe Flood
INDOFLOODS-gauge-939-5,INDOFLOODS-gauge-939,18.0_77.0,18.0,77.0,MAPPED,2019-06-06,2019-06-10,Severe Flood
INDOFLOODS-gauge-939-6,INDOFLOODS-gauge-939,18.0_77.0,18.0,77.0,MAPPED,2019-06-14,2019-07-08,Severe Flood
INDOFLOODS-gauge-939-7,INDOFLOODS-gauge-939,18.0_77.0,18.0,77.0,MAPPED,2019-07-14,2019-07-23,Severe Flood
INDOFLOODS-gauge-939-8,INDOFLOODS-gauge-939,18.0_77.0,18.0,77.0,MAPPED,2019-07-27,2019-07-29,Severe Flood
INDOFLOODS-gauge-939-9,INDOFLOODS-gauge-939,18.0_77.0,18.0,77.0,MAPPED,2019-08-01,2019-08-07,Severe Flood
INDOFLOODS-gauge-943-1,INDOFLOODS-gauge-943,18.0_79.0,18.0,79.0,MAPPED,2019-08-03,2019-08-03,Flood
INDOFLOODS-gauge-943-2,INDOFLOODS-gauge-943,18.0_79.0,18.0,79.0,MAPPED,2019-08-08,2019-08-08,Flood
INDOFLOODS-gauge-944-1,INDOFLOODS-gauge-944,24.0_91.0,24.0,91.0,MAPPED,2018-05-18,2018-05-18,Flood
INDOFLOODS-gauge-944-2,INDOFLOODS-gauge-944,24.0_91.0,24.0,91.0,MAPPED,2019-07-14,2019-07-15,Severe Flood
INDOFLOODS-gauge-97-1,INDOFLOODS-gauge-97,18.0_82.0,18.0,82.0,MAPPED,2018-01-01,2018-01-31,Flood
INDOFLOODS-gauge-97-2,INDOFLOODS-gauge-97,18.0_82.0,18.0,82.0,MAPPED,2018-02-03,2018-02-03,Flood
INDOFLOODS-gauge-97-3,INDOFLOODS-gauge-97,18.0_82.0,18.0,82.0,MAPPED,2018-03-01,2018-05-31,Flood
INDOFLOODS-gauge-97-4,INDOFLOODS-gauge-97,18.0_82.0,18.0,82.0,MAPPED,2018-07-01,2018-07-31,Severe Flood
INDOFLOODS-gauge-97-5,INDOFLOODS-gauge-97,18.0_82.0,18.0,82.0,MAPPED,2018-11-01,2018-12-31,Severe Flood
INDOFLOODS-gauge-97-6,INDOFLOODS-gauge-97,18.0_82.0,18.0,82.0,MAPPED,2019-06-25,2019-06-30,Flood
INDOFLOODS-gauge-97-7,INDOFLOODS-gauge-97,18.0_82.0,18.0,82.0,MAPPED,2019-08-04,2019-08-19,Severe Flood
