EventID,GaugeID,cell_id,event_start_date,context_date,days_before_event_start,imd_rain_mm
INDOFLOODS-gauge-1010-2,INDOFLOODS-gauge-1010,26.0_89.0,2016-07-23,2016-07-18,5,44.908
INDOFLOODS-gauge-1010-2,INDOFLOODS-gauge-1010,26.0_89.0,2016-07-23,2016-07-19,4,15.747
INDOFLOODS-gauge-1010-2,INDOFLOODS-gauge-1010,26.0_89.0,2016-07-23,2016-07-20,3,43.32
INDOFLOODS-gauge-1010-2,INDOFLOODS-gauge-1010,26.0_89.0,2016-07-23,2016-07-21,2,43.424
INDOFLOODS-gauge-1010-2,INDOFLOODS-gauge-1010,26.0_89.0,2016-07-23,2016-07-22,1,33.036
INDOFLOODS-gauge-1010-2,INDOFLOODS-gauge-1010,26.0_89.0,2016-07-23,2016-07-23,0,112.061
INDOFLOODS-gauge-1010-3,INDOFLOODS-gauge-1010,26.0_89.0,2016-07-26,2016-07-21,5,43.424
INDOFLOODS-gauge-1010-3,INDOFLOODS-gauge-1010,26.0_89.0,2016-07-26,2016-07-22,4,33.036
INDOFLOODS-gauge-1010-3,INDOFLOODS-gauge-1010,26.0_89.0,2016-07-26,2016-07-23,3,112.061
INDOFLOODS-gauge-1010-3,INDOFLOODS-gauge-1010,26.0_89.0,2016-07-26,2016-07-24,2,54.326
INDOFLOODS-gauge-1010-3,INDOFLOODS-gauge-1010,26.0_89.0,2016-07-26,2016-07-25,1,50.304
INDOFLOODS-gauge-1010-3,INDOFLOODS-gauge-1010,26.0_89.0,2016-07-26,2016-07-26,0,85.123
INDOFLOODS-gauge-1010-4,INDOFLOODS-gauge-1010,26.0_89.0,2017-08-11,2017-08-06,5,5.765
INDOFLOODS-gauge-1010-4,INDOFLOODS-gauge-1010,26.0_89.0,2017-08-11,2017-08-07,4,21.172
INDOFLOODS-gauge-1010-4,INDOFLOODS-gauge-1010,26.0_89.0,2017-08-11,2017-08-08,3,54.419
INDOFLOODS-gauge-1010-4,INDOFLOODS-gauge-1010,26.0_89.0,2017-08-11,2017-08-09,2,70.26
INDOFLOODS-gauge-1010-4,INDOFLOODS-gauge-1010,26.0_89.0,2017-08-11,2017-08-10,1,123.043
INDOFLOODS-gauge-1010-4,INDOFLOODS-gauge-1010,26.0_89.0,2017-08-11,2017-08-11,0,153.875
INDOFLOODS-gauge-1013-2,INDOFLOODS-gauge-1013,26.0_89.0,2015-08-31,2015-08-26,5,8.886
INDOFLOODS-gauge-1013-2,INDOFLOODS-gauge-1013,26.0_89.0,2015-08-31,2015-08-27,4,23.803
INDOFLOODS-gauge-1013-2,INDOFLOODS-gauge-1013,26.0_89.0,2015-08-31,2015-08-28,3,10.807
INDOFLOODS-gauge-1013-2,INDOFLOODS-gauge-1013,26.0_89.0,2015-08-31,2015-08-29,2,46.585
INDOFLOODS-gauge-1013-2,INDOFLOODS-gauge-1013,26.0_89.0,2015-08-31,2015-08-30,1,59.669
INDOFLOODS-gauge-1013-2,INDOFLOODS-gauge-1013,26.0_89.0,2015-08-31,2015-08-31,0,81.047
INDOFLOODS-gauge-1013-3,INDOFLOODS-gauge-1013,26.0_89.0,2016-07-23,2016-07-18,5,44.908
INDOFLOODS-gauge-1013-3,INDOFLOODS-gauge-1013,26.0_89.0,2016-07-23,2016-07-19,4,15.747
INDOFLOODS-gauge-1013-3,INDOFLOODS-gauge-1013,26.0_89.0,2016-07-23,2016-07-20,3,43.32
INDOFLOODS-gauge-1013-3,INDOFLOODS-gauge-1013,26.0_89.0,2016-07-23,2016-07-21,2,43.424
INDOFLOODS-gauge-1013-3,INDOFLOODS-gauge-1013,26.0_89.0,2016-07-23,2016-07-22,1,33.036
INDOFLOODS-gauge-1013-3,INDOFLOODS-gauge-1013,26.0_89.0,2016-07-23,2016-07-23,0,112.061
INDOFLOODS-gauge-1013-4,INDOFLOODS-gauge-1013,26.0_89.0,2017-08-11,2017-08-06,5,5.765
INDOFLOODS-gauge-1013-4,INDOFLOODS-gauge-1013,26.0_89.0,2017-08-11,2017-08-07,4,21.172
INDOFLOODS-gauge-1013-4,INDOFLOODS-gauge-1013,26.0_89.0,2017-08-11,2017-08-08,3,54.419
INDOFLOODS-gauge-1013-4,INDOFLOODS-gauge-1013,26.0_89.0,2017-08-11,2017-08-09,2,70.26
INDOFLOODS-gauge-1013-4,INDOFLOODS-gauge-1013,26.0_89.0,2017-08-11,2017-08-10,1,123.043
INDOFLOODS-gauge-1013-4,INDOFLOODS-gauge-1013,26.0_89.0,2017-08-11,2017-08-11,0,153.875
INDOFLOODS-gauge-1013-5,INDOFLOODS-gauge-1013,26.0_89.0,2020-07-03,2020-06-28,5,53.893
INDOFLOODS-gauge-1013-5,INDOFLOODS-gauge-1013,26.0_89.0,2020-07-03,2020-06-29,4,45.911
INDOFLOODS-gauge-1013-5,INDOFLOODS-gauge-1013,26.0_89.0,2020-07-03,2020-06-30,3,4.632
INDOFLOODS-gauge-1013-5,INDOFLOODS-gauge-1013,26.0_89.0,2020-07-03,2020-07-01,2,33.694
INDOFLOODS-gauge-1013-5,INDOFLOODS-gauge-1013,26.0_89.0,2020-07-03,2020-07-02,1,114.383
INDOFLOODS-gauge-1013-5,INDOFLOODS-gauge-1013,26.0_89.0,2020-07-03,2020-07-03,0,51.924
INDOFLOODS-gauge-1013-6,INDOFLOODS-gauge-1013,26.0_89.0,2020-07-12,2020-07-07,5,3.651
INDOFLOODS-gauge-1013-6,INDOFLOODS-gauge-1013,26.0_89.0,2020-07-12,2020-07-08,4,10.259
INDOFLOODS-gauge-1013-6,INDOFLOODS-gauge-1013,26.0_89.0,2020-07-12,2020-07-09,3,60.913
INDOFLOODS-gauge-1013-6,INDOFLOODS-gauge-1013,26.0_89.0,2020-07-12,2020-07-10,2,54.863
INDOFLOODS-gauge-1013-6,INDOFLOODS-gauge-1013,26.0_89.0,2020-07-12,2020-07-11,1,83.633
INDOFLOODS-gauge-1013-6,INDOFLOODS-gauge-1013,26.0_89.0,2020-07-12,2020-07-12,0,159.641
INDOFLOODS-gauge-1013-7,INDOFLOODS-gauge-1013,26.0_89.0,2020-07-21,2020-07-16,5,5.609
INDOFLOODS-gauge-1013-7,INDOFLOODS-gauge-1013,26.0_89.0,2020-07-21,2020-07-17,4,48.187
INDOFLOODS-gauge-1013-7,INDOFLOODS-gauge-1013,26.0_89.0,2020-07-21,2020-07-18,3,69.007
INDOFLOODS-gauge-1013-7,INDOFLOODS-gauge-1013,26.0_89.0,2020-07-21,2020-07-19,2,62.331
INDOFLOODS-gauge-1013-7,INDOFLOODS-gauge-1013,26.0_89.0,2020-07-21,2020-07-20,1,13.947
INDOFLOODS-gauge-1013-7,INDOFLOODS-gauge-1013,26.0_89.0,2020-07-21,2020-07-21,0,122.315
INDOFLOODS-gauge-1013-8,INDOFLOODS-gauge-1013,26.0_89.0,2020-09-15,2020-09-10,5,1.767
INDOFLOODS-gauge-1013-8,INDOFLOODS-gauge-1013,26.0_89.0,2020-09-15,2020-09-11,4,47.052
INDOFLOODS-gauge-1013-8,INDOFLOODS-gauge-1013,26.0_89.0,2020-09-15,2020-09-12,3,25.391
INDOFLOODS-gauge-1013-8,INDOFLOODS-gauge-1013,26.0_89.0,2020-09-15,2020-09-13,2,53.493
INDOFLOODS-gauge-1013-8,INDOFLOODS-gauge-1013,26.0_89.0,2020-09-15,2020-09-14,1,55.123
INDOFLOODS-gauge-1013-8,INDOFLOODS-gauge-1013,26.0_89.0,2020-09-15,2020-09-15,0,120.013
INDOFLOODS-gauge-1013-9,INDOFLOODS-gauge-1013,26.0_89.0,2020-09-24,2020-09-19,5,0.754
INDOFLOODS-gauge-1013-9,INDOFLOODS-gauge-1013,26.0_89.0,2020-09-24,2020-09-20,4,0.0
INDOFLOODS-gauge-1013-9,INDOFLOODS-gauge-1013,26.0_89.0,2020-09-24,2020-09-21,3,28.444
INDOFLOODS-gauge-1013-9,INDOFLOODS-gauge-1013,26.0_89.0,2020-09-24,2020-09-22,2,9.867
INDOFLOODS-gauge-1013-9,INDOFLOODS-gauge-1013,26.0_89.0,2020-09-24,2020-09-23,1,104.673
INDOFLOODS-gauge-1013-9,INDOFLOODS-gauge-1013,26.0_89.0,2020-09-24,2020-09-24,0,73.046
INDOFLOODS-gauge-1018-1,INDOFLOODS-gauge-1018,26.0_88.0,2017-07-01,2017-06-26,5,10.851
INDOFLOODS-gauge-1018-1,INDOFLOODS-gauge-1018,26.0_88.0,2017-07-01,2017-06-27,4,2.371
INDOFLOODS-gauge-1018-1,INDOFLOODS-gauge-1018,26.0_88.0,2017-07-01,2017-06-28,3,23.002
INDOFLOODS-gauge-1018-1,INDOFLOODS-gauge-1018,26.0_88.0,2017-07-01,2017-06-29,2,12.547
INDOFLOODS-gauge-1018-1,INDOFLOODS-gauge-1018,26.0_88.0,2017-07-01,2017-06-30,1,65.839
INDOFLOODS-gauge-1018-1,INDOFLOODS-gauge-1018,26.0_88.0,2017-07-01,2017-07-01,0,27.426
INDOFLOODS-gauge-1018-10,INDOFLOODS-gauge-1018,26.0_88.0,2020-09-24,2020-09-19,5,9.971
INDOFLOODS-gauge-1018-10,INDOFLOODS-gauge-1018,26.0_88.0,2020-09-24,2020-09-20,4,0.0
INDOFLOODS-gauge-1018-10,INDOFLOODS-gauge-1018,26.0_88.0,2020-09-24,2020-09-21,3,15.448
INDOFLOODS-gauge-1018-10,INDOFLOODS-gauge-1018,26.0_88.0,2020-09-24,2020-09-22,2,10.347
INDOFLOODS-gauge-1018-10,INDOFLOODS-gauge-1018,26.0_88.0,2020-09-24,2020-09-23,1,129.648
INDOFLOODS-gauge-1018-10,INDOFLOODS-gauge-1018,26.0_88.0,2020-09-24,2020-09-24,0,78.463
INDOFLOODS-gauge-1018-2,INDOFLOODS-gauge-1018,26.0_88.0,2017-07-10,2017-07-05,5,25.287
INDOFLOODS-gauge-1018-2,INDOFLOODS-gauge-1018,26.0_88.0,2017-07-10,2017-07-06,4,30.699
INDOFLOODS-gauge-1018-2,INDOFLOODS-gauge-1018,26.0_88.0,2017-07-10,2017-07-07,3,6.299
INDOFLOODS-gauge-1018-2,INDOFLOODS-gauge-1018,26.0_88.0,2017-07-10,2017-07-08,2,12.677
INDOFLOODS-gauge-1018-2,INDOFLOODS-gauge-1018,26.0_88.0,2017-07-10,2017-07-09,1,96.905
INDOFLOODS-gauge-1018-2,INDOFLOODS-gauge-1018,26.0_88.0,2017-07-10,2017-07-10,0,93.2
INDOFLOODS-gauge-1018-3,INDOFLOODS-gauge-1018,26.0_88.0,2017-08-10,2017-08-05,5,3.325
INDOFLOODS-gauge-1018-3,INDOFLOODS-gauge-1018,26.0_88.0,2017-08-10,2017-08-06,4,9.88
INDOFLOODS-gauge-1018-3,INDOFLOODS-gauge-1018,26.0_88.0,2017-08-10,2017-08-07,3,33.675
INDOFLOODS-gauge-1018-3,INDOFLOODS-gauge-1018,26.0_88.0,2017-08-10,2017-08-08,2,37.219
INDOFLOODS-gauge-1018-3,INDOFLOODS-gauge-1018,26.0_88.0,2017-08-10,2017-08-09,1,39.928
INDOFLOODS-gauge-1018-3,INDOFLOODS-gauge-1018,26.0_88.0,2017-08-10,2017-08-10,0,91.609
INDOFLOODS-gauge-1018-4,INDOFLOODS-gauge-1018,26.0_88.0,2018-06-24,2018-06-19,5,1.254
INDOFLOODS-gauge-1018-4,INDOFLOODS-gauge-1018,26.0_88.0,2018-06-24,2018-06-20,4,10.674
INDOFLOODS-gauge-1018-4,INDOFLOODS-gauge-1018,26.0_88.0,2018-06-24,2018-06-21,3,18.368
INDOFLOODS-gauge-1018-4,INDOFLOODS-gauge-1018,26.0_88.0,2018-06-24,2018-06-22,2,22.185
INDOFLOODS-gauge-1018-4,INDOFLOODS-gauge-1018,26.0_88.0,2018-06-24,2018-06-23,1,76.446
INDOFLOODS-gauge-1018-4,INDOFLOODS-gauge-1018,26.0_88.0,2018-06-24,2018-06-24,0,35.6
INDOFLOODS-gauge-1018-5,INDOFLOODS-gauge-1018,26.0_88.0,2018-07-01,2018-06-26,5,16.138
INDOFLOODS-gauge-1018-5,INDOFLOODS-gauge-1018,26.0_88.0,2018-07-01,2018-06-27,4,1.232
INDOFLOODS-gauge-1018-5,INDOFLOODS-gauge-1018,26.0_88.0,2018-07-01,2018-06-28,3,3.189
INDOFLOODS-gauge-1018-5,INDOFLOODS-gauge-1018,26.0_88.0,2018-07-01,2018-06-29,2,24.387
INDOFLOODS-gauge-1018-5,INDOFLOODS-gauge-1018,26.0_88.0,2018-07-01,2018-06-30,1,11.252
INDOFLOODS-gauge-1018-5,INDOFLOODS-gauge-1018,26.0_88.0,2018-07-01,2018-07-01,0,101.398
INDOFLOODS-gauge-1018-6,INDOFLOODS-gauge-1018,26.0_88.0,2018-08-01,2018-07-27,5,4.38
INDOFLOODS-gauge-1018-6,INDOFLOODS-gauge-1018,26.0_88.0,2018-08-01,2018-07-28,4,8.651
INDOFLOODS-gauge-1018-6,INDOFLOODS-gauge-1018,26.0_88.0,2018-08-01,2018-07-29,3,28.503
INDOFLOODS-gauge-1018-6,INDOFLOODS-gauge-1018,26.0_88.0,2018-08-01,2018-07-30,2,10.997
INDOFLOODS-gauge-1018-6,INDOFLOODS-gauge-1018,26.0_88.0,2018-08-01,2018-07-31,1,24.381
INDOFLOODS-gauge-1018-6,INDOFLOODS-gauge-1018,26.0_88.0,2018-08-01,2018-08-01,0,43.273
INDOFLOODS-gauge-1018-7,INDOFLOODS-gauge-1018,26.0_88.0,2020-07-13,2020-07-08,5,32.307
INDOFLOODS-gauge-1018-7,INDOFLOODS-gauge-1018,26.0_88.0,2020-07-13,2020-07-09,4,21.333
INDOFLOODS-gauge-1018-7,INDOFLOODS-gauge-1018,26.0_88.0,2020-07-13,2020-07-10,3,52.08
INDOFLOODS-gauge-1018-7,INDOFLOODS-gauge-1018,26.0_88.0,2020-07-13,2020-07-11,2,62.861
INDOFLOODS-gauge-1018-7,INDOFLOODS-gauge-1018,26.0_88.0,2020-07-13,2020-07-12,1,179.596
INDOFLOODS-gauge-1018-7,INDOFLOODS-gauge-1018,26.0_88.0,2020-07-13,2020-07-13,0,38.251
INDOFLOODS-gauge-1018-8,INDOFLOODS-gauge-1018,26.0_88.0,2020-07-21,2020-07-16,5,32.614
INDOFLOODS-gauge-1018-8,INDOFLOODS-gauge-1018,26.0_88.0,2020-07-21,2020-07-17,4,38.955
INDOFLOODS-gauge-1018-8,INDOFLOODS-gauge-1018,26.0_88.0,2020-07-21,2020-07-18,3,30.221
INDOFLOODS-gauge-1018-8,INDOFLOODS-gauge-1018,26.0_88.0,2020-07-21,2020-07-19,2,12.748
INDOFLOODS-gauge-1018-8,INDOFLOODS-gauge-1018,26.0_88.0,2020-07-21,2020-07-20,1,61.66
INDOFLOODS-gauge-1018-8,INDOFLOODS-gauge-1018,26.0_88.0,2020-07-21,2020-07-21,0,53.194
INDOFLOODS-gauge-1018-9,INDOFLOODS-gauge-1018,26.0_88.0,2020-08-10,2020-08-05,5,1.307
INDOFLOODS-gauge-1018-9,INDOFLOODS-gauge-1018,26.0_88.0,2020-08-10,2020-08-06,4,11.072
INDOFLOODS-gauge-1018-9,INDOFLOODS-gauge-1018,26.0_88.0,2020-08-10,2020-08-07,3,8.903
INDOFLOODS-gauge-1018-9,INDOFLOODS-gauge-1018,26.0_88.0,2020-08-10,2020-08-08,2,0.774
INDOFLOODS-gauge-1018-9,INDOFLOODS-gauge-1018,26.0_88.0,2020-08-10,2020-08-09,1,37.617
INDOFLOODS-gauge-1018-9,INDOFLOODS-gauge-1018,26.0_88.0,2020-08-10,2020-08-10,0,52.65
INDOFLOODS-gauge-1050-22,INDOFLOODS-gauge-1050,26.0_89.0,2015-06-08,2015-06-03,5,10.718
INDOFLOODS-gauge-1050-22,INDOFLOODS-gauge-1050,26.0_89.0,2015-06-08,2015-06-04,4,34.536
INDOFLOODS-gauge-1050-22,INDOFLOODS-gauge-1050,26.0_89.0,2015-06-08,2015-06-05,3,9.019
INDOFLOODS-gauge-1050-22,INDOFLOODS-gauge-1050,26.0_89.0,2015-06-08,2015-06-06,2,54.372
INDOFLOODS-gauge-1050-22,INDOFLOODS-gauge-1050,26.0_89.0,2015-06-08,2015-06-07,1,122.084
INDOFLOODS-gauge-1050-22,INDOFLOODS-gauge-1050,26.0_89.0,2015-06-08,2015-06-08,0,89.641
INDOFLOODS-gauge-1050-23,INDOFLOODS-gauge-1050,26.0_89.0,2015-08-17,2015-08-12,5,4.486
INDOFLOODS-gauge-1050-23,INDOFLOODS-gauge-1050,26.0_89.0,2015-08-17,2015-08-13,4,5.352
INDOFLOODS-gauge-1050-23,INDOFLOODS-gauge-1050,26.0_89.0,2015-08-17,2015-08-14,3,31.074
INDOFLOODS-gauge-1050-23,INDOFLOODS-gauge-1050,26.0_89.0,2015-08-17,2015-08-15,2,41.414
INDOFLOODS-gauge-1050-23,INDOFLOODS-gauge-1050,26.0_89.0,2015-08-17,2015-08-16,1,23.1
INDOFLOODS-gauge-1050-23,INDOFLOODS-gauge-1050,26.0_89.0,2015-08-17,2015-08-17,0,55.244
INDOFLOODS-gauge-1050-24,INDOFLOODS-gauge-1050,26.0_89.0,2015-08-19,2015-08-14,5,31.074
INDOFLOODS-gauge-1050-24,INDOFLOODS-gauge-1050,26.0_89.0,2015-08-19,2015-08-15,4,41.414
INDOFLOODS-gauge-1050-24,INDOFLOODS-gauge-1050,26.0_89.0,2015-08-19,2015-08-16,3,23.1
INDOFLOODS-gauge-1050-24,INDOFLOODS-gauge-1050,26.0_89.0,2015-08-19,2015-08-17,2,55.244
INDOFLOODS-gauge-1050-24,INDOFLOODS-gauge-1050,26.0_89.0,2015-08-19,2015-08-18,1,102.328
INDOFLOODS-gauge-1050-24,INDOFLOODS-gauge-1050,26.0_89.0,2015-08-19,2015-08-19,0,33.19
INDOFLOODS-gauge-1050-25,INDOFLOODS-gauge-1050,26.0_89.0,2015-08-31,2015-08-26,5,8.886
INDOFLOODS-gauge-1050-25,INDOFLOODS-gauge-1050,26.0_89.0,2015-08-31,2015-08-27,4,23.803
INDOFLOODS-gauge-1050-25,INDOFLOODS-gauge-1050,26.0_89.0,2015-08-31,2015-08-28,3,10.807
INDOFLOODS-gauge-1050-25,INDOFLOODS-gauge-1050,26.0_89.0,2015-08-31,2015-08-29,2,46.585
INDOFLOODS-gauge-1050-25,INDOFLOODS-gauge-1050,26.0_89.0,2015-08-31,2015-08-30,1,59.669
INDOFLOODS-gauge-1050-25,INDOFLOODS-gauge-1050,26.0_89.0,2015-08-31,2015-08-31,0,81.047
INDOFLOODS-gauge-1050-26,INDOFLOODS-gauge-1050,26.0_89.0,2016-06-23,2016-06-18,5,4.008
INDOFLOODS-gauge-1050-26,INDOFLOODS-gauge-1050,26.0_89.0,2016-06-23,2016-06-19,4,48.689
INDOFLOODS-gauge-1050-26,INDOFLOODS-gauge-1050,26.0_89.0,2016-06-23,2016-06-20,3,52.542
INDOFLOODS-gauge-1050-26,INDOFLOODS-gauge-1050,26.0_89.0,2016-06-23,2016-06-21,2,51.261
INDOFLOODS-gauge-1050-26,INDOFLOODS-gauge-1050,26.0_89.0,2016-06-23,2016-06-22,1,102.919
INDOFLOODS-gauge-1050-26,INDOFLOODS-gauge-1050,26.0_89.0,2016-06-23,2016-06-23,0,32.39
INDOFLOODS-gauge-1050-27,INDOFLOODS-gauge-1050,26.0_89.0,2016-07-22,2016-07-17,5,74.489
INDOFLOODS-gauge-1050-27,INDOFLOODS-gauge-1050,26.0_89.0,2016-07-22,2016-07-18,4,44.908
INDOFLOODS-gauge-1050-27,INDOFLOODS-gauge-1050,26.0_89.0,2016-07-22,2016-07-19,3,15.747
INDOFLOODS-gauge-1050-27,INDOFLOODS-gauge-1050,26.0_89.0,2016-07-22,2016-07-20,2,43.32
INDOFLOODS-gauge-1050-27,INDOFLOODS-gauge-1050,26.0_89.0,2016-07-22,2016-07-21,1,43.424
INDOFLOODS-gauge-1050-27,INDOFLOODS-gauge-1050,26.0_89.0,2016-07-22,2016-07-22,0,33.036
INDOFLOODS-gauge-1050-28,INDOFLOODS-gauge-1050,26.0_89.0,2017-07-10,2017-07-05,5,33.277
INDOFLOODS-gauge-1050-28,INDOFLOODS-gauge-1050,26.0_89.0,2017-07-10,2017-07-06,4,13.089
INDOFLOODS-gauge-1050-28,INDOFLOODS-gauge-1050,26.0_89.0,2017-07-10,2017-07-07,3,10.707
INDOFLOODS-gauge-1050-28,INDOFLOODS-gauge-1050,26.0_89.0,2017-07-10,2017-07-08,2,3.143
INDOFLOODS-gauge-1050-28,INDOFLOODS-gauge-1050,26.0_89.0,2017-07-10,2017-07-09,1,111.784
INDOFLOODS-gauge-1050-28,INDOFLOODS-gauge-1050,26.0_89.0,2017-07-10,2017-07-10,0,69.551
INDOFLOODS-gauge-1050-29,INDOFLOODS-gauge-1050,26.0_89.0,2017-08-10,2017-08-05,5,3.407
INDOFLOODS-gauge-1050-29,INDOFLOODS-gauge-1050,26.0_89.0,2017-08-10,2017-08-06,4,5.765
INDOFLOODS-gauge-1050-29,INDOFLOODS-gauge-1050,26.0_89.0,2017-08-10,2017-08-07,3,21.172
INDOFLOODS-gauge-1050-29,INDOFLOODS-gauge-1050,26.0_89.0,2017-08-10,2017-08-08,2,54.419
INDOFLOODS-gauge-1050-29,INDOFLOODS-gauge-1050,26.0_89.0,2017-08-10,2017-08-09,1,70.26
INDOFLOODS-gauge-1050-29,INDOFLOODS-gauge-1050,26.0_89.0,2017-08-10,2017-08-10,0,123.043
INDOFLOODS-gauge-1050-30,INDOFLOODS-gauge-1050,26.0_89.0,2017-10-01,2017-09-26,5,6.262
INDOFLOODS-gauge-1050-30,INDOFLOODS-gauge-1050,26.0_89.0,2017-10-01,2017-09-27,4,0.0
INDOFLOODS-gauge-1050-30,INDOFLOODS-gauge-1050,26.0_89.0,2017-10-01,2017-09-28,3,0.0
INDOFLOODS-gauge-1050-30,INDOFLOODS-gauge-1050,26.0_89.0,2017-10-01,2017-09-29,2,21.772
INDOFLOODS-gauge-1050-30,INDOFLOODS-gauge-1050,26.0_89.0,2017-10-01,2017-09-30,1,88.273
INDOFLOODS-gauge-1050-30,INDOFLOODS-gauge-1050,26.0_89.0,2017-10-01,2017-10-01,0,50.647
INDOFLOODS-gauge-1050-31,INDOFLOODS-gauge-1050,26.0_89.0,2018-07-02,2018-06-27,5,2.781
INDOFLOODS-gauge-1050-31,INDOFLOODS-gauge-1050,26.0_89.0,2018-07-02,2018-06-28,4,5.511
INDOFLOODS-gauge-1050-31,INDOFLOODS-gauge-1050,26.0_89.0,2018-07-02,2018-06-29,3,8.139
INDOFLOODS-gauge-1050-31,INDOFLOODS-gauge-1050,26.0_89.0,2018-07-02,2018-06-30,2,15.34
INDOFLOODS-gauge-1050-31,INDOFLOODS-gauge-1050,26.0_89.0,2018-07-02,2018-07-01,1,126.742
INDOFLOODS-gauge-1050-31,INDOFLOODS-gauge-1050,26.0_89.0,2018-07-02,2018-07-02,0,16.663
INDOFLOODS-gauge-1050-32,INDOFLOODS-gauge-1050,26.0_89.0,2018-07-04,2018-06-29,5,8.139
INDOFLOODS-gauge-1050-32,INDOFLOODS-gauge-1050,26.0_89.0,2018-07-04,2018-06-30,4,15.34
INDOFLOODS-gauge-1050-32,INDOFLOODS-gauge-1050,26.0_89.0,2018-07-04,2018-07-01,3,126.742
INDOFLOODS-gauge-1050-32,INDOFLOODS-gauge-1050,26.0_89.0,2018-07-04,2018-07-02,2,16.663
INDOFLOODS-gauge-1050-32,INDOFLOODS-gauge-1050,26.0_89.0,2018-07-04,2018-07-03,1,45.479
INDOFLOODS-gauge-1050-32,INDOFLOODS-gauge-1050,26.0_89.0,2018-07-04,2018-07-04,0,152.048
INDOFLOODS-gauge-1050-33,INDOFLOODS-gauge-1050,26.0_89.0,2018-09-15,2018-09-10,5,87.37
INDOFLOODS-gauge-1050-33,INDOFLOODS-gauge-1050,26.0_89.0,2018-09-15,2018-09-11,4,26.666
INDOFLOODS-gauge-1050-33,INDOFLOODS-gauge-1050,26.0_89.0,2018-09-15,2018-09-12,3,76.868
INDOFLOODS-gauge-1050-33,INDOFLOODS-gauge-1050,26.0_89.0,2018-09-15,2018-09-13,2,39.179
INDOFLOODS-gauge-1050-33,INDOFLOODS-gauge-1050,26.0_89.0,2018-09-15,2018-09-14,1,63.488
INDOFLOODS-gauge-1050-33,INDOFLOODS-gauge-1050,26.0_89.0,2018-09-15,2018-09-15,0,53.028
INDOFLOODS-gauge-1050-34,INDOFLOODS-gauge-1050,26.0_89.0,2020-06-26,2020-06-21,5,4.881
INDOFLOODS-gauge-1050-34,INDOFLOODS-gauge-1050,26.0_89.0,2020-06-26,2020-06-22,4,6.951
INDOFLOODS-gauge-1050-34,INDOFLOODS-gauge-1050,26.0_89.0,2020-06-26,2020-06-23,3,34.975
INDOFLOODS-gauge-1050-34,INDOFLOODS-gauge-1050,26.0_89.0,2020-06-26,2020-06-24,2,41.69
INDOFLOODS-gauge-1050-34,INDOFLOODS-gauge-1050,26.0_89.0,2020-06-26,2020-06-25,1,142.873
INDOFLOODS-gauge-1050-34,INDOFLOODS-gauge-1050,26.0_89.0,2020-06-26,2020-06-26,0,86.295
INDOFLOODS-gauge-1050-35,INDOFLOODS-gauge-1050,26.0_89.0,2020-07-03,2020-06-28,5,53.893
INDOFLOODS-gauge-1050-35,INDOFLOODS-gauge-1050,26.0_89.0,2020-07-03,2020-06-29,4,45.911
INDOFLOODS-gauge-1050-35,INDOFLOODS-gauge-1050,26.0_89.0,2020-07-03,2020-06-30,3,4.632
INDOFLOODS-gauge-1050-35,INDOFLOODS-gauge-1050,26.0_89.0,2020-07-03,2020-07-01,2,33.694
INDOFLOODS-gauge-1050-35,INDOFLOODS-gauge-1050,26.0_89.0,2020-07-03,2020-07-02,1,114.383
INDOFLOODS-gauge-1050-35,INDOFLOODS-gauge-1050,26.0_89.0,2020-07-03,2020-07-03,0,51.924
INDOFLOODS-gauge-1050-36,INDOFLOODS-gauge-1050,26.0_89.0,2020-07-11,2020-07-06,5,4.737
INDOFLOODS-gauge-1050-36,INDOFLOODS-gauge-1050,26.0_89.0,2020-07-11,2020-07-07,4,3.651
INDOFLOODS-gauge-1050-36,INDOFLOODS-gauge-1050,26.0_89.0,2020-07-11,2020-07-08,3,10.259
INDOFLOODS-gauge-1050-36,INDOFLOODS-gauge-1050,26.0_89.0,2020-07-11,2020-07-09,2,60.913
INDOFLOODS-gauge-1050-36,INDOFLOODS-gauge-1050,26.0_89.0,2020-07-11,2020-07-10,1,54.863
INDOFLOODS-gauge-1050-36,INDOFLOODS-gauge-1050,26.0_89.0,2020-07-11,2020-07-11,0,83.633
INDOFLOODS-gauge-1050-37,INDOFLOODS-gauge-1050,26.0_89.0,2020-07-18,2020-07-13,5,70.784
INDOFLOODS-gauge-1050-37,INDOFLOODS-gauge-1050,26.0_89.0,2020-07-18,2020-07-14,4,24.686
INDOFLOODS-gauge-1050-37,INDOFLOODS-gauge-1050,26.0_89.0,2020-07-18,2020-07-15,3,21.522
INDOFLOODS-gauge-1050-37,INDOFLOODS-gauge-1050,26.0_89.0,2020-07-18,2020-07-16,2,5.609
INDOFLOODS-gauge-1050-37,INDOFLOODS-gauge-1050,26.0_89.0,2020-07-18,2020-07-17,1,48.187
INDOFLOODS-gauge-1050-37,INDOFLOODS-gauge-1050,26.0_89.0,2020-07-18,2020-07-18,0,69.007
INDOFLOODS-gauge-1050-38,INDOFLOODS-gauge-1050,26.0_89.0,2020-07-22,2020-07-17,5,48.187
INDOFLOODS-gauge-1050-38,INDOFLOODS-gauge-1050,26.0_89.0,2020-07-22,2020-07-18,4,69.007
INDOFLOODS-gauge-1050-38,INDOFLOODS-gauge-1050,26.0_89.0,2020-07-22,2020-07-19,3,62.331
INDOFLOODS-gauge-1050-38,INDOFLOODS-gauge-1050,26.0_89.0,2020-07-22,2020-07-20,2,13.947
INDOFLOODS-gauge-1050-38,INDOFLOODS-gauge-1050,26.0_89.0,2020-07-22,2020-07-21,1,122.315
INDOFLOODS-gauge-1050-38,INDOFLOODS-gauge-1050,26.0_89.0,2020-07-22,2020-07-22,0,34.397
INDOFLOODS-gauge-1050-39,INDOFLOODS-gauge-1050,26.0_89.0,2020-07-31,2020-07-26,5,29.026
INDOFLOODS-gauge-1050-39,INDOFLOODS-gauge-1050,26.0_89.0,2020-07-31,2020-07-27,4,17.429
INDOFLOODS-gauge-1050-39,INDOFLOODS-gauge-1050,26.0_89.0,2020-07-31,2020-07-28,3,38.587
INDOFLOODS-gauge-1050-39,INDOFLOODS-gauge-1050,26.0_89.0,2020-07-31,2020-07-29,2,17.2
INDOFLOODS-gauge-1050-39,INDOFLOODS-gauge-1050,26.0_89.0,2020-07-31,2020-07-30,1,58.003
INDOFLOODS-gauge-1050-39,INDOFLOODS-gauge-1050,26.0_89.0,2020-07-31,2020-07-31,0,94.47
INDOFLOODS-gauge-1050-40,INDOFLOODS-gauge-1050,26.0_89.0,2020-09-15,2020-09-10,5,1.767
INDOFLOODS-gauge-1050-40,INDOFLOODS-gauge-1050,26.0_89.0,2020-09-15,2020-09-11,4,47.052
INDOFLOODS-gauge-1050-40,INDOFLOODS-gauge-1050,26.0_89.0,2020-09-15,2020-09-12,3,25.391
INDOFLOODS-gauge-1050-40,INDOFLOODS-gauge-1050,26.0_89.0,2020-09-15,2020-09-13,2,53.493
INDOFLOODS-gauge-1050-40,INDOFLOODS-gauge-1050,26.0_89.0,2020-09-15,2020-09-14,1,55.123
INDOFLOODS-gauge-1050-40,INDOFLOODS-gauge-1050,26.0_89.0,2020-09-15,2020-09-15,0,120.013
INDOFLOODS-gauge-1050-41,INDOFLOODS-gauge-1050,26.0_89.0,2020-09-24,2020-09-19,5,0.754
INDOFLOODS-gauge-1050-41,INDOFLOODS-gauge-1050,26.0_89.0,2020-09-24,2020-09-20,4,0.0
INDOFLOODS-gauge-1050-41,INDOFLOODS-gauge-1050,26.0_89.0,2020-09-24,2020-09-21,3,28.444
INDOFLOODS-gauge-1050-41,INDOFLOODS-gauge-1050,26.0_89.0,2020-09-24,2020-09-22,2,9.867
INDOFLOODS-gauge-1050-41,INDOFLOODS-gauge-1050,26.0_89.0,2020-09-24,2020-09-23,1,104.673
INDOFLOODS-gauge-1050-41,INDOFLOODS-gauge-1050,26.0_89.0,2020-09-24,2020-09-24,0,73.046
INDOFLOODS-gauge-1059-47,INDOFLOODS-gauge-1059,26.0_88.0,2015-06-01,2015-05-27,5,18.115
INDOFLOODS-gauge-1059-47,INDOFLOODS-gauge-1059,26.0_88.0,2015-06-01,2015-05-28,4,2.01
INDOFLOODS-gauge-1059-47,INDOFLOODS-gauge-1059,26.0_88.0,2015-06-01,2015-05-29,3,15.809
INDOFLOODS-gauge-1059-47,INDOFLOODS-gauge-1059,26.0_88.0,2015-06-01,2015-05-30,2,21.535
INDOFLOODS-gauge-1059-47,INDOFLOODS-gauge-1059,26.0_88.0,2015-06-01,2015-05-31,1,19.543
INDOFLOODS-gauge-1059-47,INDOFLOODS-gauge-1059,26.0_88.0,2015-06-01,2015-06-01,0,23.321
INDOFLOODS-gauge-1059-48,INDOFLOODS-gauge-1059,26.0_88.0,2015-06-08,2015-06-03,5,7.364
INDOFLOODS-gauge-1059-48,INDOFLOODS-gauge-1059,26.0_88.0,2015-06-08,2015-06-04,4,36.024
INDOFLOODS-gauge-1059-48,INDOFLOODS-gauge-1059,26.0_88.0,2015-06-08,2015-06-05,3,13.328
INDOFLOODS-gauge-1059-48,INDOFLOODS-gauge-1059,26.0_88.0,2015-06-08,2015-06-06,2,28.15
INDOFLOODS-gauge-1059-48,INDOFLOODS-gauge-1059,26.0_88.0,2015-06-08,2015-06-07,1,24.038
INDOFLOODS-gauge-1059-48,INDOFLOODS-gauge-1059,26.0_88.0,2015-06-08,2015-06-08,0,25.134
INDOFLOODS-gauge-1059-49,INDOFLOODS-gauge-1059,26.0_88.0,2015-06-10,2015-06-05,5,13.328
INDOFLOODS-gauge-1059-49,INDOFLOODS-gauge-1059,26.0_88.0,2015-06-10,2015-06-06,4,28.15
INDOFLOODS-gauge-1059-49,INDOFLOODS-gauge-1059,26.0_88.0,2015-06-10,2015-06-07,3,24.038
INDOFLOODS-gauge-1059-49,INDOFLOODS-gauge-1059,26.0_88.0,2015-06-10,2015-06-08,2,25.134
INDOFLOODS-gauge-1059-49,INDOFLOODS-gauge-1059,26.0_88.0,2015-06-10,2015-06-09,1,49.491
INDOFLOODS-gauge-1059-49,INDOFLOODS-gauge-1059,26.0_88.0,2015-06-10,2015-06-10,0,75.262
INDOFLOODS-gauge-1059-50,INDOFLOODS-gauge-1059,26.0_88.0,2015-06-18,2015-06-13,5,8.918
INDOFLOODS-gauge-1059-50,INDOFLOODS-gauge-1059,26.0_88.0,2015-06-18,2015-06-14,4,8.539
INDOFLOODS-gauge-1059-50,INDOFLOODS-gauge-1059,26.0_88.0,2015-06-18,2015-06-15,3,7.786
INDOFLOODS-gauge-1059-50,INDOFLOODS-gauge-1059,26.0_88.0,2015-06-18,2015-06-16,2,1.126
INDOFLOODS-gauge-1059-50,INDOFLOODS-gauge-1059,26.0_88.0,2015-06-18,2015-06-17,1,4.964
INDOFLOODS-gauge-1059-50,INDOFLOODS-gauge-1059,26.0_88.0,2015-06-18,2015-06-18,0,21.722
INDOFLOODS-gauge-1059-51,INDOFLOODS-gauge-1059,26.0_88.0,2015-06-29,2015-06-24,5,15.087
INDOFLOODS-gauge-1059-51,INDOFLOODS-gauge-1059,26.0_88.0,2015-06-29,2015-06-25,4,2.112
INDOFLOODS-gauge-1059-51,INDOFLOODS-gauge-1059,26.0_88.0,2015-06-29,2015-06-26,3,13.656
INDOFLOODS-gauge-1059-51,INDOFLOODS-gauge-1059,26.0_88.0,2015-06-29,2015-06-27,2,18.324
INDOFLOODS-gauge-1059-51,INDOFLOODS-gauge-1059,26.0_88.0,2015-06-29,2015-06-28,1,3.734
INDOFLOODS-gauge-1059-51,INDOFLOODS-gauge-1059,26.0_88.0,2015-06-29,2015-06-29,0,6.27
INDOFLOODS-gauge-1059-52,INDOFLOODS-gauge-1059,26.0_88.0,2015-07-01,2015-06-26,5,13.656
INDOFLOODS-gauge-1059-52,INDOFLOODS-gauge-1059,26.0_88.0,2015-07-01,2015-06-27,4,18.324
INDOFLOODS-gauge-1059-52,INDOFLOODS-gauge-1059,26.0_88.0,2015-07-01,2015-06-28,3,3.734
INDOFLOODS-gauge-1059-52,INDOFLOODS-gauge-1059,26.0_88.0,2015-07-01,2015-06-29,2,6.27
INDOFLOODS-gauge-1059-52,INDOFLOODS-gauge-1059,26.0_88.0,2015-07-01,2015-06-30,1,25.756
INDOFLOODS-gauge-1059-52,INDOFLOODS-gauge-1059,26.0_88.0,2015-07-01,2015-07-01,0,32.293
INDOFLOODS-gauge-1059-53,INDOFLOODS-gauge-1059,26.0_88.0,2015-07-04,2015-06-29,5,6.27
INDOFLOODS-gauge-1059-53,INDOFLOODS-gauge-1059,26.0_88.0,2015-07-04,2015-06-30,4,25.756
INDOFLOODS-gauge-1059-53,INDOFLOODS-gauge-1059,26.0_88.0,2015-07-04,2015-07-01,3,32.293
INDOFLOODS-gauge-1059-53,INDOFLOODS-gauge-1059,26.0_88.0,2015-07-04,2015-07-02,2,12.785
INDOFLOODS-gauge-1059-53,INDOFLOODS-gauge-1059,26.0_88.0,2015-07-04,2015-07-03,1,27.802
INDOFLOODS-gauge-1059-53,INDOFLOODS-gauge-1059,26.0_88.0,2015-07-04,2015-07-04,0,26.603
INDOFLOODS-gauge-1059-54,INDOFLOODS-gauge-1059,26.0_88.0,2015-07-10,2015-07-05,5,42.5
INDOFLOODS-gauge-1059-54,INDOFLOODS-gauge-1059,26.0_88.0,2015-07-10,2015-07-06,4,7.895
INDOFLOODS-gauge-1059-54,INDOFLOODS-gauge-1059,26.0_88.0,2015-07-10,2015-07-07,3,0.077
INDOFLOODS-gauge-1059-54,INDOFLOODS-gauge-1059,26.0_88.0,2015-07-10,2015-07-08,2,20.617
INDOFLOODS-gauge-1059-54,INDOFLOODS-gauge-1059,26.0_88.0,2015-07-10,2015-07-09,1,0.448
INDOFLOODS-gauge-1059-54,INDOFLOODS-gauge-1059,26.0_88.0,2015-07-10,2015-07-10,0,10.167
INDOFLOODS-gauge-1059-55,INDOFLOODS-gauge-1059,26.0_88.0,2015-08-19,2015-08-14,5,30.436
INDOFLOODS-gauge-1059-55,INDOFLOODS-gauge-1059,26.0_88.0,2015-08-19,2015-08-15,4,9.519
INDOFLOODS-gauge-1059-55,INDOFLOODS-gauge-1059,26.0_88.0,2015-08-19,2015-08-16,3,28.822
INDOFLOODS-gauge-1059-55,INDOFLOODS-gauge-1059,26.0_88.0,2015-08-19,2015-08-17,2,22.815
INDOFLOODS-gauge-1059-55,INDOFLOODS-gauge-1059,26.0_88.0,2015-08-19,2015-08-18,1,49.519
INDOFLOODS-gauge-1059-55,INDOFLOODS-gauge-1059,26.0_88.0,2015-08-19,2015-08-19,0,37.995
INDOFLOODS-gauge-1059-56,INDOFLOODS-gauge-1059,26.0_88.0,2015-08-24,2015-08-19,5,37.995
INDOFLOODS-gauge-1059-56,INDOFLOODS-gauge-1059,26.0_88.0,2015-08-24,2015-08-20,4,38.034
INDOFLOODS-gauge-1059-56,INDOFLOODS-gauge-1059,26.0_88.0,2015-08-24,2015-08-21,3,27.282
INDOFLOODS-gauge-1059-56,INDOFLOODS-gauge-1059,26.0_88.0,2015-08-24,2015-08-22,2,20.271
INDOFLOODS-gauge-1059-56,INDOFLOODS-gauge-1059,26.0_88.0,2015-08-24,2015-08-23,1,13.523
INDOFLOODS-gauge-1059-56,INDOFLOODS-gauge-1059,26.0_88.0,2015-08-24,2015-08-24,0,27.341
INDOFLOODS-gauge-1059-57,INDOFLOODS-gauge-1059,26.0_88.0,2015-08-27,2015-08-22,5,20.271
INDOFLOODS-gauge-1059-57,INDOFLOODS-gauge-1059,26.0_88.0,2015-08-27,2015-08-23,4,13.523
INDOFLOODS-gauge-1059-57,INDOFLOODS-gauge-1059,26.0_88.0,2015-08-27,2015-08-24,3,27.341
INDOFLOODS-gauge-1059-57,INDOFLOODS-gauge-1059,26.0_88.0,2015-08-27,2015-08-25,2,29.244
INDOFLOODS-gauge-1059-57,INDOFLOODS-gauge-1059,26.0_88.0,2015-08-27,2015-08-26,1,16.974
INDOFLOODS-gauge-1059-57,INDOFLOODS-gauge-1059,26.0_88.0,2015-08-27,2015-08-27,0,12.88
INDOFLOODS-gauge-1059-58,INDOFLOODS-gauge-1059,26.0_88.0,2016-06-22,2016-06-17,5,0.459
INDOFLOODS-gauge-1059-58,INDOFLOODS-gauge-1059,26.0_88.0,2016-06-22,2016-06-18,4,12.001
INDOFLOODS-gauge-1059-58,INDOFLOODS-gauge-1059,26.0_88.0,2016-06-22,2016-06-19,3,53.591
INDOFLOODS-gauge-1059-58,INDOFLOODS-gauge-1059,26.0_88.0,2016-06-22,2016-06-20,2,55.465
INDOFLOODS-gauge-1059-58,INDOFLOODS-gauge-1059,26.0_88.0,2016-06-22,2016-06-21,1,86.663
INDOFLOODS-gauge-1059-58,INDOFLOODS-gauge-1059,26.0_88.0,2016-06-22,2016-06-22,0,43.339
INDOFLOODS-gauge-1059-59,INDOFLOODS-gauge-1059,26.0_88.0,2016-07-06,2016-07-01,5,65.723
INDOFLOODS-gauge-1059-59,INDOFLOODS-gauge-1059,26.0_88.0,2016-07-06,2016-07-02,4,17.546
INDOFLOODS-gauge-1059-59,INDOFLOODS-gauge-1059,26.0_88.0,2016-07-06,2016-07-03,3,13.284
INDOFLOODS-gauge-1059-59,INDOFLOODS-gauge-1059,26.0_88.0,2016-07-06,2016-07-04,2,20.344
INDOFLOODS-gauge-1059-59,INDOFLOODS-gauge-1059,26.0_88.0,2016-07-06,2016-07-05,1,16.125
INDOFLOODS-gauge-1059-59,INDOFLOODS-gauge-1059,26.0_88.0,2016-07-06,2016-07-06,0,23.143
INDOFLOODS-gauge-1059-60,INDOFLOODS-gauge-1059,26.0_88.0,2016-07-16,2016-07-11,5,5.599
INDOFLOODS-gauge-1059-60,INDOFLOODS-gauge-1059,26.0_88.0,2016-07-16,2016-07-12,4,6.665
INDOFLOODS-gauge-1059-60,INDOFLOODS-gauge-1059,26.0_88.0,2016-07-16,2016-07-13,3,25.171
INDOFLOODS-gauge-1059-60,INDOFLOODS-gauge-1059,26.0_88.0,2016-07-16,2016-07-14,2,21.643
INDOFLOODS-gauge-1059-60,INDOFLOODS-gauge-1059,26.0_88.0,2016-07-16,2016-07-15,1,20.243
INDOFLOODS-gauge-1059-60,INDOFLOODS-gauge-1059,26.0_88.0,2016-07-16,2016-07-16,0,17.322
INDOFLOODS-gauge-1059-61,INDOFLOODS-gauge-1059,26.0_88.0,2016-07-19,2016-07-14,5,21.643
INDOFLOODS-gauge-1059-61,INDOFLOODS-gauge-1059,26.0_88.0,2016-07-19,2016-07-15,4,20.243
INDOFLOODS-gauge-1059-61,INDOFLOODS-gauge-1059,26.0_88.0,2016-07-19,2016-07-16,3,17.322
INDOFLOODS-gauge-1059-61,INDOFLOODS-gauge-1059,26.0_88.0,2016-07-19,2016-07-17,2,75.7
INDOFLOODS-gauge-1059-61,INDOFLOODS-gauge-1059,26.0_88.0,2016-07-19,2016-07-18,1,21.08
INDOFLOODS-gauge-1059-61,INDOFLOODS-gauge-1059,26.0_88.0,2016-07-19,2016-07-19,0,53.415
INDOFLOODS-gauge-1059-62,INDOFLOODS-gauge-1059,26.0_88.0,2016-07-22,2016-07-17,5,75.7
INDOFLOODS-gauge-1059-62,INDOFLOODS-gauge-1059,26.0_88.0,2016-07-22,2016-07-18,4,21.08
INDOFLOODS-gauge-1059-62,INDOFLOODS-gauge-1059,26.0_88.0,2016-07-22,2016-07-19,3,53.415
INDOFLOODS-gauge-1059-62,INDOFLOODS-gauge-1059,26.0_88.0,2016-07-22,2016-07-20,2,72.461
INDOFLOODS-gauge-1059-62,INDOFLOODS-gauge-1059,26.0_88.0,2016-07-22,2016-07-21,1,56.338
INDOFLOODS-gauge-1059-62,INDOFLOODS-gauge-1059,26.0_88.0,2016-07-22,2016-07-22,0,55.52
INDOFLOODS-gauge-1059-63,INDOFLOODS-gauge-1059,26.0_88.0,2017-07-09,2017-07-04,5,16.377
INDOFLOODS-gauge-1059-63,INDOFLOODS-gauge-1059,26.0_88.0,2017-07-09,2017-07-05,4,25.287
INDOFLOODS-gauge-1059-63,INDOFLOODS-gauge-1059,26.0_88.0,2017-07-09,2017-07-06,3,30.699
INDOFLOODS-gauge-1059-63,INDOFLOODS-gauge-1059,26.0_88.0,2017-07-09,2017-07-07,2,6.299
INDOFLOODS-gauge-1059-63,INDOFLOODS-gauge-1059,26.0_88.0,2017-07-09,2017-07-08,1,12.677
INDOFLOODS-gauge-1059-63,INDOFLOODS-gauge-1059,26.0_88.0,2017-07-09,2017-07-09,0,96.905
INDOFLOODS-gauge-1059-64,INDOFLOODS-gauge-1059,26.0_88.0,2017-07-21,2017-07-16,5,4.387
INDOFLOODS-gauge-1059-64,INDOFLOODS-gauge-1059,26.0_88.0,2017-07-21,2017-07-17,4,1.088
INDOFLOODS-gauge-1059-64,INDOFLOODS-gauge-1059,26.0_88.0,2017-07-21,2017-07-18,3,1.767
INDOFLOODS-gauge-1059-64,INDOFLOODS-gauge-1059,26.0_88.0,2017-07-21,2017-07-19,2,2.482
INDOFLOODS-gauge-1059-64,INDOFLOODS-gauge-1059,26.0_88.0,2017-07-21,2017-07-20,1,2.667
INDOFLOODS-gauge-1059-64,INDOFLOODS-gauge-1059,26.0_88.0,2017-07-21,2017-07-21,0,14.123
INDOFLOODS-gauge-1059-65,INDOFLOODS-gauge-1059,26.0_88.0,2017-08-12,2017-08-07,5,33.675
INDOFLOODS-gauge-1059-65,INDOFLOODS-gauge-1059,26.0_88.0,2017-08-12,2017-08-08,4,37.219
INDOFLOODS-gauge-1059-65,INDOFLOODS-gauge-1059,26.0_88.0,2017-08-12,2017-08-09,3,39.928
INDOFLOODS-gauge-1059-65,INDOFLOODS-gauge-1059,26.0_88.0,2017-08-12,2017-08-10,2,91.609
INDOFLOODS-gauge-1059-65,INDOFLOODS-gauge-1059,26.0_88.0,2017-08-12,2017-08-11,1,107.677
INDOFLOODS-gauge-1059-65,INDOFLOODS-gauge-1059,26.0_88.0,2017-08-12,2017-08-12,0,188.067
INDOFLOODS-gauge-1059-66,INDOFLOODS-gauge-1059,26.0_88.0,2018-07-05,2018-06-30,5,11.252
INDOFLOODS-gauge-1059-66,INDOFLOODS-gauge-1059,26.0_88.0,2018-07-05,2018-07-01,4,101.398
INDOFLOODS-gauge-1059-66,INDOFLOODS-gauge-1059,26.0_88.0,2018-07-05,2018-07-02,3,29.286
INDOFLOODS-gauge-1059-66,INDOFLOODS-gauge-1059,26.0_88.0,2018-07-05,2018-07-03,2,38.272
INDOFLOODS-gauge-1059-66,INDOFLOODS-gauge-1059,26.0_88.0,2018-07-05,2018-07-04,1,88.631
INDOFLOODS-gauge-1059-66,INDOFLOODS-gauge-1059,26.0_88.0,2018-07-05,2018-07-05,0,85.578
INDOFLOODS-gauge-1059-67,INDOFLOODS-gauge-1059,26.0_88.0,2018-08-25,2018-08-20,5,19.753
INDOFLOODS-gauge-1059-67,INDOFLOODS-gauge-1059,26.0_88.0,2018-08-25,2018-08-21,4,6.375
INDOFLOODS-gauge-1059-67,INDOFLOODS-gauge-1059,26.0_88.0,2018-08-25,2018-08-22,3,34.951
INDOFLOODS-gauge-1059-67,INDOFLOODS-gauge-1059,26.0_88.0,2018-08-25,2018-08-23,2,51.621
INDOFLOODS-gauge-1059-67,INDOFLOODS-gauge-1059,26.0_88.0,2018-08-25,2018-08-24,1,22.87
INDOFLOODS-gauge-1059-67,INDOFLOODS-gauge-1059,26.0_88.0,2018-08-25,2018-08-25,0,10.63
INDOFLOODS-gauge-1059-68,INDOFLOODS-gauge-1059,26.0_88.0,2018-08-28,2018-08-23,5,51.621
INDOFLOODS-gauge-1059-68,INDOFLOODS-gauge-1059,26.0_88.0,2018-08-28,2018-08-24,4,22.87
INDOFLOODS-gauge-1059-68,INDOFLOODS-gauge-1059,26.0_88.0,2018-08-28,2018-08-25,3,10.63
INDOFLOODS-gauge-1059-68,INDOFLOODS-gauge-1059,26.0_88.0,2018-08-28,2018-08-26,2,3.656
INDOFLOODS-gauge-1059-68,INDOFLOODS-gauge-1059,26.0_88.0,2018-08-28,2018-08-27,1,4.917
INDOFLOODS-gauge-1059-68,INDOFLOODS-gauge-1059,26.0_88.0,2018-08-28,2018-08-28,0,9.918
INDOFLOODS-gauge-1059-69,INDOFLOODS-gauge-1059,26.0_88.0,2018-09-01,2018-08-27,5,4.917
INDOFLOODS-gauge-1059-69,INDOFLOODS-gauge-1059,26.0_88.0,2018-09-01,2018-08-28,4,9.918
INDOFLOODS-gauge-1059-69,INDOFLOODS-gauge-1059,26.0_88.0,2018-09-01,2018-08-29,3,5.777
INDOFLOODS-gauge-1059-69,INDOFLOODS-gauge-1059,26.0_88.0,2018-09-01,2018-08-30,2,44.654
INDOFLOODS-gauge-1059-69,INDOFLOODS-gauge-1059,26.0_88.0,2018-09-01,2018-08-31,1,27.842
INDOFLOODS-gauge-1059-69,INDOFLOODS-gauge-1059,26.0_88.0,2018-09-01,2018-09-01,0,6.894
INDOFLOODS-gauge-1059-70,INDOFLOODS-gauge-1059,26.0_88.0,2018-09-09,2018-09-04,5,1.577
INDOFLOODS-gauge-1059-70,INDOFLOODS-gauge-1059,26.0_88.0,2018-09-09,2018-09-05,4,0.828
INDOFLOODS-gauge-1059-70,INDOFLOODS-gauge-1059,26.0_88.0,2018-09-09,2018-09-06,3,3.015
INDOFLOODS-gauge-1059-70,INDOFLOODS-gauge-1059,26.0_88.0,2018-09-09,2018-09-07,2,8.481
INDOFLOODS-gauge-1059-70,INDOFLOODS-gauge-1059,26.0_88.0,2018-09-09,2018-09-08,1,0.144
INDOFLOODS-gauge-1059-70,INDOFLOODS-gauge-1059,26.0_88.0,2018-09-09,2018-09-09,0,11.863
INDOFLOODS-gauge-1059-71,INDOFLOODS-gauge-1059,26.0_88.0,2018-09-13,2018-09-08,5,0.144
INDOFLOODS-gauge-1059-71,INDOFLOODS-gauge-1059,26.0_88.0,2018-09-13,2018-09-09,4,11.863
INDOFLOODS-gauge-1059-71,INDOFLOODS-gauge-1059,26.0_88.0,2018-09-13,2018-09-10,3,137.686
INDOFLOODS-gauge-1059-71,INDOFLOODS-gauge-1059,26.0_88.0,2018-09-13,2018-09-11,2,37.947
INDOFLOODS-gauge-1059-71,INDOFLOODS-gauge-1059,26.0_88.0,2018-09-13,2018-09-12,1,49.933
INDOFLOODS-gauge-1059-71,INDOFLOODS-gauge-1059,26.0_88.0,2018-09-13,2018-09-13,0,32.608
INDOFLOODS-gauge-1059-72,INDOFLOODS-gauge-1059,26.0_88.0,2020-06-19,2020-06-14,5,16.088
INDOFLOODS-gauge-1059-72,INDOFLOODS-gauge-1059,26.0_88.0,2020-06-19,2020-06-15,4,58.608
INDOFLOODS-gauge-1059-72,INDOFLOODS-gauge-1059,26.0_88.0,2020-06-19,2020-06-16,3,69.062
INDOFLOODS-gauge-1059-72,INDOFLOODS-gauge-1059,26.0_88.0,2020-06-19,2020-06-17,2,17.226
INDOFLOODS-gauge-1059-72,INDOFLOODS-gauge-1059,26.0_88.0,2020-06-19,2020-06-18,1,22.865
INDOFLOODS-gauge-1059-72,INDOFLOODS-gauge-1059,26.0_88.0,2020-06-19,2020-06-19,0,16.631
INDOFLOODS-gauge-1059-73,INDOFLOODS-gauge-1059,26.0_88.0,2020-06-26,2020-06-21,5,12.073
INDOFLOODS-gauge-1059-73,INDOFLOODS-gauge-1059,26.0_88.0,2020-06-26,2020-06-22,4,5.154
INDOFLOODS-gauge-1059-73,INDOFLOODS-gauge-1059,26.0_88.0,2020-06-26,2020-06-23,3,59.223
INDOFLOODS-gauge-1059-73,INDOFLOODS-gauge-1059,26.0_88.0,2020-06-26,2020-06-24,2,21.285
INDOFLOODS-gauge-1059-73,INDOFLOODS-gauge-1059,26.0_88.0,2020-06-26,2020-06-25,1,39.623
INDOFLOODS-gauge-1059-73,INDOFLOODS-gauge-1059,26.0_88.0,2020-06-26,2020-06-26,0,47.0
INDOFLOODS-gauge-1059-74,INDOFLOODS-gauge-1059,26.0_88.0,2020-06-28,2020-06-23,5,59.223
INDOFLOODS-gauge-1059-74,INDOFLOODS-gauge-1059,26.0_88.0,2020-06-28,2020-06-24,4,21.285
INDOFLOODS-gauge-1059-74,INDOFLOODS-gauge-1059,26.0_88.0,2020-06-28,2020-06-25,3,39.623
INDOFLOODS-gauge-1059-74,INDOFLOODS-gauge-1059,26.0_88.0,2020-06-28,2020-06-26,2,47.0
INDOFLOODS-gauge-1059-74,INDOFLOODS-gauge-1059,26.0_88.0,2020-06-28,2020-06-27,1,92.676
INDOFLOODS-gauge-1059-74,INDOFLOODS-gauge-1059,26.0_88.0,2020-06-28,2020-06-28,0,45.597
INDOFLOODS-gauge-1059-75,INDOFLOODS-gauge-1059,26.0_88.0,2020-07-07,2020-07-02,5,69.901
INDOFLOODS-gauge-1059-75,INDOFLOODS-gauge-1059,26.0_88.0,2020-07-07,2020-07-03,4,43.28
INDOFLOODS-gauge-1059-75,INDOFLOODS-gauge-1059,26.0_88.0,2020-07-07,2020-07-04,3,37.357
INDOFLOODS-gauge-1059-75,INDOFLOODS-gauge-1059,26.0_88.0,2020-07-07,2020-07-05,2,11.935
INDOFLOODS-gauge-1059-75,INDOFLOODS-gauge-1059,26.0_88.0,2020-07-07,2020-07-06,1,14.729
INDOFLOODS-gauge-1059-75,INDOFLOODS-gauge-1059,26.0_88.0,2020-07-07,2020-07-07,0,15.296
INDOFLOODS-gauge-1059-76,INDOFLOODS-gauge-1059,26.0_88.0,2020-07-10,2020-07-05,5,11.935
INDOFLOODS-gauge-1059-76,INDOFLOODS-gauge-1059,26.0_88.0,2020-07-10,2020-07-06,4,14.729
INDOFLOODS-gauge-1059-76,INDOFLOODS-gauge-1059,26.0_88.0,2020-07-10,2020-07-07,3,15.296
INDOFLOODS-gauge-1059-76,INDOFLOODS-gauge-1059,26.0_88.0,2020-07-10,2020-07-08,2,32.307
INDOFLOODS-gauge-1059-76,INDOFLOODS-gauge-1059,26.0_88.0,2020-07-10,2020-07-09,1,21.333
INDOFLOODS-gauge-1059-76,INDOFLOODS-gauge-1059,26.0_88.0,2020-07-10,2020-07-10,0,52.08
INDOFLOODS-gauge-1059-77,INDOFLOODS-gauge-1059,26.0_88.0,2020-07-18,2020-07-13,5,38.251
INDOFLOODS-gauge-1059-77,INDOFLOODS-gauge-1059,26.0_88.0,2020-07-18,2020-07-14,4,2.156
INDOFLOODS-gauge-1059-77,INDOFLOODS-gauge-1059,26.0_88.0,2020-07-18,2020-07-15,3,23.877
INDOFLOODS-gauge-1059-77,INDOFLOODS-gauge-1059,26.0_88.0,2020-07-18,2020-07-16,2,32.614
INDOFLOODS-gauge-1059-77,INDOFLOODS-gauge-1059,26.0_88.0,2020-07-18,2020-07-17,1,38.955
INDOFLOODS-gauge-1059-77,INDOFLOODS-gauge-1059,26.0_88.0,2020-07-18,2020-07-18,0,30.221
INDOFLOODS-gauge-1059-78,INDOFLOODS-gauge-1059,26.0_88.0,2020-07-22,2020-07-17,5,38.955
INDOFLOODS-gauge-1059-78,INDOFLOODS-gauge-1059,26.0_88.0,2020-07-22,2020-07-18,4,30.221
INDOFLOODS-gauge-1059-78,INDOFLOODS-gauge-1059,26.0_88.0,2020-07-22,2020-07-19,3,12.748
INDOFLOODS-gauge-1059-78,INDOFLOODS-gauge-1059,26.0_88.0,2020-07-22,2020-07-20,2,61.66
INDOFLOODS-gauge-1059-78,INDOFLOODS-gauge-1059,26.0_88.0,2020-07-22,2020-07-21,1,53.194
INDOFLOODS-gauge-1059-78,INDOFLOODS-gauge-1059,26.0_88.0,2020-07-22,2020-07-22,0,104.938
INDOFLOODS-gauge-1059-79,INDOFLOODS-gauge-1059,26.0_88.0,2020-07-28,2020-07-23,5,11.729
INDOFLOODS-gauge-1059-79,INDOFLOODS-gauge-1059,26.0_88.0,2020-07-28,2020-07-24,4,14.52
INDOFLOODS-gauge-1059-79,INDOFLOODS-gauge-1059,26.0_88.0,2020-07-28,2020-07-25,3,7.813
INDOFLOODS-gauge-1059-79,INDOFLOODS-gauge-1059,26.0_88.0,2020-07-28,2020-07-26,2,10.554
INDOFLOODS-gauge-1059-79,INDOFLOODS-gauge-1059,26.0_88.0,2020-07-28,2020-07-27,1,35.054
INDOFLOODS-gauge-1059-79,INDOFLOODS-gauge-1059,26.0_88.0,2020-07-28,2020-07-28,0,60.595
INDOFLOODS-gauge-1059-80,INDOFLOODS-gauge-1059,26.0_88.0,2020-07-30,2020-07-25,5,7.813
INDOFLOODS-gauge-1059-80,INDOFLOODS-gauge-1059,26.0_88.0,2020-07-30,2020-07-26,4,10.554
INDOFLOODS-gauge-1059-80,INDOFLOODS-gauge-1059,26.0_88.0,2020-07-30,2020-07-27,3,35.054
INDOFLOODS-gauge-1059-80,INDOFLOODS-gauge-1059,26.0_88.0,2020-07-30,2020-07-28,2,60.595
INDOFLOODS-gauge-1059-80,INDOFLOODS-gauge-1059,26.0_88.0,2020-07-30,2020-07-29,1,8.533
INDOFLOODS-gauge-1059-80,INDOFLOODS-gauge-1059,26.0_88.0,2020-07-30,2020-07-30,0,55.923
INDOFLOODS-gauge-1059-81,INDOFLOODS-gauge-1059,26.0_88.0,2020-08-06,2020-08-01,5,63.361
INDOFLOODS-gauge-1059-81,INDOFLOODS-gauge-1059,26.0_88.0,2020-08-06,2020-08-02,4,0.0
INDOFLOODS-gauge-1059-81,INDOFLOODS-gauge-1059,26.0_88.0,2020-08-06,2020-08-03,3,0.0
INDOFLOODS-gauge-1059-81,INDOFLOODS-gauge-1059,26.0_88.0,2020-08-06,2020-08-04,2,0.0
INDOFLOODS-gauge-1059-81,INDOFLOODS-gauge-1059,26.0_88.0,2020-08-06,2020-08-05,1,1.307
INDOFLOODS-gauge-1059-81,INDOFLOODS-gauge-1059,26.0_88.0,2020-08-06,2020-08-06,0,11.072
INDOFLOODS-gauge-1059-82,INDOFLOODS-gauge-1059,26.0_88.0,2020-09-07,2020-09-02,5,6.469
INDOFLOODS-gauge-1059-82,INDOFLOODS-gauge-1059,26.0_88.0,2020-09-07,2020-09-03,4,1.038
INDOFLOODS-gauge-1059-82,INDOFLOODS-gauge-1059,26.0_88.0,2020-09-07,2020-09-04,3,11.326
INDOFLOODS-gauge-1059-82,INDOFLOODS-gauge-1059,26.0_88.0,2020-09-07,2020-09-05,2,27.998
INDOFLOODS-gauge-1059-82,INDOFLOODS-gauge-1059,26.0_88.0,2020-09-07,2020-09-06,1,12.45
INDOFLOODS-gauge-1059-82,INDOFLOODS-gauge-1059,26.0_88.0,2020-09-07,2020-09-07,0,34.794
INDOFLOODS-gauge-1059-83,INDOFLOODS-gauge-1059,26.0_88.0,2020-09-09,2020-09-04,5,11.326
INDOFLOODS-gauge-1059-83,INDOFLOODS-gauge-1059,26.0_88.0,2020-09-09,2020-09-05,4,27.998
INDOFLOODS-gauge-1059-83,INDOFLOODS-gauge-1059,26.0_88.0,2020-09-09,2020-09-06,3,12.45
INDOFLOODS-gauge-1059-83,INDOFLOODS-gauge-1059,26.0_88.0,2020-09-09,2020-09-07,2,34.794
INDOFLOODS-gauge-1059-83,INDOFLOODS-gauge-1059,26.0_88.0,2020-09-09,2020-09-08,1,81.908
INDOFLOODS-gauge-1059-83,INDOFLOODS-gauge-1059,26.0_88.0,2020-09-09,2020-09-09,0,35.844
INDOFLOODS-gauge-1059-84,INDOFLOODS-gauge-1059,26.0_88.0,2020-09-23,2020-09-18,5,21.176
INDOFLOODS-gauge-1059-84,INDOFLOODS-gauge-1059,26.0_88.0,2020-09-23,2020-09-19,4,9.971
INDOFLOODS-gauge-1059-84,INDOFLOODS-gauge-1059,26.0_88.0,2020-09-23,2020-09-20,3,0.0
INDOFLOODS-gauge-1059-84,INDOFLOODS-gauge-1059,26.0_88.0,2020-09-23,2020-09-21,2,15.448
INDOFLOODS-gauge-1059-84,INDOFLOODS-gauge-1059,26.0_88.0,2020-09-23,2020-09-22,1,10.347
INDOFLOODS-gauge-1059-84,INDOFLOODS-gauge-1059,26.0_88.0,2020-09-23,2020-09-23,0,129.648
INDOFLOODS-gauge-1074-1,INDOFLOODS-gauge-1074,24.0_88.0,2017-08-19,2017-08-14,5,9.354
INDOFLOODS-gauge-1074-1,INDOFLOODS-gauge-1074,24.0_88.0,2017-08-19,2017-08-15,4,1.446
INDOFLOODS-gauge-1074-1,INDOFLOODS-gauge-1074,24.0_88.0,2017-08-19,2017-08-16,3,4.281
INDOFLOODS-gauge-1074-1,INDOFLOODS-gauge-1074,24.0_88.0,2017-08-19,2017-08-17,2,16.643
INDOFLOODS-gauge-1074-1,INDOFLOODS-gauge-1074,24.0_88.0,2017-08-19,2017-08-18,1,0.2
INDOFLOODS-gauge-1074-1,INDOFLOODS-gauge-1074,24.0_88.0,2017-08-19,2017-08-19,0,0.627
INDOFLOODS-gauge-1085-20,INDOFLOODS-gauge-1085,22.0_87.0,2015-08-04,2015-07-30,5,46.383
INDOFLOODS-gauge-1085-20,INDOFLOODS-gauge-1085,22.0_87.0,2015-08-04,2015-07-31,4,28.005
INDOFLOODS-gauge-1085-20,INDOFLOODS-gauge-1085,22.0_87.0,2015-08-04,2015-08-01,3,80.09
INDOFLOODS-gauge-1085-20,INDOFLOODS-gauge-1085,22.0_87.0,2015-08-04,2015-08-02,2,30.199
INDOFLOODS-gauge-1085-20,INDOFLOODS-gauge-1085,22.0_87.0,2015-08-04,2015-08-03,1,6.672
INDOFLOODS-gauge-1085-20,INDOFLOODS-gauge-1085,22.0_87.0,2015-08-04,2015-08-04,0,4.499
INDOFLOODS-gauge-1085-21,INDOFLOODS-gauge-1085,22.0_87.0,2016-08-24,2016-08-19,5,2.577
INDOFLOODS-gauge-1085-21,INDOFLOODS-gauge-1085,22.0_87.0,2016-08-24,2016-08-20,4,0.408
INDOFLOODS-gauge-1085-21,INDOFLOODS-gauge-1085,22.0_87.0,2016-08-24,2016-08-21,3,0.255
INDOFLOODS-gauge-1085-21,INDOFLOODS-gauge-1085,22.0_87.0,2016-08-24,2016-08-22,2,61.003
INDOFLOODS-gauge-1085-21,INDOFLOODS-gauge-1085,22.0_87.0,2016-08-24,2016-08-23,1,6.525
INDOFLOODS-gauge-1085-21,INDOFLOODS-gauge-1085,22.0_87.0,2016-08-24,2016-08-24,0,0.177
INDOFLOODS-gauge-1085-22,INDOFLOODS-gauge-1085,22.0_87.0,2017-07-27,2017-07-22,5,75.037
INDOFLOODS-gauge-1085-22,INDOFLOODS-gauge-1085,22.0_87.0,2017-07-27,2017-07-23,4,57.677
INDOFLOODS-gauge-1085-22,INDOFLOODS-gauge-1085,22.0_87.0,2017-07-27,2017-07-24,3,62.67
INDOFLOODS-gauge-1085-22,INDOFLOODS-gauge-1085,22.0_87.0,2017-07-27,2017-07-25,2,43.756
INDOFLOODS-gauge-1085-22,INDOFLOODS-gauge-1085,22.0_87.0,2017-07-27,2017-07-26,1,9.444
INDOFLOODS-gauge-1085-22,INDOFLOODS-gauge-1085,22.0_87.0,2017-07-27,2017-07-27,0,6.555
INDOFLOODS-gauge-1086-15,INDOFLOODS-gauge-1086,26.0_89.0,2015-07-01,2015-06-26,5,18.789
INDOFLOODS-gauge-1086-15,INDOFLOODS-gauge-1086,26.0_89.0,2015-07-01,2015-06-27,4,22.737
INDOFLOODS-gauge-1086-15,INDOFLOODS-gauge-1086,26.0_89.0,2015-07-01,2015-06-28,3,12.532
INDOFLOODS-gauge-1086-15,INDOFLOODS-gauge-1086,26.0_89.0,2015-07-01,2015-06-29,2,7.136
INDOFLOODS-gauge-1086-15,INDOFLOODS-gauge-1086,26.0_89.0,2015-07-01,2015-06-30,1,9.864
INDOFLOODS-gauge-1086-15,INDOFLOODS-gauge-1086,26.0_89.0,2015-07-01,2015-07-01,0,23.582
INDOFLOODS-gauge-1086-16,INDOFLOODS-gauge-1086,26.0_89.0,2016-07-22,2016-07-17,5,74.489
INDOFLOODS-gauge-1086-16,INDOFLOODS-gauge-1086,26.0_89.0,2016-07-22,2016-07-18,4,44.908
INDOFLOODS-gauge-1086-16,INDOFLOODS-gauge-1086,26.0_89.0,2016-07-22,2016-07-19,3,15.747
INDOFLOODS-gauge-1086-16,INDOFLOODS-gauge-1086,26.0_89.0,2016-07-22,2016-07-20,2,43.32
INDOFLOODS-gauge-1086-16,INDOFLOODS-gauge-1086,26.0_89.0,2016-07-22,2016-07-21,1,43.424
INDOFLOODS-gauge-1086-16,INDOFLOODS-gauge-1086,26.0_89.0,2016-07-22,2016-07-22,0,33.036
INDOFLOODS-gauge-1086-17,INDOFLOODS-gauge-1086,26.0_89.0,2016-07-24,2016-07-19,5,15.747
INDOFLOODS-gauge-1086-17,INDOFLOODS-gauge-1086,26.0_89.0,2016-07-24,2016-07-20,4,43.32
INDOFLOODS-gauge-1086-17,INDOFLOODS-gauge-1086,26.0_89.0,2016-07-24,2016-07-21,3,43.424
INDOFLOODS-gauge-1086-17,INDOFLOODS-gauge-1086,26.0_89.0,2016-07-24,2016-07-22,2,33.036
INDOFLOODS-gauge-1086-17,INDOFLOODS-gauge-1086,26.0_89.0,2016-07-24,2016-07-23,1,112.061
INDOFLOODS-gauge-1086-17,INDOFLOODS-gauge-1086,26.0_89.0,2016-07-24,2016-07-24,0,54.326
INDOFLOODS-gauge-1086-18,INDOFLOODS-gauge-1086,26.0_89.0,2016-07-27,2016-07-22,5,33.036
INDOFLOODS-gauge-1086-18,INDOFLOODS-gauge-1086,26.0_89.0,2016-07-27,2016-07-23,4,112.061
INDOFLOODS-gauge-1086-18,INDOFLOODS-gauge-1086,26.0_89.0,2016-07-27,2016-07-24,3,54.326
INDOFLOODS-gauge-1086-18,INDOFLOODS-gauge-1086,26.0_89.0,2016-07-27,2016-07-25,2,50.304
INDOFLOODS-gauge-1086-18,INDOFLOODS-gauge-1086,26.0_89.0,2016-07-27,2016-07-26,1,85.123
INDOFLOODS-gauge-1086-18,INDOFLOODS-gauge-1086,26.0_89.0,2016-07-27,2016-07-27,0,2.61
INDOFLOODS-gauge-1086-19,INDOFLOODS-gauge-1086,26.0_89.0,2017-08-12,2017-08-07,5,21.172
INDOFLOODS-gauge-1086-19,INDOFLOODS-gauge-1086,26.0_89.0,2017-08-12,2017-08-08,4,54.419
INDOFLOODS-gauge-1086-19,INDOFLOODS-gauge-1086,26.0_89.0,2017-08-12,2017-08-09,3,70.26
INDOFLOODS-gauge-1086-19,INDOFLOODS-gauge-1086,26.0_89.0,2017-08-12,2017-08-10,2,123.043
INDOFLOODS-gauge-1086-19,INDOFLOODS-gauge-1086,26.0_89.0,2017-08-12,2017-08-11,1,153.875
INDOFLOODS-gauge-1086-19,INDOFLOODS-gauge-1086,26.0_89.0,2017-08-12,2017-08-12,0,300.485
INDOFLOODS-gauge-1095-10,INDOFLOODS-gauge-1095,23.0_87.0,2015-08-03,2015-07-29,5,31.048
INDOFLOODS-gauge-1095-10,INDOFLOODS-gauge-1095,23.0_87.0,2015-08-03,2015-07-30,4,39.986
INDOFLOODS-gauge-1095-10,INDOFLOODS-gauge-1095,23.0_87.0,2015-08-03,2015-07-31,3,28.728
INDOFLOODS-gauge-1095-10,INDOFLOODS-gauge-1095,23.0_87.0,2015-08-03,2015-08-01,2,74.868
INDOFLOODS-gauge-1095-10,INDOFLOODS-gauge-1095,23.0_87.0,2015-08-03,2015-08-02,1,55.975
INDOFLOODS-gauge-1095-10,INDOFLOODS-gauge-1095,23.0_87.0,2015-08-03,2015-08-03,0,6.127
INDOFLOODS-gauge-1100-4,INDOFLOODS-gauge-1100,23.0_88.0,2015-07-28,2015-07-23,5,16.033
INDOFLOODS-gauge-1100-4,INDOFLOODS-gauge-1100,23.0_88.0,2015-07-28,2015-07-24,4,6.54
INDOFLOODS-gauge-1100-4,INDOFLOODS-gauge-1100,23.0_88.0,2015-07-28,2015-07-25,3,53.776
INDOFLOODS-gauge-1100-4,INDOFLOODS-gauge-1100,23.0_88.0,2015-07-28,2015-07-26,2,19.561
INDOFLOODS-gauge-1100-4,INDOFLOODS-gauge-1100,23.0_88.0,2015-07-28,2015-07-27,1,13.741
INDOFLOODS-gauge-1100-4,INDOFLOODS-gauge-1100,23.0_88.0,2015-07-28,2015-07-28,0,5.046
INDOFLOODS-gauge-1100-5,INDOFLOODS-gauge-1100,23.0_88.0,2016-09-09,2016-09-04,5,7.471
INDOFLOODS-gauge-1100-5,INDOFLOODS-gauge-1100,23.0_88.0,2016-09-09,2016-09-05,4,16.967
INDOFLOODS-gauge-1100-5,INDOFLOODS-gauge-1100,23.0_88.0,2016-09-09,2016-09-06,3,3.305
INDOFLOODS-gauge-1100-5,INDOFLOODS-gauge-1100,23.0_88.0,2016-09-09,2016-09-07,2,9.138
INDOFLOODS-gauge-1100-5,INDOFLOODS-gauge-1100,23.0_88.0,2016-09-09,2016-09-08,1,0.009
INDOFLOODS-gauge-1100-5,INDOFLOODS-gauge-1100,23.0_88.0,2016-09-09,2016-09-09,0,0.052
INDOFLOODS-gauge-1100-6,INDOFLOODS-gauge-1100,23.0_88.0,2017-07-29,2017-07-24,5,47.129
INDOFLOODS-gauge-1100-6,INDOFLOODS-gauge-1100,23.0_88.0,2017-07-29,2017-07-25,4,37.134
INDOFLOODS-gauge-1100-6,INDOFLOODS-gauge-1100,23.0_88.0,2017-07-29,2017-07-26,3,20.578
INDOFLOODS-gauge-1100-6,INDOFLOODS-gauge-1100,23.0_88.0,2017-07-29,2017-07-27,2,16.514
INDOFLOODS-gauge-1100-6,INDOFLOODS-gauge-1100,23.0_88.0,2017-07-29,2017-07-28,1,2.684
INDOFLOODS-gauge-1100-6,INDOFLOODS-gauge-1100,23.0_88.0,2017-07-29,2017-07-29,0,0.908
INDOFLOODS-gauge-130-112,INDOFLOODS-gauge-130,19.0_82.0,2017-07-19,2017-07-14,5,2.919
INDOFLOODS-gauge-130-112,INDOFLOODS-gauge-130,19.0_82.0,2017-07-19,2017-07-15,4,6.476
INDOFLOODS-gauge-130-112,INDOFLOODS-gauge-130,19.0_82.0,2017-07-19,2017-07-16,3,57.231
INDOFLOODS-gauge-130-112,INDOFLOODS-gauge-130,19.0_82.0,2017-07-19,2017-07-17,2,35.012
INDOFLOODS-gauge-130-112,INDOFLOODS-gauge-130,19.0_82.0,2017-07-19,2017-07-18,1,86.627
INDOFLOODS-gauge-130-112,INDOFLOODS-gauge-130,19.0_82.0,2017-07-19,2017-07-19,0,111.366
INDOFLOODS-gauge-130-113,INDOFLOODS-gauge-130,19.0_82.0,2017-08-29,2017-08-24,5,9.942
INDOFLOODS-gauge-130-113,INDOFLOODS-gauge-130,19.0_82.0,2017-08-29,2017-08-25,4,11.728
INDOFLOODS-gauge-130-113,INDOFLOODS-gauge-130,19.0_82.0,2017-08-29,2017-08-26,3,26.85
INDOFLOODS-gauge-130-113,INDOFLOODS-gauge-130,19.0_82.0,2017-08-29,2017-08-27,2,10.625
INDOFLOODS-gauge-130-113,INDOFLOODS-gauge-130,19.0_82.0,2017-08-29,2017-08-28,1,58.753
INDOFLOODS-gauge-130-113,INDOFLOODS-gauge-130,19.0_82.0,2017-08-29,2017-08-29,0,26.798
INDOFLOODS-gauge-130-114,INDOFLOODS-gauge-130,19.0_82.0,2019-06-12,2019-06-07,5,1.229
INDOFLOODS-gauge-130-114,INDOFLOODS-gauge-130,19.0_82.0,2019-06-12,2019-06-08,4,0.176
INDOFLOODS-gauge-130-114,INDOFLOODS-gauge-130,19.0_82.0,2019-06-12,2019-06-09,3,0.0
INDOFLOODS-gauge-130-114,INDOFLOODS-gauge-130,19.0_82.0,2019-06-12,2019-06-10,2,0.0
INDOFLOODS-gauge-130-114,INDOFLOODS-gauge-130,19.0_82.0,2019-06-12,2019-06-11,1,0.067
INDOFLOODS-gauge-130-114,INDOFLOODS-gauge-130,19.0_82.0,2019-06-12,2019-06-12,0,0.0
INDOFLOODS-gauge-130-115,INDOFLOODS-gauge-130,19.0_82.0,2019-08-03,2019-07-29,5,83.248
INDOFLOODS-gauge-130-115,INDOFLOODS-gauge-130,19.0_82.0,2019-08-03,2019-07-30,4,46.025
INDOFLOODS-gauge-130-115,INDOFLOODS-gauge-130,19.0_82.0,2019-08-03,2019-07-31,3,3.854
INDOFLOODS-gauge-130-115,INDOFLOODS-gauge-130,19.0_82.0,2019-08-03,2019-08-01,2,7.181
INDOFLOODS-gauge-130-115,INDOFLOODS-gauge-130,19.0_82.0,2019-08-03,2019-08-02,1,23.23
INDOFLOODS-gauge-130-115,INDOFLOODS-gauge-130,19.0_82.0,2019-08-03,2019-08-03,0,41.442
INDOFLOODS-gauge-130-116,INDOFLOODS-gauge-130,19.0_82.0,2019-08-08,2019-08-03,5,41.442
INDOFLOODS-gauge-130-116,INDOFLOODS-gauge-130,19.0_82.0,2019-08-08,2019-08-04,4,14.653
INDOFLOODS-gauge-130-116,INDOFLOODS-gauge-130,19.0_82.0,2019-08-08,2019-08-05,3,2.186
INDOFLOODS-gauge-130-116,INDOFLOODS-gauge-130,19.0_82.0,2019-08-08,2019-08-06,2,2.553
INDOFLOODS-gauge-130-116,INDOFLOODS-gauge-130,19.0_82.0,2019-08-08,2019-08-07,1,81.455
INDOFLOODS-gauge-130-116,INDOFLOODS-gauge-130,19.0_82.0,2019-08-08,2019-08-08,0,100.984
INDOFLOODS-gauge-130-117,INDOFLOODS-gauge-130,19.0_82.0,2019-10-30,2019-10-25,5,29.041
INDOFLOODS-gauge-130-117,INDOFLOODS-gauge-130,19.0_82.0,2019-10-30,2019-10-26,4,10.779
INDOFLOODS-gauge-130-117,INDOFLOODS-gauge-130,19.0_82.0,2019-10-30,2019-10-27,3,9.24
INDOFLOODS-gauge-130-117,INDOFLOODS-gauge-130,19.0_82.0,2019-10-30,2019-10-28,2,0.301
INDOFLOODS-gauge-130-117,INDOFLOODS-gauge-130,19.0_82.0,2019-10-30,2019-10-29,1,0.073
INDOFLOODS-gauge-130-117,INDOFLOODS-gauge-130,19.0_82.0,2019-10-30,2019-10-30,0,0.708
INDOFLOODS-gauge-130-118,INDOFLOODS-gauge-130,19.0_82.0,2019-11-19,2019-11-14,5,0.0
INDOFLOODS-gauge-130-118,INDOFLOODS-gauge-130,19.0_82.0,2019-11-19,2019-11-15,4,0.0
INDOFLOODS-gauge-130-118,INDOFLOODS-gauge-130,19.0_82.0,2019-11-19,2019-11-16,3,0.0
INDOFLOODS-gauge-130-118,INDOFLOODS-gauge-130,19.0_82.0,2019-11-19,2019-11-17,2,0.0
INDOFLOODS-gauge-130-118,INDOFLOODS-gauge-130,19.0_82.0,2019-11-19,2019-11-18,1,0.0
INDOFLOODS-gauge-130-118,INDOFLOODS-gauge-130,19.0_82.0,2019-11-19,2019-11-19,0,0.0
INDOFLOODS-gauge-130-119,INDOFLOODS-gauge-130,19.0_82.0,2020-02-14,2020-02-09,5,6.292
INDOFLOODS-gauge-130-119,INDOFLOODS-gauge-130,19.0_82.0,2020-02-14,2020-02-10,4,0.709
INDOFLOODS-gauge-130-119,INDOFLOODS-gauge-130,19.0_82.0,2020-02-14,2020-02-11,3,0.0
INDOFLOODS-gauge-130-119,INDOFLOODS-gauge-130,19.0_82.0,2020-02-14,2020-02-12,2,0.0
INDOFLOODS-gauge-130-119,INDOFLOODS-gauge-130,19.0_82.0,2020-02-14,2020-02-13,1,0.0
INDOFLOODS-gauge-130-119,INDOFLOODS-gauge-130,19.0_82.0,2020-02-14,2020-02-14,0,0.0
INDOFLOODS-gauge-130-120,INDOFLOODS-gauge-130,19.0_82.0,2020-04-02,2020-03-28,5,0.0
INDOFLOODS-gauge-130-120,INDOFLOODS-gauge-130,19.0_82.0,2020-04-02,2020-03-29,4,1.179
INDOFLOODS-gauge-130-120,INDOFLOODS-gauge-130,19.0_82.0,2020-04-02,2020-03-30,3,2.914
INDOFLOODS-gauge-130-120,INDOFLOODS-gauge-130,19.0_82.0,2020-04-02,2020-03-31,2,0.0
INDOFLOODS-gauge-130-120,INDOFLOODS-gauge-130,19.0_82.0,2020-04-02,2020-04-01,1,0.0
INDOFLOODS-gauge-130-120,INDOFLOODS-gauge-130,19.0_82.0,2020-04-02,2020-04-02,0,0.0
INDOFLOODS-gauge-130-121,INDOFLOODS-gauge-130,19.0_82.0,2020-04-07,2020-04-02,5,0.0
INDOFLOODS-gauge-130-121,INDOFLOODS-gauge-130,19.0_82.0,2020-04-07,2020-04-03,4,0.061
INDOFLOODS-gauge-130-121,INDOFLOODS-gauge-130,19.0_82.0,2020-04-07,2020-04-04,3,1.697
INDOFLOODS-gauge-130-121,INDOFLOODS-gauge-130,19.0_82.0,2020-04-07,2020-04-05,2,0.0
INDOFLOODS-gauge-130-121,INDOFLOODS-gauge-130,19.0_82.0,2020-04-07,2020-04-06,1,0.114
INDOFLOODS-gauge-130-121,INDOFLOODS-gauge-130,19.0_82.0,2020-04-07,2020-04-07,0,2.144
INDOFLOODS-gauge-130-122,INDOFLOODS-gauge-130,19.0_82.0,2020-04-21,2020-04-16,5,0.0
INDOFLOODS-gauge-130-122,INDOFLOODS-gauge-130,19.0_82.0,2020-04-21,2020-04-17,4,0.0
INDOFLOODS-gauge-130-122,INDOFLOODS-gauge-130,19.0_82.0,2020-04-21,2020-04-18,3,0.007
INDOFLOODS-gauge-130-122,INDOFLOODS-gauge-130,19.0_82.0,2020-04-21,2020-04-19,2,13.748
INDOFLOODS-gauge-130-122,INDOFLOODS-gauge-130,19.0_82.0,2020-04-21,2020-04-20,1,0.0
INDOFLOODS-gauge-130-122,INDOFLOODS-gauge-130,19.0_82.0,2020-04-21,2020-04-21,0,0.027
INDOFLOODS-gauge-130-123,INDOFLOODS-gauge-130,19.0_82.0,2020-05-21,2020-05-16,5,0.313
INDOFLOODS-gauge-130-123,INDOFLOODS-gauge-130,19.0_82.0,2020-05-21,2020-05-17,4,4.091
INDOFLOODS-gauge-130-123,INDOFLOODS-gauge-130,19.0_82.0,2020-05-21,2020-05-18,3,0.03
INDOFLOODS-gauge-130-123,INDOFLOODS-gauge-130,19.0_82.0,2020-05-21,2020-05-19,2,1.09
INDOFLOODS-gauge-130-123,INDOFLOODS-gauge-130,19.0_82.0,2020-05-21,2020-05-20,1,3.924
INDOFLOODS-gauge-130-123,INDOFLOODS-gauge-130,19.0_82.0,2020-05-21,2020-05-21,0,1.082
INDOFLOODS-gauge-162-1,INDOFLOODS-gauge-162,20.0_72.0,2018-07-16,2018-07-11,5,95.158
INDOFLOODS-gauge-162-1,INDOFLOODS-gauge-162,20.0_72.0,2018-07-16,2018-07-12,4,45.344
INDOFLOODS-gauge-162-1,INDOFLOODS-gauge-162,20.0_72.0,2018-07-16,2018-07-13,3,49.772
INDOFLOODS-gauge-162-1,INDOFLOODS-gauge-162,20.0_72.0,2018-07-16,2018-07-14,2,70.52
INDOFLOODS-gauge-162-1,INDOFLOODS-gauge-162,20.0_72.0,2018-07-16,2018-07-15,1,57.287
INDOFLOODS-gauge-162-1,INDOFLOODS-gauge-162,20.0_72.0,2018-07-16,2018-07-16,0,115.796
INDOFLOODS-gauge-162-2,INDOFLOODS-gauge-162,20.0_72.0,2019-07-07,2019-07-02,5,103.557
INDOFLOODS-gauge-162-2,INDOFLOODS-gauge-162,20.0_72.0,2019-07-07,2019-07-03,4,31.548
INDOFLOODS-gauge-162-2,INDOFLOODS-gauge-162,20.0_72.0,2019-07-07,2019-07-04,3,10.485
INDOFLOODS-gauge-162-2,INDOFLOODS-gauge-162,20.0_72.0,2019-07-07,2019-07-05,2,13.446
INDOFLOODS-gauge-162-2,INDOFLOODS-gauge-162,20.0_72.0,2019-07-07,2019-07-06,1,42.747
INDOFLOODS-gauge-162-2,INDOFLOODS-gauge-162,20.0_72.0,2019-07-07,2019-07-07,0,146.364
INDOFLOODS-gauge-162-3,INDOFLOODS-gauge-162,20.0_72.0,2019-07-29,2019-07-24,5,5.518
INDOFLOODS-gauge-162-3,INDOFLOODS-gauge-162,20.0_72.0,2019-07-29,2019-07-25,4,55.396
INDOFLOODS-gauge-162-3,INDOFLOODS-gauge-162,20.0_72.0,2019-07-29,2019-07-26,3,15.427
INDOFLOODS-gauge-162-3,INDOFLOODS-gauge-162,20.0_72.0,2019-07-29,2019-07-27,2,15.328
INDOFLOODS-gauge-162-3,INDOFLOODS-gauge-162,20.0_72.0,2019-07-29,2019-07-28,1,19.259
INDOFLOODS-gauge-162-3,INDOFLOODS-gauge-162,20.0_72.0,2019-07-29,2019-07-29,0,7.228
INDOFLOODS-gauge-162-4,INDOFLOODS-gauge-162,20.0_72.0,2019-08-03,2019-07-29,5,7.228
INDOFLOODS-gauge-162-4,INDOFLOODS-gauge-162,20.0_72.0,2019-08-03,2019-07-30,4,71.661
INDOFLOODS-gauge-162-4,INDOFLOODS-gauge-162,20.0_72.0,2019-08-03,2019-07-31,3,62.582
INDOFLOODS-gauge-162-4,INDOFLOODS-gauge-162,20.0_72.0,2019-08-03,2019-08-01,2,49.361
INDOFLOODS-gauge-162-4,INDOFLOODS-gauge-162,20.0_72.0,2019-08-03,2019-08-02,1,52.291
INDOFLOODS-gauge-162-4,INDOFLOODS-gauge-162,20.0_72.0,2019-08-03,2019-08-03,0,148.36
INDOFLOODS-gauge-175-1,INDOFLOODS-gauge-175,23.0_73.0,2018-11-01,2018-10-27,5,0.0
INDOFLOODS-gauge-175-1,INDOFLOODS-gauge-175,23.0_73.0,2018-11-01,2018-10-28,4,0.0
INDOFLOODS-gauge-175-1,INDOFLOODS-gauge-175,23.0_73.0,2018-11-01,2018-10-29,3,0.0
INDOFLOODS-gauge-175-1,INDOFLOODS-gauge-175,23.0_73.0,2018-11-01,2018-10-30,2,0.0
INDOFLOODS-gauge-175-1,INDOFLOODS-gauge-175,23.0_73.0,2018-11-01,2018-10-31,1,0.0
INDOFLOODS-gauge-175-1,INDOFLOODS-gauge-175,23.0_73.0,2018-11-01,2018-11-01,0,0.0
INDOFLOODS-gauge-175-2,INDOFLOODS-gauge-175,23.0_73.0,2019-07-05,2019-06-30,5,1.358
INDOFLOODS-gauge-175-2,INDOFLOODS-gauge-175,23.0_73.0,2019-07-05,2019-07-01,4,14.345
INDOFLOODS-gauge-175-2,INDOFLOODS-gauge-175,23.0_73.0,2019-07-05,2019-07-02,3,0.987
INDOFLOODS-gauge-175-2,INDOFLOODS-gauge-175,23.0_73.0,2019-07-05,2019-07-03,2,3.062
INDOFLOODS-gauge-175-2,INDOFLOODS-gauge-175,23.0_73.0,2019-07-05,2019-07-04,1,25.783
INDOFLOODS-gauge-175-2,INDOFLOODS-gauge-175,23.0_73.0,2019-07-05,2019-07-05,0,29.496
INDOFLOODS-gauge-175-3,INDOFLOODS-gauge-175,23.0_73.0,2019-08-11,2019-08-06,5,3.185
INDOFLOODS-gauge-175-3,INDOFLOODS-gauge-175,23.0_73.0,2019-08-11,2019-08-07,4,1.076
INDOFLOODS-gauge-175-3,INDOFLOODS-gauge-175,23.0_73.0,2019-08-11,2019-08-08,3,5.735
INDOFLOODS-gauge-175-3,INDOFLOODS-gauge-175,23.0_73.0,2019-08-11,2019-08-09,2,39.738
INDOFLOODS-gauge-175-3,INDOFLOODS-gauge-175,23.0_73.0,2019-08-11,2019-08-10,1,81.086
INDOFLOODS-gauge-175-3,INDOFLOODS-gauge-175,23.0_73.0,2019-08-11,2019-08-11,0,11.413
INDOFLOODS-gauge-180-1,INDOFLOODS-gauge-180,21.0_72.0,2019-08-04,2019-07-30,5,32.392
INDOFLOODS-gauge-180-1,INDOFLOODS-gauge-180,21.0_72.0,2019-08-04,2019-07-31,4,43.577
INDOFLOODS-gauge-180-1,INDOFLOODS-gauge-180,21.0_72.0,2019-08-04,2019-08-01,3,50.627
INDOFLOODS-gauge-180-1,INDOFLOODS-gauge-180,21.0_72.0,2019-08-04,2019-08-02,2,9.385
INDOFLOODS-gauge-180-1,INDOFLOODS-gauge-180,21.0_72.0,2019-08-04,2019-08-03,1,45.143
INDOFLOODS-gauge-180-1,INDOFLOODS-gauge-180,21.0_72.0,2019-08-04,2019-08-04,0,95.219
INDOFLOODS-gauge-19-1,INDOFLOODS-gauge-19,16.0_81.0,2019-08-03,2019-07-29,5,9.476
INDOFLOODS-gauge-19-1,INDOFLOODS-gauge-19,16.0_81.0,2019-08-03,2019-07-30,4,0.871
INDOFLOODS-gauge-19-1,INDOFLOODS-gauge-19,16.0_81.0,2019-08-03,2019-07-31,3,1.033
INDOFLOODS-gauge-19-1,INDOFLOODS-gauge-19,16.0_81.0,2019-08-03,2019-08-01,2,18.022
INDOFLOODS-gauge-19-1,INDOFLOODS-gauge-19,16.0_81.0,2019-08-03,2019-08-02,1,41.564
INDOFLOODS-gauge-19-1,INDOFLOODS-gauge-19,16.0_81.0,2019-08-03,2019-08-03,0,9.92
INDOFLOODS-gauge-208-17,INDOFLOODS-gauge-208,20.0_73.0,2017-07-14,2017-07-09,5,18.2
INDOFLOODS-gauge-208-17,INDOFLOODS-gauge-208,20.0_73.0,2017-07-14,2017-07-10,4,4.159
INDOFLOODS-gauge-208-17,INDOFLOODS-gauge-208,20.0_73.0,2017-07-14,2017-07-11,3,7.535
INDOFLOODS-gauge-208-17,INDOFLOODS-gauge-208,20.0_73.0,2017-07-14,2017-07-12,2,7.528
INDOFLOODS-gauge-208-17,INDOFLOODS-gauge-208,20.0_73.0,2017-07-14,2017-07-13,1,28.191
INDOFLOODS-gauge-208-17,INDOFLOODS-gauge-208,20.0_73.0,2017-07-14,2017-07-14,0,75.405
INDOFLOODS-gauge-208-18,INDOFLOODS-gauge-208,20.0_73.0,2017-07-28,2017-07-23,5,78.25
INDOFLOODS-gauge-208-18,INDOFLOODS-gauge-208,20.0_73.0,2017-07-28,2017-07-24,4,53.135
INDOFLOODS-gauge-208-18,INDOFLOODS-gauge-208,20.0_73.0,2017-07-28,2017-07-25,3,14.201
INDOFLOODS-gauge-208-18,INDOFLOODS-gauge-208,20.0_73.0,2017-07-28,2017-07-26,2,4.947
INDOFLOODS-gauge-208-18,INDOFLOODS-gauge-208,20.0_73.0,2017-07-28,2017-07-27,1,24.416
INDOFLOODS-gauge-208-18,INDOFLOODS-gauge-208,20.0_73.0,2017-07-28,2017-07-28,0,111.424
INDOFLOODS-gauge-208-19,INDOFLOODS-gauge-208,20.0_73.0,2018-07-16,2018-07-11,5,56.44
INDOFLOODS-gauge-208-19,INDOFLOODS-gauge-208,20.0_73.0,2018-07-16,2018-07-12,4,80.589
INDOFLOODS-gauge-208-19,INDOFLOODS-gauge-208,20.0_73.0,2018-07-16,2018-07-13,3,92.244
INDOFLOODS-gauge-208-19,INDOFLOODS-gauge-208,20.0_73.0,2018-07-16,2018-07-14,2,45.996
INDOFLOODS-gauge-208-19,INDOFLOODS-gauge-208,20.0_73.0,2018-07-16,2018-07-15,1,70.397
INDOFLOODS-gauge-208-19,INDOFLOODS-gauge-208,20.0_73.0,2018-07-16,2018-07-16,0,108.139
INDOFLOODS-gauge-208-20,INDOFLOODS-gauge-208,20.0_73.0,2019-07-27,2019-07-22,5,17.486
INDOFLOODS-gauge-208-20,INDOFLOODS-gauge-208,20.0_73.0,2019-07-27,2019-07-23,4,7.502
INDOFLOODS-gauge-208-20,INDOFLOODS-gauge-208,20.0_73.0,2019-07-27,2019-07-24,3,3.331
INDOFLOODS-gauge-208-20,INDOFLOODS-gauge-208,20.0_73.0,2019-07-27,2019-07-25,2,78.334
INDOFLOODS-gauge-208-20,INDOFLOODS-gauge-208,20.0_73.0,2019-07-27,2019-07-26,1,64.84
INDOFLOODS-gauge-208-20,INDOFLOODS-gauge-208,20.0_73.0,2019-07-27,2019-07-27,0,41.47
INDOFLOODS-gauge-208-21,INDOFLOODS-gauge-208,20.0_73.0,2019-07-29,2019-07-24,5,3.331
INDOFLOODS-gauge-208-21,INDOFLOODS-gauge-208,20.0_73.0,2019-07-29,2019-07-25,4,78.334
INDOFLOODS-gauge-208-21,INDOFLOODS-gauge-208,20.0_73.0,2019-07-29,2019-07-26,3,64.84
INDOFLOODS-gauge-208-21,INDOFLOODS-gauge-208,20.0_73.0,2019-07-29,2019-07-27,2,41.47
INDOFLOODS-gauge-208-21,INDOFLOODS-gauge-208,20.0_73.0,2019-07-29,2019-07-28,1,57.469
INDOFLOODS-gauge-208-21,INDOFLOODS-gauge-208,20.0_73.0,2019-07-29,2019-07-29,0,46.673
INDOFLOODS-gauge-208-22,INDOFLOODS-gauge-208,20.0_73.0,2019-08-03,2019-07-29,5,46.673
INDOFLOODS-gauge-208-22,INDOFLOODS-gauge-208,20.0_73.0,2019-08-03,2019-07-30,4,122.316
INDOFLOODS-gauge-208-22,INDOFLOODS-gauge-208,20.0_73.0,2019-08-03,2019-07-31,3,68.636
INDOFLOODS-gauge-208-22,INDOFLOODS-gauge-208,20.0_73.0,2019-08-03,2019-08-01,2,59.861
INDOFLOODS-gauge-208-22,INDOFLOODS-gauge-208,20.0_73.0,2019-08-03,2019-08-02,1,50.328
INDOFLOODS-gauge-208-22,INDOFLOODS-gauge-208,20.0_73.0,2019-08-03,2019-08-03,0,117.87
INDOFLOODS-gauge-243-1,INDOFLOODS-gauge-243,23.0_73.0,2018-11-01,2018-10-27,5,0.0
INDOFLOODS-gauge-243-1,INDOFLOODS-gauge-243,23.0_73.0,2018-11-01,2018-10-28,4,0.0
INDOFLOODS-gauge-243-1,INDOFLOODS-gauge-243,23.0_73.0,2018-11-01,2018-10-29,3,0.0
INDOFLOODS-gauge-243-1,INDOFLOODS-gauge-243,23.0_73.0,2018-11-01,2018-10-30,2,0.0
INDOFLOODS-gauge-243-1,INDOFLOODS-gauge-243,23.0_73.0,2018-11-01,2018-10-31,1,0.0
INDOFLOODS-gauge-243-1,INDOFLOODS-gauge-243,23.0_73.0,2018-11-01,2018-11-01,0,0.0
INDOFLOODS-gauge-243-2,INDOFLOODS-gauge-243,23.0_73.0,2019-08-11,2019-08-06,5,3.185
INDOFLOODS-gauge-243-2,INDOFLOODS-gauge-243,23.0_73.0,2019-08-11,2019-08-07,4,1.076
INDOFLOODS-gauge-243-2,INDOFLOODS-gauge-243,23.0_73.0,2019-08-11,2019-08-08,3,5.735
INDOFLOODS-gauge-243-2,INDOFLOODS-gauge-243,23.0_73.0,2019-08-11,2019-08-09,2,39.738
INDOFLOODS-gauge-243-2,INDOFLOODS-gauge-243,23.0_73.0,2019-08-11,2019-08-10,1,81.086
INDOFLOODS-gauge-243-2,INDOFLOODS-gauge-243,23.0_73.0,2019-08-11,2019-08-11,0,11.413
INDOFLOODS-gauge-243-3,INDOFLOODS-gauge-243,23.0_73.0,2019-09-20,2019-09-15,5,15.454
INDOFLOODS-gauge-243-3,INDOFLOODS-gauge-243,23.0_73.0,2019-09-20,2019-09-16,4,0.721
INDOFLOODS-gauge-243-3,INDOFLOODS-gauge-243,23.0_73.0,2019-09-20,2019-09-17,3,0.037
INDOFLOODS-gauge-243-3,INDOFLOODS-gauge-243,23.0_73.0,2019-09-20,2019-09-18,2,0.0
INDOFLOODS-gauge-243-3,INDOFLOODS-gauge-243,23.0_73.0,2019-09-20,2019-09-19,1,1.468
INDOFLOODS-gauge-243-3,INDOFLOODS-gauge-243,23.0_73.0,2019-09-20,2019-09-20,0,3.413
INDOFLOODS-gauge-29-125,INDOFLOODS-gauge-29,15.0_77.0,2015-09-08,2015-09-03,5,0.0
INDOFLOODS-gauge-29-125,INDOFLOODS-gauge-29,15.0_77.0,2015-09-08,2015-09-04,4,0.071
INDOFLOODS-gauge-29-125,INDOFLOODS-gauge-29,15.0_77.0,2015-09-08,2015-09-05,3,16.658
INDOFLOODS-gauge-29-125,INDOFLOODS-gauge-29,15.0_77.0,2015-09-08,2015-09-06,2,0.0
INDOFLOODS-gauge-29-125,INDOFLOODS-gauge-29,15.0_77.0,2015-09-08,2015-09-07,1,30.669
INDOFLOODS-gauge-29-125,INDOFLOODS-gauge-29,15.0_77.0,2015-09-08,2015-09-08,0,7.999
INDOFLOODS-gauge-29-126,INDOFLOODS-gauge-29,15.0_77.0,2017-09-16,2017-09-11,5,1.867
INDOFLOODS-gauge-29-126,INDOFLOODS-gauge-29,15.0_77.0,2017-09-16,2017-09-12,4,0.08
INDOFLOODS-gauge-29-126,INDOFLOODS-gauge-29,15.0_77.0,2017-09-16,2017-09-13,3,0.0
INDOFLOODS-gauge-29-126,INDOFLOODS-gauge-29,15.0_77.0,2017-09-16,2017-09-14,2,1.247
INDOFLOODS-gauge-29-126,INDOFLOODS-gauge-29,15.0_77.0,2017-09-16,2017-09-15,1,43.591
INDOFLOODS-gauge-29-126,INDOFLOODS-gauge-29,15.0_77.0,2017-09-16,2017-09-16,0,3.663
INDOFLOODS-gauge-29-127,INDOFLOODS-gauge-29,15.0_77.0,2019-08-12,2019-08-07,5,0.164
INDOFLOODS-gauge-29-127,INDOFLOODS-gauge-29,15.0_77.0,2019-08-12,2019-08-08,4,0.251
INDOFLOODS-gauge-29-127,INDOFLOODS-gauge-29,15.0_77.0,2019-08-12,2019-08-09,3,0.056
INDOFLOODS-gauge-29-127,INDOFLOODS-gauge-29,15.0_77.0,2019-08-12,2019-08-10,2,0.0
INDOFLOODS-gauge-29-127,INDOFLOODS-gauge-29,15.0_77.0,2019-08-12,2019-08-11,1,0.0
INDOFLOODS-gauge-29-127,INDOFLOODS-gauge-29,15.0_77.0,2019-08-12,2019-08-12,0,0.0
INDOFLOODS-gauge-294-1,INDOFLOODS-gauge-294,20.0_73.0,2019-08-03,2019-07-29,5,46.673
INDOFLOODS-gauge-294-1,INDOFLOODS-gauge-294,20.0_73.0,2019-08-03,2019-07-30,4,122.316
INDOFLOODS-gauge-294-1,INDOFLOODS-gauge-294,20.0_73.0,2019-08-03,2019-07-31,3,68.636
INDOFLOODS-gauge-294-1,INDOFLOODS-gauge-294,20.0_73.0,2019-08-03,2019-08-01,2,59.861
INDOFLOODS-gauge-294-1,INDOFLOODS-gauge-294,20.0_73.0,2019-08-03,2019-08-02,1,50.328
INDOFLOODS-gauge-294-1,INDOFLOODS-gauge-294,20.0_73.0,2019-08-03,2019-08-03,0,117.87
INDOFLOODS-gauge-308-20,INDOFLOODS-gauge-308,22.0_86.0,2017-07-26,2017-07-21,5,15.012
INDOFLOODS-gauge-308-20,INDOFLOODS-gauge-308,22.0_86.0,2017-07-26,2017-07-22,4,8.071
INDOFLOODS-gauge-308-20,INDOFLOODS-gauge-308,22.0_86.0,2017-07-26,2017-07-23,3,55.164
INDOFLOODS-gauge-308-20,INDOFLOODS-gauge-308,22.0_86.0,2017-07-26,2017-07-24,2,61.229
INDOFLOODS-gauge-308-20,INDOFLOODS-gauge-308,22.0_86.0,2017-07-26,2017-07-25,1,46.139
INDOFLOODS-gauge-308-20,INDOFLOODS-gauge-308,22.0_86.0,2017-07-26,2017-07-26,0,26.815
INDOFLOODS-gauge-31-1,INDOFLOODS-gauge-31,17.0_81.0,2019-08-03,2019-07-29,5,29.249
INDOFLOODS-gauge-31-1,INDOFLOODS-gauge-31,17.0_81.0,2019-08-03,2019-07-30,4,5.642
INDOFLOODS-gauge-31-1,INDOFLOODS-gauge-31,17.0_81.0,2019-08-03,2019-07-31,3,5.963
INDOFLOODS-gauge-31-1,INDOFLOODS-gauge-31,17.0_81.0,2019-08-03,2019-08-01,2,3.483
INDOFLOODS-gauge-31-1,INDOFLOODS-gauge-31,17.0_81.0,2019-08-03,2019-08-02,1,66.055
INDOFLOODS-gauge-31-1,INDOFLOODS-gauge-31,17.0_81.0,2019-08-03,2019-08-03,0,18.083
INDOFLOODS-gauge-31-2,INDOFLOODS-gauge-31,17.0_81.0,2019-08-07,2019-08-02,5,66.055
INDOFLOODS-gauge-31-2,INDOFLOODS-gauge-31,17.0_81.0,2019-08-07,2019-08-03,4,18.083
INDOFLOODS-gauge-31-2,INDOFLOODS-gauge-31,17.0_81.0,2019-08-07,2019-08-04,3,3.158
INDOFLOODS-gauge-31-2,INDOFLOODS-gauge-31,17.0_81.0,2019-08-07,2019-08-05,2,0.993
INDOFLOODS-gauge-31-2,INDOFLOODS-gauge-31,17.0_81.0,2019-08-07,2019-08-06,1,10.595
INDOFLOODS-gauge-31-2,INDOFLOODS-gauge-31,17.0_81.0,2019-08-07,2019-08-07,0,65.365
INDOFLOODS-gauge-318-10,INDOFLOODS-gauge-318,13.0_74.0,2018-08-13,2018-08-08,5,30.913
INDOFLOODS-gauge-318-10,INDOFLOODS-gauge-318,13.0_74.0,2018-08-13,2018-08-09,4,30.22
INDOFLOODS-gauge-318-10,INDOFLOODS-gauge-318,13.0_74.0,2018-08-13,2018-08-10,3,29.666
INDOFLOODS-gauge-318-10,INDOFLOODS-gauge-318,13.0_74.0,2018-08-13,2018-08-11,2,65.66
INDOFLOODS-gauge-318-10,INDOFLOODS-gauge-318,13.0_74.0,2018-08-13,2018-08-12,1,47.661
INDOFLOODS-gauge-318-10,INDOFLOODS-gauge-318,13.0_74.0,2018-08-13,2018-08-13,0,82.314
INDOFLOODS-gauge-318-11,INDOFLOODS-gauge-318,13.0_74.0,2019-08-06,2019-08-01,5,10.289
INDOFLOODS-gauge-318-11,INDOFLOODS-gauge-318,13.0_74.0,2019-08-06,2019-08-02,4,16.893
INDOFLOODS-gauge-318-11,INDOFLOODS-gauge-318,13.0_74.0,2019-08-06,2019-08-03,3,16.828
INDOFLOODS-gauge-318-11,INDOFLOODS-gauge-318,13.0_74.0,2019-08-06,2019-08-04,2,24.348
INDOFLOODS-gauge-318-11,INDOFLOODS-gauge-318,13.0_74.0,2019-08-06,2019-08-05,1,59.141
INDOFLOODS-gauge-318-11,INDOFLOODS-gauge-318,13.0_74.0,2019-08-06,2019-08-06,0,123.14
INDOFLOODS-gauge-318-12,INDOFLOODS-gauge-318,13.0_74.0,2019-08-10,2019-08-05,5,59.141
INDOFLOODS-gauge-318-12,INDOFLOODS-gauge-318,13.0_74.0,2019-08-10,2019-08-06,4,123.14
INDOFLOODS-gauge-318-12,INDOFLOODS-gauge-318,13.0_74.0,2019-08-10,2019-08-07,3,101.21
INDOFLOODS-gauge-318-12,INDOFLOODS-gauge-318,13.0_74.0,2019-08-10,2019-08-08,2,65.884
INDOFLOODS-gauge-318-12,INDOFLOODS-gauge-318,13.0_74.0,2019-08-10,2019-08-09,1,35.381
INDOFLOODS-gauge-318-12,INDOFLOODS-gauge-318,13.0_74.0,2019-08-10,2019-08-10,0,119.756
INDOFLOODS-gauge-318-9,INDOFLOODS-gauge-318,13.0_74.0,2018-06-27,2018-06-22,5,15.547
INDOFLOODS-gauge-318-9,INDOFLOODS-gauge-318,13.0_74.0,2018-06-27,2018-06-23,4,30.235
INDOFLOODS-gauge-318-9,INDOFLOODS-gauge-318,13.0_74.0,2018-06-27,2018-06-24,3,14.246
INDOFLOODS-gauge-318-9,INDOFLOODS-gauge-318,13.0_74.0,2018-06-27,2018-06-25,2,39.53
INDOFLOODS-gauge-318-9,INDOFLOODS-gauge-318,13.0_74.0,2018-06-27,2018-06-26,1,84.771
INDOFLOODS-gauge-318-9,INDOFLOODS-gauge-318,13.0_74.0,2018-06-27,2018-06-27,0,42.757
INDOFLOODS-gauge-319-24,INDOFLOODS-gauge-319,12.0_77.0,2015-08-19,2015-08-14,5,0.562
INDOFLOODS-gauge-319-24,INDOFLOODS-gauge-319,12.0_77.0,2015-08-19,2015-08-15,4,0.782
INDOFLOODS-gauge-319-24,INDOFLOODS-gauge-319,12.0_77.0,2015-08-19,2015-08-16,3,7.966
INDOFLOODS-gauge-319-24,INDOFLOODS-gauge-319,12.0_77.0,2015-08-19,2015-08-17,2,39.205
INDOFLOODS-gauge-319-24,INDOFLOODS-gauge-319,12.0_77.0,2015-08-19,2015-08-18,1,4.259
INDOFLOODS-gauge-319-24,INDOFLOODS-gauge-319,12.0_77.0,2015-08-19,2015-08-19,0,4.681
INDOFLOODS-gauge-319-25,INDOFLOODS-gauge-319,12.0_77.0,2015-09-08,2015-09-03,5,0.0
INDOFLOODS-gauge-319-25,INDOFLOODS-gauge-319,12.0_77.0,2015-09-08,2015-09-04,4,5.82
INDOFLOODS-gauge-319-25,INDOFLOODS-gauge-319,12.0_77.0,2015-09-08,2015-09-05,3,15.411
INDOFLOODS-gauge-319-25,INDOFLOODS-gauge-319,12.0_77.0,2015-09-08,2015-09-06,2,7.854
INDOFLOODS-gauge-319-25,INDOFLOODS-gauge-319,12.0_77.0,2015-09-08,2015-09-07,1,21.164
INDOFLOODS-gauge-319-25,INDOFLOODS-gauge-319,12.0_77.0,2015-09-08,2015-09-08,0,26.086
INDOFLOODS-gauge-319-26,INDOFLOODS-gauge-319,12.0_77.0,2016-07-29,2016-07-24,5,0.036
INDOFLOODS-gauge-319-26,INDOFLOODS-gauge-319,12.0_77.0,2016-07-29,2016-07-25,4,2.481
INDOFLOODS-gauge-319-26,INDOFLOODS-gauge-319,12.0_77.0,2016-07-29,2016-07-26,3,33.619
INDOFLOODS-gauge-319-26,INDOFLOODS-gauge-319,12.0_77.0,2016-07-29,2016-07-27,2,9.04
INDOFLOODS-gauge-319-26,INDOFLOODS-gauge-319,12.0_77.0,2016-07-29,2016-07-28,1,5.704
INDOFLOODS-gauge-319-26,INDOFLOODS-gauge-319,12.0_77.0,2016-07-29,2016-07-29,0,44.376
INDOFLOODS-gauge-319-27,INDOFLOODS-gauge-319,12.0_77.0,2017-05-27,2017-05-22,5,6.97
INDOFLOODS-gauge-319-27,INDOFLOODS-gauge-319,12.0_77.0,2017-05-27,2017-05-23,4,20.679
INDOFLOODS-gauge-319-27,INDOFLOODS-gauge-319,12.0_77.0,2017-05-27,2017-05-24,3,2.73
INDOFLOODS-gauge-319-27,INDOFLOODS-gauge-319,12.0_77.0,2017-05-27,2017-05-25,2,13.487
INDOFLOODS-gauge-319-27,INDOFLOODS-gauge-319,12.0_77.0,2017-05-27,2017-05-26,1,6.423
INDOFLOODS-gauge-319-27,INDOFLOODS-gauge-319,12.0_77.0,2017-05-27,2017-05-27,0,40.279
INDOFLOODS-gauge-319-28,INDOFLOODS-gauge-319,12.0_77.0,2017-08-14,2017-08-09,5,3.129
INDOFLOODS-gauge-319-28,INDOFLOODS-gauge-319,12.0_77.0,2017-08-14,2017-08-10,4,21.047
INDOFLOODS-gauge-319-28,INDOFLOODS-gauge-319,12.0_77.0,2017-08-14,2017-08-11,3,1.878
INDOFLOODS-gauge-319-28,INDOFLOODS-gauge-319,12.0_77.0,2017-08-14,2017-08-12,2,4.548
INDOFLOODS-gauge-319-28,INDOFLOODS-gauge-319,12.0_77.0,2017-08-14,2017-08-13,1,2.51
INDOFLOODS-gauge-319-28,INDOFLOODS-gauge-319,12.0_77.0,2017-08-14,2017-08-14,0,0.586
INDOFLOODS-gauge-319-29,INDOFLOODS-gauge-319,12.0_77.0,2017-09-03,2017-08-29,5,0.28
INDOFLOODS-gauge-319-29,INDOFLOODS-gauge-319,12.0_77.0,2017-09-03,2017-08-30,4,0.916
INDOFLOODS-gauge-319-29,INDOFLOODS-gauge-319,12.0_77.0,2017-09-03,2017-08-31,3,0.415
INDOFLOODS-gauge-319-29,INDOFLOODS-gauge-319,12.0_77.0,2017-09-03,2017-09-01,2,8.192
INDOFLOODS-gauge-319-29,INDOFLOODS-gauge-319,12.0_77.0,2017-09-03,2017-09-02,1,16.234
INDOFLOODS-gauge-319-29,INDOFLOODS-gauge-319,12.0_77.0,2017-09-03,2017-09-03,0,22.687
INDOFLOODS-gauge-319-30,INDOFLOODS-gauge-319,12.0_77.0,2017-09-07,2017-09-02,5,16.234
INDOFLOODS-gauge-319-30,INDOFLOODS-gauge-319,12.0_77.0,2017-09-07,2017-09-03,4,22.687
INDOFLOODS-gauge-319-30,INDOFLOODS-gauge-319,12.0_77.0,2017-09-07,2017-09-04,3,5.573
INDOFLOODS-gauge-319-30,INDOFLOODS-gauge-319,12.0_77.0,2017-09-07,2017-09-05,2,4.451
INDOFLOODS-gauge-319-30,INDOFLOODS-gauge-319,12.0_77.0,2017-09-07,2017-09-06,1,29.959
INDOFLOODS-gauge-319-30,INDOFLOODS-gauge-319,12.0_77.0,2017-09-07,2017-09-07,0,2.008
INDOFLOODS-gauge-319-31,INDOFLOODS-gauge-319,12.0_77.0,2017-09-10,2017-09-05,5,4.451
INDOFLOODS-gauge-319-31,INDOFLOODS-gauge-319,12.0_77.0,2017-09-10,2017-09-06,4,29.959
INDOFLOODS-gauge-319-31,INDOFLOODS-gauge-319,12.0_77.0,2017-09-10,2017-09-07,3,2.008
INDOFLOODS-gauge-319-31,INDOFLOODS-gauge-319,12.0_77.0,2017-09-10,2017-09-08,2,2.362
INDOFLOODS-gauge-319-31,INDOFLOODS-gauge-319,12.0_77.0,2017-09-10,2017-09-09,1,11.028
INDOFLOODS-gauge-319-31,INDOFLOODS-gauge-319,12.0_77.0,2017-09-10,2017-09-10,0,34.721
INDOFLOODS-gauge-319-32,INDOFLOODS-gauge-319,12.0_77.0,2017-10-03,2017-09-28,5,28.933
INDOFLOODS-gauge-319-32,INDOFLOODS-gauge-319,12.0_77.0,2017-10-03,2017-09-29,4,8.402
INDOFLOODS-gauge-319-32,INDOFLOODS-gauge-319,12.0_77.0,2017-10-03,2017-09-30,3,6.05
INDOFLOODS-gauge-319-32,INDOFLOODS-gauge-319,12.0_77.0,2017-10-03,2017-10-01,2,0.637
INDOFLOODS-gauge-319-32,INDOFLOODS-gauge-319,12.0_77.0,2017-10-03,2017-10-02,1,6.859
INDOFLOODS-gauge-319-32,INDOFLOODS-gauge-319,12.0_77.0,2017-10-03,2017-10-03,0,4.497
INDOFLOODS-gauge-319-33,INDOFLOODS-gauge-319,12.0_77.0,2017-10-13,2017-10-08,5,16.042
INDOFLOODS-gauge-319-33,INDOFLOODS-gauge-319,12.0_77.0,2017-10-13,2017-10-09,4,20.593
INDOFLOODS-gauge-319-33,INDOFLOODS-gauge-319,12.0_77.0,2017-10-13,2017-10-10,3,6.134
INDOFLOODS-gauge-319-33,INDOFLOODS-gauge-319,12.0_77.0,2017-10-13,2017-10-11,2,60.767
INDOFLOODS-gauge-319-33,INDOFLOODS-gauge-319,12.0_77.0,2017-10-13,2017-10-12,1,4.906
INDOFLOODS-gauge-319-33,INDOFLOODS-gauge-319,12.0_77.0,2017-10-13,2017-10-13,0,7.333
INDOFLOODS-gauge-32-65,INDOFLOODS-gauge-32,15.0_77.0,2019-08-12,2019-08-07,5,0.164
INDOFLOODS-gauge-32-65,INDOFLOODS-gauge-32,15.0_77.0,2019-08-12,2019-08-08,4,0.251
INDOFLOODS-gauge-32-65,INDOFLOODS-gauge-32,15.0_77.0,2019-08-12,2019-08-09,3,0.056
INDOFLOODS-gauge-32-65,INDOFLOODS-gauge-32,15.0_77.0,2019-08-12,2019-08-10,2,0.0
INDOFLOODS-gauge-32-65,INDOFLOODS-gauge-32,15.0_77.0,2019-08-12,2019-08-11,1,0.0
INDOFLOODS-gauge-32-65,INDOFLOODS-gauge-32,15.0_77.0,2019-08-12,2019-08-12,0,0.0
INDOFLOODS-gauge-324-11,INDOFLOODS-gauge-324,13.0_75.0,2015-07-20,2015-07-15,5,13.269
INDOFLOODS-gauge-324-11,INDOFLOODS-gauge-324,13.0_75.0,2015-07-20,2015-07-16,4,15.984
INDOFLOODS-gauge-324-11,INDOFLOODS-gauge-324,13.0_75.0,2015-07-20,2015-07-17,3,21.758
INDOFLOODS-gauge-324-11,INDOFLOODS-gauge-324,13.0_75.0,2015-07-20,2015-07-18,2,48.102
INDOFLOODS-gauge-324-11,INDOFLOODS-gauge-324,13.0_75.0,2015-07-20,2015-07-19,1,56.247
INDOFLOODS-gauge-324-11,INDOFLOODS-gauge-324,13.0_75.0,2015-07-20,2015-07-20,0,73.06
INDOFLOODS-gauge-324-12,INDOFLOODS-gauge-324,13.0_75.0,2018-07-11,2018-07-06,5,9.428
INDOFLOODS-gauge-324-12,INDOFLOODS-gauge-324,13.0_75.0,2018-07-11,2018-07-07,4,74.311
INDOFLOODS-gauge-324-12,INDOFLOODS-gauge-324,13.0_75.0,2018-07-11,2018-07-08,3,48.902
INDOFLOODS-gauge-324-12,INDOFLOODS-gauge-324,13.0_75.0,2018-07-11,2018-07-09,2,40.93
INDOFLOODS-gauge-324-12,INDOFLOODS-gauge-324,13.0_75.0,2018-07-11,2018-07-10,1,43.047
INDOFLOODS-gauge-324-12,INDOFLOODS-gauge-324,13.0_75.0,2018-07-11,2018-07-11,0,52.297
INDOFLOODS-gauge-324-13,INDOFLOODS-gauge-324,13.0_75.0,2018-07-14,2018-07-09,5,40.93
INDOFLOODS-gauge-324-13,INDOFLOODS-gauge-324,13.0_75.0,2018-07-14,2018-07-10,4,43.047
INDOFLOODS-gauge-324-13,INDOFLOODS-gauge-324,13.0_75.0,2018-07-14,2018-07-11,3,52.297
INDOFLOODS-gauge-324-13,INDOFLOODS-gauge-324,13.0_75.0,2018-07-14,2018-07-12,2,64.851
INDOFLOODS-gauge-324-13,INDOFLOODS-gauge-324,13.0_75.0,2018-07-14,2018-07-13,1,50.468
INDOFLOODS-gauge-324-13,INDOFLOODS-gauge-324,13.0_75.0,2018-07-14,2018-07-14,0,48.517
INDOFLOODS-gauge-324-14,INDOFLOODS-gauge-324,13.0_75.0,2019-08-06,2019-08-01,5,6.246
INDOFLOODS-gauge-324-14,INDOFLOODS-gauge-324,13.0_75.0,2019-08-06,2019-08-02,4,10.506
INDOFLOODS-gauge-324-14,INDOFLOODS-gauge-324,13.0_75.0,2019-08-06,2019-08-03,3,23.861
INDOFLOODS-gauge-324-14,INDOFLOODS-gauge-324,13.0_75.0,2019-08-06,2019-08-04,2,30.349
INDOFLOODS-gauge-324-14,INDOFLOODS-gauge-324,13.0_75.0,2019-08-06,2019-08-05,1,55.711
INDOFLOODS-gauge-324-14,INDOFLOODS-gauge-324,13.0_75.0,2019-08-06,2019-08-06,0,101.083
INDOFLOODS-gauge-329-1,INDOFLOODS-gauge-329,17.0_76.0,2019-08-07,2019-08-02,5,10.039
INDOFLOODS-gauge-329-1,INDOFLOODS-gauge-329,17.0_76.0,2019-08-07,2019-08-03,4,15.762
INDOFLOODS-gauge-329-1,INDOFLOODS-gauge-329,17.0_76.0,2019-08-07,2019-08-04,3,11.13
INDOFLOODS-gauge-329-1,INDOFLOODS-gauge-329,17.0_76.0,2019-08-07,2019-08-05,2,10.183
INDOFLOODS-gauge-329-1,INDOFLOODS-gauge-329,17.0_76.0,2019-08-07,2019-08-06,1,8.912
INDOFLOODS-gauge-329-1,INDOFLOODS-gauge-329,17.0_76.0,2019-08-07,2019-08-07,0,18.415
INDOFLOODS-gauge-338-8,INDOFLOODS-gauge-338,16.0_77.0,2019-08-08,2019-08-03,5,12.416
INDOFLOODS-gauge-338-8,INDOFLOODS-gauge-338,16.0_77.0,2019-08-08,2019-08-04,4,3.982
INDOFLOODS-gauge-338-8,INDOFLOODS-gauge-338,16.0_77.0,2019-08-08,2019-08-05,3,2.296
INDOFLOODS-gauge-338-8,INDOFLOODS-gauge-338,16.0_77.0,2019-08-08,2019-08-06,2,1.143
INDOFLOODS-gauge-338-8,INDOFLOODS-gauge-338,16.0_77.0,2019-08-08,2019-08-07,1,0.019
INDOFLOODS-gauge-338-8,INDOFLOODS-gauge-338,16.0_77.0,2019-08-08,2019-08-08,0,0.493
INDOFLOODS-gauge-346-14,INDOFLOODS-gauge-346,13.0_74.0,2017-07-20,2017-07-15,5,59.762
INDOFLOODS-gauge-346-14,INDOFLOODS-gauge-346,13.0_74.0,2017-07-20,2017-07-16,4,37.673
INDOFLOODS-gauge-346-14,INDOFLOODS-gauge-346,13.0_74.0,2017-07-20,2017-07-17,3,19.134
INDOFLOODS-gauge-346-14,INDOFLOODS-gauge-346,13.0_74.0,2017-07-20,2017-07-18,2,35.624
INDOFLOODS-gauge-346-14,INDOFLOODS-gauge-346,13.0_74.0,2017-07-20,2017-07-19,1,66.666
INDOFLOODS-gauge-346-14,INDOFLOODS-gauge-346,13.0_74.0,2017-07-20,2017-07-20,0,75.838
INDOFLOODS-gauge-346-15,INDOFLOODS-gauge-346,13.0_74.0,2019-08-06,2019-08-01,5,10.289
INDOFLOODS-gauge-346-15,INDOFLOODS-gauge-346,13.0_74.0,2019-08-06,2019-08-02,4,16.893
INDOFLOODS-gauge-346-15,INDOFLOODS-gauge-346,13.0_74.0,2019-08-06,2019-08-03,3,16.828
INDOFLOODS-gauge-346-15,INDOFLOODS-gauge-346,13.0_74.0,2019-08-06,2019-08-04,2,24.348
INDOFLOODS-gauge-346-15,INDOFLOODS-gauge-346,13.0_74.0,2019-08-06,2019-08-05,1,59.141
INDOFLOODS-gauge-346-15,INDOFLOODS-gauge-346,13.0_74.0,2019-08-06,2019-08-06,0,123.14
INDOFLOODS-gauge-349-161,INDOFLOODS-gauge-349,14.0_74.0,2015-07-20,2015-07-15,5,12.818
INDOFLOODS-gauge-349-161,INDOFLOODS-gauge-349,14.0_74.0,2015-07-20,2015-07-16,4,27.241
INDOFLOODS-gauge-349-161,INDOFLOODS-gauge-349,14.0_74.0,2015-07-20,2015-07-17,3,21.59
INDOFLOODS-gauge-349-161,INDOFLOODS-gauge-349,14.0_74.0,2015-07-20,2015-07-18,2,27.888
INDOFLOODS-gauge-349-161,INDOFLOODS-gauge-349,14.0_74.0,2015-07-20,2015-07-19,1,28.889
INDOFLOODS-gauge-349-161,INDOFLOODS-gauge-349,14.0_74.0,2015-07-20,2015-07-20,0,87.663
INDOFLOODS-gauge-349-162,INDOFLOODS-gauge-349,14.0_74.0,2016-06-29,2016-06-24,5,36.576
INDOFLOODS-gauge-349-162,INDOFLOODS-gauge-349,14.0_74.0,2016-06-29,2016-06-25,4,32.829
INDOFLOODS-gauge-349-162,INDOFLOODS-gauge-349,14.0_74.0,2016-06-29,2016-06-26,3,22.096
INDOFLOODS-gauge-349-162,INDOFLOODS-gauge-349,14.0_74.0,2016-06-29,2016-06-27,2,65.051
INDOFLOODS-gauge-349-162,INDOFLOODS-gauge-349,14.0_74.0,2016-06-29,2016-06-28,1,68.687
INDOFLOODS-gauge-349-162,INDOFLOODS-gauge-349,14.0_74.0,2016-06-29,2016-06-29,0,140.18
INDOFLOODS-gauge-349-163,INDOFLOODS-gauge-349,14.0_74.0,2016-07-05,2016-06-30,5,65.246
INDOFLOODS-gauge-349-163,INDOFLOODS-gauge-349,14.0_74.0,2016-07-05,2016-07-01,4,36.934
INDOFLOODS-gauge-349-163,INDOFLOODS-gauge-349,14.0_74.0,2016-07-05,2016-07-02,3,44.731
INDOFLOODS-gauge-349-163,INDOFLOODS-gauge-349,14.0_74.0,2016-07-05,2016-07-03,2,47.302
INDOFLOODS-gauge-349-163,INDOFLOODS-gauge-349,14.0_74.0,2016-07-05,2016-07-04,1,54.725
INDOFLOODS-gauge-349-163,INDOFLOODS-gauge-349,14.0_74.0,2016-07-05,2016-07-05,0,100.148
INDOFLOODS-gauge-349-164,INDOFLOODS-gauge-349,14.0_74.0,2016-08-04,2016-07-30,5,17.697
INDOFLOODS-gauge-349-164,INDOFLOODS-gauge-349,14.0_74.0,2016-08-04,2016-07-31,4,21.217
INDOFLOODS-gauge-349-164,INDOFLOODS-gauge-349,14.0_74.0,2016-08-04,2016-08-01,3,17.627
INDOFLOODS-gauge-349-164,INDOFLOODS-gauge-349,14.0_74.0,2016-08-04,2016-08-02,2,7.209
INDOFLOODS-gauge-349-164,INDOFLOODS-gauge-349,14.0_74.0,2016-08-04,2016-08-03,1,14.618
INDOFLOODS-gauge-349-164,INDOFLOODS-gauge-349,14.0_74.0,2016-08-04,2016-08-04,0,45.874
INDOFLOODS-gauge-349-165,INDOFLOODS-gauge-349,14.0_74.0,2017-07-02,2017-06-27,5,30.068
INDOFLOODS-gauge-349-165,INDOFLOODS-gauge-349,14.0_74.0,2017-07-02,2017-06-28,4,23.589
INDOFLOODS-gauge-349-165,INDOFLOODS-gauge-349,14.0_74.0,2017-07-02,2017-06-29,3,45.748
INDOFLOODS-gauge-349-165,INDOFLOODS-gauge-349,14.0_74.0,2017-07-02,2017-06-30,2,35.063
INDOFLOODS-gauge-349-165,INDOFLOODS-gauge-349,14.0_74.0,2017-07-02,2017-07-01,1,26.431
INDOFLOODS-gauge-349-165,INDOFLOODS-gauge-349,14.0_74.0,2017-07-02,2017-07-02,0,71.702
INDOFLOODS-gauge-349-166,INDOFLOODS-gauge-349,14.0_74.0,2017-07-19,2017-07-14,5,58.775
INDOFLOODS-gauge-349-166,INDOFLOODS-gauge-349,14.0_74.0,2017-07-19,2017-07-15,4,38.915
INDOFLOODS-gauge-349-166,INDOFLOODS-gauge-349,14.0_74.0,2017-07-19,2017-07-16,3,34.576
INDOFLOODS-gauge-349-166,INDOFLOODS-gauge-349,14.0_74.0,2017-07-19,2017-07-17,2,24.711
INDOFLOODS-gauge-349-166,INDOFLOODS-gauge-349,14.0_74.0,2017-07-19,2017-07-18,1,33.175
INDOFLOODS-gauge-349-166,INDOFLOODS-gauge-349,14.0_74.0,2017-07-19,2017-07-19,0,81.023
INDOFLOODS-gauge-349-167,INDOFLOODS-gauge-349,14.0_74.0,2017-08-29,2017-08-24,5,11.988
INDOFLOODS-gauge-349-167,INDOFLOODS-gauge-349,14.0_74.0,2017-08-29,2017-08-25,4,31.341
INDOFLOODS-gauge-349-167,INDOFLOODS-gauge-349,14.0_74.0,2017-08-29,2017-08-26,3,24.036
INDOFLOODS-gauge-349-167,INDOFLOODS-gauge-349,14.0_74.0,2017-08-29,2017-08-27,2,56.386
INDOFLOODS-gauge-349-167,INDOFLOODS-gauge-349,14.0_74.0,2017-08-29,2017-08-28,1,32.615
INDOFLOODS-gauge-349-167,INDOFLOODS-gauge-349,14.0_74.0,2017-08-29,2017-08-29,0,42.713
INDOFLOODS-gauge-349-168,INDOFLOODS-gauge-349,14.0_74.0,2018-07-06,2018-07-01,5,6.509
INDOFLOODS-gauge-349-168,INDOFLOODS-gauge-349,14.0_74.0,2018-07-06,2018-07-02,4,12.948
INDOFLOODS-gauge-349-168,INDOFLOODS-gauge-349,14.0_74.0,2018-07-06,2018-07-03,3,28.234
INDOFLOODS-gauge-349-168,INDOFLOODS-gauge-349,14.0_74.0,2018-07-06,2018-07-04,2,15.9
INDOFLOODS-gauge-349-168,INDOFLOODS-gauge-349,14.0_74.0,2018-07-06,2018-07-05,1,11.168
INDOFLOODS-gauge-349-168,INDOFLOODS-gauge-349,14.0_74.0,2018-07-06,2018-07-06,0,53.893
INDOFLOODS-gauge-349-169,INDOFLOODS-gauge-349,14.0_74.0,2019-08-02,2019-07-28,5,19.007
INDOFLOODS-gauge-349-169,INDOFLOODS-gauge-349,14.0_74.0,2019-08-02,2019-07-29,4,58.546
INDOFLOODS-gauge-349-169,INDOFLOODS-gauge-349,14.0_74.0,2019-08-02,2019-07-30,3,47.517
INDOFLOODS-gauge-349-169,INDOFLOODS-gauge-349,14.0_74.0,2019-08-02,2019-07-31,2,24.41
INDOFLOODS-gauge-349-169,INDOFLOODS-gauge-349,14.0_74.0,2019-08-02,2019-08-01,1,10.675
INDOFLOODS-gauge-349-169,INDOFLOODS-gauge-349,14.0_74.0,2019-08-02,2019-08-02,0,15.527
INDOFLOODS-gauge-355-29,INDOFLOODS-gauge-355,12.0_75.0,2015-06-22,2015-06-17,5,14.727
INDOFLOODS-gauge-355-29,INDOFLOODS-gauge-355,12.0_75.0,2015-06-22,2015-06-18,4,10.87
INDOFLOODS-gauge-355-29,INDOFLOODS-gauge-355,12.0_75.0,2015-06-22,2015-06-19,3,26.257
INDOFLOODS-gauge-355-29,INDOFLOODS-gauge-355,12.0_75.0,2015-06-22,2015-06-20,2,63.529
INDOFLOODS-gauge-355-29,INDOFLOODS-gauge-355,12.0_75.0,2015-06-22,2015-06-21,1,60.351
INDOFLOODS-gauge-355-29,INDOFLOODS-gauge-355,12.0_75.0,2015-06-22,2015-06-22,0,65.018
INDOFLOODS-gauge-355-30,INDOFLOODS-gauge-355,12.0_75.0,2018-07-14,2018-07-09,5,48.429
INDOFLOODS-gauge-355-30,INDOFLOODS-gauge-355,12.0_75.0,2018-07-14,2018-07-10,4,50.355
INDOFLOODS-gauge-355-30,INDOFLOODS-gauge-355,12.0_75.0,2018-07-14,2018-07-11,3,59.775
INDOFLOODS-gauge-355-30,INDOFLOODS-gauge-355,12.0_75.0,2018-07-14,2018-07-12,2,59.455
INDOFLOODS-gauge-355-30,INDOFLOODS-gauge-355,12.0_75.0,2018-07-14,2018-07-13,1,56.881
INDOFLOODS-gauge-355-30,INDOFLOODS-gauge-355,12.0_75.0,2018-07-14,2018-07-14,0,56.266
INDOFLOODS-gauge-355-31,INDOFLOODS-gauge-355,12.0_75.0,2019-08-08,2019-08-03,5,14.388
INDOFLOODS-gauge-355-31,INDOFLOODS-gauge-355,12.0_75.0,2019-08-08,2019-08-04,4,39.54
INDOFLOODS-gauge-355-31,INDOFLOODS-gauge-355,12.0_75.0,2019-08-08,2019-08-05,3,52.669
INDOFLOODS-gauge-355-31,INDOFLOODS-gauge-355,12.0_75.0,2019-08-08,2019-08-06,2,89.988
INDOFLOODS-gauge-355-31,INDOFLOODS-gauge-355,12.0_75.0,2019-08-08,2019-08-07,1,109.783
INDOFLOODS-gauge-355-31,INDOFLOODS-gauge-355,12.0_75.0,2019-08-08,2019-08-08,0,120.314
INDOFLOODS-gauge-361-210,INDOFLOODS-gauge-361,12.0_77.0,2015-05-20,2015-05-15,5,0.51
INDOFLOODS-gauge-361-210,INDOFLOODS-gauge-361,12.0_77.0,2015-05-20,2015-05-16,4,2.698
INDOFLOODS-gauge-361-210,INDOFLOODS-gauge-361,12.0_77.0,2015-05-20,2015-05-17,3,3.14
INDOFLOODS-gauge-361-210,INDOFLOODS-gauge-361,12.0_77.0,2015-05-20,2015-05-18,2,32.426
INDOFLOODS-gauge-361-210,INDOFLOODS-gauge-361,12.0_77.0,2015-05-20,2015-05-19,1,1.46
INDOFLOODS-gauge-361-210,INDOFLOODS-gauge-361,12.0_77.0,2015-05-20,2015-05-20,0,7.66
INDOFLOODS-gauge-361-211,INDOFLOODS-gauge-361,12.0_77.0,2015-09-08,2015-09-03,5,0.0
INDOFLOODS-gauge-361-211,INDOFLOODS-gauge-361,12.0_77.0,2015-09-08,2015-09-04,4,5.82
INDOFLOODS-gauge-361-211,INDOFLOODS-gauge-361,12.0_77.0,2015-09-08,2015-09-05,3,15.411
INDOFLOODS-gauge-361-211,INDOFLOODS-gauge-361,12.0_77.0,2015-09-08,2015-09-06,2,7.854
INDOFLOODS-gauge-361-211,INDOFLOODS-gauge-361,12.0_77.0,2015-09-08,2015-09-07,1,21.164
INDOFLOODS-gauge-361-211,INDOFLOODS-gauge-361,12.0_77.0,2015-09-08,2015-09-08,0,26.086
INDOFLOODS-gauge-361-212,INDOFLOODS-gauge-361,12.0_77.0,2015-10-06,2015-10-01,5,6.359
INDOFLOODS-gauge-361-212,INDOFLOODS-gauge-361,12.0_77.0,2015-10-06,2015-10-02,4,18.275
INDOFLOODS-gauge-361-212,INDOFLOODS-gauge-361,12.0_77.0,2015-10-06,2015-10-03,3,0.061
INDOFLOODS-gauge-361-212,INDOFLOODS-gauge-361,12.0_77.0,2015-10-06,2015-10-04,2,10.774
INDOFLOODS-gauge-361-212,INDOFLOODS-gauge-361,12.0_77.0,2015-10-06,2015-10-05,1,17.918
INDOFLOODS-gauge-361-212,INDOFLOODS-gauge-361,12.0_77.0,2015-10-06,2015-10-06,0,21.202
INDOFLOODS-gauge-361-213,INDOFLOODS-gauge-361,12.0_77.0,2015-10-13,2015-10-08,5,1.505
INDOFLOODS-gauge-361-213,INDOFLOODS-gauge-361,12.0_77.0,2015-10-13,2015-10-09,4,0.774
INDOFLOODS-gauge-361-213,INDOFLOODS-gauge-361,12.0_77.0,2015-10-13,2015-10-10,3,0.11
INDOFLOODS-gauge-361-213,INDOFLOODS-gauge-361,12.0_77.0,2015-10-13,2015-10-11,2,1.702
INDOFLOODS-gauge-361-213,INDOFLOODS-gauge-361,12.0_77.0,2015-10-13,2015-10-12,1,33.075
INDOFLOODS-gauge-361-213,INDOFLOODS-gauge-361,12.0_77.0,2015-10-13,2015-10-13,0,1.551
INDOFLOODS-gauge-361-214,INDOFLOODS-gauge-361,12.0_77.0,2015-11-02,2015-10-28,5,3.72
INDOFLOODS-gauge-361-214,INDOFLOODS-gauge-361,12.0_77.0,2015-11-02,2015-10-29,4,1.438
INDOFLOODS-gauge-361-214,INDOFLOODS-gauge-361,12.0_77.0,2015-11-02,2015-10-30,3,0.015
INDOFLOODS-gauge-361-214,INDOFLOODS-gauge-361,12.0_77.0,2015-11-02,2015-10-31,2,4.579
INDOFLOODS-gauge-361-214,INDOFLOODS-gauge-361,12.0_77.0,2015-11-02,2015-11-01,1,0.876
INDOFLOODS-gauge-361-214,INDOFLOODS-gauge-361,12.0_77.0,2015-11-02,2015-11-02,0,4.224
INDOFLOODS-gauge-361-215,INDOFLOODS-gauge-361,12.0_77.0,2015-11-11,2015-11-06,5,0.612
INDOFLOODS-gauge-361-215,INDOFLOODS-gauge-361,12.0_77.0,2015-11-11,2015-11-07,4,0.0
INDOFLOODS-gauge-361-215,INDOFLOODS-gauge-361,12.0_77.0,2015-11-11,2015-11-08,3,0.16
INDOFLOODS-gauge-361-215,INDOFLOODS-gauge-361,12.0_77.0,2015-11-11,2015-11-09,2,0.0
INDOFLOODS-gauge-361-215,INDOFLOODS-gauge-361,12.0_77.0,2015-11-11,2015-11-10,1,88.116
INDOFLOODS-gauge-361-215,INDOFLOODS-gauge-361,12.0_77.0,2015-11-11,2015-11-11,0,15.128
INDOFLOODS-gauge-361-216,INDOFLOODS-gauge-361,12.0_77.0,2017-10-06,2017-10-01,5,0.637
INDOFLOODS-gauge-361-216,INDOFLOODS-gauge-361,12.0_77.0,2017-10-06,2017-10-02,4,6.859
INDOFLOODS-gauge-361-216,INDOFLOODS-gauge-361,12.0_77.0,2017-10-06,2017-10-03,3,4.497
INDOFLOODS-gauge-361-216,INDOFLOODS-gauge-361,12.0_77.0,2017-10-06,2017-10-04,2,10.23
INDOFLOODS-gauge-361-216,INDOFLOODS-gauge-361,12.0_77.0,2017-10-06,2017-10-05,1,30.101
INDOFLOODS-gauge-361-216,INDOFLOODS-gauge-361,12.0_77.0,2017-10-06,2017-10-06,0,12.177
INDOFLOODS-gauge-361-217,INDOFLOODS-gauge-361,12.0_77.0,2017-10-12,2017-10-07,5,16.952
INDOFLOODS-gauge-361-217,INDOFLOODS-gauge-361,12.0_77.0,2017-10-12,2017-10-08,4,16.042
INDOFLOODS-gauge-361-217,INDOFLOODS-gauge-361,12.0_77.0,2017-10-12,2017-10-09,3,20.593
INDOFLOODS-gauge-361-217,INDOFLOODS-gauge-361,12.0_77.0,2017-10-12,2017-10-10,2,6.134
INDOFLOODS-gauge-361-217,INDOFLOODS-gauge-361,12.0_77.0,2017-10-12,2017-10-11,1,60.767
INDOFLOODS-gauge-361-217,INDOFLOODS-gauge-361,12.0_77.0,2017-10-12,2017-10-12,0,4.906
INDOFLOODS-gauge-361-218,INDOFLOODS-gauge-361,12.0_77.0,2017-10-16,2017-10-11,5,60.767
INDOFLOODS-gauge-361-218,INDOFLOODS-gauge-361,12.0_77.0,2017-10-16,2017-10-12,4,4.906
INDOFLOODS-gauge-361-218,INDOFLOODS-gauge-361,12.0_77.0,2017-10-16,2017-10-13,3,7.333
INDOFLOODS-gauge-361-218,INDOFLOODS-gauge-361,12.0_77.0,2017-10-16,2017-10-14,2,2.551
INDOFLOODS-gauge-361-218,INDOFLOODS-gauge-361,12.0_77.0,2017-10-16,2017-10-15,1,30.778
INDOFLOODS-gauge-361-218,INDOFLOODS-gauge-361,12.0_77.0,2017-10-16,2017-10-16,0,0.651
INDOFLOODS-gauge-361-219,INDOFLOODS-gauge-361,12.0_77.0,2017-11-25,2017-11-20,5,0.0
INDOFLOODS-gauge-361-219,INDOFLOODS-gauge-361,12.0_77.0,2017-11-25,2017-11-21,4,0.293
INDOFLOODS-gauge-361-219,INDOFLOODS-gauge-361,12.0_77.0,2017-11-25,2017-11-22,3,0.076
INDOFLOODS-gauge-361-219,INDOFLOODS-gauge-361,12.0_77.0,2017-11-25,2017-11-23,2,0.0
INDOFLOODS-gauge-361-219,INDOFLOODS-gauge-361,12.0_77.0,2017-11-25,2017-11-24,1,0.0
INDOFLOODS-gauge-361-219,INDOFLOODS-gauge-361,12.0_77.0,2017-11-25,2017-11-25,0,0.0
INDOFLOODS-gauge-363-14,INDOFLOODS-gauge-363,17.0_77.0,2016-07-21,2016-07-16,5,2.15
INDOFLOODS-gauge-363-14,INDOFLOODS-gauge-363,17.0_77.0,2016-07-21,2016-07-17,4,0.0
INDOFLOODS-gauge-363-14,INDOFLOODS-gauge-363,17.0_77.0,2016-07-21,2016-07-18,3,0.896
INDOFLOODS-gauge-363-14,INDOFLOODS-gauge-363,17.0_77.0,2016-07-21,2016-07-19,2,2.93
INDOFLOODS-gauge-363-14,INDOFLOODS-gauge-363,17.0_77.0,2016-07-21,2016-07-20,1,25.123
INDOFLOODS-gauge-363-14,INDOFLOODS-gauge-363,17.0_77.0,2016-07-21,2016-07-21,0,53.432
INDOFLOODS-gauge-363-15,INDOFLOODS-gauge-363,17.0_77.0,2016-09-15,2016-09-10,5,0.044
INDOFLOODS-gauge-363-15,INDOFLOODS-gauge-363,17.0_77.0,2016-09-15,2016-09-11,4,6.422
INDOFLOODS-gauge-363-15,INDOFLOODS-gauge-363,17.0_77.0,2016-09-15,2016-09-12,3,5.368
INDOFLOODS-gauge-363-15,INDOFLOODS-gauge-363,17.0_77.0,2016-09-15,2016-09-13,2,9.638
INDOFLOODS-gauge-363-15,INDOFLOODS-gauge-363,17.0_77.0,2016-09-15,2016-09-14,1,44.522
INDOFLOODS-gauge-363-15,INDOFLOODS-gauge-363,17.0_77.0,2016-09-15,2016-09-15,0,53.894
INDOFLOODS-gauge-363-16,INDOFLOODS-gauge-363,17.0_77.0,2016-09-23,2016-09-18,5,3.503
INDOFLOODS-gauge-363-16,INDOFLOODS-gauge-363,17.0_77.0,2016-09-23,2016-09-19,4,0.285
INDOFLOODS-gauge-363-16,INDOFLOODS-gauge-363,17.0_77.0,2016-09-23,2016-09-20,3,6.524
INDOFLOODS-gauge-363-16,INDOFLOODS-gauge-363,17.0_77.0,2016-09-23,2016-09-21,2,36.891
INDOFLOODS-gauge-363-16,INDOFLOODS-gauge-363,17.0_77.0,2016-09-23,2016-09-22,1,6.23
INDOFLOODS-gauge-363-16,INDOFLOODS-gauge-363,17.0_77.0,2016-09-23,2016-09-23,0,82.322
INDOFLOODS-gauge-364-171,INDOFLOODS-gauge-364,12.0_75.0,2018-07-07,2018-07-02,5,6.782
INDOFLOODS-gauge-364-171,INDOFLOODS-gauge-364,12.0_75.0,2018-07-07,2018-07-03,4,7.351
INDOFLOODS-gauge-364-171,INDOFLOODS-gauge-364,12.0_75.0,2018-07-07,2018-07-04,3,8.289
INDOFLOODS-gauge-364-171,INDOFLOODS-gauge-364,12.0_75.0,2018-07-07,2018-07-05,2,4.708
INDOFLOODS-gauge-364-171,INDOFLOODS-gauge-364,12.0_75.0,2018-07-07,2018-07-06,1,8.576
INDOFLOODS-gauge-364-171,INDOFLOODS-gauge-364,12.0_75.0,2018-07-07,2018-07-07,0,103.119
INDOFLOODS-gauge-364-172,INDOFLOODS-gauge-364,12.0_75.0,2018-07-14,2018-07-09,5,48.429
INDOFLOODS-gauge-364-172,INDOFLOODS-gauge-364,12.0_75.0,2018-07-14,2018-07-10,4,50.355
INDOFLOODS-gauge-364-172,INDOFLOODS-gauge-364,12.0_75.0,2018-07-14,2018-07-11,3,59.775
INDOFLOODS-gauge-364-172,INDOFLOODS-gauge-364,12.0_75.0,2018-07-14,2018-07-12,2,59.455
INDOFLOODS-gauge-364-172,INDOFLOODS-gauge-364,12.0_75.0,2018-07-14,2018-07-13,1,56.881
INDOFLOODS-gauge-364-172,INDOFLOODS-gauge-364,12.0_75.0,2018-07-14,2018-07-14,0,56.266
INDOFLOODS-gauge-364-173,INDOFLOODS-gauge-364,12.0_75.0,2018-08-08,2018-08-03,5,24.018
INDOFLOODS-gauge-364-173,INDOFLOODS-gauge-364,12.0_75.0,2018-08-08,2018-08-04,4,13.565
INDOFLOODS-gauge-364-173,INDOFLOODS-gauge-364,12.0_75.0,2018-08-08,2018-08-05,3,8.964
INDOFLOODS-gauge-364-173,INDOFLOODS-gauge-364,12.0_75.0,2018-08-08,2018-08-06,2,4.028
INDOFLOODS-gauge-364-173,INDOFLOODS-gauge-364,12.0_75.0,2018-08-08,2018-08-07,1,15.024
INDOFLOODS-gauge-364-173,INDOFLOODS-gauge-364,12.0_75.0,2018-08-08,2018-08-08,0,52.437
INDOFLOODS-gauge-364-174,INDOFLOODS-gauge-364,12.0_75.0,2018-08-12,2018-08-07,5,15.024
INDOFLOODS-gauge-364-174,INDOFLOODS-gauge-364,12.0_75.0,2018-08-12,2018-08-08,4,52.437
INDOFLOODS-gauge-364-174,INDOFLOODS-gauge-364,12.0_75.0,2018-08-12,2018-08-09,3,52.938
INDOFLOODS-gauge-364-174,INDOFLOODS-gauge-364,12.0_75.0,2018-08-12,2018-08-10,2,20.652
INDOFLOODS-gauge-364-174,INDOFLOODS-gauge-364,12.0_75.0,2018-08-12,2018-08-11,1,37.482
INDOFLOODS-gauge-364-174,INDOFLOODS-gauge-364,12.0_75.0,2018-08-12,2018-08-12,0,42.77
INDOFLOODS-gauge-364-175,INDOFLOODS-gauge-364,12.0_75.0,2019-08-06,2019-08-01,5,3.629
INDOFLOODS-gauge-364-175,INDOFLOODS-gauge-364,12.0_75.0,2019-08-06,2019-08-02,4,5.257
INDOFLOODS-gauge-364-175,INDOFLOODS-gauge-364,12.0_75.0,2019-08-06,2019-08-03,3,14.388
INDOFLOODS-gauge-364-175,INDOFLOODS-gauge-364,12.0_75.0,2019-08-06,2019-08-04,2,39.54
INDOFLOODS-gauge-364-175,INDOFLOODS-gauge-364,12.0_75.0,2019-08-06,2019-08-05,1,52.669
INDOFLOODS-gauge-364-175,INDOFLOODS-gauge-364,12.0_75.0,2019-08-06,2019-08-06,0,89.988
INDOFLOODS-gauge-367-1,INDOFLOODS-gauge-367,13.0_75.0,2018-09-15,2018-09-10,5,0.0
INDOFLOODS-gauge-367-1,INDOFLOODS-gauge-367,13.0_75.0,2018-09-15,2018-09-11,4,0.963
INDOFLOODS-gauge-367-1,INDOFLOODS-gauge-367,13.0_75.0,2018-09-15,2018-09-12,3,4.478
INDOFLOODS-gauge-367-1,INDOFLOODS-gauge-367,13.0_75.0,2018-09-15,2018-09-13,2,0.0
INDOFLOODS-gauge-367-1,INDOFLOODS-gauge-367,13.0_75.0,2018-09-15,2018-09-14,1,0.0
INDOFLOODS-gauge-367-1,INDOFLOODS-gauge-367,13.0_75.0,2018-09-15,2018-09-15,0,0.0
INDOFLOODS-gauge-370-1,INDOFLOODS-gauge-370,14.0_75.0,2018-01-08,2018-01-03,5,0.0
INDOFLOODS-gauge-370-1,INDOFLOODS-gauge-370,14.0_75.0,2018-01-08,2018-01-04,4,0.0
INDOFLOODS-gauge-370-1,INDOFLOODS-gauge-370,14.0_75.0,2018-01-08,2018-01-05,3,0.0
INDOFLOODS-gauge-370-1,INDOFLOODS-gauge-370,14.0_75.0,2018-01-08,2018-01-06,2,0.0
INDOFLOODS-gauge-370-1,INDOFLOODS-gauge-370,14.0_75.0,2018-01-08,2018-01-07,1,0.0
INDOFLOODS-gauge-370-1,INDOFLOODS-gauge-370,14.0_75.0,2018-01-08,2018-01-08,0,0.0
INDOFLOODS-gauge-370-10,INDOFLOODS-gauge-370,14.0_75.0,2018-07-09,2018-07-04,5,1.314
INDOFLOODS-gauge-370-10,INDOFLOODS-gauge-370,14.0_75.0,2018-07-09,2018-07-05,4,0.632
INDOFLOODS-gauge-370-10,INDOFLOODS-gauge-370,14.0_75.0,2018-07-09,2018-07-06,3,6.052
INDOFLOODS-gauge-370-10,INDOFLOODS-gauge-370,14.0_75.0,2018-07-09,2018-07-07,2,11.612
INDOFLOODS-gauge-370-10,INDOFLOODS-gauge-370,14.0_75.0,2018-07-09,2018-07-08,1,11.662
INDOFLOODS-gauge-370-10,INDOFLOODS-gauge-370,14.0_75.0,2018-07-09,2018-07-09,0,13.722
INDOFLOODS-gauge-370-11,INDOFLOODS-gauge-370,14.0_75.0,2018-07-23,2018-07-18,5,11.027
INDOFLOODS-gauge-370-11,INDOFLOODS-gauge-370,14.0_75.0,2018-07-23,2018-07-19,4,6.541
INDOFLOODS-gauge-370-11,INDOFLOODS-gauge-370,14.0_75.0,2018-07-23,2018-07-20,3,6.465
INDOFLOODS-gauge-370-11,INDOFLOODS-gauge-370,14.0_75.0,2018-07-23,2018-07-21,2,7.039
INDOFLOODS-gauge-370-11,INDOFLOODS-gauge-370,14.0_75.0,2018-07-23,2018-07-22,1,6.89
INDOFLOODS-gauge-370-11,INDOFLOODS-gauge-370,14.0_75.0,2018-07-23,2018-07-23,0,3.802
INDOFLOODS-gauge-370-12,INDOFLOODS-gauge-370,14.0_75.0,2018-11-12,2018-11-07,5,0.0
INDOFLOODS-gauge-370-12,INDOFLOODS-gauge-370,14.0_75.0,2018-11-12,2018-11-08,4,0.0
INDOFLOODS-gauge-370-12,INDOFLOODS-gauge-370,14.0_75.0,2018-11-12,2018-11-09,3,0.0
INDOFLOODS-gauge-370-12,INDOFLOODS-gauge-370,14.0_75.0,2018-11-12,2018-11-10,2,0.0
INDOFLOODS-gauge-370-12,INDOFLOODS-gauge-370,14.0_75.0,2018-11-12,2018-11-11,1,0.0
INDOFLOODS-gauge-370-12,INDOFLOODS-gauge-370,14.0_75.0,2018-11-12,2018-11-12,0,0.0
INDOFLOODS-gauge-370-13,INDOFLOODS-gauge-370,14.0_75.0,2018-11-26,2018-11-21,5,0.0
INDOFLOODS-gauge-370-13,INDOFLOODS-gauge-370,14.0_75.0,2018-11-26,2018-11-22,4,0.0
INDOFLOODS-gauge-370-13,INDOFLOODS-gauge-370,14.0_75.0,2018-11-26,2018-11-23,3,0.126
INDOFLOODS-gauge-370-13,INDOFLOODS-gauge-370,14.0_75.0,2018-11-26,2018-11-24,2,0.0
INDOFLOODS-gauge-370-13,INDOFLOODS-gauge-370,14.0_75.0,2018-11-26,2018-11-25,1,0.0
INDOFLOODS-gauge-370-13,INDOFLOODS-gauge-370,14.0_75.0,2018-11-26,2018-11-26,0,0.0
INDOFLOODS-gauge-370-14,INDOFLOODS-gauge-370,14.0_75.0,2018-12-10,2018-12-05,5,0.43
INDOFLOODS-gauge-370-14,INDOFLOODS-gauge-370,14.0_75.0,2018-12-10,2018-12-06,4,13.637
INDOFLOODS-gauge-370-14,INDOFLOODS-gauge-370,14.0_75.0,2018-12-10,2018-12-07,3,1.616
INDOFLOODS-gauge-370-14,INDOFLOODS-gauge-370,14.0_75.0,2018-12-10,2018-12-08,2,0.0
INDOFLOODS-gauge-370-14,INDOFLOODS-gauge-370,14.0_75.0,2018-12-10,2018-12-09,1,0.0
INDOFLOODS-gauge-370-14,INDOFLOODS-gauge-370,14.0_75.0,2018-12-10,2018-12-10,0,0.0
INDOFLOODS-gauge-370-15,INDOFLOODS-gauge-370,14.0_75.0,2018-12-24,2018-12-19,5,0.0
INDOFLOODS-gauge-370-15,INDOFLOODS-gauge-370,14.0_75.0,2018-12-24,2018-12-20,4,0.0
INDOFLOODS-gauge-370-15,INDOFLOODS-gauge-370,14.0_75.0,2018-12-24,2018-12-21,3,0.0
INDOFLOODS-gauge-370-15,INDOFLOODS-gauge-370,14.0_75.0,2018-12-24,2018-12-22,2,0.0
INDOFLOODS-gauge-370-15,INDOFLOODS-gauge-370,14.0_75.0,2018-12-24,2018-12-23,1,0.0
INDOFLOODS-gauge-370-15,INDOFLOODS-gauge-370,14.0_75.0,2018-12-24,2018-12-24,0,0.0
INDOFLOODS-gauge-370-16,INDOFLOODS-gauge-370,14.0_75.0,2019-02-04,2019-01-30,5,0.0
INDOFLOODS-gauge-370-16,INDOFLOODS-gauge-370,14.0_75.0,2019-02-04,2019-01-31,4,0.0
INDOFLOODS-gauge-370-16,INDOFLOODS-gauge-370,14.0_75.0,2019-02-04,2019-02-01,3,0.0
INDOFLOODS-gauge-370-16,INDOFLOODS-gauge-370,14.0_75.0,2019-02-04,2019-02-02,2,0.0
INDOFLOODS-gauge-370-16,INDOFLOODS-gauge-370,14.0_75.0,2019-02-04,2019-02-03,1,0.0
INDOFLOODS-gauge-370-16,INDOFLOODS-gauge-370,14.0_75.0,2019-02-04,2019-02-04,0,0.0
INDOFLOODS-gauge-370-17,INDOFLOODS-gauge-370,14.0_75.0,2019-02-18,2019-02-13,5,0.0
INDOFLOODS-gauge-370-17,INDOFLOODS-gauge-370,14.0_75.0,2019-02-18,2019-02-14,4,0.0
INDOFLOODS-gauge-370-17,INDOFLOODS-gauge-370,14.0_75.0,2019-02-18,2019-02-15,3,0.0
INDOFLOODS-gauge-370-17,INDOFLOODS-gauge-370,14.0_75.0,2019-02-18,2019-02-16,2,0.0
INDOFLOODS-gauge-370-17,INDOFLOODS-gauge-370,14.0_75.0,2019-02-18,2019-02-17,1,0.0
INDOFLOODS-gauge-370-17,INDOFLOODS-gauge-370,14.0_75.0,2019-02-18,2019-02-18,0,0.0
INDOFLOODS-gauge-370-18,INDOFLOODS-gauge-370,14.0_75.0,2019-03-04,2019-02-27,5,0.0
INDOFLOODS-gauge-370-18,INDOFLOODS-gauge-370,14.0_75.0,2019-03-04,2019-02-28,4,0.0
INDOFLOODS-gauge-370-18,INDOFLOODS-gauge-370,14.0_75.0,2019-03-04,2019-03-01,3,0.0
INDOFLOODS-gauge-370-18,INDOFLOODS-gauge-370,14.0_75.0,2019-03-04,2019-03-02,2,0.0
INDOFLOODS-gauge-370-18,INDOFLOODS-gauge-370,14.0_75.0,2019-03-04,2019-03-03,1,0.0
INDOFLOODS-gauge-370-18,INDOFLOODS-gauge-370,14.0_75.0,2019-03-04,2019-03-04,0,0.0
INDOFLOODS-gauge-370-19,INDOFLOODS-gauge-370,14.0_75.0,2019-03-18,2019-03-13,5,0.0
INDOFLOODS-gauge-370-19,INDOFLOODS-gauge-370,14.0_75.0,2019-03-18,2019-03-14,4,0.0
INDOFLOODS-gauge-370-19,INDOFLOODS-gauge-370,14.0_75.0,2019-03-18,2019-03-15,3,0.0
INDOFLOODS-gauge-370-19,INDOFLOODS-gauge-370,14.0_75.0,2019-03-18,2019-03-16,2,0.0
INDOFLOODS-gauge-370-19,INDOFLOODS-gauge-370,14.0_75.0,2019-03-18,2019-03-17,1,0.0
INDOFLOODS-gauge-370-19,INDOFLOODS-gauge-370,14.0_75.0,2019-03-18,2019-03-18,0,0.0
INDOFLOODS-gauge-370-2,INDOFLOODS-gauge-370,14.0_75.0,2018-01-22,2018-01-17,5,0.0
INDOFLOODS-gauge-370-2,INDOFLOODS-gauge-370,14.0_75.0,2018-01-22,2018-01-18,4,0.0
INDOFLOODS-gauge-370-2,INDOFLOODS-gauge-370,14.0_75.0,2018-01-22,2018-01-19,3,0.0
INDOFLOODS-gauge-370-2,INDOFLOODS-gauge-370,14.0_75.0,2018-01-22,2018-01-20,2,0.0
INDOFLOODS-gauge-370-2,INDOFLOODS-gauge-370,14.0_75.0,2018-01-22,2018-01-21,1,0.0
INDOFLOODS-gauge-370-2,INDOFLOODS-gauge-370,14.0_75.0,2018-01-22,2018-01-22,0,0.0
INDOFLOODS-gauge-370-20,INDOFLOODS-gauge-370,14.0_75.0,2019-04-01,2019-03-27,5,0.0
INDOFLOODS-gauge-370-20,INDOFLOODS-gauge-370,14.0_75.0,2019-04-01,2019-03-28,4,0.0
INDOFLOODS-gauge-370-20,INDOFLOODS-gauge-370,14.0_75.0,2019-04-01,2019-03-29,3,0.076
INDOFLOODS-gauge-370-20,INDOFLOODS-gauge-370,14.0_75.0,2019-04-01,2019-03-30,2,6.074
INDOFLOODS-gauge-370-20,INDOFLOODS-gauge-370,14.0_75.0,2019-04-01,2019-03-31,1,1.278
INDOFLOODS-gauge-370-20,INDOFLOODS-gauge-370,14.0_75.0,2019-04-01,2019-04-01,0,0.023
INDOFLOODS-gauge-370-21,INDOFLOODS-gauge-370,14.0_75.0,2019-04-15,2019-04-10,5,3.875
INDOFLOODS-gauge-370-21,INDOFLOODS-gauge-370,14.0_75.0,2019-04-15,2019-04-11,4,1.246
INDOFLOODS-gauge-370-21,INDOFLOODS-gauge-370,14.0_75.0,2019-04-15,2019-04-12,3,2.063
INDOFLOODS-gauge-370-21,INDOFLOODS-gauge-370,14.0_75.0,2019-04-15,2019-04-13,2,0.026
INDOFLOODS-gauge-370-21,INDOFLOODS-gauge-370,14.0_75.0,2019-04-15,2019-04-14,1,1.322
INDOFLOODS-gauge-370-21,INDOFLOODS-gauge-370,14.0_75.0,2019-04-15,2019-04-15,0,0.119
INDOFLOODS-gauge-370-22,INDOFLOODS-gauge-370,14.0_75.0,2019-06-25,2019-06-20,5,1.665
INDOFLOODS-gauge-370-22,INDOFLOODS-gauge-370,14.0_75.0,2019-06-25,2019-06-21,4,0.093
INDOFLOODS-gauge-370-22,INDOFLOODS-gauge-370,14.0_75.0,2019-06-25,2019-06-22,3,2.959
INDOFLOODS-gauge-370-22,INDOFLOODS-gauge-370,14.0_75.0,2019-06-25,2019-06-23,2,6.937
INDOFLOODS-gauge-370-22,INDOFLOODS-gauge-370,14.0_75.0,2019-06-25,2019-06-24,1,5.34
INDOFLOODS-gauge-370-22,INDOFLOODS-gauge-370,14.0_75.0,2019-06-25,2019-06-25,0,2.028
INDOFLOODS-gauge-370-23,INDOFLOODS-gauge-370,14.0_75.0,2019-08-01,2019-07-27,5,8.167
INDOFLOODS-gauge-370-23,INDOFLOODS-gauge-370,14.0_75.0,2019-08-01,2019-07-28,4,3.013
INDOFLOODS-gauge-370-23,INDOFLOODS-gauge-370,14.0_75.0,2019-08-01,2019-07-29,3,10.381
INDOFLOODS-gauge-370-23,INDOFLOODS-gauge-370,14.0_75.0,2019-08-01,2019-07-30,2,10.569
INDOFLOODS-gauge-370-23,INDOFLOODS-gauge-370,14.0_75.0,2019-08-01,2019-07-31,1,5.927
INDOFLOODS-gauge-370-23,INDOFLOODS-gauge-370,14.0_75.0,2019-08-01,2019-08-01,0,0.962
INDOFLOODS-gauge-370-24,INDOFLOODS-gauge-370,14.0_75.0,2020-05-19,2020-05-14,5,2.232
INDOFLOODS-gauge-370-24,INDOFLOODS-gauge-370,14.0_75.0,2020-05-19,2020-05-15,4,3.711
INDOFLOODS-gauge-370-24,INDOFLOODS-gauge-370,14.0_75.0,2020-05-19,2020-05-16,3,1.556
INDOFLOODS-gauge-370-24,INDOFLOODS-gauge-370,14.0_75.0,2020-05-19,2020-05-17,2,0.311
INDOFLOODS-gauge-370-24,INDOFLOODS-gauge-370,14.0_75.0,2020-05-19,2020-05-18,1,23.482
INDOFLOODS-gauge-370-24,INDOFLOODS-gauge-370,14.0_75.0,2020-05-19,2020-05-19,0,0.563
INDOFLOODS-gauge-370-3,INDOFLOODS-gauge-370,14.0_75.0,2018-02-05,2018-01-31,5,0.0
INDOFLOODS-gauge-370-3,INDOFLOODS-gauge-370,14.0_75.0,2018-02-05,2018-02-01,4,0.0
INDOFLOODS-gauge-370-3,INDOFLOODS-gauge-370,14.0_75.0,2018-02-05,2018-02-02,3,0.0
INDOFLOODS-gauge-370-3,INDOFLOODS-gauge-370,14.0_75.0,2018-02-05,2018-02-03,2,0.0
INDOFLOODS-gauge-370-3,INDOFLOODS-gauge-370,14.0_75.0,2018-02-05,2018-02-04,1,0.0
INDOFLOODS-gauge-370-3,INDOFLOODS-gauge-370,14.0_75.0,2018-02-05,2018-02-05,0,0.0
INDOFLOODS-gauge-370-4,INDOFLOODS-gauge-370,14.0_75.0,2018-02-19,2018-02-14,5,0.0
INDOFLOODS-gauge-370-4,INDOFLOODS-gauge-370,14.0_75.0,2018-02-19,2018-02-15,4,0.0
INDOFLOODS-gauge-370-4,INDOFLOODS-gauge-370,14.0_75.0,2018-02-19,2018-02-16,3,0.0
INDOFLOODS-gauge-370-4,INDOFLOODS-gauge-370,14.0_75.0,2018-02-19,2018-02-17,2,0.0
INDOFLOODS-gauge-370-4,INDOFLOODS-gauge-370,14.0_75.0,2018-02-19,2018-02-18,1,0.0
INDOFLOODS-gauge-370-4,INDOFLOODS-gauge-370,14.0_75.0,2018-02-19,2018-02-19,0,0.0
INDOFLOODS-gauge-370-5,INDOFLOODS-gauge-370,14.0_75.0,2018-03-05,2018-02-28,5,0.0
INDOFLOODS-gauge-370-5,INDOFLOODS-gauge-370,14.0_75.0,2018-03-05,2018-03-01,4,0.0
INDOFLOODS-gauge-370-5,INDOFLOODS-gauge-370,14.0_75.0,2018-03-05,2018-03-02,3,0.0
INDOFLOODS-gauge-370-5,INDOFLOODS-gauge-370,14.0_75.0,2018-03-05,2018-03-03,2,0.0
INDOFLOODS-gauge-370-5,INDOFLOODS-gauge-370,14.0_75.0,2018-03-05,2018-03-04,1,0.0
INDOFLOODS-gauge-370-5,INDOFLOODS-gauge-370,14.0_75.0,2018-03-05,2018-03-05,0,0.0
INDOFLOODS-gauge-370-6,INDOFLOODS-gauge-370,14.0_75.0,2018-03-19,2018-03-14,5,0.0
INDOFLOODS-gauge-370-6,INDOFLOODS-gauge-370,14.0_75.0,2018-03-19,2018-03-15,4,0.755
INDOFLOODS-gauge-370-6,INDOFLOODS-gauge-370,14.0_75.0,2018-03-19,2018-03-16,3,4.469
INDOFLOODS-gauge-370-6,INDOFLOODS-gauge-370,14.0_75.0,2018-03-19,2018-03-17,2,11.568
INDOFLOODS-gauge-370-6,INDOFLOODS-gauge-370,14.0_75.0,2018-03-19,2018-03-18,1,4.477
INDOFLOODS-gauge-370-6,INDOFLOODS-gauge-370,14.0_75.0,2018-03-19,2018-03-19,0,1.46
INDOFLOODS-gauge-370-7,INDOFLOODS-gauge-370,14.0_75.0,2018-04-02,2018-03-28,5,0.0
INDOFLOODS-gauge-370-7,INDOFLOODS-gauge-370,14.0_75.0,2018-04-02,2018-03-29,4,0.279
INDOFLOODS-gauge-370-7,INDOFLOODS-gauge-370,14.0_75.0,2018-04-02,2018-03-30,3,0.0
INDOFLOODS-gauge-370-7,INDOFLOODS-gauge-370,14.0_75.0,2018-04-02,2018-03-31,2,0.0
INDOFLOODS-gauge-370-7,INDOFLOODS-gauge-370,14.0_75.0,2018-04-02,2018-04-01,1,0.0
INDOFLOODS-gauge-370-7,INDOFLOODS-gauge-370,14.0_75.0,2018-04-02,2018-04-02,0,0.0
INDOFLOODS-gauge-370-8,INDOFLOODS-gauge-370,14.0_75.0,2018-04-16,2018-04-11,5,0.547
INDOFLOODS-gauge-370-8,INDOFLOODS-gauge-370,14.0_75.0,2018-04-16,2018-04-12,4,1.707
INDOFLOODS-gauge-370-8,INDOFLOODS-gauge-370,14.0_75.0,2018-04-16,2018-04-13,3,4.261
INDOFLOODS-gauge-370-8,INDOFLOODS-gauge-370,14.0_75.0,2018-04-16,2018-04-14,2,8.229
INDOFLOODS-gauge-370-8,INDOFLOODS-gauge-370,14.0_75.0,2018-04-16,2018-04-15,1,0.069
INDOFLOODS-gauge-370-8,INDOFLOODS-gauge-370,14.0_75.0,2018-04-16,2018-04-16,0,5.658
INDOFLOODS-gauge-370-9,INDOFLOODS-gauge-370,14.0_75.0,2018-05-01,2018-04-26,5,0.0
INDOFLOODS-gauge-370-9,INDOFLOODS-gauge-370,14.0_75.0,2018-05-01,2018-04-27,4,0.0
INDOFLOODS-gauge-370-9,INDOFLOODS-gauge-370,14.0_75.0,2018-05-01,2018-04-28,3,0.0
INDOFLOODS-gauge-370-9,INDOFLOODS-gauge-370,14.0_75.0,2018-05-01,2018-04-29,2,0.157
INDOFLOODS-gauge-370-9,INDOFLOODS-gauge-370,14.0_75.0,2018-05-01,2018-04-30,1,1.888
INDOFLOODS-gauge-370-9,INDOFLOODS-gauge-370,14.0_75.0,2018-05-01,2018-05-01,0,0.0
INDOFLOODS-gauge-372-59,INDOFLOODS-gauge-372,12.0_74.0,2015-06-26,2015-06-21,5,21.477
INDOFLOODS-gauge-372-59,INDOFLOODS-gauge-372,12.0_74.0,2015-06-26,2015-06-22,4,13.336
INDOFLOODS-gauge-372-59,INDOFLOODS-gauge-372,12.0_74.0,2015-06-26,2015-06-23,3,33.006
INDOFLOODS-gauge-372-59,INDOFLOODS-gauge-372,12.0_74.0,2015-06-26,2015-06-24,2,20.528
INDOFLOODS-gauge-372-59,INDOFLOODS-gauge-372,12.0_74.0,2015-06-26,2015-06-25,1,23.739
INDOFLOODS-gauge-372-59,INDOFLOODS-gauge-372,12.0_74.0,2015-06-26,2015-06-26,0,56.052
INDOFLOODS-gauge-372-60,INDOFLOODS-gauge-372,12.0_74.0,2015-07-12,2015-07-07,5,2.513
INDOFLOODS-gauge-372-60,INDOFLOODS-gauge-372,12.0_74.0,2015-07-12,2015-07-08,4,15.105
INDOFLOODS-gauge-372-60,INDOFLOODS-gauge-372,12.0_74.0,2015-07-12,2015-07-09,3,57.765
INDOFLOODS-gauge-372-60,INDOFLOODS-gauge-372,12.0_74.0,2015-07-12,2015-07-10,2,145.499
INDOFLOODS-gauge-372-60,INDOFLOODS-gauge-372,12.0_74.0,2015-07-12,2015-07-11,1,47.855
INDOFLOODS-gauge-372-60,INDOFLOODS-gauge-372,12.0_74.0,2015-07-12,2015-07-12,0,49.056
INDOFLOODS-gauge-372-61,INDOFLOODS-gauge-372,12.0_74.0,2015-07-18,2015-07-13,5,18.064
INDOFLOODS-gauge-372-61,INDOFLOODS-gauge-372,12.0_74.0,2015-07-18,2015-07-14,4,2.537
INDOFLOODS-gauge-372-61,INDOFLOODS-gauge-372,12.0_74.0,2015-07-18,2015-07-15,3,35.895
INDOFLOODS-gauge-372-61,INDOFLOODS-gauge-372,12.0_74.0,2015-07-18,2015-07-16,2,47.314
INDOFLOODS-gauge-372-61,INDOFLOODS-gauge-372,12.0_74.0,2015-07-18,2015-07-17,1,20.516
INDOFLOODS-gauge-372-61,INDOFLOODS-gauge-372,12.0_74.0,2015-07-18,2015-07-18,0,51.304
INDOFLOODS-gauge-372-62,INDOFLOODS-gauge-372,12.0_74.0,2016-06-29,2016-06-24,5,54.223
INDOFLOODS-gauge-372-62,INDOFLOODS-gauge-372,12.0_74.0,2016-06-29,2016-06-25,4,31.503
INDOFLOODS-gauge-372-62,INDOFLOODS-gauge-372,12.0_74.0,2016-06-29,2016-06-26,3,28.627
INDOFLOODS-gauge-372-62,INDOFLOODS-gauge-372,12.0_74.0,2016-06-29,2016-06-27,2,47.419
INDOFLOODS-gauge-372-62,INDOFLOODS-gauge-372,12.0_74.0,2016-06-29,2016-06-28,1,72.571
INDOFLOODS-gauge-372-62,INDOFLOODS-gauge-372,12.0_74.0,2016-06-29,2016-06-29,0,85.236
INDOFLOODS-gauge-372-63,INDOFLOODS-gauge-372,12.0_74.0,2016-07-05,2016-06-30,5,41.001
INDOFLOODS-gauge-372-63,INDOFLOODS-gauge-372,12.0_74.0,2016-07-05,2016-07-01,4,25.375
INDOFLOODS-gauge-372-63,INDOFLOODS-gauge-372,12.0_74.0,2016-07-05,2016-07-02,3,15.709
INDOFLOODS-gauge-372-63,INDOFLOODS-gauge-372,12.0_74.0,2016-07-05,2016-07-03,2,29.586
INDOFLOODS-gauge-372-63,INDOFLOODS-gauge-372,12.0_74.0,2016-07-05,2016-07-04,1,54.084
INDOFLOODS-gauge-372-63,INDOFLOODS-gauge-372,12.0_74.0,2016-07-05,2016-07-05,0,71.096
INDOFLOODS-gauge-372-64,INDOFLOODS-gauge-372,12.0_74.0,2018-06-11,2018-06-06,5,9.055
INDOFLOODS-gauge-372-64,INDOFLOODS-gauge-372,12.0_74.0,2018-06-11,2018-06-07,4,14.836
INDOFLOODS-gauge-372-64,INDOFLOODS-gauge-372,12.0_74.0,2018-06-11,2018-06-08,3,92.304
INDOFLOODS-gauge-372-64,INDOFLOODS-gauge-372,12.0_74.0,2018-06-11,2018-06-09,2,65.995
INDOFLOODS-gauge-372-64,INDOFLOODS-gauge-372,12.0_74.0,2018-06-11,2018-06-10,1,65.282
INDOFLOODS-gauge-372-64,INDOFLOODS-gauge-372,12.0_74.0,2018-06-11,2018-06-11,0,18.319
INDOFLOODS-gauge-372-65,INDOFLOODS-gauge-372,12.0_74.0,2018-06-13,2018-06-08,5,92.304
INDOFLOODS-gauge-372-65,INDOFLOODS-gauge-372,12.0_74.0,2018-06-13,2018-06-09,4,65.995
INDOFLOODS-gauge-372-65,INDOFLOODS-gauge-372,12.0_74.0,2018-06-13,2018-06-10,3,65.282
INDOFLOODS-gauge-372-65,INDOFLOODS-gauge-372,12.0_74.0,2018-06-13,2018-06-11,2,18.319
INDOFLOODS-gauge-372-65,INDOFLOODS-gauge-372,12.0_74.0,2018-06-13,2018-06-12,1,39.286
INDOFLOODS-gauge-372-65,INDOFLOODS-gauge-372,12.0_74.0,2018-06-13,2018-06-13,0,15.59
INDOFLOODS-gauge-372-66,INDOFLOODS-gauge-372,12.0_74.0,2018-06-20,2018-06-15,5,9.96
INDOFLOODS-gauge-372-66,INDOFLOODS-gauge-372,12.0_74.0,2018-06-20,2018-06-16,4,21.195
INDOFLOODS-gauge-372-66,INDOFLOODS-gauge-372,12.0_74.0,2018-06-20,2018-06-17,3,17.514
INDOFLOODS-gauge-372-66,INDOFLOODS-gauge-372,12.0_74.0,2018-06-20,2018-06-18,2,11.818
INDOFLOODS-gauge-372-66,INDOFLOODS-gauge-372,12.0_74.0,2018-06-20,2018-06-19,1,14.041
INDOFLOODS-gauge-372-66,INDOFLOODS-gauge-372,12.0_74.0,2018-06-20,2018-06-20,0,109.32
INDOFLOODS-gauge-372-67,INDOFLOODS-gauge-372,12.0_74.0,2018-06-25,2018-06-20,5,109.32
INDOFLOODS-gauge-372-67,INDOFLOODS-gauge-372,12.0_74.0,2018-06-25,2018-06-21,4,79.492
INDOFLOODS-gauge-372-67,INDOFLOODS-gauge-372,12.0_74.0,2018-06-25,2018-06-22,3,6.575
INDOFLOODS-gauge-372-67,INDOFLOODS-gauge-372,12.0_74.0,2018-06-25,2018-06-23,2,22.939
INDOFLOODS-gauge-372-67,INDOFLOODS-gauge-372,12.0_74.0,2018-06-25,2018-06-24,1,15.476
INDOFLOODS-gauge-372-67,INDOFLOODS-gauge-372,12.0_74.0,2018-06-25,2018-06-25,0,33.458
INDOFLOODS-gauge-372-68,INDOFLOODS-gauge-372,12.0_74.0,2018-07-07,2018-07-02,5,19.983
INDOFLOODS-gauge-372-68,INDOFLOODS-gauge-372,12.0_74.0,2018-07-07,2018-07-03,4,8.273
INDOFLOODS-gauge-372-68,INDOFLOODS-gauge-372,12.0_74.0,2018-07-07,2018-07-04,3,10.518
INDOFLOODS-gauge-372-68,INDOFLOODS-gauge-372,12.0_74.0,2018-07-07,2018-07-05,2,2.821
INDOFLOODS-gauge-372-68,INDOFLOODS-gauge-372,12.0_74.0,2018-07-07,2018-07-06,1,17.739
INDOFLOODS-gauge-372-68,INDOFLOODS-gauge-372,12.0_74.0,2018-07-07,2018-07-07,0,103.089
INDOFLOODS-gauge-372-69,INDOFLOODS-gauge-372,12.0_74.0,2018-07-19,2018-07-14,5,38.658
INDOFLOODS-gauge-372-69,INDOFLOODS-gauge-372,12.0_74.0,2018-07-19,2018-07-15,4,27.346
INDOFLOODS-gauge-372-69,INDOFLOODS-gauge-372,12.0_74.0,2018-07-19,2018-07-16,3,20.606
INDOFLOODS-gauge-372-69,INDOFLOODS-gauge-372,12.0_74.0,2018-07-19,2018-07-17,2,33.116
INDOFLOODS-gauge-372-69,INDOFLOODS-gauge-372,12.0_74.0,2018-07-19,2018-07-18,1,37.993
INDOFLOODS-gauge-372-69,INDOFLOODS-gauge-372,12.0_74.0,2018-07-19,2018-07-19,0,96.301
INDOFLOODS-gauge-372-70,INDOFLOODS-gauge-372,12.0_74.0,2018-08-08,2018-08-03,5,24.82
INDOFLOODS-gauge-372-70,INDOFLOODS-gauge-372,12.0_74.0,2018-08-08,2018-08-04,4,29.706
INDOFLOODS-gauge-372-70,INDOFLOODS-gauge-372,12.0_74.0,2018-08-08,2018-08-05,3,23.067
INDOFLOODS-gauge-372-70,INDOFLOODS-gauge-372,12.0_74.0,2018-08-08,2018-08-06,2,0.0
INDOFLOODS-gauge-372-70,INDOFLOODS-gauge-372,12.0_74.0,2018-08-08,2018-08-07,1,21.753
INDOFLOODS-gauge-372-70,INDOFLOODS-gauge-372,12.0_74.0,2018-08-08,2018-08-08,0,27.822
INDOFLOODS-gauge-372-71,INDOFLOODS-gauge-372,12.0_74.0,2019-07-19,2019-07-14,5,26.799
INDOFLOODS-gauge-372-71,INDOFLOODS-gauge-372,12.0_74.0,2019-07-19,2019-07-15,4,12.954
INDOFLOODS-gauge-372-71,INDOFLOODS-gauge-372,12.0_74.0,2019-07-19,2019-07-16,3,18.586
INDOFLOODS-gauge-372-71,INDOFLOODS-gauge-372,12.0_74.0,2019-07-19,2019-07-17,2,15.36
INDOFLOODS-gauge-372-71,INDOFLOODS-gauge-372,12.0_74.0,2019-07-19,2019-07-18,1,31.277
INDOFLOODS-gauge-372-71,INDOFLOODS-gauge-372,12.0_74.0,2019-07-19,2019-07-19,0,64.741
INDOFLOODS-gauge-372-72,INDOFLOODS-gauge-372,12.0_74.0,2019-08-06,2019-08-01,5,6.101
INDOFLOODS-gauge-372-72,INDOFLOODS-gauge-372,12.0_74.0,2019-08-06,2019-08-02,4,2.543
INDOFLOODS-gauge-372-72,INDOFLOODS-gauge-372,12.0_74.0,2019-08-06,2019-08-03,3,0.313
INDOFLOODS-gauge-372-72,INDOFLOODS-gauge-372,12.0_74.0,2019-08-06,2019-08-04,2,25.429
INDOFLOODS-gauge-372-72,INDOFLOODS-gauge-372,12.0_74.0,2019-08-06,2019-08-05,1,62.586
INDOFLOODS-gauge-372-72,INDOFLOODS-gauge-372,12.0_74.0,2019-08-06,2019-08-06,0,137.256
INDOFLOODS-gauge-372-73,INDOFLOODS-gauge-372,12.0_74.0,2019-08-09,2019-08-04,5,25.429
INDOFLOODS-gauge-372-73,INDOFLOODS-gauge-372,12.0_74.0,2019-08-09,2019-08-05,4,62.586
INDOFLOODS-gauge-372-73,INDOFLOODS-gauge-372,12.0_74.0,2019-08-09,2019-08-06,3,137.256
INDOFLOODS-gauge-372-73,INDOFLOODS-gauge-372,12.0_74.0,2019-08-09,2019-08-07,2,119.212
INDOFLOODS-gauge-372-73,INDOFLOODS-gauge-372,12.0_74.0,2019-08-09,2019-08-08,1,72.556
INDOFLOODS-gauge-372-73,INDOFLOODS-gauge-372,12.0_74.0,2019-08-09,2019-08-09,0,65.903
INDOFLOODS-gauge-376-4,INDOFLOODS-gauge-376,16.0_76.0,2019-08-09,2019-08-04,5,5.289
INDOFLOODS-gauge-376-4,INDOFLOODS-gauge-376,16.0_76.0,2019-08-09,2019-08-05,4,3.223
INDOFLOODS-gauge-376-4,INDOFLOODS-gauge-376,16.0_76.0,2019-08-09,2019-08-06,3,8.619
INDOFLOODS-gauge-376-4,INDOFLOODS-gauge-376,16.0_76.0,2019-08-09,2019-08-07,2,5.299
INDOFLOODS-gauge-376-4,INDOFLOODS-gauge-376,16.0_76.0,2019-08-09,2019-08-08,1,6.057
INDOFLOODS-gauge-376-4,INDOFLOODS-gauge-376,16.0_76.0,2019-08-09,2019-08-09,0,6.062
INDOFLOODS-gauge-388-1,INDOFLOODS-gauge-388,16.0_76.0,2019-05-06,2019-05-01,5,0.407
INDOFLOODS-gauge-388-1,INDOFLOODS-gauge-388,16.0_76.0,2019-05-06,2019-05-02,4,0.0
INDOFLOODS-gauge-388-1,INDOFLOODS-gauge-388,16.0_76.0,2019-05-06,2019-05-03,3,0.0
INDOFLOODS-gauge-388-1,INDOFLOODS-gauge-388,16.0_76.0,2019-05-06,2019-05-04,2,0.0
INDOFLOODS-gauge-388-1,INDOFLOODS-gauge-388,16.0_76.0,2019-05-06,2019-05-05,1,0.0
INDOFLOODS-gauge-388-1,INDOFLOODS-gauge-388,16.0_76.0,2019-05-06,2019-05-06,0,0.0
INDOFLOODS-gauge-388-10,INDOFLOODS-gauge-388,16.0_76.0,2019-10-09,2019-10-04,5,5.281
INDOFLOODS-gauge-388-10,INDOFLOODS-gauge-388,16.0_76.0,2019-10-09,2019-10-05,4,4.646
INDOFLOODS-gauge-388-10,INDOFLOODS-gauge-388,16.0_76.0,2019-10-09,2019-10-06,3,8.734
INDOFLOODS-gauge-388-10,INDOFLOODS-gauge-388,16.0_76.0,2019-10-09,2019-10-07,2,2.123
INDOFLOODS-gauge-388-10,INDOFLOODS-gauge-388,16.0_76.0,2019-10-09,2019-10-08,1,3.541
INDOFLOODS-gauge-388-10,INDOFLOODS-gauge-388,16.0_76.0,2019-10-09,2019-10-09,0,6.111
INDOFLOODS-gauge-388-11,INDOFLOODS-gauge-388,16.0_76.0,2019-10-14,2019-10-09,5,6.111
INDOFLOODS-gauge-388-11,INDOFLOODS-gauge-388,16.0_76.0,2019-10-14,2019-10-10,4,8.904
INDOFLOODS-gauge-388-11,INDOFLOODS-gauge-388,16.0_76.0,2019-10-14,2019-10-11,3,17.151
INDOFLOODS-gauge-388-11,INDOFLOODS-gauge-388,16.0_76.0,2019-10-14,2019-10-12,2,0.113
INDOFLOODS-gauge-388-11,INDOFLOODS-gauge-388,16.0_76.0,2019-10-14,2019-10-13,1,0.048
INDOFLOODS-gauge-388-11,INDOFLOODS-gauge-388,16.0_76.0,2019-10-14,2019-10-14,0,1.056
INDOFLOODS-gauge-388-12,INDOFLOODS-gauge-388,16.0_76.0,2019-10-17,2019-10-12,5,0.113
INDOFLOODS-gauge-388-12,INDOFLOODS-gauge-388,16.0_76.0,2019-10-17,2019-10-13,4,0.048
INDOFLOODS-gauge-388-12,INDOFLOODS-gauge-388,16.0_76.0,2019-10-17,2019-10-14,3,1.056
INDOFLOODS-gauge-388-12,INDOFLOODS-gauge-388,16.0_76.0,2019-10-17,2019-10-15,2,0.758
INDOFLOODS-gauge-388-12,INDOFLOODS-gauge-388,16.0_76.0,2019-10-17,2019-10-16,1,2.996
INDOFLOODS-gauge-388-12,INDOFLOODS-gauge-388,16.0_76.0,2019-10-17,2019-10-17,0,1.425
INDOFLOODS-gauge-388-13,INDOFLOODS-gauge-388,16.0_76.0,2019-10-19,2019-10-14,5,1.056
INDOFLOODS-gauge-388-13,INDOFLOODS-gauge-388,16.0_76.0,2019-10-19,2019-10-15,4,0.758
INDOFLOODS-gauge-388-13,INDOFLOODS-gauge-388,16.0_76.0,2019-10-19,2019-10-16,3,2.996
INDOFLOODS-gauge-388-13,INDOFLOODS-gauge-388,16.0_76.0,2019-10-19,2019-10-17,2,1.425
INDOFLOODS-gauge-388-13,INDOFLOODS-gauge-388,16.0_76.0,2019-10-19,2019-10-18,1,2.327
INDOFLOODS-gauge-388-13,INDOFLOODS-gauge-388,16.0_76.0,2019-10-19,2019-10-19,0,13.737
INDOFLOODS-gauge-388-14,INDOFLOODS-gauge-388,16.0_76.0,2019-10-30,2019-10-25,5,0.325
INDOFLOODS-gauge-388-14,INDOFLOODS-gauge-388,16.0_76.0,2019-10-30,2019-10-26,4,7.258
INDOFLOODS-gauge-388-14,INDOFLOODS-gauge-388,16.0_76.0,2019-10-30,2019-10-27,3,4.782
INDOFLOODS-gauge-388-14,INDOFLOODS-gauge-388,16.0_76.0,2019-10-30,2019-10-28,2,7.369
INDOFLOODS-gauge-388-14,INDOFLOODS-gauge-388,16.0_76.0,2019-10-30,2019-10-29,1,0.016
INDOFLOODS-gauge-388-14,INDOFLOODS-gauge-388,16.0_76.0,2019-10-30,2019-10-30,0,0.0
INDOFLOODS-gauge-388-15,INDOFLOODS-gauge-388,16.0_76.0,2019-11-08,2019-11-03,5,0.0
INDOFLOODS-gauge-388-15,INDOFLOODS-gauge-388,16.0_76.0,2019-11-08,2019-11-04,4,0.247
INDOFLOODS-gauge-388-15,INDOFLOODS-gauge-388,16.0_76.0,2019-11-08,2019-11-05,3,1.789
INDOFLOODS-gauge-388-15,INDOFLOODS-gauge-388,16.0_76.0,2019-11-08,2019-11-06,2,0.0
INDOFLOODS-gauge-388-15,INDOFLOODS-gauge-388,16.0_76.0,2019-11-08,2019-11-07,1,0.944
INDOFLOODS-gauge-388-15,INDOFLOODS-gauge-388,16.0_76.0,2019-11-08,2019-11-08,0,0.0
INDOFLOODS-gauge-388-16,INDOFLOODS-gauge-388,16.0_76.0,2019-11-11,2019-11-06,5,0.0
INDOFLOODS-gauge-388-16,INDOFLOODS-gauge-388,16.0_76.0,2019-11-11,2019-11-07,4,0.944
INDOFLOODS-gauge-388-16,INDOFLOODS-gauge-388,16.0_76.0,2019-11-11,2019-11-08,3,0.0
INDOFLOODS-gauge-388-16,INDOFLOODS-gauge-388,16.0_76.0,2019-11-11,2019-11-09,2,0.0
INDOFLOODS-gauge-388-16,INDOFLOODS-gauge-388,16.0_76.0,2019-11-11,2019-11-10,1,0.0
INDOFLOODS-gauge-388-16,INDOFLOODS-gauge-388,16.0_76.0,2019-11-11,2019-11-11,0,0.0
INDOFLOODS-gauge-388-17,INDOFLOODS-gauge-388,16.0_76.0,2019-11-13,2019-11-08,5,0.0
INDOFLOODS-gauge-388-17,INDOFLOODS-gauge-388,16.0_76.0,2019-11-13,2019-11-09,4,0.0
INDOFLOODS-gauge-388-17,INDOFLOODS-gauge-388,16.0_76.0,2019-11-13,2019-11-10,3,0.0
INDOFLOODS-gauge-388-17,INDOFLOODS-gauge-388,16.0_76.0,2019-11-13,2019-11-11,2,0.0
INDOFLOODS-gauge-388-17,INDOFLOODS-gauge-388,16.0_76.0,2019-11-13,2019-11-12,1,0.0
INDOFLOODS-gauge-388-17,INDOFLOODS-gauge-388,16.0_76.0,2019-11-13,2019-11-13,0,0.0
INDOFLOODS-gauge-388-18,INDOFLOODS-gauge-388,16.0_76.0,2020-04-30,2020-04-25,5,0.0
INDOFLOODS-gauge-388-18,INDOFLOODS-gauge-388,16.0_76.0,2020-04-30,2020-04-26,4,0.0
INDOFLOODS-gauge-388-18,INDOFLOODS-gauge-388,16.0_76.0,2020-04-30,2020-04-27,3,0.0
INDOFLOODS-gauge-388-18,INDOFLOODS-gauge-388,16.0_76.0,2020-04-30,2020-04-28,2,0.0
INDOFLOODS-gauge-388-18,INDOFLOODS-gauge-388,16.0_76.0,2020-04-30,2020-04-29,1,1.643
INDOFLOODS-gauge-388-18,INDOFLOODS-gauge-388,16.0_76.0,2020-04-30,2020-04-30,0,0.45
INDOFLOODS-gauge-388-2,INDOFLOODS-gauge-388,16.0_76.0,2019-07-14,2019-07-09,5,0.647
INDOFLOODS-gauge-388-2,INDOFLOODS-gauge-388,16.0_76.0,2019-07-14,2019-07-10,4,0.664
INDOFLOODS-gauge-388-2,INDOFLOODS-gauge-388,16.0_76.0,2019-07-14,2019-07-11,3,1.799
INDOFLOODS-gauge-388-2,INDOFLOODS-gauge-388,16.0_76.0,2019-07-14,2019-07-12,2,1.333
INDOFLOODS-gauge-388-2,INDOFLOODS-gauge-388,16.0_76.0,2019-07-14,2019-07-13,1,1.099
INDOFLOODS-gauge-388-2,INDOFLOODS-gauge-388,16.0_76.0,2019-07-14,2019-07-14,0,0.271
INDOFLOODS-gauge-388-3,INDOFLOODS-gauge-388,16.0_76.0,2019-07-23,2019-07-18,5,2.425
INDOFLOODS-gauge-388-3,INDOFLOODS-gauge-388,16.0_76.0,2019-07-23,2019-07-19,4,6.283
INDOFLOODS-gauge-388-3,INDOFLOODS-gauge-388,16.0_76.0,2019-07-23,2019-07-20,3,6.983
INDOFLOODS-gauge-388-3,INDOFLOODS-gauge-388,16.0_76.0,2019-07-23,2019-07-21,2,4.18
INDOFLOODS-gauge-388-3,INDOFLOODS-gauge-388,16.0_76.0,2019-07-23,2019-07-22,1,0.96
INDOFLOODS-gauge-388-3,INDOFLOODS-gauge-388,16.0_76.0,2019-07-23,2019-07-23,0,3.706
INDOFLOODS-gauge-388-4,INDOFLOODS-gauge-388,16.0_76.0,2019-08-03,2019-07-29,5,1.819
INDOFLOODS-gauge-388-4,INDOFLOODS-gauge-388,16.0_76.0,2019-08-03,2019-07-30,4,6.275
INDOFLOODS-gauge-388-4,INDOFLOODS-gauge-388,16.0_76.0,2019-08-03,2019-07-31,3,2.408
INDOFLOODS-gauge-388-4,INDOFLOODS-gauge-388,16.0_76.0,2019-08-03,2019-08-01,2,2.594
INDOFLOODS-gauge-388-4,INDOFLOODS-gauge-388,16.0_76.0,2019-08-03,2019-08-02,1,3.627
INDOFLOODS-gauge-388-4,INDOFLOODS-gauge-388,16.0_76.0,2019-08-03,2019-08-03,0,5.065
INDOFLOODS-gauge-388-5,INDOFLOODS-gauge-388,16.0_76.0,2019-08-07,2019-08-02,5,3.627
INDOFLOODS-gauge-388-5,INDOFLOODS-gauge-388,16.0_76.0,2019-08-07,2019-08-03,4,5.065
INDOFLOODS-gauge-388-5,INDOFLOODS-gauge-388,16.0_76.0,2019-08-07,2019-08-04,3,5.289
INDOFLOODS-gauge-388-5,INDOFLOODS-gauge-388,16.0_76.0,2019-08-07,2019-08-05,2,3.223
INDOFLOODS-gauge-388-5,INDOFLOODS-gauge-388,16.0_76.0,2019-08-07,2019-08-06,1,8.619
INDOFLOODS-gauge-388-5,INDOFLOODS-gauge-388,16.0_76.0,2019-08-07,2019-08-07,0,5.299
INDOFLOODS-gauge-388-6,INDOFLOODS-gauge-388,16.0_76.0,2019-08-13,2019-08-08,5,6.057
INDOFLOODS-gauge-388-6,INDOFLOODS-gauge-388,16.0_76.0,2019-08-13,2019-08-09,4,6.062
INDOFLOODS-gauge-388-6,INDOFLOODS-gauge-388,16.0_76.0,2019-08-13,2019-08-10,3,7.794
INDOFLOODS-gauge-388-6,INDOFLOODS-gauge-388,16.0_76.0,2019-08-13,2019-08-11,2,0.974
INDOFLOODS-gauge-388-6,INDOFLOODS-gauge-388,16.0_76.0,2019-08-13,2019-08-12,1,0.198
INDOFLOODS-gauge-388-6,INDOFLOODS-gauge-388,16.0_76.0,2019-08-13,2019-08-13,0,0.416
INDOFLOODS-gauge-388-7,INDOFLOODS-gauge-388,16.0_76.0,2019-09-22,2019-09-17,5,6.58
INDOFLOODS-gauge-388-7,INDOFLOODS-gauge-388,16.0_76.0,2019-09-22,2019-09-18,4,23.186
INDOFLOODS-gauge-388-7,INDOFLOODS-gauge-388,16.0_76.0,2019-09-22,2019-09-19,3,16.67
INDOFLOODS-gauge-388-7,INDOFLOODS-gauge-388,16.0_76.0,2019-09-22,2019-09-20,2,26.377
INDOFLOODS-gauge-388-7,INDOFLOODS-gauge-388,16.0_76.0,2019-09-22,2019-09-21,1,0.0
INDOFLOODS-gauge-388-7,INDOFLOODS-gauge-388,16.0_76.0,2019-09-22,2019-09-22,0,0.0
INDOFLOODS-gauge-388-8,INDOFLOODS-gauge-388,16.0_76.0,2019-09-28,2019-09-23,5,0.0
INDOFLOODS-gauge-388-8,INDOFLOODS-gauge-388,16.0_76.0,2019-09-28,2019-09-24,4,24.457
INDOFLOODS-gauge-388-8,INDOFLOODS-gauge-388,16.0_76.0,2019-09-28,2019-09-25,3,27.362
INDOFLOODS-gauge-388-8,INDOFLOODS-gauge-388,16.0_76.0,2019-09-28,2019-09-26,2,21.218
INDOFLOODS-gauge-388-8,INDOFLOODS-gauge-388,16.0_76.0,2019-09-28,2019-09-27,1,4.334
INDOFLOODS-gauge-388-8,INDOFLOODS-gauge-388,16.0_76.0,2019-09-28,2019-09-28,0,1.524
INDOFLOODS-gauge-388-9,INDOFLOODS-gauge-388,16.0_76.0,2019-10-03,2019-09-28,5,1.524
INDOFLOODS-gauge-388-9,INDOFLOODS-gauge-388,16.0_76.0,2019-10-03,2019-09-29,4,0.591
INDOFLOODS-gauge-388-9,INDOFLOODS-gauge-388,16.0_76.0,2019-10-03,2019-09-30,3,1.908
INDOFLOODS-gauge-388-9,INDOFLOODS-gauge-388,16.0_76.0,2019-10-03,2019-10-01,2,1.354
INDOFLOODS-gauge-388-9,INDOFLOODS-gauge-388,16.0_76.0,2019-10-03,2019-10-02,1,2.974
INDOFLOODS-gauge-388-9,INDOFLOODS-gauge-388,16.0_76.0,2019-10-03,2019-10-03,0,1.643
INDOFLOODS-gauge-394-400,INDOFLOODS-gauge-394,12.0_77.0,2015-06-27,2015-06-22,5,0.326
INDOFLOODS-gauge-394-400,INDOFLOODS-gauge-394,12.0_77.0,2015-06-27,2015-06-23,4,0.27
INDOFLOODS-gauge-394-400,INDOFLOODS-gauge-394,12.0_77.0,2015-06-27,2015-06-24,3,0.585
INDOFLOODS-gauge-394-400,INDOFLOODS-gauge-394,12.0_77.0,2015-06-27,2015-06-25,2,0.088
INDOFLOODS-gauge-394-400,INDOFLOODS-gauge-394,12.0_77.0,2015-06-27,2015-06-26,1,0.154
INDOFLOODS-gauge-394-400,INDOFLOODS-gauge-394,12.0_77.0,2015-06-27,2015-06-27,0,0.048
INDOFLOODS-gauge-394-401,INDOFLOODS-gauge-394,12.0_77.0,2015-07-01,2015-06-26,5,0.154
INDOFLOODS-gauge-394-401,INDOFLOODS-gauge-394,12.0_77.0,2015-07-01,2015-06-27,4,0.048
INDOFLOODS-gauge-394-401,INDOFLOODS-gauge-394,12.0_77.0,2015-07-01,2015-06-28,3,0.0
INDOFLOODS-gauge-394-401,INDOFLOODS-gauge-394,12.0_77.0,2015-07-01,2015-06-29,2,0.0
INDOFLOODS-gauge-394-401,INDOFLOODS-gauge-394,12.0_77.0,2015-07-01,2015-06-30,1,5.666
INDOFLOODS-gauge-394-401,INDOFLOODS-gauge-394,12.0_77.0,2015-07-01,2015-07-01,0,0.0
INDOFLOODS-gauge-394-402,INDOFLOODS-gauge-394,12.0_77.0,2015-07-21,2015-07-16,5,0.175
INDOFLOODS-gauge-394-402,INDOFLOODS-gauge-394,12.0_77.0,2015-07-21,2015-07-17,4,0.049
INDOFLOODS-gauge-394-402,INDOFLOODS-gauge-394,12.0_77.0,2015-07-21,2015-07-18,3,1.74
INDOFLOODS-gauge-394-402,INDOFLOODS-gauge-394,12.0_77.0,2015-07-21,2015-07-19,2,0.371
INDOFLOODS-gauge-394-402,INDOFLOODS-gauge-394,12.0_77.0,2015-07-21,2015-07-20,1,2.767
INDOFLOODS-gauge-394-402,INDOFLOODS-gauge-394,12.0_77.0,2015-07-21,2015-07-21,0,3.091
INDOFLOODS-gauge-394-403,INDOFLOODS-gauge-394,12.0_77.0,2015-07-25,2015-07-20,5,2.767
INDOFLOODS-gauge-394-403,INDOFLOODS-gauge-394,12.0_77.0,2015-07-25,2015-07-21,4,3.091
INDOFLOODS-gauge-394-403,INDOFLOODS-gauge-394,12.0_77.0,2015-07-25,2015-07-22,3,0.387
INDOFLOODS-gauge-394-403,INDOFLOODS-gauge-394,12.0_77.0,2015-07-25,2015-07-23,2,4.236
INDOFLOODS-gauge-394-403,INDOFLOODS-gauge-394,12.0_77.0,2015-07-25,2015-07-24,1,0.014
INDOFLOODS-gauge-394-403,INDOFLOODS-gauge-394,12.0_77.0,2015-07-25,2015-07-25,0,0.0
INDOFLOODS-gauge-394-404,INDOFLOODS-gauge-394,12.0_77.0,2015-07-28,2015-07-23,5,4.236
INDOFLOODS-gauge-394-404,INDOFLOODS-gauge-394,12.0_77.0,2015-07-28,2015-07-24,4,0.014
INDOFLOODS-gauge-394-404,INDOFLOODS-gauge-394,12.0_77.0,2015-07-28,2015-07-25,3,0.0
INDOFLOODS-gauge-394-404,INDOFLOODS-gauge-394,12.0_77.0,2015-07-28,2015-07-26,2,0.367
INDOFLOODS-gauge-394-404,INDOFLOODS-gauge-394,12.0_77.0,2015-07-28,2015-07-27,1,0.675
INDOFLOODS-gauge-394-404,INDOFLOODS-gauge-394,12.0_77.0,2015-07-28,2015-07-28,0,0.007
INDOFLOODS-gauge-394-405,INDOFLOODS-gauge-394,12.0_77.0,2015-08-20,2015-08-15,5,0.782
INDOFLOODS-gauge-394-405,INDOFLOODS-gauge-394,12.0_77.0,2015-08-20,2015-08-16,4,7.966
INDOFLOODS-gauge-394-405,INDOFLOODS-gauge-394,12.0_77.0,2015-08-20,2015-08-17,3,39.205
INDOFLOODS-gauge-394-405,INDOFLOODS-gauge-394,12.0_77.0,2015-08-20,2015-08-18,2,4.259
INDOFLOODS-gauge-394-405,INDOFLOODS-gauge-394,12.0_77.0,2015-08-20,2015-08-19,1,4.681
INDOFLOODS-gauge-394-405,INDOFLOODS-gauge-394,12.0_77.0,2015-08-20,2015-08-20,0,0.237
INDOFLOODS-gauge-394-406,INDOFLOODS-gauge-394,12.0_77.0,2015-09-26,2015-09-21,5,2.367
INDOFLOODS-gauge-394-406,INDOFLOODS-gauge-394,12.0_77.0,2015-09-26,2015-09-22,4,0.0
INDOFLOODS-gauge-394-406,INDOFLOODS-gauge-394,12.0_77.0,2015-09-26,2015-09-23,3,4.069
INDOFLOODS-gauge-394-406,INDOFLOODS-gauge-394,12.0_77.0,2015-09-26,2015-09-24,2,1.209
INDOFLOODS-gauge-394-406,INDOFLOODS-gauge-394,12.0_77.0,2015-09-26,2015-09-25,1,19.702
INDOFLOODS-gauge-394-406,INDOFLOODS-gauge-394,12.0_77.0,2015-09-26,2015-09-26,0,13.923
INDOFLOODS-gauge-394-407,INDOFLOODS-gauge-394,12.0_77.0,2015-10-06,2015-10-01,5,6.359
INDOFLOODS-gauge-394-407,INDOFLOODS-gauge-394,12.0_77.0,2015-10-06,2015-10-02,4,18.275
INDOFLOODS-gauge-394-407,INDOFLOODS-gauge-394,12.0_77.0,2015-10-06,2015-10-03,3,0.061
INDOFLOODS-gauge-394-407,INDOFLOODS-gauge-394,12.0_77.0,2015-10-06,2015-10-04,2,10.774
INDOFLOODS-gauge-394-407,INDOFLOODS-gauge-394,12.0_77.0,2015-10-06,2015-10-05,1,17.918
INDOFLOODS-gauge-394-407,INDOFLOODS-gauge-394,12.0_77.0,2015-10-06,2015-10-06,0,21.202
INDOFLOODS-gauge-394-408,INDOFLOODS-gauge-394,12.0_77.0,2015-11-05,2015-10-31,5,4.579
INDOFLOODS-gauge-394-408,INDOFLOODS-gauge-394,12.0_77.0,2015-11-05,2015-11-01,4,0.876
INDOFLOODS-gauge-394-408,INDOFLOODS-gauge-394,12.0_77.0,2015-11-05,2015-11-02,3,4.224
INDOFLOODS-gauge-394-408,INDOFLOODS-gauge-394,12.0_77.0,2015-11-05,2015-11-03,2,9.839
INDOFLOODS-gauge-394-408,INDOFLOODS-gauge-394,12.0_77.0,2015-11-05,2015-11-04,1,15.655
INDOFLOODS-gauge-394-408,INDOFLOODS-gauge-394,12.0_77.0,2015-11-05,2015-11-05,0,27.129
INDOFLOODS-gauge-394-409,INDOFLOODS-gauge-394,12.0_77.0,2015-11-11,2015-11-06,5,0.612
INDOFLOODS-gauge-394-409,INDOFLOODS-gauge-394,12.0_77.0,2015-11-11,2015-11-07,4,0.0
INDOFLOODS-gauge-394-409,INDOFLOODS-gauge-394,12.0_77.0,2015-11-11,2015-11-08,3,0.16
INDOFLOODS-gauge-394-409,INDOFLOODS-gauge-394,12.0_77.0,2015-11-11,2015-11-09,2,0.0
INDOFLOODS-gauge-394-409,INDOFLOODS-gauge-394,12.0_77.0,2015-11-11,2015-11-10,1,88.116
INDOFLOODS-gauge-394-409,INDOFLOODS-gauge-394,12.0_77.0,2015-11-11,2015-11-11,0,15.128
INDOFLOODS-gauge-394-410,INDOFLOODS-gauge-394,12.0_77.0,2016-09-09,2016-09-04,5,0.0
INDOFLOODS-gauge-394-410,INDOFLOODS-gauge-394,12.0_77.0,2016-09-09,2016-09-05,4,0.184
INDOFLOODS-gauge-394-410,INDOFLOODS-gauge-394,12.0_77.0,2016-09-09,2016-09-06,3,0.0
INDOFLOODS-gauge-394-410,INDOFLOODS-gauge-394,12.0_77.0,2016-09-09,2016-09-07,2,0.232
INDOFLOODS-gauge-394-410,INDOFLOODS-gauge-394,12.0_77.0,2016-09-09,2016-09-08,1,0.0
INDOFLOODS-gauge-394-410,INDOFLOODS-gauge-394,12.0_77.0,2016-09-09,2016-09-09,0,0.0
INDOFLOODS-gauge-394-411,INDOFLOODS-gauge-394,12.0_77.0,2017-08-16,2017-08-11,5,1.878
INDOFLOODS-gauge-394-411,INDOFLOODS-gauge-394,12.0_77.0,2017-08-16,2017-08-12,4,4.548
INDOFLOODS-gauge-394-411,INDOFLOODS-gauge-394,12.0_77.0,2017-08-16,2017-08-13,3,2.51
INDOFLOODS-gauge-394-411,INDOFLOODS-gauge-394,12.0_77.0,2017-08-16,2017-08-14,2,0.586
INDOFLOODS-gauge-394-411,INDOFLOODS-gauge-394,12.0_77.0,2017-08-16,2017-08-15,1,41.451
INDOFLOODS-gauge-394-411,INDOFLOODS-gauge-394,12.0_77.0,2017-08-16,2017-08-16,0,29.766
INDOFLOODS-gauge-394-412,INDOFLOODS-gauge-394,12.0_77.0,2017-09-03,2017-08-29,5,0.28
INDOFLOODS-gauge-394-412,INDOFLOODS-gauge-394,12.0_77.0,2017-09-03,2017-08-30,4,0.916
INDOFLOODS-gauge-394-412,INDOFLOODS-gauge-394,12.0_77.0,2017-09-03,2017-08-31,3,0.415
INDOFLOODS-gauge-394-412,INDOFLOODS-gauge-394,12.0_77.0,2017-09-03,2017-09-01,2,8.192
INDOFLOODS-gauge-394-412,INDOFLOODS-gauge-394,12.0_77.0,2017-09-03,2017-09-02,1,16.234
INDOFLOODS-gauge-394-412,INDOFLOODS-gauge-394,12.0_77.0,2017-09-03,2017-09-03,0,22.687
INDOFLOODS-gauge-394-413,INDOFLOODS-gauge-394,12.0_77.0,2017-09-06,2017-09-01,5,8.192
INDOFLOODS-gauge-394-413,INDOFLOODS-gauge-394,12.0_77.0,2017-09-06,2017-09-02,4,16.234
INDOFLOODS-gauge-394-413,INDOFLOODS-gauge-394,12.0_77.0,2017-09-06,2017-09-03,3,22.687
INDOFLOODS-gauge-394-413,INDOFLOODS-gauge-394,12.0_77.0,2017-09-06,2017-09-04,2,5.573
INDOFLOODS-gauge-394-413,INDOFLOODS-gauge-394,12.0_77.0,2017-09-06,2017-09-05,1,4.451
INDOFLOODS-gauge-394-413,INDOFLOODS-gauge-394,12.0_77.0,2017-09-06,2017-09-06,0,29.959
INDOFLOODS-gauge-394-414,INDOFLOODS-gauge-394,12.0_77.0,2017-09-09,2017-09-04,5,5.573
INDOFLOODS-gauge-394-414,INDOFLOODS-gauge-394,12.0_77.0,2017-09-09,2017-09-05,4,4.451
INDOFLOODS-gauge-394-414,INDOFLOODS-gauge-394,12.0_77.0,2017-09-09,2017-09-06,3,29.959
INDOFLOODS-gauge-394-414,INDOFLOODS-gauge-394,12.0_77.0,2017-09-09,2017-09-07,2,2.008
INDOFLOODS-gauge-394-414,INDOFLOODS-gauge-394,12.0_77.0,2017-09-09,2017-09-08,1,2.362
INDOFLOODS-gauge-394-414,INDOFLOODS-gauge-394,12.0_77.0,2017-09-09,2017-09-09,0,11.028
INDOFLOODS-gauge-394-415,INDOFLOODS-gauge-394,12.0_77.0,2017-09-11,2017-09-06,5,29.959
INDOFLOODS-gauge-394-415,INDOFLOODS-gauge-394,12.0_77.0,2017-09-11,2017-09-07,4,2.008
INDOFLOODS-gauge-394-415,INDOFLOODS-gauge-394,12.0_77.0,2017-09-11,2017-09-08,3,2.362
INDOFLOODS-gauge-394-415,INDOFLOODS-gauge-394,12.0_77.0,2017-09-11,2017-09-09,2,11.028
INDOFLOODS-gauge-394-415,INDOFLOODS-gauge-394,12.0_77.0,2017-09-11,2017-09-10,1,34.721
INDOFLOODS-gauge-394-415,INDOFLOODS-gauge-394,12.0_77.0,2017-09-11,2017-09-11,0,7.193
INDOFLOODS-gauge-394-416,INDOFLOODS-gauge-394,12.0_77.0,2017-09-26,2017-09-21,5,0.009
INDOFLOODS-gauge-394-416,INDOFLOODS-gauge-394,12.0_77.0,2017-09-26,2017-09-22,4,0.054
INDOFLOODS-gauge-394-416,INDOFLOODS-gauge-394,12.0_77.0,2017-09-26,2017-09-23,3,0.242
INDOFLOODS-gauge-394-416,INDOFLOODS-gauge-394,12.0_77.0,2017-09-26,2017-09-24,2,1.024
INDOFLOODS-gauge-394-416,INDOFLOODS-gauge-394,12.0_77.0,2017-09-26,2017-09-25,1,41.696
INDOFLOODS-gauge-394-416,INDOFLOODS-gauge-394,12.0_77.0,2017-09-26,2017-09-26,0,8.255
INDOFLOODS-gauge-394-417,INDOFLOODS-gauge-394,12.0_77.0,2017-10-06,2017-10-01,5,0.637
INDOFLOODS-gauge-394-417,INDOFLOODS-gauge-394,12.0_77.0,2017-10-06,2017-10-02,4,6.859
INDOFLOODS-gauge-394-417,INDOFLOODS-gauge-394,12.0_77.0,2017-10-06,2017-10-03,3,4.497
INDOFLOODS-gauge-394-417,INDOFLOODS-gauge-394,12.0_77.0,2017-10-06,2017-10-04,2,10.23
INDOFLOODS-gauge-394-417,INDOFLOODS-gauge-394,12.0_77.0,2017-10-06,2017-10-05,1,30.101
INDOFLOODS-gauge-394-417,INDOFLOODS-gauge-394,12.0_77.0,2017-10-06,2017-10-06,0,12.177
INDOFLOODS-gauge-394-418,INDOFLOODS-gauge-394,12.0_77.0,2017-10-11,2017-10-06,5,12.177
INDOFLOODS-gauge-394-418,INDOFLOODS-gauge-394,12.0_77.0,2017-10-11,2017-10-07,4,16.952
INDOFLOODS-gauge-394-418,INDOFLOODS-gauge-394,12.0_77.0,2017-10-11,2017-10-08,3,16.042
INDOFLOODS-gauge-394-418,INDOFLOODS-gauge-394,12.0_77.0,2017-10-11,2017-10-09,2,20.593
INDOFLOODS-gauge-394-418,INDOFLOODS-gauge-394,12.0_77.0,2017-10-11,2017-10-10,1,6.134
INDOFLOODS-gauge-394-418,INDOFLOODS-gauge-394,12.0_77.0,2017-10-11,2017-10-11,0,60.767
INDOFLOODS-gauge-394-419,INDOFLOODS-gauge-394,12.0_77.0,2018-07-09,2018-07-04,5,0.0
INDOFLOODS-gauge-394-419,INDOFLOODS-gauge-394,12.0_77.0,2018-07-09,2018-07-05,4,0.0
INDOFLOODS-gauge-394-419,INDOFLOODS-gauge-394,12.0_77.0,2018-07-09,2018-07-06,3,0.0
INDOFLOODS-gauge-394-419,INDOFLOODS-gauge-394,12.0_77.0,2018-07-09,2018-07-07,2,0.007
INDOFLOODS-gauge-394-419,INDOFLOODS-gauge-394,12.0_77.0,2018-07-09,2018-07-08,1,0.092
INDOFLOODS-gauge-394-419,INDOFLOODS-gauge-394,12.0_77.0,2018-07-09,2018-07-09,0,0.574
INDOFLOODS-gauge-395-8,INDOFLOODS-gauge-395,16.0_74.0,2017-07-24,2017-07-19,5,37.431
INDOFLOODS-gauge-395-8,INDOFLOODS-gauge-395,16.0_74.0,2017-07-24,2017-07-20,4,48.821
INDOFLOODS-gauge-395-8,INDOFLOODS-gauge-395,16.0_74.0,2017-07-24,2017-07-21,3,26.513
INDOFLOODS-gauge-395-8,INDOFLOODS-gauge-395,16.0_74.0,2017-07-24,2017-07-22,2,18.654
INDOFLOODS-gauge-395-8,INDOFLOODS-gauge-395,16.0_74.0,2017-07-24,2017-07-23,1,7.694
INDOFLOODS-gauge-395-8,INDOFLOODS-gauge-395,16.0_74.0,2017-07-24,2017-07-24,0,8.012
INDOFLOODS-gauge-395-9,INDOFLOODS-gauge-395,16.0_74.0,2019-08-06,2019-08-01,5,33.054
INDOFLOODS-gauge-395-9,INDOFLOODS-gauge-395,16.0_74.0,2019-08-06,2019-08-02,4,25.129
INDOFLOODS-gauge-395-9,INDOFLOODS-gauge-395,16.0_74.0,2019-08-06,2019-08-03,3,35.316
INDOFLOODS-gauge-395-9,INDOFLOODS-gauge-395,16.0_74.0,2019-08-06,2019-08-04,2,48.591
INDOFLOODS-gauge-395-9,INDOFLOODS-gauge-395,16.0_74.0,2019-08-06,2019-08-05,1,52.193
INDOFLOODS-gauge-395-9,INDOFLOODS-gauge-395,16.0_74.0,2019-08-06,2019-08-06,0,96.93
INDOFLOODS-gauge-396-118,INDOFLOODS-gauge-396,13.0_74.0,2015-07-10,2015-07-05,5,7.042
INDOFLOODS-gauge-396-118,INDOFLOODS-gauge-396,13.0_74.0,2015-07-10,2015-07-06,4,4.157
INDOFLOODS-gauge-396-118,INDOFLOODS-gauge-396,13.0_74.0,2015-07-10,2015-07-07,3,5.763
INDOFLOODS-gauge-396-118,INDOFLOODS-gauge-396,13.0_74.0,2015-07-10,2015-07-08,2,21.159
INDOFLOODS-gauge-396-118,INDOFLOODS-gauge-396,13.0_74.0,2015-07-10,2015-07-09,1,49.33
INDOFLOODS-gauge-396-118,INDOFLOODS-gauge-396,13.0_74.0,2015-07-10,2015-07-10,0,200.832
INDOFLOODS-gauge-396-119,INDOFLOODS-gauge-396,13.0_74.0,2015-07-18,2015-07-13,5,47.122
INDOFLOODS-gauge-396-119,INDOFLOODS-gauge-396,13.0_74.0,2015-07-18,2015-07-14,4,9.323
INDOFLOODS-gauge-396-119,INDOFLOODS-gauge-396,13.0_74.0,2015-07-18,2015-07-15,3,69.362
INDOFLOODS-gauge-396-119,INDOFLOODS-gauge-396,13.0_74.0,2015-07-18,2015-07-16,2,61.917
INDOFLOODS-gauge-396-119,INDOFLOODS-gauge-396,13.0_74.0,2015-07-18,2015-07-17,1,15.322
INDOFLOODS-gauge-396-119,INDOFLOODS-gauge-396,13.0_74.0,2015-07-18,2015-07-18,0,59.466
INDOFLOODS-gauge-396-120,INDOFLOODS-gauge-396,13.0_74.0,2016-06-29,2016-06-24,5,47.06
INDOFLOODS-gauge-396-120,INDOFLOODS-gauge-396,13.0_74.0,2016-06-29,2016-06-25,4,48.306
INDOFLOODS-gauge-396-120,INDOFLOODS-gauge-396,13.0_74.0,2016-06-29,2016-06-26,3,38.327
INDOFLOODS-gauge-396-120,INDOFLOODS-gauge-396,13.0_74.0,2016-06-29,2016-06-27,2,64.192
INDOFLOODS-gauge-396-120,INDOFLOODS-gauge-396,13.0_74.0,2016-06-29,2016-06-28,1,103.519
INDOFLOODS-gauge-396-120,INDOFLOODS-gauge-396,13.0_74.0,2016-06-29,2016-06-29,0,84.3
INDOFLOODS-gauge-396-121,INDOFLOODS-gauge-396,13.0_74.0,2016-07-04,2016-06-29,5,84.3
INDOFLOODS-gauge-396-121,INDOFLOODS-gauge-396,13.0_74.0,2016-07-04,2016-06-30,4,68.802
INDOFLOODS-gauge-396-121,INDOFLOODS-gauge-396,13.0_74.0,2016-07-04,2016-07-01,3,30.037
INDOFLOODS-gauge-396-121,INDOFLOODS-gauge-396,13.0_74.0,2016-07-04,2016-07-02,2,38.947
INDOFLOODS-gauge-396-121,INDOFLOODS-gauge-396,13.0_74.0,2016-07-04,2016-07-03,1,67.749
INDOFLOODS-gauge-396-121,INDOFLOODS-gauge-396,13.0_74.0,2016-07-04,2016-07-04,0,76.368
INDOFLOODS-gauge-396-122,INDOFLOODS-gauge-396,13.0_74.0,2016-07-11,2016-07-06,5,43.959
INDOFLOODS-gauge-396-122,INDOFLOODS-gauge-396,13.0_74.0,2016-07-11,2016-07-07,4,48.782
INDOFLOODS-gauge-396-122,INDOFLOODS-gauge-396,13.0_74.0,2016-07-11,2016-07-08,3,16.283
INDOFLOODS-gauge-396-122,INDOFLOODS-gauge-396,13.0_74.0,2016-07-11,2016-07-09,2,10.943
INDOFLOODS-gauge-396-122,INDOFLOODS-gauge-396,13.0_74.0,2016-07-11,2016-07-10,1,35.159
INDOFLOODS-gauge-396-122,INDOFLOODS-gauge-396,13.0_74.0,2016-07-11,2016-07-11,0,50.946
INDOFLOODS-gauge-396-123,INDOFLOODS-gauge-396,13.0_74.0,2016-07-16,2016-07-11,5,50.946
INDOFLOODS-gauge-396-123,INDOFLOODS-gauge-396,13.0_74.0,2016-07-16,2016-07-12,4,20.813
INDOFLOODS-gauge-396-123,INDOFLOODS-gauge-396,13.0_74.0,2016-07-16,2016-07-13,3,12.941
INDOFLOODS-gauge-396-123,INDOFLOODS-gauge-396,13.0_74.0,2016-07-16,2016-07-14,2,27.546
INDOFLOODS-gauge-396-123,INDOFLOODS-gauge-396,13.0_74.0,2016-07-16,2016-07-15,1,7.501
INDOFLOODS-gauge-396-123,INDOFLOODS-gauge-396,13.0_74.0,2016-07-16,2016-07-16,0,50.466
INDOFLOODS-gauge-396-124,INDOFLOODS-gauge-396,13.0_74.0,2017-06-26,2017-06-21,5,20.52
INDOFLOODS-gauge-396-124,INDOFLOODS-gauge-396,13.0_74.0,2017-06-26,2017-06-22,4,8.54
INDOFLOODS-gauge-396-124,INDOFLOODS-gauge-396,13.0_74.0,2017-06-26,2017-06-23,3,12.866
INDOFLOODS-gauge-396-124,INDOFLOODS-gauge-396,13.0_74.0,2017-06-26,2017-06-24,2,46.476
INDOFLOODS-gauge-396-124,INDOFLOODS-gauge-396,13.0_74.0,2017-06-26,2017-06-25,1,99.516
INDOFLOODS-gauge-396-124,INDOFLOODS-gauge-396,13.0_74.0,2017-06-26,2017-06-26,0,80.443
INDOFLOODS-gauge-396-125,INDOFLOODS-gauge-396,13.0_74.0,2017-07-20,2017-07-15,5,59.762
INDOFLOODS-gauge-396-125,INDOFLOODS-gauge-396,13.0_74.0,2017-07-20,2017-07-16,4,37.673
INDOFLOODS-gauge-396-125,INDOFLOODS-gauge-396,13.0_74.0,2017-07-20,2017-07-17,3,19.134
INDOFLOODS-gauge-396-125,INDOFLOODS-gauge-396,13.0_74.0,2017-07-20,2017-07-18,2,35.624
INDOFLOODS-gauge-396-125,INDOFLOODS-gauge-396,13.0_74.0,2017-07-20,2017-07-19,1,66.666
INDOFLOODS-gauge-396-125,INDOFLOODS-gauge-396,13.0_74.0,2017-07-20,2017-07-20,0,75.838
INDOFLOODS-gauge-396-126,INDOFLOODS-gauge-396,13.0_74.0,2017-08-04,2017-07-30,5,9.379
INDOFLOODS-gauge-396-126,INDOFLOODS-gauge-396,13.0_74.0,2017-08-04,2017-07-31,4,14.459
INDOFLOODS-gauge-396-126,INDOFLOODS-gauge-396,13.0_74.0,2017-08-04,2017-08-01,3,16.14
INDOFLOODS-gauge-396-126,INDOFLOODS-gauge-396,13.0_74.0,2017-08-04,2017-08-02,2,1.311
INDOFLOODS-gauge-396-126,INDOFLOODS-gauge-396,13.0_74.0,2017-08-04,2017-08-03,1,11.544
INDOFLOODS-gauge-396-126,INDOFLOODS-gauge-396,13.0_74.0,2017-08-04,2017-08-04,0,71.586
INDOFLOODS-gauge-396-127,INDOFLOODS-gauge-396,13.0_74.0,2018-07-06,2018-07-01,5,1.747
INDOFLOODS-gauge-396-127,INDOFLOODS-gauge-396,13.0_74.0,2018-07-06,2018-07-02,4,9.73
INDOFLOODS-gauge-396-127,INDOFLOODS-gauge-396,13.0_74.0,2018-07-06,2018-07-03,3,18.438
INDOFLOODS-gauge-396-127,INDOFLOODS-gauge-396,13.0_74.0,2018-07-06,2018-07-04,2,17.153
INDOFLOODS-gauge-396-127,INDOFLOODS-gauge-396,13.0_74.0,2018-07-06,2018-07-05,1,11.894
INDOFLOODS-gauge-396-127,INDOFLOODS-gauge-396,13.0_74.0,2018-07-06,2018-07-06,0,56.809
INDOFLOODS-gauge-396-128,INDOFLOODS-gauge-396,13.0_74.0,2018-07-11,2018-07-06,5,56.809
INDOFLOODS-gauge-396-128,INDOFLOODS-gauge-396,13.0_74.0,2018-07-11,2018-07-07,4,166.557
INDOFLOODS-gauge-396-128,INDOFLOODS-gauge-396,13.0_74.0,2018-07-11,2018-07-08,3,112.722
INDOFLOODS-gauge-396-128,INDOFLOODS-gauge-396,13.0_74.0,2018-07-11,2018-07-09,2,30.467
INDOFLOODS-gauge-396-128,INDOFLOODS-gauge-396,13.0_74.0,2018-07-11,2018-07-10,1,29.561
INDOFLOODS-gauge-396-128,INDOFLOODS-gauge-396,13.0_74.0,2018-07-11,2018-07-11,0,37.109
INDOFLOODS-gauge-396-129,INDOFLOODS-gauge-396,13.0_74.0,2018-07-13,2018-07-08,5,112.722
INDOFLOODS-gauge-396-129,INDOFLOODS-gauge-396,13.0_74.0,2018-07-13,2018-07-09,4,30.467
INDOFLOODS-gauge-396-129,INDOFLOODS-gauge-396,13.0_74.0,2018-07-13,2018-07-10,3,29.561
INDOFLOODS-gauge-396-129,INDOFLOODS-gauge-396,13.0_74.0,2018-07-13,2018-07-11,2,37.109
INDOFLOODS-gauge-396-129,INDOFLOODS-gauge-396,13.0_74.0,2018-07-13,2018-07-12,1,46.839
INDOFLOODS-gauge-396-129,INDOFLOODS-gauge-396,13.0_74.0,2018-07-13,2018-07-13,0,50.559
INDOFLOODS-gauge-396-130,INDOFLOODS-gauge-396,13.0_74.0,2018-07-18,2018-07-13,5,50.559
INDOFLOODS-gauge-396-130,INDOFLOODS-gauge-396,13.0_74.0,2018-07-18,2018-07-14,4,49.891
INDOFLOODS-gauge-396-130,INDOFLOODS-gauge-396,13.0_74.0,2018-07-18,2018-07-15,3,25.636
INDOFLOODS-gauge-396-130,INDOFLOODS-gauge-396,13.0_74.0,2018-07-18,2018-07-16,2,18.097
INDOFLOODS-gauge-396-130,INDOFLOODS-gauge-396,13.0_74.0,2018-07-18,2018-07-17,1,33.54
INDOFLOODS-gauge-396-130,INDOFLOODS-gauge-396,13.0_74.0,2018-07-18,2018-07-18,0,55.986
INDOFLOODS-gauge-396-131,INDOFLOODS-gauge-396,13.0_74.0,2019-08-05,2019-07-31,5,12.35
INDOFLOODS-gauge-396-131,INDOFLOODS-gauge-396,13.0_74.0,2019-08-05,2019-08-01,4,10.289
INDOFLOODS-gauge-396-131,INDOFLOODS-gauge-396,13.0_74.0,2019-08-05,2019-08-02,3,16.893
INDOFLOODS-gauge-396-131,INDOFLOODS-gauge-396,13.0_74.0,2019-08-05,2019-08-03,2,16.828
INDOFLOODS-gauge-396-131,INDOFLOODS-gauge-396,13.0_74.0,2019-08-05,2019-08-04,1,24.348
INDOFLOODS-gauge-396-131,INDOFLOODS-gauge-396,13.0_74.0,2019-08-05,2019-08-05,0,59.141
INDOFLOODS-gauge-397-75,INDOFLOODS-gauge-397,16.0_74.0,2016-07-13,2016-07-08,5,2.729
INDOFLOODS-gauge-397-75,INDOFLOODS-gauge-397,16.0_74.0,2016-07-13,2016-07-09,4,5.225
INDOFLOODS-gauge-397-75,INDOFLOODS-gauge-397,16.0_74.0,2016-07-13,2016-07-10,3,57.951
INDOFLOODS-gauge-397-75,INDOFLOODS-gauge-397,16.0_74.0,2016-07-13,2016-07-11,2,49.192
INDOFLOODS-gauge-397-75,INDOFLOODS-gauge-397,16.0_74.0,2016-07-13,2016-07-12,1,80.247
INDOFLOODS-gauge-397-75,INDOFLOODS-gauge-397,16.0_74.0,2016-07-13,2016-07-13,0,44.029
INDOFLOODS-gauge-397-76,INDOFLOODS-gauge-397,16.0_74.0,2016-08-07,2016-08-02,5,38.175
INDOFLOODS-gauge-397-76,INDOFLOODS-gauge-397,16.0_74.0,2016-08-07,2016-08-03,4,21.747
INDOFLOODS-gauge-397-76,INDOFLOODS-gauge-397,16.0_74.0,2016-08-07,2016-08-04,3,32.173
INDOFLOODS-gauge-397-76,INDOFLOODS-gauge-397,16.0_74.0,2016-08-07,2016-08-05,2,27.87
INDOFLOODS-gauge-397-76,INDOFLOODS-gauge-397,16.0_74.0,2016-08-07,2016-08-06,1,46.284
INDOFLOODS-gauge-397-76,INDOFLOODS-gauge-397,16.0_74.0,2016-08-07,2016-08-07,0,12.951
INDOFLOODS-gauge-397-77,INDOFLOODS-gauge-397,16.0_74.0,2018-07-17,2018-07-12,5,22.809
INDOFLOODS-gauge-397-77,INDOFLOODS-gauge-397,16.0_74.0,2018-07-17,2018-07-13,4,31.208
INDOFLOODS-gauge-397-77,INDOFLOODS-gauge-397,16.0_74.0,2018-07-17,2018-07-14,3,17.061
INDOFLOODS-gauge-397-77,INDOFLOODS-gauge-397,16.0_74.0,2018-07-17,2018-07-15,2,20.909
INDOFLOODS-gauge-397-77,INDOFLOODS-gauge-397,16.0_74.0,2018-07-17,2018-07-16,1,32.215
INDOFLOODS-gauge-397-77,INDOFLOODS-gauge-397,16.0_74.0,2018-07-17,2018-07-17,0,44.469
INDOFLOODS-gauge-397-78,INDOFLOODS-gauge-397,16.0_74.0,2019-08-02,2019-07-28,5,16.563
INDOFLOODS-gauge-397-78,INDOFLOODS-gauge-397,16.0_74.0,2019-08-02,2019-07-29,4,13.131
INDOFLOODS-gauge-397-78,INDOFLOODS-gauge-397,16.0_74.0,2019-08-02,2019-07-30,3,54.704
INDOFLOODS-gauge-397-78,INDOFLOODS-gauge-397,16.0_74.0,2019-08-02,2019-07-31,2,31.588
INDOFLOODS-gauge-397-78,INDOFLOODS-gauge-397,16.0_74.0,2019-08-02,2019-08-01,1,33.054
INDOFLOODS-gauge-397-78,INDOFLOODS-gauge-397,16.0_74.0,2019-08-02,2019-08-02,0,25.129
INDOFLOODS-gauge-399-1,INDOFLOODS-gauge-399,11.0_76.0,2019-08-08,2019-08-03,5,6.014
INDOFLOODS-gauge-399-1,INDOFLOODS-gauge-399,11.0_76.0,2019-08-08,2019-08-04,4,6.773
INDOFLOODS-gauge-399-1,INDOFLOODS-gauge-399,11.0_76.0,2019-08-08,2019-08-05,3,38.814
INDOFLOODS-gauge-399-1,INDOFLOODS-gauge-399,11.0_76.0,2019-08-08,2019-08-06,2,23.986
INDOFLOODS-gauge-399-1,INDOFLOODS-gauge-399,11.0_76.0,2019-08-08,2019-08-07,1,69.039
INDOFLOODS-gauge-399-1,INDOFLOODS-gauge-399,11.0_76.0,2019-08-08,2019-08-08,0,89.38
INDOFLOODS-gauge-403-10,INDOFLOODS-gauge-403,11.0_75.0,2019-08-08,2019-08-03,5,8.459
INDOFLOODS-gauge-403-10,INDOFLOODS-gauge-403,11.0_75.0,2019-08-08,2019-08-04,4,7.318
INDOFLOODS-gauge-403-10,INDOFLOODS-gauge-403,11.0_75.0,2019-08-08,2019-08-05,3,52.155
INDOFLOODS-gauge-403-10,INDOFLOODS-gauge-403,11.0_75.0,2019-08-08,2019-08-06,2,41.653
INDOFLOODS-gauge-403-10,INDOFLOODS-gauge-403,11.0_75.0,2019-08-08,2019-08-07,1,97.852
INDOFLOODS-gauge-403-10,INDOFLOODS-gauge-403,11.0_75.0,2019-08-08,2019-08-08,0,81.209
INDOFLOODS-gauge-403-8,INDOFLOODS-gauge-403,11.0_75.0,2018-08-09,2018-08-04,5,6.77
INDOFLOODS-gauge-403-8,INDOFLOODS-gauge-403,11.0_75.0,2018-08-09,2018-08-05,4,3.906
INDOFLOODS-gauge-403-8,INDOFLOODS-gauge-403,11.0_75.0,2018-08-09,2018-08-06,3,5.053
INDOFLOODS-gauge-403-8,INDOFLOODS-gauge-403,11.0_75.0,2018-08-09,2018-08-07,2,11.87
INDOFLOODS-gauge-403-8,INDOFLOODS-gauge-403,11.0_75.0,2018-08-09,2018-08-08,1,60.888
INDOFLOODS-gauge-403-8,INDOFLOODS-gauge-403,11.0_75.0,2018-08-09,2018-08-09,0,56.975
INDOFLOODS-gauge-403-9,INDOFLOODS-gauge-403,11.0_75.0,2018-08-14,2018-08-09,5,56.975
INDOFLOODS-gauge-403-9,INDOFLOODS-gauge-403,11.0_75.0,2018-08-14,2018-08-10,4,20.817
INDOFLOODS-gauge-403-9,INDOFLOODS-gauge-403,11.0_75.0,2018-08-14,2018-08-11,3,21.414
INDOFLOODS-gauge-403-9,INDOFLOODS-gauge-403,11.0_75.0,2018-08-14,2018-08-12,2,27.497
INDOFLOODS-gauge-403-9,INDOFLOODS-gauge-403,11.0_75.0,2018-08-14,2018-08-13,1,54.141
INDOFLOODS-gauge-403-9,INDOFLOODS-gauge-403,11.0_75.0,2018-08-14,2018-08-14,0,65.245
INDOFLOODS-gauge-404-1,INDOFLOODS-gauge-404,11.0_76.0,2019-08-08,2019-08-03,5,6.014
INDOFLOODS-gauge-404-1,INDOFLOODS-gauge-404,11.0_76.0,2019-08-08,2019-08-04,4,6.773
INDOFLOODS-gauge-404-1,INDOFLOODS-gauge-404,11.0_76.0,2019-08-08,2019-08-05,3,38.814
INDOFLOODS-gauge-404-1,INDOFLOODS-gauge-404,11.0_76.0,2019-08-08,2019-08-06,2,23.986
INDOFLOODS-gauge-404-1,INDOFLOODS-gauge-404,11.0_76.0,2019-08-08,2019-08-07,1,69.039
INDOFLOODS-gauge-404-1,INDOFLOODS-gauge-404,11.0_76.0,2019-08-08,2019-08-08,0,89.38
INDOFLOODS-gauge-406-1,INDOFLOODS-gauge-406,11.0_76.0,2019-08-04,2019-07-30,5,3.315
INDOFLOODS-gauge-406-1,INDOFLOODS-gauge-406,11.0_76.0,2019-08-04,2019-07-31,4,0.545
INDOFLOODS-gauge-406-1,INDOFLOODS-gauge-406,11.0_76.0,2019-08-04,2019-08-01,3,0.372
INDOFLOODS-gauge-406-1,INDOFLOODS-gauge-406,11.0_76.0,2019-08-04,2019-08-02,2,0.863
INDOFLOODS-gauge-406-1,INDOFLOODS-gauge-406,11.0_76.0,2019-08-04,2019-08-03,1,6.014
INDOFLOODS-gauge-406-1,INDOFLOODS-gauge-406,11.0_76.0,2019-08-04,2019-08-04,0,6.773
INDOFLOODS-gauge-406-2,INDOFLOODS-gauge-406,11.0_76.0,2019-08-06,2019-08-01,5,0.372
INDOFLOODS-gauge-406-2,INDOFLOODS-gauge-406,11.0_76.0,2019-08-06,2019-08-02,4,0.863
INDOFLOODS-gauge-406-2,INDOFLOODS-gauge-406,11.0_76.0,2019-08-06,2019-08-03,3,6.014
INDOFLOODS-gauge-406-2,INDOFLOODS-gauge-406,11.0_76.0,2019-08-06,2019-08-04,2,6.773
INDOFLOODS-gauge-406-2,INDOFLOODS-gauge-406,11.0_76.0,2019-08-06,2019-08-05,1,38.814
INDOFLOODS-gauge-406-2,INDOFLOODS-gauge-406,11.0_76.0,2019-08-06,2019-08-06,0,23.986
INDOFLOODS-gauge-407-4,INDOFLOODS-gauge-407,12.0_75.0,2018-07-07,2018-07-02,5,6.782
INDOFLOODS-gauge-407-4,INDOFLOODS-gauge-407,12.0_75.0,2018-07-07,2018-07-03,4,7.351
INDOFLOODS-gauge-407-4,INDOFLOODS-gauge-407,12.0_75.0,2018-07-07,2018-07-04,3,8.289
INDOFLOODS-gauge-407-4,INDOFLOODS-gauge-407,12.0_75.0,2018-07-07,2018-07-05,2,4.708
INDOFLOODS-gauge-407-4,INDOFLOODS-gauge-407,12.0_75.0,2018-07-07,2018-07-06,1,8.576
INDOFLOODS-gauge-407-4,INDOFLOODS-gauge-407,12.0_75.0,2018-07-07,2018-07-07,0,103.119
INDOFLOODS-gauge-407-5,INDOFLOODS-gauge-407,12.0_75.0,2019-08-06,2019-08-01,5,3.629
INDOFLOODS-gauge-407-5,INDOFLOODS-gauge-407,12.0_75.0,2019-08-06,2019-08-02,4,5.257
INDOFLOODS-gauge-407-5,INDOFLOODS-gauge-407,12.0_75.0,2019-08-06,2019-08-03,3,14.388
INDOFLOODS-gauge-407-5,INDOFLOODS-gauge-407,12.0_75.0,2019-08-06,2019-08-04,2,39.54
INDOFLOODS-gauge-407-5,INDOFLOODS-gauge-407,12.0_75.0,2019-08-06,2019-08-05,1,52.669
INDOFLOODS-gauge-407-5,INDOFLOODS-gauge-407,12.0_75.0,2019-08-06,2019-08-06,0,89.988
INDOFLOODS-gauge-407-6,INDOFLOODS-gauge-407,12.0_75.0,2019-08-10,2019-08-05,5,52.669
INDOFLOODS-gauge-407-6,INDOFLOODS-gauge-407,12.0_75.0,2019-08-10,2019-08-06,4,89.988
INDOFLOODS-gauge-407-6,INDOFLOODS-gauge-407,12.0_75.0,2019-08-10,2019-08-07,3,109.783
INDOFLOODS-gauge-407-6,INDOFLOODS-gauge-407,12.0_75.0,2019-08-10,2019-08-08,2,120.314
INDOFLOODS-gauge-407-6,INDOFLOODS-gauge-407,12.0_75.0,2019-08-10,2019-08-09,1,151.149
INDOFLOODS-gauge-407-6,INDOFLOODS-gauge-407,12.0_75.0,2019-08-10,2019-08-10,0,169.409
INDOFLOODS-gauge-411-4,INDOFLOODS-gauge-411,9.0_76.0,2018-08-16,2018-08-11,5,28.647
INDOFLOODS-gauge-411-4,INDOFLOODS-gauge-411,9.0_76.0,2018-08-16,2018-08-12,4,6.271
INDOFLOODS-gauge-411-4,INDOFLOODS-gauge-411,9.0_76.0,2018-08-16,2018-08-13,3,22.8
INDOFLOODS-gauge-411-4,INDOFLOODS-gauge-411,9.0_76.0,2018-08-16,2018-08-14,2,19.535
INDOFLOODS-gauge-411-4,INDOFLOODS-gauge-411,9.0_76.0,2018-08-16,2018-08-15,1,126.954
INDOFLOODS-gauge-411-4,INDOFLOODS-gauge-411,9.0_76.0,2018-08-16,2018-08-16,0,132.347
INDOFLOODS-gauge-412-17,INDOFLOODS-gauge-412,9.0_76.0,2018-02-01,2018-01-27,5,0.0
INDOFLOODS-gauge-412-17,INDOFLOODS-gauge-412,9.0_76.0,2018-02-01,2018-01-28,4,0.208
INDOFLOODS-gauge-412-17,INDOFLOODS-gauge-412,9.0_76.0,2018-02-01,2018-01-29,3,0.0
INDOFLOODS-gauge-412-17,INDOFLOODS-gauge-412,9.0_76.0,2018-02-01,2018-01-30,2,0.0
INDOFLOODS-gauge-412-17,INDOFLOODS-gauge-412,9.0_76.0,2018-02-01,2018-01-31,1,0.0
INDOFLOODS-gauge-412-17,INDOFLOODS-gauge-412,9.0_76.0,2018-02-01,2018-02-01,0,0.0
INDOFLOODS-gauge-412-18,INDOFLOODS-gauge-412,9.0_76.0,2018-07-05,2018-06-30,5,5.051
INDOFLOODS-gauge-412-18,INDOFLOODS-gauge-412,9.0_76.0,2018-07-05,2018-07-01,4,10.306
INDOFLOODS-gauge-412-18,INDOFLOODS-gauge-412,9.0_76.0,2018-07-05,2018-07-02,3,12.084
INDOFLOODS-gauge-412-18,INDOFLOODS-gauge-412,9.0_76.0,2018-07-05,2018-07-03,2,12.508
INDOFLOODS-gauge-412-18,INDOFLOODS-gauge-412,9.0_76.0,2018-07-05,2018-07-04,1,1.183
INDOFLOODS-gauge-412-18,INDOFLOODS-gauge-412,9.0_76.0,2018-07-05,2018-07-05,0,0.023
INDOFLOODS-gauge-412-19,INDOFLOODS-gauge-412,9.0_76.0,2018-07-16,2018-07-11,5,56.405
INDOFLOODS-gauge-412-19,INDOFLOODS-gauge-412,9.0_76.0,2018-07-16,2018-07-12,4,43.311
INDOFLOODS-gauge-412-19,INDOFLOODS-gauge-412,9.0_76.0,2018-07-16,2018-07-13,3,33.346
INDOFLOODS-gauge-412-19,INDOFLOODS-gauge-412,9.0_76.0,2018-07-16,2018-07-14,2,25.353
INDOFLOODS-gauge-412-19,INDOFLOODS-gauge-412,9.0_76.0,2018-07-16,2018-07-15,1,56.793
INDOFLOODS-gauge-412-19,INDOFLOODS-gauge-412,9.0_76.0,2018-07-16,2018-07-16,0,118.834
INDOFLOODS-gauge-412-20,INDOFLOODS-gauge-412,9.0_76.0,2018-11-02,2018-10-28,5,1.319
INDOFLOODS-gauge-412-20,INDOFLOODS-gauge-412,9.0_76.0,2018-11-02,2018-10-29,4,0.039
INDOFLOODS-gauge-412-20,INDOFLOODS-gauge-412,9.0_76.0,2018-11-02,2018-10-30,3,0.0
INDOFLOODS-gauge-412-20,INDOFLOODS-gauge-412,9.0_76.0,2018-11-02,2018-10-31,2,0.28
INDOFLOODS-gauge-412-20,INDOFLOODS-gauge-412,9.0_76.0,2018-11-02,2018-11-01,1,20.531
INDOFLOODS-gauge-412-20,INDOFLOODS-gauge-412,9.0_76.0,2018-11-02,2018-11-02,0,7.485
INDOFLOODS-gauge-412-21,INDOFLOODS-gauge-412,9.0_76.0,2018-11-09,2018-11-04,5,2.385
INDOFLOODS-gauge-412-21,INDOFLOODS-gauge-412,9.0_76.0,2018-11-09,2018-11-05,4,0.0
INDOFLOODS-gauge-412-21,INDOFLOODS-gauge-412,9.0_76.0,2018-11-09,2018-11-06,3,0.0
INDOFLOODS-gauge-412-21,INDOFLOODS-gauge-412,9.0_76.0,2018-11-09,2018-11-07,2,0.0
INDOFLOODS-gauge-412-21,INDOFLOODS-gauge-412,9.0_76.0,2018-11-09,2018-11-08,1,0.823
INDOFLOODS-gauge-412-21,INDOFLOODS-gauge-412,9.0_76.0,2018-11-09,2018-11-09,0,1.612
INDOFLOODS-gauge-412-22,INDOFLOODS-gauge-412,9.0_76.0,2018-11-19,2018-11-14,5,0.0
INDOFLOODS-gauge-412-22,INDOFLOODS-gauge-412,9.0_76.0,2018-11-19,2018-11-15,4,0.0
INDOFLOODS-gauge-412-22,INDOFLOODS-gauge-412,9.0_76.0,2018-11-19,2018-11-16,3,6.167
INDOFLOODS-gauge-412-22,INDOFLOODS-gauge-412,9.0_76.0,2018-11-19,2018-11-17,2,60.735
INDOFLOODS-gauge-412-22,INDOFLOODS-gauge-412,9.0_76.0,2018-11-19,2018-11-18,1,0.324
INDOFLOODS-gauge-412-22,INDOFLOODS-gauge-412,9.0_76.0,2018-11-19,2018-11-19,0,13.196
INDOFLOODS-gauge-412-23,INDOFLOODS-gauge-412,9.0_76.0,2019-02-01,2019-01-27,5,0.338
INDOFLOODS-gauge-412-23,INDOFLOODS-gauge-412,9.0_76.0,2019-02-01,2019-01-28,4,0.051
INDOFLOODS-gauge-412-23,INDOFLOODS-gauge-412,9.0_76.0,2019-02-01,2019-01-29,3,0.0
INDOFLOODS-gauge-412-23,INDOFLOODS-gauge-412,9.0_76.0,2019-02-01,2019-01-30,2,0.0
INDOFLOODS-gauge-412-23,INDOFLOODS-gauge-412,9.0_76.0,2019-02-01,2019-01-31,1,0.0
INDOFLOODS-gauge-412-23,INDOFLOODS-gauge-412,9.0_76.0,2019-02-01,2019-02-01,0,0.0
INDOFLOODS-gauge-412-24,INDOFLOODS-gauge-412,9.0_76.0,2019-02-23,2019-02-18,5,0.0
INDOFLOODS-gauge-412-24,INDOFLOODS-gauge-412,9.0_76.0,2019-02-23,2019-02-19,4,0.0
INDOFLOODS-gauge-412-24,INDOFLOODS-gauge-412,9.0_76.0,2019-02-23,2019-02-20,3,0.104
INDOFLOODS-gauge-412-24,INDOFLOODS-gauge-412,9.0_76.0,2019-02-23,2019-02-21,2,0.0
INDOFLOODS-gauge-412-24,INDOFLOODS-gauge-412,9.0_76.0,2019-02-23,2019-02-22,1,0.0
INDOFLOODS-gauge-412-24,INDOFLOODS-gauge-412,9.0_76.0,2019-02-23,2019-02-23,0,0.0
INDOFLOODS-gauge-412-25,INDOFLOODS-gauge-412,9.0_76.0,2019-08-08,2019-08-03,5,0.601
INDOFLOODS-gauge-412-25,INDOFLOODS-gauge-412,9.0_76.0,2019-08-08,2019-08-04,4,5.435
INDOFLOODS-gauge-412-25,INDOFLOODS-gauge-412,9.0_76.0,2019-08-08,2019-08-05,3,10.514
INDOFLOODS-gauge-412-25,INDOFLOODS-gauge-412,9.0_76.0,2019-08-08,2019-08-06,2,15.699
INDOFLOODS-gauge-412-25,INDOFLOODS-gauge-412,9.0_76.0,2019-08-08,2019-08-07,1,49.798
INDOFLOODS-gauge-412-25,INDOFLOODS-gauge-412,9.0_76.0,2019-08-08,2019-08-08,0,72.63
INDOFLOODS-gauge-414-6,INDOFLOODS-gauge-414,11.0_76.0,2018-08-16,2018-08-11,5,7.88
INDOFLOODS-gauge-414-6,INDOFLOODS-gauge-414,11.0_76.0,2018-08-16,2018-08-12,4,13.556
INDOFLOODS-gauge-414-6,INDOFLOODS-gauge-414,11.0_76.0,2018-08-16,2018-08-13,3,29.046
INDOFLOODS-gauge-414-6,INDOFLOODS-gauge-414,11.0_76.0,2018-08-16,2018-08-14,2,47.592
INDOFLOODS-gauge-414-6,INDOFLOODS-gauge-414,11.0_76.0,2018-08-16,2018-08-15,1,64.025
INDOFLOODS-gauge-414-6,INDOFLOODS-gauge-414,11.0_76.0,2018-08-16,2018-08-16,0,78.134
INDOFLOODS-gauge-414-7,INDOFLOODS-gauge-414,11.0_76.0,2019-08-09,2019-08-04,5,6.773
INDOFLOODS-gauge-414-7,INDOFLOODS-gauge-414,11.0_76.0,2019-08-09,2019-08-05,4,38.814
INDOFLOODS-gauge-414-7,INDOFLOODS-gauge-414,11.0_76.0,2019-08-09,2019-08-06,3,23.986
INDOFLOODS-gauge-414-7,INDOFLOODS-gauge-414,11.0_76.0,2019-08-09,2019-08-07,2,69.039
INDOFLOODS-gauge-414-7,INDOFLOODS-gauge-414,11.0_76.0,2019-08-09,2019-08-08,1,89.38
INDOFLOODS-gauge-414-7,INDOFLOODS-gauge-414,11.0_76.0,2019-08-09,2019-08-09,0,167.304
INDOFLOODS-gauge-415-5,INDOFLOODS-gauge-415,11.0_76.0,2019-08-09,2019-08-04,5,6.773
INDOFLOODS-gauge-415-5,INDOFLOODS-gauge-415,11.0_76.0,2019-08-09,2019-08-05,4,38.814
INDOFLOODS-gauge-415-5,INDOFLOODS-gauge-415,11.0_76.0,2019-08-09,2019-08-06,3,23.986
INDOFLOODS-gauge-415-5,INDOFLOODS-gauge-415,11.0_76.0,2019-08-09,2019-08-07,2,69.039
INDOFLOODS-gauge-415-5,INDOFLOODS-gauge-415,11.0_76.0,2019-08-09,2019-08-08,1,89.38
INDOFLOODS-gauge-415-5,INDOFLOODS-gauge-415,11.0_76.0,2019-08-09,2019-08-09,0,167.304
INDOFLOODS-gauge-417-32,INDOFLOODS-gauge-417,10.0_76.0,2017-07-04,2017-06-29,5,7.966
INDOFLOODS-gauge-417-32,INDOFLOODS-gauge-417,10.0_76.0,2017-07-04,2017-06-30,4,13.555
INDOFLOODS-gauge-417-32,INDOFLOODS-gauge-417,10.0_76.0,2017-07-04,2017-07-01,3,11.586
INDOFLOODS-gauge-417-32,INDOFLOODS-gauge-417,10.0_76.0,2017-07-04,2017-07-02,2,28.495
INDOFLOODS-gauge-417-32,INDOFLOODS-gauge-417,10.0_76.0,2017-07-04,2017-07-03,1,15.102
INDOFLOODS-gauge-417-32,INDOFLOODS-gauge-417,10.0_76.0,2017-07-04,2017-07-04,0,11.051
INDOFLOODS-gauge-417-33,INDOFLOODS-gauge-417,10.0_76.0,2017-12-06,2017-12-01,5,8.084
INDOFLOODS-gauge-417-33,INDOFLOODS-gauge-417,10.0_76.0,2017-12-06,2017-12-02,4,10.907
INDOFLOODS-gauge-417-33,INDOFLOODS-gauge-417,10.0_76.0,2017-12-06,2017-12-03,3,1.446
INDOFLOODS-gauge-417-33,INDOFLOODS-gauge-417,10.0_76.0,2017-12-06,2017-12-04,2,0.42
INDOFLOODS-gauge-417-33,INDOFLOODS-gauge-417,10.0_76.0,2017-12-06,2017-12-05,1,0.0
INDOFLOODS-gauge-417-33,INDOFLOODS-gauge-417,10.0_76.0,2017-12-06,2017-12-06,0,0.0
INDOFLOODS-gauge-417-34,INDOFLOODS-gauge-417,10.0_76.0,2018-08-16,2018-08-11,5,13.819
INDOFLOODS-gauge-417-34,INDOFLOODS-gauge-417,10.0_76.0,2018-08-16,2018-08-12,4,12.978
INDOFLOODS-gauge-417-34,INDOFLOODS-gauge-417,10.0_76.0,2018-08-16,2018-08-13,3,32.688
INDOFLOODS-gauge-417-34,INDOFLOODS-gauge-417,10.0_76.0,2018-08-16,2018-08-14,2,38.643
INDOFLOODS-gauge-417-34,INDOFLOODS-gauge-417,10.0_76.0,2018-08-16,2018-08-15,1,122.068
INDOFLOODS-gauge-417-34,INDOFLOODS-gauge-417,10.0_76.0,2018-08-16,2018-08-16,0,183.775
INDOFLOODS-gauge-417-35,INDOFLOODS-gauge-417,10.0_76.0,2019-08-09,2019-08-04,5,5.079
INDOFLOODS-gauge-417-35,INDOFLOODS-gauge-417,10.0_76.0,2019-08-09,2019-08-05,4,16.728
INDOFLOODS-gauge-417-35,INDOFLOODS-gauge-417,10.0_76.0,2019-08-09,2019-08-06,3,61.01
INDOFLOODS-gauge-417-35,INDOFLOODS-gauge-417,10.0_76.0,2019-08-09,2019-08-07,2,83.197
INDOFLOODS-gauge-417-35,INDOFLOODS-gauge-417,10.0_76.0,2019-08-09,2019-08-08,1,71.031
INDOFLOODS-gauge-417-35,INDOFLOODS-gauge-417,10.0_76.0,2019-08-09,2019-08-09,0,222.101
INDOFLOODS-gauge-420-11,INDOFLOODS-gauge-420,10.0_76.0,2018-08-09,2018-08-04,5,5.67
INDOFLOODS-gauge-420-11,INDOFLOODS-gauge-420,10.0_76.0,2018-08-09,2018-08-05,4,4.942
INDOFLOODS-gauge-420-11,INDOFLOODS-gauge-420,10.0_76.0,2018-08-09,2018-08-06,3,4.308
INDOFLOODS-gauge-420-11,INDOFLOODS-gauge-420,10.0_76.0,2018-08-09,2018-08-07,2,12.881
INDOFLOODS-gauge-420-11,INDOFLOODS-gauge-420,10.0_76.0,2018-08-09,2018-08-08,1,53.147
INDOFLOODS-gauge-420-11,INDOFLOODS-gauge-420,10.0_76.0,2018-08-09,2018-08-09,0,57.177
INDOFLOODS-gauge-420-12,INDOFLOODS-gauge-420,10.0_76.0,2018-08-13,2018-08-08,5,53.147
INDOFLOODS-gauge-420-12,INDOFLOODS-gauge-420,10.0_76.0,2018-08-13,2018-08-09,4,57.177
INDOFLOODS-gauge-420-12,INDOFLOODS-gauge-420,10.0_76.0,2018-08-13,2018-08-10,3,22.855
INDOFLOODS-gauge-420-12,INDOFLOODS-gauge-420,10.0_76.0,2018-08-13,2018-08-11,2,13.819
INDOFLOODS-gauge-420-12,INDOFLOODS-gauge-420,10.0_76.0,2018-08-13,2018-08-12,1,12.978
INDOFLOODS-gauge-420-12,INDOFLOODS-gauge-420,10.0_76.0,2018-08-13,2018-08-13,0,32.688
INDOFLOODS-gauge-420-13,INDOFLOODS-gauge-420,10.0_76.0,2019-08-08,2019-08-03,5,4.025
INDOFLOODS-gauge-420-13,INDOFLOODS-gauge-420,10.0_76.0,2019-08-08,2019-08-04,4,5.079
INDOFLOODS-gauge-420-13,INDOFLOODS-gauge-420,10.0_76.0,2019-08-08,2019-08-05,3,16.728
INDOFLOODS-gauge-420-13,INDOFLOODS-gauge-420,10.0_76.0,2019-08-08,2019-08-06,2,61.01
INDOFLOODS-gauge-420-13,INDOFLOODS-gauge-420,10.0_76.0,2019-08-08,2019-08-07,1,83.197
INDOFLOODS-gauge-420-13,INDOFLOODS-gauge-420,10.0_76.0,2019-08-08,2019-08-08,0,71.031
INDOFLOODS-gauge-421-1,INDOFLOODS-gauge-421,10.0_76.0,2019-07-21,2019-07-16,5,7.433
INDOFLOODS-gauge-421-1,INDOFLOODS-gauge-421,10.0_76.0,2019-07-21,2019-07-17,4,3.199
INDOFLOODS-gauge-421-1,INDOFLOODS-gauge-421,10.0_76.0,2019-07-21,2019-07-18,3,4.872
INDOFLOODS-gauge-421-1,INDOFLOODS-gauge-421,10.0_76.0,2019-07-21,2019-07-19,2,64.636
INDOFLOODS-gauge-421-1,INDOFLOODS-gauge-421,10.0_76.0,2019-07-21,2019-07-20,1,65.797
INDOFLOODS-gauge-421-1,INDOFLOODS-gauge-421,10.0_76.0,2019-07-21,2019-07-21,0,38.809
INDOFLOODS-gauge-421-2,INDOFLOODS-gauge-421,10.0_76.0,2019-08-09,2019-08-04,5,5.079
INDOFLOODS-gauge-421-2,INDOFLOODS-gauge-421,10.0_76.0,2019-08-09,2019-08-05,4,16.728
INDOFLOODS-gauge-421-2,INDOFLOODS-gauge-421,10.0_76.0,2019-08-09,2019-08-06,3,61.01
INDOFLOODS-gauge-421-2,INDOFLOODS-gauge-421,10.0_76.0,2019-08-09,2019-08-07,2,83.197
INDOFLOODS-gauge-421-2,INDOFLOODS-gauge-421,10.0_76.0,2019-08-09,2019-08-08,1,71.031
INDOFLOODS-gauge-421-2,INDOFLOODS-gauge-421,10.0_76.0,2019-08-09,2019-08-09,0,222.101
INDOFLOODS-gauge-422-1,INDOFLOODS-gauge-422,9.0_76.0,2019-06-29,2019-06-24,5,12.237
INDOFLOODS-gauge-422-1,INDOFLOODS-gauge-422,9.0_76.0,2019-06-29,2019-06-25,4,5.826
INDOFLOODS-gauge-422-1,INDOFLOODS-gauge-422,9.0_76.0,2019-06-29,2019-06-26,3,1.802
INDOFLOODS-gauge-422-1,INDOFLOODS-gauge-422,9.0_76.0,2019-06-29,2019-06-27,2,0.317
INDOFLOODS-gauge-422-1,INDOFLOODS-gauge-422,9.0_76.0,2019-06-29,2019-06-28,1,0.022
INDOFLOODS-gauge-422-1,INDOFLOODS-gauge-422,9.0_76.0,2019-06-29,2019-06-29,0,0.043
INDOFLOODS-gauge-422-2,INDOFLOODS-gauge-422,9.0_76.0,2019-08-10,2019-08-05,5,10.514
INDOFLOODS-gauge-422-2,INDOFLOODS-gauge-422,9.0_76.0,2019-08-10,2019-08-06,4,15.699
INDOFLOODS-gauge-422-2,INDOFLOODS-gauge-422,9.0_76.0,2019-08-10,2019-08-07,3,49.798
INDOFLOODS-gauge-422-2,INDOFLOODS-gauge-422,9.0_76.0,2019-08-10,2019-08-08,2,72.63
INDOFLOODS-gauge-422-2,INDOFLOODS-gauge-422,9.0_76.0,2019-08-10,2019-08-09,1,99.244
INDOFLOODS-gauge-422-2,INDOFLOODS-gauge-422,9.0_76.0,2019-08-10,2019-08-10,0,58.666
INDOFLOODS-gauge-423-11,INDOFLOODS-gauge-423,8.0_76.0,2018-08-15,2018-08-10,5,38.346
INDOFLOODS-gauge-423-11,INDOFLOODS-gauge-423,8.0_76.0,2018-08-15,2018-08-11,4,6.6
INDOFLOODS-gauge-423-11,INDOFLOODS-gauge-423,8.0_76.0,2018-08-15,2018-08-12,3,3.916
INDOFLOODS-gauge-423-11,INDOFLOODS-gauge-423,8.0_76.0,2018-08-15,2018-08-13,2,11.132
INDOFLOODS-gauge-423-11,INDOFLOODS-gauge-423,8.0_76.0,2018-08-15,2018-08-14,1,11.918
INDOFLOODS-gauge-423-11,INDOFLOODS-gauge-423,8.0_76.0,2018-08-15,2018-08-15,0,90.375
INDOFLOODS-gauge-426-1,INDOFLOODS-gauge-426,9.0_76.0,2019-08-08,2019-08-03,5,0.601
INDOFLOODS-gauge-426-1,INDOFLOODS-gauge-426,9.0_76.0,2019-08-08,2019-08-04,4,5.435
INDOFLOODS-gauge-426-1,INDOFLOODS-gauge-426,9.0_76.0,2019-08-08,2019-08-05,3,10.514
INDOFLOODS-gauge-426-1,INDOFLOODS-gauge-426,9.0_76.0,2019-08-08,2019-08-06,2,15.699
INDOFLOODS-gauge-426-1,INDOFLOODS-gauge-426,9.0_76.0,2019-08-08,2019-08-07,1,49.798
INDOFLOODS-gauge-426-1,INDOFLOODS-gauge-426,9.0_76.0,2019-08-08,2019-08-08,0,72.63
INDOFLOODS-gauge-427-122,INDOFLOODS-gauge-427,9.0_76.0,2015-06-28,2015-06-23,5,22.107
INDOFLOODS-gauge-427-122,INDOFLOODS-gauge-427,9.0_76.0,2015-06-28,2015-06-24,4,10.429
INDOFLOODS-gauge-427-122,INDOFLOODS-gauge-427,9.0_76.0,2015-06-28,2015-06-25,3,17.567
INDOFLOODS-gauge-427-122,INDOFLOODS-gauge-427,9.0_76.0,2015-06-28,2015-06-26,2,31.236
INDOFLOODS-gauge-427-122,INDOFLOODS-gauge-427,9.0_76.0,2015-06-28,2015-06-27,1,76.109
INDOFLOODS-gauge-427-122,INDOFLOODS-gauge-427,9.0_76.0,2015-06-28,2015-06-28,0,64.368
INDOFLOODS-gauge-427-123,INDOFLOODS-gauge-427,9.0_76.0,2017-06-27,2017-06-22,5,5.64
INDOFLOODS-gauge-427-123,INDOFLOODS-gauge-427,9.0_76.0,2017-06-27,2017-06-23,4,10.186
INDOFLOODS-gauge-427-123,INDOFLOODS-gauge-427,9.0_76.0,2017-06-27,2017-06-24,3,35.069
INDOFLOODS-gauge-427-123,INDOFLOODS-gauge-427,9.0_76.0,2017-06-27,2017-06-25,2,33.104
INDOFLOODS-gauge-427-123,INDOFLOODS-gauge-427,9.0_76.0,2017-06-27,2017-06-26,1,48.961
INDOFLOODS-gauge-427-123,INDOFLOODS-gauge-427,9.0_76.0,2017-06-27,2017-06-27,0,84.477
INDOFLOODS-gauge-427-124,INDOFLOODS-gauge-427,9.0_76.0,2017-07-01,2017-06-26,5,48.961
INDOFLOODS-gauge-427-124,INDOFLOODS-gauge-427,9.0_76.0,2017-07-01,2017-06-27,4,84.477
INDOFLOODS-gauge-427-124,INDOFLOODS-gauge-427,9.0_76.0,2017-07-01,2017-06-28,3,55.149
INDOFLOODS-gauge-427-124,INDOFLOODS-gauge-427,9.0_76.0,2017-07-01,2017-06-29,2,7.128
INDOFLOODS-gauge-427-124,INDOFLOODS-gauge-427,9.0_76.0,2017-07-01,2017-06-30,1,10.845
INDOFLOODS-gauge-427-124,INDOFLOODS-gauge-427,9.0_76.0,2017-07-01,2017-07-01,0,5.185
INDOFLOODS-gauge-427-125,INDOFLOODS-gauge-427,9.0_76.0,2017-09-14,2017-09-09,5,15.725
INDOFLOODS-gauge-427-125,INDOFLOODS-gauge-427,9.0_76.0,2017-09-14,2017-09-10,4,6.407
INDOFLOODS-gauge-427-125,INDOFLOODS-gauge-427,9.0_76.0,2017-09-14,2017-09-11,3,6.508
INDOFLOODS-gauge-427-125,INDOFLOODS-gauge-427,9.0_76.0,2017-09-14,2017-09-12,2,9.833
INDOFLOODS-gauge-427-125,INDOFLOODS-gauge-427,9.0_76.0,2017-09-14,2017-09-13,1,4.513
INDOFLOODS-gauge-427-125,INDOFLOODS-gauge-427,9.0_76.0,2017-09-14,2017-09-14,0,50.965
INDOFLOODS-gauge-427-126,INDOFLOODS-gauge-427,9.0_76.0,2017-09-18,2017-09-13,5,4.513
INDOFLOODS-gauge-427-126,INDOFLOODS-gauge-427,9.0_76.0,2017-09-18,2017-09-14,4,50.965
INDOFLOODS-gauge-427-126,INDOFLOODS-gauge-427,9.0_76.0,2017-09-18,2017-09-15,3,14.538
INDOFLOODS-gauge-427-126,INDOFLOODS-gauge-427,9.0_76.0,2017-09-18,2017-09-16,2,14.157
INDOFLOODS-gauge-427-126,INDOFLOODS-gauge-427,9.0_76.0,2017-09-18,2017-09-17,1,72.759
INDOFLOODS-gauge-427-126,INDOFLOODS-gauge-427,9.0_76.0,2017-09-18,2017-09-18,0,80.014
INDOFLOODS-gauge-427-127,INDOFLOODS-gauge-427,9.0_76.0,2018-06-11,2018-06-06,5,5.004
INDOFLOODS-gauge-427-127,INDOFLOODS-gauge-427,9.0_76.0,2018-06-11,2018-06-07,4,25.292
INDOFLOODS-gauge-427-127,INDOFLOODS-gauge-427,9.0_76.0,2018-06-11,2018-06-08,3,38.543
INDOFLOODS-gauge-427-127,INDOFLOODS-gauge-427,9.0_76.0,2018-06-11,2018-06-09,2,25.483
INDOFLOODS-gauge-427-127,INDOFLOODS-gauge-427,9.0_76.0,2018-06-11,2018-06-10,1,36.825
INDOFLOODS-gauge-427-127,INDOFLOODS-gauge-427,9.0_76.0,2018-06-11,2018-06-11,0,63.815
INDOFLOODS-gauge-427-128,INDOFLOODS-gauge-427,9.0_76.0,2018-07-10,2018-07-05,5,0.023
INDOFLOODS-gauge-427-128,INDOFLOODS-gauge-427,9.0_76.0,2018-07-10,2018-07-06,4,5.713
INDOFLOODS-gauge-427-128,INDOFLOODS-gauge-427,9.0_76.0,2018-07-10,2018-07-07,3,1.595
INDOFLOODS-gauge-427-128,INDOFLOODS-gauge-427,9.0_76.0,2018-07-10,2018-07-08,2,16.207
INDOFLOODS-gauge-427-128,INDOFLOODS-gauge-427,9.0_76.0,2018-07-10,2018-07-09,1,38.307
INDOFLOODS-gauge-427-128,INDOFLOODS-gauge-427,9.0_76.0,2018-07-10,2018-07-10,0,61.914
INDOFLOODS-gauge-427-129,INDOFLOODS-gauge-427,9.0_76.0,2018-07-15,2018-07-10,5,61.914
INDOFLOODS-gauge-427-129,INDOFLOODS-gauge-427,9.0_76.0,2018-07-15,2018-07-11,4,56.405
INDOFLOODS-gauge-427-129,INDOFLOODS-gauge-427,9.0_76.0,2018-07-15,2018-07-12,3,43.311
INDOFLOODS-gauge-427-129,INDOFLOODS-gauge-427,9.0_76.0,2018-07-15,2018-07-13,2,33.346
INDOFLOODS-gauge-427-129,INDOFLOODS-gauge-427,9.0_76.0,2018-07-15,2018-07-14,1,25.353
INDOFLOODS-gauge-427-129,INDOFLOODS-gauge-427,9.0_76.0,2018-07-15,2018-07-15,0,56.793
INDOFLOODS-gauge-427-130,INDOFLOODS-gauge-427,9.0_76.0,2018-07-26,2018-07-21,5,6.053
INDOFLOODS-gauge-427-130,INDOFLOODS-gauge-427,9.0_76.0,2018-07-26,2018-07-22,4,4.592
INDOFLOODS-gauge-427-130,INDOFLOODS-gauge-427,9.0_76.0,2018-07-26,2018-07-23,3,13.502
INDOFLOODS-gauge-427-130,INDOFLOODS-gauge-427,9.0_76.0,2018-07-26,2018-07-24,2,28.409
INDOFLOODS-gauge-427-130,INDOFLOODS-gauge-427,9.0_76.0,2018-07-26,2018-07-25,1,29.058
INDOFLOODS-gauge-427-130,INDOFLOODS-gauge-427,9.0_76.0,2018-07-26,2018-07-26,0,22.351
INDOFLOODS-gauge-427-131,INDOFLOODS-gauge-427,9.0_76.0,2018-07-31,2018-07-26,5,22.351
INDOFLOODS-gauge-427-131,INDOFLOODS-gauge-427,9.0_76.0,2018-07-31,2018-07-27,4,7.402
INDOFLOODS-gauge-427-131,INDOFLOODS-gauge-427,9.0_76.0,2018-07-31,2018-07-28,3,0.86
INDOFLOODS-gauge-427-131,INDOFLOODS-gauge-427,9.0_76.0,2018-07-31,2018-07-29,2,12.974
INDOFLOODS-gauge-427-131,INDOFLOODS-gauge-427,9.0_76.0,2018-07-31,2018-07-30,1,10.897
INDOFLOODS-gauge-427-131,INDOFLOODS-gauge-427,9.0_76.0,2018-07-31,2018-07-31,0,69.392
INDOFLOODS-gauge-427-132,INDOFLOODS-gauge-427,9.0_76.0,2018-08-10,2018-08-05,5,2.584
INDOFLOODS-gauge-427-132,INDOFLOODS-gauge-427,9.0_76.0,2018-08-10,2018-08-06,4,5.967
INDOFLOODS-gauge-427-132,INDOFLOODS-gauge-427,9.0_76.0,2018-08-10,2018-08-07,3,6.538
INDOFLOODS-gauge-427-132,INDOFLOODS-gauge-427,9.0_76.0,2018-08-10,2018-08-08,2,63.767
INDOFLOODS-gauge-427-132,INDOFLOODS-gauge-427,9.0_76.0,2018-08-10,2018-08-09,1,73.028
INDOFLOODS-gauge-427-132,INDOFLOODS-gauge-427,9.0_76.0,2018-08-10,2018-08-10,0,52.702
INDOFLOODS-gauge-427-133,INDOFLOODS-gauge-427,9.0_76.0,2018-08-15,2018-08-10,5,52.702
INDOFLOODS-gauge-427-133,INDOFLOODS-gauge-427,9.0_76.0,2018-08-15,2018-08-11,4,28.647
INDOFLOODS-gauge-427-133,INDOFLOODS-gauge-427,9.0_76.0,2018-08-15,2018-08-12,3,6.271
INDOFLOODS-gauge-427-133,INDOFLOODS-gauge-427,9.0_76.0,2018-08-15,2018-08-13,2,22.8
INDOFLOODS-gauge-427-133,INDOFLOODS-gauge-427,9.0_76.0,2018-08-15,2018-08-14,1,19.535
INDOFLOODS-gauge-427-133,INDOFLOODS-gauge-427,9.0_76.0,2018-08-15,2018-08-15,0,126.954
INDOFLOODS-gauge-427-134,INDOFLOODS-gauge-427,9.0_76.0,2019-07-19,2019-07-14,5,6.314
INDOFLOODS-gauge-427-134,INDOFLOODS-gauge-427,9.0_76.0,2019-07-19,2019-07-15,4,11.364
INDOFLOODS-gauge-427-134,INDOFLOODS-gauge-427,9.0_76.0,2019-07-19,2019-07-16,3,4.157
INDOFLOODS-gauge-427-134,INDOFLOODS-gauge-427,9.0_76.0,2019-07-19,2019-07-17,2,7.043
INDOFLOODS-gauge-427-134,INDOFLOODS-gauge-427,9.0_76.0,2019-07-19,2019-07-18,1,28.84
INDOFLOODS-gauge-427-134,INDOFLOODS-gauge-427,9.0_76.0,2019-07-19,2019-07-19,0,85.838
INDOFLOODS-gauge-427-135,INDOFLOODS-gauge-427,9.0_76.0,2019-08-08,2019-08-03,5,0.601
INDOFLOODS-gauge-427-135,INDOFLOODS-gauge-427,9.0_76.0,2019-08-08,2019-08-04,4,5.435
INDOFLOODS-gauge-427-135,INDOFLOODS-gauge-427,9.0_76.0,2019-08-08,2019-08-05,3,10.514
INDOFLOODS-gauge-427-135,INDOFLOODS-gauge-427,9.0_76.0,2019-08-08,2019-08-06,2,15.699
INDOFLOODS-gauge-427-135,INDOFLOODS-gauge-427,9.0_76.0,2019-08-08,2019-08-07,1,49.798
INDOFLOODS-gauge-427-135,INDOFLOODS-gauge-427,9.0_76.0,2019-08-08,2019-08-08,0,72.63
INDOFLOODS-gauge-428-19,INDOFLOODS-gauge-428,9.0_76.0,2017-06-28,2017-06-23,5,10.186
INDOFLOODS-gauge-428-19,INDOFLOODS-gauge-428,9.0_76.0,2017-06-28,2017-06-24,4,35.069
INDOFLOODS-gauge-428-19,INDOFLOODS-gauge-428,9.0_76.0,2017-06-28,2017-06-25,3,33.104
INDOFLOODS-gauge-428-19,INDOFLOODS-gauge-428,9.0_76.0,2017-06-28,2017-06-26,2,48.961
INDOFLOODS-gauge-428-19,INDOFLOODS-gauge-428,9.0_76.0,2017-06-28,2017-06-27,1,84.477
INDOFLOODS-gauge-428-19,INDOFLOODS-gauge-428,9.0_76.0,2017-06-28,2017-06-28,0,55.149
INDOFLOODS-gauge-428-20,INDOFLOODS-gauge-428,9.0_76.0,2017-09-18,2017-09-13,5,4.513
INDOFLOODS-gauge-428-20,INDOFLOODS-gauge-428,9.0_76.0,2017-09-18,2017-09-14,4,50.965
INDOFLOODS-gauge-428-20,INDOFLOODS-gauge-428,9.0_76.0,2017-09-18,2017-09-15,3,14.538
INDOFLOODS-gauge-428-20,INDOFLOODS-gauge-428,9.0_76.0,2017-09-18,2017-09-16,2,14.157
INDOFLOODS-gauge-428-20,INDOFLOODS-gauge-428,9.0_76.0,2017-09-18,2017-09-17,1,72.759
INDOFLOODS-gauge-428-20,INDOFLOODS-gauge-428,9.0_76.0,2017-09-18,2017-09-18,0,80.014
INDOFLOODS-gauge-428-21,INDOFLOODS-gauge-428,9.0_76.0,2018-06-11,2018-06-06,5,5.004
INDOFLOODS-gauge-428-21,INDOFLOODS-gauge-428,9.0_76.0,2018-06-11,2018-06-07,4,25.292
INDOFLOODS-gauge-428-21,INDOFLOODS-gauge-428,9.0_76.0,2018-06-11,2018-06-08,3,38.543
INDOFLOODS-gauge-428-21,INDOFLOODS-gauge-428,9.0_76.0,2018-06-11,2018-06-09,2,25.483
INDOFLOODS-gauge-428-21,INDOFLOODS-gauge-428,9.0_76.0,2018-06-11,2018-06-10,1,36.825
INDOFLOODS-gauge-428-21,INDOFLOODS-gauge-428,9.0_76.0,2018-06-11,2018-06-11,0,63.815
INDOFLOODS-gauge-428-22,INDOFLOODS-gauge-428,9.0_76.0,2018-07-15,2018-07-10,5,61.914
INDOFLOODS-gauge-428-22,INDOFLOODS-gauge-428,9.0_76.0,2018-07-15,2018-07-11,4,56.405
INDOFLOODS-gauge-428-22,INDOFLOODS-gauge-428,9.0_76.0,2018-07-15,2018-07-12,3,43.311
INDOFLOODS-gauge-428-22,INDOFLOODS-gauge-428,9.0_76.0,2018-07-15,2018-07-13,2,33.346
INDOFLOODS-gauge-428-22,INDOFLOODS-gauge-428,9.0_76.0,2018-07-15,2018-07-14,1,25.353
INDOFLOODS-gauge-428-22,INDOFLOODS-gauge-428,9.0_76.0,2018-07-15,2018-07-15,0,56.793
INDOFLOODS-gauge-428-23,INDOFLOODS-gauge-428,9.0_76.0,2018-08-15,2018-08-10,5,52.702
INDOFLOODS-gauge-428-23,INDOFLOODS-gauge-428,9.0_76.0,2018-08-15,2018-08-11,4,28.647
INDOFLOODS-gauge-428-23,INDOFLOODS-gauge-428,9.0_76.0,2018-08-15,2018-08-12,3,6.271
INDOFLOODS-gauge-428-23,INDOFLOODS-gauge-428,9.0_76.0,2018-08-15,2018-08-13,2,22.8
INDOFLOODS-gauge-428-23,INDOFLOODS-gauge-428,9.0_76.0,2018-08-15,2018-08-14,1,19.535
INDOFLOODS-gauge-428-23,INDOFLOODS-gauge-428,9.0_76.0,2018-08-15,2018-08-15,0,126.954
INDOFLOODS-gauge-428-24,INDOFLOODS-gauge-428,9.0_76.0,2019-07-20,2019-07-15,5,11.364
INDOFLOODS-gauge-428-24,INDOFLOODS-gauge-428,9.0_76.0,2019-07-20,2019-07-16,4,4.157
INDOFLOODS-gauge-428-24,INDOFLOODS-gauge-428,9.0_76.0,2019-07-20,2019-07-17,3,7.043
INDOFLOODS-gauge-428-24,INDOFLOODS-gauge-428,9.0_76.0,2019-07-20,2019-07-18,2,28.84
INDOFLOODS-gauge-428-24,INDOFLOODS-gauge-428,9.0_76.0,2019-07-20,2019-07-19,1,85.838
INDOFLOODS-gauge-428-24,INDOFLOODS-gauge-428,9.0_76.0,2019-07-20,2019-07-20,0,71.947
INDOFLOODS-gauge-428-25,INDOFLOODS-gauge-428,9.0_76.0,2019-08-08,2019-08-03,5,0.601
INDOFLOODS-gauge-428-25,INDOFLOODS-gauge-428,9.0_76.0,2019-08-08,2019-08-04,4,5.435
INDOFLOODS-gauge-428-25,INDOFLOODS-gauge-428,9.0_76.0,2019-08-08,2019-08-05,3,10.514
INDOFLOODS-gauge-428-25,INDOFLOODS-gauge-428,9.0_76.0,2019-08-08,2019-08-06,2,15.699
INDOFLOODS-gauge-428-25,INDOFLOODS-gauge-428,9.0_76.0,2019-08-08,2019-08-07,1,49.798
INDOFLOODS-gauge-428-25,INDOFLOODS-gauge-428,9.0_76.0,2019-08-08,2019-08-08,0,72.63
INDOFLOODS-gauge-429-144,INDOFLOODS-gauge-429,9.0_76.0,2015-11-05,2015-10-31,5,33.894
INDOFLOODS-gauge-429-144,INDOFLOODS-gauge-429,9.0_76.0,2015-11-05,2015-11-01,4,12.45
INDOFLOODS-gauge-429-144,INDOFLOODS-gauge-429,9.0_76.0,2015-11-05,2015-11-02,3,10.32
INDOFLOODS-gauge-429-144,INDOFLOODS-gauge-429,9.0_76.0,2015-11-05,2015-11-03,2,4.318
INDOFLOODS-gauge-429-144,INDOFLOODS-gauge-429,9.0_76.0,2015-11-05,2015-11-04,1,1.806
INDOFLOODS-gauge-429-144,INDOFLOODS-gauge-429,9.0_76.0,2015-11-05,2015-11-05,0,49.119
INDOFLOODS-gauge-429-145,INDOFLOODS-gauge-429,9.0_76.0,2017-06-28,2017-06-23,5,10.186
INDOFLOODS-gauge-429-145,INDOFLOODS-gauge-429,9.0_76.0,2017-06-28,2017-06-24,4,35.069
INDOFLOODS-gauge-429-145,INDOFLOODS-gauge-429,9.0_76.0,2017-06-28,2017-06-25,3,33.104
INDOFLOODS-gauge-429-145,INDOFLOODS-gauge-429,9.0_76.0,2017-06-28,2017-06-26,2,48.961
INDOFLOODS-gauge-429-145,INDOFLOODS-gauge-429,9.0_76.0,2017-06-28,2017-06-27,1,84.477
INDOFLOODS-gauge-429-145,INDOFLOODS-gauge-429,9.0_76.0,2017-06-28,2017-06-28,0,55.149
INDOFLOODS-gauge-429-146,INDOFLOODS-gauge-429,9.0_76.0,2017-09-18,2017-09-13,5,4.513
INDOFLOODS-gauge-429-146,INDOFLOODS-gauge-429,9.0_76.0,2017-09-18,2017-09-14,4,50.965
INDOFLOODS-gauge-429-146,INDOFLOODS-gauge-429,9.0_76.0,2017-09-18,2017-09-15,3,14.538
INDOFLOODS-gauge-429-146,INDOFLOODS-gauge-429,9.0_76.0,2017-09-18,2017-09-16,2,14.157
INDOFLOODS-gauge-429-146,INDOFLOODS-gauge-429,9.0_76.0,2017-09-18,2017-09-17,1,72.759
INDOFLOODS-gauge-429-146,INDOFLOODS-gauge-429,9.0_76.0,2017-09-18,2017-09-18,0,80.014
INDOFLOODS-gauge-429-147,INDOFLOODS-gauge-429,9.0_76.0,2017-11-09,2017-11-04,5,4.631
INDOFLOODS-gauge-429-147,INDOFLOODS-gauge-429,9.0_76.0,2017-11-09,2017-11-05,4,31.671
INDOFLOODS-gauge-429-147,INDOFLOODS-gauge-429,9.0_76.0,2017-11-09,2017-11-06,3,3.144
INDOFLOODS-gauge-429-147,INDOFLOODS-gauge-429,9.0_76.0,2017-11-09,2017-11-07,2,15.041
INDOFLOODS-gauge-429-147,INDOFLOODS-gauge-429,9.0_76.0,2017-11-09,2017-11-08,1,11.199
INDOFLOODS-gauge-429-147,INDOFLOODS-gauge-429,9.0_76.0,2017-11-09,2017-11-09,0,48.811
INDOFLOODS-gauge-429-148,INDOFLOODS-gauge-429,9.0_76.0,2017-12-01,2017-11-26,5,6.355
INDOFLOODS-gauge-429-148,INDOFLOODS-gauge-429,9.0_76.0,2017-12-01,2017-11-27,4,17.049
INDOFLOODS-gauge-429-148,INDOFLOODS-gauge-429,9.0_76.0,2017-12-01,2017-11-28,3,14.524
INDOFLOODS-gauge-429-148,INDOFLOODS-gauge-429,9.0_76.0,2017-12-01,2017-11-29,2,0.702
INDOFLOODS-gauge-429-148,INDOFLOODS-gauge-429,9.0_76.0,2017-12-01,2017-11-30,1,2.461
INDOFLOODS-gauge-429-148,INDOFLOODS-gauge-429,9.0_76.0,2017-12-01,2017-12-01,0,31.511
INDOFLOODS-gauge-429-149,INDOFLOODS-gauge-429,9.0_76.0,2018-01-01,2017-12-27,5,0.0
INDOFLOODS-gauge-429-149,INDOFLOODS-gauge-429,9.0_76.0,2018-01-01,2017-12-28,4,0.0
INDOFLOODS-gauge-429-149,INDOFLOODS-gauge-429,9.0_76.0,2018-01-01,2017-12-29,3,0.0
INDOFLOODS-gauge-429-149,INDOFLOODS-gauge-429,9.0_76.0,2018-01-01,2017-12-30,2,0.0
INDOFLOODS-gauge-429-149,INDOFLOODS-gauge-429,9.0_76.0,2018-01-01,2017-12-31,1,0.0
INDOFLOODS-gauge-429-149,INDOFLOODS-gauge-429,9.0_76.0,2018-01-01,2018-01-01,0,0.0
INDOFLOODS-gauge-429-150,INDOFLOODS-gauge-429,9.0_76.0,2018-01-24,2018-01-19,5,0.0
INDOFLOODS-gauge-429-150,INDOFLOODS-gauge-429,9.0_76.0,2018-01-24,2018-01-20,4,0.0
INDOFLOODS-gauge-429-150,INDOFLOODS-gauge-429,9.0_76.0,2018-01-24,2018-01-21,3,0.0
INDOFLOODS-gauge-429-150,INDOFLOODS-gauge-429,9.0_76.0,2018-01-24,2018-01-22,2,0.0
INDOFLOODS-gauge-429-150,INDOFLOODS-gauge-429,9.0_76.0,2018-01-24,2018-01-23,1,0.0
INDOFLOODS-gauge-429-150,INDOFLOODS-gauge-429,9.0_76.0,2018-01-24,2018-01-24,0,0.0
INDOFLOODS-gauge-429-151,INDOFLOODS-gauge-429,9.0_76.0,2018-02-01,2018-01-27,5,0.0
INDOFLOODS-gauge-429-151,INDOFLOODS-gauge-429,9.0_76.0,2018-02-01,2018-01-28,4,0.208
INDOFLOODS-gauge-429-151,INDOFLOODS-gauge-429,9.0_76.0,2018-02-01,2018-01-29,3,0.0
INDOFLOODS-gauge-429-151,INDOFLOODS-gauge-429,9.0_76.0,2018-02-01,2018-01-30,2,0.0
INDOFLOODS-gauge-429-151,INDOFLOODS-gauge-429,9.0_76.0,2018-02-01,2018-01-31,1,0.0
INDOFLOODS-gauge-429-151,INDOFLOODS-gauge-429,9.0_76.0,2018-02-01,2018-02-01,0,0.0
INDOFLOODS-gauge-429-152,INDOFLOODS-gauge-429,9.0_76.0,2018-03-30,2018-03-25,5,0.0
INDOFLOODS-gauge-429-152,INDOFLOODS-gauge-429,9.0_76.0,2018-03-30,2018-03-26,4,0.0
INDOFLOODS-gauge-429-152,INDOFLOODS-gauge-429,9.0_76.0,2018-03-30,2018-03-27,3,1.184
INDOFLOODS-gauge-429-152,INDOFLOODS-gauge-429,9.0_76.0,2018-03-30,2018-03-28,2,6.098
INDOFLOODS-gauge-429-152,INDOFLOODS-gauge-429,9.0_76.0,2018-03-30,2018-03-29,1,0.524
INDOFLOODS-gauge-429-152,INDOFLOODS-gauge-429,9.0_76.0,2018-03-30,2018-03-30,0,1.176
INDOFLOODS-gauge-429-153,INDOFLOODS-gauge-429,9.0_76.0,2018-04-19,2018-04-14,5,15.979
INDOFLOODS-gauge-429-153,INDOFLOODS-gauge-429,9.0_76.0,2018-04-19,2018-04-15,4,9.399
INDOFLOODS-gauge-429-153,INDOFLOODS-gauge-429,9.0_76.0,2018-04-19,2018-04-16,3,11.374
INDOFLOODS-gauge-429-153,INDOFLOODS-gauge-429,9.0_76.0,2018-04-19,2018-04-17,2,6.789
INDOFLOODS-gauge-429-153,INDOFLOODS-gauge-429,9.0_76.0,2018-04-19,2018-04-18,1,2.404
INDOFLOODS-gauge-429-153,INDOFLOODS-gauge-429,9.0_76.0,2018-04-19,2018-04-19,0,9.817
INDOFLOODS-gauge-429-154,INDOFLOODS-gauge-429,9.0_76.0,2018-07-15,2018-07-10,5,61.914
INDOFLOODS-gauge-429-154,INDOFLOODS-gauge-429,9.0_76.0,2018-07-15,2018-07-11,4,56.405
INDOFLOODS-gauge-429-154,INDOFLOODS-gauge-429,9.0_76.0,2018-07-15,2018-07-12,3,43.311
INDOFLOODS-gauge-429-154,INDOFLOODS-gauge-429,9.0_76.0,2018-07-15,2018-07-13,2,33.346
INDOFLOODS-gauge-429-154,INDOFLOODS-gauge-429,9.0_76.0,2018-07-15,2018-07-14,1,25.353
INDOFLOODS-gauge-429-154,INDOFLOODS-gauge-429,9.0_76.0,2018-07-15,2018-07-15,0,56.793
INDOFLOODS-gauge-429-155,INDOFLOODS-gauge-429,9.0_76.0,2019-08-08,2019-08-03,5,0.601
INDOFLOODS-gauge-429-155,INDOFLOODS-gauge-429,9.0_76.0,2019-08-08,2019-08-04,4,5.435
INDOFLOODS-gauge-429-155,INDOFLOODS-gauge-429,9.0_76.0,2019-08-08,2019-08-05,3,10.514
INDOFLOODS-gauge-429-155,INDOFLOODS-gauge-429,9.0_76.0,2019-08-08,2019-08-06,2,15.699
INDOFLOODS-gauge-429-155,INDOFLOODS-gauge-429,9.0_76.0,2019-08-08,2019-08-07,1,49.798
INDOFLOODS-gauge-429-155,INDOFLOODS-gauge-429,9.0_76.0,2019-08-08,2019-08-08,0,72.63
INDOFLOODS-gauge-430-4,INDOFLOODS-gauge-430,10.0_76.0,2018-08-15,2018-08-10,5,22.855
INDOFLOODS-gauge-430-4,INDOFLOODS-gauge-430,10.0_76.0,2018-08-15,2018-08-11,4,13.819
INDOFLOODS-gauge-430-4,INDOFLOODS-gauge-430,10.0_76.0,2018-08-15,2018-08-12,3,12.978
INDOFLOODS-gauge-430-4,INDOFLOODS-gauge-430,10.0_76.0,2018-08-15,2018-08-13,2,32.688
INDOFLOODS-gauge-430-4,INDOFLOODS-gauge-430,10.0_76.0,2018-08-15,2018-08-14,1,38.643
INDOFLOODS-gauge-430-4,INDOFLOODS-gauge-430,10.0_76.0,2018-08-15,2018-08-15,0,122.068
INDOFLOODS-gauge-431-15,INDOFLOODS-gauge-431,10.0_76.0,2017-09-18,2017-09-13,5,3.015
INDOFLOODS-gauge-431-15,INDOFLOODS-gauge-431,10.0_76.0,2017-09-18,2017-09-14,4,17.168
INDOFLOODS-gauge-431-15,INDOFLOODS-gauge-431,10.0_76.0,2017-09-18,2017-09-15,3,12.953
INDOFLOODS-gauge-431-15,INDOFLOODS-gauge-431,10.0_76.0,2017-09-18,2017-09-16,2,14.734
INDOFLOODS-gauge-431-15,INDOFLOODS-gauge-431,10.0_76.0,2017-09-18,2017-09-17,1,71.675
INDOFLOODS-gauge-431-15,INDOFLOODS-gauge-431,10.0_76.0,2017-09-18,2017-09-18,0,72.617
INDOFLOODS-gauge-431-16,INDOFLOODS-gauge-431,10.0_76.0,2018-07-11,2018-07-06,5,7.448
INDOFLOODS-gauge-431-16,INDOFLOODS-gauge-431,10.0_76.0,2018-07-11,2018-07-07,4,7.448
INDOFLOODS-gauge-431-16,INDOFLOODS-gauge-431,10.0_76.0,2018-07-11,2018-07-08,3,33.56
INDOFLOODS-gauge-431-16,INDOFLOODS-gauge-431,10.0_76.0,2018-07-11,2018-07-09,2,41.511
INDOFLOODS-gauge-431-16,INDOFLOODS-gauge-431,10.0_76.0,2018-07-11,2018-07-10,1,50.789
INDOFLOODS-gauge-431-16,INDOFLOODS-gauge-431,10.0_76.0,2018-07-11,2018-07-11,0,73.16
INDOFLOODS-gauge-431-17,INDOFLOODS-gauge-431,10.0_76.0,2019-08-08,2019-08-03,5,4.025
INDOFLOODS-gauge-431-17,INDOFLOODS-gauge-431,10.0_76.0,2019-08-08,2019-08-04,4,5.079
INDOFLOODS-gauge-431-17,INDOFLOODS-gauge-431,10.0_76.0,2019-08-08,2019-08-05,3,16.728
INDOFLOODS-gauge-431-17,INDOFLOODS-gauge-431,10.0_76.0,2019-08-08,2019-08-06,2,61.01
INDOFLOODS-gauge-431-17,INDOFLOODS-gauge-431,10.0_76.0,2019-08-08,2019-08-07,1,83.197
INDOFLOODS-gauge-431-17,INDOFLOODS-gauge-431,10.0_76.0,2019-08-08,2019-08-08,0,71.031
INDOFLOODS-gauge-434-1,INDOFLOODS-gauge-434,9.0_76.0,2019-08-08,2019-08-03,5,0.601
INDOFLOODS-gauge-434-1,INDOFLOODS-gauge-434,9.0_76.0,2019-08-08,2019-08-04,4,5.435
INDOFLOODS-gauge-434-1,INDOFLOODS-gauge-434,9.0_76.0,2019-08-08,2019-08-05,3,10.514
INDOFLOODS-gauge-434-1,INDOFLOODS-gauge-434,9.0_76.0,2019-08-08,2019-08-06,2,15.699
INDOFLOODS-gauge-434-1,INDOFLOODS-gauge-434,9.0_76.0,2019-08-08,2019-08-07,1,49.798
INDOFLOODS-gauge-434-1,INDOFLOODS-gauge-434,9.0_76.0,2019-08-08,2019-08-08,0,72.63
INDOFLOODS-gauge-438-16,INDOFLOODS-gauge-438,9.0_76.0,2018-06-11,2018-06-06,5,5.004
INDOFLOODS-gauge-438-16,INDOFLOODS-gauge-438,9.0_76.0,2018-06-11,2018-06-07,4,25.292
INDOFLOODS-gauge-438-16,INDOFLOODS-gauge-438,9.0_76.0,2018-06-11,2018-06-08,3,38.543
INDOFLOODS-gauge-438-16,INDOFLOODS-gauge-438,9.0_76.0,2018-06-11,2018-06-09,2,25.483
INDOFLOODS-gauge-438-16,INDOFLOODS-gauge-438,9.0_76.0,2018-06-11,2018-06-10,1,36.825
INDOFLOODS-gauge-438-16,INDOFLOODS-gauge-438,9.0_76.0,2018-06-11,2018-06-11,0,63.815
INDOFLOODS-gauge-438-17,INDOFLOODS-gauge-438,9.0_76.0,2018-07-16,2018-07-11,5,56.405
INDOFLOODS-gauge-438-17,INDOFLOODS-gauge-438,9.0_76.0,2018-07-16,2018-07-12,4,43.311
INDOFLOODS-gauge-438-17,INDOFLOODS-gauge-438,9.0_76.0,2018-07-16,2018-07-13,3,33.346
INDOFLOODS-gauge-438-17,INDOFLOODS-gauge-438,9.0_76.0,2018-07-16,2018-07-14,2,25.353
INDOFLOODS-gauge-438-17,INDOFLOODS-gauge-438,9.0_76.0,2018-07-16,2018-07-15,1,56.793
INDOFLOODS-gauge-438-17,INDOFLOODS-gauge-438,9.0_76.0,2018-07-16,2018-07-16,0,118.834
INDOFLOODS-gauge-438-18,INDOFLOODS-gauge-438,9.0_76.0,2018-08-09,2018-08-04,5,5.767
INDOFLOODS-gauge-438-18,INDOFLOODS-gauge-438,9.0_76.0,2018-08-09,2018-08-05,4,2.584
INDOFLOODS-gauge-438-18,INDOFLOODS-gauge-438,9.0_76.0,2018-08-09,2018-08-06,3,5.967
INDOFLOODS-gauge-438-18,INDOFLOODS-gauge-438,9.0_76.0,2018-08-09,2018-08-07,2,6.538
INDOFLOODS-gauge-438-18,INDOFLOODS-gauge-438,9.0_76.0,2018-08-09,2018-08-08,1,63.767
INDOFLOODS-gauge-438-18,INDOFLOODS-gauge-438,9.0_76.0,2018-08-09,2018-08-09,0,73.028
INDOFLOODS-gauge-438-19,INDOFLOODS-gauge-438,9.0_76.0,2018-08-14,2018-08-09,5,73.028
INDOFLOODS-gauge-438-19,INDOFLOODS-gauge-438,9.0_76.0,2018-08-14,2018-08-10,4,52.702
INDOFLOODS-gauge-438-19,INDOFLOODS-gauge-438,9.0_76.0,2018-08-14,2018-08-11,3,28.647
INDOFLOODS-gauge-438-19,INDOFLOODS-gauge-438,9.0_76.0,2018-08-14,2018-08-12,2,6.271
INDOFLOODS-gauge-438-19,INDOFLOODS-gauge-438,9.0_76.0,2018-08-14,2018-08-13,1,22.8
INDOFLOODS-gauge-438-19,INDOFLOODS-gauge-438,9.0_76.0,2018-08-14,2018-08-14,0,19.535
INDOFLOODS-gauge-440-43,INDOFLOODS-gauge-440,9.0_76.0,2017-09-06,2017-09-01,5,1.469
INDOFLOODS-gauge-440-43,INDOFLOODS-gauge-440,9.0_76.0,2017-09-06,2017-09-02,4,14.127
INDOFLOODS-gauge-440-43,INDOFLOODS-gauge-440,9.0_76.0,2017-09-06,2017-09-03,3,25.18
INDOFLOODS-gauge-440-43,INDOFLOODS-gauge-440,9.0_76.0,2017-09-06,2017-09-04,2,5.979
INDOFLOODS-gauge-440-43,INDOFLOODS-gauge-440,9.0_76.0,2017-09-06,2017-09-05,1,8.685
INDOFLOODS-gauge-440-43,INDOFLOODS-gauge-440,9.0_76.0,2017-09-06,2017-09-06,0,39.215
INDOFLOODS-gauge-440-44,INDOFLOODS-gauge-440,9.0_76.0,2017-10-23,2017-10-18,5,19.43
INDOFLOODS-gauge-440-44,INDOFLOODS-gauge-440,9.0_76.0,2017-10-23,2017-10-19,4,2.997
INDOFLOODS-gauge-440-44,INDOFLOODS-gauge-440,9.0_76.0,2017-10-23,2017-10-20,3,0.263
INDOFLOODS-gauge-440-44,INDOFLOODS-gauge-440,9.0_76.0,2017-10-23,2017-10-21,2,1.915
INDOFLOODS-gauge-440-44,INDOFLOODS-gauge-440,9.0_76.0,2017-10-23,2017-10-22,1,30.808
INDOFLOODS-gauge-440-44,INDOFLOODS-gauge-440,9.0_76.0,2017-10-23,2017-10-23,0,0.0
INDOFLOODS-gauge-440-45,INDOFLOODS-gauge-440,9.0_76.0,2018-08-09,2018-08-04,5,5.767
INDOFLOODS-gauge-440-45,INDOFLOODS-gauge-440,9.0_76.0,2018-08-09,2018-08-05,4,2.584
INDOFLOODS-gauge-440-45,INDOFLOODS-gauge-440,9.0_76.0,2018-08-09,2018-08-06,3,5.967
INDOFLOODS-gauge-440-45,INDOFLOODS-gauge-440,9.0_76.0,2018-08-09,2018-08-07,2,6.538
INDOFLOODS-gauge-440-45,INDOFLOODS-gauge-440,9.0_76.0,2018-08-09,2018-08-08,1,63.767
INDOFLOODS-gauge-440-45,INDOFLOODS-gauge-440,9.0_76.0,2018-08-09,2018-08-09,0,73.028
INDOFLOODS-gauge-440-46,INDOFLOODS-gauge-440,9.0_76.0,2018-08-15,2018-08-10,5,52.702
INDOFLOODS-gauge-440-46,INDOFLOODS-gauge-440,9.0_76.0,2018-08-15,2018-08-11,4,28.647
INDOFLOODS-gauge-440-46,INDOFLOODS-gauge-440,9.0_76.0,2018-08-15,2018-08-12,3,6.271
INDOFLOODS-gauge-440-46,INDOFLOODS-gauge-440,9.0_76.0,2018-08-15,2018-08-13,2,22.8
INDOFLOODS-gauge-440-46,INDOFLOODS-gauge-440,9.0_76.0,2018-08-15,2018-08-14,1,19.535
INDOFLOODS-gauge-440-46,INDOFLOODS-gauge-440,9.0_76.0,2018-08-15,2018-08-15,0,126.954
INDOFLOODS-gauge-441-1,INDOFLOODS-gauge-441,11.0_75.0,2019-08-08,2019-08-03,5,8.459
INDOFLOODS-gauge-441-1,INDOFLOODS-gauge-441,11.0_75.0,2019-08-08,2019-08-04,4,7.318
INDOFLOODS-gauge-441-1,INDOFLOODS-gauge-441,11.0_75.0,2019-08-08,2019-08-05,3,52.155
INDOFLOODS-gauge-441-1,INDOFLOODS-gauge-441,11.0_75.0,2019-08-08,2019-08-06,2,41.653
INDOFLOODS-gauge-441-1,INDOFLOODS-gauge-441,11.0_75.0,2019-08-08,2019-08-07,1,97.852
INDOFLOODS-gauge-441-1,INDOFLOODS-gauge-441,11.0_75.0,2019-08-08,2019-08-08,0,81.209
INDOFLOODS-gauge-445-1,INDOFLOODS-gauge-445,10.0_76.0,2019-08-08,2019-08-03,5,4.025
INDOFLOODS-gauge-445-1,INDOFLOODS-gauge-445,10.0_76.0,2019-08-08,2019-08-04,4,5.079
INDOFLOODS-gauge-445-1,INDOFLOODS-gauge-445,10.0_76.0,2019-08-08,2019-08-05,3,16.728
INDOFLOODS-gauge-445-1,INDOFLOODS-gauge-445,10.0_76.0,2019-08-08,2019-08-06,2,61.01
INDOFLOODS-gauge-445-1,INDOFLOODS-gauge-445,10.0_76.0,2019-08-08,2019-08-07,1,83.197
INDOFLOODS-gauge-445-1,INDOFLOODS-gauge-445,10.0_76.0,2019-08-08,2019-08-08,0,71.031
INDOFLOODS-gauge-472-54,INDOFLOODS-gauge-472,22.0_77.0,2016-07-13,2016-07-08,5,23.305
INDOFLOODS-gauge-472-54,INDOFLOODS-gauge-472,22.0_77.0,2016-07-13,2016-07-09,4,170.583
INDOFLOODS-gauge-472-54,INDOFLOODS-gauge-472,22.0_77.0,2016-07-13,2016-07-10,3,67.701
INDOFLOODS-gauge-472-54,INDOFLOODS-gauge-472,22.0_77.0,2016-07-13,2016-07-11,2,31.96
INDOFLOODS-gauge-472-54,INDOFLOODS-gauge-472,22.0_77.0,2016-07-13,2016-07-12,1,95.024
INDOFLOODS-gauge-472-54,INDOFLOODS-gauge-472,22.0_77.0,2016-07-13,2016-07-13,0,51.422
INDOFLOODS-gauge-472-55,INDOFLOODS-gauge-472,22.0_77.0,2016-10-25,2016-10-20,5,0.0
INDOFLOODS-gauge-472-55,INDOFLOODS-gauge-472,22.0_77.0,2016-10-25,2016-10-21,4,0.0
INDOFLOODS-gauge-472-55,INDOFLOODS-gauge-472,22.0_77.0,2016-10-25,2016-10-22,3,0.0
INDOFLOODS-gauge-472-55,INDOFLOODS-gauge-472,22.0_77.0,2016-10-25,2016-10-23,2,0.0
INDOFLOODS-gauge-472-55,INDOFLOODS-gauge-472,22.0_77.0,2016-10-25,2016-10-24,1,0.0
INDOFLOODS-gauge-472-55,INDOFLOODS-gauge-472,22.0_77.0,2016-10-25,2016-10-25,0,0.0
INDOFLOODS-gauge-472-56,INDOFLOODS-gauge-472,22.0_77.0,2017-08-11,2017-08-06,5,1.287
INDOFLOODS-gauge-472-56,INDOFLOODS-gauge-472,22.0_77.0,2017-08-11,2017-08-07,4,4.599
INDOFLOODS-gauge-472-56,INDOFLOODS-gauge-472,22.0_77.0,2017-08-11,2017-08-08,3,6.036
INDOFLOODS-gauge-472-56,INDOFLOODS-gauge-472,22.0_77.0,2017-08-11,2017-08-09,2,1.045
INDOFLOODS-gauge-472-56,INDOFLOODS-gauge-472,22.0_77.0,2017-08-11,2017-08-10,1,1.548
INDOFLOODS-gauge-472-56,INDOFLOODS-gauge-472,22.0_77.0,2017-08-11,2017-08-11,0,0.0
INDOFLOODS-gauge-472-57,INDOFLOODS-gauge-472,22.0_77.0,2019-12-27,2019-12-22,5,0.0
INDOFLOODS-gauge-472-57,INDOFLOODS-gauge-472,22.0_77.0,2019-12-27,2019-12-23,4,0.0
INDOFLOODS-gauge-472-57,INDOFLOODS-gauge-472,22.0_77.0,2019-12-27,2019-12-24,3,0.0
INDOFLOODS-gauge-472-57,INDOFLOODS-gauge-472,22.0_77.0,2019-12-27,2019-12-25,2,0.0
INDOFLOODS-gauge-472-57,INDOFLOODS-gauge-472,22.0_77.0,2019-12-27,2019-12-26,1,0.036
INDOFLOODS-gauge-472-57,INDOFLOODS-gauge-472,22.0_77.0,2019-12-27,2019-12-27,0,0.0
INDOFLOODS-gauge-485-1,INDOFLOODS-gauge-485,22.0_76.0,2018-07-04,2018-06-29,5,3.418
INDOFLOODS-gauge-485-1,INDOFLOODS-gauge-485,22.0_76.0,2018-07-04,2018-06-30,4,6.331
INDOFLOODS-gauge-485-1,INDOFLOODS-gauge-485,22.0_76.0,2018-07-04,2018-07-01,3,2.851
INDOFLOODS-gauge-485-1,INDOFLOODS-gauge-485,22.0_76.0,2018-07-04,2018-07-02,2,0.0
INDOFLOODS-gauge-485-1,INDOFLOODS-gauge-485,22.0_76.0,2018-07-04,2018-07-03,1,0.998
INDOFLOODS-gauge-485-1,INDOFLOODS-gauge-485,22.0_76.0,2018-07-04,2018-07-04,0,0.819
INDOFLOODS-gauge-509-12,INDOFLOODS-gauge-509,24.0_78.0,2015-08-02,2015-07-28,5,3.396
INDOFLOODS-gauge-509-12,INDOFLOODS-gauge-509,24.0_78.0,2015-08-02,2015-07-29,4,0.81
INDOFLOODS-gauge-509-12,INDOFLOODS-gauge-509,24.0_78.0,2015-08-02,2015-07-30,3,0.279
INDOFLOODS-gauge-509-12,INDOFLOODS-gauge-509,24.0_78.0,2015-08-02,2015-07-31,2,0.0
INDOFLOODS-gauge-509-12,INDOFLOODS-gauge-509,24.0_78.0,2015-08-02,2015-08-01,1,0.203
INDOFLOODS-gauge-509-12,INDOFLOODS-gauge-509,24.0_78.0,2015-08-02,2015-08-02,0,0.0
INDOFLOODS-gauge-509-13,INDOFLOODS-gauge-509,24.0_78.0,2016-08-12,2016-08-07,5,18.655
INDOFLOODS-gauge-509-13,INDOFLOODS-gauge-509,24.0_78.0,2016-08-12,2016-08-08,4,21.598
INDOFLOODS-gauge-509-13,INDOFLOODS-gauge-509,24.0_78.0,2016-08-12,2016-08-09,3,1.046
INDOFLOODS-gauge-509-13,INDOFLOODS-gauge-509,24.0_78.0,2016-08-12,2016-08-10,2,1.944
INDOFLOODS-gauge-509-13,INDOFLOODS-gauge-509,24.0_78.0,2016-08-12,2016-08-11,1,2.89
INDOFLOODS-gauge-509-13,INDOFLOODS-gauge-509,24.0_78.0,2016-08-12,2016-08-12,0,0.078
INDOFLOODS-gauge-509-14,INDOFLOODS-gauge-509,24.0_78.0,2016-08-21,2016-08-16,5,8.853
INDOFLOODS-gauge-509-14,INDOFLOODS-gauge-509,24.0_78.0,2016-08-21,2016-08-17,4,0.375
INDOFLOODS-gauge-509-14,INDOFLOODS-gauge-509,24.0_78.0,2016-08-21,2016-08-18,3,16.511
INDOFLOODS-gauge-509-14,INDOFLOODS-gauge-509,24.0_78.0,2016-08-21,2016-08-19,2,35.083
INDOFLOODS-gauge-509-14,INDOFLOODS-gauge-509,24.0_78.0,2016-08-21,2016-08-20,1,143.404
INDOFLOODS-gauge-509-14,INDOFLOODS-gauge-509,24.0_78.0,2016-08-21,2016-08-21,0,1.555
INDOFLOODS-gauge-509-15,INDOFLOODS-gauge-509,24.0_78.0,2016-08-24,2016-08-19,5,35.083
INDOFLOODS-gauge-509-15,INDOFLOODS-gauge-509,24.0_78.0,2016-08-24,2016-08-20,4,143.404
INDOFLOODS-gauge-509-15,INDOFLOODS-gauge-509,24.0_78.0,2016-08-24,2016-08-21,3,1.555
INDOFLOODS-gauge-509-15,INDOFLOODS-gauge-509,24.0_78.0,2016-08-24,2016-08-22,2,0.0
INDOFLOODS-gauge-509-15,INDOFLOODS-gauge-509,24.0_78.0,2016-08-24,2016-08-23,1,0.401
INDOFLOODS-gauge-509-15,INDOFLOODS-gauge-509,24.0_78.0,2016-08-24,2016-08-24,0,5.322
INDOFLOODS-gauge-509-16,INDOFLOODS-gauge-509,24.0_78.0,2016-08-27,2016-08-22,5,0.0
INDOFLOODS-gauge-509-16,INDOFLOODS-gauge-509,24.0_78.0,2016-08-27,2016-08-23,4,0.401
INDOFLOODS-gauge-509-16,INDOFLOODS-gauge-509,24.0_78.0,2016-08-27,2016-08-24,3,5.322
INDOFLOODS-gauge-509-16,INDOFLOODS-gauge-509,24.0_78.0,2016-08-27,2016-08-25,2,0.184
INDOFLOODS-gauge-509-16,INDOFLOODS-gauge-509,24.0_78.0,2016-08-27,2016-08-26,1,4.592
INDOFLOODS-gauge-509-16,INDOFLOODS-gauge-509,24.0_78.0,2016-08-27,2016-08-27,0,13.833
INDOFLOODS-gauge-509-17,INDOFLOODS-gauge-509,24.0_78.0,2016-09-06,2016-09-01,5,8.744
INDOFLOODS-gauge-509-17,INDOFLOODS-gauge-509,24.0_78.0,2016-09-06,2016-09-02,4,0.815
INDOFLOODS-gauge-509-17,INDOFLOODS-gauge-509,24.0_78.0,2016-09-06,2016-09-03,3,0.018
INDOFLOODS-gauge-509-17,INDOFLOODS-gauge-509,24.0_78.0,2016-09-06,2016-09-04,2,0.561
INDOFLOODS-gauge-509-17,INDOFLOODS-gauge-509,24.0_78.0,2016-09-06,2016-09-05,1,0.0
INDOFLOODS-gauge-509-17,INDOFLOODS-gauge-509,24.0_78.0,2016-09-06,2016-09-06,0,0.0
INDOFLOODS-gauge-509-18,INDOFLOODS-gauge-509,24.0_78.0,2016-09-10,2016-09-05,5,0.0
INDOFLOODS-gauge-509-18,INDOFLOODS-gauge-509,24.0_78.0,2016-09-10,2016-09-06,4,0.0
INDOFLOODS-gauge-509-18,INDOFLOODS-gauge-509,24.0_78.0,2016-09-10,2016-09-07,3,0.0
INDOFLOODS-gauge-509-18,INDOFLOODS-gauge-509,24.0_78.0,2016-09-10,2016-09-08,2,0.0
INDOFLOODS-gauge-509-18,INDOFLOODS-gauge-509,24.0_78.0,2016-09-10,2016-09-09,1,0.0
INDOFLOODS-gauge-509-18,INDOFLOODS-gauge-509,24.0_78.0,2016-09-10,2016-09-10,0,0.0
INDOFLOODS-gauge-509-19,INDOFLOODS-gauge-509,24.0_78.0,2017-07-24,2017-07-19,5,2.583
INDOFLOODS-gauge-509-19,INDOFLOODS-gauge-509,24.0_78.0,2017-07-24,2017-07-20,4,10.398
INDOFLOODS-gauge-509-19,INDOFLOODS-gauge-509,24.0_78.0,2017-07-24,2017-07-21,3,30.798
INDOFLOODS-gauge-509-19,INDOFLOODS-gauge-509,24.0_78.0,2017-07-24,2017-07-22,2,7.129
INDOFLOODS-gauge-509-19,INDOFLOODS-gauge-509,24.0_78.0,2017-07-24,2017-07-23,1,17.003
INDOFLOODS-gauge-509-19,INDOFLOODS-gauge-509,24.0_78.0,2017-07-24,2017-07-24,0,1.153
INDOFLOODS-gauge-509-20,INDOFLOODS-gauge-509,24.0_78.0,2017-08-08,2017-08-03,5,0.039
INDOFLOODS-gauge-509-20,INDOFLOODS-gauge-509,24.0_78.0,2017-08-08,2017-08-04,4,0.107
INDOFLOODS-gauge-509-20,INDOFLOODS-gauge-509,24.0_78.0,2017-08-08,2017-08-05,3,0.194
INDOFLOODS-gauge-509-20,INDOFLOODS-gauge-509,24.0_78.0,2017-08-08,2017-08-06,2,1.401
INDOFLOODS-gauge-509-20,INDOFLOODS-gauge-509,24.0_78.0,2017-08-08,2017-08-07,1,5.317
INDOFLOODS-gauge-509-20,INDOFLOODS-gauge-509,24.0_78.0,2017-08-08,2017-08-08,0,16.651
INDOFLOODS-gauge-509-21,INDOFLOODS-gauge-509,24.0_78.0,2017-08-15,2017-08-10,5,0.052
INDOFLOODS-gauge-509-21,INDOFLOODS-gauge-509,24.0_78.0,2017-08-15,2017-08-11,4,0.206
INDOFLOODS-gauge-509-21,INDOFLOODS-gauge-509,24.0_78.0,2017-08-15,2017-08-12,3,5.97
INDOFLOODS-gauge-509-21,INDOFLOODS-gauge-509,24.0_78.0,2017-08-15,2017-08-13,2,0.0
INDOFLOODS-gauge-509-21,INDOFLOODS-gauge-509,24.0_78.0,2017-08-15,2017-08-14,1,0.0
INDOFLOODS-gauge-509-21,INDOFLOODS-gauge-509,24.0_78.0,2017-08-15,2017-08-15,0,0.0
INDOFLOODS-gauge-509-22,INDOFLOODS-gauge-509,24.0_78.0,2017-08-19,2017-08-14,5,0.0
INDOFLOODS-gauge-509-22,INDOFLOODS-gauge-509,24.0_78.0,2017-08-19,2017-08-15,4,0.0
INDOFLOODS-gauge-509-22,INDOFLOODS-gauge-509,24.0_78.0,2017-08-19,2017-08-16,3,0.0
INDOFLOODS-gauge-509-22,INDOFLOODS-gauge-509,24.0_78.0,2017-08-19,2017-08-17,2,0.007
INDOFLOODS-gauge-509-22,INDOFLOODS-gauge-509,24.0_78.0,2017-08-19,2017-08-18,1,4.571
INDOFLOODS-gauge-509-22,INDOFLOODS-gauge-509,24.0_78.0,2017-08-19,2017-08-19,0,0.805
INDOFLOODS-gauge-509-23,INDOFLOODS-gauge-509,24.0_78.0,2017-08-31,2017-08-26,5,13.653
INDOFLOODS-gauge-509-23,INDOFLOODS-gauge-509,24.0_78.0,2017-08-31,2017-08-27,4,6.273
INDOFLOODS-gauge-509-23,INDOFLOODS-gauge-509,24.0_78.0,2017-08-31,2017-08-28,3,0.817
INDOFLOODS-gauge-509-23,INDOFLOODS-gauge-509,24.0_78.0,2017-08-31,2017-08-29,2,7.586
INDOFLOODS-gauge-509-23,INDOFLOODS-gauge-509,24.0_78.0,2017-08-31,2017-08-30,1,4.774
INDOFLOODS-gauge-509-23,INDOFLOODS-gauge-509,24.0_78.0,2017-08-31,2017-08-31,0,1.868
INDOFLOODS-gauge-509-24,INDOFLOODS-gauge-509,24.0_78.0,2017-09-10,2017-09-05,5,0.015
INDOFLOODS-gauge-509-24,INDOFLOODS-gauge-509,24.0_78.0,2017-09-10,2017-09-06,4,0.959
INDOFLOODS-gauge-509-24,INDOFLOODS-gauge-509,24.0_78.0,2017-09-10,2017-09-07,3,2.156
INDOFLOODS-gauge-509-24,INDOFLOODS-gauge-509,24.0_78.0,2017-09-10,2017-09-08,2,0.0
INDOFLOODS-gauge-509-24,INDOFLOODS-gauge-509,24.0_78.0,2017-09-10,2017-09-09,1,0.0
INDOFLOODS-gauge-509-24,INDOFLOODS-gauge-509,24.0_78.0,2017-09-10,2017-09-10,0,2.776
INDOFLOODS-gauge-509-25,INDOFLOODS-gauge-509,24.0_78.0,2017-09-29,2017-09-24,5,0.0
INDOFLOODS-gauge-509-25,INDOFLOODS-gauge-509,24.0_78.0,2017-09-29,2017-09-25,4,0.0
INDOFLOODS-gauge-509-25,INDOFLOODS-gauge-509,24.0_78.0,2017-09-29,2017-09-26,3,0.0
INDOFLOODS-gauge-509-25,INDOFLOODS-gauge-509,24.0_78.0,2017-09-29,2017-09-27,2,0.0
INDOFLOODS-gauge-509-25,INDOFLOODS-gauge-509,24.0_78.0,2017-09-29,2017-09-28,1,0.0
INDOFLOODS-gauge-509-25,INDOFLOODS-gauge-509,24.0_78.0,2017-09-29,2017-09-29,0,0.0
INDOFLOODS-gauge-509-26,INDOFLOODS-gauge-509,24.0_78.0,2017-10-21,2017-10-16,5,0.0
INDOFLOODS-gauge-509-26,INDOFLOODS-gauge-509,24.0_78.0,2017-10-21,2017-10-17,4,0.0
INDOFLOODS-gauge-509-26,INDOFLOODS-gauge-509,24.0_78.0,2017-10-21,2017-10-18,3,0.0
INDOFLOODS-gauge-509-26,INDOFLOODS-gauge-509,24.0_78.0,2017-10-21,2017-10-19,2,0.0
INDOFLOODS-gauge-509-26,INDOFLOODS-gauge-509,24.0_78.0,2017-10-21,2017-10-20,1,0.0
INDOFLOODS-gauge-509-26,INDOFLOODS-gauge-509,24.0_78.0,2017-10-21,2017-10-21,0,0.0
INDOFLOODS-gauge-509-27,INDOFLOODS-gauge-509,24.0_78.0,2018-07-23,2018-07-18,5,16.676
INDOFLOODS-gauge-509-27,INDOFLOODS-gauge-509,24.0_78.0,2018-07-23,2018-07-19,4,37.211
INDOFLOODS-gauge-509-27,INDOFLOODS-gauge-509,24.0_78.0,2018-07-23,2018-07-20,3,4.211
INDOFLOODS-gauge-509-27,INDOFLOODS-gauge-509,24.0_78.0,2018-07-23,2018-07-21,2,2.632
INDOFLOODS-gauge-509-27,INDOFLOODS-gauge-509,24.0_78.0,2018-07-23,2018-07-22,1,16.917
INDOFLOODS-gauge-509-27,INDOFLOODS-gauge-509,24.0_78.0,2018-07-23,2018-07-23,0,14.509
INDOFLOODS-gauge-509-28,INDOFLOODS-gauge-509,24.0_78.0,2018-07-27,2018-07-22,5,16.917
INDOFLOODS-gauge-509-28,INDOFLOODS-gauge-509,24.0_78.0,2018-07-27,2018-07-23,4,14.509
INDOFLOODS-gauge-509-28,INDOFLOODS-gauge-509,24.0_78.0,2018-07-27,2018-07-24,3,29.072
INDOFLOODS-gauge-509-28,INDOFLOODS-gauge-509,24.0_78.0,2018-07-27,2018-07-25,2,7.832
INDOFLOODS-gauge-509-28,INDOFLOODS-gauge-509,24.0_78.0,2018-07-27,2018-07-26,1,43.126
INDOFLOODS-gauge-509-28,INDOFLOODS-gauge-509,24.0_78.0,2018-07-27,2018-07-27,0,7.458
INDOFLOODS-gauge-509-29,INDOFLOODS-gauge-509,24.0_78.0,2018-07-31,2018-07-26,5,43.126
INDOFLOODS-gauge-509-29,INDOFLOODS-gauge-509,24.0_78.0,2018-07-31,2018-07-27,4,7.458
INDOFLOODS-gauge-509-29,INDOFLOODS-gauge-509,24.0_78.0,2018-07-31,2018-07-28,3,0.03
INDOFLOODS-gauge-509-29,INDOFLOODS-gauge-509,24.0_78.0,2018-07-31,2018-07-29,2,0.0
INDOFLOODS-gauge-509-29,INDOFLOODS-gauge-509,24.0_78.0,2018-07-31,2018-07-30,1,0.049
INDOFLOODS-gauge-509-29,INDOFLOODS-gauge-509,24.0_78.0,2018-07-31,2018-07-31,0,4.586
INDOFLOODS-gauge-509-30,INDOFLOODS-gauge-509,24.0_78.0,2018-08-06,2018-08-01,5,5.783
INDOFLOODS-gauge-509-30,INDOFLOODS-gauge-509,24.0_78.0,2018-08-06,2018-08-02,4,0.0
INDOFLOODS-gauge-509-30,INDOFLOODS-gauge-509,24.0_78.0,2018-08-06,2018-08-03,3,0.0
INDOFLOODS-gauge-509-30,INDOFLOODS-gauge-509,24.0_78.0,2018-08-06,2018-08-04,2,0.0
INDOFLOODS-gauge-509-30,INDOFLOODS-gauge-509,24.0_78.0,2018-08-06,2018-08-05,1,0.819
INDOFLOODS-gauge-509-30,INDOFLOODS-gauge-509,24.0_78.0,2018-08-06,2018-08-06,0,0.0
INDOFLOODS-gauge-509-31,INDOFLOODS-gauge-509,24.0_78.0,2018-08-10,2018-08-05,5,0.819
INDOFLOODS-gauge-509-31,INDOFLOODS-gauge-509,24.0_78.0,2018-08-10,2018-08-06,4,0.0
INDOFLOODS-gauge-509-31,INDOFLOODS-gauge-509,24.0_78.0,2018-08-10,2018-08-07,3,0.225
INDOFLOODS-gauge-509-31,INDOFLOODS-gauge-509,24.0_78.0,2018-08-10,2018-08-08,2,1.774
INDOFLOODS-gauge-509-31,INDOFLOODS-gauge-509,24.0_78.0,2018-08-10,2018-08-09,1,29.98
INDOFLOODS-gauge-509-31,INDOFLOODS-gauge-509,24.0_78.0,2018-08-10,2018-08-10,0,6.923
INDOFLOODS-gauge-509-32,INDOFLOODS-gauge-509,24.0_78.0,2018-08-16,2018-08-11,5,10.474
INDOFLOODS-gauge-509-32,INDOFLOODS-gauge-509,24.0_78.0,2018-08-16,2018-08-12,4,10.776
INDOFLOODS-gauge-509-32,INDOFLOODS-gauge-509,24.0_78.0,2018-08-16,2018-08-13,3,2.32
INDOFLOODS-gauge-509-32,INDOFLOODS-gauge-509,24.0_78.0,2018-08-16,2018-08-14,2,0.658
INDOFLOODS-gauge-509-32,INDOFLOODS-gauge-509,24.0_78.0,2018-08-16,2018-08-15,1,9.901
INDOFLOODS-gauge-509-32,INDOFLOODS-gauge-509,24.0_78.0,2018-08-16,2018-08-16,0,13.28
INDOFLOODS-gauge-509-33,INDOFLOODS-gauge-509,24.0_78.0,2018-08-21,2018-08-16,5,13.28
INDOFLOODS-gauge-509-33,INDOFLOODS-gauge-509,24.0_78.0,2018-08-21,2018-08-17,4,0.792
INDOFLOODS-gauge-509-33,INDOFLOODS-gauge-509,24.0_78.0,2018-08-21,2018-08-18,3,3.543
INDOFLOODS-gauge-509-33,INDOFLOODS-gauge-509,24.0_78.0,2018-08-21,2018-08-19,2,7.89
INDOFLOODS-gauge-509-33,INDOFLOODS-gauge-509,24.0_78.0,2018-08-21,2018-08-20,1,5.603
INDOFLOODS-gauge-509-33,INDOFLOODS-gauge-509,24.0_78.0,2018-08-21,2018-08-21,0,28.714
INDOFLOODS-gauge-509-34,INDOFLOODS-gauge-509,24.0_78.0,2018-08-27,2018-08-22,5,17.216
INDOFLOODS-gauge-509-34,INDOFLOODS-gauge-509,24.0_78.0,2018-08-27,2018-08-23,4,19.574
INDOFLOODS-gauge-509-34,INDOFLOODS-gauge-509,24.0_78.0,2018-08-27,2018-08-24,3,7.329
INDOFLOODS-gauge-509-34,INDOFLOODS-gauge-509,24.0_78.0,2018-08-27,2018-08-25,2,15.193
INDOFLOODS-gauge-509-34,INDOFLOODS-gauge-509,24.0_78.0,2018-08-27,2018-08-26,1,5.524
INDOFLOODS-gauge-509-34,INDOFLOODS-gauge-509,24.0_78.0,2018-08-27,2018-08-27,0,0.0
INDOFLOODS-gauge-509-35,INDOFLOODS-gauge-509,24.0_78.0,2018-09-02,2018-08-28,5,10.627
INDOFLOODS-gauge-509-35,INDOFLOODS-gauge-509,24.0_78.0,2018-09-02,2018-08-29,4,10.43
INDOFLOODS-gauge-509-35,INDOFLOODS-gauge-509,24.0_78.0,2018-09-02,2018-08-30,3,14.819
INDOFLOODS-gauge-509-35,INDOFLOODS-gauge-509,24.0_78.0,2018-09-02,2018-08-31,2,13.125
INDOFLOODS-gauge-509-35,INDOFLOODS-gauge-509,24.0_78.0,2018-09-02,2018-09-01,1,42.748
INDOFLOODS-gauge-509-35,INDOFLOODS-gauge-509,24.0_78.0,2018-09-02,2018-09-02,0,84.097
INDOFLOODS-gauge-509-36,INDOFLOODS-gauge-509,24.0_78.0,2018-09-11,2018-09-06,5,19.517
INDOFLOODS-gauge-509-36,INDOFLOODS-gauge-509,24.0_78.0,2018-09-11,2018-09-07,4,3.471
INDOFLOODS-gauge-509-36,INDOFLOODS-gauge-509,24.0_78.0,2018-09-11,2018-09-08,3,59.586
INDOFLOODS-gauge-509-36,INDOFLOODS-gauge-509,24.0_78.0,2018-09-11,2018-09-09,2,0.31
INDOFLOODS-gauge-509-36,INDOFLOODS-gauge-509,24.0_78.0,2018-09-11,2018-09-10,1,0.0
INDOFLOODS-gauge-509-36,INDOFLOODS-gauge-509,24.0_78.0,2018-09-11,2018-09-11,0,0.0
INDOFLOODS-gauge-509-37,INDOFLOODS-gauge-509,24.0_78.0,2018-09-22,2018-09-17,5,0.0
INDOFLOODS-gauge-509-37,INDOFLOODS-gauge-509,24.0_78.0,2018-09-22,2018-09-18,4,0.0
INDOFLOODS-gauge-509-37,INDOFLOODS-gauge-509,24.0_78.0,2018-09-22,2018-09-19,3,0.0
INDOFLOODS-gauge-509-37,INDOFLOODS-gauge-509,24.0_78.0,2018-09-22,2018-09-20,2,0.0
INDOFLOODS-gauge-509-37,INDOFLOODS-gauge-509,24.0_78.0,2018-09-22,2018-09-21,1,0.0
INDOFLOODS-gauge-509-37,INDOFLOODS-gauge-509,24.0_78.0,2018-09-22,2018-09-22,0,9.429
INDOFLOODS-gauge-509-38,INDOFLOODS-gauge-509,24.0_78.0,2018-10-13,2018-10-08,5,0.0
INDOFLOODS-gauge-509-38,INDOFLOODS-gauge-509,24.0_78.0,2018-10-13,2018-10-09,4,0.0
INDOFLOODS-gauge-509-38,INDOFLOODS-gauge-509,24.0_78.0,2018-10-13,2018-10-10,3,0.0
INDOFLOODS-gauge-509-38,INDOFLOODS-gauge-509,24.0_78.0,2018-10-13,2018-10-11,2,0.0
INDOFLOODS-gauge-509-38,INDOFLOODS-gauge-509,24.0_78.0,2018-10-13,2018-10-12,1,0.0
INDOFLOODS-gauge-509-38,INDOFLOODS-gauge-509,24.0_78.0,2018-10-13,2018-10-13,0,0.0
INDOFLOODS-gauge-509-39,INDOFLOODS-gauge-509,24.0_78.0,2020-08-23,2020-08-18,5,32.22
INDOFLOODS-gauge-509-39,INDOFLOODS-gauge-509,24.0_78.0,2020-08-23,2020-08-19,4,18.506
INDOFLOODS-gauge-509-39,INDOFLOODS-gauge-509,24.0_78.0,2020-08-23,2020-08-20,3,25.295
INDOFLOODS-gauge-509-39,INDOFLOODS-gauge-509,24.0_78.0,2020-08-23,2020-08-21,2,4.128
INDOFLOODS-gauge-509-39,INDOFLOODS-gauge-509,24.0_78.0,2020-08-23,2020-08-22,1,28.741
INDOFLOODS-gauge-509-39,INDOFLOODS-gauge-509,24.0_78.0,2020-08-23,2020-08-23,0,10.759
INDOFLOODS-gauge-526-27,INDOFLOODS-gauge-526,23.0_79.0,2019-08-15,2019-08-10,5,1.354
INDOFLOODS-gauge-526-27,INDOFLOODS-gauge-526,23.0_79.0,2019-08-15,2019-08-11,4,1.881
INDOFLOODS-gauge-526-27,INDOFLOODS-gauge-526,23.0_79.0,2019-08-15,2019-08-12,3,0.016
INDOFLOODS-gauge-526-27,INDOFLOODS-gauge-526,23.0_79.0,2019-08-15,2019-08-13,2,1.367
INDOFLOODS-gauge-526-27,INDOFLOODS-gauge-526,23.0_79.0,2019-08-15,2019-08-14,1,60.965
INDOFLOODS-gauge-526-27,INDOFLOODS-gauge-526,23.0_79.0,2019-08-15,2019-08-15,0,135.911
INDOFLOODS-gauge-544-1,INDOFLOODS-gauge-544,22.0_80.0,2018-07-23,2018-07-18,5,22.817
INDOFLOODS-gauge-544-1,INDOFLOODS-gauge-544,22.0_80.0,2018-07-23,2018-07-19,4,3.629
INDOFLOODS-gauge-544-1,INDOFLOODS-gauge-544,22.0_80.0,2018-07-23,2018-07-20,3,6.725
INDOFLOODS-gauge-544-1,INDOFLOODS-gauge-544,22.0_80.0,2018-07-23,2018-07-21,2,1.2
INDOFLOODS-gauge-544-1,INDOFLOODS-gauge-544,22.0_80.0,2018-07-23,2018-07-22,1,21.018
INDOFLOODS-gauge-544-1,INDOFLOODS-gauge-544,22.0_80.0,2018-07-23,2018-07-23,0,49.41
INDOFLOODS-gauge-544-2,INDOFLOODS-gauge-544,22.0_80.0,2019-08-08,2019-08-03,5,49.828
INDOFLOODS-gauge-544-2,INDOFLOODS-gauge-544,22.0_80.0,2019-08-08,2019-08-04,4,22.893
INDOFLOODS-gauge-544-2,INDOFLOODS-gauge-544,22.0_80.0,2019-08-08,2019-08-05,3,0.305
INDOFLOODS-gauge-544-2,INDOFLOODS-gauge-544,22.0_80.0,2019-08-08,2019-08-06,2,1.98
INDOFLOODS-gauge-544-2,INDOFLOODS-gauge-544,22.0_80.0,2019-08-08,2019-08-07,1,17.555
INDOFLOODS-gauge-544-2,INDOFLOODS-gauge-544,22.0_80.0,2019-08-08,2019-08-08,0,85.632
INDOFLOODS-gauge-560-243,INDOFLOODS-gauge-560,21.0_76.0,2015-07-21,2015-07-16,5,0.0
INDOFLOODS-gauge-560-243,INDOFLOODS-gauge-560,21.0_76.0,2015-07-21,2015-07-17,4,0.0
INDOFLOODS-gauge-560-243,INDOFLOODS-gauge-560,21.0_76.0,2015-07-21,2015-07-18,3,0.143
INDOFLOODS-gauge-560-243,INDOFLOODS-gauge-560,21.0_76.0,2015-07-21,2015-07-19,2,5.072
INDOFLOODS-gauge-560-243,INDOFLOODS-gauge-560,21.0_76.0,2015-07-21,2015-07-20,1,19.016
INDOFLOODS-gauge-560-243,INDOFLOODS-gauge-560,21.0_76.0,2015-07-21,2015-07-21,0,30.694
INDOFLOODS-gauge-560-244,INDOFLOODS-gauge-560,21.0_76.0,2015-07-24,2015-07-19,5,5.072
INDOFLOODS-gauge-560-244,INDOFLOODS-gauge-560,21.0_76.0,2015-07-24,2015-07-20,4,19.016
INDOFLOODS-gauge-560-244,INDOFLOODS-gauge-560,21.0_76.0,2015-07-24,2015-07-21,3,30.694
INDOFLOODS-gauge-560-244,INDOFLOODS-gauge-560,21.0_76.0,2015-07-24,2015-07-22,2,31.567
INDOFLOODS-gauge-560-244,INDOFLOODS-gauge-560,21.0_76.0,2015-07-24,2015-07-23,1,4.204
INDOFLOODS-gauge-560-244,INDOFLOODS-gauge-560,21.0_76.0,2015-07-24,2015-07-24,0,15.049
INDOFLOODS-gauge-560-245,INDOFLOODS-gauge-560,21.0_76.0,2015-08-05,2015-07-31,5,0.0
INDOFLOODS-gauge-560-245,INDOFLOODS-gauge-560,21.0_76.0,2015-08-05,2015-08-01,4,0.527
INDOFLOODS-gauge-560-245,INDOFLOODS-gauge-560,21.0_76.0,2015-08-05,2015-08-02,3,0.268
INDOFLOODS-gauge-560-245,INDOFLOODS-gauge-560,21.0_76.0,2015-08-05,2015-08-03,2,0.405
INDOFLOODS-gauge-560-245,INDOFLOODS-gauge-560,21.0_76.0,2015-08-05,2015-08-04,1,20.892
INDOFLOODS-gauge-560-245,INDOFLOODS-gauge-560,21.0_76.0,2015-08-05,2015-08-05,0,171.114
INDOFLOODS-gauge-560-246,INDOFLOODS-gauge-560,21.0_76.0,2015-09-01,2015-08-27,5,1.402
INDOFLOODS-gauge-560-246,INDOFLOODS-gauge-560,21.0_76.0,2015-09-01,2015-08-28,4,2.298
INDOFLOODS-gauge-560-246,INDOFLOODS-gauge-560,21.0_76.0,2015-09-01,2015-08-29,3,0.02
INDOFLOODS-gauge-560-246,INDOFLOODS-gauge-560,21.0_76.0,2015-09-01,2015-08-30,2,10.405
INDOFLOODS-gauge-560-246,INDOFLOODS-gauge-560,21.0_76.0,2015-09-01,2015-08-31,1,10.604
INDOFLOODS-gauge-560-246,INDOFLOODS-gauge-560,21.0_76.0,2015-09-01,2015-09-01,0,0.18
INDOFLOODS-gauge-560-247,INDOFLOODS-gauge-560,21.0_76.0,2015-09-19,2015-09-14,5,0.694
INDOFLOODS-gauge-560-247,INDOFLOODS-gauge-560,21.0_76.0,2015-09-19,2015-09-15,4,22.252
INDOFLOODS-gauge-560-247,INDOFLOODS-gauge-560,21.0_76.0,2015-09-19,2015-09-16,3,8.319
INDOFLOODS-gauge-560-247,INDOFLOODS-gauge-560,21.0_76.0,2015-09-19,2015-09-17,2,1.076
INDOFLOODS-gauge-560-247,INDOFLOODS-gauge-560,21.0_76.0,2015-09-19,2015-09-18,1,70.016
INDOFLOODS-gauge-560-247,INDOFLOODS-gauge-560,21.0_76.0,2015-09-19,2015-09-19,0,11.612
INDOFLOODS-gauge-560-248,INDOFLOODS-gauge-560,21.0_76.0,2016-07-07,2016-07-02,5,0.017
INDOFLOODS-gauge-560-248,INDOFLOODS-gauge-560,21.0_76.0,2016-07-07,2016-07-03,4,5.651
INDOFLOODS-gauge-560-248,INDOFLOODS-gauge-560,21.0_76.0,2016-07-07,2016-07-04,3,13.588
INDOFLOODS-gauge-560-248,INDOFLOODS-gauge-560,21.0_76.0,2016-07-07,2016-07-05,2,16.682
INDOFLOODS-gauge-560-248,INDOFLOODS-gauge-560,21.0_76.0,2016-07-07,2016-07-06,1,0.666
INDOFLOODS-gauge-560-248,INDOFLOODS-gauge-560,21.0_76.0,2016-07-07,2016-07-07,0,0.159
INDOFLOODS-gauge-560-249,INDOFLOODS-gauge-560,21.0_76.0,2016-07-10,2016-07-05,5,16.682
INDOFLOODS-gauge-560-249,INDOFLOODS-gauge-560,21.0_76.0,2016-07-10,2016-07-06,4,0.666
INDOFLOODS-gauge-560-249,INDOFLOODS-gauge-560,21.0_76.0,2016-07-10,2016-07-07,3,0.159
INDOFLOODS-gauge-560-249,INDOFLOODS-gauge-560,21.0_76.0,2016-07-10,2016-07-08,2,0.77
INDOFLOODS-gauge-560-249,INDOFLOODS-gauge-560,21.0_76.0,2016-07-10,2016-07-09,1,18.501
INDOFLOODS-gauge-560-249,INDOFLOODS-gauge-560,21.0_76.0,2016-07-10,2016-07-10,0,22.018
INDOFLOODS-gauge-560-250,INDOFLOODS-gauge-560,21.0_76.0,2016-07-20,2016-07-15,5,0.116
INDOFLOODS-gauge-560-250,INDOFLOODS-gauge-560,21.0_76.0,2016-07-20,2016-07-16,4,0.871
INDOFLOODS-gauge-560-250,INDOFLOODS-gauge-560,21.0_76.0,2016-07-20,2016-07-17,3,0.108
INDOFLOODS-gauge-560-250,INDOFLOODS-gauge-560,21.0_76.0,2016-07-20,2016-07-18,2,2.987
INDOFLOODS-gauge-560-250,INDOFLOODS-gauge-560,21.0_76.0,2016-07-20,2016-07-19,1,9.334
INDOFLOODS-gauge-560-250,INDOFLOODS-gauge-560,21.0_76.0,2016-07-20,2016-07-20,0,6.203
INDOFLOODS-gauge-560-251,INDOFLOODS-gauge-560,21.0_76.0,2016-07-24,2016-07-19,5,9.334
INDOFLOODS-gauge-560-251,INDOFLOODS-gauge-560,21.0_76.0,2016-07-24,2016-07-20,4,6.203
INDOFLOODS-gauge-560-251,INDOFLOODS-gauge-560,21.0_76.0,2016-07-24,2016-07-21,3,0.094
INDOFLOODS-gauge-560-251,INDOFLOODS-gauge-560,21.0_76.0,2016-07-24,2016-07-22,2,0.836
INDOFLOODS-gauge-560-251,INDOFLOODS-gauge-560,21.0_76.0,2016-07-24,2016-07-23,1,10.161
INDOFLOODS-gauge-560-251,INDOFLOODS-gauge-560,21.0_76.0,2016-07-24,2016-07-24,0,30.705
INDOFLOODS-gauge-560-252,INDOFLOODS-gauge-560,21.0_76.0,2016-09-01,2016-08-27,5,0.057
INDOFLOODS-gauge-560-252,INDOFLOODS-gauge-560,21.0_76.0,2016-09-01,2016-08-28,4,2.135
INDOFLOODS-gauge-560-252,INDOFLOODS-gauge-560,21.0_76.0,2016-09-01,2016-08-29,3,0.521
INDOFLOODS-gauge-560-252,INDOFLOODS-gauge-560,21.0_76.0,2016-09-01,2016-08-30,2,1.879
INDOFLOODS-gauge-560-252,INDOFLOODS-gauge-560,21.0_76.0,2016-09-01,2016-08-31,1,4.917
INDOFLOODS-gauge-560-252,INDOFLOODS-gauge-560,21.0_76.0,2016-09-01,2016-09-01,0,26.822
INDOFLOODS-gauge-560-253,INDOFLOODS-gauge-560,21.0_76.0,2016-09-18,2016-09-13,5,0.0
INDOFLOODS-gauge-560-253,INDOFLOODS-gauge-560,21.0_76.0,2016-09-18,2016-09-14,4,0.325
INDOFLOODS-gauge-560-253,INDOFLOODS-gauge-560,21.0_76.0,2016-09-18,2016-09-15,3,1.996
INDOFLOODS-gauge-560-253,INDOFLOODS-gauge-560,21.0_76.0,2016-09-18,2016-09-16,2,8.234
INDOFLOODS-gauge-560-253,INDOFLOODS-gauge-560,21.0_76.0,2016-09-18,2016-09-17,1,28.734
INDOFLOODS-gauge-560-253,INDOFLOODS-gauge-560,21.0_76.0,2016-09-18,2016-09-18,0,7.868
INDOFLOODS-gauge-560-254,INDOFLOODS-gauge-560,21.0_76.0,2016-09-22,2016-09-17,5,28.734
INDOFLOODS-gauge-560-254,INDOFLOODS-gauge-560,21.0_76.0,2016-09-22,2016-09-18,4,7.868
INDOFLOODS-gauge-560-254,INDOFLOODS-gauge-560,21.0_76.0,2016-09-22,2016-09-19,3,0.887
INDOFLOODS-gauge-560-254,INDOFLOODS-gauge-560,21.0_76.0,2016-09-22,2016-09-20,2,10.352
INDOFLOODS-gauge-560-254,INDOFLOODS-gauge-560,21.0_76.0,2016-09-22,2016-09-21,1,9.041
INDOFLOODS-gauge-560-254,INDOFLOODS-gauge-560,21.0_76.0,2016-09-22,2016-09-22,0,12.717
INDOFLOODS-gauge-560-255,INDOFLOODS-gauge-560,21.0_76.0,2016-09-25,2016-09-20,5,10.352
INDOFLOODS-gauge-560-255,INDOFLOODS-gauge-560,21.0_76.0,2016-09-25,2016-09-21,4,9.041
INDOFLOODS-gauge-560-255,INDOFLOODS-gauge-560,21.0_76.0,2016-09-25,2016-09-22,3,12.717
INDOFLOODS-gauge-560-255,INDOFLOODS-gauge-560,21.0_76.0,2016-09-25,2016-09-23,2,0.597
INDOFLOODS-gauge-560-255,INDOFLOODS-gauge-560,21.0_76.0,2016-09-25,2016-09-24,1,8.229
INDOFLOODS-gauge-560-255,INDOFLOODS-gauge-560,21.0_76.0,2016-09-25,2016-09-25,0,6.832
INDOFLOODS-gauge-560-256,INDOFLOODS-gauge-560,21.0_76.0,2016-10-02,2016-09-27,5,0.0
INDOFLOODS-gauge-560-256,INDOFLOODS-gauge-560,21.0_76.0,2016-10-02,2016-09-28,4,0.081
INDOFLOODS-gauge-560-256,INDOFLOODS-gauge-560,21.0_76.0,2016-10-02,2016-09-29,3,6.473
INDOFLOODS-gauge-560-256,INDOFLOODS-gauge-560,21.0_76.0,2016-10-02,2016-09-30,2,7.467
INDOFLOODS-gauge-560-256,INDOFLOODS-gauge-560,21.0_76.0,2016-10-02,2016-10-01,1,15.993
INDOFLOODS-gauge-560-256,INDOFLOODS-gauge-560,21.0_76.0,2016-10-02,2016-10-02,0,8.247
INDOFLOODS-gauge-560-257,INDOFLOODS-gauge-560,21.0_76.0,2017-07-20,2017-07-15,5,6.216
INDOFLOODS-gauge-560-257,INDOFLOODS-gauge-560,21.0_76.0,2017-07-20,2017-07-16,4,6.018
INDOFLOODS-gauge-560-257,INDOFLOODS-gauge-560,21.0_76.0,2017-07-20,2017-07-17,3,13.762
INDOFLOODS-gauge-560-257,INDOFLOODS-gauge-560,21.0_76.0,2017-07-20,2017-07-18,2,3.954
INDOFLOODS-gauge-560-257,INDOFLOODS-gauge-560,21.0_76.0,2017-07-20,2017-07-19,1,14.916
INDOFLOODS-gauge-560-257,INDOFLOODS-gauge-560,21.0_76.0,2017-07-20,2017-07-20,0,14.668
INDOFLOODS-gauge-560-258,INDOFLOODS-gauge-560,21.0_76.0,2017-07-28,2017-07-23,5,3.516
INDOFLOODS-gauge-560-258,INDOFLOODS-gauge-560,21.0_76.0,2017-07-28,2017-07-24,4,7.897
INDOFLOODS-gauge-560-258,INDOFLOODS-gauge-560,21.0_76.0,2017-07-28,2017-07-25,3,4.976
INDOFLOODS-gauge-560-258,INDOFLOODS-gauge-560,21.0_76.0,2017-07-28,2017-07-26,2,8.002
INDOFLOODS-gauge-560-258,INDOFLOODS-gauge-560,21.0_76.0,2017-07-28,2017-07-27,1,12.757
INDOFLOODS-gauge-560-258,INDOFLOODS-gauge-560,21.0_76.0,2017-07-28,2017-07-28,0,8.502
INDOFLOODS-gauge-560-259,INDOFLOODS-gauge-560,21.0_76.0,2017-08-26,2017-08-21,5,18.647
INDOFLOODS-gauge-560-259,INDOFLOODS-gauge-560,21.0_76.0,2017-08-26,2017-08-22,4,10.244
INDOFLOODS-gauge-560-259,INDOFLOODS-gauge-560,21.0_76.0,2017-08-26,2017-08-23,3,8.02
INDOFLOODS-gauge-560-259,INDOFLOODS-gauge-560,21.0_76.0,2017-08-26,2017-08-24,2,0.982
INDOFLOODS-gauge-560-259,INDOFLOODS-gauge-560,21.0_76.0,2017-08-26,2017-08-25,1,14.592
INDOFLOODS-gauge-560-259,INDOFLOODS-gauge-560,21.0_76.0,2017-08-26,2017-08-26,0,19.039
INDOFLOODS-gauge-560-260,INDOFLOODS-gauge-560,21.0_76.0,2017-08-29,2017-08-24,5,0.982
INDOFLOODS-gauge-560-260,INDOFLOODS-gauge-560,21.0_76.0,2017-08-29,2017-08-25,4,14.592
INDOFLOODS-gauge-560-260,INDOFLOODS-gauge-560,21.0_76.0,2017-08-29,2017-08-26,3,19.039
INDOFLOODS-gauge-560-260,INDOFLOODS-gauge-560,21.0_76.0,2017-08-29,2017-08-27,2,11.247
INDOFLOODS-gauge-560-260,INDOFLOODS-gauge-560,21.0_76.0,2017-08-29,2017-08-28,1,6.766
INDOFLOODS-gauge-560-260,INDOFLOODS-gauge-560,21.0_76.0,2017-08-29,2017-08-29,0,24.53
INDOFLOODS-gauge-560-261,INDOFLOODS-gauge-560,21.0_76.0,2017-09-15,2017-09-10,5,4.385
INDOFLOODS-gauge-560-261,INDOFLOODS-gauge-560,21.0_76.0,2017-09-15,2017-09-11,4,0.47
INDOFLOODS-gauge-560-261,INDOFLOODS-gauge-560,21.0_76.0,2017-09-15,2017-09-12,3,2.471
INDOFLOODS-gauge-560-261,INDOFLOODS-gauge-560,21.0_76.0,2017-09-15,2017-09-13,2,7.314
INDOFLOODS-gauge-560-261,INDOFLOODS-gauge-560,21.0_76.0,2017-09-15,2017-09-14,1,11.833
INDOFLOODS-gauge-560-261,INDOFLOODS-gauge-560,21.0_76.0,2017-09-15,2017-09-15,0,26.345
INDOFLOODS-gauge-560-262,INDOFLOODS-gauge-560,21.0_76.0,2017-09-20,2017-09-15,5,26.345
INDOFLOODS-gauge-560-262,INDOFLOODS-gauge-560,21.0_76.0,2017-09-20,2017-09-16,4,41.201
INDOFLOODS-gauge-560-262,INDOFLOODS-gauge-560,21.0_76.0,2017-09-20,2017-09-17,3,2.597
INDOFLOODS-gauge-560-262,INDOFLOODS-gauge-560,21.0_76.0,2017-09-20,2017-09-18,2,0.225
INDOFLOODS-gauge-560-262,INDOFLOODS-gauge-560,21.0_76.0,2017-09-20,2017-09-19,1,4.395
INDOFLOODS-gauge-560-262,INDOFLOODS-gauge-560,21.0_76.0,2017-09-20,2017-09-20,0,1.879
INDOFLOODS-gauge-560-263,INDOFLOODS-gauge-560,21.0_76.0,2018-07-11,2018-07-06,5,10.412
INDOFLOODS-gauge-560-263,INDOFLOODS-gauge-560,21.0_76.0,2018-07-11,2018-07-07,4,13.123
INDOFLOODS-gauge-560-263,INDOFLOODS-gauge-560,21.0_76.0,2018-07-11,2018-07-08,3,1.936
INDOFLOODS-gauge-560-263,INDOFLOODS-gauge-560,21.0_76.0,2018-07-11,2018-07-09,2,18.588
INDOFLOODS-gauge-560-263,INDOFLOODS-gauge-560,21.0_76.0,2018-07-11,2018-07-10,1,17.098
INDOFLOODS-gauge-560-263,INDOFLOODS-gauge-560,21.0_76.0,2018-07-11,2018-07-11,0,35.741
INDOFLOODS-gauge-560-264,INDOFLOODS-gauge-560,21.0_76.0,2018-08-17,2018-08-12,5,0.103
INDOFLOODS-gauge-560-264,INDOFLOODS-gauge-560,21.0_76.0,2018-08-17,2018-08-13,4,2.013
INDOFLOODS-gauge-560-264,INDOFLOODS-gauge-560,21.0_76.0,2018-08-17,2018-08-14,3,2.177
INDOFLOODS-gauge-560-264,INDOFLOODS-gauge-560,21.0_76.0,2018-08-17,2018-08-15,2,0.485
INDOFLOODS-gauge-560-264,INDOFLOODS-gauge-560,21.0_76.0,2018-08-17,2018-08-16,1,11.756
INDOFLOODS-gauge-560-264,INDOFLOODS-gauge-560,21.0_76.0,2018-08-17,2018-08-17,0,88.491
INDOFLOODS-gauge-560-265,INDOFLOODS-gauge-560,21.0_76.0,2018-08-21,2018-08-16,5,11.756
INDOFLOODS-gauge-560-265,INDOFLOODS-gauge-560,21.0_76.0,2018-08-21,2018-08-17,4,88.491
INDOFLOODS-gauge-560-265,INDOFLOODS-gauge-560,21.0_76.0,2018-08-21,2018-08-18,3,6.167
INDOFLOODS-gauge-560-265,INDOFLOODS-gauge-560,21.0_76.0,2018-08-21,2018-08-19,2,8.979
INDOFLOODS-gauge-560-265,INDOFLOODS-gauge-560,21.0_76.0,2018-08-21,2018-08-20,1,9.099
INDOFLOODS-gauge-560-265,INDOFLOODS-gauge-560,21.0_76.0,2018-08-21,2018-08-21,0,48.909
INDOFLOODS-gauge-560-266,INDOFLOODS-gauge-560,21.0_76.0,2018-09-23,2018-09-18,5,0.039
INDOFLOODS-gauge-560-266,INDOFLOODS-gauge-560,21.0_76.0,2018-09-23,2018-09-19,4,2.232
INDOFLOODS-gauge-560-266,INDOFLOODS-gauge-560,21.0_76.0,2018-09-23,2018-09-20,3,0.0
INDOFLOODS-gauge-560-266,INDOFLOODS-gauge-560,21.0_76.0,2018-09-23,2018-09-21,2,0.0
INDOFLOODS-gauge-560-266,INDOFLOODS-gauge-560,21.0_76.0,2018-09-23,2018-09-22,1,82.403
INDOFLOODS-gauge-560-266,INDOFLOODS-gauge-560,21.0_76.0,2018-09-23,2018-09-23,0,8.248
INDOFLOODS-gauge-560-267,INDOFLOODS-gauge-560,21.0_76.0,2019-07-28,2019-07-23,5,0.013
INDOFLOODS-gauge-560-267,INDOFLOODS-gauge-560,21.0_76.0,2019-07-28,2019-07-24,4,0.0
INDOFLOODS-gauge-560-267,INDOFLOODS-gauge-560,21.0_76.0,2019-07-28,2019-07-25,3,3.262
INDOFLOODS-gauge-560-267,INDOFLOODS-gauge-560,21.0_76.0,2019-07-28,2019-07-26,2,9.483
INDOFLOODS-gauge-560-267,INDOFLOODS-gauge-560,21.0_76.0,2019-07-28,2019-07-27,1,44.629
INDOFLOODS-gauge-560-267,INDOFLOODS-gauge-560,21.0_76.0,2019-07-28,2019-07-28,0,22.237
INDOFLOODS-gauge-560-268,INDOFLOODS-gauge-560,21.0_76.0,2019-08-06,2019-08-01,5,18.097
INDOFLOODS-gauge-560-268,INDOFLOODS-gauge-560,21.0_76.0,2019-08-06,2019-08-02,4,1.725
INDOFLOODS-gauge-560-268,INDOFLOODS-gauge-560,21.0_76.0,2019-08-06,2019-08-03,3,6.53
INDOFLOODS-gauge-560-268,INDOFLOODS-gauge-560,21.0_76.0,2019-08-06,2019-08-04,2,4.334
INDOFLOODS-gauge-560-268,INDOFLOODS-gauge-560,21.0_76.0,2019-08-06,2019-08-05,1,8.648
INDOFLOODS-gauge-560-268,INDOFLOODS-gauge-560,21.0_76.0,2019-08-06,2019-08-06,0,8.707
INDOFLOODS-gauge-585-1,INDOFLOODS-gauge-585,20.0_73.0,2019-06-12,2019-06-07,5,0.0
INDOFLOODS-gauge-585-1,INDOFLOODS-gauge-585,20.0_73.0,2019-06-12,2019-06-08,4,0.022
INDOFLOODS-gauge-585-1,INDOFLOODS-gauge-585,20.0_73.0,2019-06-12,2019-06-09,3,0.595
INDOFLOODS-gauge-585-1,INDOFLOODS-gauge-585,20.0_73.0,2019-06-12,2019-06-10,2,0.413
INDOFLOODS-gauge-585-1,INDOFLOODS-gauge-585,20.0_73.0,2019-06-12,2019-06-11,1,1.658
INDOFLOODS-gauge-585-1,INDOFLOODS-gauge-585,20.0_73.0,2019-06-12,2019-06-12,0,10.246
INDOFLOODS-gauge-585-2,INDOFLOODS-gauge-585,20.0_73.0,2019-09-20,2019-09-15,5,33.306
INDOFLOODS-gauge-585-2,INDOFLOODS-gauge-585,20.0_73.0,2019-09-20,2019-09-16,4,11.902
INDOFLOODS-gauge-585-2,INDOFLOODS-gauge-585,20.0_73.0,2019-09-20,2019-09-17,3,15.823
INDOFLOODS-gauge-585-2,INDOFLOODS-gauge-585,20.0_73.0,2019-09-20,2019-09-18,2,8.353
INDOFLOODS-gauge-585-2,INDOFLOODS-gauge-585,20.0_73.0,2019-09-20,2019-09-19,1,12.093
INDOFLOODS-gauge-585-2,INDOFLOODS-gauge-585,20.0_73.0,2019-09-20,2019-09-20,0,21.523
INDOFLOODS-gauge-589-25,INDOFLOODS-gauge-589,16.0_74.0,2019-08-04,2019-07-30,5,54.704
INDOFLOODS-gauge-589-25,INDOFLOODS-gauge-589,16.0_74.0,2019-08-04,2019-07-31,4,31.588
INDOFLOODS-gauge-589-25,INDOFLOODS-gauge-589,16.0_74.0,2019-08-04,2019-08-01,3,33.054
INDOFLOODS-gauge-589-25,INDOFLOODS-gauge-589,16.0_74.0,2019-08-04,2019-08-02,2,25.129
INDOFLOODS-gauge-589-25,INDOFLOODS-gauge-589,16.0_74.0,2019-08-04,2019-08-03,1,35.316
INDOFLOODS-gauge-589-25,INDOFLOODS-gauge-589,16.0_74.0,2019-08-04,2019-08-04,0,48.591
INDOFLOODS-gauge-596-1,INDOFLOODS-gauge-596,17.0_73.0,2018-07-13,2018-07-08,5,83.288
INDOFLOODS-gauge-596-1,INDOFLOODS-gauge-596,17.0_73.0,2018-07-13,2018-07-09,4,49.027
INDOFLOODS-gauge-596-1,INDOFLOODS-gauge-596,17.0_73.0,2018-07-13,2018-07-10,3,28.829
INDOFLOODS-gauge-596-1,INDOFLOODS-gauge-596,17.0_73.0,2018-07-13,2018-07-11,2,43.109
INDOFLOODS-gauge-596-1,INDOFLOODS-gauge-596,17.0_73.0,2018-07-13,2018-07-12,1,44.236
INDOFLOODS-gauge-596-1,INDOFLOODS-gauge-596,17.0_73.0,2018-07-13,2018-07-13,0,79.109
INDOFLOODS-gauge-596-2,INDOFLOODS-gauge-596,17.0_73.0,2019-08-03,2019-07-29,5,78.667
INDOFLOODS-gauge-596-2,INDOFLOODS-gauge-596,17.0_73.0,2019-08-03,2019-07-30,4,97.072
INDOFLOODS-gauge-596-2,INDOFLOODS-gauge-596,17.0_73.0,2019-08-03,2019-07-31,3,73.352
INDOFLOODS-gauge-596-2,INDOFLOODS-gauge-596,17.0_73.0,2019-08-03,2019-08-01,2,58.873
INDOFLOODS-gauge-596-2,INDOFLOODS-gauge-596,17.0_73.0,2019-08-03,2019-08-02,1,59.521
INDOFLOODS-gauge-596-2,INDOFLOODS-gauge-596,17.0_73.0,2019-08-03,2019-08-03,0,102.039
INDOFLOODS-gauge-602-1,INDOFLOODS-gauge-602,18.0_73.0,2019-08-06,2019-08-01,5,51.177
INDOFLOODS-gauge-602-1,INDOFLOODS-gauge-602,18.0_73.0,2019-08-06,2019-08-02,4,81.476
INDOFLOODS-gauge-602-1,INDOFLOODS-gauge-602,18.0_73.0,2019-08-06,2019-08-03,3,150.604
INDOFLOODS-gauge-602-1,INDOFLOODS-gauge-602,18.0_73.0,2019-08-06,2019-08-04,2,183.148
INDOFLOODS-gauge-602-1,INDOFLOODS-gauge-602,18.0_73.0,2019-08-06,2019-08-05,1,124.266
INDOFLOODS-gauge-602-1,INDOFLOODS-gauge-602,18.0_73.0,2019-08-06,2019-08-06,0,104.063
INDOFLOODS-gauge-612-35,INDOFLOODS-gauge-612,17.0_75.0,2019-08-07,2019-08-02,5,5.176
INDOFLOODS-gauge-612-35,INDOFLOODS-gauge-612,17.0_75.0,2019-08-07,2019-08-03,4,4.025
INDOFLOODS-gauge-612-35,INDOFLOODS-gauge-612,17.0_75.0,2019-08-07,2019-08-04,3,5.365
INDOFLOODS-gauge-612-35,INDOFLOODS-gauge-612,17.0_75.0,2019-08-07,2019-08-05,2,2.974
INDOFLOODS-gauge-612-35,INDOFLOODS-gauge-612,17.0_75.0,2019-08-07,2019-08-06,1,3.867
INDOFLOODS-gauge-612-35,INDOFLOODS-gauge-612,17.0_75.0,2019-08-07,2019-08-07,0,2.373
INDOFLOODS-gauge-617-1,INDOFLOODS-gauge-617,21.0_75.0,2018-01-01,2017-12-27,5,0.0
INDOFLOODS-gauge-617-1,INDOFLOODS-gauge-617,21.0_75.0,2018-01-01,2017-12-28,4,0.0
INDOFLOODS-gauge-617-1,INDOFLOODS-gauge-617,21.0_75.0,2018-01-01,2017-12-29,3,0.0
INDOFLOODS-gauge-617-1,INDOFLOODS-gauge-617,21.0_75.0,2018-01-01,2017-12-30,2,0.0
INDOFLOODS-gauge-617-1,INDOFLOODS-gauge-617,21.0_75.0,2018-01-01,2017-12-31,1,0.0
INDOFLOODS-gauge-617-1,INDOFLOODS-gauge-617,21.0_75.0,2018-01-01,2018-01-01,0,0.0
INDOFLOODS-gauge-617-2,INDOFLOODS-gauge-617,21.0_75.0,2018-11-01,2018-10-27,5,0.0
INDOFLOODS-gauge-617-2,INDOFLOODS-gauge-617,21.0_75.0,2018-11-01,2018-10-28,4,0.0
INDOFLOODS-gauge-617-2,INDOFLOODS-gauge-617,21.0_75.0,2018-11-01,2018-10-29,3,0.0
INDOFLOODS-gauge-617-2,INDOFLOODS-gauge-617,21.0_75.0,2018-11-01,2018-10-30,2,0.0
INDOFLOODS-gauge-617-2,INDOFLOODS-gauge-617,21.0_75.0,2018-11-01,2018-10-31,1,0.0
INDOFLOODS-gauge-617-2,INDOFLOODS-gauge-617,21.0_75.0,2018-11-01,2018-11-01,0,0.0
INDOFLOODS-gauge-626-1,INDOFLOODS-gauge-626,18.0_75.0,2019-07-07,2019-07-02,5,1.472
INDOFLOODS-gauge-626-1,INDOFLOODS-gauge-626,18.0_75.0,2019-07-07,2019-07-03,4,0.44
INDOFLOODS-gauge-626-1,INDOFLOODS-gauge-626,18.0_75.0,2019-07-07,2019-07-04,3,0.0
INDOFLOODS-gauge-626-1,INDOFLOODS-gauge-626,18.0_75.0,2019-07-07,2019-07-05,2,0.0
INDOFLOODS-gauge-626-1,INDOFLOODS-gauge-626,18.0_75.0,2019-07-07,2019-07-06,1,0.764
INDOFLOODS-gauge-626-1,INDOFLOODS-gauge-626,18.0_75.0,2019-07-07,2019-07-07,0,0.91
INDOFLOODS-gauge-635-1,INDOFLOODS-gauge-635,19.0_74.0,2017-07-24,2017-07-19,5,4.609
INDOFLOODS-gauge-635-1,INDOFLOODS-gauge-635,19.0_74.0,2017-07-24,2017-07-20,4,12.504
INDOFLOODS-gauge-635-1,INDOFLOODS-gauge-635,19.0_74.0,2017-07-24,2017-07-21,3,11.199
INDOFLOODS-gauge-635-1,INDOFLOODS-gauge-635,19.0_74.0,2017-07-24,2017-07-22,2,7.732
INDOFLOODS-gauge-635-1,INDOFLOODS-gauge-635,19.0_74.0,2017-07-24,2017-07-23,1,7.9
INDOFLOODS-gauge-635-1,INDOFLOODS-gauge-635,19.0_74.0,2017-07-24,2017-07-24,0,3.756
INDOFLOODS-gauge-635-2,INDOFLOODS-gauge-635,19.0_74.0,2017-07-29,2017-07-24,5,3.756
INDOFLOODS-gauge-635-2,INDOFLOODS-gauge-635,19.0_74.0,2017-07-29,2017-07-25,4,2.381
INDOFLOODS-gauge-635-2,INDOFLOODS-gauge-635,19.0_74.0,2017-07-29,2017-07-26,3,0.86
INDOFLOODS-gauge-635-2,INDOFLOODS-gauge-635,19.0_74.0,2017-07-29,2017-07-27,2,0.878
INDOFLOODS-gauge-635-2,INDOFLOODS-gauge-635,19.0_74.0,2017-07-29,2017-07-28,1,2.877
INDOFLOODS-gauge-635-2,INDOFLOODS-gauge-635,19.0_74.0,2017-07-29,2017-07-29,0,4.899
INDOFLOODS-gauge-635-3,INDOFLOODS-gauge-635,19.0_74.0,2017-10-12,2017-10-07,5,4.598
INDOFLOODS-gauge-635-3,INDOFLOODS-gauge-635,19.0_74.0,2017-10-12,2017-10-08,4,9.66
INDOFLOODS-gauge-635-3,INDOFLOODS-gauge-635,19.0_74.0,2017-10-12,2017-10-09,3,16.883
INDOFLOODS-gauge-635-3,INDOFLOODS-gauge-635,19.0_74.0,2017-10-12,2017-10-10,2,13.094
INDOFLOODS-gauge-635-3,INDOFLOODS-gauge-635,19.0_74.0,2017-10-12,2017-10-11,1,27.049
INDOFLOODS-gauge-635-3,INDOFLOODS-gauge-635,19.0_74.0,2017-10-12,2017-10-12,0,8.094
INDOFLOODS-gauge-635-4,INDOFLOODS-gauge-635,19.0_74.0,2019-08-03,2019-07-29,5,9.072
INDOFLOODS-gauge-635-4,INDOFLOODS-gauge-635,19.0_74.0,2019-08-03,2019-07-30,4,10.917
INDOFLOODS-gauge-635-4,INDOFLOODS-gauge-635,19.0_74.0,2019-08-03,2019-07-31,3,12.213
INDOFLOODS-gauge-635-4,INDOFLOODS-gauge-635,19.0_74.0,2019-08-03,2019-08-01,2,10.32
INDOFLOODS-gauge-635-4,INDOFLOODS-gauge-635,19.0_74.0,2019-08-03,2019-08-02,1,4.73
INDOFLOODS-gauge-635-4,INDOFLOODS-gauge-635,19.0_74.0,2019-08-03,2019-08-03,0,5.519
INDOFLOODS-gauge-635-5,INDOFLOODS-gauge-635,19.0_74.0,2019-12-20,2019-12-15,5,0.0
INDOFLOODS-gauge-635-5,INDOFLOODS-gauge-635,19.0_74.0,2019-12-20,2019-12-16,4,0.0
INDOFLOODS-gauge-635-5,INDOFLOODS-gauge-635,19.0_74.0,2019-12-20,2019-12-17,3,0.0
INDOFLOODS-gauge-635-5,INDOFLOODS-gauge-635,19.0_74.0,2019-12-20,2019-12-18,2,0.0
INDOFLOODS-gauge-635-5,INDOFLOODS-gauge-635,19.0_74.0,2019-12-20,2019-12-19,1,0.0
INDOFLOODS-gauge-635-5,INDOFLOODS-gauge-635,19.0_74.0,2019-12-20,2019-12-20,0,0.0
INDOFLOODS-gauge-635-6,INDOFLOODS-gauge-635,19.0_74.0,2020-01-17,2020-01-12,5,0.0
INDOFLOODS-gauge-635-6,INDOFLOODS-gauge-635,19.0_74.0,2020-01-17,2020-01-13,4,0.0
INDOFLOODS-gauge-635-6,INDOFLOODS-gauge-635,19.0_74.0,2020-01-17,2020-01-14,3,0.0
INDOFLOODS-gauge-635-6,INDOFLOODS-gauge-635,19.0_74.0,2020-01-17,2020-01-15,2,0.0
INDOFLOODS-gauge-635-6,INDOFLOODS-gauge-635,19.0_74.0,2020-01-17,2020-01-16,1,0.0
INDOFLOODS-gauge-635-6,INDOFLOODS-gauge-635,19.0_74.0,2020-01-17,2020-01-17,0,0.0
INDOFLOODS-gauge-635-7,INDOFLOODS-gauge-635,19.0_74.0,2020-01-19,2020-01-14,5,0.0
INDOFLOODS-gauge-635-7,INDOFLOODS-gauge-635,19.0_74.0,2020-01-19,2020-01-15,4,0.0
INDOFLOODS-gauge-635-7,INDOFLOODS-gauge-635,19.0_74.0,2020-01-19,2020-01-16,3,0.0
INDOFLOODS-gauge-635-7,INDOFLOODS-gauge-635,19.0_74.0,2020-01-19,2020-01-17,2,0.0
INDOFLOODS-gauge-635-7,INDOFLOODS-gauge-635,19.0_74.0,2020-01-19,2020-01-18,1,0.0
INDOFLOODS-gauge-635-7,INDOFLOODS-gauge-635,19.0_74.0,2020-01-19,2020-01-19,0,0.0
INDOFLOODS-gauge-635-8,INDOFLOODS-gauge-635,19.0_74.0,2020-01-24,2020-01-19,5,0.0
INDOFLOODS-gauge-635-8,INDOFLOODS-gauge-635,19.0_74.0,2020-01-24,2020-01-20,4,0.0
INDOFLOODS-gauge-635-8,INDOFLOODS-gauge-635,19.0_74.0,2020-01-24,2020-01-21,3,0.0
INDOFLOODS-gauge-635-8,INDOFLOODS-gauge-635,19.0_74.0,2020-01-24,2020-01-22,2,0.0
INDOFLOODS-gauge-635-8,INDOFLOODS-gauge-635,19.0_74.0,2020-01-24,2020-01-23,1,0.0
INDOFLOODS-gauge-635-8,INDOFLOODS-gauge-635,19.0_74.0,2020-01-24,2020-01-24,0,0.0
INDOFLOODS-gauge-635-9,INDOFLOODS-gauge-635,19.0_74.0,2020-02-19,2020-02-14,5,0.0
INDOFLOODS-gauge-635-9,INDOFLOODS-gauge-635,19.0_74.0,2020-02-19,2020-02-15,4,0.0
INDOFLOODS-gauge-635-9,INDOFLOODS-gauge-635,19.0_74.0,2020-02-19,2020-02-16,3,0.0
INDOFLOODS-gauge-635-9,INDOFLOODS-gauge-635,19.0_74.0,2020-02-19,2020-02-17,2,0.0
INDOFLOODS-gauge-635-9,INDOFLOODS-gauge-635,19.0_74.0,2020-02-19,2020-02-18,1,0.0
INDOFLOODS-gauge-635-9,INDOFLOODS-gauge-635,19.0_74.0,2020-02-19,2020-02-19,0,0.0
INDOFLOODS-gauge-636-48,INDOFLOODS-gauge-636,20.0_76.0,2015-08-05,2015-07-31,5,0.0
INDOFLOODS-gauge-636-48,INDOFLOODS-gauge-636,20.0_76.0,2015-08-05,2015-08-01,4,0.357
INDOFLOODS-gauge-636-48,INDOFLOODS-gauge-636,20.0_76.0,2015-08-05,2015-08-02,3,0.0
INDOFLOODS-gauge-636-48,INDOFLOODS-gauge-636,20.0_76.0,2015-08-05,2015-08-03,2,0.0
INDOFLOODS-gauge-636-48,INDOFLOODS-gauge-636,20.0_76.0,2015-08-05,2015-08-04,1,8.162
INDOFLOODS-gauge-636-48,INDOFLOODS-gauge-636,20.0_76.0,2015-08-05,2015-08-05,0,133.325
INDOFLOODS-gauge-636-49,INDOFLOODS-gauge-636,20.0_76.0,2016-07-11,2016-07-06,5,5.883
INDOFLOODS-gauge-636-49,INDOFLOODS-gauge-636,20.0_76.0,2016-07-11,2016-07-07,4,0.06
INDOFLOODS-gauge-636-49,INDOFLOODS-gauge-636,20.0_76.0,2016-07-11,2016-07-08,3,1.351
INDOFLOODS-gauge-636-49,INDOFLOODS-gauge-636,20.0_76.0,2016-07-11,2016-07-09,2,5.669
INDOFLOODS-gauge-636-49,INDOFLOODS-gauge-636,20.0_76.0,2016-07-11,2016-07-10,1,13.398
INDOFLOODS-gauge-636-49,INDOFLOODS-gauge-636,20.0_76.0,2016-07-11,2016-07-11,0,53.506
INDOFLOODS-gauge-636-50,INDOFLOODS-gauge-636,20.0_76.0,2018-08-17,2018-08-12,5,0.923
INDOFLOODS-gauge-636-50,INDOFLOODS-gauge-636,20.0_76.0,2018-08-17,2018-08-13,4,0.16
INDOFLOODS-gauge-636-50,INDOFLOODS-gauge-636,20.0_76.0,2018-08-17,2018-08-14,3,0.578
INDOFLOODS-gauge-636-50,INDOFLOODS-gauge-636,20.0_76.0,2018-08-17,2018-08-15,2,0.25
INDOFLOODS-gauge-636-50,INDOFLOODS-gauge-636,20.0_76.0,2018-08-17,2018-08-16,1,16.823
INDOFLOODS-gauge-636-50,INDOFLOODS-gauge-636,20.0_76.0,2018-08-17,2018-08-17,0,81.234
INDOFLOODS-gauge-640-26,INDOFLOODS-gauge-640,18.0_74.0,2019-08-05,2019-07-31,5,9.694
INDOFLOODS-gauge-640-26,INDOFLOODS-gauge-640,18.0_74.0,2019-08-05,2019-08-01,4,3.704
INDOFLOODS-gauge-640-26,INDOFLOODS-gauge-640,18.0_74.0,2019-08-05,2019-08-02,3,9.608
INDOFLOODS-gauge-640-26,INDOFLOODS-gauge-640,18.0_74.0,2019-08-05,2019-08-03,2,6.722
INDOFLOODS-gauge-640-26,INDOFLOODS-gauge-640,18.0_74.0,2019-08-05,2019-08-04,1,9.897
INDOFLOODS-gauge-640-26,INDOFLOODS-gauge-640,18.0_74.0,2019-08-05,2019-08-05,0,13.095
INDOFLOODS-gauge-642-13,INDOFLOODS-gauge-642,17.0_75.0,2019-06-25,2019-06-20,5,2.452
INDOFLOODS-gauge-642-13,INDOFLOODS-gauge-642,17.0_75.0,2019-06-25,2019-06-21,4,0.106
INDOFLOODS-gauge-642-13,INDOFLOODS-gauge-642,17.0_75.0,2019-06-25,2019-06-22,3,2.979
INDOFLOODS-gauge-642-13,INDOFLOODS-gauge-642,17.0_75.0,2019-06-25,2019-06-23,2,4.573
INDOFLOODS-gauge-642-13,INDOFLOODS-gauge-642,17.0_75.0,2019-06-25,2019-06-24,1,34.564
INDOFLOODS-gauge-642-13,INDOFLOODS-gauge-642,17.0_75.0,2019-06-25,2019-06-25,0,12.191
INDOFLOODS-gauge-642-14,INDOFLOODS-gauge-642,17.0_75.0,2019-08-06,2019-08-01,5,1.339
INDOFLOODS-gauge-642-14,INDOFLOODS-gauge-642,17.0_75.0,2019-08-06,2019-08-02,4,5.176
INDOFLOODS-gauge-642-14,INDOFLOODS-gauge-642,17.0_75.0,2019-08-06,2019-08-03,3,4.025
INDOFLOODS-gauge-642-14,INDOFLOODS-gauge-642,17.0_75.0,2019-08-06,2019-08-04,2,5.365
INDOFLOODS-gauge-642-14,INDOFLOODS-gauge-642,17.0_75.0,2019-08-06,2019-08-05,1,2.974
INDOFLOODS-gauge-642-14,INDOFLOODS-gauge-642,17.0_75.0,2019-08-06,2019-08-06,0,3.867
INDOFLOODS-gauge-643-67,INDOFLOODS-gauge-643,16.0_74.0,2016-07-12,2016-07-07,5,4.357
INDOFLOODS-gauge-643-67,INDOFLOODS-gauge-643,16.0_74.0,2016-07-12,2016-07-08,4,2.729
INDOFLOODS-gauge-643-67,INDOFLOODS-gauge-643,16.0_74.0,2016-07-12,2016-07-09,3,5.225
INDOFLOODS-gauge-643-67,INDOFLOODS-gauge-643,16.0_74.0,2016-07-12,2016-07-10,2,57.951
INDOFLOODS-gauge-643-67,INDOFLOODS-gauge-643,16.0_74.0,2016-07-12,2016-07-11,1,49.192
INDOFLOODS-gauge-643-67,INDOFLOODS-gauge-643,16.0_74.0,2016-07-12,2016-07-12,0,80.247
INDOFLOODS-gauge-643-68,INDOFLOODS-gauge-643,16.0_74.0,2016-08-05,2016-07-31,5,7.308
INDOFLOODS-gauge-643-68,INDOFLOODS-gauge-643,16.0_74.0,2016-08-05,2016-08-01,4,3.804
INDOFLOODS-gauge-643-68,INDOFLOODS-gauge-643,16.0_74.0,2016-08-05,2016-08-02,3,38.175
INDOFLOODS-gauge-643-68,INDOFLOODS-gauge-643,16.0_74.0,2016-08-05,2016-08-03,2,21.747
INDOFLOODS-gauge-643-68,INDOFLOODS-gauge-643,16.0_74.0,2016-08-05,2016-08-04,1,32.173
INDOFLOODS-gauge-643-68,INDOFLOODS-gauge-643,16.0_74.0,2016-08-05,2016-08-05,0,27.87
INDOFLOODS-gauge-643-69,INDOFLOODS-gauge-643,16.0_74.0,2017-07-21,2017-07-16,5,11.458
INDOFLOODS-gauge-643-69,INDOFLOODS-gauge-643,16.0_74.0,2017-07-21,2017-07-17,4,5.133
INDOFLOODS-gauge-643-69,INDOFLOODS-gauge-643,16.0_74.0,2017-07-21,2017-07-18,3,12.089
INDOFLOODS-gauge-643-69,INDOFLOODS-gauge-643,16.0_74.0,2017-07-21,2017-07-19,2,37.431
INDOFLOODS-gauge-643-69,INDOFLOODS-gauge-643,16.0_74.0,2017-07-21,2017-07-20,1,48.821
INDOFLOODS-gauge-643-69,INDOFLOODS-gauge-643,16.0_74.0,2017-07-21,2017-07-21,0,26.513
INDOFLOODS-gauge-645-1,INDOFLOODS-gauge-645,20.0_73.0,2018-07-16,2018-07-11,5,56.44
INDOFLOODS-gauge-645-1,INDOFLOODS-gauge-645,20.0_73.0,2018-07-16,2018-07-12,4,80.589
INDOFLOODS-gauge-645-1,INDOFLOODS-gauge-645,20.0_73.0,2018-07-16,2018-07-13,3,92.244
INDOFLOODS-gauge-645-1,INDOFLOODS-gauge-645,20.0_73.0,2018-07-16,2018-07-14,2,45.996
INDOFLOODS-gauge-645-1,INDOFLOODS-gauge-645,20.0_73.0,2018-07-16,2018-07-15,1,70.397
INDOFLOODS-gauge-645-1,INDOFLOODS-gauge-645,20.0_73.0,2018-07-16,2018-07-16,0,108.139
INDOFLOODS-gauge-645-2,INDOFLOODS-gauge-645,20.0_73.0,2019-08-03,2019-07-29,5,46.673
INDOFLOODS-gauge-645-2,INDOFLOODS-gauge-645,20.0_73.0,2019-08-03,2019-07-30,4,122.316
INDOFLOODS-gauge-645-2,INDOFLOODS-gauge-645,20.0_73.0,2019-08-03,2019-07-31,3,68.636
INDOFLOODS-gauge-645-2,INDOFLOODS-gauge-645,20.0_73.0,2019-08-03,2019-08-01,2,59.861
INDOFLOODS-gauge-645-2,INDOFLOODS-gauge-645,20.0_73.0,2019-08-03,2019-08-02,1,50.328
INDOFLOODS-gauge-645-2,INDOFLOODS-gauge-645,20.0_73.0,2019-08-03,2019-08-03,0,117.87
INDOFLOODS-gauge-646-1,INDOFLOODS-gauge-646,18.0_73.0,2016-08-01,2016-07-27,5,5.212
INDOFLOODS-gauge-646-1,INDOFLOODS-gauge-646,18.0_73.0,2016-08-01,2016-07-28,4,4.892
INDOFLOODS-gauge-646-1,INDOFLOODS-gauge-646,18.0_73.0,2016-08-01,2016-07-29,3,21.862
INDOFLOODS-gauge-646-1,INDOFLOODS-gauge-646,18.0_73.0,2016-08-01,2016-07-30,2,30.723
INDOFLOODS-gauge-646-1,INDOFLOODS-gauge-646,18.0_73.0,2016-08-01,2016-07-31,1,42.945
INDOFLOODS-gauge-646-1,INDOFLOODS-gauge-646,18.0_73.0,2016-08-01,2016-08-01,0,98.239
INDOFLOODS-gauge-646-10,INDOFLOODS-gauge-646,18.0_73.0,2020-05-20,2020-05-15,5,3.322
INDOFLOODS-gauge-646-10,INDOFLOODS-gauge-646,18.0_73.0,2020-05-20,2020-05-16,4,0.793
INDOFLOODS-gauge-646-10,INDOFLOODS-gauge-646,18.0_73.0,2020-05-20,2020-05-17,3,8.507
INDOFLOODS-gauge-646-10,INDOFLOODS-gauge-646,18.0_73.0,2020-05-20,2020-05-18,2,0.745
INDOFLOODS-gauge-646-10,INDOFLOODS-gauge-646,18.0_73.0,2020-05-20,2020-05-19,1,0.0
INDOFLOODS-gauge-646-10,INDOFLOODS-gauge-646,18.0_73.0,2020-05-20,2020-05-20,0,0.234
INDOFLOODS-gauge-646-2,INDOFLOODS-gauge-646,18.0_73.0,2016-09-18,2016-09-13,5,2.694
INDOFLOODS-gauge-646-2,INDOFLOODS-gauge-646,18.0_73.0,2016-09-18,2016-09-14,4,5.794
INDOFLOODS-gauge-646-2,INDOFLOODS-gauge-646,18.0_73.0,2016-09-18,2016-09-15,3,9.892
INDOFLOODS-gauge-646-2,INDOFLOODS-gauge-646,18.0_73.0,2016-09-18,2016-09-16,2,10.118
INDOFLOODS-gauge-646-2,INDOFLOODS-gauge-646,18.0_73.0,2016-09-18,2016-09-17,1,71.464
INDOFLOODS-gauge-646-2,INDOFLOODS-gauge-646,18.0_73.0,2016-09-18,2016-09-18,0,92.321
INDOFLOODS-gauge-646-3,INDOFLOODS-gauge-646,18.0_73.0,2016-09-22,2016-09-17,5,71.464
INDOFLOODS-gauge-646-3,INDOFLOODS-gauge-646,18.0_73.0,2016-09-22,2016-09-18,4,92.321
INDOFLOODS-gauge-646-3,INDOFLOODS-gauge-646,18.0_73.0,2016-09-22,2016-09-19,3,40.637
INDOFLOODS-gauge-646-3,INDOFLOODS-gauge-646,18.0_73.0,2016-09-22,2016-09-20,2,22.252
INDOFLOODS-gauge-646-3,INDOFLOODS-gauge-646,18.0_73.0,2016-09-22,2016-09-21,1,25.358
INDOFLOODS-gauge-646-3,INDOFLOODS-gauge-646,18.0_73.0,2016-09-22,2016-09-22,0,67.754
INDOFLOODS-gauge-646-4,INDOFLOODS-gauge-646,18.0_73.0,2016-09-24,2016-09-19,5,40.637
INDOFLOODS-gauge-646-4,INDOFLOODS-gauge-646,18.0_73.0,2016-09-24,2016-09-20,4,22.252
INDOFLOODS-gauge-646-4,INDOFLOODS-gauge-646,18.0_73.0,2016-09-24,2016-09-21,3,25.358
INDOFLOODS-gauge-646-4,INDOFLOODS-gauge-646,18.0_73.0,2016-09-24,2016-09-22,2,67.754
INDOFLOODS-gauge-646-4,INDOFLOODS-gauge-646,18.0_73.0,2016-09-24,2016-09-23,1,63.462
INDOFLOODS-gauge-646-4,INDOFLOODS-gauge-646,18.0_73.0,2016-09-24,2016-09-24,0,64.545
INDOFLOODS-gauge-646-5,INDOFLOODS-gauge-646,18.0_73.0,2017-01-01,2016-12-27,5,0.0
INDOFLOODS-gauge-646-5,INDOFLOODS-gauge-646,18.0_73.0,2017-01-01,2016-12-28,4,0.0
INDOFLOODS-gauge-646-5,INDOFLOODS-gauge-646,18.0_73.0,2017-01-01,2016-12-29,3,0.0
INDOFLOODS-gauge-646-5,INDOFLOODS-gauge-646,18.0_73.0,2017-01-01,2016-12-30,2,0.0
INDOFLOODS-gauge-646-5,INDOFLOODS-gauge-646,18.0_73.0,2017-01-01,2016-12-31,1,0.0
INDOFLOODS-gauge-646-5,INDOFLOODS-gauge-646,18.0_73.0,2017-01-01,2017-01-01,0,0.0
INDOFLOODS-gauge-646-6,INDOFLOODS-gauge-646,18.0_73.0,2017-02-01,2017-01-27,5,0.0
INDOFLOODS-gauge-646-6,INDOFLOODS-gauge-646,18.0_73.0,2017-02-01,2017-01-28,4,0.0
INDOFLOODS-gauge-646-6,INDOFLOODS-gauge-646,18.0_73.0,2017-02-01,2017-01-29,3,0.0
INDOFLOODS-gauge-646-6,INDOFLOODS-gauge-646,18.0_73.0,2017-02-01,2017-01-30,2,0.0
INDOFLOODS-gauge-646-6,INDOFLOODS-gauge-646,18.0_73.0,2017-02-01,2017-01-31,1,0.0
INDOFLOODS-gauge-646-6,INDOFLOODS-gauge-646,18.0_73.0,2017-02-01,2017-02-01,0,0.0
INDOFLOODS-gauge-646-7,INDOFLOODS-gauge-646,18.0_73.0,2017-08-29,2017-08-24,5,6.904
INDOFLOODS-gauge-646-7,INDOFLOODS-gauge-646,18.0_73.0,2017-08-29,2017-08-25,4,18.614
INDOFLOODS-gauge-646-7,INDOFLOODS-gauge-646,18.0_73.0,2017-08-29,2017-08-26,3,69.607
INDOFLOODS-gauge-646-7,INDOFLOODS-gauge-646,18.0_73.0,2017-08-29,2017-08-27,2,40.935
INDOFLOODS-gauge-646-7,INDOFLOODS-gauge-646,18.0_73.0,2017-08-29,2017-08-28,1,44.689
INDOFLOODS-gauge-646-7,INDOFLOODS-gauge-646,18.0_73.0,2017-08-29,2017-08-29,0,98.185
INDOFLOODS-gauge-646-8,INDOFLOODS-gauge-646,18.0_73.0,2018-07-07,2018-07-02,5,3.302
INDOFLOODS-gauge-646-8,INDOFLOODS-gauge-646,18.0_73.0,2018-07-07,2018-07-03,4,25.839
INDOFLOODS-gauge-646-8,INDOFLOODS-gauge-646,18.0_73.0,2018-07-07,2018-07-04,3,49.798
INDOFLOODS-gauge-646-8,INDOFLOODS-gauge-646,18.0_73.0,2018-07-07,2018-07-05,2,87.361
INDOFLOODS-gauge-646-8,INDOFLOODS-gauge-646,18.0_73.0,2018-07-07,2018-07-06,1,55.196
INDOFLOODS-gauge-646-8,INDOFLOODS-gauge-646,18.0_73.0,2018-07-07,2018-07-07,0,57.4
INDOFLOODS-gauge-646-9,INDOFLOODS-gauge-646,18.0_73.0,2019-08-02,2019-07-28,5,113.959
INDOFLOODS-gauge-646-9,INDOFLOODS-gauge-646,18.0_73.0,2019-08-02,2019-07-29,4,61.584
INDOFLOODS-gauge-646-9,INDOFLOODS-gauge-646,18.0_73.0,2019-08-02,2019-07-30,3,103.153
INDOFLOODS-gauge-646-9,INDOFLOODS-gauge-646,18.0_73.0,2019-08-02,2019-07-31,2,74.439
INDOFLOODS-gauge-646-9,INDOFLOODS-gauge-646,18.0_73.0,2019-08-02,2019-08-01,1,51.177
INDOFLOODS-gauge-646-9,INDOFLOODS-gauge-646,18.0_73.0,2019-08-02,2019-08-02,0,81.476
INDOFLOODS-gauge-648-1,INDOFLOODS-gauge-648,18.0_73.0,2019-08-04,2019-07-30,5,103.153
INDOFLOODS-gauge-648-1,INDOFLOODS-gauge-648,18.0_73.0,2019-08-04,2019-07-31,4,74.439
INDOFLOODS-gauge-648-1,INDOFLOODS-gauge-648,18.0_73.0,2019-08-04,2019-08-01,3,51.177
INDOFLOODS-gauge-648-1,INDOFLOODS-gauge-648,18.0_73.0,2019-08-04,2019-08-02,2,81.476
INDOFLOODS-gauge-648-1,INDOFLOODS-gauge-648,18.0_73.0,2019-08-04,2019-08-03,1,150.604
INDOFLOODS-gauge-648-1,INDOFLOODS-gauge-648,18.0_73.0,2019-08-04,2019-08-04,0,183.148
INDOFLOODS-gauge-650-62,INDOFLOODS-gauge-650,20.0_76.0,2015-08-05,2015-07-31,5,0.0
INDOFLOODS-gauge-650-62,INDOFLOODS-gauge-650,20.0_76.0,2015-08-05,2015-08-01,4,0.357
INDOFLOODS-gauge-650-62,INDOFLOODS-gauge-650,20.0_76.0,2015-08-05,2015-08-02,3,0.0
INDOFLOODS-gauge-650-62,INDOFLOODS-gauge-650,20.0_76.0,2015-08-05,2015-08-03,2,0.0
INDOFLOODS-gauge-650-62,INDOFLOODS-gauge-650,20.0_76.0,2015-08-05,2015-08-04,1,8.162
INDOFLOODS-gauge-650-62,INDOFLOODS-gauge-650,20.0_76.0,2015-08-05,2015-08-05,0,133.325
INDOFLOODS-gauge-650-63,INDOFLOODS-gauge-650,20.0_76.0,2016-07-12,2016-07-07,5,0.06
INDOFLOODS-gauge-650-63,INDOFLOODS-gauge-650,20.0_76.0,2016-07-12,2016-07-08,4,1.351
INDOFLOODS-gauge-650-63,INDOFLOODS-gauge-650,20.0_76.0,2016-07-12,2016-07-09,3,5.669
INDOFLOODS-gauge-650-63,INDOFLOODS-gauge-650,20.0_76.0,2016-07-12,2016-07-10,2,13.398
INDOFLOODS-gauge-650-63,INDOFLOODS-gauge-650,20.0_76.0,2016-07-12,2016-07-11,1,53.506
INDOFLOODS-gauge-650-63,INDOFLOODS-gauge-650,20.0_76.0,2016-07-12,2016-07-12,0,76.635
INDOFLOODS-gauge-650-64,INDOFLOODS-gauge-650,20.0_76.0,2016-07-28,2016-07-23,5,27.483
INDOFLOODS-gauge-650-64,INDOFLOODS-gauge-650,20.0_76.0,2016-07-28,2016-07-24,4,4.961
INDOFLOODS-gauge-650-64,INDOFLOODS-gauge-650,20.0_76.0,2016-07-28,2016-07-25,3,35.668
INDOFLOODS-gauge-650-64,INDOFLOODS-gauge-650,20.0_76.0,2016-07-28,2016-07-26,2,17.201
INDOFLOODS-gauge-650-64,INDOFLOODS-gauge-650,20.0_76.0,2016-07-28,2016-07-27,1,19.508
INDOFLOODS-gauge-650-64,INDOFLOODS-gauge-650,20.0_76.0,2016-07-28,2016-07-28,0,43.334
INDOFLOODS-gauge-650-65,INDOFLOODS-gauge-650,20.0_76.0,2019-08-09,2019-08-04,5,2.456
INDOFLOODS-gauge-650-65,INDOFLOODS-gauge-650,20.0_76.0,2019-08-09,2019-08-05,4,1.659
INDOFLOODS-gauge-650-65,INDOFLOODS-gauge-650,20.0_76.0,2019-08-09,2019-08-06,3,5.619
INDOFLOODS-gauge-650-65,INDOFLOODS-gauge-650,20.0_76.0,2019-08-09,2019-08-07,2,3.076
INDOFLOODS-gauge-650-65,INDOFLOODS-gauge-650,20.0_76.0,2019-08-09,2019-08-08,1,19.433
INDOFLOODS-gauge-650-65,INDOFLOODS-gauge-650,20.0_76.0,2019-08-09,2019-08-09,0,31.413
INDOFLOODS-gauge-654-13,INDOFLOODS-gauge-654,17.0_74.0,2019-08-05,2019-07-31,5,25.75
INDOFLOODS-gauge-654-13,INDOFLOODS-gauge-654,17.0_74.0,2019-08-05,2019-08-01,4,15.305
INDOFLOODS-gauge-654-13,INDOFLOODS-gauge-654,17.0_74.0,2019-08-05,2019-08-02,3,22.308
INDOFLOODS-gauge-654-13,INDOFLOODS-gauge-654,17.0_74.0,2019-08-05,2019-08-03,2,16.099
INDOFLOODS-gauge-654-13,INDOFLOODS-gauge-654,17.0_74.0,2019-08-05,2019-08-04,1,32.048
INDOFLOODS-gauge-654-13,INDOFLOODS-gauge-654,17.0_74.0,2019-08-05,2019-08-05,0,36.778
INDOFLOODS-gauge-656-1,INDOFLOODS-gauge-656,16.0_74.0,2019-08-06,2019-08-01,5,33.054
INDOFLOODS-gauge-656-1,INDOFLOODS-gauge-656,16.0_74.0,2019-08-06,2019-08-02,4,25.129
INDOFLOODS-gauge-656-1,INDOFLOODS-gauge-656,16.0_74.0,2019-08-06,2019-08-03,3,35.316
INDOFLOODS-gauge-656-1,INDOFLOODS-gauge-656,16.0_74.0,2019-08-06,2019-08-04,2,48.591
INDOFLOODS-gauge-656-1,INDOFLOODS-gauge-656,16.0_74.0,2019-08-06,2019-08-05,1,52.193
INDOFLOODS-gauge-656-1,INDOFLOODS-gauge-656,16.0_74.0,2019-08-06,2019-08-06,0,96.93
INDOFLOODS-gauge-665-1,INDOFLOODS-gauge-665,20.0_76.0,2019-07-31,2019-07-26,5,7.45
INDOFLOODS-gauge-665-1,INDOFLOODS-gauge-665,20.0_76.0,2019-07-31,2019-07-27,4,18.541
INDOFLOODS-gauge-665-1,INDOFLOODS-gauge-665,20.0_76.0,2019-07-31,2019-07-28,3,16.863
INDOFLOODS-gauge-665-1,INDOFLOODS-gauge-665,20.0_76.0,2019-07-31,2019-07-29,2,17.471
INDOFLOODS-gauge-665-1,INDOFLOODS-gauge-665,20.0_76.0,2019-07-31,2019-07-30,1,7.574
INDOFLOODS-gauge-665-1,INDOFLOODS-gauge-665,20.0_76.0,2019-07-31,2019-07-31,0,30.406
INDOFLOODS-gauge-665-2,INDOFLOODS-gauge-665,20.0_76.0,2019-08-05,2019-07-31,5,30.406
INDOFLOODS-gauge-665-2,INDOFLOODS-gauge-665,20.0_76.0,2019-08-05,2019-08-01,4,11.446
INDOFLOODS-gauge-665-2,INDOFLOODS-gauge-665,20.0_76.0,2019-08-05,2019-08-02,3,2.293
INDOFLOODS-gauge-665-2,INDOFLOODS-gauge-665,20.0_76.0,2019-08-05,2019-08-03,2,28.132
INDOFLOODS-gauge-665-2,INDOFLOODS-gauge-665,20.0_76.0,2019-08-05,2019-08-04,1,2.456
INDOFLOODS-gauge-665-2,INDOFLOODS-gauge-665,20.0_76.0,2019-08-05,2019-08-05,0,1.659
INDOFLOODS-gauge-665-3,INDOFLOODS-gauge-665,20.0_76.0,2019-08-07,2019-08-02,5,2.293
INDOFLOODS-gauge-665-3,INDOFLOODS-gauge-665,20.0_76.0,2019-08-07,2019-08-03,4,28.132
INDOFLOODS-gauge-665-3,INDOFLOODS-gauge-665,20.0_76.0,2019-08-07,2019-08-04,3,2.456
INDOFLOODS-gauge-665-3,INDOFLOODS-gauge-665,20.0_76.0,2019-08-07,2019-08-05,2,1.659
INDOFLOODS-gauge-665-3,INDOFLOODS-gauge-665,20.0_76.0,2019-08-07,2019-08-06,1,5.619
INDOFLOODS-gauge-665-3,INDOFLOODS-gauge-665,20.0_76.0,2019-08-07,2019-08-07,0,3.076
INDOFLOODS-gauge-668-1,INDOFLOODS-gauge-668,19.0_73.0,2019-08-04,2019-07-30,5,88.342
INDOFLOODS-gauge-668-1,INDOFLOODS-gauge-668,19.0_73.0,2019-08-04,2019-07-31,4,94.687
INDOFLOODS-gauge-668-1,INDOFLOODS-gauge-668,19.0_73.0,2019-08-04,2019-08-01,3,48.668
INDOFLOODS-gauge-668-1,INDOFLOODS-gauge-668,19.0_73.0,2019-08-04,2019-08-02,2,61.933
INDOFLOODS-gauge-668-1,INDOFLOODS-gauge-668,19.0_73.0,2019-08-04,2019-08-03,1,110.707
INDOFLOODS-gauge-668-1,INDOFLOODS-gauge-668,19.0_73.0,2019-08-04,2019-08-04,0,180.576
INDOFLOODS-gauge-678-28,INDOFLOODS-gauge-678,16.0_74.0,2019-08-02,2019-07-28,5,16.563
INDOFLOODS-gauge-678-28,INDOFLOODS-gauge-678,16.0_74.0,2019-08-02,2019-07-29,4,13.131
INDOFLOODS-gauge-678-28,INDOFLOODS-gauge-678,16.0_74.0,2019-08-02,2019-07-30,3,54.704
INDOFLOODS-gauge-678-28,INDOFLOODS-gauge-678,16.0_74.0,2019-08-02,2019-07-31,2,31.588
INDOFLOODS-gauge-678-28,INDOFLOODS-gauge-678,16.0_74.0,2019-08-02,2019-08-01,1,33.054
INDOFLOODS-gauge-678-28,INDOFLOODS-gauge-678,16.0_74.0,2019-08-02,2019-08-02,0,25.129
INDOFLOODS-gauge-678-29,INDOFLOODS-gauge-678,16.0_74.0,2019-08-04,2019-07-30,5,54.704
INDOFLOODS-gauge-678-29,INDOFLOODS-gauge-678,16.0_74.0,2019-08-04,2019-07-31,4,31.588
INDOFLOODS-gauge-678-29,INDOFLOODS-gauge-678,16.0_74.0,2019-08-04,2019-08-01,3,33.054
INDOFLOODS-gauge-678-29,INDOFLOODS-gauge-678,16.0_74.0,2019-08-04,2019-08-02,2,25.129
INDOFLOODS-gauge-678-29,INDOFLOODS-gauge-678,16.0_74.0,2019-08-04,2019-08-03,1,35.316
INDOFLOODS-gauge-678-29,INDOFLOODS-gauge-678,16.0_74.0,2019-08-04,2019-08-04,0,48.591
INDOFLOODS-gauge-679-61,INDOFLOODS-gauge-679,19.0_77.0,2016-06-01,2016-05-27,5,0.0
INDOFLOODS-gauge-679-61,INDOFLOODS-gauge-679,19.0_77.0,2016-06-01,2016-05-28,4,0.0
INDOFLOODS-gauge-679-61,INDOFLOODS-gauge-679,19.0_77.0,2016-06-01,2016-05-29,3,0.0
INDOFLOODS-gauge-679-61,INDOFLOODS-gauge-679,19.0_77.0,2016-06-01,2016-05-30,2,0.0
INDOFLOODS-gauge-679-61,INDOFLOODS-gauge-679,19.0_77.0,2016-06-01,2016-05-31,1,0.0
INDOFLOODS-gauge-679-61,INDOFLOODS-gauge-679,19.0_77.0,2016-06-01,2016-06-01,0,0.0
INDOFLOODS-gauge-679-62,INDOFLOODS-gauge-679,19.0_77.0,2018-01-01,2017-12-27,5,0.0
INDOFLOODS-gauge-679-62,INDOFLOODS-gauge-679,19.0_77.0,2018-01-01,2017-12-28,4,0.0
INDOFLOODS-gauge-679-62,INDOFLOODS-gauge-679,19.0_77.0,2018-01-01,2017-12-29,3,0.0
INDOFLOODS-gauge-679-62,INDOFLOODS-gauge-679,19.0_77.0,2018-01-01,2017-12-30,2,0.0
INDOFLOODS-gauge-679-62,INDOFLOODS-gauge-679,19.0_77.0,2018-01-01,2017-12-31,1,0.0
INDOFLOODS-gauge-679-62,INDOFLOODS-gauge-679,19.0_77.0,2018-01-01,2018-01-01,0,0.0
INDOFLOODS-gauge-679-63,INDOFLOODS-gauge-679,19.0_77.0,2018-07-01,2018-06-26,5,3.88
INDOFLOODS-gauge-679-63,INDOFLOODS-gauge-679,19.0_77.0,2018-07-01,2018-06-27,4,20.04
INDOFLOODS-gauge-679-63,INDOFLOODS-gauge-679,19.0_77.0,2018-07-01,2018-06-28,3,5.383
INDOFLOODS-gauge-679-63,INDOFLOODS-gauge-679,19.0_77.0,2018-07-01,2018-06-29,2,2.22
INDOFLOODS-gauge-679-63,INDOFLOODS-gauge-679,19.0_77.0,2018-07-01,2018-06-30,1,1.081
INDOFLOODS-gauge-679-63,INDOFLOODS-gauge-679,19.0_77.0,2018-07-01,2018-07-01,0,0.103
INDOFLOODS-gauge-679-64,INDOFLOODS-gauge-679,19.0_77.0,2018-11-01,2018-10-27,5,0.0
INDOFLOODS-gauge-679-64,INDOFLOODS-gauge-679,19.0_77.0,2018-11-01,2018-10-28,4,0.0
INDOFLOODS-gauge-679-64,INDOFLOODS-gauge-679,19.0_77.0,2018-11-01,2018-10-29,3,0.0
INDOFLOODS-gauge-679-64,INDOFLOODS-gauge-679,19.0_77.0,2018-11-01,2018-10-30,2,0.0
INDOFLOODS-gauge-679-64,INDOFLOODS-gauge-679,19.0_77.0,2018-11-01,2018-10-31,1,0.0
INDOFLOODS-gauge-679-64,INDOFLOODS-gauge-679,19.0_77.0,2018-11-01,2018-11-01,0,0.0
INDOFLOODS-gauge-679-65,INDOFLOODS-gauge-679,19.0_77.0,2019-06-12,2019-06-07,5,2.122
INDOFLOODS-gauge-679-65,INDOFLOODS-gauge-679,19.0_77.0,2019-06-12,2019-06-08,4,3.394
INDOFLOODS-gauge-679-65,INDOFLOODS-gauge-679,19.0_77.0,2019-06-12,2019-06-09,3,0.104
INDOFLOODS-gauge-679-65,INDOFLOODS-gauge-679,19.0_77.0,2019-06-12,2019-06-10,2,0.097
INDOFLOODS-gauge-679-65,INDOFLOODS-gauge-679,19.0_77.0,2019-06-12,2019-06-11,1,1.613
INDOFLOODS-gauge-679-65,INDOFLOODS-gauge-679,19.0_77.0,2019-06-12,2019-06-12,0,0.696
INDOFLOODS-gauge-679-66,INDOFLOODS-gauge-679,19.0_77.0,2019-10-30,2019-10-25,5,24.063
INDOFLOODS-gauge-679-66,INDOFLOODS-gauge-679,19.0_77.0,2019-10-30,2019-10-26,4,25.614
INDOFLOODS-gauge-679-66,INDOFLOODS-gauge-679,19.0_77.0,2019-10-30,2019-10-27,3,11.305
INDOFLOODS-gauge-679-66,INDOFLOODS-gauge-679,19.0_77.0,2019-10-30,2019-10-28,2,38.685
INDOFLOODS-gauge-679-66,INDOFLOODS-gauge-679,19.0_77.0,2019-10-30,2019-10-29,1,1.612
INDOFLOODS-gauge-679-66,INDOFLOODS-gauge-679,19.0_77.0,2019-10-30,2019-10-30,0,3.227
INDOFLOODS-gauge-679-67,INDOFLOODS-gauge-679,19.0_77.0,2019-11-19,2019-11-14,5,0.0
INDOFLOODS-gauge-679-67,INDOFLOODS-gauge-679,19.0_77.0,2019-11-19,2019-11-15,4,0.0
INDOFLOODS-gauge-679-67,INDOFLOODS-gauge-679,19.0_77.0,2019-11-19,2019-11-16,3,0.0
INDOFLOODS-gauge-679-67,INDOFLOODS-gauge-679,19.0_77.0,2019-11-19,2019-11-17,2,0.0
INDOFLOODS-gauge-679-67,INDOFLOODS-gauge-679,19.0_77.0,2019-11-19,2019-11-18,1,0.0
INDOFLOODS-gauge-679-67,INDOFLOODS-gauge-679,19.0_77.0,2019-11-19,2019-11-19,0,0.0
INDOFLOODS-gauge-679-68,INDOFLOODS-gauge-679,19.0_77.0,2020-02-14,2020-02-09,5,0.027
INDOFLOODS-gauge-679-68,INDOFLOODS-gauge-679,19.0_77.0,2020-02-14,2020-02-10,4,0.0
INDOFLOODS-gauge-679-68,INDOFLOODS-gauge-679,19.0_77.0,2020-02-14,2020-02-11,3,0.0
INDOFLOODS-gauge-679-68,INDOFLOODS-gauge-679,19.0_77.0,2020-02-14,2020-02-12,2,0.0
INDOFLOODS-gauge-679-68,INDOFLOODS-gauge-679,19.0_77.0,2020-02-14,2020-02-13,1,0.0
INDOFLOODS-gauge-679-68,INDOFLOODS-gauge-679,19.0_77.0,2020-02-14,2020-02-14,0,0.0
INDOFLOODS-gauge-679-69,INDOFLOODS-gauge-679,19.0_77.0,2020-04-02,2020-03-28,5,0.0
INDOFLOODS-gauge-679-69,INDOFLOODS-gauge-679,19.0_77.0,2020-04-02,2020-03-29,4,0.0
INDOFLOODS-gauge-679-69,INDOFLOODS-gauge-679,19.0_77.0,2020-04-02,2020-03-30,3,0.288
INDOFLOODS-gauge-679-69,INDOFLOODS-gauge-679,19.0_77.0,2020-04-02,2020-03-31,2,5.968
INDOFLOODS-gauge-679-69,INDOFLOODS-gauge-679,19.0_77.0,2020-04-02,2020-04-01,1,0.136
INDOFLOODS-gauge-679-69,INDOFLOODS-gauge-679,19.0_77.0,2020-04-02,2020-04-02,0,0.0
INDOFLOODS-gauge-679-70,INDOFLOODS-gauge-679,19.0_77.0,2020-04-07,2020-04-02,5,0.0
INDOFLOODS-gauge-679-70,INDOFLOODS-gauge-679,19.0_77.0,2020-04-07,2020-04-03,4,0.028
INDOFLOODS-gauge-679-70,INDOFLOODS-gauge-679,19.0_77.0,2020-04-07,2020-04-04,3,0.167
INDOFLOODS-gauge-679-70,INDOFLOODS-gauge-679,19.0_77.0,2020-04-07,2020-04-05,2,0.0
INDOFLOODS-gauge-679-70,INDOFLOODS-gauge-679,19.0_77.0,2020-04-07,2020-04-06,1,0.0
INDOFLOODS-gauge-679-70,INDOFLOODS-gauge-679,19.0_77.0,2020-04-07,2020-04-07,0,1.381
INDOFLOODS-gauge-681-26,INDOFLOODS-gauge-681,16.0_74.0,2019-08-04,2019-07-30,5,54.704
INDOFLOODS-gauge-681-26,INDOFLOODS-gauge-681,16.0_74.0,2019-08-04,2019-07-31,4,31.588
INDOFLOODS-gauge-681-26,INDOFLOODS-gauge-681,16.0_74.0,2019-08-04,2019-08-01,3,33.054
INDOFLOODS-gauge-681-26,INDOFLOODS-gauge-681,16.0_74.0,2019-08-04,2019-08-02,2,25.129
INDOFLOODS-gauge-681-26,INDOFLOODS-gauge-681,16.0_74.0,2019-08-04,2019-08-03,1,35.316
INDOFLOODS-gauge-681-26,INDOFLOODS-gauge-681,16.0_74.0,2019-08-04,2019-08-04,0,48.591
INDOFLOODS-gauge-682-14,INDOFLOODS-gauge-682,17.0_75.0,2019-08-05,2019-07-31,5,5.091
INDOFLOODS-gauge-682-14,INDOFLOODS-gauge-682,17.0_75.0,2019-08-05,2019-08-01,4,1.339
INDOFLOODS-gauge-682-14,INDOFLOODS-gauge-682,17.0_75.0,2019-08-05,2019-08-02,3,5.176
INDOFLOODS-gauge-682-14,INDOFLOODS-gauge-682,17.0_75.0,2019-08-05,2019-08-03,2,4.025
INDOFLOODS-gauge-682-14,INDOFLOODS-gauge-682,17.0_75.0,2019-08-05,2019-08-04,1,5.365
INDOFLOODS-gauge-682-14,INDOFLOODS-gauge-682,17.0_75.0,2019-08-05,2019-08-05,0,2.974
INDOFLOODS-gauge-684-5,INDOFLOODS-gauge-684,17.0_74.0,2019-08-05,2019-07-31,5,25.75
INDOFLOODS-gauge-684-5,INDOFLOODS-gauge-684,17.0_74.0,2019-08-05,2019-08-01,4,15.305
INDOFLOODS-gauge-684-5,INDOFLOODS-gauge-684,17.0_74.0,2019-08-05,2019-08-02,3,22.308
INDOFLOODS-gauge-684-5,INDOFLOODS-gauge-684,17.0_74.0,2019-08-05,2019-08-03,2,16.099
INDOFLOODS-gauge-684-5,INDOFLOODS-gauge-684,17.0_74.0,2019-08-05,2019-08-04,1,32.048
INDOFLOODS-gauge-684-5,INDOFLOODS-gauge-684,17.0_74.0,2019-08-05,2019-08-05,0,36.778
INDOFLOODS-gauge-694-1,INDOFLOODS-gauge-694,20.0_86.0,2018-07-23,2018-07-18,5,5.296
INDOFLOODS-gauge-694-1,INDOFLOODS-gauge-694,20.0_86.0,2018-07-23,2018-07-19,4,1.526
INDOFLOODS-gauge-694-1,INDOFLOODS-gauge-694,20.0_86.0,2018-07-23,2018-07-20,3,19.692
INDOFLOODS-gauge-694-1,INDOFLOODS-gauge-694,20.0_86.0,2018-07-23,2018-07-21,2,45.57
INDOFLOODS-gauge-694-1,INDOFLOODS-gauge-694,20.0_86.0,2018-07-23,2018-07-22,1,61.224
INDOFLOODS-gauge-694-1,INDOFLOODS-gauge-694,20.0_86.0,2018-07-23,2018-07-23,0,13.898
INDOFLOODS-gauge-705-1,INDOFLOODS-gauge-705,21.0_85.0,2019-07-28,2019-07-23,5,1.785
INDOFLOODS-gauge-705-1,INDOFLOODS-gauge-705,21.0_85.0,2019-07-28,2019-07-24,4,3.594
INDOFLOODS-gauge-705-1,INDOFLOODS-gauge-705,21.0_85.0,2019-07-28,2019-07-25,3,10.634
INDOFLOODS-gauge-705-1,INDOFLOODS-gauge-705,21.0_85.0,2019-07-28,2019-07-26,2,20.944
INDOFLOODS-gauge-705-1,INDOFLOODS-gauge-705,21.0_85.0,2019-07-28,2019-07-27,1,12.792
INDOFLOODS-gauge-705-1,INDOFLOODS-gauge-705,21.0_85.0,2019-07-28,2019-07-28,0,14.664
INDOFLOODS-gauge-707-45,INDOFLOODS-gauge-707,21.0_86.0,2015-07-29,2015-07-24,5,1.839
INDOFLOODS-gauge-707-45,INDOFLOODS-gauge-707,21.0_86.0,2015-07-29,2015-07-25,4,15.191
INDOFLOODS-gauge-707-45,INDOFLOODS-gauge-707,21.0_86.0,2015-07-29,2015-07-26,3,17.868
INDOFLOODS-gauge-707-45,INDOFLOODS-gauge-707,21.0_86.0,2015-07-29,2015-07-27,2,36.307
INDOFLOODS-gauge-707-45,INDOFLOODS-gauge-707,21.0_86.0,2015-07-29,2015-07-28,1,77.685
INDOFLOODS-gauge-707-45,INDOFLOODS-gauge-707,21.0_86.0,2015-07-29,2015-07-29,0,22.814
INDOFLOODS-gauge-707-46,INDOFLOODS-gauge-707,21.0_86.0,2017-10-21,2017-10-16,5,0.0
INDOFLOODS-gauge-707-46,INDOFLOODS-gauge-707,21.0_86.0,2017-10-21,2017-10-17,4,0.0
INDOFLOODS-gauge-707-46,INDOFLOODS-gauge-707,21.0_86.0,2017-10-21,2017-10-18,3,0.038
INDOFLOODS-gauge-707-46,INDOFLOODS-gauge-707,21.0_86.0,2017-10-21,2017-10-19,2,23.558
INDOFLOODS-gauge-707-46,INDOFLOODS-gauge-707,21.0_86.0,2017-10-21,2017-10-20,1,110.14
INDOFLOODS-gauge-707-46,INDOFLOODS-gauge-707,21.0_86.0,2017-10-21,2017-10-21,0,31.812
INDOFLOODS-gauge-707-47,INDOFLOODS-gauge-707,21.0_86.0,2018-09-22,2018-09-17,5,7.551
INDOFLOODS-gauge-707-47,INDOFLOODS-gauge-707,21.0_86.0,2018-09-22,2018-09-18,4,0.608
INDOFLOODS-gauge-707-47,INDOFLOODS-gauge-707,21.0_86.0,2018-09-22,2018-09-19,3,0.235
INDOFLOODS-gauge-707-47,INDOFLOODS-gauge-707,21.0_86.0,2018-09-22,2018-09-20,2,32.547
INDOFLOODS-gauge-707-47,INDOFLOODS-gauge-707,21.0_86.0,2018-09-22,2018-09-21,1,90.975
INDOFLOODS-gauge-707-47,INDOFLOODS-gauge-707,21.0_86.0,2018-09-22,2018-09-22,0,19.696
INDOFLOODS-gauge-707-48,INDOFLOODS-gauge-707,21.0_86.0,2018-10-13,2018-10-08,5,0.0
INDOFLOODS-gauge-707-48,INDOFLOODS-gauge-707,21.0_86.0,2018-10-13,2018-10-09,4,0.0
INDOFLOODS-gauge-707-48,INDOFLOODS-gauge-707,21.0_86.0,2018-10-13,2018-10-10,3,2.837
INDOFLOODS-gauge-707-48,INDOFLOODS-gauge-707,21.0_86.0,2018-10-13,2018-10-11,2,76.399
INDOFLOODS-gauge-707-48,INDOFLOODS-gauge-707,21.0_86.0,2018-10-13,2018-10-12,1,72.299
INDOFLOODS-gauge-707-48,INDOFLOODS-gauge-707,21.0_86.0,2018-10-13,2018-10-13,0,82.008
INDOFLOODS-gauge-715-34,INDOFLOODS-gauge-715,19.0_84.0,2018-10-12,2018-10-07,5,0.574
INDOFLOODS-gauge-715-34,INDOFLOODS-gauge-715,19.0_84.0,2018-10-12,2018-10-08,4,0.0
INDOFLOODS-gauge-715-34,INDOFLOODS-gauge-715,19.0_84.0,2018-10-12,2018-10-09,3,0.0
INDOFLOODS-gauge-715-34,INDOFLOODS-gauge-715,19.0_84.0,2018-10-12,2018-10-10,2,0.294
INDOFLOODS-gauge-715-34,INDOFLOODS-gauge-715,19.0_84.0,2018-10-12,2018-10-11,1,155.834
INDOFLOODS-gauge-715-34,INDOFLOODS-gauge-715,19.0_84.0,2018-10-12,2018-10-12,0,113.93
INDOFLOODS-gauge-724-25,INDOFLOODS-gauge-724,19.0_83.0,2017-07-19,2017-07-14,5,3.697
INDOFLOODS-gauge-724-25,INDOFLOODS-gauge-724,19.0_83.0,2017-07-19,2017-07-15,4,6.629
INDOFLOODS-gauge-724-25,INDOFLOODS-gauge-724,19.0_83.0,2017-07-19,2017-07-16,3,57.247
INDOFLOODS-gauge-724-25,INDOFLOODS-gauge-724,19.0_83.0,2017-07-19,2017-07-17,2,70.026
INDOFLOODS-gauge-724-25,INDOFLOODS-gauge-724,19.0_83.0,2017-07-19,2017-07-18,1,44.914
INDOFLOODS-gauge-724-25,INDOFLOODS-gauge-724,19.0_83.0,2017-07-19,2017-07-19,0,52.329
INDOFLOODS-gauge-724-26,INDOFLOODS-gauge-724,19.0_83.0,2018-07-15,2018-07-10,5,11.844
INDOFLOODS-gauge-724-26,INDOFLOODS-gauge-724,19.0_83.0,2018-07-15,2018-07-11,4,0.294
INDOFLOODS-gauge-724-26,INDOFLOODS-gauge-724,19.0_83.0,2018-07-15,2018-07-12,3,9.717
INDOFLOODS-gauge-724-26,INDOFLOODS-gauge-724,19.0_83.0,2018-07-15,2018-07-13,2,7.697
INDOFLOODS-gauge-724-26,INDOFLOODS-gauge-724,19.0_83.0,2018-07-15,2018-07-14,1,8.916
INDOFLOODS-gauge-724-26,INDOFLOODS-gauge-724,19.0_83.0,2018-07-15,2018-07-15,0,75.275
INDOFLOODS-gauge-724-27,INDOFLOODS-gauge-724,19.0_83.0,2018-07-21,2018-07-16,5,72.411
INDOFLOODS-gauge-724-27,INDOFLOODS-gauge-724,19.0_83.0,2018-07-21,2018-07-17,4,8.469
INDOFLOODS-gauge-724-27,INDOFLOODS-gauge-724,19.0_83.0,2018-07-21,2018-07-18,3,1.498
INDOFLOODS-gauge-724-27,INDOFLOODS-gauge-724,19.0_83.0,2018-07-21,2018-07-19,2,2.126
INDOFLOODS-gauge-724-27,INDOFLOODS-gauge-724,19.0_83.0,2018-07-21,2018-07-20,1,12.023
INDOFLOODS-gauge-724-27,INDOFLOODS-gauge-724,19.0_83.0,2018-07-21,2018-07-21,0,73.416
INDOFLOODS-gauge-724-28,INDOFLOODS-gauge-724,19.0_83.0,2018-10-12,2018-10-07,5,1.251
INDOFLOODS-gauge-724-28,INDOFLOODS-gauge-724,19.0_83.0,2018-10-12,2018-10-08,4,0.0
INDOFLOODS-gauge-724-28,INDOFLOODS-gauge-724,19.0_83.0,2018-10-12,2018-10-09,3,0.0
INDOFLOODS-gauge-724-28,INDOFLOODS-gauge-724,19.0_83.0,2018-10-12,2018-10-10,2,0.0
INDOFLOODS-gauge-724-28,INDOFLOODS-gauge-724,19.0_83.0,2018-10-12,2018-10-11,1,52.706
INDOFLOODS-gauge-724-28,INDOFLOODS-gauge-724,19.0_83.0,2018-10-12,2018-10-12,0,102.012
INDOFLOODS-gauge-727-18,INDOFLOODS-gauge-727,22.0_86.0,2019-10-26,2019-10-21,5,14.906
INDOFLOODS-gauge-727-18,INDOFLOODS-gauge-727,22.0_86.0,2019-10-26,2019-10-22,4,4.907
INDOFLOODS-gauge-727-18,INDOFLOODS-gauge-727,22.0_86.0,2019-10-26,2019-10-23,3,1.523
INDOFLOODS-gauge-727-18,INDOFLOODS-gauge-727,22.0_86.0,2019-10-26,2019-10-24,2,35.497
INDOFLOODS-gauge-727-18,INDOFLOODS-gauge-727,22.0_86.0,2019-10-26,2019-10-25,1,58.497
INDOFLOODS-gauge-727-18,INDOFLOODS-gauge-727,22.0_86.0,2019-10-26,2019-10-26,0,10.491
INDOFLOODS-gauge-731-1,INDOFLOODS-gauge-731,21.0_87.0,2017-07-25,2017-07-20,5,35.016
INDOFLOODS-gauge-731-1,INDOFLOODS-gauge-731,21.0_87.0,2017-07-25,2017-07-21,4,17.919
INDOFLOODS-gauge-731-1,INDOFLOODS-gauge-731,21.0_87.0,2017-07-25,2017-07-22,3,56.788
INDOFLOODS-gauge-731-1,INDOFLOODS-gauge-731,21.0_87.0,2017-07-25,2017-07-23,2,96.141
INDOFLOODS-gauge-731-1,INDOFLOODS-gauge-731,21.0_87.0,2017-07-25,2017-07-24,1,17.631
INDOFLOODS-gauge-731-1,INDOFLOODS-gauge-731,21.0_87.0,2017-07-25,2017-07-25,0,20.591
INDOFLOODS-gauge-731-10,INDOFLOODS-gauge-731,21.0_87.0,2018-08-29,2018-08-24,5,6.168
INDOFLOODS-gauge-731-10,INDOFLOODS-gauge-731,21.0_87.0,2018-08-29,2018-08-25,4,4.017
INDOFLOODS-gauge-731-10,INDOFLOODS-gauge-731,21.0_87.0,2018-08-29,2018-08-26,3,13.776
INDOFLOODS-gauge-731-10,INDOFLOODS-gauge-731,21.0_87.0,2018-08-29,2018-08-27,2,8.832
INDOFLOODS-gauge-731-10,INDOFLOODS-gauge-731,21.0_87.0,2018-08-29,2018-08-28,1,8.719
INDOFLOODS-gauge-731-10,INDOFLOODS-gauge-731,21.0_87.0,2018-08-29,2018-08-29,0,8.824
INDOFLOODS-gauge-731-11,INDOFLOODS-gauge-731,21.0_87.0,2018-09-24,2018-09-19,5,0.0
INDOFLOODS-gauge-731-11,INDOFLOODS-gauge-731,21.0_87.0,2018-09-24,2018-09-20,4,75.864
INDOFLOODS-gauge-731-11,INDOFLOODS-gauge-731,21.0_87.0,2018-09-24,2018-09-21,3,115.244
INDOFLOODS-gauge-731-11,INDOFLOODS-gauge-731,21.0_87.0,2018-09-24,2018-09-22,2,53.225
INDOFLOODS-gauge-731-11,INDOFLOODS-gauge-731,21.0_87.0,2018-09-24,2018-09-23,1,0.23
INDOFLOODS-gauge-731-11,INDOFLOODS-gauge-731,21.0_87.0,2018-09-24,2018-09-24,0,0.0
INDOFLOODS-gauge-731-2,INDOFLOODS-gauge-731,21.0_87.0,2017-08-16,2017-08-11,5,1.193
INDOFLOODS-gauge-731-2,INDOFLOODS-gauge-731,21.0_87.0,2017-08-16,2017-08-12,4,0.263
INDOFLOODS-gauge-731-2,INDOFLOODS-gauge-731,21.0_87.0,2017-08-16,2017-08-13,3,12.308
INDOFLOODS-gauge-731-2,INDOFLOODS-gauge-731,21.0_87.0,2017-08-16,2017-08-14,2,11.041
INDOFLOODS-gauge-731-2,INDOFLOODS-gauge-731,21.0_87.0,2017-08-16,2017-08-15,1,8.362
INDOFLOODS-gauge-731-2,INDOFLOODS-gauge-731,21.0_87.0,2017-08-16,2017-08-16,0,0.231
INDOFLOODS-gauge-731-3,INDOFLOODS-gauge-731,21.0_87.0,2017-08-29,2017-08-24,5,5.349
INDOFLOODS-gauge-731-3,INDOFLOODS-gauge-731,21.0_87.0,2017-08-29,2017-08-25,4,1.475
INDOFLOODS-gauge-731-3,INDOFLOODS-gauge-731,21.0_87.0,2017-08-29,2017-08-26,3,2.701
INDOFLOODS-gauge-731-3,INDOFLOODS-gauge-731,21.0_87.0,2017-08-29,2017-08-27,2,2.568
INDOFLOODS-gauge-731-3,INDOFLOODS-gauge-731,21.0_87.0,2017-08-29,2017-08-28,1,9.563
INDOFLOODS-gauge-731-3,INDOFLOODS-gauge-731,21.0_87.0,2017-08-29,2017-08-29,0,16.698
INDOFLOODS-gauge-731-4,INDOFLOODS-gauge-731,21.0_87.0,2017-09-20,2017-09-15,5,0.0
INDOFLOODS-gauge-731-4,INDOFLOODS-gauge-731,21.0_87.0,2017-09-20,2017-09-16,4,3.255
INDOFLOODS-gauge-731-4,INDOFLOODS-gauge-731,21.0_87.0,2017-09-20,2017-09-17,3,0.338
INDOFLOODS-gauge-731-4,INDOFLOODS-gauge-731,21.0_87.0,2017-09-20,2017-09-18,2,66.928
INDOFLOODS-gauge-731-4,INDOFLOODS-gauge-731,21.0_87.0,2017-09-20,2017-09-19,1,8.058
INDOFLOODS-gauge-731-4,INDOFLOODS-gauge-731,21.0_87.0,2017-09-20,2017-09-20,0,23.802
INDOFLOODS-gauge-731-5,INDOFLOODS-gauge-731,21.0_87.0,2017-10-08,2017-10-03,5,3.47
INDOFLOODS-gauge-731-5,INDOFLOODS-gauge-731,21.0_87.0,2017-10-08,2017-10-04,4,0.0
INDOFLOODS-gauge-731-5,INDOFLOODS-gauge-731,21.0_87.0,2017-10-08,2017-10-05,3,0.55
INDOFLOODS-gauge-731-5,INDOFLOODS-gauge-731,21.0_87.0,2017-10-08,2017-10-06,2,0.916
INDOFLOODS-gauge-731-5,INDOFLOODS-gauge-731,21.0_87.0,2017-10-08,2017-10-07,1,1.023
INDOFLOODS-gauge-731-5,INDOFLOODS-gauge-731,21.0_87.0,2017-10-08,2017-10-08,0,9.671
INDOFLOODS-gauge-731-6,INDOFLOODS-gauge-731,21.0_87.0,2017-10-22,2017-10-17,5,0.0
INDOFLOODS-gauge-731-6,INDOFLOODS-gauge-731,21.0_87.0,2017-10-22,2017-10-18,4,5.393
INDOFLOODS-gauge-731-6,INDOFLOODS-gauge-731,21.0_87.0,2017-10-22,2017-10-19,3,11.725
INDOFLOODS-gauge-731-6,INDOFLOODS-gauge-731,21.0_87.0,2017-10-22,2017-10-20,2,77.945
INDOFLOODS-gauge-731-6,INDOFLOODS-gauge-731,21.0_87.0,2017-10-22,2017-10-21,1,28.74
INDOFLOODS-gauge-731-6,INDOFLOODS-gauge-731,21.0_87.0,2017-10-22,2017-10-22,0,0.044
INDOFLOODS-gauge-731-7,INDOFLOODS-gauge-731,21.0_87.0,2018-08-02,2018-07-28,5,7.89
INDOFLOODS-gauge-731-7,INDOFLOODS-gauge-731,21.0_87.0,2018-08-02,2018-07-29,4,2.037
INDOFLOODS-gauge-731-7,INDOFLOODS-gauge-731,21.0_87.0,2018-08-02,2018-07-30,3,60.813
INDOFLOODS-gauge-731-7,INDOFLOODS-gauge-731,21.0_87.0,2018-08-02,2018-07-31,2,10.86
INDOFLOODS-gauge-731-7,INDOFLOODS-gauge-731,21.0_87.0,2018-08-02,2018-08-01,1,8.973
INDOFLOODS-gauge-731-7,INDOFLOODS-gauge-731,21.0_87.0,2018-08-02,2018-08-02,0,2.869
INDOFLOODS-gauge-731-8,INDOFLOODS-gauge-731,21.0_87.0,2018-08-07,2018-08-02,5,2.869
INDOFLOODS-gauge-731-8,INDOFLOODS-gauge-731,21.0_87.0,2018-08-07,2018-08-03,4,0.393
INDOFLOODS-gauge-731-8,INDOFLOODS-gauge-731,21.0_87.0,2018-08-07,2018-08-04,3,3.024
INDOFLOODS-gauge-731-8,INDOFLOODS-gauge-731,21.0_87.0,2018-08-07,2018-08-05,2,26.302
INDOFLOODS-gauge-731-8,INDOFLOODS-gauge-731,21.0_87.0,2018-08-07,2018-08-06,1,27.731
INDOFLOODS-gauge-731-8,INDOFLOODS-gauge-731,21.0_87.0,2018-08-07,2018-08-07,0,11.373
INDOFLOODS-gauge-731-9,INDOFLOODS-gauge-731,21.0_87.0,2018-08-23,2018-08-18,5,0.523
INDOFLOODS-gauge-731-9,INDOFLOODS-gauge-731,21.0_87.0,2018-08-23,2018-08-19,4,4.452
INDOFLOODS-gauge-731-9,INDOFLOODS-gauge-731,21.0_87.0,2018-08-23,2018-08-20,3,39.842
INDOFLOODS-gauge-731-9,INDOFLOODS-gauge-731,21.0_87.0,2018-08-23,2018-08-21,2,13.709
INDOFLOODS-gauge-731-9,INDOFLOODS-gauge-731,21.0_87.0,2018-08-23,2018-08-22,1,15.029
INDOFLOODS-gauge-731-9,INDOFLOODS-gauge-731,21.0_87.0,2018-08-23,2018-08-23,0,1.399
INDOFLOODS-gauge-734-1,INDOFLOODS-gauge-734,20.0_85.0,2018-07-23,2018-07-18,5,12.062
INDOFLOODS-gauge-734-1,INDOFLOODS-gauge-734,20.0_85.0,2018-07-23,2018-07-19,4,1.781
INDOFLOODS-gauge-734-1,INDOFLOODS-gauge-734,20.0_85.0,2018-07-23,2018-07-20,3,8.63
INDOFLOODS-gauge-734-1,INDOFLOODS-gauge-734,20.0_85.0,2018-07-23,2018-07-21,2,85.848
INDOFLOODS-gauge-734-1,INDOFLOODS-gauge-734,20.0_85.0,2018-07-23,2018-07-22,1,65.45
INDOFLOODS-gauge-734-1,INDOFLOODS-gauge-734,20.0_85.0,2018-07-23,2018-07-23,0,6.763
INDOFLOODS-gauge-739-77,INDOFLOODS-gauge-739,21.0_86.0,2015-07-28,2015-07-23,5,17.501
INDOFLOODS-gauge-739-77,INDOFLOODS-gauge-739,21.0_86.0,2015-07-28,2015-07-24,4,1.839
INDOFLOODS-gauge-739-77,INDOFLOODS-gauge-739,21.0_86.0,2015-07-28,2015-07-25,3,15.191
INDOFLOODS-gauge-739-77,INDOFLOODS-gauge-739,21.0_86.0,2015-07-28,2015-07-26,2,17.868
INDOFLOODS-gauge-739-77,INDOFLOODS-gauge-739,21.0_86.0,2015-07-28,2015-07-27,1,36.307
INDOFLOODS-gauge-739-77,INDOFLOODS-gauge-739,21.0_86.0,2015-07-28,2015-07-28,0,77.685
INDOFLOODS-gauge-739-78,INDOFLOODS-gauge-739,21.0_86.0,2017-07-24,2017-07-19,5,21.255
INDOFLOODS-gauge-739-78,INDOFLOODS-gauge-739,21.0_86.0,2017-07-24,2017-07-20,4,20.083
INDOFLOODS-gauge-739-78,INDOFLOODS-gauge-739,21.0_86.0,2017-07-24,2017-07-21,3,8.977
INDOFLOODS-gauge-739-78,INDOFLOODS-gauge-739,21.0_86.0,2017-07-24,2017-07-22,2,6.787
INDOFLOODS-gauge-739-78,INDOFLOODS-gauge-739,21.0_86.0,2017-07-24,2017-07-23,1,25.758
INDOFLOODS-gauge-739-78,INDOFLOODS-gauge-739,21.0_86.0,2017-07-24,2017-07-24,0,31.274
INDOFLOODS-gauge-759-28,INDOFLOODS-gauge-759,20.0_86.0,2017-07-29,2017-07-24,5,19.933
INDOFLOODS-gauge-759-28,INDOFLOODS-gauge-759,20.0_86.0,2017-07-29,2017-07-25,4,3.549
INDOFLOODS-gauge-759-28,INDOFLOODS-gauge-759,20.0_86.0,2017-07-29,2017-07-26,3,2.262
INDOFLOODS-gauge-759-28,INDOFLOODS-gauge-759,20.0_86.0,2017-07-29,2017-07-27,2,1.865
INDOFLOODS-gauge-759-28,INDOFLOODS-gauge-759,20.0_86.0,2017-07-29,2017-07-28,1,2.833
INDOFLOODS-gauge-759-28,INDOFLOODS-gauge-759,20.0_86.0,2017-07-29,2017-07-29,0,4.367
INDOFLOODS-gauge-768-10,INDOFLOODS-gauge-768,18.0_83.0,2015-08-22,2015-08-17,5,7.165
INDOFLOODS-gauge-768-10,INDOFLOODS-gauge-768,18.0_83.0,2015-08-22,2015-08-18,4,15.352
INDOFLOODS-gauge-768-10,INDOFLOODS-gauge-768,18.0_83.0,2015-08-22,2015-08-19,3,0.323
INDOFLOODS-gauge-768-10,INDOFLOODS-gauge-768,18.0_83.0,2015-08-22,2015-08-20,2,5.109
INDOFLOODS-gauge-768-10,INDOFLOODS-gauge-768,18.0_83.0,2015-08-22,2015-08-21,1,9.988
INDOFLOODS-gauge-768-10,INDOFLOODS-gauge-768,18.0_83.0,2015-08-22,2015-08-22,0,8.906
INDOFLOODS-gauge-768-11,INDOFLOODS-gauge-768,18.0_83.0,2015-08-29,2015-08-24,5,3.983
INDOFLOODS-gauge-768-11,INDOFLOODS-gauge-768,18.0_83.0,2015-08-29,2015-08-25,4,1.425
INDOFLOODS-gauge-768-11,INDOFLOODS-gauge-768,18.0_83.0,2015-08-29,2015-08-26,3,5.31
INDOFLOODS-gauge-768-11,INDOFLOODS-gauge-768,18.0_83.0,2015-08-29,2015-08-27,2,22.681
INDOFLOODS-gauge-768-11,INDOFLOODS-gauge-768,18.0_83.0,2015-08-29,2015-08-28,1,1.141
INDOFLOODS-gauge-768-11,INDOFLOODS-gauge-768,18.0_83.0,2015-08-29,2015-08-29,0,4.431
INDOFLOODS-gauge-768-12,INDOFLOODS-gauge-768,18.0_83.0,2015-09-07,2015-09-02,5,14.739
INDOFLOODS-gauge-768-12,INDOFLOODS-gauge-768,18.0_83.0,2015-09-07,2015-09-03,4,10.891
INDOFLOODS-gauge-768-12,INDOFLOODS-gauge-768,18.0_83.0,2015-09-07,2015-09-04,3,0.0
INDOFLOODS-gauge-768-12,INDOFLOODS-gauge-768,18.0_83.0,2015-09-07,2015-09-05,2,7.695
INDOFLOODS-gauge-768-12,INDOFLOODS-gauge-768,18.0_83.0,2015-09-07,2015-09-06,1,1.941
INDOFLOODS-gauge-768-12,INDOFLOODS-gauge-768,18.0_83.0,2015-09-07,2015-09-07,0,24.862
INDOFLOODS-gauge-768-13,INDOFLOODS-gauge-768,18.0_83.0,2015-09-16,2015-09-11,5,2.473
INDOFLOODS-gauge-768-13,INDOFLOODS-gauge-768,18.0_83.0,2015-09-16,2015-09-12,4,21.677
INDOFLOODS-gauge-768-13,INDOFLOODS-gauge-768,18.0_83.0,2015-09-16,2015-09-13,3,5.508
INDOFLOODS-gauge-768-13,INDOFLOODS-gauge-768,18.0_83.0,2015-09-16,2015-09-14,2,15.718
INDOFLOODS-gauge-768-13,INDOFLOODS-gauge-768,18.0_83.0,2015-09-16,2015-09-15,1,34.492
INDOFLOODS-gauge-768-13,INDOFLOODS-gauge-768,18.0_83.0,2015-09-16,2015-09-16,0,25.55
INDOFLOODS-gauge-768-14,INDOFLOODS-gauge-768,18.0_83.0,2016-07-03,2016-06-28,5,31.096
INDOFLOODS-gauge-768-14,INDOFLOODS-gauge-768,18.0_83.0,2016-07-03,2016-06-29,4,6.753
INDOFLOODS-gauge-768-14,INDOFLOODS-gauge-768,18.0_83.0,2016-07-03,2016-06-30,3,36.526
INDOFLOODS-gauge-768-14,INDOFLOODS-gauge-768,18.0_83.0,2016-07-03,2016-07-01,2,32.136
INDOFLOODS-gauge-768-14,INDOFLOODS-gauge-768,18.0_83.0,2016-07-03,2016-07-02,1,9.828
INDOFLOODS-gauge-768-14,INDOFLOODS-gauge-768,18.0_83.0,2016-07-03,2016-07-03,0,1.426
INDOFLOODS-gauge-768-15,INDOFLOODS-gauge-768,18.0_83.0,2016-07-22,2016-07-17,5,0.0
INDOFLOODS-gauge-768-15,INDOFLOODS-gauge-768,18.0_83.0,2016-07-22,2016-07-18,4,8.711
INDOFLOODS-gauge-768-15,INDOFLOODS-gauge-768,18.0_83.0,2016-07-22,2016-07-19,3,16.389
INDOFLOODS-gauge-768-15,INDOFLOODS-gauge-768,18.0_83.0,2016-07-22,2016-07-20,2,7.92
INDOFLOODS-gauge-768-15,INDOFLOODS-gauge-768,18.0_83.0,2016-07-22,2016-07-21,1,21.272
INDOFLOODS-gauge-768-15,INDOFLOODS-gauge-768,18.0_83.0,2016-07-22,2016-07-22,0,4.565
INDOFLOODS-gauge-768-16,INDOFLOODS-gauge-768,18.0_83.0,2016-08-02,2016-07-28,5,0.015
INDOFLOODS-gauge-768-16,INDOFLOODS-gauge-768,18.0_83.0,2016-08-02,2016-07-29,4,1.632
INDOFLOODS-gauge-768-16,INDOFLOODS-gauge-768,18.0_83.0,2016-08-02,2016-07-30,3,3.605
INDOFLOODS-gauge-768-16,INDOFLOODS-gauge-768,18.0_83.0,2016-08-02,2016-07-31,2,3.049
INDOFLOODS-gauge-768-16,INDOFLOODS-gauge-768,18.0_83.0,2016-08-02,2016-08-01,1,4.848
INDOFLOODS-gauge-768-16,INDOFLOODS-gauge-768,18.0_83.0,2016-08-02,2016-08-02,0,12.205
INDOFLOODS-gauge-768-17,INDOFLOODS-gauge-768,18.0_83.0,2016-08-05,2016-07-31,5,3.049
INDOFLOODS-gauge-768-17,INDOFLOODS-gauge-768,18.0_83.0,2016-08-05,2016-08-01,4,4.848
INDOFLOODS-gauge-768-17,INDOFLOODS-gauge-768,18.0_83.0,2016-08-05,2016-08-02,3,12.205
INDOFLOODS-gauge-768-17,INDOFLOODS-gauge-768,18.0_83.0,2016-08-05,2016-08-03,2,4.364
INDOFLOODS-gauge-768-17,INDOFLOODS-gauge-768,18.0_83.0,2016-08-05,2016-08-04,1,2.517
INDOFLOODS-gauge-768-17,INDOFLOODS-gauge-768,18.0_83.0,2016-08-05,2016-08-05,0,11.115
INDOFLOODS-gauge-768-18,INDOFLOODS-gauge-768,18.0_83.0,2016-08-13,2016-08-08,5,0.035
INDOFLOODS-gauge-768-18,INDOFLOODS-gauge-768,18.0_83.0,2016-08-13,2016-08-09,4,0.332
INDOFLOODS-gauge-768-18,INDOFLOODS-gauge-768,18.0_83.0,2016-08-13,2016-08-10,3,0.634
INDOFLOODS-gauge-768-18,INDOFLOODS-gauge-768,18.0_83.0,2016-08-13,2016-08-11,2,0.464
INDOFLOODS-gauge-768-18,INDOFLOODS-gauge-768,18.0_83.0,2016-08-13,2016-08-12,1,0.0
INDOFLOODS-gauge-768-18,INDOFLOODS-gauge-768,18.0_83.0,2016-08-13,2016-08-13,0,0.423
INDOFLOODS-gauge-768-19,INDOFLOODS-gauge-768,18.0_83.0,2016-08-28,2016-08-23,5,0.801
INDOFLOODS-gauge-768-19,INDOFLOODS-gauge-768,18.0_83.0,2016-08-28,2016-08-24,4,0.09
INDOFLOODS-gauge-768-19,INDOFLOODS-gauge-768,18.0_83.0,2016-08-28,2016-08-25,3,10.894
INDOFLOODS-gauge-768-19,INDOFLOODS-gauge-768,18.0_83.0,2016-08-28,2016-08-26,2,12.423
INDOFLOODS-gauge-768-19,INDOFLOODS-gauge-768,18.0_83.0,2016-08-28,2016-08-27,1,23.232
INDOFLOODS-gauge-768-19,INDOFLOODS-gauge-768,18.0_83.0,2016-08-28,2016-08-28,0,5.284
INDOFLOODS-gauge-768-20,INDOFLOODS-gauge-768,18.0_83.0,2016-09-03,2016-08-29,5,7.993
INDOFLOODS-gauge-768-20,INDOFLOODS-gauge-768,18.0_83.0,2016-09-03,2016-08-30,4,1.042
INDOFLOODS-gauge-768-20,INDOFLOODS-gauge-768,18.0_83.0,2016-09-03,2016-08-31,3,5.398
INDOFLOODS-gauge-768-20,INDOFLOODS-gauge-768,18.0_83.0,2016-09-03,2016-09-01,2,6.114
INDOFLOODS-gauge-768-20,INDOFLOODS-gauge-768,18.0_83.0,2016-09-03,2016-09-02,1,1.669
INDOFLOODS-gauge-768-20,INDOFLOODS-gauge-768,18.0_83.0,2016-09-03,2016-09-03,0,20.034
INDOFLOODS-gauge-768-21,INDOFLOODS-gauge-768,18.0_83.0,2016-09-12,2016-09-07,5,0.0
INDOFLOODS-gauge-768-21,INDOFLOODS-gauge-768,18.0_83.0,2016-09-12,2016-09-08,4,0.862
INDOFLOODS-gauge-768-21,INDOFLOODS-gauge-768,18.0_83.0,2016-09-12,2016-09-09,3,1.028
INDOFLOODS-gauge-768-21,INDOFLOODS-gauge-768,18.0_83.0,2016-09-12,2016-09-10,2,3.716
INDOFLOODS-gauge-768-21,INDOFLOODS-gauge-768,18.0_83.0,2016-09-12,2016-09-11,1,11.686
INDOFLOODS-gauge-768-21,INDOFLOODS-gauge-768,18.0_83.0,2016-09-12,2016-09-12,0,8.588
INDOFLOODS-gauge-768-22,INDOFLOODS-gauge-768,18.0_83.0,2016-09-20,2016-09-15,5,34.376
INDOFLOODS-gauge-768-22,INDOFLOODS-gauge-768,18.0_83.0,2016-09-20,2016-09-16,4,11.725
INDOFLOODS-gauge-768-22,INDOFLOODS-gauge-768,18.0_83.0,2016-09-20,2016-09-17,3,2.766
INDOFLOODS-gauge-768-22,INDOFLOODS-gauge-768,18.0_83.0,2016-09-20,2016-09-18,2,4.578
INDOFLOODS-gauge-768-22,INDOFLOODS-gauge-768,18.0_83.0,2016-09-20,2016-09-19,1,10.85
INDOFLOODS-gauge-768-22,INDOFLOODS-gauge-768,18.0_83.0,2016-09-20,2016-09-20,0,1.865
INDOFLOODS-gauge-768-23,INDOFLOODS-gauge-768,18.0_83.0,2016-09-24,2016-09-19,5,10.85
INDOFLOODS-gauge-768-23,INDOFLOODS-gauge-768,18.0_83.0,2016-09-24,2016-09-20,4,1.865
INDOFLOODS-gauge-768-23,INDOFLOODS-gauge-768,18.0_83.0,2016-09-24,2016-09-21,3,4.124
INDOFLOODS-gauge-768-23,INDOFLOODS-gauge-768,18.0_83.0,2016-09-24,2016-09-22,2,31.337
INDOFLOODS-gauge-768-23,INDOFLOODS-gauge-768,18.0_83.0,2016-09-24,2016-09-23,1,32.464
INDOFLOODS-gauge-768-23,INDOFLOODS-gauge-768,18.0_83.0,2016-09-24,2016-09-24,0,22.059
INDOFLOODS-gauge-768-24,INDOFLOODS-gauge-768,18.0_83.0,2017-06-23,2017-06-18,5,0.0
INDOFLOODS-gauge-768-24,INDOFLOODS-gauge-768,18.0_83.0,2017-06-23,2017-06-19,4,6.891
INDOFLOODS-gauge-768-24,INDOFLOODS-gauge-768,18.0_83.0,2017-06-23,2017-06-20,3,0.0
INDOFLOODS-gauge-768-24,INDOFLOODS-gauge-768,18.0_83.0,2017-06-23,2017-06-21,2,9.006
INDOFLOODS-gauge-768-24,INDOFLOODS-gauge-768,18.0_83.0,2017-06-23,2017-06-22,1,5.86
INDOFLOODS-gauge-768-24,INDOFLOODS-gauge-768,18.0_83.0,2017-06-23,2017-06-23,0,0.377
INDOFLOODS-gauge-768-25,INDOFLOODS-gauge-768,18.0_83.0,2017-07-17,2017-07-12,5,1.382
INDOFLOODS-gauge-768-25,INDOFLOODS-gauge-768,18.0_83.0,2017-07-17,2017-07-13,4,6.105
INDOFLOODS-gauge-768-25,INDOFLOODS-gauge-768,18.0_83.0,2017-07-17,2017-07-14,3,14.752
INDOFLOODS-gauge-768-25,INDOFLOODS-gauge-768,18.0_83.0,2017-07-17,2017-07-15,2,6.6
INDOFLOODS-gauge-768-25,INDOFLOODS-gauge-768,18.0_83.0,2017-07-17,2017-07-16,1,5.552
INDOFLOODS-gauge-768-25,INDOFLOODS-gauge-768,18.0_83.0,2017-07-17,2017-07-17,0,10.446
INDOFLOODS-gauge-768-26,INDOFLOODS-gauge-768,18.0_83.0,2017-08-15,2017-08-10,5,8.948
INDOFLOODS-gauge-768-26,INDOFLOODS-gauge-768,18.0_83.0,2017-08-15,2017-08-11,4,0.0
INDOFLOODS-gauge-768-26,INDOFLOODS-gauge-768,18.0_83.0,2017-08-15,2017-08-12,3,14.507
INDOFLOODS-gauge-768-26,INDOFLOODS-gauge-768,18.0_83.0,2017-08-15,2017-08-13,2,15.887
INDOFLOODS-gauge-768-26,INDOFLOODS-gauge-768,18.0_83.0,2017-08-15,2017-08-14,1,16.936
INDOFLOODS-gauge-768-26,INDOFLOODS-gauge-768,18.0_83.0,2017-08-15,2017-08-15,0,5.686
INDOFLOODS-gauge-768-27,INDOFLOODS-gauge-768,18.0_83.0,2017-08-17,2017-08-12,5,14.507
INDOFLOODS-gauge-768-27,INDOFLOODS-gauge-768,18.0_83.0,2017-08-17,2017-08-13,4,15.887
INDOFLOODS-gauge-768-27,INDOFLOODS-gauge-768,18.0_83.0,2017-08-17,2017-08-14,3,16.936
INDOFLOODS-gauge-768-27,INDOFLOODS-gauge-768,18.0_83.0,2017-08-17,2017-08-15,2,5.686
INDOFLOODS-gauge-768-27,INDOFLOODS-gauge-768,18.0_83.0,2017-08-17,2017-08-16,1,12.576
INDOFLOODS-gauge-768-27,INDOFLOODS-gauge-768,18.0_83.0,2017-08-17,2017-08-17,0,11.403
INDOFLOODS-gauge-768-28,INDOFLOODS-gauge-768,18.0_83.0,2017-09-07,2017-09-02,5,11.344
INDOFLOODS-gauge-768-28,INDOFLOODS-gauge-768,18.0_83.0,2017-09-07,2017-09-03,4,0.079
INDOFLOODS-gauge-768-28,INDOFLOODS-gauge-768,18.0_83.0,2017-09-07,2017-09-04,3,0.742
INDOFLOODS-gauge-768-28,INDOFLOODS-gauge-768,18.0_83.0,2017-09-07,2017-09-05,2,8.563
INDOFLOODS-gauge-768-28,INDOFLOODS-gauge-768,18.0_83.0,2017-09-07,2017-09-06,1,14.735
INDOFLOODS-gauge-768-28,INDOFLOODS-gauge-768,18.0_83.0,2017-09-07,2017-09-07,0,2.287
INDOFLOODS-gauge-768-29,INDOFLOODS-gauge-768,18.0_83.0,2017-09-10,2017-09-05,5,8.563
INDOFLOODS-gauge-768-29,INDOFLOODS-gauge-768,18.0_83.0,2017-09-10,2017-09-06,4,14.735
INDOFLOODS-gauge-768-29,INDOFLOODS-gauge-768,18.0_83.0,2017-09-10,2017-09-07,3,2.287
INDOFLOODS-gauge-768-29,INDOFLOODS-gauge-768,18.0_83.0,2017-09-10,2017-09-08,2,4.066
INDOFLOODS-gauge-768-29,INDOFLOODS-gauge-768,18.0_83.0,2017-09-10,2017-09-09,1,1.311
INDOFLOODS-gauge-768-29,INDOFLOODS-gauge-768,18.0_83.0,2017-09-10,2017-09-10,0,0.0
INDOFLOODS-gauge-768-30,INDOFLOODS-gauge-768,18.0_83.0,2017-09-15,2017-09-10,5,0.0
INDOFLOODS-gauge-768-30,INDOFLOODS-gauge-768,18.0_83.0,2017-09-15,2017-09-11,4,0.066
INDOFLOODS-gauge-768-30,INDOFLOODS-gauge-768,18.0_83.0,2017-09-15,2017-09-12,3,2.24
INDOFLOODS-gauge-768-30,INDOFLOODS-gauge-768,18.0_83.0,2017-09-15,2017-09-13,2,9.333
INDOFLOODS-gauge-768-30,INDOFLOODS-gauge-768,18.0_83.0,2017-09-15,2017-09-14,1,3.289
INDOFLOODS-gauge-768-30,INDOFLOODS-gauge-768,18.0_83.0,2017-09-15,2017-09-15,0,18.5
INDOFLOODS-gauge-768-31,INDOFLOODS-gauge-768,18.0_83.0,2017-09-18,2017-09-13,5,9.333
INDOFLOODS-gauge-768-31,INDOFLOODS-gauge-768,18.0_83.0,2017-09-18,2017-09-14,4,3.289
INDOFLOODS-gauge-768-31,INDOFLOODS-gauge-768,18.0_83.0,2017-09-18,2017-09-15,3,18.5
INDOFLOODS-gauge-768-31,INDOFLOODS-gauge-768,18.0_83.0,2017-09-18,2017-09-16,2,0.169
INDOFLOODS-gauge-768-31,INDOFLOODS-gauge-768,18.0_83.0,2017-09-18,2017-09-17,1,22.754
INDOFLOODS-gauge-768-31,INDOFLOODS-gauge-768,18.0_83.0,2017-09-18,2017-09-18,0,1.808
INDOFLOODS-gauge-768-32,INDOFLOODS-gauge-768,18.0_83.0,2017-09-21,2017-09-16,5,0.169
INDOFLOODS-gauge-768-32,INDOFLOODS-gauge-768,18.0_83.0,2017-09-21,2017-09-17,4,22.754
INDOFLOODS-gauge-768-32,INDOFLOODS-gauge-768,18.0_83.0,2017-09-21,2017-09-18,3,1.808
INDOFLOODS-gauge-768-32,INDOFLOODS-gauge-768,18.0_83.0,2017-09-21,2017-09-19,2,0.532
INDOFLOODS-gauge-768-32,INDOFLOODS-gauge-768,18.0_83.0,2017-09-21,2017-09-20,1,1.703
INDOFLOODS-gauge-768-32,INDOFLOODS-gauge-768,18.0_83.0,2017-09-21,2017-09-21,0,0.036
INDOFLOODS-gauge-768-33,INDOFLOODS-gauge-768,18.0_83.0,2017-09-26,2017-09-21,5,0.036
INDOFLOODS-gauge-768-33,INDOFLOODS-gauge-768,18.0_83.0,2017-09-26,2017-09-22,4,0.608
INDOFLOODS-gauge-768-33,INDOFLOODS-gauge-768,18.0_83.0,2017-09-26,2017-09-23,3,4.633
INDOFLOODS-gauge-768-33,INDOFLOODS-gauge-768,18.0_83.0,2017-09-26,2017-09-24,2,4.46
INDOFLOODS-gauge-768-33,INDOFLOODS-gauge-768,18.0_83.0,2017-09-26,2017-09-25,1,7.057
INDOFLOODS-gauge-768-33,INDOFLOODS-gauge-768,18.0_83.0,2017-09-26,2017-09-26,0,10.609
INDOFLOODS-gauge-768-34,INDOFLOODS-gauge-768,18.0_83.0,2017-10-21,2017-10-16,5,4.925
INDOFLOODS-gauge-768-34,INDOFLOODS-gauge-768,18.0_83.0,2017-10-21,2017-10-17,4,0.0
INDOFLOODS-gauge-768-34,INDOFLOODS-gauge-768,18.0_83.0,2017-10-21,2017-10-18,3,0.0
INDOFLOODS-gauge-768-34,INDOFLOODS-gauge-768,18.0_83.0,2017-10-21,2017-10-19,2,4.379
INDOFLOODS-gauge-768-34,INDOFLOODS-gauge-768,18.0_83.0,2017-10-21,2017-10-20,1,16.41
INDOFLOODS-gauge-768-34,INDOFLOODS-gauge-768,18.0_83.0,2017-10-21,2017-10-21,0,2.675
INDOFLOODS-gauge-768-35,INDOFLOODS-gauge-768,18.0_83.0,2017-11-20,2017-11-15,5,1.903
INDOFLOODS-gauge-768-35,INDOFLOODS-gauge-768,18.0_83.0,2017-11-20,2017-11-16,4,19.505
INDOFLOODS-gauge-768-35,INDOFLOODS-gauge-768,18.0_83.0,2017-11-20,2017-11-17,3,4.593
INDOFLOODS-gauge-768-35,INDOFLOODS-gauge-768,18.0_83.0,2017-11-20,2017-11-18,2,0.728
INDOFLOODS-gauge-768-35,INDOFLOODS-gauge-768,18.0_83.0,2017-11-20,2017-11-19,1,0.889
INDOFLOODS-gauge-768-35,INDOFLOODS-gauge-768,18.0_83.0,2017-11-20,2017-11-20,0,12.972
INDOFLOODS-gauge-768-36,INDOFLOODS-gauge-768,18.0_83.0,2018-07-15,2018-07-10,5,5.214
INDOFLOODS-gauge-768-36,INDOFLOODS-gauge-768,18.0_83.0,2018-07-15,2018-07-11,4,2.929
INDOFLOODS-gauge-768-36,INDOFLOODS-gauge-768,18.0_83.0,2018-07-15,2018-07-12,3,3.007
INDOFLOODS-gauge-768-36,INDOFLOODS-gauge-768,18.0_83.0,2018-07-15,2018-07-13,2,0.087
INDOFLOODS-gauge-768-36,INDOFLOODS-gauge-768,18.0_83.0,2018-07-15,2018-07-14,1,2.176
INDOFLOODS-gauge-768-36,INDOFLOODS-gauge-768,18.0_83.0,2018-07-15,2018-07-15,0,17.393
INDOFLOODS-gauge-768-37,INDOFLOODS-gauge-768,18.0_83.0,2018-07-21,2018-07-16,5,5.656
INDOFLOODS-gauge-768-37,INDOFLOODS-gauge-768,18.0_83.0,2018-07-21,2018-07-17,4,3.193
INDOFLOODS-gauge-768-37,INDOFLOODS-gauge-768,18.0_83.0,2018-07-21,2018-07-18,3,0.246
INDOFLOODS-gauge-768-37,INDOFLOODS-gauge-768,18.0_83.0,2018-07-21,2018-07-19,2,0.232
INDOFLOODS-gauge-768-37,INDOFLOODS-gauge-768,18.0_83.0,2018-07-21,2018-07-20,1,10.22
INDOFLOODS-gauge-768-37,INDOFLOODS-gauge-768,18.0_83.0,2018-07-21,2018-07-21,0,39.726
INDOFLOODS-gauge-768-38,INDOFLOODS-gauge-768,18.0_83.0,2018-08-01,2018-07-27,5,0.151
INDOFLOODS-gauge-768-38,INDOFLOODS-gauge-768,18.0_83.0,2018-08-01,2018-07-28,4,4.796
INDOFLOODS-gauge-768-38,INDOFLOODS-gauge-768,18.0_83.0,2018-08-01,2018-07-29,3,11.043
INDOFLOODS-gauge-768-38,INDOFLOODS-gauge-768,18.0_83.0,2018-08-01,2018-07-30,2,17.077
INDOFLOODS-gauge-768-38,INDOFLOODS-gauge-768,18.0_83.0,2018-08-01,2018-07-31,1,4.426
INDOFLOODS-gauge-768-38,INDOFLOODS-gauge-768,18.0_83.0,2018-08-01,2018-08-01,0,1.481
INDOFLOODS-gauge-768-39,INDOFLOODS-gauge-768,18.0_83.0,2018-08-08,2018-08-03,5,2.301
INDOFLOODS-gauge-768-39,INDOFLOODS-gauge-768,18.0_83.0,2018-08-08,2018-08-04,4,2.671
INDOFLOODS-gauge-768-39,INDOFLOODS-gauge-768,18.0_83.0,2018-08-08,2018-08-05,3,2.705
INDOFLOODS-gauge-768-39,INDOFLOODS-gauge-768,18.0_83.0,2018-08-08,2018-08-06,2,0.081
INDOFLOODS-gauge-768-39,INDOFLOODS-gauge-768,18.0_83.0,2018-08-08,2018-08-07,1,12.648
INDOFLOODS-gauge-768-39,INDOFLOODS-gauge-768,18.0_83.0,2018-08-08,2018-08-08,0,4.088
INDOFLOODS-gauge-768-40,INDOFLOODS-gauge-768,18.0_83.0,2018-09-18,2018-09-13,5,0.431
INDOFLOODS-gauge-768-40,INDOFLOODS-gauge-768,18.0_83.0,2018-09-18,2018-09-14,4,5.482
INDOFLOODS-gauge-768-40,INDOFLOODS-gauge-768,18.0_83.0,2018-09-18,2018-09-15,3,7.086
INDOFLOODS-gauge-768-40,INDOFLOODS-gauge-768,18.0_83.0,2018-09-18,2018-09-16,2,0.899
INDOFLOODS-gauge-768-40,INDOFLOODS-gauge-768,18.0_83.0,2018-09-18,2018-09-17,1,18.038
INDOFLOODS-gauge-768-40,INDOFLOODS-gauge-768,18.0_83.0,2018-09-18,2018-09-18,0,11.973
INDOFLOODS-gauge-768-41,INDOFLOODS-gauge-768,18.0_83.0,2018-10-12,2018-10-07,5,0.591
INDOFLOODS-gauge-768-41,INDOFLOODS-gauge-768,18.0_83.0,2018-10-12,2018-10-08,4,0.0
INDOFLOODS-gauge-768-41,INDOFLOODS-gauge-768,18.0_83.0,2018-10-12,2018-10-09,3,0.0
INDOFLOODS-gauge-768-41,INDOFLOODS-gauge-768,18.0_83.0,2018-10-12,2018-10-10,2,0.159
INDOFLOODS-gauge-768-41,INDOFLOODS-gauge-768,18.0_83.0,2018-10-12,2018-10-11,1,31.669
INDOFLOODS-gauge-768-41,INDOFLOODS-gauge-768,18.0_83.0,2018-10-12,2018-10-12,0,31.566
INDOFLOODS-gauge-768-42,INDOFLOODS-gauge-768,18.0_83.0,2019-08-07,2019-08-02,5,2.794
INDOFLOODS-gauge-768-42,INDOFLOODS-gauge-768,18.0_83.0,2019-08-07,2019-08-03,4,6.963
INDOFLOODS-gauge-768-42,INDOFLOODS-gauge-768,18.0_83.0,2019-08-07,2019-08-04,3,19.328
INDOFLOODS-gauge-768-42,INDOFLOODS-gauge-768,18.0_83.0,2019-08-07,2019-08-05,2,0.059
INDOFLOODS-gauge-768-42,INDOFLOODS-gauge-768,18.0_83.0,2019-08-07,2019-08-06,1,1.24
INDOFLOODS-gauge-768-42,INDOFLOODS-gauge-768,18.0_83.0,2019-08-07,2019-08-07,0,28.863
INDOFLOODS-gauge-768-43,INDOFLOODS-gauge-768,18.0_83.0,2019-08-13,2019-08-08,5,29.918
INDOFLOODS-gauge-768-43,INDOFLOODS-gauge-768,18.0_83.0,2019-08-13,2019-08-09,4,7.749
INDOFLOODS-gauge-768-43,INDOFLOODS-gauge-768,18.0_83.0,2019-08-13,2019-08-10,3,0.21
INDOFLOODS-gauge-768-43,INDOFLOODS-gauge-768,18.0_83.0,2019-08-13,2019-08-11,2,0.0
INDOFLOODS-gauge-768-43,INDOFLOODS-gauge-768,18.0_83.0,2019-08-13,2019-08-12,1,2.075
INDOFLOODS-gauge-768-43,INDOFLOODS-gauge-768,18.0_83.0,2019-08-13,2019-08-13,0,1.897
INDOFLOODS-gauge-768-44,INDOFLOODS-gauge-768,18.0_83.0,2019-10-24,2019-10-19,5,6.165
INDOFLOODS-gauge-768-44,INDOFLOODS-gauge-768,18.0_83.0,2019-10-24,2019-10-20,4,12.078
INDOFLOODS-gauge-768-44,INDOFLOODS-gauge-768,18.0_83.0,2019-10-24,2019-10-21,3,1.606
INDOFLOODS-gauge-768-44,INDOFLOODS-gauge-768,18.0_83.0,2019-10-24,2019-10-22,2,2.988
INDOFLOODS-gauge-768-44,INDOFLOODS-gauge-768,18.0_83.0,2019-10-24,2019-10-23,1,36.833
INDOFLOODS-gauge-768-44,INDOFLOODS-gauge-768,18.0_83.0,2019-10-24,2019-10-24,0,115.649
INDOFLOODS-gauge-768-45,INDOFLOODS-gauge-768,18.0_83.0,2019-11-01,2019-10-27,5,1.834
INDOFLOODS-gauge-768-45,INDOFLOODS-gauge-768,18.0_83.0,2019-11-01,2019-10-28,4,0.981
INDOFLOODS-gauge-768-45,INDOFLOODS-gauge-768,18.0_83.0,2019-11-01,2019-10-29,3,0.63
INDOFLOODS-gauge-768-45,INDOFLOODS-gauge-768,18.0_83.0,2019-11-01,2019-10-30,2,0.286
INDOFLOODS-gauge-768-45,INDOFLOODS-gauge-768,18.0_83.0,2019-11-01,2019-10-31,1,0.039
INDOFLOODS-gauge-768-45,INDOFLOODS-gauge-768,18.0_83.0,2019-11-01,2019-11-01,0,0.583
INDOFLOODS-gauge-768-8,INDOFLOODS-gauge-768,18.0_83.0,2015-06-22,2015-06-17,5,6.195
INDOFLOODS-gauge-768-8,INDOFLOODS-gauge-768,18.0_83.0,2015-06-22,2015-06-18,4,5.581
INDOFLOODS-gauge-768-8,INDOFLOODS-gauge-768,18.0_83.0,2015-06-22,2015-06-19,3,15.579
INDOFLOODS-gauge-768-8,INDOFLOODS-gauge-768,18.0_83.0,2015-06-22,2015-06-20,2,35.345
INDOFLOODS-gauge-768-8,INDOFLOODS-gauge-768,18.0_83.0,2015-06-22,2015-06-21,1,50.228
INDOFLOODS-gauge-768-8,INDOFLOODS-gauge-768,18.0_83.0,2015-06-22,2015-06-22,0,2.968
INDOFLOODS-gauge-768-9,INDOFLOODS-gauge-768,18.0_83.0,2015-08-20,2015-08-15,5,0.163
INDOFLOODS-gauge-768-9,INDOFLOODS-gauge-768,18.0_83.0,2015-08-20,2015-08-16,4,7.689
INDOFLOODS-gauge-768-9,INDOFLOODS-gauge-768,18.0_83.0,2015-08-20,2015-08-17,3,7.165
INDOFLOODS-gauge-768-9,INDOFLOODS-gauge-768,18.0_83.0,2015-08-20,2015-08-18,2,15.352
INDOFLOODS-gauge-768-9,INDOFLOODS-gauge-768,18.0_83.0,2015-08-20,2015-08-19,1,0.323
INDOFLOODS-gauge-768-9,INDOFLOODS-gauge-768,18.0_83.0,2015-08-20,2015-08-20,0,5.109
INDOFLOODS-gauge-786-1,INDOFLOODS-gauge-786,23.0_74.0,2019-02-01,2019-01-27,5,0.0
INDOFLOODS-gauge-786-1,INDOFLOODS-gauge-786,23.0_74.0,2019-02-01,2019-01-28,4,0.0
INDOFLOODS-gauge-786-1,INDOFLOODS-gauge-786,23.0_74.0,2019-02-01,2019-01-29,3,0.0
INDOFLOODS-gauge-786-1,INDOFLOODS-gauge-786,23.0_74.0,2019-02-01,2019-01-30,2,0.0
INDOFLOODS-gauge-786-1,INDOFLOODS-gauge-786,23.0_74.0,2019-02-01,2019-01-31,1,0.0
INDOFLOODS-gauge-786-1,INDOFLOODS-gauge-786,23.0_74.0,2019-02-01,2019-02-01,0,0.0
INDOFLOODS-gauge-786-2,INDOFLOODS-gauge-786,23.0_74.0,2019-02-07,2019-02-02,5,0.0
INDOFLOODS-gauge-786-2,INDOFLOODS-gauge-786,23.0_74.0,2019-02-07,2019-02-03,4,0.0
INDOFLOODS-gauge-786-2,INDOFLOODS-gauge-786,23.0_74.0,2019-02-07,2019-02-04,3,0.0
INDOFLOODS-gauge-786-2,INDOFLOODS-gauge-786,23.0_74.0,2019-02-07,2019-02-05,2,0.0
INDOFLOODS-gauge-786-2,INDOFLOODS-gauge-786,23.0_74.0,2019-02-07,2019-02-06,1,0.0
INDOFLOODS-gauge-786-2,INDOFLOODS-gauge-786,23.0_74.0,2019-02-07,2019-02-07,0,0.0
INDOFLOODS-gauge-832-1,INDOFLOODS-gauge-832,10.0_76.0,2019-08-07,2019-08-02,5,1.453
INDOFLOODS-gauge-832-1,INDOFLOODS-gauge-832,10.0_76.0,2019-08-07,2019-08-03,4,4.025
INDOFLOODS-gauge-832-1,INDOFLOODS-gauge-832,10.0_76.0,2019-08-07,2019-08-04,3,5.079
INDOFLOODS-gauge-832-1,INDOFLOODS-gauge-832,10.0_76.0,2019-08-07,2019-08-05,2,16.728
INDOFLOODS-gauge-832-1,INDOFLOODS-gauge-832,10.0_76.0,2019-08-07,2019-08-06,1,61.01
INDOFLOODS-gauge-832-1,INDOFLOODS-gauge-832,10.0_76.0,2019-08-07,2019-08-07,0,83.197
INDOFLOODS-gauge-833-1,INDOFLOODS-gauge-833,11.0_76.0,2017-06-17,2017-06-12,5,8.026
INDOFLOODS-gauge-833-1,INDOFLOODS-gauge-833,11.0_76.0,2017-06-17,2017-06-13,4,9.149
INDOFLOODS-gauge-833-1,INDOFLOODS-gauge-833,11.0_76.0,2017-06-17,2017-06-14,3,10.134
INDOFLOODS-gauge-833-1,INDOFLOODS-gauge-833,11.0_76.0,2017-06-17,2017-06-15,2,3.345
INDOFLOODS-gauge-833-1,INDOFLOODS-gauge-833,11.0_76.0,2017-06-17,2017-06-16,1,1.467
INDOFLOODS-gauge-833-1,INDOFLOODS-gauge-833,11.0_76.0,2017-06-17,2017-06-17,0,4.027
INDOFLOODS-gauge-833-2,INDOFLOODS-gauge-833,11.0_76.0,2017-07-04,2017-06-29,5,4.547
INDOFLOODS-gauge-833-2,INDOFLOODS-gauge-833,11.0_76.0,2017-07-04,2017-06-30,4,5.197
INDOFLOODS-gauge-833-2,INDOFLOODS-gauge-833,11.0_76.0,2017-07-04,2017-07-01,3,5.219
INDOFLOODS-gauge-833-2,INDOFLOODS-gauge-833,11.0_76.0,2017-07-04,2017-07-02,2,9.396
INDOFLOODS-gauge-833-2,INDOFLOODS-gauge-833,11.0_76.0,2017-07-04,2017-07-03,1,6.261
INDOFLOODS-gauge-833-2,INDOFLOODS-gauge-833,11.0_76.0,2017-07-04,2017-07-04,0,6.427
INDOFLOODS-gauge-833-3,INDOFLOODS-gauge-833,11.0_76.0,2018-01-11,2018-01-06,5,0.0
INDOFLOODS-gauge-833-3,INDOFLOODS-gauge-833,11.0_76.0,2018-01-11,2018-01-07,4,0.0
INDOFLOODS-gauge-833-3,INDOFLOODS-gauge-833,11.0_76.0,2018-01-11,2018-01-08,3,0.0
INDOFLOODS-gauge-833-3,INDOFLOODS-gauge-833,11.0_76.0,2018-01-11,2018-01-09,2,0.0
INDOFLOODS-gauge-833-3,INDOFLOODS-gauge-833,11.0_76.0,2018-01-11,2018-01-10,1,0.087
INDOFLOODS-gauge-833-3,INDOFLOODS-gauge-833,11.0_76.0,2018-01-11,2018-01-11,0,0.223
INDOFLOODS-gauge-833-4,INDOFLOODS-gauge-833,11.0_76.0,2018-11-05,2018-10-31,5,0.0
INDOFLOODS-gauge-833-4,INDOFLOODS-gauge-833,11.0_76.0,2018-11-05,2018-11-01,4,6.376
INDOFLOODS-gauge-833-4,INDOFLOODS-gauge-833,11.0_76.0,2018-11-05,2018-11-02,3,0.97
INDOFLOODS-gauge-833-4,INDOFLOODS-gauge-833,11.0_76.0,2018-11-05,2018-11-03,2,6.706
INDOFLOODS-gauge-833-4,INDOFLOODS-gauge-833,11.0_76.0,2018-11-05,2018-11-04,1,7.578
INDOFLOODS-gauge-833-4,INDOFLOODS-gauge-833,11.0_76.0,2018-11-05,2018-11-05,0,6.898
INDOFLOODS-gauge-833-5,INDOFLOODS-gauge-833,11.0_76.0,2019-03-01,2019-02-24,5,0.0
INDOFLOODS-gauge-833-5,INDOFLOODS-gauge-833,11.0_76.0,2019-03-01,2019-02-25,4,0.0
INDOFLOODS-gauge-833-5,INDOFLOODS-gauge-833,11.0_76.0,2019-03-01,2019-02-26,3,0.0
INDOFLOODS-gauge-833-5,INDOFLOODS-gauge-833,11.0_76.0,2019-03-01,2019-02-27,2,0.0
INDOFLOODS-gauge-833-5,INDOFLOODS-gauge-833,11.0_76.0,2019-03-01,2019-02-28,1,0.0
INDOFLOODS-gauge-833-5,INDOFLOODS-gauge-833,11.0_76.0,2019-03-01,2019-03-01,0,0.017
INDOFLOODS-gauge-833-6,INDOFLOODS-gauge-833,11.0_76.0,2019-08-08,2019-08-03,5,6.014
INDOFLOODS-gauge-833-6,INDOFLOODS-gauge-833,11.0_76.0,2019-08-08,2019-08-04,4,6.773
INDOFLOODS-gauge-833-6,INDOFLOODS-gauge-833,11.0_76.0,2019-08-08,2019-08-05,3,38.814
INDOFLOODS-gauge-833-6,INDOFLOODS-gauge-833,11.0_76.0,2019-08-08,2019-08-06,2,23.986
INDOFLOODS-gauge-833-6,INDOFLOODS-gauge-833,11.0_76.0,2019-08-08,2019-08-07,1,69.039
INDOFLOODS-gauge-833-6,INDOFLOODS-gauge-833,11.0_76.0,2019-08-08,2019-08-08,0,89.38
INDOFLOODS-gauge-846-14,INDOFLOODS-gauge-846,11.0_76.0,2015-10-16,2015-10-11,5,12.221
INDOFLOODS-gauge-846-14,INDOFLOODS-gauge-846,11.0_76.0,2015-10-16,2015-10-12,4,15.864
INDOFLOODS-gauge-846-14,INDOFLOODS-gauge-846,11.0_76.0,2015-10-16,2015-10-13,3,3.124
INDOFLOODS-gauge-846-14,INDOFLOODS-gauge-846,11.0_76.0,2015-10-16,2015-10-14,2,3.343
INDOFLOODS-gauge-846-14,INDOFLOODS-gauge-846,11.0_76.0,2015-10-16,2015-10-15,1,0.248
INDOFLOODS-gauge-846-14,INDOFLOODS-gauge-846,11.0_76.0,2015-10-16,2015-10-16,0,0.0
INDOFLOODS-gauge-846-15,INDOFLOODS-gauge-846,11.0_76.0,2017-07-21,2017-07-16,5,2.73
INDOFLOODS-gauge-846-15,INDOFLOODS-gauge-846,11.0_76.0,2017-07-21,2017-07-17,4,5.421
INDOFLOODS-gauge-846-15,INDOFLOODS-gauge-846,11.0_76.0,2017-07-21,2017-07-18,3,16.454
INDOFLOODS-gauge-846-15,INDOFLOODS-gauge-846,11.0_76.0,2017-07-21,2017-07-19,2,22.542
INDOFLOODS-gauge-846-15,INDOFLOODS-gauge-846,11.0_76.0,2017-07-21,2017-07-20,1,41.119
INDOFLOODS-gauge-846-15,INDOFLOODS-gauge-846,11.0_76.0,2017-07-21,2017-07-21,0,8.462
INDOFLOODS-gauge-846-16,INDOFLOODS-gauge-846,11.0_76.0,2018-05-20,2018-05-15,5,3.599
INDOFLOODS-gauge-846-16,INDOFLOODS-gauge-846,11.0_76.0,2018-05-20,2018-05-16,4,2.584
INDOFLOODS-gauge-846-16,INDOFLOODS-gauge-846,11.0_76.0,2018-05-20,2018-05-17,3,3.582
INDOFLOODS-gauge-846-16,INDOFLOODS-gauge-846,11.0_76.0,2018-05-20,2018-05-18,2,4.738
INDOFLOODS-gauge-846-16,INDOFLOODS-gauge-846,11.0_76.0,2018-05-20,2018-05-19,1,0.038
INDOFLOODS-gauge-846-16,INDOFLOODS-gauge-846,11.0_76.0,2018-05-20,2018-05-20,0,10.48
INDOFLOODS-gauge-846-17,INDOFLOODS-gauge-846,11.0_76.0,2018-07-09,2018-07-04,5,0.28
INDOFLOODS-gauge-846-17,INDOFLOODS-gauge-846,11.0_76.0,2018-07-09,2018-07-05,4,0.0
INDOFLOODS-gauge-846-17,INDOFLOODS-gauge-846,11.0_76.0,2018-07-09,2018-07-06,3,0.809
INDOFLOODS-gauge-846-17,INDOFLOODS-gauge-846,11.0_76.0,2018-07-09,2018-07-07,2,32.287
INDOFLOODS-gauge-846-17,INDOFLOODS-gauge-846,11.0_76.0,2018-07-09,2018-07-08,1,26.619
INDOFLOODS-gauge-846-17,INDOFLOODS-gauge-846,11.0_76.0,2018-07-09,2018-07-09,0,22.713
INDOFLOODS-gauge-846-18,INDOFLOODS-gauge-846,11.0_76.0,2018-07-16,2018-07-11,5,45.217
INDOFLOODS-gauge-846-18,INDOFLOODS-gauge-846,11.0_76.0,2018-07-16,2018-07-12,4,32.335
INDOFLOODS-gauge-846-18,INDOFLOODS-gauge-846,11.0_76.0,2018-07-16,2018-07-13,3,21.445
INDOFLOODS-gauge-846-18,INDOFLOODS-gauge-846,11.0_76.0,2018-07-16,2018-07-14,2,26.805
INDOFLOODS-gauge-846-18,INDOFLOODS-gauge-846,11.0_76.0,2018-07-16,2018-07-15,1,17.551
INDOFLOODS-gauge-846-18,INDOFLOODS-gauge-846,11.0_76.0,2018-07-16,2018-07-16,0,28.197
INDOFLOODS-gauge-846-19,INDOFLOODS-gauge-846,11.0_76.0,2018-07-24,2018-07-19,5,11.053
INDOFLOODS-gauge-846-19,INDOFLOODS-gauge-846,11.0_76.0,2018-07-24,2018-07-20,4,17.496
INDOFLOODS-gauge-846-19,INDOFLOODS-gauge-846,11.0_76.0,2018-07-24,2018-07-21,3,11.871
INDOFLOODS-gauge-846-19,INDOFLOODS-gauge-846,11.0_76.0,2018-07-24,2018-07-22,2,11.952
INDOFLOODS-gauge-846-19,INDOFLOODS-gauge-846,11.0_76.0,2018-07-24,2018-07-23,1,12.438
INDOFLOODS-gauge-846-19,INDOFLOODS-gauge-846,11.0_76.0,2018-07-24,2018-07-24,0,14.967
INDOFLOODS-gauge-846-20,INDOFLOODS-gauge-846,11.0_76.0,2018-07-26,2018-07-21,5,11.871
INDOFLOODS-gauge-846-20,INDOFLOODS-gauge-846,11.0_76.0,2018-07-26,2018-07-22,4,11.952
INDOFLOODS-gauge-846-20,INDOFLOODS-gauge-846,11.0_76.0,2018-07-26,2018-07-23,3,12.438
INDOFLOODS-gauge-846-20,INDOFLOODS-gauge-846,11.0_76.0,2018-07-26,2018-07-24,2,14.967
INDOFLOODS-gauge-846-20,INDOFLOODS-gauge-846,11.0_76.0,2018-07-26,2018-07-25,1,20.746
INDOFLOODS-gauge-846-20,INDOFLOODS-gauge-846,11.0_76.0,2018-07-26,2018-07-26,0,20.446
INDOFLOODS-gauge-846-21,INDOFLOODS-gauge-846,11.0_76.0,2019-08-08,2019-08-03,5,6.014
INDOFLOODS-gauge-846-21,INDOFLOODS-gauge-846,11.0_76.0,2019-08-08,2019-08-04,4,6.773
INDOFLOODS-gauge-846-21,INDOFLOODS-gauge-846,11.0_76.0,2019-08-08,2019-08-05,3,38.814
INDOFLOODS-gauge-846-21,INDOFLOODS-gauge-846,11.0_76.0,2019-08-08,2019-08-06,2,23.986
INDOFLOODS-gauge-846-21,INDOFLOODS-gauge-846,11.0_76.0,2019-08-08,2019-08-07,1,69.039
INDOFLOODS-gauge-846-21,INDOFLOODS-gauge-846,11.0_76.0,2019-08-08,2019-08-08,0,89.38
INDOFLOODS-gauge-85-71,INDOFLOODS-gauge-85,18.0_83.0,2015-09-17,2015-09-12,5,21.677
INDOFLOODS-gauge-85-71,INDOFLOODS-gauge-85,18.0_83.0,2015-09-17,2015-09-13,4,5.508
INDOFLOODS-gauge-85-71,INDOFLOODS-gauge-85,18.0_83.0,2015-09-17,2015-09-14,3,15.718
INDOFLOODS-gauge-85-71,INDOFLOODS-gauge-85,18.0_83.0,2015-09-17,2015-09-15,2,34.492
INDOFLOODS-gauge-85-71,INDOFLOODS-gauge-85,18.0_83.0,2015-09-17,2015-09-16,1,25.55
INDOFLOODS-gauge-85-71,INDOFLOODS-gauge-85,18.0_83.0,2015-09-17,2015-09-17,0,3.916
INDOFLOODS-gauge-85-72,INDOFLOODS-gauge-85,18.0_83.0,2016-09-24,2016-09-19,5,10.85
INDOFLOODS-gauge-85-72,INDOFLOODS-gauge-85,18.0_83.0,2016-09-24,2016-09-20,4,1.865
INDOFLOODS-gauge-85-72,INDOFLOODS-gauge-85,18.0_83.0,2016-09-24,2016-09-21,3,4.124
INDOFLOODS-gauge-85-72,INDOFLOODS-gauge-85,18.0_83.0,2016-09-24,2016-09-22,2,31.337
INDOFLOODS-gauge-85-72,INDOFLOODS-gauge-85,18.0_83.0,2016-09-24,2016-09-23,1,32.464
INDOFLOODS-gauge-85-72,INDOFLOODS-gauge-85,18.0_83.0,2016-09-24,2016-09-24,0,22.059
INDOFLOODS-gauge-85-73,INDOFLOODS-gauge-85,18.0_83.0,2017-07-17,2017-07-12,5,1.382
INDOFLOODS-gauge-85-73,INDOFLOODS-gauge-85,18.0_83.0,2017-07-17,2017-07-13,4,6.105
INDOFLOODS-gauge-85-73,INDOFLOODS-gauge-85,18.0_83.0,2017-07-17,2017-07-14,3,14.752
INDOFLOODS-gauge-85-73,INDOFLOODS-gauge-85,18.0_83.0,2017-07-17,2017-07-15,2,6.6
INDOFLOODS-gauge-85-73,INDOFLOODS-gauge-85,18.0_83.0,2017-07-17,2017-07-16,1,5.552
INDOFLOODS-gauge-85-73,INDOFLOODS-gauge-85,18.0_83.0,2017-07-17,2017-07-17,0,10.446
INDOFLOODS-gauge-85-74,INDOFLOODS-gauge-85,18.0_83.0,2018-08-16,2018-08-11,5,4.535
INDOFLOODS-gauge-85-74,INDOFLOODS-gauge-85,18.0_83.0,2018-08-16,2018-08-12,4,15.092
INDOFLOODS-gauge-85-74,INDOFLOODS-gauge-85,18.0_83.0,2018-08-16,2018-08-13,3,17.244
INDOFLOODS-gauge-85-74,INDOFLOODS-gauge-85,18.0_83.0,2018-08-16,2018-08-14,2,6.684
INDOFLOODS-gauge-85-74,INDOFLOODS-gauge-85,18.0_83.0,2018-08-16,2018-08-15,1,69.368
INDOFLOODS-gauge-85-74,INDOFLOODS-gauge-85,18.0_83.0,2018-08-16,2018-08-16,0,19.561
INDOFLOODS-gauge-85-75,INDOFLOODS-gauge-85,18.0_83.0,2018-10-12,2018-10-07,5,0.591
INDOFLOODS-gauge-85-75,INDOFLOODS-gauge-85,18.0_83.0,2018-10-12,2018-10-08,4,0.0
INDOFLOODS-gauge-85-75,INDOFLOODS-gauge-85,18.0_83.0,2018-10-12,2018-10-09,3,0.0
INDOFLOODS-gauge-85-75,INDOFLOODS-gauge-85,18.0_83.0,2018-10-12,2018-10-10,2,0.159
INDOFLOODS-gauge-85-75,INDOFLOODS-gauge-85,18.0_83.0,2018-10-12,2018-10-11,1,31.669
INDOFLOODS-gauge-85-75,INDOFLOODS-gauge-85,18.0_83.0,2018-10-12,2018-10-12,0,31.566
INDOFLOODS-gauge-85-76,INDOFLOODS-gauge-85,18.0_83.0,2019-02-15,2019-02-10,5,0.0
INDOFLOODS-gauge-85-76,INDOFLOODS-gauge-85,18.0_83.0,2019-02-15,2019-02-11,4,0.0
INDOFLOODS-gauge-85-76,INDOFLOODS-gauge-85,18.0_83.0,2019-02-15,2019-02-12,3,0.0
INDOFLOODS-gauge-85-76,INDOFLOODS-gauge-85,18.0_83.0,2019-02-15,2019-02-13,2,0.0
INDOFLOODS-gauge-85-76,INDOFLOODS-gauge-85,18.0_83.0,2019-02-15,2019-02-14,1,0.0
INDOFLOODS-gauge-85-76,INDOFLOODS-gauge-85,18.0_83.0,2019-02-15,2019-02-15,0,0.0
INDOFLOODS-gauge-85-77,INDOFLOODS-gauge-85,18.0_83.0,2019-08-07,2019-08-02,5,2.794
INDOFLOODS-gauge-85-77,INDOFLOODS-gauge-85,18.0_83.0,2019-08-07,2019-08-03,4,6.963
INDOFLOODS-gauge-85-77,INDOFLOODS-gauge-85,18.0_83.0,2019-08-07,2019-08-04,3,19.328
INDOFLOODS-gauge-85-77,INDOFLOODS-gauge-85,18.0_83.0,2019-08-07,2019-08-05,2,0.059
INDOFLOODS-gauge-85-77,INDOFLOODS-gauge-85,18.0_83.0,2019-08-07,2019-08-06,1,1.24
INDOFLOODS-gauge-85-77,INDOFLOODS-gauge-85,18.0_83.0,2019-08-07,2019-08-07,0,28.863
INDOFLOODS-gauge-85-78,INDOFLOODS-gauge-85,18.0_83.0,2019-10-21,2019-10-16,5,0.226
INDOFLOODS-gauge-85-78,INDOFLOODS-gauge-85,18.0_83.0,2019-10-21,2019-10-17,4,2.333
INDOFLOODS-gauge-85-78,INDOFLOODS-gauge-85,18.0_83.0,2019-10-21,2019-10-18,3,5.661
INDOFLOODS-gauge-85-78,INDOFLOODS-gauge-85,18.0_83.0,2019-10-21,2019-10-19,2,6.165
INDOFLOODS-gauge-85-78,INDOFLOODS-gauge-85,18.0_83.0,2019-10-21,2019-10-20,1,12.078
INDOFLOODS-gauge-85-78,INDOFLOODS-gauge-85,18.0_83.0,2019-10-21,2019-10-21,0,1.606
INDOFLOODS-gauge-85-79,INDOFLOODS-gauge-85,18.0_83.0,2019-10-25,2019-10-20,5,12.078
INDOFLOODS-gauge-85-79,INDOFLOODS-gauge-85,18.0_83.0,2019-10-25,2019-10-21,4,1.606
INDOFLOODS-gauge-85-79,INDOFLOODS-gauge-85,18.0_83.0,2019-10-25,2019-10-22,3,2.988
INDOFLOODS-gauge-85-79,INDOFLOODS-gauge-85,18.0_83.0,2019-10-25,2019-10-23,2,36.833
INDOFLOODS-gauge-85-79,INDOFLOODS-gauge-85,18.0_83.0,2019-10-25,2019-10-24,1,115.649
INDOFLOODS-gauge-85-79,INDOFLOODS-gauge-85,18.0_83.0,2019-10-25,2019-10-25,0,8.124
INDOFLOODS-gauge-85-80,INDOFLOODS-gauge-85,18.0_83.0,2020-03-11,2020-03-06,5,1.42
INDOFLOODS-gauge-85-80,INDOFLOODS-gauge-85,18.0_83.0,2020-03-11,2020-03-07,4,4.89
INDOFLOODS-gauge-85-80,INDOFLOODS-gauge-85,18.0_83.0,2020-03-11,2020-03-08,3,0.393
INDOFLOODS-gauge-85-80,INDOFLOODS-gauge-85,18.0_83.0,2020-03-11,2020-03-09,2,3.325
INDOFLOODS-gauge-85-80,INDOFLOODS-gauge-85,18.0_83.0,2020-03-11,2020-03-10,1,0.628
INDOFLOODS-gauge-85-80,INDOFLOODS-gauge-85,18.0_83.0,2020-03-11,2020-03-11,0,0.0
INDOFLOODS-gauge-85-81,INDOFLOODS-gauge-85,18.0_83.0,2020-04-04,2020-03-30,5,0.0
INDOFLOODS-gauge-85-81,INDOFLOODS-gauge-85,18.0_83.0,2020-04-04,2020-03-31,4,0.0
INDOFLOODS-gauge-85-81,INDOFLOODS-gauge-85,18.0_83.0,2020-04-04,2020-04-01,3,4.192
INDOFLOODS-gauge-85-81,INDOFLOODS-gauge-85,18.0_83.0,2020-04-04,2020-04-02,2,0.0
INDOFLOODS-gauge-85-81,INDOFLOODS-gauge-85,18.0_83.0,2020-04-04,2020-04-03,1,0.0
INDOFLOODS-gauge-85-81,INDOFLOODS-gauge-85,18.0_83.0,2020-04-04,2020-04-04,0,0.0
INDOFLOODS-gauge-85-82,INDOFLOODS-gauge-85,18.0_83.0,2020-04-07,2020-04-02,5,0.0
INDOFLOODS-gauge-85-82,INDOFLOODS-gauge-85,18.0_83.0,2020-04-07,2020-04-03,4,0.0
INDOFLOODS-gauge-85-82,INDOFLOODS-gauge-85,18.0_83.0,2020-04-07,2020-04-04,3,0.0
INDOFLOODS-gauge-85-82,INDOFLOODS-gauge-85,18.0_83.0,2020-04-07,2020-04-05,2,0.0
INDOFLOODS-gauge-85-82,INDOFLOODS-gauge-85,18.0_83.0,2020-04-07,2020-04-06,1,0.0
INDOFLOODS-gauge-85-82,INDOFLOODS-gauge-85,18.0_83.0,2020-04-07,2020-04-07,0,1.687
INDOFLOODS-gauge-85-83,INDOFLOODS-gauge-85,18.0_83.0,2020-04-24,2020-04-19,5,0.079
INDOFLOODS-gauge-85-83,INDOFLOODS-gauge-85,18.0_83.0,2020-04-24,2020-04-20,4,0.0
INDOFLOODS-gauge-85-83,INDOFLOODS-gauge-85,18.0_83.0,2020-04-24,2020-04-21,3,0.0
INDOFLOODS-gauge-85-83,INDOFLOODS-gauge-85,18.0_83.0,2020-04-24,2020-04-22,2,0.0
INDOFLOODS-gauge-85-83,INDOFLOODS-gauge-85,18.0_83.0,2020-04-24,2020-04-23,1,3.47
INDOFLOODS-gauge-85-83,INDOFLOODS-gauge-85,18.0_83.0,2020-04-24,2020-04-24,0,0.733
INDOFLOODS-gauge-852-19,INDOFLOODS-gauge-852,8.0_77.0,2015-05-18,2015-05-13,5,4.425
INDOFLOODS-gauge-852-19,INDOFLOODS-gauge-852,8.0_77.0,2015-05-18,2015-05-14,4,10.797
INDOFLOODS-gauge-852-19,INDOFLOODS-gauge-852,8.0_77.0,2015-05-18,2015-05-15,3,1.565
INDOFLOODS-gauge-852-19,INDOFLOODS-gauge-852,8.0_77.0,2015-05-18,2015-05-16,2,3.485
INDOFLOODS-gauge-852-19,INDOFLOODS-gauge-852,8.0_77.0,2015-05-18,2015-05-17,1,19.729
INDOFLOODS-gauge-852-19,INDOFLOODS-gauge-852,8.0_77.0,2015-05-18,2015-05-18,0,37.107
INDOFLOODS-gauge-852-20,INDOFLOODS-gauge-852,8.0_77.0,2015-05-20,2015-05-15,5,1.565
INDOFLOODS-gauge-852-20,INDOFLOODS-gauge-852,8.0_77.0,2015-05-20,2015-05-16,4,3.485
INDOFLOODS-gauge-852-20,INDOFLOODS-gauge-852,8.0_77.0,2015-05-20,2015-05-17,3,19.729
INDOFLOODS-gauge-852-20,INDOFLOODS-gauge-852,8.0_77.0,2015-05-20,2015-05-18,2,37.107
INDOFLOODS-gauge-852-20,INDOFLOODS-gauge-852,8.0_77.0,2015-05-20,2015-05-19,1,4.454
INDOFLOODS-gauge-852-20,INDOFLOODS-gauge-852,8.0_77.0,2015-05-20,2015-05-20,0,21.408
INDOFLOODS-gauge-852-21,INDOFLOODS-gauge-852,8.0_77.0,2015-06-25,2015-06-20,5,1.964
INDOFLOODS-gauge-852-21,INDOFLOODS-gauge-852,8.0_77.0,2015-06-25,2015-06-21,4,5.077
INDOFLOODS-gauge-852-21,INDOFLOODS-gauge-852,8.0_77.0,2015-06-25,2015-06-22,3,4.912
INDOFLOODS-gauge-852-21,INDOFLOODS-gauge-852,8.0_77.0,2015-06-25,2015-06-23,2,4.606
INDOFLOODS-gauge-852-21,INDOFLOODS-gauge-852,8.0_77.0,2015-06-25,2015-06-24,1,3.542
INDOFLOODS-gauge-852-21,INDOFLOODS-gauge-852,8.0_77.0,2015-06-25,2015-06-25,0,13.342
INDOFLOODS-gauge-852-22,INDOFLOODS-gauge-852,8.0_77.0,2015-06-28,2015-06-23,5,4.606
INDOFLOODS-gauge-852-22,INDOFLOODS-gauge-852,8.0_77.0,2015-06-28,2015-06-24,4,3.542
INDOFLOODS-gauge-852-22,INDOFLOODS-gauge-852,8.0_77.0,2015-06-28,2015-06-25,3,13.342
INDOFLOODS-gauge-852-22,INDOFLOODS-gauge-852,8.0_77.0,2015-06-28,2015-06-26,2,8.69
INDOFLOODS-gauge-852-22,INDOFLOODS-gauge-852,8.0_77.0,2015-06-28,2015-06-27,1,9.267
INDOFLOODS-gauge-852-22,INDOFLOODS-gauge-852,8.0_77.0,2015-06-28,2015-06-28,0,27.247
INDOFLOODS-gauge-852-23,INDOFLOODS-gauge-852,8.0_77.0,2015-10-09,2015-10-04,5,1.051
INDOFLOODS-gauge-852-23,INDOFLOODS-gauge-852,8.0_77.0,2015-10-09,2015-10-05,4,1.235
INDOFLOODS-gauge-852-23,INDOFLOODS-gauge-852,8.0_77.0,2015-10-09,2015-10-06,3,0.877
INDOFLOODS-gauge-852-23,INDOFLOODS-gauge-852,8.0_77.0,2015-10-09,2015-10-07,2,0.143
INDOFLOODS-gauge-852-23,INDOFLOODS-gauge-852,8.0_77.0,2015-10-09,2015-10-08,1,2.445
INDOFLOODS-gauge-852-23,INDOFLOODS-gauge-852,8.0_77.0,2015-10-09,2015-10-09,0,40.24
INDOFLOODS-gauge-852-24,INDOFLOODS-gauge-852,8.0_77.0,2015-10-31,2015-10-26,5,0.0
INDOFLOODS-gauge-852-24,INDOFLOODS-gauge-852,8.0_77.0,2015-10-31,2015-10-27,4,0.995
INDOFLOODS-gauge-852-24,INDOFLOODS-gauge-852,8.0_77.0,2015-10-31,2015-10-28,3,0.272
INDOFLOODS-gauge-852-24,INDOFLOODS-gauge-852,8.0_77.0,2015-10-31,2015-10-29,2,18.926
INDOFLOODS-gauge-852-24,INDOFLOODS-gauge-852,8.0_77.0,2015-10-31,2015-10-30,1,9.342
INDOFLOODS-gauge-852-24,INDOFLOODS-gauge-852,8.0_77.0,2015-10-31,2015-10-31,0,36.928
INDOFLOODS-gauge-852-25,INDOFLOODS-gauge-852,8.0_77.0,2015-11-09,2015-11-04,5,21.065
INDOFLOODS-gauge-852-25,INDOFLOODS-gauge-852,8.0_77.0,2015-11-09,2015-11-05,4,26.315
INDOFLOODS-gauge-852-25,INDOFLOODS-gauge-852,8.0_77.0,2015-11-09,2015-11-06,3,11.711
INDOFLOODS-gauge-852-25,INDOFLOODS-gauge-852,8.0_77.0,2015-11-09,2015-11-07,2,30.676
INDOFLOODS-gauge-852-25,INDOFLOODS-gauge-852,8.0_77.0,2015-11-09,2015-11-08,1,48.543
INDOFLOODS-gauge-852-25,INDOFLOODS-gauge-852,8.0_77.0,2015-11-09,2015-11-09,0,5.828
INDOFLOODS-gauge-852-26,INDOFLOODS-gauge-852,8.0_77.0,2015-11-16,2015-11-11,5,1.519
INDOFLOODS-gauge-852-26,INDOFLOODS-gauge-852,8.0_77.0,2015-11-16,2015-11-12,4,0.382
INDOFLOODS-gauge-852-26,INDOFLOODS-gauge-852,8.0_77.0,2015-11-16,2015-11-13,3,29.495
INDOFLOODS-gauge-852-26,INDOFLOODS-gauge-852,8.0_77.0,2015-11-16,2015-11-14,2,28.134
INDOFLOODS-gauge-852-26,INDOFLOODS-gauge-852,8.0_77.0,2015-11-16,2015-11-15,1,0.247
INDOFLOODS-gauge-852-26,INDOFLOODS-gauge-852,8.0_77.0,2015-11-16,2015-11-16,0,3.604
INDOFLOODS-gauge-852-27,INDOFLOODS-gauge-852,8.0_77.0,2015-12-09,2015-12-04,5,5.599
INDOFLOODS-gauge-852-27,INDOFLOODS-gauge-852,8.0_77.0,2015-12-09,2015-12-05,4,3.132
INDOFLOODS-gauge-852-27,INDOFLOODS-gauge-852,8.0_77.0,2015-12-09,2015-12-06,3,6.788
INDOFLOODS-gauge-852-27,INDOFLOODS-gauge-852,8.0_77.0,2015-12-09,2015-12-07,2,9.335
INDOFLOODS-gauge-852-27,INDOFLOODS-gauge-852,8.0_77.0,2015-12-09,2015-12-08,1,16.477
INDOFLOODS-gauge-852-27,INDOFLOODS-gauge-852,8.0_77.0,2015-12-09,2015-12-09,0,18.425
INDOFLOODS-gauge-852-28,INDOFLOODS-gauge-852,8.0_77.0,2016-05-20,2016-05-15,5,8.532
INDOFLOODS-gauge-852-28,INDOFLOODS-gauge-852,8.0_77.0,2016-05-20,2016-05-16,4,8.899
INDOFLOODS-gauge-852-28,INDOFLOODS-gauge-852,8.0_77.0,2016-05-20,2016-05-17,3,5.549
INDOFLOODS-gauge-852-28,INDOFLOODS-gauge-852,8.0_77.0,2016-05-20,2016-05-18,2,23.991
INDOFLOODS-gauge-852-28,INDOFLOODS-gauge-852,8.0_77.0,2016-05-20,2016-05-19,1,14.416
INDOFLOODS-gauge-852-28,INDOFLOODS-gauge-852,8.0_77.0,2016-05-20,2016-05-20,0,32.604
INDOFLOODS-gauge-852-29,INDOFLOODS-gauge-852,8.0_77.0,2017-06-15,2017-06-10,5,0.566
INDOFLOODS-gauge-852-29,INDOFLOODS-gauge-852,8.0_77.0,2017-06-15,2017-06-11,4,0.984
INDOFLOODS-gauge-852-29,INDOFLOODS-gauge-852,8.0_77.0,2017-06-15,2017-06-12,3,0.251
INDOFLOODS-gauge-852-29,INDOFLOODS-gauge-852,8.0_77.0,2017-06-15,2017-06-13,2,0.238
INDOFLOODS-gauge-852-29,INDOFLOODS-gauge-852,8.0_77.0,2017-06-15,2017-06-14,1,0.949
INDOFLOODS-gauge-852-29,INDOFLOODS-gauge-852,8.0_77.0,2017-06-15,2017-06-15,0,1.526
INDOFLOODS-gauge-852-30,INDOFLOODS-gauge-852,8.0_77.0,2017-06-27,2017-06-22,5,0.24
INDOFLOODS-gauge-852-30,INDOFLOODS-gauge-852,8.0_77.0,2017-06-27,2017-06-23,4,1.147
INDOFLOODS-gauge-852-30,INDOFLOODS-gauge-852,8.0_77.0,2017-06-27,2017-06-24,3,3.056
INDOFLOODS-gauge-852-30,INDOFLOODS-gauge-852,8.0_77.0,2017-06-27,2017-06-25,2,3.322
INDOFLOODS-gauge-852-30,INDOFLOODS-gauge-852,8.0_77.0,2017-06-27,2017-06-26,1,13.311
INDOFLOODS-gauge-852-30,INDOFLOODS-gauge-852,8.0_77.0,2017-06-27,2017-06-27,0,16.487
INDOFLOODS-gauge-852-31,INDOFLOODS-gauge-852,8.0_77.0,2018-01-02,2017-12-28,5,0.0
INDOFLOODS-gauge-852-31,INDOFLOODS-gauge-852,8.0_77.0,2018-01-02,2017-12-29,4,0.0
INDOFLOODS-gauge-852-31,INDOFLOODS-gauge-852,8.0_77.0,2018-01-02,2017-12-30,3,0.0
INDOFLOODS-gauge-852-31,INDOFLOODS-gauge-852,8.0_77.0,2018-01-02,2017-12-31,2,0.0
INDOFLOODS-gauge-852-31,INDOFLOODS-gauge-852,8.0_77.0,2018-01-02,2018-01-01,1,0.0
INDOFLOODS-gauge-852-31,INDOFLOODS-gauge-852,8.0_77.0,2018-01-02,2018-01-02,0,0.0
INDOFLOODS-gauge-852-32,INDOFLOODS-gauge-852,8.0_77.0,2018-08-01,2018-07-27,5,0.165
INDOFLOODS-gauge-852-32,INDOFLOODS-gauge-852,8.0_77.0,2018-08-01,2018-07-28,4,0.047
INDOFLOODS-gauge-852-32,INDOFLOODS-gauge-852,8.0_77.0,2018-08-01,2018-07-29,3,0.047
INDOFLOODS-gauge-852-32,INDOFLOODS-gauge-852,8.0_77.0,2018-08-01,2018-07-30,2,0.345
INDOFLOODS-gauge-852-32,INDOFLOODS-gauge-852,8.0_77.0,2018-08-01,2018-07-31,1,27.62
INDOFLOODS-gauge-852-32,INDOFLOODS-gauge-852,8.0_77.0,2018-08-01,2018-08-01,0,9.399
INDOFLOODS-gauge-852-33,INDOFLOODS-gauge-852,8.0_77.0,2018-09-28,2018-09-23,5,0.0
INDOFLOODS-gauge-852-33,INDOFLOODS-gauge-852,8.0_77.0,2018-09-28,2018-09-24,4,5.314
INDOFLOODS-gauge-852-33,INDOFLOODS-gauge-852,8.0_77.0,2018-09-28,2018-09-25,3,3.791
INDOFLOODS-gauge-852-33,INDOFLOODS-gauge-852,8.0_77.0,2018-09-28,2018-09-26,2,5.591
INDOFLOODS-gauge-852-33,INDOFLOODS-gauge-852,8.0_77.0,2018-09-28,2018-09-27,1,2.479
INDOFLOODS-gauge-852-33,INDOFLOODS-gauge-852,8.0_77.0,2018-09-28,2018-09-28,0,5.008
INDOFLOODS-gauge-852-34,INDOFLOODS-gauge-852,8.0_77.0,2018-09-30,2018-09-25,5,3.791
INDOFLOODS-gauge-852-34,INDOFLOODS-gauge-852,8.0_77.0,2018-09-30,2018-09-26,4,5.591
INDOFLOODS-gauge-852-34,INDOFLOODS-gauge-852,8.0_77.0,2018-09-30,2018-09-27,3,2.479
INDOFLOODS-gauge-852-34,INDOFLOODS-gauge-852,8.0_77.0,2018-09-30,2018-09-28,2,5.008
INDOFLOODS-gauge-852-34,INDOFLOODS-gauge-852,8.0_77.0,2018-09-30,2018-09-29,1,9.398
INDOFLOODS-gauge-852-34,INDOFLOODS-gauge-852,8.0_77.0,2018-09-30,2018-09-30,0,7.563
INDOFLOODS-gauge-852-35,INDOFLOODS-gauge-852,8.0_77.0,2019-01-01,2018-12-27,5,0.051
INDOFLOODS-gauge-852-35,INDOFLOODS-gauge-852,8.0_77.0,2019-01-01,2018-12-28,4,0.0
INDOFLOODS-gauge-852-35,INDOFLOODS-gauge-852,8.0_77.0,2019-01-01,2018-12-29,3,1.407
INDOFLOODS-gauge-852-35,INDOFLOODS-gauge-852,8.0_77.0,2019-01-01,2018-12-30,2,8.491
INDOFLOODS-gauge-852-35,INDOFLOODS-gauge-852,8.0_77.0,2019-01-01,2018-12-31,1,0.145
INDOFLOODS-gauge-852-35,INDOFLOODS-gauge-852,8.0_77.0,2019-01-01,2019-01-01,0,0.0
INDOFLOODS-gauge-852-36,INDOFLOODS-gauge-852,8.0_77.0,2019-03-19,2019-03-14,5,0.0
INDOFLOODS-gauge-852-36,INDOFLOODS-gauge-852,8.0_77.0,2019-03-19,2019-03-15,4,0.0
INDOFLOODS-gauge-852-36,INDOFLOODS-gauge-852,8.0_77.0,2019-03-19,2019-03-16,3,0.0
INDOFLOODS-gauge-852-36,INDOFLOODS-gauge-852,8.0_77.0,2019-03-19,2019-03-17,2,0.0
INDOFLOODS-gauge-852-36,INDOFLOODS-gauge-852,8.0_77.0,2019-03-19,2019-03-18,1,0.0
INDOFLOODS-gauge-852-36,INDOFLOODS-gauge-852,8.0_77.0,2019-03-19,2019-03-19,0,0.0
INDOFLOODS-gauge-852-37,INDOFLOODS-gauge-852,8.0_77.0,2019-07-01,2019-06-26,5,0.0
INDOFLOODS-gauge-852-37,INDOFLOODS-gauge-852,8.0_77.0,2019-07-01,2019-06-27,4,0.0
INDOFLOODS-gauge-852-37,INDOFLOODS-gauge-852,8.0_77.0,2019-07-01,2019-06-28,3,0.0
INDOFLOODS-gauge-852-37,INDOFLOODS-gauge-852,8.0_77.0,2019-07-01,2019-06-29,2,0.0
INDOFLOODS-gauge-852-37,INDOFLOODS-gauge-852,8.0_77.0,2019-07-01,2019-06-30,1,0.0
INDOFLOODS-gauge-852-37,INDOFLOODS-gauge-852,8.0_77.0,2019-07-01,2019-07-01,0,0.0
INDOFLOODS-gauge-858-33,INDOFLOODS-gauge-858,10.0_77.0,2020-03-11,2020-03-06,5,0.013
INDOFLOODS-gauge-858-33,INDOFLOODS-gauge-858,10.0_77.0,2020-03-11,2020-03-07,4,1.345
INDOFLOODS-gauge-858-33,INDOFLOODS-gauge-858,10.0_77.0,2020-03-11,2020-03-08,3,0.137
INDOFLOODS-gauge-858-33,INDOFLOODS-gauge-858,10.0_77.0,2020-03-11,2020-03-09,2,0.01
INDOFLOODS-gauge-858-33,INDOFLOODS-gauge-858,10.0_77.0,2020-03-11,2020-03-10,1,6.601
INDOFLOODS-gauge-858-33,INDOFLOODS-gauge-858,10.0_77.0,2020-03-11,2020-03-11,0,0.105
INDOFLOODS-gauge-872-12,INDOFLOODS-gauge-872,10.0_78.0,2015-11-06,2015-11-01,5,13.477
INDOFLOODS-gauge-872-12,INDOFLOODS-gauge-872,10.0_78.0,2015-11-06,2015-11-02,4,7.843
INDOFLOODS-gauge-872-12,INDOFLOODS-gauge-872,10.0_78.0,2015-11-06,2015-11-03,3,10.233
INDOFLOODS-gauge-872-12,INDOFLOODS-gauge-872,10.0_78.0,2015-11-06,2015-11-04,2,7.543
INDOFLOODS-gauge-872-12,INDOFLOODS-gauge-872,10.0_78.0,2015-11-06,2015-11-05,1,31.071
INDOFLOODS-gauge-872-12,INDOFLOODS-gauge-872,10.0_78.0,2015-11-06,2015-11-06,0,10.146
INDOFLOODS-gauge-872-13,INDOFLOODS-gauge-872,10.0_78.0,2016-10-15,2016-10-10,5,0.0
INDOFLOODS-gauge-872-13,INDOFLOODS-gauge-872,10.0_78.0,2016-10-15,2016-10-11,4,0.0
INDOFLOODS-gauge-872-13,INDOFLOODS-gauge-872,10.0_78.0,2016-10-15,2016-10-12,3,0.0
INDOFLOODS-gauge-872-13,INDOFLOODS-gauge-872,10.0_78.0,2016-10-15,2016-10-13,2,8.049
INDOFLOODS-gauge-872-13,INDOFLOODS-gauge-872,10.0_78.0,2016-10-15,2016-10-14,1,7.308
INDOFLOODS-gauge-872-13,INDOFLOODS-gauge-872,10.0_78.0,2016-10-15,2016-10-15,0,4.752
INDOFLOODS-gauge-872-14,INDOFLOODS-gauge-872,10.0_78.0,2018-07-24,2018-07-19,5,0.0
INDOFLOODS-gauge-872-14,INDOFLOODS-gauge-872,10.0_78.0,2018-07-24,2018-07-20,4,0.49
INDOFLOODS-gauge-872-14,INDOFLOODS-gauge-872,10.0_78.0,2018-07-24,2018-07-21,3,0.0
INDOFLOODS-gauge-872-14,INDOFLOODS-gauge-872,10.0_78.0,2018-07-24,2018-07-22,2,0.0
INDOFLOODS-gauge-872-14,INDOFLOODS-gauge-872,10.0_78.0,2018-07-24,2018-07-23,1,0.0
INDOFLOODS-gauge-872-14,INDOFLOODS-gauge-872,10.0_78.0,2018-07-24,2018-07-24,0,2.268
INDOFLOODS-gauge-877-1,INDOFLOODS-gauge-877,11.0_77.0,2018-07-24,2018-07-19,5,0.033
INDOFLOODS-gauge-877-1,INDOFLOODS-gauge-877,11.0_77.0,2018-07-24,2018-07-20,4,0.491
INDOFLOODS-gauge-877-1,INDOFLOODS-gauge-877,11.0_77.0,2018-07-24,2018-07-21,3,0.033
INDOFLOODS-gauge-877-1,INDOFLOODS-gauge-877,11.0_77.0,2018-07-24,2018-07-22,2,0.038
INDOFLOODS-gauge-877-1,INDOFLOODS-gauge-877,11.0_77.0,2018-07-24,2018-07-23,1,0.0
INDOFLOODS-gauge-877-1,INDOFLOODS-gauge-877,11.0_77.0,2018-07-24,2018-07-24,0,0.16
INDOFLOODS-gauge-879-27,INDOFLOODS-gauge-879,12.0_78.0,2017-10-12,2017-10-07,5,0.841
INDOFLOODS-gauge-879-27,INDOFLOODS-gauge-879,12.0_78.0,2017-10-12,2017-10-08,4,9.789
INDOFLOODS-gauge-879-27,INDOFLOODS-gauge-879,12.0_78.0,2017-10-12,2017-10-09,3,29.907
INDOFLOODS-gauge-879-27,INDOFLOODS-gauge-879,12.0_78.0,2017-10-12,2017-10-10,2,14.473
INDOFLOODS-gauge-879-27,INDOFLOODS-gauge-879,12.0_78.0,2017-10-12,2017-10-11,1,24.642
INDOFLOODS-gauge-879-27,INDOFLOODS-gauge-879,12.0_78.0,2017-10-12,2017-10-12,0,14.788
INDOFLOODS-gauge-890-7,INDOFLOODS-gauge-890,8.0_77.0,2015-05-20,2015-05-15,5,1.565
INDOFLOODS-gauge-890-7,INDOFLOODS-gauge-890,8.0_77.0,2015-05-20,2015-05-16,4,3.485
INDOFLOODS-gauge-890-7,INDOFLOODS-gauge-890,8.0_77.0,2015-05-20,2015-05-17,3,19.729
INDOFLOODS-gauge-890-7,INDOFLOODS-gauge-890,8.0_77.0,2015-05-20,2015-05-18,2,37.107
INDOFLOODS-gauge-890-7,INDOFLOODS-gauge-890,8.0_77.0,2015-05-20,2015-05-19,1,4.454
INDOFLOODS-gauge-890-7,INDOFLOODS-gauge-890,8.0_77.0,2015-05-20,2015-05-20,0,21.408
INDOFLOODS-gauge-890-8,INDOFLOODS-gauge-890,8.0_77.0,2015-10-09,2015-10-04,5,1.051
INDOFLOODS-gauge-890-8,INDOFLOODS-gauge-890,8.0_77.0,2015-10-09,2015-10-05,4,1.235
INDOFLOODS-gauge-890-8,INDOFLOODS-gauge-890,8.0_77.0,2015-10-09,2015-10-06,3,0.877
INDOFLOODS-gauge-890-8,INDOFLOODS-gauge-890,8.0_77.0,2015-10-09,2015-10-07,2,0.143
INDOFLOODS-gauge-890-8,INDOFLOODS-gauge-890,8.0_77.0,2015-10-09,2015-10-08,1,2.445
INDOFLOODS-gauge-890-8,INDOFLOODS-gauge-890,8.0_77.0,2015-10-09,2015-10-09,0,40.24
INDOFLOODS-gauge-890-9,INDOFLOODS-gauge-890,8.0_77.0,2017-12-02,2017-11-27,5,11.465
INDOFLOODS-gauge-890-9,INDOFLOODS-gauge-890,8.0_77.0,2017-12-02,2017-11-28,4,18.189
INDOFLOODS-gauge-890-9,INDOFLOODS-gauge-890,8.0_77.0,2017-12-02,2017-11-29,3,1.704
INDOFLOODS-gauge-890-9,INDOFLOODS-gauge-890,8.0_77.0,2017-12-02,2017-11-30,2,34.069
INDOFLOODS-gauge-890-9,INDOFLOODS-gauge-890,8.0_77.0,2017-12-02,2017-12-01,1,125.063
INDOFLOODS-gauge-890-9,INDOFLOODS-gauge-890,8.0_77.0,2017-12-02,2017-12-02,0,33.197
INDOFLOODS-gauge-896-5,INDOFLOODS-gauge-896,11.0_76.0,2018-01-11,2018-01-06,5,0.0
INDOFLOODS-gauge-896-5,INDOFLOODS-gauge-896,11.0_76.0,2018-01-11,2018-01-07,4,0.0
INDOFLOODS-gauge-896-5,INDOFLOODS-gauge-896,11.0_76.0,2018-01-11,2018-01-08,3,0.0
INDOFLOODS-gauge-896-5,INDOFLOODS-gauge-896,11.0_76.0,2018-01-11,2018-01-09,2,0.0
INDOFLOODS-gauge-896-5,INDOFLOODS-gauge-896,11.0_76.0,2018-01-11,2018-01-10,1,0.087
INDOFLOODS-gauge-896-5,INDOFLOODS-gauge-896,11.0_76.0,2018-01-11,2018-01-11,0,0.223
INDOFLOODS-gauge-896-6,INDOFLOODS-gauge-896,11.0_76.0,2019-08-08,2019-08-03,5,6.014
INDOFLOODS-gauge-896-6,INDOFLOODS-gauge-896,11.0_76.0,2019-08-08,2019-08-04,4,6.773
INDOFLOODS-gauge-896-6,INDOFLOODS-gauge-896,11.0_76.0,2019-08-08,2019-08-05,3,38.814
INDOFLOODS-gauge-896-6,INDOFLOODS-gauge-896,11.0_76.0,2019-08-08,2019-08-06,2,23.986
INDOFLOODS-gauge-896-6,INDOFLOODS-gauge-896,11.0_76.0,2019-08-08,2019-08-07,1,69.039
INDOFLOODS-gauge-896-6,INDOFLOODS-gauge-896,11.0_76.0,2019-08-08,2019-08-08,0,89.38
INDOFLOODS-gauge-898-3,INDOFLOODS-gauge-898,12.0_78.0,2019-02-01,2019-01-27,5,0.0
INDOFLOODS-gauge-898-3,INDOFLOODS-gauge-898,12.0_78.0,2019-02-01,2019-01-28,4,0.01
INDOFLOODS-gauge-898-3,INDOFLOODS-gauge-898,12.0_78.0,2019-02-01,2019-01-29,3,4.933
INDOFLOODS-gauge-898-3,INDOFLOODS-gauge-898,12.0_78.0,2019-02-01,2019-01-30,2,0.0
INDOFLOODS-gauge-898-3,INDOFLOODS-gauge-898,12.0_78.0,2019-02-01,2019-01-31,1,0.0
INDOFLOODS-gauge-898-3,INDOFLOODS-gauge-898,12.0_78.0,2019-02-01,2019-02-01,0,0.0
INDOFLOODS-gauge-913-1,INDOFLOODS-gauge-913,16.0_78.0,2019-05-06,2019-05-01,5,4.24
INDOFLOODS-gauge-913-1,INDOFLOODS-gauge-913,16.0_78.0,2019-05-06,2019-05-02,4,0.0
INDOFLOODS-gauge-913-1,INDOFLOODS-gauge-913,16.0_78.0,2019-05-06,2019-05-03,3,0.0
INDOFLOODS-gauge-913-1,INDOFLOODS-gauge-913,16.0_78.0,2019-05-06,2019-05-04,2,0.0
INDOFLOODS-gauge-913-1,INDOFLOODS-gauge-913,16.0_78.0,2019-05-06,2019-05-05,1,0.0
INDOFLOODS-gauge-913-1,INDOFLOODS-gauge-913,16.0_78.0,2019-05-06,2019-05-06,0,0.0
INDOFLOODS-gauge-916-1,INDOFLOODS-gauge-916,17.0_77.0,2019-05-06,2019-05-01,5,1.028
INDOFLOODS-gauge-916-1,INDOFLOODS-gauge-916,17.0_77.0,2019-05-06,2019-05-02,4,0.0
INDOFLOODS-gauge-916-1,INDOFLOODS-gauge-916,17.0_77.0,2019-05-06,2019-05-03,3,0.0
INDOFLOODS-gauge-916-1,INDOFLOODS-gauge-916,17.0_77.0,2019-05-06,2019-05-04,2,0.0
INDOFLOODS-gauge-916-1,INDOFLOODS-gauge-916,17.0_77.0,2019-05-06,2019-05-05,1,0.0
INDOFLOODS-gauge-916-1,INDOFLOODS-gauge-916,17.0_77.0,2019-05-06,2019-05-06,0,0.0
INDOFLOODS-gauge-916-10,INDOFLOODS-gauge-916,17.0_77.0,2019-08-01,2019-07-27,5,6.795
INDOFLOODS-gauge-916-10,INDOFLOODS-gauge-916,17.0_77.0,2019-08-01,2019-07-28,4,0.774
INDOFLOODS-gauge-916-10,INDOFLOODS-gauge-916,17.0_77.0,2019-08-01,2019-07-29,3,3.326
INDOFLOODS-gauge-916-10,INDOFLOODS-gauge-916,17.0_77.0,2019-08-01,2019-07-30,2,11.648
INDOFLOODS-gauge-916-10,INDOFLOODS-gauge-916,17.0_77.0,2019-08-01,2019-07-31,1,2.005
INDOFLOODS-gauge-916-10,INDOFLOODS-gauge-916,17.0_77.0,2019-08-01,2019-08-01,0,6.456
INDOFLOODS-gauge-916-11,INDOFLOODS-gauge-916,17.0_77.0,2019-08-09,2019-08-04,5,16.37
INDOFLOODS-gauge-916-11,INDOFLOODS-gauge-916,17.0_77.0,2019-08-09,2019-08-05,4,13.785
INDOFLOODS-gauge-916-11,INDOFLOODS-gauge-916,17.0_77.0,2019-08-09,2019-08-06,3,17.784
INDOFLOODS-gauge-916-11,INDOFLOODS-gauge-916,17.0_77.0,2019-08-09,2019-08-07,2,18.302
INDOFLOODS-gauge-916-11,INDOFLOODS-gauge-916,17.0_77.0,2019-08-09,2019-08-08,1,12.115
INDOFLOODS-gauge-916-11,INDOFLOODS-gauge-916,17.0_77.0,2019-08-09,2019-08-09,0,0.448
INDOFLOODS-gauge-916-12,INDOFLOODS-gauge-916,17.0_77.0,2020-03-19,2020-03-14,5,0.0
INDOFLOODS-gauge-916-12,INDOFLOODS-gauge-916,17.0_77.0,2020-03-19,2020-03-15,4,0.0
INDOFLOODS-gauge-916-12,INDOFLOODS-gauge-916,17.0_77.0,2020-03-19,2020-03-16,3,0.0
INDOFLOODS-gauge-916-12,INDOFLOODS-gauge-916,17.0_77.0,2020-03-19,2020-03-17,2,0.0
INDOFLOODS-gauge-916-12,INDOFLOODS-gauge-916,17.0_77.0,2020-03-19,2020-03-18,1,0.0
INDOFLOODS-gauge-916-12,INDOFLOODS-gauge-916,17.0_77.0,2020-03-19,2020-03-19,0,3.205
INDOFLOODS-gauge-916-13,INDOFLOODS-gauge-916,17.0_77.0,2020-03-25,2020-03-20,5,0.138
INDOFLOODS-gauge-916-13,INDOFLOODS-gauge-916,17.0_77.0,2020-03-25,2020-03-21,4,0.0
INDOFLOODS-gauge-916-13,INDOFLOODS-gauge-916,17.0_77.0,2020-03-25,2020-03-22,3,0.0
INDOFLOODS-gauge-916-13,INDOFLOODS-gauge-916,17.0_77.0,2020-03-25,2020-03-23,2,0.0
INDOFLOODS-gauge-916-13,INDOFLOODS-gauge-916,17.0_77.0,2020-03-25,2020-03-24,1,0.0
INDOFLOODS-gauge-916-13,INDOFLOODS-gauge-916,17.0_77.0,2020-03-25,2020-03-25,0,1.34
INDOFLOODS-gauge-916-2,INDOFLOODS-gauge-916,17.0_77.0,2019-06-06,2019-06-01,5,5.237
INDOFLOODS-gauge-916-2,INDOFLOODS-gauge-916,17.0_77.0,2019-06-06,2019-06-02,4,0.0
INDOFLOODS-gauge-916-2,INDOFLOODS-gauge-916,17.0_77.0,2019-06-06,2019-06-03,3,2.121
INDOFLOODS-gauge-916-2,INDOFLOODS-gauge-916,17.0_77.0,2019-06-06,2019-06-04,2,13.888
INDOFLOODS-gauge-916-2,INDOFLOODS-gauge-916,17.0_77.0,2019-06-06,2019-06-05,1,0.031
INDOFLOODS-gauge-916-2,INDOFLOODS-gauge-916,17.0_77.0,2019-06-06,2019-06-06,0,1.924
INDOFLOODS-gauge-916-3,INDOFLOODS-gauge-916,17.0_77.0,2019-06-14,2019-06-09,5,0.093
INDOFLOODS-gauge-916-3,INDOFLOODS-gauge-916,17.0_77.0,2019-06-14,2019-06-10,4,0.635
INDOFLOODS-gauge-916-3,INDOFLOODS-gauge-916,17.0_77.0,2019-06-14,2019-06-11,3,0.05
INDOFLOODS-gauge-916-3,INDOFLOODS-gauge-916,17.0_77.0,2019-06-14,2019-06-12,2,0.0
INDOFLOODS-gauge-916-3,INDOFLOODS-gauge-916,17.0_77.0,2019-06-14,2019-06-13,1,0.0
INDOFLOODS-gauge-916-3,INDOFLOODS-gauge-916,17.0_77.0,2019-06-14,2019-06-14,0,1.34
INDOFLOODS-gauge-916-4,INDOFLOODS-gauge-916,17.0_77.0,2019-06-30,2019-06-25,5,7.665
INDOFLOODS-gauge-916-4,INDOFLOODS-gauge-916,17.0_77.0,2019-06-30,2019-06-26,4,0.051
INDOFLOODS-gauge-916-4,INDOFLOODS-gauge-916,17.0_77.0,2019-06-30,2019-06-27,3,0.114
INDOFLOODS-gauge-916-4,INDOFLOODS-gauge-916,17.0_77.0,2019-06-30,2019-06-28,2,1.393
INDOFLOODS-gauge-916-4,INDOFLOODS-gauge-916,17.0_77.0,2019-06-30,2019-06-29,1,3.837
INDOFLOODS-gauge-916-4,INDOFLOODS-gauge-916,17.0_77.0,2019-06-30,2019-06-30,0,9.953
INDOFLOODS-gauge-916-5,INDOFLOODS-gauge-916,17.0_77.0,2019-07-02,2019-06-27,5,0.114
INDOFLOODS-gauge-916-5,INDOFLOODS-gauge-916,17.0_77.0,2019-07-02,2019-06-28,4,1.393
INDOFLOODS-gauge-916-5,INDOFLOODS-gauge-916,17.0_77.0,2019-07-02,2019-06-29,3,3.837
INDOFLOODS-gauge-916-5,INDOFLOODS-gauge-916,17.0_77.0,2019-07-02,2019-06-30,2,9.953
INDOFLOODS-gauge-916-5,INDOFLOODS-gauge-916,17.0_77.0,2019-07-02,2019-07-01,1,1.65
INDOFLOODS-gauge-916-5,INDOFLOODS-gauge-916,17.0_77.0,2019-07-02,2019-07-02,0,6.152
INDOFLOODS-gauge-916-6,INDOFLOODS-gauge-916,17.0_77.0,2019-07-04,2019-06-29,5,3.837
INDOFLOODS-gauge-916-6,INDOFLOODS-gauge-916,17.0_77.0,2019-07-04,2019-06-30,4,9.953
INDOFLOODS-gauge-916-6,INDOFLOODS-gauge-916,17.0_77.0,2019-07-04,2019-07-01,3,1.65
INDOFLOODS-gauge-916-6,INDOFLOODS-gauge-916,17.0_77.0,2019-07-04,2019-07-02,2,6.152
INDOFLOODS-gauge-916-6,INDOFLOODS-gauge-916,17.0_77.0,2019-07-04,2019-07-03,1,0.589
INDOFLOODS-gauge-916-6,INDOFLOODS-gauge-916,17.0_77.0,2019-07-04,2019-07-04,0,1.514
INDOFLOODS-gauge-916-7,INDOFLOODS-gauge-916,17.0_77.0,2019-07-14,2019-07-09,5,2.72
INDOFLOODS-gauge-916-7,INDOFLOODS-gauge-916,17.0_77.0,2019-07-14,2019-07-10,4,1.036
INDOFLOODS-gauge-916-7,INDOFLOODS-gauge-916,17.0_77.0,2019-07-14,2019-07-11,3,1.499
INDOFLOODS-gauge-916-7,INDOFLOODS-gauge-916,17.0_77.0,2019-07-14,2019-07-12,2,2.706
INDOFLOODS-gauge-916-7,INDOFLOODS-gauge-916,17.0_77.0,2019-07-14,2019-07-13,1,4.011
INDOFLOODS-gauge-916-7,INDOFLOODS-gauge-916,17.0_77.0,2019-07-14,2019-07-14,0,1.995
INDOFLOODS-gauge-916-8,INDOFLOODS-gauge-916,17.0_77.0,2019-07-16,2019-07-11,5,1.499
INDOFLOODS-gauge-916-8,INDOFLOODS-gauge-916,17.0_77.0,2019-07-16,2019-07-12,4,2.706
INDOFLOODS-gauge-916-8,INDOFLOODS-gauge-916,17.0_77.0,2019-07-16,2019-07-13,3,4.011
INDOFLOODS-gauge-916-8,INDOFLOODS-gauge-916,17.0_77.0,2019-07-16,2019-07-14,2,1.995
INDOFLOODS-gauge-916-8,INDOFLOODS-gauge-916,17.0_77.0,2019-07-16,2019-07-15,1,0.972
INDOFLOODS-gauge-916-8,INDOFLOODS-gauge-916,17.0_77.0,2019-07-16,2019-07-16,0,3.631
INDOFLOODS-gauge-916-9,INDOFLOODS-gauge-916,17.0_77.0,2019-07-27,2019-07-22,5,0.123
INDOFLOODS-gauge-916-9,INDOFLOODS-gauge-916,17.0_77.0,2019-07-27,2019-07-23,4,0.167
INDOFLOODS-gauge-916-9,INDOFLOODS-gauge-916,17.0_77.0,2019-07-27,2019-07-24,3,0.0
INDOFLOODS-gauge-916-9,INDOFLOODS-gauge-916,17.0_77.0,2019-07-27,2019-07-25,2,1.634
INDOFLOODS-gauge-916-9,INDOFLOODS-gauge-916,17.0_77.0,2019-07-27,2019-07-26,1,1.326
INDOFLOODS-gauge-916-9,INDOFLOODS-gauge-916,17.0_77.0,2019-07-27,2019-07-27,0,6.795
INDOFLOODS-gauge-917-6,INDOFLOODS-gauge-917,16.0_77.0,2019-08-10,2019-08-05,5,2.296
INDOFLOODS-gauge-917-6,INDOFLOODS-gauge-917,16.0_77.0,2019-08-10,2019-08-06,4,1.143
INDOFLOODS-gauge-917-6,INDOFLOODS-gauge-917,16.0_77.0,2019-08-10,2019-08-07,3,0.019
INDOFLOODS-gauge-917-6,INDOFLOODS-gauge-917,16.0_77.0,2019-08-10,2019-08-08,2,0.493
INDOFLOODS-gauge-917-6,INDOFLOODS-gauge-917,16.0_77.0,2019-08-10,2019-08-09,1,0.213
INDOFLOODS-gauge-917-6,INDOFLOODS-gauge-917,16.0_77.0,2019-08-10,2019-08-10,0,0.834
INDOFLOODS-gauge-922-1,INDOFLOODS-gauge-922,17.0_80.0,2019-08-03,2019-07-29,5,24.955
INDOFLOODS-gauge-922-1,INDOFLOODS-gauge-922,17.0_80.0,2019-08-03,2019-07-30,4,5.65
INDOFLOODS-gauge-922-1,INDOFLOODS-gauge-922,17.0_80.0,2019-08-03,2019-07-31,3,3.276
INDOFLOODS-gauge-922-1,INDOFLOODS-gauge-922,17.0_80.0,2019-08-03,2019-08-01,2,12.921
INDOFLOODS-gauge-922-1,INDOFLOODS-gauge-922,17.0_80.0,2019-08-03,2019-08-02,1,60.067
INDOFLOODS-gauge-922-1,INDOFLOODS-gauge-922,17.0_80.0,2019-08-03,2019-08-03,0,40.234
INDOFLOODS-gauge-922-2,INDOFLOODS-gauge-922,17.0_80.0,2019-08-08,2019-08-03,5,40.234
INDOFLOODS-gauge-922-2,INDOFLOODS-gauge-922,17.0_80.0,2019-08-08,2019-08-04,4,0.368
INDOFLOODS-gauge-922-2,INDOFLOODS-gauge-922,17.0_80.0,2019-08-08,2019-08-05,3,0.257
INDOFLOODS-gauge-922-2,INDOFLOODS-gauge-922,17.0_80.0,2019-08-08,2019-08-06,2,20.552
INDOFLOODS-gauge-922-2,INDOFLOODS-gauge-922,17.0_80.0,2019-08-08,2019-08-07,1,54.189
INDOFLOODS-gauge-922-2,INDOFLOODS-gauge-922,17.0_80.0,2019-08-08,2019-08-08,0,17.199
INDOFLOODS-gauge-925-3,INDOFLOODS-gauge-925,17.0_80.0,2016-07-11,2016-07-06,5,5.564
INDOFLOODS-gauge-925-3,INDOFLOODS-gauge-925,17.0_80.0,2016-07-11,2016-07-07,4,2.506
INDOFLOODS-gauge-925-3,INDOFLOODS-gauge-925,17.0_80.0,2016-07-11,2016-07-08,3,0.0
INDOFLOODS-gauge-925-3,INDOFLOODS-gauge-925,17.0_80.0,2016-07-11,2016-07-09,2,9.625
INDOFLOODS-gauge-925-3,INDOFLOODS-gauge-925,17.0_80.0,2016-07-11,2016-07-10,1,1.916
INDOFLOODS-gauge-925-3,INDOFLOODS-gauge-925,17.0_80.0,2016-07-11,2016-07-11,0,6.871
INDOFLOODS-gauge-925-4,INDOFLOODS-gauge-925,17.0_80.0,2019-08-03,2019-07-29,5,24.955
INDOFLOODS-gauge-925-4,INDOFLOODS-gauge-925,17.0_80.0,2019-08-03,2019-07-30,4,5.65
INDOFLOODS-gauge-925-4,INDOFLOODS-gauge-925,17.0_80.0,2019-08-03,2019-07-31,3,3.276
INDOFLOODS-gauge-925-4,INDOFLOODS-gauge-925,17.0_80.0,2019-08-03,2019-08-01,2,12.921
INDOFLOODS-gauge-925-4,INDOFLOODS-gauge-925,17.0_80.0,2019-08-03,2019-08-02,1,60.067
INDOFLOODS-gauge-925-4,INDOFLOODS-gauge-925,17.0_80.0,2019-08-03,2019-08-03,0,40.234
INDOFLOODS-gauge-925-5,INDOFLOODS-gauge-925,17.0_80.0,2019-08-05,2019-07-31,5,3.276
INDOFLOODS-gauge-925-5,INDOFLOODS-gauge-925,17.0_80.0,2019-08-05,2019-08-01,4,12.921
INDOFLOODS-gauge-925-5,INDOFLOODS-gauge-925,17.0_80.0,2019-08-05,2019-08-02,3,60.067
INDOFLOODS-gauge-925-5,INDOFLOODS-gauge-925,17.0_80.0,2019-08-05,2019-08-03,2,40.234
INDOFLOODS-gauge-925-5,INDOFLOODS-gauge-925,17.0_80.0,2019-08-05,2019-08-04,1,0.368
INDOFLOODS-gauge-925-5,INDOFLOODS-gauge-925,17.0_80.0,2019-08-05,2019-08-05,0,0.257
INDOFLOODS-gauge-925-6,INDOFLOODS-gauge-925,17.0_80.0,2019-08-08,2019-08-03,5,40.234
INDOFLOODS-gauge-925-6,INDOFLOODS-gauge-925,17.0_80.0,2019-08-08,2019-08-04,4,0.368
INDOFLOODS-gauge-925-6,INDOFLOODS-gauge-925,17.0_80.0,2019-08-08,2019-08-05,3,0.257
INDOFLOODS-gauge-925-6,INDOFLOODS-gauge-925,17.0_80.0,2019-08-08,2019-08-06,2,20.552
INDOFLOODS-gauge-925-6,INDOFLOODS-gauge-925,17.0_80.0,2019-08-08,2019-08-07,1,54.189
INDOFLOODS-gauge-925-6,INDOFLOODS-gauge-925,17.0_80.0,2019-08-08,2019-08-08,0,17.199
INDOFLOODS-gauge-939-1,INDOFLOODS-gauge-939,18.0_77.0,2019-04-30,2019-04-25,5,0.0
INDOFLOODS-gauge-939-1,INDOFLOODS-gauge-939,18.0_77.0,2019-04-30,2019-04-26,4,0.0
INDOFLOODS-gauge-939-1,INDOFLOODS-gauge-939,18.0_77.0,2019-04-30,2019-04-27,3,0.0
INDOFLOODS-gauge-939-1,INDOFLOODS-gauge-939,18.0_77.0,2019-04-30,2019-04-28,2,0.0
INDOFLOODS-gauge-939-1,INDOFLOODS-gauge-939,18.0_77.0,2019-04-30,2019-04-29,1,0.052
INDOFLOODS-gauge-939-1,INDOFLOODS-gauge-939,18.0_77.0,2019-04-30,2019-04-30,0,0.845
INDOFLOODS-gauge-939-10,INDOFLOODS-gauge-939,18.0_77.0,2019-08-09,2019-08-04,5,12.915
INDOFLOODS-gauge-939-10,INDOFLOODS-gauge-939,18.0_77.0,2019-08-09,2019-08-05,4,4.977
INDOFLOODS-gauge-939-10,INDOFLOODS-gauge-939,18.0_77.0,2019-08-09,2019-08-06,3,12.788
INDOFLOODS-gauge-939-10,INDOFLOODS-gauge-939,18.0_77.0,2019-08-09,2019-08-07,2,10.228
INDOFLOODS-gauge-939-10,INDOFLOODS-gauge-939,18.0_77.0,2019-08-09,2019-08-08,1,37.031
INDOFLOODS-gauge-939-10,INDOFLOODS-gauge-939,18.0_77.0,2019-08-09,2019-08-09,0,1.155
INDOFLOODS-gauge-939-11,INDOFLOODS-gauge-939,18.0_77.0,2019-09-20,2019-09-15,5,6.37
INDOFLOODS-gauge-939-11,INDOFLOODS-gauge-939,18.0_77.0,2019-09-20,2019-09-16,4,3.395
INDOFLOODS-gauge-939-11,INDOFLOODS-gauge-939,18.0_77.0,2019-09-20,2019-09-17,3,2.298
INDOFLOODS-gauge-939-11,INDOFLOODS-gauge-939,18.0_77.0,2019-09-20,2019-09-18,2,7.353
INDOFLOODS-gauge-939-11,INDOFLOODS-gauge-939,18.0_77.0,2019-09-20,2019-09-19,1,12.155
INDOFLOODS-gauge-939-11,INDOFLOODS-gauge-939,18.0_77.0,2019-09-20,2019-09-20,0,22.277
INDOFLOODS-gauge-939-12,INDOFLOODS-gauge-939,18.0_77.0,2019-09-25,2019-09-20,5,22.277
INDOFLOODS-gauge-939-12,INDOFLOODS-gauge-939,18.0_77.0,2019-09-25,2019-09-21,4,20.95
INDOFLOODS-gauge-939-12,INDOFLOODS-gauge-939,18.0_77.0,2019-09-25,2019-09-22,3,0.161
INDOFLOODS-gauge-939-12,INDOFLOODS-gauge-939,18.0_77.0,2019-09-25,2019-09-23,2,0.651
INDOFLOODS-gauge-939-12,INDOFLOODS-gauge-939,18.0_77.0,2019-09-25,2019-09-24,1,8.857
INDOFLOODS-gauge-939-12,INDOFLOODS-gauge-939,18.0_77.0,2019-09-25,2019-09-25,0,13.843
INDOFLOODS-gauge-939-13,INDOFLOODS-gauge-939,18.0_77.0,2019-10-01,2019-09-26,5,22.708
INDOFLOODS-gauge-939-13,INDOFLOODS-gauge-939,18.0_77.0,2019-10-01,2019-09-27,4,13.316
INDOFLOODS-gauge-939-13,INDOFLOODS-gauge-939,18.0_77.0,2019-10-01,2019-09-28,3,0.0
INDOFLOODS-gauge-939-13,INDOFLOODS-gauge-939,18.0_77.0,2019-10-01,2019-09-29,2,0.0
INDOFLOODS-gauge-939-13,INDOFLOODS-gauge-939,18.0_77.0,2019-10-01,2019-09-30,1,1.818
INDOFLOODS-gauge-939-13,INDOFLOODS-gauge-939,18.0_77.0,2019-10-01,2019-10-01,0,7.385
INDOFLOODS-gauge-939-14,INDOFLOODS-gauge-939,18.0_77.0,2019-10-06,2019-10-01,5,7.385
INDOFLOODS-gauge-939-14,INDOFLOODS-gauge-939,18.0_77.0,2019-10-06,2019-10-02,4,4.393
INDOFLOODS-gauge-939-14,INDOFLOODS-gauge-939,18.0_77.0,2019-10-06,2019-10-03,3,0.0
INDOFLOODS-gauge-939-14,INDOFLOODS-gauge-939,18.0_77.0,2019-10-06,2019-10-04,2,1.56
INDOFLOODS-gauge-939-14,INDOFLOODS-gauge-939,18.0_77.0,2019-10-06,2019-10-05,1,6.127
INDOFLOODS-gauge-939-14,INDOFLOODS-gauge-939,18.0_77.0,2019-10-06,2019-10-06,0,3.0
INDOFLOODS-gauge-939-15,INDOFLOODS-gauge-939,18.0_77.0,2019-10-10,2019-10-05,5,6.127
INDOFLOODS-gauge-939-15,INDOFLOODS-gauge-939,18.0_77.0,2019-10-10,2019-10-06,4,3.0
INDOFLOODS-gauge-939-15,INDOFLOODS-gauge-939,18.0_77.0,2019-10-10,2019-10-07,3,3.199
INDOFLOODS-gauge-939-15,INDOFLOODS-gauge-939,18.0_77.0,2019-10-10,2019-10-08,2,0.009
INDOFLOODS-gauge-939-15,INDOFLOODS-gauge-939,18.0_77.0,2019-10-10,2019-10-09,1,0.043
INDOFLOODS-gauge-939-15,INDOFLOODS-gauge-939,18.0_77.0,2019-10-10,2019-10-10,0,2.573
INDOFLOODS-gauge-939-16,INDOFLOODS-gauge-939,18.0_77.0,2019-10-14,2019-10-09,5,0.043
INDOFLOODS-gauge-939-16,INDOFLOODS-gauge-939,18.0_77.0,2019-10-14,2019-10-10,4,2.573
INDOFLOODS-gauge-939-16,INDOFLOODS-gauge-939,18.0_77.0,2019-10-14,2019-10-11,3,22.963
INDOFLOODS-gauge-939-16,INDOFLOODS-gauge-939,18.0_77.0,2019-10-14,2019-10-12,2,5.954
INDOFLOODS-gauge-939-16,INDOFLOODS-gauge-939,18.0_77.0,2019-10-14,2019-10-13,1,0.0
INDOFLOODS-gauge-939-16,INDOFLOODS-gauge-939,18.0_77.0,2019-10-14,2019-10-14,0,0.085
INDOFLOODS-gauge-939-17,INDOFLOODS-gauge-939,18.0_77.0,2019-10-23,2019-10-18,5,5.519
INDOFLOODS-gauge-939-17,INDOFLOODS-gauge-939,18.0_77.0,2019-10-23,2019-10-19,4,31.68
INDOFLOODS-gauge-939-17,INDOFLOODS-gauge-939,18.0_77.0,2019-10-23,2019-10-20,3,10.259
INDOFLOODS-gauge-939-17,INDOFLOODS-gauge-939,18.0_77.0,2019-10-23,2019-10-21,2,28.174
INDOFLOODS-gauge-939-17,INDOFLOODS-gauge-939,18.0_77.0,2019-10-23,2019-10-22,1,4.913
INDOFLOODS-gauge-939-17,INDOFLOODS-gauge-939,18.0_77.0,2019-10-23,2019-10-23,0,3.15
INDOFLOODS-gauge-939-18,INDOFLOODS-gauge-939,18.0_77.0,2019-10-25,2019-10-20,5,10.259
INDOFLOODS-gauge-939-18,INDOFLOODS-gauge-939,18.0_77.0,2019-10-25,2019-10-21,4,28.174
INDOFLOODS-gauge-939-18,INDOFLOODS-gauge-939,18.0_77.0,2019-10-25,2019-10-22,3,4.913
INDOFLOODS-gauge-939-18,INDOFLOODS-gauge-939,18.0_77.0,2019-10-25,2019-10-23,2,3.15
INDOFLOODS-gauge-939-18,INDOFLOODS-gauge-939,18.0_77.0,2019-10-25,2019-10-24,1,4.51
INDOFLOODS-gauge-939-18,INDOFLOODS-gauge-939,18.0_77.0,2019-10-25,2019-10-25,0,22.57
INDOFLOODS-gauge-939-19,INDOFLOODS-gauge-939,18.0_77.0,2019-10-31,2019-10-26,5,11.022
INDOFLOODS-gauge-939-19,INDOFLOODS-gauge-939,18.0_77.0,2019-10-31,2019-10-27,4,1.026
INDOFLOODS-gauge-939-19,INDOFLOODS-gauge-939,18.0_77.0,2019-10-31,2019-10-28,3,9.102
INDOFLOODS-gauge-939-19,INDOFLOODS-gauge-939,18.0_77.0,2019-10-31,2019-10-29,2,6.593
INDOFLOODS-gauge-939-19,INDOFLOODS-gauge-939,18.0_77.0,2019-10-31,2019-10-30,1,0.007
INDOFLOODS-gauge-939-19,INDOFLOODS-gauge-939,18.0_77.0,2019-10-31,2019-10-31,0,5.71
INDOFLOODS-gauge-939-2,INDOFLOODS-gauge-939,18.0_77.0,2019-05-06,2019-05-01,5,0.02
INDOFLOODS-gauge-939-2,INDOFLOODS-gauge-939,18.0_77.0,2019-05-06,2019-05-02,4,0.0
INDOFLOODS-gauge-939-2,INDOFLOODS-gauge-939,18.0_77.0,2019-05-06,2019-05-03,3,0.0
INDOFLOODS-gauge-939-2,INDOFLOODS-gauge-939,18.0_77.0,2019-05-06,2019-05-04,2,0.0
INDOFLOODS-gauge-939-2,INDOFLOODS-gauge-939,18.0_77.0,2019-05-06,2019-05-05,1,0.0
INDOFLOODS-gauge-939-2,INDOFLOODS-gauge-939,18.0_77.0,2019-05-06,2019-05-06,0,0.0
INDOFLOODS-gauge-939-20,INDOFLOODS-gauge-939,18.0_77.0,2019-11-04,2019-10-30,5,0.007
INDOFLOODS-gauge-939-20,INDOFLOODS-gauge-939,18.0_77.0,2019-11-04,2019-10-31,4,5.71
INDOFLOODS-gauge-939-20,INDOFLOODS-gauge-939,18.0_77.0,2019-11-04,2019-11-01,3,9.07
INDOFLOODS-gauge-939-20,INDOFLOODS-gauge-939,18.0_77.0,2019-11-04,2019-11-02,2,12.244
INDOFLOODS-gauge-939-20,INDOFLOODS-gauge-939,18.0_77.0,2019-11-04,2019-11-03,1,1.255
INDOFLOODS-gauge-939-20,INDOFLOODS-gauge-939,18.0_77.0,2019-11-04,2019-11-04,0,0.189
INDOFLOODS-gauge-939-21,INDOFLOODS-gauge-939,18.0_77.0,2019-11-07,2019-11-02,5,12.244
INDOFLOODS-gauge-939-21,INDOFLOODS-gauge-939,18.0_77.0,2019-11-07,2019-11-03,4,1.255
INDOFLOODS-gauge-939-21,INDOFLOODS-gauge-939,18.0_77.0,2019-11-07,2019-11-04,3,0.189
INDOFLOODS-gauge-939-21,INDOFLOODS-gauge-939,18.0_77.0,2019-11-07,2019-11-05,2,0.0
INDOFLOODS-gauge-939-21,INDOFLOODS-gauge-939,18.0_77.0,2019-11-07,2019-11-06,1,0.0
INDOFLOODS-gauge-939-21,INDOFLOODS-gauge-939,18.0_77.0,2019-11-07,2019-11-07,0,0.0
INDOFLOODS-gauge-939-22,INDOFLOODS-gauge-939,18.0_77.0,2019-11-11,2019-11-06,5,0.0
INDOFLOODS-gauge-939-22,INDOFLOODS-gauge-939,18.0_77.0,2019-11-11,2019-11-07,4,0.0
INDOFLOODS-gauge-939-22,INDOFLOODS-gauge-939,18.0_77.0,2019-11-11,2019-11-08,3,0.838
INDOFLOODS-gauge-939-22,INDOFLOODS-gauge-939,18.0_77.0,2019-11-11,2019-11-09,2,0.038
INDOFLOODS-gauge-939-22,INDOFLOODS-gauge-939,18.0_77.0,2019-11-11,2019-11-10,1,0.0
INDOFLOODS-gauge-939-22,INDOFLOODS-gauge-939,18.0_77.0,2019-11-11,2019-11-11,0,0.0
INDOFLOODS-gauge-939-23,INDOFLOODS-gauge-939,18.0_77.0,2019-11-13,2019-11-08,5,0.838
INDOFLOODS-gauge-939-23,INDOFLOODS-gauge-939,18.0_77.0,2019-11-13,2019-11-09,4,0.038
INDOFLOODS-gauge-939-23,INDOFLOODS-gauge-939,18.0_77.0,2019-11-13,2019-11-10,3,0.0
INDOFLOODS-gauge-939-23,INDOFLOODS-gauge-939,18.0_77.0,2019-11-13,2019-11-11,2,0.0
INDOFLOODS-gauge-939-23,INDOFLOODS-gauge-939,18.0_77.0,2019-11-13,2019-11-12,1,0.0
INDOFLOODS-gauge-939-23,INDOFLOODS-gauge-939,18.0_77.0,2019-11-13,2019-11-13,0,0.0
INDOFLOODS-gauge-939-24,INDOFLOODS-gauge-939,18.0_77.0,2019-11-15,2019-11-10,5,0.0
INDOFLOODS-gauge-939-24,INDOFLOODS-gauge-939,18.0_77.0,2019-11-15,2019-11-11,4,0.0
INDOFLOODS-gauge-939-24,INDOFLOODS-gauge-939,18.0_77.0,2019-11-15,2019-11-12,3,0.0
INDOFLOODS-gauge-939-24,INDOFLOODS-gauge-939,18.0_77.0,2019-11-15,2019-11-13,2,0.0
INDOFLOODS-gauge-939-24,INDOFLOODS-gauge-939,18.0_77.0,2019-11-15,2019-11-14,1,0.0
INDOFLOODS-gauge-939-24,INDOFLOODS-gauge-939,18.0_77.0,2019-11-15,2019-11-15,0,0.0
INDOFLOODS-gauge-939-25,INDOFLOODS-gauge-939,18.0_77.0,2019-11-21,2019-11-16,5,0.0
INDOFLOODS-gauge-939-25,INDOFLOODS-gauge-939,18.0_77.0,2019-11-21,2019-11-17,4,0.0
INDOFLOODS-gauge-939-25,INDOFLOODS-gauge-939,18.0_77.0,2019-11-21,2019-11-18,3,0.0
INDOFLOODS-gauge-939-25,INDOFLOODS-gauge-939,18.0_77.0,2019-11-21,2019-11-19,2,0.0
INDOFLOODS-gauge-939-25,INDOFLOODS-gauge-939,18.0_77.0,2019-11-21,2019-11-20,1,0.0
INDOFLOODS-gauge-939-25,INDOFLOODS-gauge-939,18.0_77.0,2019-11-21,2019-11-21,0,0.0
INDOFLOODS-gauge-939-26,INDOFLOODS-gauge-939,18.0_77.0,2019-11-25,2019-11-20,5,0.0
INDOFLOODS-gauge-939-26,INDOFLOODS-gauge-939,18.0_77.0,2019-11-25,2019-11-21,4,0.0
INDOFLOODS-gauge-939-26,INDOFLOODS-gauge-939,18.0_77.0,2019-11-25,2019-11-22,3,0.0
INDOFLOODS-gauge-939-26,INDOFLOODS-gauge-939,18.0_77.0,2019-11-25,2019-11-23,2,0.0
INDOFLOODS-gauge-939-26,INDOFLOODS-gauge-939,18.0_77.0,2019-11-25,2019-11-24,1,0.0
INDOFLOODS-gauge-939-26,INDOFLOODS-gauge-939,18.0_77.0,2019-11-25,2019-11-25,0,0.0
INDOFLOODS-gauge-939-27,INDOFLOODS-gauge-939,18.0_77.0,2019-11-29,2019-11-24,5,0.0
INDOFLOODS-gauge-939-27,INDOFLOODS-gauge-939,18.0_77.0,2019-11-29,2019-11-25,4,0.0
INDOFLOODS-gauge-939-27,INDOFLOODS-gauge-939,18.0_77.0,2019-11-29,2019-11-26,3,0.0
INDOFLOODS-gauge-939-27,INDOFLOODS-gauge-939,18.0_77.0,2019-11-29,2019-11-27,2,0.0
INDOFLOODS-gauge-939-27,INDOFLOODS-gauge-939,18.0_77.0,2019-11-29,2019-11-28,1,0.0
INDOFLOODS-gauge-939-27,INDOFLOODS-gauge-939,18.0_77.0,2019-11-29,2019-11-29,0,0.0
INDOFLOODS-gauge-939-28,INDOFLOODS-gauge-939,18.0_77.0,2019-12-05,2019-11-30,5,0.0
INDOFLOODS-gauge-939-28,INDOFLOODS-gauge-939,18.0_77.0,2019-12-05,2019-12-01,4,0.0
INDOFLOODS-gauge-939-28,INDOFLOODS-gauge-939,18.0_77.0,2019-12-05,2019-12-02,3,0.0
INDOFLOODS-gauge-939-28,INDOFLOODS-gauge-939,18.0_77.0,2019-12-05,2019-12-03,2,0.025
INDOFLOODS-gauge-939-28,INDOFLOODS-gauge-939,18.0_77.0,2019-12-05,2019-12-04,1,0.0
INDOFLOODS-gauge-939-28,INDOFLOODS-gauge-939,18.0_77.0,2019-12-05,2019-12-05,0,0.0
INDOFLOODS-gauge-939-29,INDOFLOODS-gauge-939,18.0_77.0,2019-12-07,2019-12-02,5,0.0
INDOFLOODS-gauge-939-29,INDOFLOODS-gauge-939,18.0_77.0,2019-12-07,2019-12-03,4,0.025
INDOFLOODS-gauge-939-29,INDOFLOODS-gauge-939,18.0_77.0,2019-12-07,2019-12-04,3,0.0
INDOFLOODS-gauge-939-29,INDOFLOODS-gauge-939,18.0_77.0,2019-12-07,2019-12-05,2,0.0
INDOFLOODS-gauge-939-29,INDOFLOODS-gauge-939,18.0_77.0,2019-12-07,2019-12-06,1,0.0
INDOFLOODS-gauge-939-29,INDOFLOODS-gauge-939,18.0_77.0,2019-12-07,2019-12-07,0,0.0
INDOFLOODS-gauge-939-3,INDOFLOODS-gauge-939,18.0_77.0,2019-05-11,2019-05-06,5,0.0
INDOFLOODS-gauge-939-3,INDOFLOODS-gauge-939,18.0_77.0,2019-05-11,2019-05-07,4,0.0
INDOFLOODS-gauge-939-3,INDOFLOODS-gauge-939,18.0_77.0,2019-05-11,2019-05-08,3,0.0
INDOFLOODS-gauge-939-3,INDOFLOODS-gauge-939,18.0_77.0,2019-05-11,2019-05-09,2,0.0
INDOFLOODS-gauge-939-3,INDOFLOODS-gauge-939,18.0_77.0,2019-05-11,2019-05-10,1,0.0
INDOFLOODS-gauge-939-3,INDOFLOODS-gauge-939,18.0_77.0,2019-05-11,2019-05-11,0,0.0
INDOFLOODS-gauge-939-30,INDOFLOODS-gauge-939,18.0_77.0,2019-12-15,2019-12-10,5,0.0
INDOFLOODS-gauge-939-30,INDOFLOODS-gauge-939,18.0_77.0,2019-12-15,2019-12-11,4,0.0
INDOFLOODS-gauge-939-30,INDOFLOODS-gauge-939,18.0_77.0,2019-12-15,2019-12-12,3,0.0
INDOFLOODS-gauge-939-30,INDOFLOODS-gauge-939,18.0_77.0,2019-12-15,2019-12-13,2,0.0
INDOFLOODS-gauge-939-30,INDOFLOODS-gauge-939,18.0_77.0,2019-12-15,2019-12-14,1,0.0
INDOFLOODS-gauge-939-30,INDOFLOODS-gauge-939,18.0_77.0,2019-12-15,2019-12-15,0,0.0
INDOFLOODS-gauge-939-31,INDOFLOODS-gauge-939,18.0_77.0,2019-12-28,2019-12-23,5,0.0
INDOFLOODS-gauge-939-31,INDOFLOODS-gauge-939,18.0_77.0,2019-12-28,2019-12-24,4,0.0
INDOFLOODS-gauge-939-31,INDOFLOODS-gauge-939,18.0_77.0,2019-12-28,2019-12-25,3,0.0
INDOFLOODS-gauge-939-31,INDOFLOODS-gauge-939,18.0_77.0,2019-12-28,2019-12-26,2,0.0
INDOFLOODS-gauge-939-31,INDOFLOODS-gauge-939,18.0_77.0,2019-12-28,2019-12-27,1,0.0
INDOFLOODS-gauge-939-31,INDOFLOODS-gauge-939,18.0_77.0,2019-12-28,2019-12-28,0,0.0
INDOFLOODS-gauge-939-32,INDOFLOODS-gauge-939,18.0_77.0,2020-01-04,2019-12-30,5,0.0
INDOFLOODS-gauge-939-32,INDOFLOODS-gauge-939,18.0_77.0,2020-01-04,2019-12-31,4,0.216
INDOFLOODS-gauge-939-32,INDOFLOODS-gauge-939,18.0_77.0,2020-01-04,2020-01-01,3,0.0
INDOFLOODS-gauge-939-32,INDOFLOODS-gauge-939,18.0_77.0,2020-01-04,2020-01-02,2,0.156
INDOFLOODS-gauge-939-32,INDOFLOODS-gauge-939,18.0_77.0,2020-01-04,2020-01-03,1,13.513
INDOFLOODS-gauge-939-32,INDOFLOODS-gauge-939,18.0_77.0,2020-01-04,2020-01-04,0,0.0
INDOFLOODS-gauge-939-33,INDOFLOODS-gauge-939,18.0_77.0,2020-01-23,2020-01-18,5,0.0
INDOFLOODS-gauge-939-33,INDOFLOODS-gauge-939,18.0_77.0,2020-01-23,2020-01-19,4,0.0
INDOFLOODS-gauge-939-33,INDOFLOODS-gauge-939,18.0_77.0,2020-01-23,2020-01-20,3,0.0
INDOFLOODS-gauge-939-33,INDOFLOODS-gauge-939,18.0_77.0,2020-01-23,2020-01-21,2,0.0
INDOFLOODS-gauge-939-33,INDOFLOODS-gauge-939,18.0_77.0,2020-01-23,2020-01-22,1,0.0
INDOFLOODS-gauge-939-33,INDOFLOODS-gauge-939,18.0_77.0,2020-01-23,2020-01-23,0,0.0
INDOFLOODS-gauge-939-4,INDOFLOODS-gauge-939,18.0_77.0,2019-05-22,2019-05-17,5,0.0
INDOFLOODS-gauge-939-4,INDOFLOODS-gauge-939,18.0_77.0,2019-05-22,2019-05-18,4,0.0
INDOFLOODS-gauge-939-4,INDOFLOODS-gauge-939,18.0_77.0,2019-05-22,2019-05-19,3,0.0
INDOFLOODS-gauge-939-4,INDOFLOODS-gauge-939,18.0_77.0,2019-05-22,2019-05-20,2,0.0
INDOFLOODS-gauge-939-4,INDOFLOODS-gauge-939,18.0_77.0,2019-05-22,2019-05-21,1,0.0
INDOFLOODS-gauge-939-4,INDOFLOODS-gauge-939,18.0_77.0,2019-05-22,2019-05-22,0,1.224
INDOFLOODS-gauge-939-5,INDOFLOODS-gauge-939,18.0_77.0,2019-06-06,2019-06-01,5,1.718
INDOFLOODS-gauge-939-5,INDOFLOODS-gauge-939,18.0_77.0,2019-06-06,2019-06-02,4,0.0
INDOFLOODS-gauge-939-5,INDOFLOODS-gauge-939,18.0_77.0,2019-06-06,2019-06-03,3,0.278
INDOFLOODS-gauge-939-5,INDOFLOODS-gauge-939,18.0_77.0,2019-06-06,2019-06-04,2,4.618
INDOFLOODS-gauge-939-5,INDOFLOODS-gauge-939,18.0_77.0,2019-06-06,2019-06-05,1,2.784
INDOFLOODS-gauge-939-5,INDOFLOODS-gauge-939,18.0_77.0,2019-06-06,2019-06-06,0,0.859
INDOFLOODS-gauge-939-6,INDOFLOODS-gauge-939,18.0_77.0,2019-06-14,2019-06-09,5,2.365
INDOFLOODS-gauge-939-6,INDOFLOODS-gauge-939,18.0_77.0,2019-06-14,2019-06-10,4,2.864
INDOFLOODS-gauge-939-6,INDOFLOODS-gauge-939,18.0_77.0,2019-06-14,2019-06-11,3,0.396
INDOFLOODS-gauge-939-6,INDOFLOODS-gauge-939,18.0_77.0,2019-06-14,2019-06-12,2,0.0
INDOFLOODS-gauge-939-6,INDOFLOODS-gauge-939,18.0_77.0,2019-06-14,2019-06-13,1,0.0
INDOFLOODS-gauge-939-6,INDOFLOODS-gauge-939,18.0_77.0,2019-06-14,2019-06-14,0,0.748
INDOFLOODS-gauge-939-7,INDOFLOODS-gauge-939,18.0_77.0,2019-07-14,2019-07-09,5,2.87
INDOFLOODS-gauge-939-7,INDOFLOODS-gauge-939,18.0_77.0,2019-07-14,2019-07-10,4,1.527
INDOFLOODS-gauge-939-7,INDOFLOODS-gauge-939,18.0_77.0,2019-07-14,2019-07-11,3,0.48
INDOFLOODS-gauge-939-7,INDOFLOODS-gauge-939,18.0_77.0,2019-07-14,2019-07-12,2,30.96
INDOFLOODS-gauge-939-7,INDOFLOODS-gauge-939,18.0_77.0,2019-07-14,2019-07-13,1,6.241
INDOFLOODS-gauge-939-7,INDOFLOODS-gauge-939,18.0_77.0,2019-07-14,2019-07-14,0,0.531
INDOFLOODS-gauge-939-8,INDOFLOODS-gauge-939,18.0_77.0,2019-07-27,2019-07-22,5,0.0
INDOFLOODS-gauge-939-8,INDOFLOODS-gauge-939,18.0_77.0,2019-07-27,2019-07-23,4,1.743
INDOFLOODS-gauge-939-8,INDOFLOODS-gauge-939,18.0_77.0,2019-07-27,2019-07-24,3,0.0
INDOFLOODS-gauge-939-8,INDOFLOODS-gauge-939,18.0_77.0,2019-07-27,2019-07-25,2,0.065
INDOFLOODS-gauge-939-8,INDOFLOODS-gauge-939,18.0_77.0,2019-07-27,2019-07-26,1,2.753
INDOFLOODS-gauge-939-8,INDOFLOODS-gauge-939,18.0_77.0,2019-07-27,2019-07-27,0,10.428
INDOFLOODS-gauge-939-9,INDOFLOODS-gauge-939,18.0_77.0,2019-08-01,2019-07-27,5,10.428
INDOFLOODS-gauge-939-9,INDOFLOODS-gauge-939,18.0_77.0,2019-08-01,2019-07-28,4,4.282
INDOFLOODS-gauge-939-9,INDOFLOODS-gauge-939,18.0_77.0,2019-08-01,2019-07-29,3,11.591
INDOFLOODS-gauge-939-9,INDOFLOODS-gauge-939,18.0_77.0,2019-08-01,2019-07-30,2,22.581
INDOFLOODS-gauge-939-9,INDOFLOODS-gauge-939,18.0_77.0,2019-08-01,2019-07-31,1,8.334
INDOFLOODS-gauge-939-9,INDOFLOODS-gauge-939,18.0_77.0,2019-08-01,2019-08-01,0,5.088
INDOFLOODS-gauge-943-1,INDOFLOODS-gauge-943,18.0_79.0,2019-08-03,2019-07-29,5,28.269
INDOFLOODS-gauge-943-1,INDOFLOODS-gauge-943,18.0_79.0,2019-08-03,2019-07-30,4,25.486
INDOFLOODS-gauge-943-1,INDOFLOODS-gauge-943,18.0_79.0,2019-08-03,2019-07-31,3,0.439
INDOFLOODS-gauge-943-1,INDOFLOODS-gauge-943,18.0_79.0,2019-08-03,2019-08-01,2,3.513
INDOFLOODS-gauge-943-1,INDOFLOODS-gauge-943,18.0_79.0,2019-08-03,2019-08-02,1,59.909
INDOFLOODS-gauge-943-1,INDOFLOODS-gauge-943,18.0_79.0,2019-08-03,2019-08-03,0,42.481
INDOFLOODS-gauge-943-2,INDOFLOODS-gauge-943,18.0_79.0,2019-08-08,2019-08-03,5,42.481
INDOFLOODS-gauge-943-2,INDOFLOODS-gauge-943,18.0_79.0,2019-08-08,2019-08-04,4,7.446
INDOFLOODS-gauge-943-2,INDOFLOODS-gauge-943,18.0_79.0,2019-08-08,2019-08-05,3,1.865
INDOFLOODS-gauge-943-2,INDOFLOODS-gauge-943,18.0_79.0,2019-08-08,2019-08-06,2,12.91
INDOFLOODS-gauge-943-2,INDOFLOODS-gauge-943,18.0_79.0,2019-08-08,2019-08-07,1,55.161
INDOFLOODS-gauge-943-2,INDOFLOODS-gauge-943,18.0_79.0,2019-08-08,2019-08-08,0,32.073
INDOFLOODS-gauge-944-1,INDOFLOODS-gauge-944,24.0_91.0,2018-05-18,2018-05-13,5,0.0
INDOFLOODS-gauge-944-1,INDOFLOODS-gauge-944,24.0_91.0,2018-05-18,2018-05-14,4,6.866
INDOFLOODS-gauge-944-1,INDOFLOODS-gauge-944,24.0_91.0,2018-05-18,2018-05-15,3,18.979
INDOFLOODS-gauge-944-1,INDOFLOODS-gauge-944,24.0_91.0,2018-05-18,2018-05-16,2,56.928
INDOFLOODS-gauge-944-1,INDOFLOODS-gauge-944,24.0_91.0,2018-05-18,2018-05-17,1,0.0
INDOFLOODS-gauge-944-1,INDOFLOODS-gauge-944,24.0_91.0,2018-05-18,2018-05-18,0,59.546
INDOFLOODS-gauge-944-2,INDOFLOODS-gauge-944,24.0_91.0,2019-07-14,2019-07-09,5,63.518
INDOFLOODS-gauge-944-2,INDOFLOODS-gauge-944,24.0_91.0,2019-07-14,2019-07-10,4,11.614
INDOFLOODS-gauge-944-2,INDOFLOODS-gauge-944,24.0_91.0,2019-07-14,2019-07-11,3,16.626
INDOFLOODS-gauge-944-2,INDOFLOODS-gauge-944,24.0_91.0,2019-07-14,2019-07-12,2,54.552
INDOFLOODS-gauge-944-2,INDOFLOODS-gauge-944,24.0_91.0,2019-07-14,2019-07-13,1,25.071
INDOFLOODS-gauge-944-2,INDOFLOODS-gauge-944,24.0_91.0,2019-07-14,2019-07-14,0,53.703
INDOFLOODS-gauge-97-1,INDOFLOODS-gauge-97,18.0_82.0,2018-01-01,2017-12-27,5,0.0
INDOFLOODS-gauge-97-1,INDOFLOODS-gauge-97,18.0_82.0,2018-01-01,2017-12-28,4,0.0
INDOFLOODS-gauge-97-1,INDOFLOODS-gauge-97,18.0_82.0,2018-01-01,2017-12-29,3,0.0
INDOFLOODS-gauge-97-1,INDOFLOODS-gauge-97,18.0_82.0,2018-01-01,2017-12-30,2,0.0
INDOFLOODS-gauge-97-1,INDOFLOODS-gauge-97,18.0_82.0,2018-01-01,2017-12-31,1,0.0
INDOFLOODS-gauge-97-1,INDOFLOODS-gauge-97,18.0_82.0,2018-01-01,2018-01-01,0,0.0
INDOFLOODS-gauge-97-2,INDOFLOODS-gauge-97,18.0_82.0,2018-02-03,2018-01-29,5,0.0
INDOFLOODS-gauge-97-2,INDOFLOODS-gauge-97,18.0_82.0,2018-02-03,2018-01-30,4,0.0
INDOFLOODS-gauge-97-2,INDOFLOODS-gauge-97,18.0_82.0,2018-02-03,2018-01-31,3,0.0
INDOFLOODS-gauge-97-2,INDOFLOODS-gauge-97,18.0_82.0,2018-02-03,2018-02-01,2,0.0
INDOFLOODS-gauge-97-2,INDOFLOODS-gauge-97,18.0_82.0,2018-02-03,2018-02-02,1,0.0
INDOFLOODS-gauge-97-2,INDOFLOODS-gauge-97,18.0_82.0,2018-02-03,2018-02-03,0,0.0
INDOFLOODS-gauge-97-3,INDOFLOODS-gauge-97,18.0_82.0,2018-03-01,2018-02-24,5,0.0
INDOFLOODS-gauge-97-3,INDOFLOODS-gauge-97,18.0_82.0,2018-03-01,2018-02-25,4,0.0
INDOFLOODS-gauge-97-3,INDOFLOODS-gauge-97,18.0_82.0,2018-03-01,2018-02-26,3,0.0
INDOFLOODS-gauge-97-3,INDOFLOODS-gauge-97,18.0_82.0,2018-03-01,2018-02-27,2,0.0
INDOFLOODS-gauge-97-3,INDOFLOODS-gauge-97,18.0_82.0,2018-03-01,2018-02-28,1,0.0
INDOFLOODS-gauge-97-3,INDOFLOODS-gauge-97,18.0_82.0,2018-03-01,2018-03-01,0,0.0
INDOFLOODS-gauge-97-4,INDOFLOODS-gauge-97,18.0_82.0,2018-07-01,2018-06-26,5,7.99
INDOFLOODS-gauge-97-4,INDOFLOODS-gauge-97,18.0_82.0,2018-07-01,2018-06-27,4,8.601
INDOFLOODS-gauge-97-4,INDOFLOODS-gauge-97,18.0_82.0,2018-07-01,2018-06-28,3,8.065
INDOFLOODS-gauge-97-4,INDOFLOODS-gauge-97,18.0_82.0,2018-07-01,2018-06-29,2,4.647
INDOFLOODS-gauge-97-4,INDOFLOODS-gauge-97,18.0_82.0,2018-07-01,2018-06-30,1,0.324
INDOFLOODS-gauge-97-4,INDOFLOODS-gauge-97,18.0_82.0,2018-07-01,2018-07-01,0,11.461
INDOFLOODS-gauge-97-5,INDOFLOODS-gauge-97,18.0_82.0,2018-11-01,2018-10-27,5,0.0
INDOFLOODS-gauge-97-5,INDOFLOODS-gauge-97,18.0_82.0,2018-11-01,2018-10-28,4,0.0
INDOFLOODS-gauge-97-5,INDOFLOODS-gauge-97,18.0_82.0,2018-11-01,2018-10-29,3,0.232
INDOFLOODS-gauge-97-5,INDOFLOODS-gauge-97,18.0_82.0,2018-11-01,2018-10-30,2,0.0
INDOFLOODS-gauge-97-5,INDOFLOODS-gauge-97,18.0_82.0,2018-11-01,2018-10-31,1,0.232
INDOFLOODS-gauge-97-5,INDOFLOODS-gauge-97,18.0_82.0,2018-11-01,2018-11-01,0,0.0
INDOFLOODS-gauge-97-6,INDOFLOODS-gauge-97,18.0_82.0,2019-06-25,2019-06-20,5,3.656
INDOFLOODS-gauge-97-6,INDOFLOODS-gauge-97,18.0_82.0,2019-06-25,2019-06-21,4,34.179
INDOFLOODS-gauge-97-6,INDOFLOODS-gauge-97,18.0_82.0,2019-06-25,2019-06-22,3,11.172
INDOFLOODS-gauge-97-6,INDOFLOODS-gauge-97,18.0_82.0,2019-06-25,2019-06-23,2,7.596
INDOFLOODS-gauge-97-6,INDOFLOODS-gauge-97,18.0_82.0,2019-06-25,2019-06-24,1,13.83
INDOFLOODS-gauge-97-6,INDOFLOODS-gauge-97,18.0_82.0,2019-06-25,2019-06-25,0,3.084
INDOFLOODS-gauge-97-7,INDOFLOODS-gauge-97,18.0_82.0,2019-08-04,2019-07-30,5,13.982
INDOFLOODS-gauge-97-7,INDOFLOODS-gauge-97,18.0_82.0,2019-08-04,2019-07-31,4,8.013
INDOFLOODS-gauge-97-7,INDOFLOODS-gauge-97,18.0_82.0,2019-08-04,2019-08-01,3,4.417
INDOFLOODS-gauge-97-7,INDOFLOODS-gauge-97,18.0_82.0,2019-08-04,2019-08-02,2,24.276
INDOFLOODS-gauge-97-7,INDOFLOODS-gauge-97,18.0_82.0,2019-08-04,2019-08-03,1,18.618
INDOFLOODS-gauge-97-7,INDOFLOODS-gauge-97,18.0_82.0,2019-08-04,2019-08-04,0,18.868
